timestamp,actual_irrigation_depth_mm,actual_event,event_probability,predicted_event,predicted_irrigation_depth_mm
2025-01-01 00:00:00,0.0,0,2.9564411707875493e-10,0,0.0
2025-01-01 01:00:00,0.0,0,9.706239179486527e-10,0,0.0
2025-01-01 02:00:00,0.0,0,4.1642474318542195e-09,0,0.0
2025-01-01 03:00:00,0.0,0,4.6578667768668585e-09,0,0.0
2025-01-01 04:00:00,0.0,0,2.32494370619254e-08,0,0.0
2025-01-01 05:00:00,0.0,0,1.8314048432575198e-07,0,0.0
2025-01-01 06:00:00,0.0,0,1.6559686236017577e-05,0,0.0
2025-01-01 07:00:00,0.0,0,0.0014256151578061623,0,0.0
2025-01-01 08:00:00,0.0,0,0.0002630710552014755,0,0.0
2025-01-01 09:00:00,0.0,0,0.0004359707868350625,0,0.0
2025-01-01 10:00:00,0.0,0,0.0007753864675280286,0,0.0
2025-01-01 11:00:00,7.216509890338584,1,0.8593542759877643,1,6.055381037718465
2025-01-01 12:00:00,0.0,0,0.831143804656673,1,6.380285561154987
2025-01-01 13:00:00,0.0,0,0.15452503273965265,0,0.0
2025-01-01 14:00:00,0.0,0,0.028023784036536846,0,0.0
2025-01-01 15:00:00,0.0,0,0.0053433161826552476,0,0.0
2025-01-01 16:00:00,0.0,0,0.00012534112464419214,0,0.0
2025-01-01 17:00:00,0.0,0,2.1591307759127345e-06,0,0.0
2025-01-01 18:00:00,0.0,0,3.834637862684042e-07,0,0.0
2025-01-01 19:00:00,0.0,0,4.0419136303469164e-08,0,0.0
2025-01-01 20:00:00,0.0,0,2.2203562411261066e-08,0,0.0
2025-01-01 21:00:00,0.0,0,3.0638279949076953e-09,0,0.0
2025-01-01 22:00:00,0.0,0,8.880908005355763e-10,0,0.0
2025-01-01 23:00:00,0.0,0,1.0227869855705216e-09,0,0.0
2025-01-02 00:00:00,0.0,0,7.634946420049045e-10,0,0.0
2025-01-02 01:00:00,0.0,0,1.9685689546014255e-09,0,0.0
2025-01-02 02:00:00,0.0,0,4.280555973968498e-09,0,0.0
2025-01-02 03:00:00,0.0,0,2.9229442519970324e-08,0,0.0
2025-01-02 04:00:00,0.0,0,1.217726746919212e-07,0,0.0
2025-01-02 05:00:00,0.0,0,6.661510120364759e-07,0,0.0
2025-01-02 06:00:00,0.0,0,8.796704005000217e-05,0,0.0
2025-01-02 07:00:00,0.0,0,0.00149079721703629,0,0.0
2025-01-02 08:00:00,0.0,0,0.01706361474624431,0,0.0
2025-01-02 09:00:00,0.0,0,0.10002876910511614,0,0.0
2025-01-02 10:00:00,0.0,0,0.0034679220820522257,0,0.0
2025-01-02 11:00:00,0.0,0,0.0019428096033088792,0,0.0
2025-01-02 12:00:00,5.793932330223644,1,0.4934221147145705,0,0.0
2025-01-02 13:00:00,0.0,0,0.14880615912961936,0,0.0
2025-01-02 14:00:00,0.0,0,0.011414029799551736,0,0.0
2025-01-02 15:00:00,0.0,0,0.004229583415124051,0,0.0
2025-01-02 16:00:00,0.0,0,4.6613542050550965e-05,0,0.0
2025-01-02 17:00:00,0.0,0,6.1537357477212225e-06,0,0.0
2025-01-02 18:00:00,0.0,0,9.698005489555358e-08,0,0.0
2025-01-02 19:00:00,0.0,0,6.578487197772555e-08,0,0.0
2025-01-02 20:00:00,0.0,0,1.1704143785701524e-08,0,0.0
2025-01-02 21:00:00,0.0,0,4.559363584722455e-09,0,0.0
2025-01-02 22:00:00,0.0,0,1.1268447548239296e-09,0,0.0
2025-01-02 23:00:00,0.0,0,1.0844699589474277e-09,0,0.0
2025-01-03 00:00:00,0.0,0,1.187427339501597e-09,0,0.0
2025-01-03 01:00:00,0.0,0,2.4571172079482067e-09,0,0.0
2025-01-03 02:00:00,0.0,0,1.1827994767022688e-08,0,0.0
2025-01-03 03:00:00,0.0,0,2.3760333795825573e-08,0,0.0
2025-01-03 04:00:00,0.0,0,7.179068726158732e-08,0,0.0
2025-01-03 05:00:00,0.0,0,4.568386490691562e-07,0,0.0
2025-01-03 06:00:00,0.0,0,2.3777030878787564e-05,0,0.0
2025-01-03 07:00:00,0.0,0,0.0035364083866121143,0,0.0
2025-01-03 08:00:00,0.0,0,0.004304523051033968,0,0.0
2025-01-03 09:00:00,0.0,0,0.030119023636011114,0,0.0
2025-01-03 10:00:00,0.0,0,0.0003446279632578935,0,0.0
2025-01-03 11:00:00,0.0,0,1.476271299141912e-05,0,0.0
2025-01-03 12:00:00,6.324628168873289,1,0.25259948995681586,0,0.0
2025-01-03 13:00:00,0.0,0,0.6610548741266647,1,6.715724209317859
2025-01-03 14:00:00,0.0,0,0.30299134884594386,0,0.0
2025-01-03 15:00:00,0.0,0,0.016416033859157957,0,0.0
2025-01-03 16:00:00,0.0,0,0.00018291674018431107,0,0.0
2025-01-03 17:00:00,0.0,0,4.0918542794547445e-06,0,0.0
2025-01-03 18:00:00,0.0,0,4.517336642936219e-07,0,0.0
2025-01-03 19:00:00,0.0,0,1.429326655335825e-07,0,0.0
2025-01-03 20:00:00,0.0,0,2.2403787497744818e-08,0,0.0
2025-01-03 21:00:00,0.0,0,2.6343728138412694e-09,0,0.0
2025-01-03 22:00:00,0.0,0,1.0078157479126797e-09,0,0.0
2025-01-03 23:00:00,0.0,0,7.120756362833592e-10,0,0.0
2025-01-04 00:00:00,0.0,0,1.4156973857089108e-09,0,0.0
2025-01-04 01:00:00,0.0,0,3.805955500724287e-09,0,0.0
2025-01-04 02:00:00,0.0,0,1.1010071394145118e-08,0,0.0
2025-01-04 03:00:00,0.0,0,2.0969195292529045e-08,0,0.0
2025-01-04 04:00:00,0.0,0,1.6287151340672533e-08,0,0.0
2025-01-04 05:00:00,0.0,0,1.6117440779414909e-07,0,0.0
2025-01-04 06:00:00,0.0,0,8.181179808671891e-05,0,0.0
2025-01-04 07:00:00,0.0,0,0.012210016463543541,0,0.0
2025-01-04 08:00:00,0.0,0,0.01211968146929259,0,0.0
2025-01-04 09:00:00,0.0,0,0.4257547342307553,0,0.0
2025-01-04 10:00:00,1.93431102871264,1,0.8734355107728206,1,5.989163408214335
2025-01-04 11:00:00,0.0,0,0.6088871746616766,1,7.0737536586676395
2025-01-04 12:00:00,0.0,0,0.026710186609621243,0,0.0
2025-01-04 13:00:00,0.0,0,0.001070750842423331,0,0.0
2025-01-04 14:00:00,0.0,0,0.00022729915153082915,0,0.0
2025-01-04 15:00:00,0.0,0,2.744126329440091e-05,0,0.0
2025-01-04 16:00:00,0.0,0,8.323020553018995e-06,0,0.0
2025-01-04 17:00:00,0.0,0,3.009356819881233e-07,0,0.0
2025-01-04 18:00:00,0.0,0,5.942141579525782e-09,0,0.0
2025-01-04 19:00:00,0.0,0,1.4011860404902867e-08,0,0.0
2025-01-04 20:00:00,0.0,0,4.778426527240064e-10,0,0.0
2025-01-04 21:00:00,0.0,0,6.924739288886499e-10,0,0.0
2025-01-04 22:00:00,0.0,0,7.460708820698342e-10,0,0.0
2025-01-04 23:00:00,0.0,0,8.66879497474779e-11,0,0.0
2025-01-05 00:00:00,0.0,0,2.712919477535081e-10,0,0.0
2025-01-05 01:00:00,0.0,0,6.640230829837812e-10,0,0.0
2025-01-05 02:00:00,0.0,0,2.288033507223725e-09,0,0.0
2025-01-05 03:00:00,0.0,0,1.203131864357754e-08,0,0.0
2025-01-05 04:00:00,0.0,0,2.3115749746088037e-08,0,0.0
2025-01-05 05:00:00,0.0,0,2.6177897188177954e-07,0,0.0
2025-01-05 06:00:00,0.0,0,5.369365806020557e-06,0,0.0
2025-01-05 07:00:00,0.0,0,9.34916883956749e-05,0,0.0
2025-01-05 08:00:00,0.0,0,2.314925682989369e-05,0,0.0
2025-01-05 09:00:00,0.0,0,0.00030947582598026674,0,0.0
2025-01-05 10:00:00,7.774914043761408,1,0.8017454321418507,1,5.5548647722585835
2025-01-05 11:00:00,0.0,0,0.785737186652416,1,6.482835627898503
2025-01-05 12:00:00,0.0,0,0.4467143379537701,0,0.0
2025-01-05 13:00:00,0.0,0,0.014593938414871126,0,0.0
2025-01-05 14:00:00,0.0,0,0.0013048774863836203,0,0.0
2025-01-05 15:00:00,0.0,0,1.641988829628172e-05,0,0.0
2025-01-05 16:00:00,0.0,0,1.3616762883798483e-05,0,0.0
2025-01-05 17:00:00,0.0,0,2.500723459398934e-06,0,0.0
2025-01-05 18:00:00,0.0,0,9.518793186271777e-08,0,0.0
2025-01-05 19:00:00,0.0,0,1.3873868195969475e-08,0,0.0
2025-01-05 20:00:00,0.0,0,8.642765640448525e-09,0,0.0
2025-01-05 21:00:00,0.0,0,7.369994941847047e-10,0,0.0
2025-01-05 22:00:00,0.0,0,5.806175263113243e-10,0,0.0
2025-01-05 23:00:00,0.0,0,4.404597529611544e-10,0,0.0
2025-01-06 00:00:00,0.0,0,1.039105614405993e-09,0,0.0
2025-01-06 01:00:00,0.0,0,2.148526278441195e-09,0,0.0
2025-01-06 02:00:00,0.0,0,5.452659578366696e-09,0,0.0
2025-01-06 03:00:00,0.0,0,2.5153085618820044e-08,0,0.0
2025-01-06 04:00:00,0.0,0,1.1372175515008394e-07,0,0.0
2025-01-06 05:00:00,0.0,0,6.217247377221908e-07,0,0.0
2025-01-06 06:00:00,0.0,0,1.7560341335745382e-05,0,0.0
2025-01-06 07:00:00,0.0,0,0.00018418813130291077,0,0.0
2025-01-06 08:00:00,0.0,0,0.004120193583265023,0,0.0
2025-01-06 09:00:00,0.0,0,0.007230503394106501,0,0.0
2025-01-06 10:00:00,0.0,0,0.0012493971377471689,0,0.0
2025-01-06 11:00:00,6.53903140013998,1,0.6325107634449931,1,4.7539550304991405
2025-01-06 12:00:00,0.0,0,0.6332964345517725,1,5.343270121019652
2025-01-06 13:00:00,0.0,0,0.06333967143752427,0,0.0
2025-01-06 14:00:00,0.0,0,0.006873440121629229,0,0.0
2025-01-06 15:00:00,0.0,0,0.00016112131736292678,0,0.0
2025-01-06 16:00:00,0.0,0,3.7333833264037146e-05,0,0.0
2025-01-06 17:00:00,0.0,0,9.529123776985283e-07,0,0.0
2025-01-06 18:00:00,0.0,0,3.5570829145833455e-07,0,0.0
2025-01-06 19:00:00,0.0,0,4.694501190374682e-08,0,0.0
2025-01-06 20:00:00,0.0,0,6.868450651851449e-09,0,0.0
2025-01-06 21:00:00,0.0,0,1.2974860304752948e-09,0,0.0
2025-01-06 22:00:00,0.0,0,4.9200789106054e-10,0,0.0
2025-01-06 23:00:00,0.0,0,4.3795870336795557e-10,0,0.0
2025-01-07 00:00:00,0.0,0,1.277410627632852e-09,0,0.0
2025-01-07 01:00:00,0.0,0,2.940536238678872e-09,0,0.0
2025-01-07 02:00:00,0.0,0,8.362427621746209e-09,0,0.0
2025-01-07 03:00:00,0.0,0,1.08082653620457e-08,0,0.0
2025-01-07 04:00:00,0.0,0,6.387680703030768e-08,0,0.0
2025-01-07 05:00:00,0.0,0,3.3722397568955863e-07,0,0.0
2025-01-07 06:00:00,0.0,0,2.3017031831472106e-05,0,0.0
2025-01-07 07:00:00,0.0,0,0.0006530410760671783,0,0.0
2025-01-07 08:00:00,0.0,0,0.0017042180722679045,0,0.0
2025-01-07 09:00:00,0.0,0,0.0024659056641372474,0,0.0
2025-01-07 10:00:00,0.0,0,0.000306615989140433,0,0.0
2025-01-07 11:00:00,6.14236845755994,1,0.784106909022255,1,6.0548684292716075
2025-01-07 12:00:00,0.0,0,0.01326831907012454,0,0.0
2025-01-07 13:00:00,0.0,0,0.08605232555431208,0,0.0
2025-01-07 14:00:00,0.0,0,0.01782470307892167,0,0.0
2025-01-07 15:00:00,0.0,0,0.00024019739667410162,0,0.0
2025-01-07 16:00:00,0.0,0,0.000143562660151472,0,0.0
2025-01-07 17:00:00,0.0,0,1.315228027056655e-06,0,0.0
2025-01-07 18:00:00,0.0,0,9.125369577098257e-08,0,0.0
2025-01-07 19:00:00,0.0,0,6.857166314971237e-08,0,0.0
2025-01-07 20:00:00,0.0,0,7.575572101078128e-09,0,0.0
2025-01-07 21:00:00,0.0,0,2.8276480776067903e-09,0,0.0
2025-01-07 22:00:00,0.0,0,6.324672977585532e-10,0,0.0
2025-01-07 23:00:00,0.0,0,7.314203461624211e-10,0,0.0
2025-01-08 00:00:00,0.0,0,8.962066888266398e-10,0,0.0
2025-01-08 01:00:00,0.0,0,2.331398885194608e-09,0,0.0
2025-01-08 02:00:00,0.0,0,9.623565246226078e-09,0,0.0
2025-01-08 03:00:00,0.0,0,6.675798118634274e-08,0,0.0
2025-01-08 04:00:00,0.0,0,3.270705767463013e-07,0,0.0
2025-01-08 05:00:00,0.0,0,1.9277626352060383e-06,0,0.0
2025-01-08 06:00:00,0.0,0,2.4897705857246597e-05,0,0.0
2025-01-08 07:00:00,0.0,0,0.0035196930283238866,0,0.0
2025-01-08 08:00:00,0.0,0,0.0049405364750841905,0,0.0
2025-01-08 09:00:00,0.0,0,0.002408869340792664,0,0.0
2025-01-08 10:00:00,0.0,0,0.0012443403656515024,0,0.0
2025-01-08 11:00:00,5.243971776492982,1,0.737676952203025,1,6.083294960987008
2025-01-08 12:00:00,0.0,0,0.298256911265119,0,0.0
2025-01-08 13:00:00,0.0,0,0.023705274868964142,0,0.0
2025-01-08 14:00:00,0.0,0,0.006854756101207002,0,0.0
2025-01-08 15:00:00,0.0,0,3.4898665047265864e-05,0,0.0
2025-01-08 16:00:00,0.0,0,2.4114827592406592e-05,0,0.0
2025-01-08 17:00:00,0.0,0,7.936357578817798e-07,0,0.0
2025-01-08 18:00:00,0.0,0,2.9795785465172752e-08,0,0.0
2025-01-08 19:00:00,0.0,0,4.941354879440893e-08,0,0.0
2025-01-08 20:00:00,0.0,0,5.303737078836988e-09,0,0.0
2025-01-08 21:00:00,0.0,0,2.6838769587987387e-09,0,0.0
2025-01-08 22:00:00,0.0,0,1.196696789038423e-09,0,0.0
2025-01-08 23:00:00,0.0,0,4.675428181220364e-10,0,0.0
2025-01-09 00:00:00,0.0,0,1.0710085341339806e-09,0,0.0
2025-01-09 01:00:00,0.0,0,1.5029556014889245e-09,0,0.0
2025-01-09 02:00:00,0.0,0,4.574551197896823e-09,0,0.0
2025-01-09 03:00:00,0.0,0,1.885893254911212e-08,0,0.0
2025-01-09 04:00:00,0.0,0,9.792276235012192e-08,0,0.0
2025-01-09 05:00:00,0.0,0,9.75928241077879e-07,0,0.0
2025-01-09 06:00:00,0.0,0,2.3902785406239542e-05,0,0.0
2025-01-09 07:00:00,0.0,0,0.0007739025060389679,0,0.0
2025-01-09 08:00:00,0.0,0,0.0008983346262392005,0,0.0
2025-01-09 09:00:00,0.0,0,0.005017928531050585,0,0.0
2025-01-09 10:00:00,0.0,0,0.0001439306187627185,0,0.0
2025-01-09 11:00:00,5.99878111679675,1,0.746931399073391,1,6.515010590536288
2025-01-09 12:00:00,0.0,0,0.26148572239386814,0,0.0
2025-01-09 13:00:00,0.0,0,0.06267018968158324,0,0.0
2025-01-09 14:00:00,0.0,0,0.0037503322669762097,0,0.0
2025-01-09 15:00:00,0.0,0,6.92552813169982e-05,0,0.0
2025-01-09 16:00:00,0.0,0,0.00011865864783968374,0,0.0
2025-01-09 17:00:00,0.0,0,1.5619957605784878e-06,0,0.0
2025-01-09 18:00:00,0.0,0,2.5449151755537096e-07,0,0.0
2025-01-09 19:00:00,0.0,0,6.01353206669929e-08,0,0.0
2025-01-09 20:00:00,0.0,0,8.175402725050334e-09,0,0.0
2025-01-09 21:00:00,0.0,0,3.4341353555921955e-09,0,0.0
2025-01-09 22:00:00,0.0,0,1.8447520764055243e-09,0,0.0
2025-01-09 23:00:00,0.0,0,1.1841377481988288e-09,0,0.0
2025-01-10 00:00:00,0.0,0,1.1912743137215014e-09,0,0.0
2025-01-10 01:00:00,0.0,0,1.8659313990197e-09,0,0.0
2025-01-10 02:00:00,0.0,0,8.592405117341484e-09,0,0.0
2025-01-10 03:00:00,0.0,0,1.2210613189138105e-08,0,0.0
2025-01-10 04:00:00,0.0,0,4.5156025420005504e-08,0,0.0
2025-01-10 05:00:00,0.0,0,1.5159237547786386e-07,0,0.0
2025-01-10 06:00:00,0.0,0,5.860275455906454e-07,0,0.0
2025-01-10 07:00:00,0.0,0,5.353049313999793e-06,0,0.0
2025-01-10 08:00:00,0.0,0,0.00011934480770862808,0,0.0
2025-01-10 09:00:00,0.0,0,0.0009645547542630255,0,0.0
2025-01-10 10:00:00,0.0,0,0.0016793530689216607,0,0.0
2025-01-10 11:00:00,0.0,0,2.322726612952183e-05,0,0.0
2025-01-10 12:00:00,0.0,0,1.0284153400546514e-05,0,0.0
2025-01-10 13:00:00,0.0,0,1.2857572883612645e-06,0,0.0
2025-01-10 14:00:00,0.0,0,3.0944825907730424e-07,0,0.0
2025-01-10 15:00:00,0.0,0,1.2917428117114082e-08,0,0.0
2025-01-10 16:00:00,0.0,0,1.1641634683272104e-09,0,0.0
2025-01-10 17:00:00,0.0,0,7.90645281184084e-12,0,0.0
2025-01-10 18:00:00,0.0,0,1.1112791090301531e-14,0,0.0
2025-01-10 19:00:00,0.0,0,2.039834841311501e-13,0,0.0
2025-01-10 20:00:00,0.0,0,2.211546309911338e-14,0,0.0
2025-01-10 21:00:00,0.0,0,6.44356968937118e-15,0,0.0
2025-01-10 22:00:00,0.0,0,1.311579858555486e-13,0,0.0
2025-01-10 23:00:00,0.0,0,2.3596156785023285e-15,0,0.0
2025-01-11 00:00:00,0.0,0,9.352690460377848e-15,0,0.0
2025-01-11 01:00:00,0.0,0,1.1052890150073587e-15,0,0.0
2025-01-11 02:00:00,0.0,0,4.202537825166413e-15,0,0.0
2025-01-11 03:00:00,0.0,0,1.3407626930639756e-17,0,0.0
2025-01-11 04:00:00,0.0,0,2.8550726043832466e-19,0,0.0
2025-01-11 05:00:00,0.0,0,1.0637848601635992e-19,0,0.0
2025-01-11 06:00:00,0.0,0,1.7393094040044121e-19,0,0.0
2025-01-11 07:00:00,0.0,0,2.411355822426842e-19,0,0.0
2025-01-11 08:00:00,0.0,0,5.458915388196183e-21,0,0.0
2025-01-11 09:00:00,0.0,0,3.4098079293649927e-20,0,0.0
2025-01-11 10:00:00,0.0,0,4.107937027043758e-18,0,0.0
2025-01-11 11:00:00,0.0,0,1.3595254659123121e-18,0,0.0
2025-01-11 12:00:00,0.0,0,4.0230232703044684e-17,0,0.0
2025-01-11 13:00:00,0.0,0,4.356891889594557e-17,0,0.0
2025-01-11 14:00:00,0.0,0,3.579895871190634e-19,0,0.0
2025-01-11 15:00:00,0.0,0,1.331711684930845e-18,0,0.0
2025-01-11 16:00:00,0.0,0,7.125669517647712e-22,0,0.0
2025-01-11 17:00:00,0.0,0,5.556013510385822e-22,0,0.0
2025-01-11 18:00:00,0.0,0,1.0785755467558605e-23,0,0.0
2025-01-11 19:00:00,0.0,0,7.8999807633371e-25,0,0.0
2025-01-11 20:00:00,0.0,0,5.606470517378095e-26,0,0.0
2025-01-11 21:00:00,0.0,0,1.1345484175894728e-23,0,0.0
2025-01-11 22:00:00,0.0,0,5.506559266898129e-26,0,0.0
2025-01-11 23:00:00,0.0,0,2.479907732533898e-26,0,0.0
2025-01-12 00:00:00,0.0,0,1.1228442376435838e-25,0,0.0
2025-01-12 01:00:00,0.0,0,3.7540584407168906e-26,0,0.0
2025-01-12 02:00:00,0.0,0,8.112446820983721e-27,0,0.0
2025-01-12 03:00:00,0.0,0,1.3091239487193379e-25,0,0.0
2025-01-12 04:00:00,0.0,0,7.591529668997419e-27,0,0.0
2025-01-12 05:00:00,0.0,0,1.7412198996400276e-27,0,0.0
2025-01-12 06:00:00,0.0,0,2.065194075374421e-30,0,0.0
2025-01-12 07:00:00,0.0,0,9.493399629345987e-28,0,0.0
2025-01-12 08:00:00,0.0,0,2.8351049912947116e-25,0,0.0
2025-01-12 09:00:00,0.0,0,7.279441079699268e-23,0,0.0
2025-01-12 10:00:00,0.0,0,6.332702496201329e-23,0,0.0
2025-01-12 11:00:00,0.0,0,4.222486840935979e-22,0,0.0
2025-01-12 12:00:00,0.0,0,4.756297338980461e-22,0,0.0
2025-01-12 13:00:00,0.0,0,1.3473321351723366e-20,0,0.0
2025-01-12 14:00:00,0.0,0,8.724581853048535e-20,0,0.0
2025-01-12 15:00:00,0.0,0,7.925030066698473e-22,0,0.0
2025-01-12 16:00:00,0.0,0,1.8193109500866283e-21,0,0.0
2025-01-12 17:00:00,0.0,0,1.6166357011262147e-22,0,0.0
2025-01-12 18:00:00,0.0,0,7.32896680245675e-22,0,0.0
2025-01-12 19:00:00,0.0,0,1.9222508409089772e-23,0,0.0
2025-01-12 20:00:00,0.0,0,3.8108657952309024e-21,0,0.0
2025-01-12 21:00:00,0.0,0,4.6752595352936334e-23,0,0.0
2025-01-12 22:00:00,0.0,0,2.0814834796696413e-22,0,0.0
2025-01-12 23:00:00,0.0,0,2.3272507433159907e-22,0,0.0
2025-01-13 00:00:00,0.0,0,9.053915655827745e-23,0,0.0
2025-01-13 01:00:00,0.0,0,1.1572402238285671e-22,0,0.0
2025-01-13 02:00:00,0.0,0,3.7207506349255895e-23,0,0.0
2025-01-13 03:00:00,0.0,0,3.637878652394738e-24,0,0.0
2025-01-13 04:00:00,0.0,0,8.897668982196551e-25,0,0.0
2025-01-13 05:00:00,0.0,0,8.703546525697408e-27,0,0.0
2025-01-13 06:00:00,0.0,0,9.528035390458156e-29,0,0.0
2025-01-13 07:00:00,0.0,0,8.966773772213028e-31,0,0.0
2025-01-13 08:00:00,0.0,0,3.375587437788175e-30,0,0.0
2025-01-13 09:00:00,0.0,0,6.447548333495033e-30,0,0.0
2025-01-13 10:00:00,0.0,0,1.218426297662531e-27,0,0.0
2025-01-13 11:00:00,0.0,0,1.0260308847761627e-29,0,0.0
2025-01-13 12:00:00,0.0,0,1.0219814217754542e-29,0,0.0
2025-01-13 13:00:00,0.0,0,4.816106724796155e-29,0,0.0
2025-01-13 14:00:00,0.0,0,1.101886597773283e-31,0,0.0
2025-01-13 15:00:00,0.0,0,8.992422662129177e-30,0,0.0
2025-01-13 16:00:00,0.0,0,1.163886220795159e-31,0,0.0
2025-01-13 17:00:00,0.0,0,2.1580064047707998e-32,0,0.0
2025-01-13 18:00:00,0.0,0,9.059445715943099e-35,0,0.0
2025-01-13 19:00:00,0.0,0,5.58853013390859e-36,0,0.0
2025-01-13 20:00:00,0.0,0,5.081948636889352e-34,0,0.0
2025-01-13 21:00:00,0.0,0,1.112052342857019e-34,0,0.0
2025-01-13 22:00:00,0.0,0,4.5460730794556685e-36,0,0.0
2025-01-13 23:00:00,0.0,0,1.2120993926253251e-36,0,0.0
2025-01-14 00:00:00,0.0,0,1.0229883125106205e-35,0,0.0
2025-01-14 01:00:00,0.0,0,1.3137214610639854e-34,0,0.0
2025-01-14 02:00:00,0.0,0,2.7384549919388347e-35,0,0.0
2025-01-14 03:00:00,0.0,0,4.166589688915855e-35,0,0.0
2025-01-14 04:00:00,0.0,0,7.962805686295292e-35,0,0.0
2025-01-14 05:00:00,0.0,0,3.6803092567608016e-34,0,0.0
2025-01-14 06:00:00,0.0,0,1.9196456220560444e-35,0,0.0
2025-01-14 07:00:00,0.0,0,8.844381035936314e-34,0,0.0
2025-01-14 08:00:00,0.0,0,1.6153851271709033e-31,0,0.0
2025-01-14 09:00:00,0.0,0,6.131079146392843e-32,0,0.0
2025-01-14 10:00:00,0.0,0,1.8536471957134351e-31,0,0.0
2025-01-14 11:00:00,0.0,0,2.4036155666248346e-29,0,0.0
2025-01-14 12:00:00,0.0,0,1.4448599544357689e-27,0,0.0
2025-01-14 13:00:00,0.0,0,6.628216935506675e-30,0,0.0
2025-01-14 14:00:00,0.0,0,5.15253276355665e-28,0,0.0
2025-01-14 15:00:00,0.0,0,2.9154083580808533e-29,0,0.0
2025-01-14 16:00:00,0.0,0,1.1693889226258713e-29,0,0.0
2025-01-14 17:00:00,0.0,0,4.3920344910726635e-31,0,0.0
2025-01-14 18:00:00,0.0,0,3.6005970057531287e-33,0,0.0
2025-01-14 19:00:00,0.0,0,6.273109895592391e-32,0,0.0
2025-01-14 20:00:00,0.0,0,1.1833488130505284e-32,0,0.0
2025-01-14 21:00:00,0.0,0,3.108398361175666e-33,0,0.0
2025-01-14 22:00:00,0.0,0,5.792677959777584e-35,0,0.0
2025-01-14 23:00:00,0.0,0,4.529307679866307e-33,0,0.0
2025-01-15 00:00:00,0.0,0,2.8051936291827127e-35,0,0.0
2025-01-15 01:00:00,0.0,0,4.939101752757453e-35,0,0.0
2025-01-15 02:00:00,0.0,0,1.064912483275598e-34,0,0.0
2025-01-15 03:00:00,0.0,0,1.1431233169825638e-34,0,0.0
2025-01-15 04:00:00,0.0,0,4.772978282130073e-33,0,0.0
2025-01-15 05:00:00,0.0,0,8.913961935205813e-33,0,0.0
2025-01-15 06:00:00,0.0,0,8.206810437989958e-32,0,0.0
2025-01-15 07:00:00,0.0,0,1.011828456083982e-31,0,0.0
2025-01-15 08:00:00,0.0,0,6.001185414798668e-31,0,0.0
2025-01-15 09:00:00,0.0,0,1.4489829985542955e-28,0,0.0
2025-01-15 10:00:00,0.0,0,3.0326315171950007e-29,0,0.0
2025-01-15 11:00:00,0.0,0,3.0659954901301474e-28,0,0.0
2025-01-15 12:00:00,0.0,0,2.7697206459169155e-28,0,0.0
2025-01-15 13:00:00,0.0,0,1.2614622561451262e-28,0,0.0
2025-01-15 14:00:00,0.0,0,2.521206613315413e-28,0,0.0
2025-01-15 15:00:00,0.0,0,7.406495558786326e-28,0,0.0
2025-01-15 16:00:00,0.0,0,2.963394518747342e-31,0,0.0
2025-01-15 17:00:00,0.0,0,3.172334660778061e-32,0,0.0
2025-01-15 18:00:00,0.0,0,7.712985213796061e-32,0,0.0
2025-01-15 19:00:00,0.0,0,8.80246766769973e-33,0,0.0
2025-01-15 20:00:00,0.0,0,3.4217133252285164e-33,0,0.0
2025-01-15 21:00:00,0.0,0,5.35423496771474e-32,0,0.0
2025-01-15 22:00:00,0.0,0,8.837581092609211e-34,0,0.0
2025-01-15 23:00:00,0.0,0,3.6768278805959526e-32,0,0.0
2025-01-16 00:00:00,0.0,0,8.90530435475414e-32,0,0.0
2025-01-16 01:00:00,0.0,0,5.76913381452096e-31,0,0.0
2025-01-16 02:00:00,0.0,0,1.954837201585276e-29,0,0.0
2025-01-16 03:00:00,0.0,0,7.794960905249101e-29,0,0.0
2025-01-16 04:00:00,0.0,0,1.4429586859079506e-29,0,0.0
2025-01-16 05:00:00,0.0,0,5.89106369327856e-28,0,0.0
2025-01-16 06:00:00,0.0,0,4.898374582637104e-28,0,0.0
2025-01-16 07:00:00,0.0,0,4.591226238272806e-26,0,0.0
2025-01-16 08:00:00,0.0,0,2.208429873454074e-24,0,0.0
2025-01-16 09:00:00,0.0,0,2.5816514878706305e-23,0,0.0
2025-01-16 10:00:00,0.0,0,4.243125436640527e-22,0,0.0
2025-01-16 11:00:00,0.0,0,2.6092158246120483e-21,0,0.0
2025-01-16 12:00:00,0.0,0,4.3154843487737484e-20,0,0.0
2025-01-16 13:00:00,0.0,0,2.3539312867633165e-19,0,0.0
2025-01-16 14:00:00,0.0,0,1.899128712716862e-18,0,0.0
2025-01-16 15:00:00,0.0,0,1.632522942286959e-17,0,0.0
2025-01-16 16:00:00,0.0,0,2.3477344046526285e-20,0,0.0
2025-01-16 17:00:00,0.0,0,6.171433185122287e-21,0,0.0
2025-01-16 18:00:00,0.0,0,1.4019402963728398e-23,0,0.0
2025-01-16 19:00:00,0.0,0,2.4220258012882675e-22,0,0.0
2025-01-16 20:00:00,0.0,0,7.926970361268589e-24,0,0.0
2025-01-16 21:00:00,0.0,0,1.656503537017698e-24,0,0.0
2025-01-16 22:00:00,0.0,0,6.4899267919731735e-28,0,0.0
2025-01-16 23:00:00,0.0,0,1.8773872301857963e-24,0,0.0
2025-01-17 00:00:00,0.0,0,1.487814018746073e-24,0,0.0
2025-01-17 01:00:00,0.0,0,7.63003540354615e-25,0,0.0
2025-01-17 02:00:00,0.0,0,2.6931245954912412e-25,0,0.0
2025-01-17 03:00:00,0.0,0,7.622025110876927e-24,0,0.0
2025-01-17 04:00:00,0.0,0,1.334271969154066e-22,0,0.0
2025-01-17 05:00:00,0.0,0,2.6194592458370257e-22,0,0.0
2025-01-17 06:00:00,0.0,0,3.242631100606887e-21,0,0.0
2025-01-17 07:00:00,0.0,0,2.1887574928586125e-20,0,0.0
2025-01-17 08:00:00,0.0,0,1.0302846118278922e-16,0,0.0
2025-01-17 09:00:00,0.0,0,3.161511603990703e-17,0,0.0
2025-01-17 10:00:00,0.0,0,1.5641592045500242e-15,0,0.0
2025-01-17 11:00:00,0.0,0,4.735295495840149e-15,0,0.0
2025-01-17 12:00:00,0.0,0,1.2891552071175708e-13,0,0.0
2025-01-17 13:00:00,0.0,0,2.519379184679265e-14,0,0.0
2025-01-17 14:00:00,0.0,0,2.102899851998904e-14,0,0.0
2025-01-17 15:00:00,0.0,0,1.0051229351246323e-12,0,0.0
2025-01-17 16:00:00,0.0,0,1.6918565278270096e-14,0,0.0
2025-01-17 17:00:00,0.0,0,1.371372089441989e-16,0,0.0
2025-01-17 18:00:00,0.0,0,1.572309690797675e-18,0,0.0
2025-01-17 19:00:00,0.0,0,9.583000486271238e-21,0,0.0
2025-01-17 20:00:00,0.0,0,1.8880779945569182e-18,0,0.0
2025-01-17 21:00:00,0.0,0,6.981908776355851e-17,0,0.0
2025-01-17 22:00:00,0.0,0,9.496322264867899e-19,0,0.0
2025-01-17 23:00:00,0.0,0,1.286075870332766e-19,0,0.0
2025-01-18 00:00:00,0.0,0,8.839517641543478e-20,0,0.0
2025-01-18 01:00:00,0.0,0,3.860071828807886e-19,0,0.0
2025-01-18 02:00:00,0.0,0,2.9338690600065648e-18,0,0.0
2025-01-18 03:00:00,0.0,0,2.2172039233002894e-19,0,0.0
2025-01-18 04:00:00,0.0,0,4.637891307098285e-19,0,0.0
2025-01-18 05:00:00,0.0,0,6.964255939627082e-19,0,0.0
2025-01-18 06:00:00,0.0,0,1.6723965568855696e-16,0,0.0
2025-01-18 07:00:00,0.0,0,1.8092279903383105e-15,0,0.0
2025-01-18 08:00:00,0.0,0,5.419095136213155e-13,0,0.0
2025-01-18 09:00:00,0.0,0,2.7112150213529002e-11,0,0.0
2025-01-18 10:00:00,0.0,0,2.323851961534686e-11,0,0.0
2025-01-18 11:00:00,0.0,0,1.440544969410029e-09,0,0.0
2025-01-18 12:00:00,0.0,0,4.214943124922935e-10,0,0.0
2025-01-18 13:00:00,0.0,0,1.2609329718665064e-08,0,0.0
2025-01-18 14:00:00,0.0,0,4.8771873564278934e-08,0,0.0
2025-01-18 15:00:00,0.0,0,1.4203172332639047e-09,0,0.0
2025-01-18 16:00:00,0.0,0,4.835488073411384e-09,0,0.0
2025-01-18 17:00:00,0.0,0,1.8813124281086404e-12,0,0.0
2025-01-18 18:00:00,0.0,0,2.2596176517666247e-14,0,0.0
2025-01-18 19:00:00,0.0,0,3.6405152576635903e-16,0,0.0
2025-01-18 20:00:00,0.0,0,2.105404226615341e-15,0,0.0
2025-01-18 21:00:00,0.0,0,2.789388881387828e-16,0,0.0
2025-01-18 22:00:00,0.0,0,3.5056898347562428e-15,0,0.0
2025-01-18 23:00:00,0.0,0,4.310172652655734e-16,0,0.0
2025-01-19 00:00:00,0.0,0,4.410688206047088e-15,0,0.0
2025-01-19 01:00:00,0.0,0,6.852861336502396e-16,0,0.0
2025-01-19 02:00:00,0.0,0,6.529808277518551e-13,0,0.0
2025-01-19 03:00:00,0.0,0,1.9963420029766944e-13,0,0.0
2025-01-19 04:00:00,0.0,0,8.616388305215447e-14,0,0.0
2025-01-19 05:00:00,0.0,0,1.8475537053457506e-14,0,0.0
2025-01-19 06:00:00,0.0,0,1.7908159097704444e-12,0,0.0
2025-01-19 07:00:00,0.0,0,1.138343468194693e-09,0,0.0
2025-01-19 08:00:00,0.0,0,1.0954233862934687e-07,0,0.0
2025-01-19 09:00:00,0.0,0,6.214951970419192e-07,0,0.0
2025-01-19 10:00:00,0.0,0,9.897675517856555e-06,0,0.0
2025-01-19 11:00:00,0.0,0,2.6587684987378957e-05,0,0.0
2025-01-19 12:00:00,0.0,0,5.672521196063291e-05,0,0.0
2025-01-19 13:00:00,0.0,0,0.00010788272769310862,0,0.0
2025-01-19 14:00:00,0.0,0,1.2746636412541769e-05,0,0.0
2025-01-19 15:00:00,0.0,0,4.518975064812482e-06,0,0.0
2025-01-19 16:00:00,0.0,0,2.433232186197505e-06,0,0.0
2025-01-19 17:00:00,0.0,0,4.259703850383717e-08,0,0.0
2025-01-19 18:00:00,0.0,0,6.172230710677521e-10,0,0.0
2025-01-19 19:00:00,0.0,0,3.9398467413318126e-10,0,0.0
2025-01-19 20:00:00,0.0,0,2.8061471631152e-11,0,0.0
2025-01-19 21:00:00,0.0,0,1.4617504367227903e-11,0,0.0
2025-01-19 22:00:00,0.0,0,1.4833017439283588e-11,0,0.0
2025-01-19 23:00:00,0.0,0,8.21399375235122e-12,0,0.0
2025-01-20 00:00:00,0.0,0,1.7072268767403522e-10,0,0.0
2025-01-20 01:00:00,0.0,0,5.134706799461988e-11,0,0.0
2025-01-20 02:00:00,0.0,0,4.1167840531262565e-12,0,0.0
2025-01-20 03:00:00,0.0,0,1.3294928255177669e-11,0,0.0
2025-01-20 04:00:00,0.0,0,1.8458531952352346e-10,0,0.0
2025-01-20 05:00:00,0.0,0,2.17135833556749e-09,0,0.0
2025-01-20 06:00:00,0.0,0,9.00419958136815e-09,0,0.0
2025-01-20 07:00:00,0.0,0,2.4429962689774448e-05,0,0.0
2025-01-20 08:00:00,0.0,0,6.473827441472436e-05,0,0.0
2025-01-20 09:00:00,0.0,0,0.014030015243608763,0,0.0
2025-01-20 10:00:00,0.0,0,0.5095544003164751,1,6.673720509105301
2025-01-20 11:00:00,0.0,0,0.5451742332452648,1,6.502209611328988
2025-01-20 12:00:00,0.0,0,0.7162267529052552,1,6.22091814567343
2025-01-20 13:00:00,0.0,0,0.5511150509072442,1,5.646697569879319
2025-01-20 14:00:00,0.0,0,0.13782753779499415,0,0.0
2025-01-20 15:00:00,0.0,0,0.0021246329502207953,0,0.0
2025-01-20 16:00:00,0.0,0,0.00010354669386355113,0,0.0
2025-01-20 17:00:00,0.0,0,5.706143896267392e-06,0,0.0
2025-01-20 18:00:00,0.0,0,4.999214192841275e-07,0,0.0
2025-01-20 19:00:00,0.0,0,9.22454102300351e-08,0,0.0
2025-01-20 20:00:00,0.0,0,4.788801901967806e-08,0,0.0
2025-01-20 21:00:00,0.0,0,1.8558385347791166e-08,0,0.0
2025-01-20 22:00:00,0.0,0,7.537885899989112e-09,0,0.0
2025-01-20 23:00:00,0.0,0,2.4260768273296063e-09,0,0.0
2025-01-21 00:00:00,0.0,0,4.335760527294324e-09,0,0.0
2025-01-21 01:00:00,0.0,0,9.492617923212238e-09,0,0.0
2025-01-21 02:00:00,0.0,0,2.118792082199081e-08,0,0.0
2025-01-21 03:00:00,0.0,0,9.488005996532015e-08,0,0.0
2025-01-21 04:00:00,0.0,0,2.6478128388452804e-07,0,0.0
2025-01-21 05:00:00,0.0,0,5.384462283043397e-07,0,0.0
2025-01-21 06:00:00,0.0,0,0.0001968261207608903,0,0.0
2025-01-21 07:00:00,0.0,0,0.010580058664142484,0,0.0
2025-01-21 08:00:00,0.0,0,0.13973548277406944,0,0.0
2025-01-21 09:00:00,1.603779687961257,1,0.30644044669698517,0,0.0
2025-01-21 10:00:00,0.0,0,0.25339631555741243,0,0.0
2025-01-21 11:00:00,0.0,0,0.0038316053348468613,0,0.0
2025-01-21 12:00:00,0.0,0,0.0145370742472601,0,0.0
2025-01-21 13:00:00,0.0,0,0.013564173125424352,0,0.0
2025-01-21 14:00:00,0.0,0,4.430149020479189e-05,0,0.0
2025-01-21 15:00:00,0.0,0,8.09032613850209e-06,0,0.0
2025-01-21 16:00:00,0.0,0,7.285604937642092e-07,0,0.0
2025-01-21 17:00:00,0.0,0,4.4865106129765735e-07,0,0.0
2025-01-21 18:00:00,0.0,0,3.1931990570893835e-08,0,0.0
2025-01-21 19:00:00,0.0,0,4.2284376690410074e-09,0,0.0
2025-01-21 20:00:00,0.0,0,6.303708271677841e-10,0,0.0
2025-01-21 21:00:00,0.0,0,7.909013505465805e-10,0,0.0
2025-01-21 22:00:00,0.0,0,2.3508699083438183e-10,0,0.0
2025-01-21 23:00:00,0.0,0,4.744352711020435e-10,0,0.0
2025-01-22 00:00:00,0.0,0,5.553081447239117e-10,0,0.0
2025-01-22 01:00:00,0.0,0,9.43656166243187e-10,0,0.0
2025-01-22 02:00:00,0.0,0,5.3761118489084414e-09,0,0.0
2025-01-22 03:00:00,0.0,0,5.59580509729279e-08,0,0.0
2025-01-22 04:00:00,0.0,0,1.3316071676899118e-07,0,0.0
2025-01-22 05:00:00,0.0,0,1.4276420604099682e-06,0,0.0
2025-01-22 06:00:00,0.0,0,4.435781622930084e-05,0,0.0
2025-01-22 07:00:00,0.0,0,0.00019136676571776637,0,0.0
2025-01-22 08:00:00,0.0,0,0.000192423297852714,0,0.0
2025-01-22 09:00:00,0.0,0,5.406495101773472e-06,0,0.0
2025-01-22 10:00:00,5.746531554508536,1,0.8013270709280819,1,6.121726310943373
2025-01-22 11:00:00,0.0,0,0.5845754955235445,1,6.142536851756326
2025-01-22 12:00:00,0.0,0,0.0723406466778858,0,0.0
2025-01-22 13:00:00,0.0,0,0.000768653652068719,0,0.0
2025-01-22 14:00:00,0.0,0,0.0008220936576019841,0,0.0
2025-01-22 15:00:00,0.0,0,1.7195275071617855e-05,0,0.0
2025-01-22 16:00:00,0.0,0,9.166255963330733e-06,0,0.0
2025-01-22 17:00:00,0.0,0,5.732040417478085e-07,0,0.0
2025-01-22 18:00:00,0.0,0,3.5614164752869886e-08,0,0.0
2025-01-22 19:00:00,0.0,0,2.4067303548431523e-08,0,0.0
2025-01-22 20:00:00,0.0,0,1.0600435800691151e-08,0,0.0
2025-01-22 21:00:00,0.0,0,8.448866046265865e-09,0,0.0
2025-01-22 22:00:00,0.0,0,2.5116237424660977e-09,0,0.0
2025-01-22 23:00:00,0.0,0,9.067814741404659e-10,0,0.0
2025-01-23 00:00:00,0.0,0,8.026332283093436e-10,0,0.0
2025-01-23 01:00:00,0.0,0,7.556598894645988e-09,0,0.0
2025-01-23 02:00:00,0.0,0,1.171138356250295e-08,0,0.0
2025-01-23 03:00:00,0.0,0,7.479295562777441e-08,0,0.0
2025-01-23 04:00:00,0.0,0,5.413902252652328e-07,0,0.0
2025-01-23 05:00:00,0.0,0,2.7132875094462684e-06,0,0.0
2025-01-23 06:00:00,0.0,0,3.4758355635167164e-05,0,0.0
2025-01-23 07:00:00,0.0,0,0.0006126031234861468,0,0.0
2025-01-23 08:00:00,0.0,0,0.00012710808724861249,0,0.0
2025-01-23 09:00:00,0.0,0,0.0006971839587144999,0,0.0
2025-01-23 10:00:00,0.0,0,0.00017488338145823989,0,0.0
2025-01-23 11:00:00,6.041072273267082,1,0.8310108487704332,1,6.5600838207804255
2025-01-23 12:00:00,0.0,0,0.3787126535628903,0,0.0
2025-01-23 13:00:00,0.0,0,0.08543297891764752,0,0.0
2025-01-23 14:00:00,0.0,0,0.0007198644548625523,0,0.0
2025-01-23 15:00:00,0.0,0,0.00015901035086156228,0,0.0
2025-01-23 16:00:00,0.0,0,2.9311682055751265e-05,0,0.0
2025-01-23 17:00:00,0.0,0,4.707400501644158e-06,0,0.0
2025-01-23 18:00:00,0.0,0,2.357351651152935e-07,0,0.0
2025-01-23 19:00:00,0.0,0,6.764098619957251e-08,0,0.0
2025-01-23 20:00:00,0.0,0,3.7679862594642996e-08,0,0.0
2025-01-23 21:00:00,0.0,0,2.992849670692165e-09,0,0.0
2025-01-23 22:00:00,0.0,0,2.3321974998013215e-09,0,0.0
2025-01-23 23:00:00,0.0,0,2.4883696502830972e-09,0,0.0
2025-01-24 00:00:00,0.0,0,5.978232769850831e-10,0,0.0
2025-01-24 01:00:00,0.0,0,1.562633584090707e-09,0,0.0
2025-01-24 02:00:00,0.0,0,5.229983975013455e-09,0,0.0
2025-01-24 03:00:00,0.0,0,1.9743276600590957e-08,0,0.0
2025-01-24 04:00:00,0.0,0,4.4031673337046114e-08,0,0.0
2025-01-24 05:00:00,0.0,0,1.96684667536373e-07,0,0.0
2025-01-24 06:00:00,0.0,0,4.897200509168098e-06,0,0.0
2025-01-24 07:00:00,0.0,0,0.00010830225434151844,0,0.0
2025-01-24 08:00:00,0.0,0,0.0005605777400442902,0,0.0
2025-01-24 09:00:00,0.0,0,0.0013006760645624207,0,0.0
2025-01-24 10:00:00,0.0,0,8.189506996438284e-05,0,0.0
2025-01-24 11:00:00,5.174228063477028,1,0.5101120609778909,1,5.157004065869362
2025-01-24 12:00:00,0.0,0,0.45974914279922163,0,0.0
2025-01-24 13:00:00,0.0,0,0.03531570774786471,0,0.0
2025-01-24 14:00:00,0.0,0,0.008753599883927125,0,0.0
2025-01-24 15:00:00,0.0,0,0.0006853132917133852,0,0.0
2025-01-24 16:00:00,0.0,0,7.886615493621638e-05,0,0.0
2025-01-24 17:00:00,0.0,0,4.321073464214964e-06,0,0.0
2025-01-24 18:00:00,0.0,0,3.5485409224969864e-07,0,0.0
2025-01-24 19:00:00,0.0,0,2.9685554247376457e-08,0,0.0
2025-01-24 20:00:00,0.0,0,9.863049303871905e-09,0,0.0
2025-01-24 21:00:00,0.0,0,3.2041889285414637e-09,0,0.0
2025-01-24 22:00:00,0.0,0,2.123817408571554e-09,0,0.0
2025-01-24 23:00:00,0.0,0,1.3626930452825903e-09,0,0.0
2025-01-25 00:00:00,0.0,0,2.4661003367889815e-09,0,0.0
2025-01-25 01:00:00,0.0,0,3.885721106615149e-09,0,0.0
2025-01-25 02:00:00,0.0,0,9.297353227990942e-09,0,0.0
2025-01-25 03:00:00,0.0,0,4.576148738114956e-08,0,0.0
2025-01-25 04:00:00,0.0,0,7.612592778423231e-08,0,0.0
2025-01-25 05:00:00,0.0,0,3.0862157939188374e-07,0,0.0
2025-01-25 06:00:00,0.0,0,3.252444227672803e-05,0,0.0
2025-01-25 07:00:00,0.0,0,0.001962982298702393,0,0.0
2025-01-25 08:00:00,0.0,0,0.0022340242442960407,0,0.0
2025-01-25 09:00:00,0.0,0,0.04862786273545015,0,0.0
2025-01-25 10:00:00,0.0,0,0.002736272821261671,0,0.0
2025-01-25 11:00:00,0.0,0,0.001842309240665933,0,0.0
2025-01-25 12:00:00,0.0,0,0.0005168124935316966,0,0.0
2025-01-25 13:00:00,6.525049364311487,1,0.5495814222967317,1,6.285258306352334
2025-01-25 14:00:00,0.0,0,0.0995831912699556,0,0.0
2025-01-25 15:00:00,0.0,0,0.008056673407180264,0,0.0
2025-01-25 16:00:00,0.0,0,0.0005745170087178567,0,0.0
2025-01-25 17:00:00,0.0,0,2.243179077238094e-05,0,0.0
2025-01-25 18:00:00,0.0,0,8.813906854987993e-07,0,0.0
2025-01-25 19:00:00,0.0,0,1.2711909099963826e-07,0,0.0
2025-01-25 20:00:00,0.0,0,2.945535498706413e-08,0,0.0
2025-01-25 21:00:00,0.0,0,8.224469423703953e-09,0,0.0
2025-01-25 22:00:00,0.0,0,2.907632628294602e-09,0,0.0
2025-01-25 23:00:00,0.0,0,1.7300557131983268e-09,0,0.0
2025-01-26 00:00:00,0.0,0,1.572889154836768e-09,0,0.0
2025-01-26 01:00:00,0.0,0,3.0770107329357778e-09,0,0.0
2025-01-26 02:00:00,0.0,0,6.7987436584796695e-09,0,0.0
2025-01-26 03:00:00,0.0,0,3.6820383544133255e-09,0,0.0
2025-01-26 04:00:00,0.0,0,6.532996834479616e-09,0,0.0
2025-01-26 05:00:00,0.0,0,1.4473337856696738e-08,0,0.0
2025-01-26 06:00:00,0.0,0,1.6942493766222916e-07,0,0.0
2025-01-26 07:00:00,0.0,0,3.93656316731103e-05,0,0.0
2025-01-26 08:00:00,0.0,0,0.04859385619788603,0,0.0
2025-01-26 09:00:00,0.0,0,0.7036692727553534,1,6.1830600886546945
2025-01-26 10:00:00,0.0,0,0.21249984023821736,0,0.0
2025-01-26 11:00:00,1.3469592217444766,1,0.735436526704307,1,5.383120491668664
2025-01-26 12:00:00,0.0,0,0.407604313167705,0,0.0
2025-01-26 13:00:00,0.0,0,0.1958526809569902,0,0.0
2025-01-26 14:00:00,0.0,0,0.018809929482131896,0,0.0
2025-01-26 15:00:00,0.0,0,0.0006884671241080726,0,0.0
2025-01-26 16:00:00,0.0,0,8.025177788018247e-06,0,0.0
2025-01-26 17:00:00,0.0,0,2.8242144043706796e-06,0,0.0
2025-01-26 18:00:00,0.0,0,6.001879594818838e-07,0,0.0
2025-01-26 19:00:00,0.0,0,1.492668470044208e-07,0,0.0
2025-01-26 20:00:00,0.0,0,2.0263715353884033e-08,0,0.0
2025-01-26 21:00:00,0.0,0,3.702997496886629e-09,0,0.0
2025-01-26 22:00:00,0.0,0,3.1956335839071747e-09,0,0.0
2025-01-26 23:00:00,0.0,0,7.993600210346046e-10,0,0.0
2025-01-27 00:00:00,0.0,0,2.736831508450999e-09,0,0.0
2025-01-27 01:00:00,0.0,0,8.793925755614619e-09,0,0.0
2025-01-27 02:00:00,0.0,0,2.0136036313599745e-08,0,0.0
2025-01-27 03:00:00,0.0,0,7.424235101858197e-08,0,0.0
2025-01-27 04:00:00,0.0,0,1.0479812253541368e-07,0,0.0
2025-01-27 05:00:00,0.0,0,2.754047830765517e-07,0,0.0
2025-01-27 06:00:00,0.0,0,1.7874606097775296e-05,0,0.0
2025-01-27 07:00:00,0.0,0,8.019071624674265e-05,0,0.0
2025-01-27 08:00:00,0.0,0,0.022680184683480386,0,0.0
2025-01-27 09:00:00,0.0,0,0.051020094383221165,0,0.0
2025-01-27 10:00:00,0.0,0,0.002752086255275104,0,0.0
2025-01-27 11:00:00,0.0,0,0.0016254333482572524,0,0.0
2025-01-27 12:00:00,0.0,0,0.00014269374311772203,0,0.0
2025-01-27 13:00:00,0.0,0,2.8343451162108635e-05,0,0.0
2025-01-27 14:00:00,4.908417655342954,1,0.11618810128405786,0,0.0
2025-01-27 15:00:00,0.0,0,0.006489041127524809,0,0.0
2025-01-27 16:00:00,0.0,0,0.00020616275699654783,0,0.0
2025-01-27 17:00:00,0.0,0,1.141286361756972e-05,0,0.0
2025-01-27 18:00:00,0.0,0,6.923543639855827e-07,0,0.0
2025-01-27 19:00:00,0.0,0,1.4891108184983584e-07,0,0.0
2025-01-27 20:00:00,0.0,0,2.0411399229650287e-08,0,0.0
2025-01-27 21:00:00,0.0,0,1.0852031215386683e-08,0,0.0
2025-01-27 22:00:00,0.0,0,4.0601323034594575e-09,0,0.0
2025-01-27 23:00:00,0.0,0,3.35667422446017e-09,0,0.0
2025-01-28 00:00:00,0.0,0,3.1720579123897e-09,0,0.0
2025-01-28 01:00:00,0.0,0,5.531051518779728e-09,0,0.0
2025-01-28 02:00:00,0.0,0,1.924426738392092e-08,0,0.0
2025-01-28 03:00:00,0.0,0,4.339031348246129e-08,0,0.0
2025-01-28 04:00:00,0.0,0,6.42012659331212e-08,0,0.0
2025-01-28 05:00:00,0.0,0,1.4157262311454954e-07,0,0.0
2025-01-28 06:00:00,0.0,0,2.594932916164442e-06,0,0.0
2025-01-28 07:00:00,0.0,0,0.0010430478523125372,0,0.0
2025-01-28 08:00:00,0.0,0,0.10459478194515683,0,0.0
2025-01-28 09:00:00,0.0,0,0.5104618568429256,1,5.757169910109173
2025-01-28 10:00:00,0.0,0,0.037204450965126444,0,0.0
2025-01-28 11:00:00,0.0,0,0.004972038773560808,0,0.0
2025-01-28 12:00:00,0.0,0,0.0009688170626865415,0,0.0
2025-01-28 13:00:00,0.0,0,0.0006581257468633503,0,0.0
2025-01-28 14:00:00,0.0,0,1.1864081495787276e-05,0,0.0
2025-01-28 15:00:00,0.0,0,1.870439931402429e-06,0,0.0
2025-01-28 16:00:00,0.0,0,1.7771933404283809e-06,0,0.0
2025-01-28 17:00:00,0.0,0,9.793521033792703e-08,0,0.0
2025-01-28 18:00:00,0.0,0,1.816195581891425e-08,0,0.0
2025-01-28 19:00:00,0.0,0,2.0306232897697114e-09,0,0.0
2025-01-28 20:00:00,0.0,0,3.5619746566500558e-09,0,0.0
2025-01-28 21:00:00,0.0,0,5.011430002442831e-10,0,0.0
2025-01-28 22:00:00,0.0,0,1.2584109303861383e-11,0,0.0
2025-01-28 23:00:00,0.0,0,4.1729072399024594e-11,0,0.0
2025-01-29 00:00:00,0.0,0,4.948971131227398e-11,0,0.0
2025-01-29 01:00:00,0.0,0,5.619910068620304e-10,0,0.0
2025-01-29 02:00:00,0.0,0,2.1895903440208583e-09,0,0.0
2025-01-29 03:00:00,0.0,0,1.6997517727552795e-08,0,0.0
2025-01-29 04:00:00,0.0,0,1.3392121432042599e-08,0,0.0
2025-01-29 05:00:00,0.0,0,3.9655580263204205e-08,0,0.0
2025-01-29 06:00:00,0.0,0,2.9069225713648326e-06,0,0.0
2025-01-29 07:00:00,0.0,0,6.6046663961126225e-06,0,0.0
2025-01-29 08:00:00,0.0,0,4.009290486186763e-05,0,0.0
2025-01-29 09:00:00,0.0,0,0.00015259057891850097,0,0.0
2025-01-29 10:00:00,6.713354774039324,1,0.7308719359774093,1,6.44746783810644
2025-01-29 11:00:00,0.0,0,0.782269607210152,1,5.943922223980977
2025-01-29 12:00:00,0.0,0,0.058988513843270966,0,0.0
2025-01-29 13:00:00,0.0,0,0.09759970185878496,0,0.0
2025-01-29 14:00:00,0.0,0,0.008960891427774837,0,0.0
2025-01-29 15:00:00,0.0,0,0.01652231960549574,0,0.0
2025-01-29 16:00:00,0.0,0,0.00014449749619200463,0,0.0
2025-01-29 17:00:00,0.0,0,4.001366379672151e-06,0,0.0
2025-01-29 18:00:00,0.0,0,6.377464501878166e-07,0,0.0
2025-01-29 19:00:00,0.0,0,9.292827645169786e-08,0,0.0
2025-01-29 20:00:00,0.0,0,2.1883246805486865e-08,0,0.0
2025-01-29 21:00:00,0.0,0,5.3093051137235635e-09,0,0.0
2025-01-29 22:00:00,0.0,0,1.6796571706716826e-09,0,0.0
2025-01-29 23:00:00,0.0,0,1.33332813579959e-09,0,0.0
2025-01-30 00:00:00,0.0,0,2.5686817283872757e-09,0,0.0
2025-01-30 01:00:00,0.0,0,3.896037152961859e-09,0,0.0
2025-01-30 02:00:00,0.0,0,2.3054107537328486e-08,0,0.0
2025-01-30 03:00:00,0.0,0,7.345554369023196e-08,0,0.0
2025-01-30 04:00:00,0.0,0,1.1733959467002229e-07,0,0.0
2025-01-30 05:00:00,0.0,0,2.906531832044497e-07,0,0.0
2025-01-30 06:00:00,0.0,0,2.3794953462432128e-05,0,0.0
2025-01-30 07:00:00,0.0,0,0.0008223512048298271,0,0.0
2025-01-30 08:00:00,0.0,0,0.023795867858125017,0,0.0
2025-01-30 09:00:00,0.0,0,0.001615006842629546,0,0.0
2025-01-30 10:00:00,0.0,0,0.0003673866066550391,0,0.0
2025-01-30 11:00:00,0.0,0,0.00036624621845990585,0,0.0
2025-01-30 12:00:00,6.314646535986447,1,0.36784057874570536,0,0.0
2025-01-30 13:00:00,0.0,0,0.5645722118934229,1,6.367558744149574
2025-01-30 14:00:00,0.0,0,0.062052253261538216,0,0.0
2025-01-30 15:00:00,0.0,0,0.002519988491335702,0,0.0
2025-01-30 16:00:00,0.0,0,0.0006545831439652854,0,0.0
2025-01-30 17:00:00,0.0,0,3.153296460250878e-05,0,0.0
2025-01-30 18:00:00,0.0,0,8.73068697106094e-07,0,0.0
2025-01-30 19:00:00,0.0,0,1.563603959770095e-07,0,0.0
2025-01-30 20:00:00,0.0,0,3.653797961334292e-08,0,0.0
2025-01-30 21:00:00,0.0,0,9.020003673022428e-09,0,0.0
2025-01-30 22:00:00,0.0,0,2.3067194224945194e-09,0,0.0
2025-01-30 23:00:00,0.0,0,1.2154479599130234e-09,0,0.0
2025-01-31 00:00:00,0.0,0,1.010565955736138e-09,0,0.0
2025-01-31 01:00:00,0.0,0,4.476040649254177e-09,0,0.0
2025-01-31 02:00:00,0.0,0,1.2353530371017484e-08,0,0.0
2025-01-31 03:00:00,0.0,0,1.832913685578631e-08,0,0.0
2025-01-31 04:00:00,0.0,0,3.220700297933425e-08,0,0.0
2025-01-31 05:00:00,0.0,0,7.982544645188609e-08,0,0.0
2025-01-31 06:00:00,0.0,0,7.098785743862349e-06,0,0.0
2025-01-31 07:00:00,0.0,0,0.0006651020585355513,0,0.0
2025-01-31 08:00:00,0.0,0,0.01205608021790121,0,0.0
2025-01-31 09:00:00,0.0,0,0.10084821385847755,0,0.0
2025-01-31 10:00:00,0.0,0,0.0020033273072281987,0,0.0
2025-01-31 11:00:00,0.0,0,0.014638000050512048,0,0.0
2025-01-31 12:00:00,0.0,0,0.00510202951617584,0,0.0
2025-01-31 13:00:00,0.0,0,5.03899954911664e-05,0,0.0
2025-01-31 14:00:00,0.0,0,3.563956957548274e-05,0,0.0
2025-01-31 15:00:00,0.0,0,1.5587383013237478e-05,0,0.0
2025-01-31 16:00:00,0.0,0,3.415750593376522e-06,0,0.0
2025-01-31 17:00:00,0.0,0,3.3596360838013066e-08,0,0.0
2025-01-31 18:00:00,0.0,0,2.0693801095668882e-09,0,0.0
2025-01-31 19:00:00,0.0,0,1.6607981103128949e-09,0,0.0
2025-01-31 20:00:00,0.0,0,1.1663819611934635e-09,0,0.0
2025-01-31 21:00:00,0.0,0,1.1166680805639794e-10,0,0.0
2025-01-31 22:00:00,0.0,0,2.5990786700448143e-10,0,0.0
2025-01-31 23:00:00,0.0,0,1.96533508967374e-10,0,0.0
2025-02-01 00:00:00,0.0,0,2.151692454803356e-10,0,0.0
2025-02-01 01:00:00,0.0,0,2.554815857538514e-10,0,0.0
2025-02-01 02:00:00,0.0,0,7.527661285375054e-10,0,0.0
2025-02-01 03:00:00,0.0,0,1.087413500790411e-08,0,0.0
2025-02-01 04:00:00,0.0,0,5.835776938323875e-09,0,0.0
2025-02-01 05:00:00,0.0,0,4.6800633733635785e-08,0,0.0
2025-02-01 06:00:00,0.0,0,2.011486535167773e-06,0,0.0
2025-02-01 07:00:00,0.0,0,1.3405810354892008e-05,0,0.0
2025-02-01 08:00:00,0.0,0,6.2377546725523795e-06,0,0.0
2025-02-01 09:00:00,6.198870734923057,1,0.45781443838519664,0,0.0
2025-02-01 10:00:00,0.0,0,0.0783777382280521,0,0.0
2025-02-01 11:00:00,0.0,0,0.09000868343783343,0,0.0
2025-02-01 12:00:00,0.0,0,0.007145620719034238,0,0.0
2025-02-01 13:00:00,0.0,0,0.0052259414316045034,0,0.0
2025-02-01 14:00:00,0.0,0,0.0008536913979978316,0,0.0
2025-02-01 15:00:00,0.0,0,2.14966379667436e-05,0,0.0
2025-02-01 16:00:00,0.0,0,1.6121902018010703e-05,0,0.0
2025-02-01 17:00:00,0.0,0,1.1183480471870379e-07,0,0.0
2025-02-01 18:00:00,0.0,0,9.536577835421924e-08,0,0.0
2025-02-01 19:00:00,0.0,0,1.5733628351749211e-09,0,0.0
2025-02-01 20:00:00,0.0,0,6.392909887024071e-09,0,0.0
2025-02-01 21:00:00,0.0,0,2.5196981475777666e-10,0,0.0
2025-02-01 22:00:00,0.0,0,2.2880331408713137e-10,0,0.0
2025-02-01 23:00:00,0.0,0,2.5233164231962037e-10,0,0.0
2025-02-02 00:00:00,0.0,0,2.663460520686487e-10,0,0.0
2025-02-02 01:00:00,0.0,0,1.5987977840735681e-09,0,0.0
2025-02-02 02:00:00,0.0,0,1.0498750937801949e-09,0,0.0
2025-02-02 03:00:00,0.0,0,1.817956575702423e-08,0,0.0
2025-02-02 04:00:00,0.0,0,4.166034435494524e-08,0,0.0
2025-02-02 05:00:00,0.0,0,6.643828051446862e-08,0,0.0
2025-02-02 06:00:00,0.0,0,4.078540589415958e-06,0,0.0
2025-02-02 07:00:00,0.0,0,1.7693782345191277e-05,0,0.0
2025-02-02 08:00:00,0.0,0,8.417590833871784e-05,0,0.0
2025-02-02 09:00:00,0.0,0,0.00029871838189091717,0,0.0
2025-02-02 10:00:00,5.773967531589961,1,0.6618742081286234,1,5.5412717345310085
2025-02-02 11:00:00,0.0,0,0.4799758626661879,0,0.0
2025-02-02 12:00:00,0.0,0,0.0859744074596512,0,0.0
2025-02-02 13:00:00,0.0,0,0.14982334020989527,0,0.0
2025-02-02 14:00:00,0.0,0,0.003913970996738566,0,0.0
2025-02-02 15:00:00,0.0,0,0.00018796579506827948,0,0.0
2025-02-02 16:00:00,0.0,0,5.775879306382989e-05,0,0.0
2025-02-02 17:00:00,0.0,0,5.234579902738692e-06,0,0.0
2025-02-02 18:00:00,0.0,0,2.1239555339287978e-07,0,0.0
2025-02-02 19:00:00,0.0,0,9.391758335294697e-08,0,0.0
2025-02-02 20:00:00,0.0,0,4.519845173788297e-09,0,0.0
2025-02-02 21:00:00,0.0,0,2.1103086265988528e-09,0,0.0
2025-02-02 22:00:00,0.0,0,9.729104889651528e-10,0,0.0
2025-02-02 23:00:00,0.0,0,8.636915766240665e-10,0,0.0
2025-02-03 00:00:00,0.0,0,1.5035183842145134e-09,0,0.0
2025-02-03 01:00:00,0.0,0,3.269066652149511e-09,0,0.0
2025-02-03 02:00:00,0.0,0,6.58898439641977e-09,0,0.0
2025-02-03 03:00:00,0.0,0,1.2929795739767897e-08,0,0.0
2025-02-03 04:00:00,0.0,0,1.9924714827683108e-08,0,0.0
2025-02-03 05:00:00,0.0,0,3.532245620033097e-08,0,0.0
2025-02-03 06:00:00,0.0,0,5.111969578342535e-07,0,0.0
2025-02-03 07:00:00,0.0,0,2.938569786797591e-05,0,0.0
2025-02-03 08:00:00,0.0,0,0.012619925405655735,0,0.0
2025-02-03 09:00:00,0.0,0,0.2686415208606121,0,0.0
2025-02-03 10:00:00,0.0,0,0.05194891754537201,0,0.0
2025-02-03 11:00:00,0.0,0,0.06503617021425397,0,0.0
2025-02-03 12:00:00,0.0,0,0.001569306919017852,0,0.0
2025-02-03 13:00:00,0.0,0,0.0009839774287864556,0,0.0
2025-02-03 14:00:00,0.0,0,0.00019497142101729747,0,0.0
2025-02-03 15:00:00,0.0,0,7.827965893124556e-05,0,0.0
2025-02-03 16:00:00,0.0,0,5.513418654158814e-06,0,0.0
2025-02-03 17:00:00,0.0,0,2.590426029011577e-07,0,0.0
2025-02-03 18:00:00,0.0,0,1.0812810563776278e-08,0,0.0
2025-02-03 19:00:00,0.0,0,1.900198619958605e-09,0,0.0
2025-02-03 20:00:00,0.0,0,1.2258241891931408e-09,0,0.0
2025-02-03 21:00:00,0.0,0,4.1726163440880167e-10,0,0.0
2025-02-03 22:00:00,0.0,0,9.782466689118539e-10,0,0.0
2025-02-03 23:00:00,0.0,0,3.2476545897844285e-10,0,0.0
2025-02-04 00:00:00,0.0,0,4.1199055081098794e-10,0,0.0
2025-02-04 01:00:00,0.0,0,6.181604845972005e-10,0,0.0
2025-02-04 02:00:00,0.0,0,1.6254716798467884e-09,0,0.0
2025-02-04 03:00:00,0.0,0,4.8278062905914556e-09,0,0.0
2025-02-04 04:00:00,0.0,0,2.1949127911496457e-08,0,0.0
2025-02-04 05:00:00,0.0,0,1.1038548741848271e-07,0,0.0
2025-02-04 06:00:00,0.0,0,1.437511923599987e-05,0,0.0
2025-02-04 07:00:00,0.0,0,7.412505575150905e-05,0,0.0
2025-02-04 08:00:00,0.0,0,3.2827600738951656e-05,0,0.0
2025-02-04 09:00:00,0.0,0,5.174824113443934e-05,0,0.0
2025-02-04 10:00:00,6.338518032702572,1,0.6611896910018044,1,5.226803342262083
2025-02-04 11:00:00,0.0,0,0.19439104236240254,0,0.0
2025-02-04 12:00:00,0.0,0,0.022529498388349285,0,0.0
2025-02-04 13:00:00,0.0,0,0.0005075324675810247,0,0.0
2025-02-04 14:00:00,0.0,0,0.0006154233869890911,0,0.0
2025-02-04 15:00:00,0.0,0,0.0001340101734855958,0,0.0
2025-02-04 16:00:00,0.0,0,0.00012584355533857745,0,0.0
2025-02-04 17:00:00,0.0,0,8.040074850007315e-06,0,0.0
2025-02-04 18:00:00,0.0,0,3.1426232287177886e-08,0,0.0
2025-02-04 19:00:00,0.0,0,6.263052967204031e-08,0,0.0
2025-02-04 20:00:00,0.0,0,1.5689974185589533e-08,0,0.0
2025-02-04 21:00:00,0.0,0,1.5210174924600583e-09,0,0.0
2025-02-04 22:00:00,0.0,0,4.520218817281576e-10,0,0.0
2025-02-04 23:00:00,0.0,0,1.7009949213659344e-09,0,0.0
2025-02-05 00:00:00,0.0,0,1.0524162624869672e-09,0,0.0
2025-02-05 01:00:00,0.0,0,4.800053965652556e-09,0,0.0
2025-02-05 02:00:00,0.0,0,1.2474091668347864e-08,0,0.0
2025-02-05 03:00:00,0.0,0,6.977106902695898e-08,0,0.0
2025-02-05 04:00:00,0.0,0,1.2930083661065415e-07,0,0.0
2025-02-05 05:00:00,0.0,0,2.9790497333066417e-07,0,0.0
2025-02-05 06:00:00,0.0,0,1.2981461146386402e-05,0,0.0
2025-02-05 07:00:00,0.0,0,0.000571276703805266,0,0.0
2025-02-05 08:00:00,0.0,0,0.0038338088671810667,0,0.0
2025-02-05 09:00:00,0.0,0,0.004775824132724094,0,0.0
2025-02-05 10:00:00,0.0,0,0.001899835814778732,0,0.0
2025-02-05 11:00:00,0.0,0,0.00013569198094145443,0,0.0
2025-02-05 12:00:00,5.848942345806384,1,0.40670473718516453,0,0.0
2025-02-05 13:00:00,0.0,0,0.4007094119704784,0,0.0
2025-02-05 14:00:00,0.0,0,0.15203343598280408,0,0.0
2025-02-05 15:00:00,0.0,0,0.03899336779912115,0,0.0
2025-02-05 16:00:00,0.0,0,0.0008982971015852875,0,0.0
2025-02-05 17:00:00,0.0,0,1.354306088784212e-05,0,0.0
2025-02-05 18:00:00,0.0,0,7.777536595139733e-07,0,0.0
2025-02-05 19:00:00,0.0,0,1.5087537623663704e-07,0,0.0
2025-02-05 20:00:00,0.0,0,3.283806251117777e-08,0,0.0
2025-02-05 21:00:00,0.0,0,7.353880139975513e-09,0,0.0
2025-02-05 22:00:00,0.0,0,2.848795949701536e-09,0,0.0
2025-02-05 23:00:00,0.0,0,2.4849380188330196e-09,0,0.0
2025-02-06 00:00:00,0.0,0,2.8046950414811073e-09,0,0.0
2025-02-06 01:00:00,0.0,0,7.3963728102209326e-09,0,0.0
2025-02-06 02:00:00,0.0,0,2.08539646260835e-08,0,0.0
2025-02-06 03:00:00,0.0,0,3.711216184661057e-08,0,0.0
2025-02-06 04:00:00,0.0,0,4.75348379256601e-08,0,0.0
2025-02-06 05:00:00,0.0,0,5.2502973512901146e-08,0,0.0
2025-02-06 06:00:00,0.0,0,3.982568568110506e-07,0,0.0
2025-02-06 07:00:00,0.0,0,3.0013574706737405e-05,0,0.0
2025-02-06 08:00:00,0.0,0,0.001629873774859274,0,0.0
2025-02-06 09:00:00,0.0,0,0.03805807621942051,0,0.0
2025-02-06 10:00:00,0.0,0,0.1995666724823586,0,0.0
2025-02-06 11:00:00,0.0,0,0.21680432392469107,0,0.0
2025-02-06 12:00:00,0.0,0,0.045674490543220446,0,0.0
2025-02-06 13:00:00,0.0,0,0.05428375624738238,0,0.0
2025-02-06 14:00:00,0.0,0,0.0016431790830750712,0,0.0
2025-02-06 15:00:00,0.0,0,0.0004431824066933776,0,0.0
2025-02-06 16:00:00,0.0,0,1.9408875844296168e-05,0,0.0
2025-02-06 17:00:00,0.0,0,2.5003135635247308e-06,0,0.0
2025-02-06 18:00:00,0.0,0,9.43335513578104e-08,0,0.0
2025-02-06 19:00:00,0.0,0,1.7882996469857892e-08,0,0.0
2025-02-06 20:00:00,0.0,0,5.057281810950083e-09,0,0.0
2025-02-06 21:00:00,0.0,0,5.665089103014032e-10,0,0.0
2025-02-06 22:00:00,0.0,0,5.957522816795987e-10,0,0.0
2025-02-06 23:00:00,0.0,0,1.5212500591795614e-10,0,0.0
2025-02-07 00:00:00,0.0,0,3.958331702321197e-10,0,0.0
2025-02-07 01:00:00,0.0,0,1.5821582222955041e-09,0,0.0
2025-02-07 02:00:00,0.0,0,3.308484346073227e-09,0,0.0
2025-02-07 03:00:00,0.0,0,1.6676821548492152e-08,0,0.0
2025-02-07 04:00:00,0.0,0,2.708396850751348e-08,0,0.0
2025-02-07 05:00:00,0.0,0,9.363977953583128e-08,0,0.0
2025-02-07 06:00:00,0.0,0,1.9416819831649736e-06,0,0.0
2025-02-07 07:00:00,0.0,0,0.0004225473254633761,0,0.0
2025-02-07 08:00:00,0.0,0,0.04848861616026683,0,0.0
2025-02-07 09:00:00,0.0,0,0.0021657267815160313,0,0.0
2025-02-07 10:00:00,0.0,0,0.0018599816902205863,0,0.0
2025-02-07 11:00:00,0.0,0,0.0004191550343364534,0,0.0
2025-02-07 12:00:00,0.0,0,0.0007327548407135913,0,0.0
2025-02-07 13:00:00,0.0,0,0.000124676392480455,0,0.0
2025-02-07 14:00:00,0.0,0,4.361872790341074e-05,0,0.0
2025-02-07 15:00:00,0.0,0,1.2103899633385532e-05,0,0.0
2025-02-07 16:00:00,0.0,0,2.181112689386528e-06,0,0.0
2025-02-07 17:00:00,0.0,0,3.5310212513973714e-08,0,0.0
2025-02-07 18:00:00,0.0,0,1.9494471951996764e-08,0,0.0
2025-02-07 19:00:00,0.0,0,3.2074734181115874e-09,0,0.0
2025-02-07 20:00:00,0.0,0,1.7586803038465506e-09,0,0.0
2025-02-07 21:00:00,0.0,0,2.0633482038018613e-10,0,0.0
2025-02-07 22:00:00,0.0,0,2.2624089492292757e-10,0,0.0
2025-02-07 23:00:00,0.0,0,3.9375118485286025e-10,0,0.0
2025-02-08 00:00:00,0.0,0,1.3490947480150314e-10,0,0.0
2025-02-08 01:00:00,0.0,0,7.572179632763001e-10,0,0.0
2025-02-08 02:00:00,0.0,0,1.6514720376650502e-09,0,0.0
2025-02-08 03:00:00,0.0,0,7.197951622950428e-09,0,0.0
2025-02-08 04:00:00,0.0,0,2.1845145395479866e-08,0,0.0
2025-02-08 05:00:00,0.0,0,7.595331388959235e-08,0,0.0
2025-02-08 06:00:00,0.0,0,2.7970311247263273e-06,0,0.0
2025-02-08 07:00:00,0.0,0,6.58391739448345e-05,0,0.0
2025-02-08 08:00:00,0.0,0,0.0002095798382168749,0,0.0
2025-02-08 09:00:00,0.0,0,0.002238098935477133,0,0.0
2025-02-08 10:00:00,0.0,0,0.0020103180231540543,0,0.0
2025-02-08 11:00:00,6.156758903456698,1,0.840786039785002,1,5.037965421450085
2025-02-08 12:00:00,0.0,0,0.11650045261608602,0,0.0
2025-02-08 13:00:00,0.0,0,0.12590303323559335,0,0.0
2025-02-08 14:00:00,0.0,0,0.015974415945951906,0,0.0
2025-02-08 15:00:00,0.0,0,0.001457306478909215,0,0.0
2025-02-08 16:00:00,0.0,0,3.520257990849582e-05,0,0.0
2025-02-08 17:00:00,0.0,0,1.0786034971921825e-06,0,0.0
2025-02-08 18:00:00,0.0,0,7.484383375306795e-08,0,0.0
2025-02-08 19:00:00,0.0,0,5.530121172280015e-08,0,0.0
2025-02-08 20:00:00,0.0,0,1.2339922950089841e-08,0,0.0
2025-02-08 21:00:00,0.0,0,1.378290127368057e-09,0,0.0
2025-02-08 22:00:00,0.0,0,5.691708346766728e-10,0,0.0
2025-02-08 23:00:00,0.0,0,2.825723619756826e-10,0,0.0
2025-02-09 00:00:00,0.0,0,3.97773978163377e-10,0,0.0
2025-02-09 01:00:00,0.0,0,9.59520148466045e-10,0,0.0
2025-02-09 02:00:00,0.0,0,2.4514429284254774e-09,0,0.0
2025-02-09 03:00:00,0.0,0,7.528068297793353e-09,0,0.0
2025-02-09 04:00:00,0.0,0,1.8692348784203333e-08,0,0.0
2025-02-09 05:00:00,0.0,0,4.587059859364673e-08,0,0.0
2025-02-09 06:00:00,0.0,0,2.5284268344630716e-06,0,0.0
2025-02-09 07:00:00,0.0,0,0.0005349462523135249,0,0.0
2025-02-09 08:00:00,0.0,0,0.00178534266516151,0,0.0
2025-02-09 09:00:00,0.0,0,0.006202443603802044,0,0.0
2025-02-09 10:00:00,0.0,0,0.03986254065306118,0,0.0
2025-02-09 11:00:00,0.0,0,0.005766991750097122,0,0.0
2025-02-09 12:00:00,0.0,0,5.405313837278221e-05,0,0.0
2025-02-09 13:00:00,0.0,0,0.00024481680631099884,0,0.0
2025-02-09 14:00:00,5.929628570746498,1,0.1405365139837277,0,0.0
2025-02-09 15:00:00,0.0,0,0.010085539608829262,0,0.0
2025-02-09 16:00:00,0.0,0,7.261723604861349e-05,0,0.0
2025-02-09 17:00:00,0.0,0,2.8801563089201224e-06,0,0.0
2025-02-09 18:00:00,0.0,0,2.550088132440693e-07,0,0.0
2025-02-09 19:00:00,0.0,0,3.4039533887838024e-08,0,0.0
2025-02-09 20:00:00,0.0,0,5.604997383202549e-09,0,0.0
2025-02-09 21:00:00,0.0,0,2.2240422001052897e-09,0,0.0
2025-02-09 22:00:00,0.0,0,9.55006717637625e-10,0,0.0
2025-02-09 23:00:00,0.0,0,4.985732329450849e-10,0,0.0
2025-02-10 00:00:00,0.0,0,8.615536182481733e-10,0,0.0
2025-02-10 01:00:00,0.0,0,9.138862739202825e-10,0,0.0
2025-02-10 02:00:00,0.0,0,3.298366768493299e-09,0,0.0
2025-02-10 03:00:00,0.0,0,4.34244458099104e-09,0,0.0
2025-02-10 04:00:00,0.0,0,1.6699991097946037e-08,0,0.0
2025-02-10 05:00:00,0.0,0,9.90275197779131e-09,0,0.0
2025-02-10 06:00:00,0.0,0,3.7973458801218393e-07,0,0.0
2025-02-10 07:00:00,0.0,0,9.13159092286664e-05,0,0.0
2025-02-10 08:00:00,0.0,0,0.007014220872688359,0,0.0
2025-02-10 09:00:00,0.0,0,0.33458854018227446,0,0.0
2025-02-10 10:00:00,0.0,0,0.05202210128074757,0,0.0
2025-02-10 11:00:00,0.0,0,0.012345209953228053,0,0.0
2025-02-10 12:00:00,0.0,0,0.018971422159234,0,0.0
2025-02-10 13:00:00,0.0,0,0.00046792742774533826,0,0.0
2025-02-10 14:00:00,0.0,0,0.0001263960094776677,0,0.0
2025-02-10 15:00:00,0.0,0,9.896782390987266e-05,0,0.0
2025-02-10 16:00:00,0.0,0,9.739393359202415e-07,0,0.0
2025-02-10 17:00:00,0.0,0,1.6737973763655612e-08,0,0.0
2025-02-10 18:00:00,0.0,0,1.527172790043039e-08,0,0.0
2025-02-10 19:00:00,0.0,0,1.3535547752995587e-09,0,0.0
2025-02-10 20:00:00,0.0,0,2.044440462370016e-10,0,0.0
2025-02-10 21:00:00,0.0,0,5.354683441378469e-11,0,0.0
2025-02-10 22:00:00,0.0,0,4.535683134945577e-11,0,0.0
2025-02-10 23:00:00,0.0,0,8.4116887391684e-11,0,0.0
2025-02-11 00:00:00,0.0,0,4.2492150171907564e-11,0,0.0
2025-02-11 01:00:00,0.0,0,1.5028991821618272e-10,0,0.0
2025-02-11 02:00:00,0.0,0,2.70516159920851e-10,0,0.0
2025-02-11 03:00:00,0.0,0,4.5212167368487076e-09,0,0.0
2025-02-11 04:00:00,0.0,0,3.8434993755974e-09,0,0.0
2025-02-11 05:00:00,0.0,0,1.663824458054526e-08,0,0.0
2025-02-11 06:00:00,0.0,0,5.959697099065687e-07,0,0.0
2025-02-11 07:00:00,0.0,0,3.835163513758312e-06,0,0.0
2025-02-11 08:00:00,0.0,0,0.0001099918703149741,0,0.0
2025-02-11 09:00:00,0.0,0,0.00012420011260257083,0,0.0
2025-02-11 10:00:00,7.247969171622816,1,0.8019698175178362,1,4.753927671571951
2025-02-11 11:00:00,0.0,0,0.6931602913302518,1,4.782400061693311
2025-02-11 12:00:00,0.0,0,0.020611381993032904,0,0.0
2025-02-11 13:00:00,0.0,0,0.024860782699996174,0,0.0
2025-02-11 14:00:00,0.0,0,0.010246954666801499,0,0.0
2025-02-11 15:00:00,0.0,0,0.00016614113264814504,0,0.0
2025-02-11 16:00:00,0.0,0,4.797903725961495e-05,0,0.0
2025-02-11 17:00:00,0.0,0,5.326481418970613e-07,0,0.0
2025-02-11 18:00:00,0.0,0,4.7514643360154393e-08,0,0.0
2025-02-11 19:00:00,0.0,0,5.801319124294942e-09,0,0.0
2025-02-11 20:00:00,0.0,0,2.154991201580198e-09,0,0.0
2025-02-11 21:00:00,0.0,0,1.4005341098100397e-09,0,0.0
2025-02-11 22:00:00,0.0,0,2.1814529470319674e-10,0,0.0
2025-02-11 23:00:00,0.0,0,3.6375680677075317e-10,0,0.0
2025-02-12 00:00:00,0.0,0,1.950207916116822e-10,0,0.0
2025-02-12 01:00:00,0.0,0,7.329912619511521e-10,0,0.0
2025-02-12 02:00:00,0.0,0,1.722004130841858e-09,0,0.0
2025-02-12 03:00:00,0.0,0,2.063921842836884e-09,0,0.0
2025-02-12 04:00:00,0.0,0,1.404371999713834e-08,0,0.0
2025-02-12 05:00:00,0.0,0,6.063050719378852e-08,0,0.0
2025-02-12 06:00:00,0.0,0,4.743378073622684e-06,0,0.0
2025-02-12 07:00:00,0.0,0,8.112997635195975e-05,0,0.0
2025-02-12 08:00:00,0.0,0,0.0003777004732274742,0,0.0
2025-02-12 09:00:00,0.0,0,0.0024615300141621944,0,0.0
2025-02-12 10:00:00,0.0,0,0.007620462404704948,0,0.0
2025-02-12 11:00:00,6.907575635004095,1,0.8659267995449352,1,5.340127254470717
2025-02-12 12:00:00,0.0,0,0.560606008660435,1,5.436984544681287
2025-02-12 13:00:00,0.0,0,0.012161718942390796,0,0.0
2025-02-12 14:00:00,0.0,0,0.18410720496016728,0,0.0
2025-02-12 15:00:00,0.0,0,0.00864062213052592,0,0.0
2025-02-12 16:00:00,0.0,0,9.69240443873912e-05,0,0.0
2025-02-12 17:00:00,0.0,0,2.7240549208789066e-06,0,0.0
2025-02-12 18:00:00,0.0,0,1.9678907461059496e-07,0,0.0
2025-02-12 19:00:00,0.0,0,3.157524093671747e-08,0,0.0
2025-02-12 20:00:00,0.0,0,1.0657245646700379e-08,0,0.0
2025-02-12 21:00:00,0.0,0,4.00124759154916e-09,0,0.0
2025-02-12 22:00:00,0.0,0,8.792235040127795e-10,0,0.0
2025-02-12 23:00:00,0.0,0,3.84358935811774e-10,0,0.0
2025-02-13 00:00:00,0.0,0,5.67230094129785e-10,0,0.0
2025-02-13 01:00:00,0.0,0,9.6458132393675e-10,0,0.0
2025-02-13 02:00:00,0.0,0,4.837703729359483e-09,0,0.0
2025-02-13 03:00:00,0.0,0,9.880900541081377e-09,0,0.0
2025-02-13 04:00:00,0.0,0,3.514791520145056e-08,0,0.0
2025-02-13 05:00:00,0.0,0,9.631551148317732e-08,0,0.0
2025-02-13 06:00:00,0.0,0,1.10054508680558e-05,0,0.0
2025-02-13 07:00:00,0.0,0,0.000687692870032205,0,0.0
2025-02-13 08:00:00,0.0,0,0.010166167591716341,0,0.0
2025-02-13 09:00:00,0.0,0,0.05238680405007055,0,0.0
2025-02-13 10:00:00,0.0,0,0.036132954042252564,0,0.0
2025-02-13 11:00:00,0.0,0,0.002425212252162602,0,0.0
2025-02-13 12:00:00,0.0,0,2.7968183967184935e-05,0,0.0
2025-02-13 13:00:00,5.999105430869588,1,0.5307053217300675,1,5.226619552679921
2025-02-13 14:00:00,0.0,0,0.07381422897778406,0,0.0
2025-02-13 15:00:00,0.0,0,0.03232513269369841,0,0.0
2025-02-13 16:00:00,0.0,0,0.00035347209981446997,0,0.0
2025-02-13 17:00:00,0.0,0,3.996208808041101e-06,0,0.0
2025-02-13 18:00:00,0.0,0,3.82015775607396e-07,0,0.0
2025-02-13 19:00:00,0.0,0,8.529598832268334e-08,0,0.0
2025-02-13 20:00:00,0.0,0,1.9930169128843334e-08,0,0.0
2025-02-13 21:00:00,0.0,0,5.844126814597326e-09,0,0.0
2025-02-13 22:00:00,0.0,0,1.3786544627457462e-09,0,0.0
2025-02-13 23:00:00,0.0,0,9.13713391852648e-10,0,0.0
2025-02-14 00:00:00,0.0,0,8.022161375381991e-10,0,0.0
2025-02-14 01:00:00,0.0,0,1.727885989627986e-09,0,0.0
2025-02-14 02:00:00,0.0,0,4.0984874448502394e-09,0,0.0
2025-02-14 03:00:00,0.0,0,1.1328515696248087e-08,0,0.0
2025-02-14 04:00:00,0.0,0,1.5441287068809973e-08,0,0.0
2025-02-14 05:00:00,0.0,0,9.382327864554476e-08,0,0.0
2025-02-14 06:00:00,0.0,0,1.5374785217523363e-05,0,0.0
2025-02-14 07:00:00,0.0,0,0.0021108441685915923,0,0.0
2025-02-14 08:00:00,0.0,0,0.19608698203695799,0,0.0
2025-02-14 09:00:00,0.0,0,0.011456104883171605,0,0.0
2025-02-14 10:00:00,0.0,0,0.1676387354183229,0,0.0
2025-02-14 11:00:00,0.0,0,0.0004165977460165077,0,0.0
2025-02-14 12:00:00,0.0,0,0.006388735912235804,0,0.0
2025-02-14 13:00:00,0.0,0,7.619929683387566e-05,0,0.0
2025-02-14 14:00:00,0.0,0,2.3672906148579772e-05,0,0.0
2025-02-14 15:00:00,0.0,0,2.3145848563114828e-06,0,0.0
2025-02-14 16:00:00,0.0,0,2.3403124159251213e-07,0,0.0
2025-02-14 17:00:00,0.0,0,3.49250915283228e-09,0,0.0
2025-02-14 18:00:00,0.0,0,2.113887010286853e-09,0,0.0
2025-02-14 19:00:00,0.0,0,4.1574192846796304e-10,0,0.0
2025-02-14 20:00:00,0.0,0,1.1564608344237322e-10,0,0.0
2025-02-14 21:00:00,0.0,0,1.2254708595556636e-10,0,0.0
2025-02-14 22:00:00,0.0,0,3.8269855851557006e-12,0,0.0
2025-02-14 23:00:00,0.0,0,1.8007615233778354e-11,0,0.0
2025-02-15 00:00:00,0.0,0,8.739436243271336e-12,0,0.0
2025-02-15 01:00:00,0.0,0,1.575835208230254e-10,0,0.0
2025-02-15 02:00:00,0.0,0,4.3680994968146314e-10,0,0.0
2025-02-15 03:00:00,0.0,0,1.0536914644838566e-09,0,0.0
2025-02-15 04:00:00,0.0,0,8.76462865215821e-09,0,0.0
2025-02-15 05:00:00,0.0,0,2.0413879858734e-08,0,0.0
2025-02-15 06:00:00,0.0,0,7.367225325182371e-08,0,0.0
2025-02-15 07:00:00,0.0,0,5.652177883944435e-06,0,0.0
2025-02-15 08:00:00,0.0,0,4.759844245368483e-06,0,0.0
2025-02-15 09:00:00,7.124598284438217,1,0.6758740846840889,1,5.663844740186354
2025-02-15 10:00:00,0.0,0,0.6740750235996167,1,4.737908420677971
2025-02-15 11:00:00,0.0,0,0.09521516630018814,0,0.0
2025-02-15 12:00:00,0.0,0,0.011688689915728422,0,0.0
2025-02-15 13:00:00,0.0,0,0.010869164313027797,0,0.0
2025-02-15 14:00:00,0.0,0,0.00026190027547126507,0,0.0
2025-02-15 15:00:00,0.0,0,2.178194451765379e-05,0,0.0
2025-02-15 16:00:00,0.0,0,4.889469198740105e-07,0,0.0
2025-02-15 17:00:00,0.0,0,1.1598403575666121e-07,0,0.0
2025-02-15 18:00:00,0.0,0,2.830846839701301e-08,0,0.0
2025-02-15 19:00:00,0.0,0,1.1205101134941156e-08,0,0.0
2025-02-15 20:00:00,0.0,0,1.7151710614922244e-10,0,0.0
2025-02-15 21:00:00,0.0,0,3.246744807932842e-10,0,0.0
2025-02-15 22:00:00,0.0,0,1.6446123282731558e-10,0,0.0
2025-02-15 23:00:00,0.0,0,5.572671480987037e-11,0,0.0
2025-02-16 00:00:00,0.0,0,2.0044745395121512e-10,0,0.0
2025-02-16 01:00:00,0.0,0,1.2728454937063676e-10,0,0.0
2025-02-16 02:00:00,0.0,0,2.3495142441106537e-09,0,0.0
2025-02-16 03:00:00,0.0,0,4.328562841097666e-09,0,0.0
2025-02-16 04:00:00,0.0,0,1.9786553430989303e-08,0,0.0
2025-02-16 05:00:00,0.0,0,4.3678839146526716e-08,0,0.0
2025-02-16 06:00:00,0.0,0,9.652127332244614e-07,0,0.0
2025-02-16 07:00:00,0.0,0,3.7320155219887726e-05,0,0.0
2025-02-16 08:00:00,0.0,0,0.00027560811139597913,0,0.0
2025-02-16 09:00:00,0.0,0,5.667359055264227e-05,0,0.0
2025-02-16 10:00:00,6.343443864794114,1,0.7704728625365065,1,5.356342123477402
2025-02-16 11:00:00,0.0,0,0.6510004825668504,1,5.240869138156201
2025-02-16 12:00:00,0.0,0,0.07715376770112048,0,0.0
2025-02-16 13:00:00,0.0,0,0.08626327540347123,0,0.0
2025-02-16 14:00:00,0.0,0,0.02895250070462671,0,0.0
2025-02-16 15:00:00,0.0,0,0.0014626733063327932,0,0.0
2025-02-16 16:00:00,0.0,0,6.0240457574783354e-05,0,0.0
2025-02-16 17:00:00,0.0,0,9.122127449842419e-07,0,0.0
2025-02-16 18:00:00,0.0,0,4.098545355047922e-08,0,0.0
2025-02-16 19:00:00,0.0,0,1.522429170918683e-08,0,0.0
2025-02-16 20:00:00,0.0,0,2.451356786297447e-09,0,0.0
2025-02-16 21:00:00,0.0,0,6.15643898275384e-10,0,0.0
2025-02-16 22:00:00,0.0,0,3.853947566353733e-10,0,0.0
2025-02-16 23:00:00,0.0,0,3.0906306530764535e-10,0,0.0
2025-02-17 00:00:00,0.0,0,2.743408203213303e-10,0,0.0
2025-02-17 01:00:00,0.0,0,5.541300759908102e-10,0,0.0
2025-02-17 02:00:00,0.0,0,1.7274627554329107e-09,0,0.0
2025-02-17 03:00:00,0.0,0,2.8396255785072635e-09,0,0.0
2025-02-17 04:00:00,0.0,0,4.038927110392752e-09,0,0.0
2025-02-17 05:00:00,0.0,0,2.298866894546389e-09,0,0.0
2025-02-17 06:00:00,0.0,0,2.3061524162943784e-07,0,0.0
2025-02-17 07:00:00,0.0,0,4.76775356205116e-06,0,0.0
2025-02-17 08:00:00,0.0,0,0.036187843466413586,0,0.0
2025-02-17 09:00:00,0.0,0,0.5603002563512095,1,5.285142651788303
2025-02-17 10:00:00,0.0,0,0.7768253933513118,1,4.903201153240692
2025-02-17 11:00:00,1.2994676490690311,1,0.37198370684364956,0,0.0
2025-02-17 12:00:00,0.0,0,0.1336337055850324,0,0.0
2025-02-17 13:00:00,0.0,0,0.13563004450929403,0,0.0
2025-02-17 14:00:00,0.0,0,0.0042124331858006256,0,0.0
2025-02-17 15:00:00,0.0,0,0.00025412321106238424,0,0.0
2025-02-17 16:00:00,0.0,0,1.861491439856921e-05,0,0.0
2025-02-17 17:00:00,0.0,0,2.426694749383082e-06,0,0.0
2025-02-17 18:00:00,0.0,0,7.08567396428755e-08,0,0.0
2025-02-17 19:00:00,0.0,0,2.6264405037221857e-08,0,0.0
2025-02-17 20:00:00,0.0,0,8.269989252754822e-09,0,0.0
2025-02-17 21:00:00,0.0,0,3.33861803230374e-09,0,0.0
2025-02-17 22:00:00,0.0,0,1.305340348577617e-09,0,0.0
2025-02-17 23:00:00,0.0,0,1.9108000559175157e-10,0,0.0
2025-02-18 00:00:00,0.0,0,1.0434403083364453e-09,0,0.0
2025-02-18 01:00:00,0.0,0,1.517119867393591e-09,0,0.0
2025-02-18 02:00:00,0.0,0,3.8645374983577446e-09,0,0.0
2025-02-18 03:00:00,0.0,0,3.350338754758003e-08,0,0.0
2025-02-18 04:00:00,0.0,0,6.830713386108195e-08,0,0.0
2025-02-18 05:00:00,0.0,0,5.523173340758431e-07,0,0.0
2025-02-18 06:00:00,0.0,0,3.1934710836510486e-05,0,0.0
2025-02-18 07:00:00,0.0,0,0.0023617904644290437,0,0.0
2025-02-18 08:00:00,0.0,0,0.012445290292149113,0,0.0
2025-02-18 09:00:00,0.0,0,0.0005934583207100556,0,0.0
2025-02-18 10:00:00,0.0,0,0.00010102792611052988,0,0.0
2025-02-18 11:00:00,5.88616873047497,1,0.8740606238994886,1,5.670398380093891
2025-02-18 12:00:00,0.0,0,0.44039690864310277,0,0.0
2025-02-18 13:00:00,0.0,0,0.2687173167221301,0,0.0
2025-02-18 14:00:00,0.0,0,0.01607803420041081,0,0.0
2025-02-18 15:00:00,0.0,0,0.0007028827953444598,0,0.0
2025-02-18 16:00:00,0.0,0,0.00011164846027930595,0,0.0
2025-02-18 17:00:00,0.0,0,4.860522214271427e-07,0,0.0
2025-02-18 18:00:00,0.0,0,7.837720657321632e-08,0,0.0
2025-02-18 19:00:00,0.0,0,2.3409375402385965e-08,0,0.0
2025-02-18 20:00:00,0.0,0,1.7606502120384127e-09,0,0.0
2025-02-18 21:00:00,0.0,0,1.9760591012455607e-09,0,0.0
2025-02-18 22:00:00,0.0,0,3.1922573619015255e-10,0,0.0
2025-02-18 23:00:00,0.0,0,2.434440029730454e-10,0,0.0
2025-02-19 00:00:00,0.0,0,3.1658629252417804e-10,0,0.0
2025-02-19 01:00:00,0.0,0,8.688105225627813e-10,0,0.0
2025-02-19 02:00:00,0.0,0,2.4578933842218854e-09,0,0.0
2025-02-19 03:00:00,0.0,0,4.412745686224436e-09,0,0.0
2025-02-19 04:00:00,0.0,0,1.4813672119960675e-08,0,0.0
2025-02-19 05:00:00,0.0,0,5.884518552634882e-08,0,0.0
2025-02-19 06:00:00,0.0,0,5.062699915106101e-06,0,0.0
2025-02-19 07:00:00,0.0,0,0.0010106159126583559,0,0.0
2025-02-19 08:00:00,0.0,0,0.013107364094606236,0,0.0
2025-02-19 09:00:00,0.0,0,0.033092771803452374,0,0.0
2025-02-19 10:00:00,0.0,0,0.0003182514948502939,0,0.0
2025-02-19 11:00:00,0.0,0,0.00019125299768129244,0,0.0
2025-02-19 12:00:00,5.126866718796097,1,0.7432370465751426,1,5.825980400053728
2025-02-19 13:00:00,0.0,0,0.05349036883167398,0,0.0
2025-02-19 14:00:00,0.0,0,0.019708740596664543,0,0.0
2025-02-19 15:00:00,0.0,0,0.005211501982913484,0,0.0
2025-02-19 16:00:00,0.0,0,0.0001330262343851828,0,0.0
2025-02-19 17:00:00,0.0,0,2.2911447498499124e-06,0,0.0
2025-02-19 18:00:00,0.0,0,1.782312406637928e-07,0,0.0
2025-02-19 19:00:00,0.0,0,3.6559093973986884e-08,0,0.0
2025-02-19 20:00:00,0.0,0,5.771122951459034e-09,0,0.0
2025-02-19 21:00:00,0.0,0,5.489002432646148e-09,0,0.0
2025-02-19 22:00:00,0.0,0,4.6949311123761e-10,0,0.0
2025-02-19 23:00:00,0.0,0,7.122362232683402e-10,0,0.0
2025-02-20 00:00:00,0.0,0,2.543270370050262e-10,0,0.0
2025-02-20 01:00:00,0.0,0,1.041251292629078e-09,0,0.0
2025-02-20 02:00:00,0.0,0,3.297723274841531e-09,0,0.0
2025-02-20 03:00:00,0.0,0,7.2193099443920616e-09,0,0.0
2025-02-20 04:00:00,0.0,0,1.725962677072554e-08,0,0.0
2025-02-20 05:00:00,0.0,0,6.963521729010965e-08,0,0.0
2025-02-20 06:00:00,0.0,0,4.4491968905394635e-06,0,0.0
2025-02-20 07:00:00,0.0,0,0.0003387101628032616,0,0.0
2025-02-20 08:00:00,0.0,0,0.01112996784175603,0,0.0
2025-02-20 09:00:00,0.0,0,0.020539500700629664,0,0.0
2025-02-20 10:00:00,0.0,0,0.0063866865613752145,0,0.0
2025-02-20 11:00:00,0.0,0,0.0015397710574171577,0,0.0
2025-02-20 12:00:00,0.0,0,5.7524175393413924e-05,0,0.0
2025-02-20 13:00:00,6.648288623395227,1,0.5939221215141567,1,5.23433512386225
2025-02-20 14:00:00,0.0,0,0.05337172300028378,0,0.0
2025-02-20 15:00:00,0.0,0,0.002478829728809942,0,0.0
2025-02-20 16:00:00,0.0,0,0.0001012509792760795,0,0.0
2025-02-20 17:00:00,0.0,0,1.2412959271933224e-06,0,0.0
2025-02-20 18:00:00,0.0,0,1.7897785992299507e-07,0,0.0
2025-02-20 19:00:00,0.0,0,4.137808664807424e-08,0,0.0
2025-02-20 20:00:00,0.0,0,7.361128003885832e-09,0,0.0
2025-02-20 21:00:00,0.0,0,1.5527746213831216e-09,0,0.0
2025-02-20 22:00:00,0.0,0,6.47560227186893e-10,0,0.0
2025-02-20 23:00:00,0.0,0,4.854237498066761e-10,0,0.0
2025-02-21 00:00:00,0.0,0,3.637515808374199e-10,0,0.0
2025-02-21 01:00:00,0.0,0,6.360241769022314e-10,0,0.0
2025-02-21 02:00:00,0.0,0,7.271753784738004e-10,0,0.0
2025-02-21 03:00:00,0.0,0,3.1935502916903184e-10,0,0.0
2025-02-21 04:00:00,0.0,0,1.4206503539487962e-09,0,0.0
2025-02-21 05:00:00,0.0,0,1.0228584169613426e-09,0,0.0
2025-02-21 06:00:00,0.0,0,1.5724256333794665e-08,0,0.0
2025-02-21 07:00:00,0.0,0,1.4913933996198408e-06,0,0.0
2025-02-21 08:00:00,0.0,0,0.0018964272156036229,0,0.0
2025-02-21 09:00:00,0.0,0,0.28632813003381347,0,0.0
2025-02-21 10:00:00,0.0,0,0.7308067549056896,1,4.63144089101935
2025-02-21 11:00:00,0.0,0,0.7692176481529042,1,5.0369407421760455
2025-02-21 12:00:00,0.0,0,0.49328787621892556,0,0.0
2025-02-21 13:00:00,0.7604013235134643,1,0.1516153397533337,0,0.0
2025-02-21 14:00:00,0.0,0,0.04638873796048875,0,0.0
2025-02-21 15:00:00,0.0,0,0.004560138350092604,0,0.0
2025-02-21 16:00:00,0.0,0,9.049498433550707e-05,0,0.0
2025-02-21 17:00:00,0.0,0,1.7273171438316036e-06,0,0.0
2025-02-21 18:00:00,0.0,0,1.58261062655698e-07,0,0.0
2025-02-21 19:00:00,0.0,0,4.030114797746911e-08,0,0.0
2025-02-21 20:00:00,0.0,0,6.318440880363643e-09,0,0.0
2025-02-21 21:00:00,0.0,0,2.730870881674714e-09,0,0.0
2025-02-21 22:00:00,0.0,0,7.064337204141614e-10,0,0.0
2025-02-21 23:00:00,0.0,0,3.0298711655448385e-10,0,0.0
2025-02-22 00:00:00,0.0,0,6.13755948196016e-10,0,0.0
2025-02-22 01:00:00,0.0,0,9.551060039708522e-10,0,0.0
2025-02-22 02:00:00,0.0,0,2.7952328064137944e-09,0,0.0
2025-02-22 03:00:00,0.0,0,3.661138507652133e-09,0,0.0
2025-02-22 04:00:00,0.0,0,2.586925954948635e-09,0,0.0
2025-02-22 05:00:00,0.0,0,1.585286587865776e-08,0,0.0
2025-02-22 06:00:00,0.0,0,4.603730629978787e-07,0,0.0
2025-02-22 07:00:00,0.0,0,0.00014223650611033752,0,0.0
2025-02-22 08:00:00,0.0,0,0.04143929807606909,0,0.0
2025-02-22 09:00:00,0.0,0,0.10316478836173058,0,0.0
2025-02-22 10:00:00,0.0,0,0.04982215352470314,0,0.0
2025-02-22 11:00:00,0.0,0,0.0009147144517120889,0,0.0
2025-02-22 12:00:00,0.0,0,0.0029074375717020873,0,0.0
2025-02-22 13:00:00,0.0,0,0.00018199387169468202,0,0.0
2025-02-22 14:00:00,0.0,0,0.00013205554833271803,0,0.0
2025-02-22 15:00:00,0.0,0,1.6919740767421106e-06,0,0.0
2025-02-22 16:00:00,0.0,0,1.7877685371327874e-06,0,0.0
2025-02-22 17:00:00,0.0,0,4.122325538077665e-08,0,0.0
2025-02-22 18:00:00,0.0,0,6.282545314597288e-10,0,0.0
2025-02-22 19:00:00,0.0,0,1.2622229124528262e-10,0,0.0
2025-02-22 20:00:00,0.0,0,1.6290541511063588e-10,0,0.0
2025-02-22 21:00:00,0.0,0,7.94096109255792e-11,0,0.0
2025-02-22 22:00:00,0.0,0,4.6562947957611415e-11,0,0.0
2025-02-22 23:00:00,0.0,0,1.3925690473046445e-11,0,0.0
2025-02-23 00:00:00,0.0,0,3.484781899400185e-10,0,0.0
2025-02-23 01:00:00,0.0,0,1.9941360430484113e-10,0,0.0
2025-02-23 02:00:00,0.0,0,1.7996276292299959e-09,0,0.0
2025-02-23 03:00:00,0.0,0,2.4187281090127062e-09,0,0.0
2025-02-23 04:00:00,0.0,0,1.398343185112106e-08,0,0.0
2025-02-23 05:00:00,0.0,0,6.710266544880765e-08,0,0.0
2025-02-23 06:00:00,0.0,0,9.700083559344933e-07,0,0.0
2025-02-23 07:00:00,0.0,0,0.00015063290823643372,0,0.0
2025-02-23 08:00:00,0.0,0,0.0018969981716358902,0,0.0
2025-02-23 09:00:00,0.0,0,0.0005909764368488204,0,0.0
2025-02-23 10:00:00,0.0,0,0.003242524566395579,0,0.0
2025-02-23 11:00:00,6.033402504777736,1,0.8037310066129015,1,5.3523431001964425
2025-02-23 12:00:00,0.0,0,0.7431581907984984,1,6.026001824890141
2025-02-23 13:00:00,0.0,0,0.2055757899047682,0,0.0
2025-02-23 14:00:00,0.0,0,0.01431745559123923,0,0.0
2025-02-23 15:00:00,0.0,0,0.00030077947529376787,0,0.0
2025-02-23 16:00:00,0.0,0,3.0217412699230407e-05,0,0.0
2025-02-23 17:00:00,0.0,0,2.4498958765478443e-06,0,0.0
2025-02-23 18:00:00,0.0,0,1.558127020292175e-07,0,0.0
2025-02-23 19:00:00,0.0,0,3.67965265602434e-08,0,0.0
2025-02-23 20:00:00,0.0,0,5.502357708489147e-09,0,0.0
2025-02-23 21:00:00,0.0,0,9.577436307253885e-10,0,0.0
2025-02-23 22:00:00,0.0,0,4.683383193476042e-10,0,0.0
2025-02-23 23:00:00,0.0,0,2.0744781719586357e-10,0,0.0
2025-02-24 00:00:00,0.0,0,5.035572435488651e-10,0,0.0
2025-02-24 01:00:00,0.0,0,8.513669128151365e-10,0,0.0
2025-02-24 02:00:00,0.0,0,2.3619487444610838e-09,0,0.0
2025-02-24 03:00:00,0.0,0,2.2975494063003605e-09,0,0.0
2025-02-24 04:00:00,0.0,0,7.415616157573056e-09,0,0.0
2025-02-24 05:00:00,0.0,0,3.71842619947717e-08,0,0.0
2025-02-24 06:00:00,0.0,0,9.109837980421019e-08,0,0.0
2025-02-24 07:00:00,0.0,0,5.618748621449851e-06,0,0.0
2025-02-24 08:00:00,0.0,0,0.02056252905229742,0,0.0
2025-02-24 09:00:00,0.0,0,0.23210522731370617,0,0.0
2025-02-24 10:00:00,1.2636091173386337,1,0.7737428888871355,1,4.231370255820393
2025-02-24 11:00:00,0.0,0,0.0760868055217952,0,0.0
2025-02-24 12:00:00,0.0,0,0.009797619983495303,0,0.0
2025-02-24 13:00:00,0.0,0,0.0020850903952006872,0,0.0
2025-02-24 14:00:00,0.0,0,0.00046173502701183825,0,0.0
2025-02-24 15:00:00,0.0,0,0.0002734274972145732,0,0.0
2025-02-24 16:00:00,0.0,0,1.5402467412580848e-05,0,0.0
2025-02-24 17:00:00,0.0,0,1.3645604119143444e-06,0,0.0
2025-02-24 18:00:00,0.0,0,1.1196256414828713e-07,0,0.0
2025-02-24 19:00:00,0.0,0,2.7021885417846013e-08,0,0.0
2025-02-24 20:00:00,0.0,0,3.746302163216206e-09,0,0.0
2025-02-24 21:00:00,0.0,0,4.2271562944796317e-10,0,0.0
2025-02-24 22:00:00,0.0,0,1.9542475694355618e-10,0,0.0
2025-02-24 23:00:00,0.0,0,2.476711585059996e-10,0,0.0
2025-02-25 00:00:00,0.0,0,3.1298904405770155e-10,0,0.0
2025-02-25 01:00:00,0.0,0,7.243953120728329e-10,0,0.0
2025-02-25 02:00:00,0.0,0,2.3359000965519545e-09,0,0.0
2025-02-25 03:00:00,0.0,0,4.6635372989969155e-09,0,0.0
2025-02-25 04:00:00,0.0,0,1.028809442990726e-08,0,0.0
2025-02-25 05:00:00,0.0,0,5.4236103083264465e-09,0,0.0
2025-02-25 06:00:00,0.0,0,9.857542993859173e-08,0,0.0
2025-02-25 07:00:00,0.0,0,1.2165202412140246e-06,0,0.0
2025-02-25 08:00:00,0.0,0,0.0006093790774371089,0,0.0
2025-02-25 09:00:00,0.0,0,0.27597764886278825,0,0.0
2025-02-25 10:00:00,0.0,0,0.6382396159675289,1,3.979735970295932
2025-02-25 11:00:00,1.1024013770053562,1,0.2446760995924701,0,0.0
2025-02-25 12:00:00,0.0,0,0.23350405578510747,0,0.0
2025-02-25 13:00:00,0.0,0,0.028993338235647825,0,0.0
2025-02-25 14:00:00,0.0,0,0.0003516600659647178,0,0.0
2025-02-25 15:00:00,0.0,0,4.482550248621068e-05,0,0.0
2025-02-25 16:00:00,0.0,0,5.840609945072834e-05,0,0.0
2025-02-25 17:00:00,0.0,0,1.1279643454677525e-06,0,0.0
2025-02-25 18:00:00,0.0,0,1.1767302577152603e-07,0,0.0
2025-02-25 19:00:00,0.0,0,1.823810988651339e-08,0,0.0
2025-02-25 20:00:00,0.0,0,5.760717510898851e-09,0,0.0
2025-02-25 21:00:00,0.0,0,5.524490361601514e-10,0,0.0
2025-02-25 22:00:00,0.0,0,5.148450414881309e-10,0,0.0
2025-02-25 23:00:00,0.0,0,5.327806010929498e-10,0,0.0
2025-02-26 00:00:00,0.0,0,2.7466754646269e-10,0,0.0
2025-02-26 01:00:00,0.0,0,5.98543080715404e-10,0,0.0
2025-02-26 02:00:00,0.0,0,3.495396276389928e-09,0,0.0
2025-02-26 03:00:00,0.0,0,1.1314902796356696e-08,0,0.0
2025-02-26 04:00:00,0.0,0,2.4423688098713697e-08,0,0.0
2025-02-26 05:00:00,0.0,0,1.3018595067928374e-07,0,0.0
2025-02-26 06:00:00,0.0,0,4.216297730699088e-06,0,0.0
2025-02-26 07:00:00,0.0,0,0.0008104801465632788,0,0.0
2025-02-26 08:00:00,0.0,0,0.00469755279195714,0,0.0
2025-02-26 09:00:00,0.0,0,0.006497373013651204,0,0.0
2025-02-26 10:00:00,0.0,0,0.0022535678172883773,0,0.0
2025-02-26 11:00:00,0.0,0,9.060248983318612e-06,0,0.0
2025-02-26 12:00:00,5.938027028807421,1,0.31284146117644385,0,0.0
2025-02-26 13:00:00,0.0,0,0.12153531441081108,0,0.0
2025-02-26 14:00:00,0.0,0,0.0774307956024617,0,0.0
2025-02-26 15:00:00,0.0,0,0.00230306024696192,0,0.0
2025-02-26 16:00:00,0.0,0,0.00014198638954471282,0,0.0
2025-02-26 17:00:00,0.0,0,2.1897451302870387e-06,0,0.0
2025-02-26 18:00:00,0.0,0,2.3433765468627986e-07,0,0.0
2025-02-26 19:00:00,0.0,0,2.627476213353425e-08,0,0.0
2025-02-26 20:00:00,0.0,0,3.5193797413030344e-09,0,0.0
2025-02-26 21:00:00,0.0,0,1.2350616893182387e-09,0,0.0
2025-02-26 22:00:00,0.0,0,5.920993774109429e-10,0,0.0
2025-02-26 23:00:00,0.0,0,4.3071411222430367e-10,0,0.0
2025-02-27 00:00:00,0.0,0,4.784363484067239e-10,0,0.0
2025-02-27 01:00:00,0.0,0,5.601075359641171e-10,0,0.0
2025-02-27 02:00:00,0.0,0,5.1303096331148975e-09,0,0.0
2025-02-27 03:00:00,0.0,0,1.0041568273759152e-08,0,0.0
2025-02-27 04:00:00,0.0,0,3.0383495451014945e-08,0,0.0
2025-02-27 05:00:00,0.0,0,1.0633037265664168e-07,0,0.0
2025-02-27 06:00:00,0.0,0,1.2329883503241891e-06,0,0.0
2025-02-27 07:00:00,0.0,0,0.00012639384517292734,0,0.0
2025-02-27 08:00:00,0.0,0,0.020887363233395715,0,0.0
2025-02-27 09:00:00,0.0,0,0.017925991832375344,0,0.0
2025-02-27 10:00:00,0.0,0,0.007208280006328959,0,0.0
2025-02-27 11:00:00,0.0,0,0.002895511961603295,0,0.0
2025-02-27 12:00:00,0.0,0,0.0007374075343591318,0,0.0
2025-02-27 13:00:00,0.0,0,0.0009819774914920942,0,0.0
2025-02-27 14:00:00,0.0,0,5.443630607336961e-05,0,0.0
2025-02-27 15:00:00,0.0,0,1.6495841857919676e-05,0,0.0
2025-02-27 16:00:00,0.0,0,5.901761901259777e-07,0,0.0
2025-02-27 17:00:00,0.0,0,2.5126612740803223e-08,0,0.0
2025-02-27 18:00:00,0.0,0,4.576360995486491e-09,0,0.0
2025-02-27 19:00:00,0.0,0,2.693079998736381e-10,0,0.0
2025-02-27 20:00:00,0.0,0,1.2513146501777573e-09,0,0.0
2025-02-27 21:00:00,0.0,0,1.6068313233925206e-10,0,0.0
2025-02-27 22:00:00,0.0,0,3.5611190781994026e-11,0,0.0
2025-02-27 23:00:00,0.0,0,5.125781564927608e-11,0,0.0
2025-02-28 00:00:00,0.0,0,9.265231994737966e-11,0,0.0
2025-02-28 01:00:00,0.0,0,5.410530852927433e-10,0,0.0
2025-02-28 02:00:00,0.0,0,2.514992028819255e-09,0,0.0
2025-02-28 03:00:00,0.0,0,6.430150431864541e-09,0,0.0
2025-02-28 04:00:00,0.0,0,1.5299346804900527e-09,0,0.0
2025-02-28 05:00:00,0.0,0,6.136266572900483e-09,0,0.0
2025-02-28 06:00:00,0.0,0,1.3117819732328826e-08,0,0.0
2025-02-28 07:00:00,0.0,0,9.208101446473888e-08,0,0.0
2025-02-28 08:00:00,0.0,0,3.612415914617473e-05,0,0.0
2025-02-28 09:00:00,0.0,0,0.0002686769363672889,0,0.0
2025-02-28 10:00:00,0.0,0,0.08619544535919813,0,0.0
2025-02-28 11:00:00,0.0,0,0.0024658724862831865,0,0.0
2025-02-28 12:00:00,0.0,0,0.19765253219896048,0,0.0
2025-02-28 13:00:00,0.0,0,0.03424676213985994,0,0.0
2025-02-28 14:00:00,0.0,0,0.021184095957925274,0,0.0
2025-02-28 15:00:00,0.0,0,0.0013470546625331953,0,0.0
2025-02-28 16:00:00,0.0,0,7.270104591143098e-05,0,0.0
2025-02-28 17:00:00,0.0,0,8.952480739744946e-07,0,0.0
2025-02-28 18:00:00,0.0,0,4.957899707533555e-08,0,0.0
2025-02-28 19:00:00,0.0,0,4.118628408813129e-08,0,0.0
2025-02-28 20:00:00,0.0,0,8.313649398007178e-09,0,0.0
2025-02-28 21:00:00,0.0,0,3.3438412950677874e-09,0,0.0
2025-02-28 22:00:00,0.0,0,1.6121033503031227e-09,0,0.0
2025-02-28 23:00:00,0.0,0,1.427383316767339e-09,0,0.0
2025-03-01 00:00:00,0.0,0,1.8649361910040394e-09,0,0.0
2025-03-01 01:00:00,0.0,0,3.4090657473911447e-09,0,0.0
2025-03-01 02:00:00,0.0,0,4.527087779119596e-09,0,0.0
2025-03-01 03:00:00,0.0,0,1.3730666534963059e-08,0,0.0
2025-03-01 04:00:00,0.0,0,1.294231953667132e-08,0,0.0
2025-03-01 05:00:00,0.0,0,4.154712902859193e-09,0,0.0
2025-03-01 06:00:00,0.0,0,1.6486170740853366e-07,0,0.0
2025-03-01 07:00:00,0.0,0,1.4598944417731468e-05,0,0.0
2025-03-01 08:00:00,0.0,0,0.02276250986529782,0,0.0
2025-03-01 09:00:00,0.0,0,0.2207916062836505,0,0.0
2025-03-01 10:00:00,0.0,0,0.7735177541442391,1,4.006290202656566
2025-03-01 11:00:00,0.0,0,0.47952997216337223,0,0.0
2025-03-01 12:00:00,1.640680116057796,1,0.6768842139777259,1,4.835424829411121
2025-03-01 13:00:00,0.0,0,0.12048981042132534,0,0.0
2025-03-01 14:00:00,0.0,0,0.06941205099269065,0,0.0
2025-03-01 15:00:00,0.0,0,0.0027506037711043773,0,0.0
2025-03-01 16:00:00,0.0,0,7.815295047876586e-05,0,0.0
2025-03-01 17:00:00,0.0,0,2.039865273431356e-06,0,0.0
2025-03-01 18:00:00,0.0,0,2.408219412461452e-07,0,0.0
2025-03-01 19:00:00,0.0,0,1.5041169385824543e-08,0,0.0
2025-03-01 20:00:00,0.0,0,4.570350335014077e-09,0,0.0
2025-03-01 21:00:00,0.0,0,1.517228771372728e-09,0,0.0
2025-03-01 22:00:00,0.0,0,5.947588395943003e-10,0,0.0
2025-03-01 23:00:00,0.0,0,7.482989740065856e-10,0,0.0
2025-03-02 00:00:00,0.0,0,4.096386546239102e-10,0,0.0
2025-03-02 01:00:00,0.0,0,3.084036212057894e-09,0,0.0
2025-03-02 02:00:00,0.0,0,8.010484175833156e-09,0,0.0
2025-03-02 03:00:00,0.0,0,2.1897539558405905e-08,0,0.0
2025-03-02 04:00:00,0.0,0,4.534138884492775e-08,0,0.0
2025-03-02 05:00:00,0.0,0,2.7787447080635964e-07,0,0.0
2025-03-02 06:00:00,0.0,0,5.216165485750319e-06,0,0.0
2025-03-02 07:00:00,0.0,0,0.0009160564765607765,0,0.0
2025-03-02 08:00:00,0.0,0,0.0042935300860109426,0,0.0
2025-03-02 09:00:00,0.0,0,0.01295715571450721,0,0.0
2025-03-02 10:00:00,0.0,0,0.07216678041515082,0,0.0
2025-03-02 11:00:00,0.0,0,0.0025037524826407717,0,0.0
2025-03-02 12:00:00,0.0,0,0.0008406057589130618,0,0.0
2025-03-02 13:00:00,0.0,0,6.336436893582111e-05,0,0.0
2025-03-02 14:00:00,0.0,0,2.286524074447265e-05,0,0.0
2025-03-02 15:00:00,0.0,0,5.130403305959644e-07,0,0.0
2025-03-02 16:00:00,0.0,0,4.7100923675379406e-07,0,0.0
2025-03-02 17:00:00,0.0,0,1.2306067566352976e-08,0,0.0
2025-03-02 18:00:00,0.0,0,1.8683299731033004e-09,0,0.0
2025-03-02 19:00:00,0.0,0,1.3480131436887984e-10,0,0.0
2025-03-02 20:00:00,0.0,0,2.8083308116993813e-11,0,0.0
2025-03-02 21:00:00,0.0,0,4.996290131126385e-11,0,0.0
2025-03-02 22:00:00,0.0,0,7.802696606808878e-11,0,0.0
2025-03-02 23:00:00,0.0,0,2.9736117483353084e-11,0,0.0
2025-03-03 00:00:00,0.0,0,1.9306511909210758e-11,0,0.0
2025-03-03 01:00:00,0.0,0,7.718926274462927e-11,0,0.0
2025-03-03 02:00:00,0.0,0,2.606406306019296e-10,0,0.0
2025-03-03 03:00:00,0.0,0,8.19401892595951e-10,0,0.0
2025-03-03 04:00:00,0.0,0,1.1979294911030366e-08,0,0.0
2025-03-03 05:00:00,0.0,0,3.71414650608692e-08,0,0.0
2025-03-03 06:00:00,0.0,0,5.636680784164726e-07,0,0.0
2025-03-03 07:00:00,0.0,0,3.1888680167225044e-06,0,0.0
2025-03-03 08:00:00,0.0,0,1.9868990641127432e-05,0,0.0
2025-03-03 09:00:00,0.0,0,0.00035762110794958864,0,0.0
2025-03-03 10:00:00,6.486611011092279,1,0.5667544273112322,1,4.377714769009985
2025-03-03 11:00:00,0.0,0,0.3497832423448786,0,0.0
2025-03-03 12:00:00,0.0,0,0.3457476889692641,0,0.0
2025-03-03 13:00:00,0.0,0,0.12401719219335382,0,0.0
2025-03-03 14:00:00,0.0,0,0.0036883157619680704,0,0.0
2025-03-03 15:00:00,0.0,0,0.002955181047662364,0,0.0
2025-03-03 16:00:00,0.0,0,3.0049290980712845e-05,0,0.0
2025-03-03 17:00:00,0.0,0,1.6743219212750149e-06,0,0.0
2025-03-03 18:00:00,0.0,0,1.2700539959090348e-07,0,0.0
2025-03-03 19:00:00,0.0,0,3.222400453854745e-08,0,0.0
2025-03-03 20:00:00,0.0,0,7.111499486655995e-09,0,0.0
2025-03-03 21:00:00,0.0,0,1.6345967114665668e-09,0,0.0
2025-03-03 22:00:00,0.0,0,7.977367167130815e-10,0,0.0
2025-03-03 23:00:00,0.0,0,6.431810862343538e-10,0,0.0
2025-03-04 00:00:00,0.0,0,4.141652824933029e-10,0,0.0
2025-03-04 01:00:00,0.0,0,1.397116589056543e-09,0,0.0
2025-03-04 02:00:00,0.0,0,8.58754036372458e-09,0,0.0
2025-03-04 03:00:00,0.0,0,1.3011039910418887e-08,0,0.0
2025-03-04 04:00:00,0.0,0,6.270824453192816e-08,0,0.0
2025-03-04 05:00:00,0.0,0,1.1392194276778274e-07,0,0.0
2025-03-04 06:00:00,0.0,0,5.857672441869264e-06,0,0.0
2025-03-04 07:00:00,0.0,0,0.0006436238675693311,0,0.0
2025-03-04 08:00:00,0.0,0,0.04914783213217211,0,0.0
2025-03-04 09:00:00,0.0,0,0.06810263976713826,0,0.0
2025-03-04 10:00:00,0.0,0,0.005205131875625671,0,0.0
2025-03-04 11:00:00,0.0,0,0.000950108860685996,0,0.0
2025-03-04 12:00:00,0.0,0,0.0028034342069279228,0,0.0
2025-03-04 13:00:00,5.967322982745356,1,0.1783695748414252,0,0.0
2025-03-04 14:00:00,0.0,0,0.05100405338304209,0,0.0
2025-03-04 15:00:00,0.0,0,0.0031827122652979714,0,0.0
2025-03-04 16:00:00,0.0,0,0.00016327220750287006,0,0.0
2025-03-04 17:00:00,0.0,0,2.9783591317935227e-06,0,0.0
2025-03-04 18:00:00,0.0,0,2.9016705157098894e-07,0,0.0
2025-03-04 19:00:00,0.0,0,6.025181185853774e-08,0,0.0
2025-03-04 20:00:00,0.0,0,1.2419733507016866e-08,0,0.0
2025-03-04 21:00:00,0.0,0,3.0906953541510043e-09,0,0.0
2025-03-04 22:00:00,0.0,0,1.7086311234857045e-09,0,0.0
2025-03-04 23:00:00,0.0,0,8.768586788541507e-10,0,0.0
2025-03-05 00:00:00,0.0,0,1.593635336278222e-09,0,0.0
2025-03-05 01:00:00,0.0,0,4.085172237506197e-09,0,0.0
2025-03-05 02:00:00,0.0,0,8.24863375625017e-09,0,0.0
2025-03-05 03:00:00,0.0,0,2.4485347242577586e-08,0,0.0
2025-03-05 04:00:00,0.0,0,1.3813059407042776e-08,0,0.0
2025-03-05 05:00:00,0.0,0,7.987326329657484e-08,0,0.0
2025-03-05 06:00:00,0.0,0,1.8432775155216078e-06,0,0.0
2025-03-05 07:00:00,0.0,0,0.00047602440685406007,0,0.0
2025-03-05 08:00:00,0.0,0,0.19496827426967628,0,0.0
2025-03-05 09:00:00,0.0,0,0.5434456032674987,1,5.530229449155111
2025-03-05 10:00:00,0.0,0,0.14219683682783016,0,0.0
2025-03-05 11:00:00,0.0,0,0.008357509057654576,0,0.0
2025-03-05 12:00:00,0.0,0,0.07386127181706945,0,0.0
2025-03-05 13:00:00,0.0,0,7.92765050987747e-05,0,0.0
2025-03-05 14:00:00,0.0,0,1.5321685270405624e-05,0,0.0
2025-03-05 15:00:00,0.0,0,1.7997599770850563e-05,0,0.0
2025-03-05 16:00:00,0.0,0,1.2022115368093383e-06,0,0.0
2025-03-05 17:00:00,0.0,0,1.8460553048108717e-08,0,0.0
2025-03-05 18:00:00,0.0,0,2.383391154100233e-09,0,0.0
2025-03-05 19:00:00,0.0,0,1.0706428397453996e-09,0,0.0
2025-03-05 20:00:00,0.0,0,3.9378137605120023e-10,0,0.0
2025-03-05 21:00:00,0.0,0,1.0054183869069546e-10,0,0.0
2025-03-05 22:00:00,0.0,0,3.808506057805286e-11,0,0.0
2025-03-05 23:00:00,0.0,0,1.0328386066529309e-10,0,0.0
2025-03-06 00:00:00,0.0,0,9.986835197350752e-11,0,0.0
2025-03-06 01:00:00,0.0,0,3.5439897352959456e-10,0,0.0
2025-03-06 02:00:00,0.0,0,7.027191790883374e-10,0,0.0
2025-03-06 03:00:00,0.0,0,9.086902311126682e-10,0,0.0
2025-03-06 04:00:00,0.0,0,2.0897056544912868e-08,0,0.0
2025-03-06 05:00:00,0.0,0,1.664962974935089e-07,0,0.0
2025-03-06 06:00:00,0.0,0,2.799017233054643e-06,0,0.0
2025-03-06 07:00:00,0.0,0,2.3150138012768246e-06,0,0.0
2025-03-06 08:00:00,0.0,0,3.263317152636033e-05,0,0.0
2025-03-06 09:00:00,6.412887929705898,1,0.5872929367196138,1,5.708724448169883
2025-03-06 10:00:00,0.0,0,0.46357669925853084,0,0.0
2025-03-06 11:00:00,0.0,0,0.16515511907935518,0,0.0
2025-03-06 12:00:00,0.0,0,0.009409012750152023,0,0.0
2025-03-06 13:00:00,0.0,0,0.0036232165503862542,0,0.0
2025-03-06 14:00:00,0.0,0,0.00029643363174292547,0,0.0
2025-03-06 15:00:00,0.0,0,3.397831926518405e-05,0,0.0
2025-03-06 16:00:00,0.0,0,1.744111254190902e-06,0,0.0
2025-03-06 17:00:00,0.0,0,3.8783337782266754e-07,0,0.0
2025-03-06 18:00:00,0.0,0,6.386276784417684e-08,0,0.0
2025-03-06 19:00:00,0.0,0,4.728842476195973e-09,0,0.0
2025-03-06 20:00:00,0.0,0,6.534216303463241e-10,0,0.0
2025-03-06 21:00:00,0.0,0,2.1862394477964853e-10,0,0.0
2025-03-06 22:00:00,0.0,0,2.230010907153791e-10,0,0.0
2025-03-06 23:00:00,0.0,0,9.709276790412736e-11,0,0.0
2025-03-07 00:00:00,0.0,0,7.688080397798367e-11,0,0.0
2025-03-07 01:00:00,0.0,0,1.4482062908112966e-10,0,0.0
2025-03-07 02:00:00,0.0,0,2.032030021436355e-09,0,0.0
2025-03-07 03:00:00,0.0,0,1.670068602243802e-08,0,0.0
2025-03-07 04:00:00,0.0,0,5.994526643599684e-08,0,0.0
2025-03-07 05:00:00,0.0,0,3.591392300383871e-07,0,0.0
2025-03-07 06:00:00,0.0,0,4.41419428205454e-06,0,0.0
2025-03-07 07:00:00,0.0,0,6.428190605273409e-05,0,0.0
2025-03-07 08:00:00,0.0,0,1.4982187623362388e-05,0,0.0
2025-03-07 09:00:00,0.0,0,1.8772260985029953e-05,0,0.0
2025-03-07 10:00:00,6.655688372813942,1,0.7123831714149433,1,5.479076245483175
2025-03-07 11:00:00,0.0,0,0.609030582638272,1,5.365279822795711
2025-03-07 12:00:00,0.0,0,0.14325989994350735,0,0.0
2025-03-07 13:00:00,0.0,0,0.032159156205951764,0,0.0
2025-03-07 14:00:00,0.0,0,0.011414807852853318,0,0.0
2025-03-07 15:00:00,0.0,0,9.259531768783156e-05,0,0.0
2025-03-07 16:00:00,0.0,0,8.015012441921388e-06,0,0.0
2025-03-07 17:00:00,0.0,0,4.835256419471477e-07,0,0.0
2025-03-07 18:00:00,0.0,0,1.9120694159042924e-07,0,0.0
2025-03-07 19:00:00,0.0,0,4.5058757080272246e-08,0,0.0
2025-03-07 20:00:00,0.0,0,1.8337333321252066e-08,0,0.0
2025-03-07 21:00:00,0.0,0,4.1164970706347995e-09,0,0.0
2025-03-07 22:00:00,0.0,0,1.9971033374055046e-09,0,0.0
2025-03-07 23:00:00,0.0,0,5.907418626735384e-10,0,0.0
2025-03-08 00:00:00,0.0,0,2.1650263829989048e-09,0,0.0
2025-03-08 01:00:00,0.0,0,4.173902578424404e-09,0,0.0
2025-03-08 02:00:00,0.0,0,1.2829646801543441e-08,0,0.0
2025-03-08 03:00:00,0.0,0,1.3746143920161125e-07,0,0.0
2025-03-08 04:00:00,0.0,0,5.037995448647124e-07,0,0.0
2025-03-08 05:00:00,0.0,0,2.149502893606283e-06,0,0.0
2025-03-08 06:00:00,0.0,0,3.7776663378114063e-05,0,0.0
2025-03-08 07:00:00,0.0,0,0.0014958156501546688,0,0.0
2025-03-08 08:00:00,0.0,0,0.005983385779131025,0,0.0
2025-03-08 09:00:00,0.0,0,0.014721003439403428,0,0.0
2025-03-08 10:00:00,0.0,0,0.0030502235507477832,0,0.0
2025-03-08 11:00:00,0.0,0,0.0002061235678468074,0,0.0
2025-03-08 12:00:00,0.0,0,0.00010179736818054286,0,0.0
2025-03-08 13:00:00,6.215064378667117,1,0.6315818263331135,1,5.298849186945626
2025-03-08 14:00:00,0.0,0,0.16032666120016575,0,0.0
2025-03-08 15:00:00,0.0,0,0.014947304247726395,0,0.0
2025-03-08 16:00:00,0.0,0,0.00010486554039924354,0,0.0
2025-03-08 17:00:00,0.0,0,4.2324418220817105e-06,0,0.0
2025-03-08 18:00:00,0.0,0,2.9444937433794576e-07,0,0.0
2025-03-08 19:00:00,0.0,0,9.057907664595434e-08,0,0.0
2025-03-08 20:00:00,0.0,0,3.8952505872233854e-08,0,0.0
2025-03-08 21:00:00,0.0,0,1.9963436388966795e-08,0,0.0
2025-03-08 22:00:00,0.0,0,8.112848017403712e-09,0,0.0
2025-03-08 23:00:00,0.0,0,5.1686015920021e-09,0,0.0
2025-03-09 00:00:00,0.0,0,6.065640912475752e-09,0,0.0
2025-03-09 01:00:00,0.0,0,1.871307401370772e-08,0,0.0
2025-03-09 02:00:00,0.0,0,5.854759950124581e-08,0,0.0
2025-03-09 03:00:00,0.0,0,1.4787679051437058e-07,0,0.0
2025-03-09 04:00:00,0.0,0,7.969991488233412e-07,0,0.0
2025-03-09 05:00:00,0.0,0,7.414542907265308e-07,0,0.0
2025-03-09 06:00:00,0.0,0,0.0002150594006088199,0,0.0
2025-03-09 07:00:00,0.0,0,0.011516665665089148,0,0.0
2025-03-09 08:00:00,0.0,0,0.16403328999728825,0,0.0
2025-03-09 09:00:00,0.0,0,0.2677866880432512,0,0.0
2025-03-09 10:00:00,0.0,0,0.022364922599830573,0,0.0
2025-03-09 11:00:00,0.0,0,0.001446933637101031,0,0.0
2025-03-09 12:00:00,0.0,0,0.0005300193022439176,0,0.0
2025-03-09 13:00:00,0.0,0,0.0001248306277870382,0,0.0
2025-03-09 14:00:00,0.0,0,3.629369580678332e-05,0,0.0
2025-03-09 15:00:00,0.0,0,2.582552454387305e-06,0,0.0
2025-03-09 16:00:00,0.0,0,8.871927363153367e-07,0,0.0
2025-03-09 17:00:00,0.0,0,1.4718866261539658e-08,0,0.0
2025-03-09 18:00:00,0.0,0,1.5324569296641954e-09,0,0.0
2025-03-09 19:00:00,0.0,0,4.524284670265254e-10,0,0.0
2025-03-09 20:00:00,0.0,0,1.3642018330490887e-10,0,0.0
2025-03-09 21:00:00,0.0,0,4.257815778340002e-10,0,0.0
2025-03-09 22:00:00,0.0,0,7.888817063210832e-11,0,0.0
2025-03-09 23:00:00,0.0,0,5.235563499593625e-12,0,0.0
2025-03-10 00:00:00,0.0,0,1.2804143024685382e-10,0,0.0
2025-03-10 01:00:00,0.0,0,1.0852941451355282e-09,0,0.0
2025-03-10 02:00:00,0.0,0,1.353303019126967e-09,0,0.0
2025-03-10 03:00:00,0.0,0,3.4567150794423227e-09,0,0.0
2025-03-10 04:00:00,0.0,0,4.6069693452315335e-08,0,0.0
2025-03-10 05:00:00,0.0,0,5.919785468510347e-07,0,0.0
2025-03-10 06:00:00,0.0,0,3.577399982461005e-06,0,0.0
2025-03-10 07:00:00,0.0,0,6.8889001010765e-06,0,0.0
2025-03-10 08:00:00,0.0,0,3.427425211103218e-05,0,0.0
2025-03-10 09:00:00,5.685703247469487,1,0.63205278199845,1,6.181624784228276
2025-03-10 10:00:00,0.0,0,0.5510885048896909,1,5.210451460403834
2025-03-10 11:00:00,0.0,0,0.04306782692584592,0,0.0
2025-03-10 12:00:00,0.0,0,0.0041926270782662615,0,0.0
2025-03-10 13:00:00,0.0,0,0.0014860185243230908,0,0.0
2025-03-10 14:00:00,0.0,0,0.00045549774799262,0,0.0
2025-03-10 15:00:00,0.0,0,5.149687836640162e-05,0,0.0
2025-03-10 16:00:00,0.0,0,1.040336155533279e-06,0,0.0
2025-03-10 17:00:00,0.0,0,2.440587173675782e-08,0,0.0
2025-03-10 18:00:00,0.0,0,1.450711552469304e-08,0,0.0
2025-03-10 19:00:00,0.0,0,4.3229662742185125e-09,0,0.0
2025-03-10 20:00:00,0.0,0,2.7811635658509836e-09,0,0.0
2025-03-10 21:00:00,0.0,0,2.695090287447578e-10,0,0.0
2025-03-10 22:00:00,0.0,0,2.833911387955072e-10,0,0.0
2025-03-10 23:00:00,0.0,0,1.0290252203227097e-09,0,0.0
2025-03-11 00:00:00,0.0,0,9.59419133379266e-10,0,0.0
2025-03-11 01:00:00,0.0,0,9.09051300294992e-10,0,0.0
2025-03-11 02:00:00,0.0,0,1.3568400478821921e-08,0,0.0
2025-03-11 03:00:00,0.0,0,3.7732315518947455e-08,0,0.0
2025-03-11 04:00:00,0.0,0,2.748816530134137e-07,0,0.0
2025-03-11 05:00:00,0.0,0,6.038604363662593e-07,0,0.0
2025-03-11 06:00:00,0.0,0,2.2355294180357705e-05,0,0.0
2025-03-11 07:00:00,0.0,0,0.00042110590742172046,0,0.0
2025-03-11 08:00:00,0.0,0,0.00042052930401787766,0,0.0
2025-03-11 09:00:00,0.0,0,0.00042621663908753673,0,0.0
2025-03-11 10:00:00,7.08101310059451,1,0.705537074298626,1,5.462392570317009
2025-03-11 11:00:00,0.0,0,0.6680136361812231,1,5.581222526960301
2025-03-11 12:00:00,0.0,0,0.012162305386688922,0,0.0
2025-03-11 13:00:00,0.0,0,0.025554796255561514,0,0.0
2025-03-11 14:00:00,0.0,0,0.015221807437465517,0,0.0
2025-03-11 15:00:00,0.0,0,5.044917802778716e-05,0,0.0
2025-03-11 16:00:00,0.0,0,5.424156154678707e-06,0,0.0
2025-03-11 17:00:00,0.0,0,5.166136947642796e-07,0,0.0
2025-03-11 18:00:00,0.0,0,8.531855050674471e-08,0,0.0
2025-03-11 19:00:00,0.0,0,5.983244621553887e-08,0,0.0
2025-03-11 20:00:00,0.0,0,2.4766327084579628e-08,0,0.0
2025-03-11 21:00:00,0.0,0,1.226322394031982e-09,0,0.0
2025-03-11 22:00:00,0.0,0,1.8221664038216863e-09,0,0.0
2025-03-11 23:00:00,0.0,0,2.3085026711538435e-09,0,0.0
2025-03-12 00:00:00,0.0,0,2.4348756909055235e-09,0,0.0
2025-03-12 01:00:00,0.0,0,7.585097886496226e-09,0,0.0
2025-03-12 02:00:00,0.0,0,3.3278062857460844e-08,0,0.0
2025-03-12 03:00:00,0.0,0,6.494691625743171e-08,0,0.0
2025-03-12 04:00:00,0.0,0,1.0297971307745524e-06,0,0.0
2025-03-12 05:00:00,0.0,0,3.7797889949610507e-06,0,0.0
2025-03-12 06:00:00,0.0,0,0.00017073696594400924,0,0.0
2025-03-12 07:00:00,0.0,0,0.0031195286536374028,0,0.0
2025-03-12 08:00:00,0.0,0,0.0013515724028554858,0,0.0
2025-03-12 09:00:00,0.0,0,0.00028091491767916015,0,0.0
2025-03-12 10:00:00,0.0,0,0.0021167516360932393,0,0.0
2025-03-12 11:00:00,6.203198659112974,1,0.7590591992614683,1,5.72558801891643
2025-03-12 12:00:00,0.0,0,0.4837630947331115,0,0.0
2025-03-12 13:00:00,0.0,0,0.02184284591159724,0,0.0
2025-03-12 14:00:00,0.0,0,0.03104398965029015,0,0.0
2025-03-12 15:00:00,0.0,0,0.0009517850605290752,0,0.0
2025-03-12 16:00:00,0.0,0,5.605210664821024e-05,0,0.0
2025-03-12 17:00:00,0.0,0,1.274540824923122e-06,0,0.0
2025-03-12 18:00:00,0.0,0,2.8202289953779007e-07,0,0.0
2025-03-12 19:00:00,0.0,0,1.0937980190716242e-07,0,0.0
2025-03-12 20:00:00,0.0,0,1.1572159124760683e-08,0,0.0
2025-03-12 21:00:00,0.0,0,1.8570939634594796e-08,0,0.0
2025-03-12 22:00:00,0.0,0,3.3706666797948563e-09,0,0.0
2025-03-12 23:00:00,0.0,0,4.344463772510872e-09,0,0.0
2025-03-13 00:00:00,0.0,0,7.311078097138441e-09,0,0.0
2025-03-13 01:00:00,0.0,0,8.058658111579451e-09,0,0.0
2025-03-13 02:00:00,0.0,0,4.0650139690127464e-08,0,0.0
2025-03-13 03:00:00,0.0,0,3.142464019672697e-07,0,0.0
2025-03-13 04:00:00,0.0,0,1.5738299342686331e-06,0,0.0
2025-03-13 05:00:00,0.0,0,3.964620777207257e-06,0,0.0
2025-03-13 06:00:00,0.0,0,0.0002493085910691585,0,0.0
2025-03-13 07:00:00,0.0,0,0.004987579737541525,0,0.0
2025-03-13 08:00:00,0.0,0,0.016863150531500243,0,0.0
2025-03-13 09:00:00,0.0,0,0.19212248064195644,0,0.0
2025-03-13 10:00:00,0.0,0,0.006607912588968331,0,0.0
2025-03-13 11:00:00,0.0,0,0.00021281400444896802,0,0.0
2025-03-13 12:00:00,0.0,0,0.00019925425783646477,0,0.0
2025-03-13 13:00:00,5.295919749752295,1,0.29399723888870166,0,0.0
2025-03-13 14:00:00,0.0,0,0.17142748595082408,0,0.0
2025-03-13 15:00:00,0.0,0,0.002479223979450231,0,0.0
2025-03-13 16:00:00,0.0,0,8.32360040022085e-05,0,0.0
2025-03-13 17:00:00,0.0,0,3.7940732436914638e-06,0,0.0
2025-03-13 18:00:00,0.0,0,3.2103789009442315e-07,0,0.0
2025-03-13 19:00:00,0.0,0,1.03010698682406e-07,0,0.0
2025-03-13 20:00:00,0.0,0,5.728035874691216e-08,0,0.0
2025-03-13 21:00:00,0.0,0,2.0691970146014638e-08,0,0.0
2025-03-13 22:00:00,0.0,0,4.186801559598266e-09,0,0.0
2025-03-13 23:00:00,0.0,0,1.7332422079008675e-09,0,0.0
2025-03-14 00:00:00,0.0,0,4.601087111829026e-09,0,0.0
2025-03-14 01:00:00,0.0,0,1.0432432789566648e-08,0,0.0
2025-03-14 02:00:00,0.0,0,4.2454251494238174e-08,0,0.0
2025-03-14 03:00:00,0.0,0,1.5333749505152585e-07,0,0.0
2025-03-14 04:00:00,0.0,0,7.94736870437586e-07,0,0.0
2025-03-14 05:00:00,0.0,0,1.8062384766578267e-06,0,0.0
2025-03-14 06:00:00,0.0,0,8.0843077215641e-05,0,0.0
2025-03-14 07:00:00,0.0,0,0.007644947826972098,0,0.0
2025-03-14 08:00:00,0.0,0,0.008786115966052712,0,0.0
2025-03-14 09:00:00,0.0,0,0.08269186536718795,0,0.0
2025-03-14 10:00:00,0.0,0,0.032366488472441814,0,0.0
2025-03-14 11:00:00,0.0,0,0.000577949412819661,0,0.0
2025-03-14 12:00:00,0.0,0,0.0023258811541911006,0,0.0
2025-03-14 13:00:00,0.0,0,2.6619734655761945e-05,0,0.0
2025-03-14 14:00:00,0.0,0,1.8247735472350593e-05,0,0.0
2025-03-14 15:00:00,0.0,0,3.6558835330631426e-07,0,0.0
2025-03-14 16:00:00,0.0,0,2.2526041890872937e-07,0,0.0
2025-03-14 17:00:00,0.0,0,2.747406634030081e-08,0,0.0
2025-03-14 18:00:00,0.0,0,5.820874866714489e-10,0,0.0
2025-03-14 19:00:00,0.0,0,6.131467316192747e-10,0,0.0
2025-03-14 20:00:00,0.0,0,1.4473660758402663e-10,0,0.0
2025-03-14 21:00:00,0.0,0,2.7739341475480632e-11,0,0.0
2025-03-14 22:00:00,0.0,0,6.299410292646553e-11,0,0.0
2025-03-14 23:00:00,0.0,0,4.910182730614721e-11,0,0.0
2025-03-15 00:00:00,0.0,0,1.0977271658353187e-11,0,0.0
2025-03-15 01:00:00,0.0,0,1.1708794877460293e-11,0,0.0
2025-03-15 02:00:00,0.0,0,3.716497346118784e-10,0,0.0
2025-03-15 03:00:00,0.0,0,4.0691504349942523e-10,0,0.0
2025-03-15 04:00:00,0.0,0,1.4402973224558677e-09,0,0.0
2025-03-15 05:00:00,0.0,0,2.2883151575254885e-09,0,0.0
2025-03-15 06:00:00,0.0,0,3.468374921869992e-07,0,0.0
2025-03-15 07:00:00,0.0,0,1.4560705073583765e-07,0,0.0
2025-03-15 08:00:00,6.660345432924923,1,0.008349081076320802,0,0.0
2025-03-15 09:00:00,0.0,0,0.089674034733272,0,0.0
2025-03-15 10:00:00,0.0,0,0.008925359418139978,0,0.0
2025-03-15 11:00:00,0.0,0,0.0068881813199788864,0,0.0
2025-03-15 12:00:00,0.0,0,0.004034312734665118,0,0.0
2025-03-15 13:00:00,0.0,0,0.0005360837875954452,0,0.0
2025-03-15 14:00:00,0.0,0,6.573028193464183e-05,0,0.0
2025-03-15 15:00:00,0.0,0,2.346552294674748e-06,0,0.0
2025-03-15 16:00:00,0.0,0,1.6319724271699896e-06,0,0.0
2025-03-15 17:00:00,0.0,0,1.5177114363410977e-08,0,0.0
2025-03-15 18:00:00,0.0,0,1.226422761623084e-09,0,0.0
2025-03-15 19:00:00,0.0,0,1.553322578550377e-09,0,0.0
2025-03-15 20:00:00,0.0,0,1.564907258079894e-10,0,0.0
2025-03-15 21:00:00,0.0,0,7.317608845409896e-11,0,0.0
2025-03-15 22:00:00,0.0,0,1.081387528993927e-10,0,0.0
2025-03-15 23:00:00,0.0,0,1.4436721661683764e-10,0,0.0
2025-03-16 00:00:00,0.0,0,8.973120536877797e-11,0,0.0
2025-03-16 01:00:00,0.0,0,2.965233925204761e-10,0,0.0
2025-03-16 02:00:00,0.0,0,1.7804393734125925e-09,0,0.0
2025-03-16 03:00:00,0.0,0,2.359405490115104e-09,0,0.0
2025-03-16 04:00:00,0.0,0,3.326035237360226e-09,0,0.0
2025-03-16 05:00:00,0.0,0,2.6278938728814782e-08,0,0.0
2025-03-16 06:00:00,0.0,0,6.949141861145248e-07,0,0.0
2025-03-16 07:00:00,0.0,0,6.105755837026867e-06,0,0.0
2025-03-16 08:00:00,0.0,0,0.0002301700539472404,0,0.0
2025-03-16 09:00:00,5.552908903579393,1,0.2208851260057743,0,0.0
2025-03-16 10:00:00,0.0,0,0.11026262823137246,0,0.0
2025-03-16 11:00:00,0.0,0,0.008259313837710629,0,0.0
2025-03-16 12:00:00,0.0,0,0.005890179498322369,0,0.0
2025-03-16 13:00:00,0.0,0,0.001299082454975966,0,0.0
2025-03-16 14:00:00,0.0,0,0.000353749153047562,0,0.0
2025-03-16 15:00:00,0.0,0,4.27460700934437e-05,0,0.0
2025-03-16 16:00:00,0.0,0,3.3798296109567824e-06,0,0.0
2025-03-16 17:00:00,0.0,0,1.123612761647773e-08,0,0.0
2025-03-16 18:00:00,0.0,0,4.734500567366258e-08,0,0.0
2025-03-16 19:00:00,0.0,0,1.964106258603416e-08,0,0.0
2025-03-16 20:00:00,0.0,0,5.762988745688564e-10,0,0.0
2025-03-16 21:00:00,0.0,0,1.8889580064608562e-10,0,0.0
2025-03-16 22:00:00,0.0,0,9.693236739729022e-11,0,0.0
2025-03-16 23:00:00,0.0,0,3.283229136475244e-10,0,0.0
2025-03-17 00:00:00,0.0,0,1.8505795927256301e-10,0,0.0
2025-03-17 01:00:00,0.0,0,6.719294793673005e-10,0,0.0
2025-03-17 02:00:00,0.0,0,1.137003609830737e-09,0,0.0
2025-03-17 03:00:00,0.0,0,1.238313534028928e-08,0,0.0
2025-03-17 04:00:00,0.0,0,2.332150798942213e-08,0,0.0
2025-03-17 05:00:00,0.0,0,9.207791887195522e-08,0,0.0
2025-03-17 06:00:00,0.0,0,1.2114426703804666e-06,0,0.0
2025-03-17 07:00:00,0.0,0,1.6446544074865762e-05,0,0.0
2025-03-17 08:00:00,0.0,0,7.55422887276082e-05,0,0.0
2025-03-17 09:00:00,0.0,0,5.689960518748127e-05,0,0.0
2025-03-17 10:00:00,6.4112858089669205,1,0.49131809371844526,0,0.0
2025-03-17 11:00:00,0.0,0,0.09972439238176971,0,0.0
2025-03-17 12:00:00,0.0,0,0.15151599480257452,0,0.0
2025-03-17 13:00:00,0.0,0,0.024500889400089078,0,0.0
2025-03-17 14:00:00,0.0,0,0.001808556970389196,0,0.0
2025-03-17 15:00:00,0.0,0,0.00105409704448357,0,0.0
2025-03-17 16:00:00,0.0,0,0.00012873373663465845,0,0.0
2025-03-17 17:00:00,0.0,0,7.267561833679629e-07,0,0.0
2025-03-17 18:00:00,0.0,0,2.837435643052215e-07,0,0.0
2025-03-17 19:00:00,0.0,0,4.635185068866427e-08,0,0.0
2025-03-17 20:00:00,0.0,0,5.6586935817331815e-09,0,0.0
2025-03-17 21:00:00,0.0,0,1.0090740008545331e-09,0,0.0
2025-03-17 22:00:00,0.0,0,2.1565643101297828e-09,0,0.0
2025-03-17 23:00:00,0.0,0,6.298714995584757e-10,0,0.0
2025-03-18 00:00:00,0.0,0,7.887537067348309e-10,0,0.0
2025-03-18 01:00:00,0.0,0,2.389516682576905e-09,0,0.0
2025-03-18 02:00:00,0.0,0,1.717757802595861e-08,0,0.0
2025-03-18 03:00:00,0.0,0,2.6675665233106646e-08,0,0.0
2025-03-18 04:00:00,0.0,0,6.766493614203891e-08,0,0.0
2025-03-18 05:00:00,0.0,0,1.4539372799792234e-07,0,0.0
2025-03-18 06:00:00,0.0,0,8.359050384027575e-06,0,0.0
2025-03-18 07:00:00,0.0,0,0.00031491396443270985,0,0.0
2025-03-18 08:00:00,0.0,0,0.0002975019744500556,0,0.0
2025-03-18 09:00:00,0.0,0,0.000245870401564624,0,0.0
2025-03-18 10:00:00,0.0,0,0.0032630888652431674,0,0.0
2025-03-18 11:00:00,0.0,0,0.00023845408575308695,0,0.0
2025-03-18 12:00:00,5.497675368044939,1,0.5405711842999225,1,6.1000058286101595
2025-03-18 13:00:00,0.0,0,0.09703910433855688,0,0.0
2025-03-18 14:00:00,0.0,0,0.25836169952957777,0,0.0
2025-03-18 15:00:00,0.0,0,0.004825010745367271,0,0.0
2025-03-18 16:00:00,0.0,0,0.000204772754604047,0,0.0
2025-03-18 17:00:00,0.0,0,5.994761546910009e-06,0,0.0
2025-03-18 18:00:00,0.0,0,7.43634251941253e-07,0,0.0
2025-03-18 19:00:00,0.0,0,1.0644016608797315e-07,0,0.0
2025-03-18 20:00:00,0.0,0,2.667302104775656e-08,0,0.0
2025-03-18 21:00:00,0.0,0,1.0711993087313372e-08,0,0.0
2025-03-18 22:00:00,0.0,0,4.907312803502836e-09,0,0.0
2025-03-18 23:00:00,0.0,0,3.0283139262392368e-09,0,0.0
2025-03-19 00:00:00,0.0,0,2.0608602010112903e-09,0,0.0
2025-03-19 01:00:00,0.0,0,7.600778021457694e-09,0,0.0
2025-03-19 02:00:00,0.0,0,1.883422298078523e-08,0,0.0
2025-03-19 03:00:00,0.0,0,5.214929060648296e-08,0,0.0
2025-03-19 04:00:00,0.0,0,8.350150264157707e-08,0,0.0
2025-03-19 05:00:00,0.0,0,1.6908799308943457e-07,0,0.0
2025-03-19 06:00:00,0.0,0,8.319727450007788e-06,0,0.0
2025-03-19 07:00:00,0.0,0,0.0006883154831772196,0,0.0
2025-03-19 08:00:00,0.0,0,0.12277618274309518,0,0.0
2025-03-19 09:00:00,0.0,0,0.17575178094038205,0,0.0
2025-03-19 10:00:00,0.0,0,0.0011684405108595805,0,0.0
2025-03-19 11:00:00,0.0,0,0.002669797122694031,0,0.0
2025-03-19 12:00:00,0.0,0,6.147974892332407e-05,0,0.0
2025-03-19 13:00:00,0.0,0,8.903986807621535e-05,0,0.0
2025-03-19 14:00:00,0.0,0,3.158014148015993e-06,0,0.0
2025-03-19 15:00:00,0.0,0,1.039518797980494e-05,0,0.0
2025-03-19 16:00:00,0.0,0,1.0642799643033632e-06,0,0.0
2025-03-19 17:00:00,0.0,0,8.752166182862599e-09,0,0.0
2025-03-19 18:00:00,0.0,0,3.1562277929516028e-09,0,0.0
2025-03-19 19:00:00,0.0,0,1.6304705241667292e-10,0,0.0
2025-03-19 20:00:00,0.0,0,9.856905749948887e-11,0,0.0
2025-03-19 21:00:00,0.0,0,5.4376849636311886e-11,0,0.0
2025-03-19 22:00:00,0.0,0,7.898224148925141e-12,0,0.0
2025-03-19 23:00:00,0.0,0,2.5049655195877506e-10,0,0.0
2025-03-20 00:00:00,0.0,0,1.1430934927123027e-10,0,0.0
2025-03-20 01:00:00,0.0,0,5.449979157264479e-10,0,0.0
2025-03-20 02:00:00,0.0,0,6.818875082625549e-10,0,0.0
2025-03-20 03:00:00,0.0,0,1.806746153426749e-09,0,0.0
2025-03-20 04:00:00,0.0,0,1.3519945732373257e-08,0,0.0
2025-03-20 05:00:00,0.0,0,5.92070104532664e-08,0,0.0
2025-03-20 06:00:00,0.0,0,3.836147682419691e-07,0,0.0
2025-03-20 07:00:00,0.0,0,7.300608254884052e-06,0,0.0
2025-03-20 08:00:00,0.0,0,6.315498454410415e-06,0,0.0
2025-03-20 09:00:00,5.802385901706618,1,0.05378897072337408,0,0.0
2025-03-20 10:00:00,0.0,0,0.11612229624454116,0,0.0
2025-03-20 11:00:00,0.0,0,0.03920009176327256,0,0.0
2025-03-20 12:00:00,0.0,0,0.004727432705764174,0,0.0
2025-03-20 13:00:00,0.0,0,0.0005688240966480674,0,0.0
2025-03-20 14:00:00,0.0,0,0.0001645367887150288,0,0.0
2025-03-20 15:00:00,0.0,0,1.7896802363717994e-05,0,0.0
2025-03-20 16:00:00,0.0,0,6.05307350864588e-06,0,0.0
2025-03-20 17:00:00,0.0,0,9.794342272194026e-08,0,0.0
2025-03-20 18:00:00,0.0,0,6.718098590859551e-08,0,0.0
2025-03-20 19:00:00,0.0,0,1.5409078358970161e-09,0,0.0
2025-03-20 20:00:00,0.0,0,2.082243228158525e-09,0,0.0
2025-03-20 21:00:00,0.0,0,1.0495903249955897e-09,0,0.0
2025-03-20 22:00:00,0.0,0,7.076778164752228e-10,0,0.0
2025-03-20 23:00:00,0.0,0,2.2375565768837314e-10,0,0.0
2025-03-21 00:00:00,0.0,0,4.771541005817395e-10,0,0.0
2025-03-21 01:00:00,0.0,0,7.489501557289485e-10,0,0.0
2025-03-21 02:00:00,0.0,0,5.200952366061435e-09,0,0.0
2025-03-21 03:00:00,0.0,0,5.0074272235964175e-09,0,0.0
2025-03-21 04:00:00,0.0,0,4.226412942346364e-08,0,0.0
2025-03-21 05:00:00,0.0,0,1.2014200585106385e-07,0,0.0
2025-03-21 06:00:00,0.0,0,5.91865333828773e-06,0,0.0
2025-03-21 07:00:00,0.0,0,0.00019031297109384302,0,0.0
2025-03-21 08:00:00,0.0,0,0.0008161449348624732,0,0.0
2025-03-21 09:00:00,0.0,0,0.00019275429156169583,0,0.0
2025-03-21 10:00:00,5.685925549878576,1,0.1298841374638122,0,0.0
2025-03-21 11:00:00,0.0,0,0.114686393898954,0,0.0
2025-03-21 12:00:00,0.0,0,0.6004715130699178,1,6.431891424200892
2025-03-21 13:00:00,0.0,0,0.00154838939350013,0,0.0
2025-03-21 14:00:00,0.0,0,0.001383058196598103,0,0.0
2025-03-21 15:00:00,0.0,0,0.00036045867068068007,0,0.0
2025-03-21 16:00:00,0.0,0,3.9283823109077306e-05,0,0.0
2025-03-21 17:00:00,0.0,0,3.150487870711308e-07,0,0.0
2025-03-21 18:00:00,0.0,0,3.842771094945179e-07,0,0.0
2025-03-21 19:00:00,0.0,0,5.328784870675382e-08,0,0.0
2025-03-21 20:00:00,0.0,0,6.969589873037639e-09,0,0.0
2025-03-21 21:00:00,0.0,0,9.082410518639586e-10,0,0.0
2025-03-21 22:00:00,0.0,0,5.597949416545174e-10,0,0.0
2025-03-21 23:00:00,0.0,0,4.5899155980947637e-10,0,0.0
2025-03-22 00:00:00,0.0,0,6.52686033453099e-10,0,0.0
2025-03-22 01:00:00,0.0,0,2.762244987739731e-09,0,0.0
2025-03-22 02:00:00,0.0,0,6.455492124732053e-09,0,0.0
2025-03-22 03:00:00,0.0,0,1.9310484024723374e-08,0,0.0
2025-03-22 04:00:00,0.0,0,3.8109286723176176e-08,0,0.0
2025-03-22 05:00:00,0.0,0,6.246726144075275e-08,0,0.0
2025-03-22 06:00:00,0.0,0,7.918430709185957e-07,0,0.0
2025-03-22 07:00:00,0.0,0,3.2154913692611816e-06,0,0.0
2025-03-22 08:00:00,0.0,0,0.0012951153760265832,0,0.0
2025-03-22 09:00:00,0.0,0,0.002540025015985699,0,0.0
2025-03-22 10:00:00,0.0,0,0.0018656380628243822,0,0.0
2025-03-22 11:00:00,0.0,0,0.00022484104025853255,0,0.0
2025-03-22 12:00:00,0.0,0,3.68890339478907e-05,0,0.0
2025-03-22 13:00:00,0.0,0,4.053475534432213e-05,0,0.0
2025-03-22 14:00:00,0.0,0,9.605068919650864e-06,0,0.0
2025-03-22 15:00:00,0.0,0,3.0532970651129738e-06,0,0.0
2025-03-22 16:00:00,0.0,0,3.55382059520277e-07,0,0.0
2025-03-22 17:00:00,0.0,0,3.476388837553795e-08,0,0.0
2025-03-22 18:00:00,0.0,0,4.196887516385389e-09,0,0.0
2025-03-22 19:00:00,0.0,0,3.899025219938071e-10,0,0.0
2025-03-22 20:00:00,0.0,0,1.7181005121216778e-10,0,0.0
2025-03-22 21:00:00,0.0,0,1.2195564480238885e-11,0,0.0
2025-03-22 22:00:00,0.0,0,1.2003757498856683e-11,0,0.0
2025-03-22 23:00:00,0.0,0,1.9167640747364411e-10,0,0.0
2025-03-23 00:00:00,0.0,0,1.7120890590756675e-10,0,0.0
2025-03-23 01:00:00,0.0,0,5.093694244854373e-11,0,0.0
2025-03-23 02:00:00,0.0,0,4.798854577625045e-10,0,0.0
2025-03-23 03:00:00,0.0,0,8.088009834304544e-09,0,0.0
2025-03-23 04:00:00,0.0,0,6.3827137253846705e-09,0,0.0
2025-03-23 05:00:00,0.0,0,8.866139858524825e-09,0,0.0
2025-03-23 06:00:00,0.0,0,2.2685589465993887e-07,0,0.0
2025-03-23 07:00:00,0.0,0,3.2526624593248825e-06,0,0.0
2025-03-23 08:00:00,0.0,0,0.0001820232006130412,0,0.0
2025-03-23 09:00:00,0.0,0,0.00022151434781909844,0,0.0
2025-03-23 10:00:00,6.443112526169989,1,0.6149189463062761,1,5.258318927459925
2025-03-23 11:00:00,0.0,0,0.48570790133696934,0,0.0
2025-03-23 12:00:00,0.0,0,0.2915046798633256,0,0.0
2025-03-23 13:00:00,0.0,0,0.1469523431926504,0,0.0
2025-03-23 14:00:00,0.0,0,0.008548326202210866,0,0.0
2025-03-23 15:00:00,0.0,0,0.0015674078511396894,0,0.0
2025-03-23 16:00:00,0.0,0,0.00015164453087800268,0,0.0
2025-03-23 17:00:00,0.0,0,2.8321363924320192e-06,0,0.0
2025-03-23 18:00:00,0.0,0,4.630904894918676e-07,0,0.0
2025-03-23 19:00:00,0.0,0,1.1068347404318682e-07,0,0.0
2025-03-23 20:00:00,0.0,0,1.4018641499081535e-08,0,0.0
2025-03-23 21:00:00,0.0,0,3.2380751661454366e-09,0,0.0
2025-03-23 22:00:00,0.0,0,2.447345048806747e-09,0,0.0
2025-03-23 23:00:00,0.0,0,1.5943849199773392e-09,0,0.0
2025-03-24 00:00:00,0.0,0,1.565121009606305e-09,0,0.0
2025-03-24 01:00:00,0.0,0,3.0915760641316832e-09,0,0.0
2025-03-24 02:00:00,0.0,0,8.738592129659316e-09,0,0.0
2025-03-24 03:00:00,0.0,0,1.6792863368428197e-08,0,0.0
2025-03-24 04:00:00,0.0,0,3.1416966959717636e-08,0,0.0
2025-03-24 05:00:00,0.0,0,2.345589056536278e-08,0,0.0
2025-03-24 06:00:00,0.0,0,2.79138032347996e-07,0,0.0
2025-03-24 07:00:00,0.0,0,0.00018586912986732451,0,0.0
2025-03-24 08:00:00,0.0,0,0.0890780064875434,0,0.0
2025-03-24 09:00:00,0.0,0,0.18709065709782807,0,0.0
2025-03-24 10:00:00,0.0,0,0.056840842121892984,0,0.0
2025-03-24 11:00:00,0.0,0,0.00045204778596420227,0,0.0
2025-03-24 12:00:00,0.0,0,0.00042149314340767836,0,0.0
2025-03-24 13:00:00,0.0,0,6.973236794276762e-05,0,0.0
2025-03-24 14:00:00,0.0,0,2.724997692047724e-05,0,0.0
2025-03-24 15:00:00,0.0,0,2.324642798028789e-06,0,0.0
2025-03-24 16:00:00,0.0,0,4.09183817273509e-06,0,0.0
2025-03-24 17:00:00,0.0,0,4.711978054272328e-08,0,0.0
2025-03-24 18:00:00,0.0,0,1.903723394117193e-09,0,0.0
2025-03-24 19:00:00,0.0,0,6.536589558857735e-10,0,0.0
2025-03-24 20:00:00,0.0,0,1.378239283917716e-09,0,0.0
2025-03-24 21:00:00,0.0,0,1.0576161973242741e-10,0,0.0
2025-03-24 22:00:00,0.0,0,2.805885651811764e-10,0,0.0
2025-03-24 23:00:00,0.0,0,1.7914812489116135e-10,0,0.0
2025-03-25 00:00:00,0.0,0,4.777134217261013e-11,0,0.0
2025-03-25 01:00:00,0.0,0,1.696985791799536e-10,0,0.0
2025-03-25 02:00:00,0.0,0,5.31627387664917e-10,0,0.0
2025-03-25 03:00:00,0.0,0,7.0847255177283454e-09,0,0.0
2025-03-25 04:00:00,0.0,0,3.0419925478988704e-08,0,0.0
2025-03-25 05:00:00,0.0,0,3.980885009741619e-08,0,0.0
2025-03-25 06:00:00,0.0,0,5.346657776374072e-07,0,0.0
2025-03-25 07:00:00,0.0,0,1.2049451329065617e-05,0,0.0
2025-03-25 08:00:00,0.0,0,2.64902357280497e-05,0,0.0
2025-03-25 09:00:00,0.0,0,2.306318028886814e-05,0,0.0
2025-03-25 10:00:00,6.771936145203665,1,0.5300916814915854,1,5.068829814764619
2025-03-25 11:00:00,0.0,0,0.30326787070373107,0,0.0
2025-03-25 12:00:00,0.0,0,0.013006356059579218,0,0.0
2025-03-25 13:00:00,0.0,0,0.0014081773980896709,0,0.0
2025-03-25 14:00:00,0.0,0,0.0031079417605843905,0,0.0
2025-03-25 15:00:00,0.0,0,1.3656948085383046e-05,0,0.0
2025-03-25 16:00:00,0.0,0,3.2830382542197566e-06,0,0.0
2025-03-25 17:00:00,0.0,0,5.360388112702013e-07,0,0.0
2025-03-25 18:00:00,0.0,0,2.8496939489521596e-07,0,0.0
2025-03-25 19:00:00,0.0,0,3.668835815134751e-08,0,0.0
2025-03-25 20:00:00,0.0,0,5.044927771016147e-09,0,0.0
2025-03-25 21:00:00,0.0,0,3.2527215583467235e-09,0,0.0
2025-03-25 22:00:00,0.0,0,6.347095901326126e-10,0,0.0
2025-03-25 23:00:00,0.0,0,1.088372377594368e-09,0,0.0
2025-03-26 00:00:00,0.0,0,6.658977729356652e-10,0,0.0
2025-03-26 01:00:00,0.0,0,9.272890022897413e-10,0,0.0
2025-03-26 02:00:00,0.0,0,6.067551647803139e-09,0,0.0
2025-03-26 03:00:00,0.0,0,1.7160046381869062e-08,0,0.0
2025-03-26 04:00:00,0.0,0,2.6413624169775267e-08,0,0.0
2025-03-26 05:00:00,0.0,0,7.9130313668152e-08,0,0.0
2025-03-26 06:00:00,0.0,0,2.7647470853139993e-06,0,0.0
2025-03-26 07:00:00,0.0,0,6.52903789575098e-05,0,0.0
2025-03-26 08:00:00,0.0,0,0.0003243782549831305,0,0.0
2025-03-26 09:00:00,0.0,0,0.0007976734547368155,0,0.0
2025-03-26 10:00:00,0.0,0,0.00043892174232172237,0,0.0
2025-03-26 11:00:00,6.702682240621885,1,0.5824493938572055,1,6.363602774413505
2025-03-26 12:00:00,0.0,0,0.24395956715356928,0,0.0
2025-03-26 13:00:00,0.0,0,0.2526784615964893,0,0.0
2025-03-26 14:00:00,0.0,0,0.010276421691966254,0,0.0
2025-03-26 15:00:00,0.0,0,0.01681857643719506,0,0.0
2025-03-26 16:00:00,0.0,0,9.482391052329421e-05,0,0.0
2025-03-26 17:00:00,0.0,0,1.1202742632101812e-05,0,0.0
2025-03-26 18:00:00,0.0,0,1.01868088801189e-06,0,0.0
2025-03-26 19:00:00,0.0,0,1.2580015430052536e-07,0,0.0
2025-03-26 20:00:00,0.0,0,2.6394639719199813e-08,0,0.0
2025-03-26 21:00:00,0.0,0,6.453916790629958e-09,0,0.0
2025-03-26 22:00:00,0.0,0,3.978869618273448e-09,0,0.0
2025-03-26 23:00:00,0.0,0,7.334237702206112e-10,0,0.0
2025-03-27 00:00:00,0.0,0,1.7799266658533448e-09,0,0.0
2025-03-27 01:00:00,0.0,0,4.968672758175733e-09,0,0.0
2025-03-27 02:00:00,0.0,0,1.265148555415851e-08,0,0.0
2025-03-27 03:00:00,0.0,0,2.838385550009841e-08,0,0.0
2025-03-27 04:00:00,0.0,0,5.484139894931e-08,0,0.0
2025-03-27 05:00:00,0.0,0,1.1363136850311209e-07,0,0.0
2025-03-27 06:00:00,0.0,0,4.468397194600915e-06,0,0.0
2025-03-27 07:00:00,0.0,0,0.0005863041715950353,0,0.0
2025-03-27 08:00:00,0.0,0,0.024167206881197337,0,0.0
2025-03-27 09:00:00,0.0,0,0.006692878970323415,0,0.0
2025-03-27 10:00:00,0.0,0,0.005294778089535557,0,0.0
2025-03-27 11:00:00,0.0,0,0.02095651179266732,0,0.0
2025-03-27 12:00:00,0.0,0,0.0015525514524933094,0,0.0
2025-03-27 13:00:00,0.0,0,5.171643830653772e-05,0,0.0
2025-03-27 14:00:00,0.0,0,1.0229874700082672e-05,0,0.0
2025-03-27 15:00:00,0.0,0,1.4333818598715694e-06,0,0.0
2025-03-27 16:00:00,0.0,0,6.116014872662178e-07,0,0.0
2025-03-27 17:00:00,0.0,0,9.35955243996895e-09,0,0.0
2025-03-27 18:00:00,0.0,0,9.754292492295812e-09,0,0.0
2025-03-27 19:00:00,0.0,0,5.844267276073188e-10,0,0.0
2025-03-27 20:00:00,0.0,0,1.6849513611273135e-10,0,0.0
2025-03-27 21:00:00,0.0,0,8.87765919965897e-12,0,0.0
2025-03-27 22:00:00,0.0,0,1.778284641244815e-11,0,0.0
2025-03-27 23:00:00,0.0,0,2.315869147562863e-10,0,0.0
2025-03-28 00:00:00,0.0,0,1.577118181389146e-11,0,0.0
2025-03-28 01:00:00,0.0,0,1.6561514439074558e-10,0,0.0
2025-03-28 02:00:00,0.0,0,6.495169752649754e-10,0,0.0
2025-03-28 03:00:00,0.0,0,4.214285039062565e-09,0,0.0
2025-03-28 04:00:00,0.0,0,1.4985464761485492e-08,0,0.0
2025-03-28 05:00:00,0.0,0,1.7740349744117075e-08,0,0.0
2025-03-28 06:00:00,0.0,0,1.379045568957175e-06,0,0.0
2025-03-28 07:00:00,0.0,0,2.3142146838294356e-06,0,0.0
2025-03-28 08:00:00,0.0,0,2.216245539209469e-05,0,0.0
2025-03-28 09:00:00,6.692294234102414,1,0.30563406900964896,0,0.0
2025-03-28 10:00:00,0.0,0,0.21355157278053113,0,0.0
2025-03-28 11:00:00,0.0,0,0.016813489440814348,0,0.0
2025-03-28 12:00:00,0.0,0,0.032688139893511534,0,0.0
2025-03-28 13:00:00,0.0,0,0.005840464490527354,0,0.0
2025-03-28 14:00:00,0.0,0,0.0004755328862359765,0,0.0
2025-03-28 15:00:00,0.0,0,0.000180908119099821,0,0.0
2025-03-28 16:00:00,0.0,0,3.583780169079327e-06,0,0.0
2025-03-28 17:00:00,0.0,0,1.5831462556034702e-06,0,0.0
2025-03-28 18:00:00,0.0,0,2.043257295855678e-07,0,0.0
2025-03-28 19:00:00,0.0,0,7.0027336021293906e-09,0,0.0
2025-03-28 20:00:00,0.0,0,1.5163567357825184e-09,0,0.0
2025-03-28 21:00:00,0.0,0,1.024701876526809e-09,0,0.0
2025-03-28 22:00:00,0.0,0,7.169824911901497e-10,0,0.0
2025-03-28 23:00:00,0.0,0,6.486406353537977e-10,0,0.0
2025-03-29 00:00:00,0.0,0,5.787934921490964e-10,0,0.0
2025-03-29 01:00:00,0.0,0,1.953145261475751e-09,0,0.0
2025-03-29 02:00:00,0.0,0,1.2513027625906959e-08,0,0.0
2025-03-29 03:00:00,0.0,0,4.1697367917329086e-08,0,0.0
2025-03-29 04:00:00,0.0,0,1.4378852395126555e-07,0,0.0
2025-03-29 05:00:00,0.0,0,4.283259788287043e-07,0,0.0
2025-03-29 06:00:00,0.0,0,9.658070741792212e-06,0,0.0
2025-03-29 07:00:00,0.0,0,0.0005965215631010809,0,0.0
2025-03-29 08:00:00,0.0,0,0.0006039374596537069,0,0.0
2025-03-29 09:00:00,0.0,0,0.0005110078112577919,0,0.0
2025-03-29 10:00:00,0.0,0,3.087051523465986e-05,0,0.0
2025-03-29 11:00:00,6.076471172903201,1,0.8428722932432681,1,6.341097706165897
2025-03-29 12:00:00,0.0,0,0.8070199579894388,1,6.5505590100865145
2025-03-29 13:00:00,0.0,0,0.051047412658947404,0,0.0
2025-03-29 14:00:00,0.0,0,0.010509113657215217,0,0.0
2025-03-29 15:00:00,0.0,0,0.022038234443736458,0,0.0
2025-03-29 16:00:00,0.0,0,0.0003245188544543773,0,0.0
2025-03-29 17:00:00,0.0,0,3.434674607417982e-06,0,0.0
2025-03-29 18:00:00,0.0,0,7.841635675549062e-07,0,0.0
2025-03-29 19:00:00,0.0,0,8.342761720504714e-08,0,0.0
2025-03-29 20:00:00,0.0,0,2.1704889801352552e-08,0,0.0
2025-03-29 21:00:00,0.0,0,6.774178763037131e-09,0,0.0
2025-03-29 22:00:00,0.0,0,3.790689044756075e-09,0,0.0
2025-03-29 23:00:00,0.0,0,2.2790219838549586e-09,0,0.0
2025-03-30 00:00:00,0.0,0,1.332314433382752e-09,0,0.0
2025-03-30 01:00:00,0.0,0,2.2108866906656814e-09,0,0.0
2025-03-30 02:00:00,0.0,0,3.152687830991109e-09,0,0.0
2025-03-30 03:00:00,0.0,0,1.0307230047931639e-08,0,0.0
2025-03-30 04:00:00,0.0,0,6.557105867243524e-09,0,0.0
2025-03-30 05:00:00,0.0,0,2.6319907148823473e-09,0,0.0
2025-03-30 06:00:00,0.0,0,2.6566108700155424e-07,0,0.0
2025-03-30 07:00:00,0.0,0,5.4441621133313636e-05,0,0.0
2025-03-30 08:00:00,0.0,0,0.09335271326883779,0,0.0
2025-03-30 09:00:00,0.0,0,0.5581125422748253,1,5.615111292435969
2025-03-30 10:00:00,1.713022519442344,1,0.80568223405888,1,5.127623692458943
2025-03-30 11:00:00,0.0,0,0.5012100886695551,1,5.635708048402899
2025-03-30 12:00:00,0.0,0,0.008477230950310227,0,0.0
2025-03-30 13:00:00,0.0,0,0.008693412411728715,0,0.0
2025-03-30 14:00:00,0.0,0,0.0006155035378942441,0,0.0
2025-03-30 15:00:00,0.0,0,0.001406978593061782,0,0.0
2025-03-30 16:00:00,0.0,0,8.357649164560946e-06,0,0.0
2025-03-30 17:00:00,0.0,0,4.749958636301864e-07,0,0.0
2025-03-30 18:00:00,0.0,0,1.36048962866473e-07,0,0.0
2025-03-30 19:00:00,0.0,0,3.858107236731741e-08,0,0.0
2025-03-30 20:00:00,0.0,0,3.371449509775942e-09,0,0.0
2025-03-30 21:00:00,0.0,0,3.6018743201789227e-10,0,0.0
2025-03-30 22:00:00,0.0,0,2.048326588897137e-10,0,0.0
2025-03-30 23:00:00,0.0,0,1.7102252542878605e-10,0,0.0
2025-03-31 00:00:00,0.0,0,1.8761646681535284e-10,0,0.0
2025-03-31 01:00:00,0.0,0,2.747512132593035e-10,0,0.0
2025-03-31 02:00:00,0.0,0,4.752088325634698e-10,0,0.0
2025-03-31 03:00:00,0.0,0,1.9156461020946857e-09,0,0.0
2025-03-31 04:00:00,0.0,0,6.4892901980911485e-09,0,0.0
2025-03-31 05:00:00,0.0,0,2.7961789107403716e-08,0,0.0
2025-03-31 06:00:00,0.0,0,8.7792788955393e-07,0,0.0
2025-03-31 07:00:00,0.0,0,1.4539398460658275e-05,0,0.0
2025-03-31 08:00:00,0.0,0,0.0004778471910580392,0,0.0
2025-03-31 09:00:00,0.0,0,0.006715986261927338,0,0.0
2025-03-31 10:00:00,0.0,0,0.0002675344848081549,0,0.0
2025-03-31 11:00:00,5.730117153872624,1,0.7929369508368103,1,5.415413899751005
2025-03-31 12:00:00,0.0,0,0.22238587972009868,0,0.0
2025-03-31 13:00:00,0.0,0,0.03860445873283411,0,0.0
2025-03-31 14:00:00,0.0,0,0.005898144545977772,0,0.0
2025-03-31 15:00:00,0.0,0,0.0014575549771549314,0,0.0
2025-03-31 16:00:00,0.0,0,2.0643067965526628e-05,0,0.0
2025-03-31 17:00:00,0.0,0,5.293720641349657e-07,0,0.0
2025-03-31 18:00:00,0.0,0,6.55275423726107e-08,0,0.0
2025-03-31 19:00:00,0.0,0,8.797748892174587e-09,0,0.0
2025-03-31 20:00:00,0.0,0,2.150074238462027e-09,0,0.0
2025-03-31 21:00:00,0.0,0,9.138789997630158e-10,0,0.0
2025-03-31 22:00:00,0.0,0,5.556218060511711e-10,0,0.0
2025-03-31 23:00:00,0.0,0,3.951664429585501e-10,0,0.0
2025-04-01 00:00:00,0.0,0,1.478275158157881e-10,0,0.0
2025-04-01 01:00:00,0.0,0,9.434840141435518e-10,0,0.0
2025-04-01 02:00:00,0.0,0,3.216309353226322e-09,0,0.0
2025-04-01 03:00:00,0.0,0,8.445729780538205e-09,0,0.0
2025-04-01 04:00:00,0.0,0,1.969532804679293e-08,0,0.0
2025-04-01 05:00:00,0.0,0,4.214164202613399e-08,0,0.0
2025-04-01 06:00:00,0.0,0,1.0057683928297152e-06,0,0.0
2025-04-01 07:00:00,0.0,0,5.2246416662931724e-05,0,0.0
2025-04-01 08:00:00,0.0,0,0.026298081129491512,0,0.0
2025-04-01 09:00:00,0.0,0,0.004940071135442814,0,0.0
2025-04-01 10:00:00,0.0,0,0.0004911099056499339,0,0.0
2025-04-01 11:00:00,0.0,0,0.00021149068174819557,0,0.0
2025-04-01 12:00:00,5.938055787450243,1,0.7790348166788647,1,5.484813466960466
2025-04-01 13:00:00,0.0,0,0.41413469285471,0,0.0
2025-04-01 14:00:00,0.0,0,0.012626133222411802,0,0.0
2025-04-01 15:00:00,0.0,0,0.0017598796993500356,0,0.0
2025-04-01 16:00:00,0.0,0,3.578272114382554e-05,0,0.0
2025-04-01 17:00:00,0.0,0,1.1059064076972774e-06,0,0.0
2025-04-01 18:00:00,0.0,0,1.546446713572001e-07,0,0.0
2025-04-01 19:00:00,0.0,0,2.054534849919037e-08,0,0.0
2025-04-01 20:00:00,0.0,0,8.364235280397075e-09,0,0.0
2025-04-01 21:00:00,0.0,0,1.534794252309932e-09,0,0.0
2025-04-01 22:00:00,0.0,0,1.3080552519745646e-09,0,0.0
2025-04-01 23:00:00,0.0,0,5.410724440136661e-10,0,0.0
2025-04-02 00:00:00,0.0,0,7.105901979206729e-10,0,0.0
2025-04-02 01:00:00,0.0,0,9.992234878007842e-10,0,0.0
2025-04-02 02:00:00,0.0,0,3.834510726851066e-09,0,0.0
2025-04-02 03:00:00,0.0,0,9.760186901005871e-09,0,0.0
2025-04-02 04:00:00,0.0,0,1.8869200677411386e-08,0,0.0
2025-04-02 05:00:00,0.0,0,2.787756007083731e-08,0,0.0
2025-04-02 06:00:00,0.0,0,8.808054094026983e-07,0,0.0
2025-04-02 07:00:00,0.0,0,6.523204976647759e-05,0,0.0
2025-04-02 08:00:00,0.0,0,0.013091711632886197,0,0.0
2025-04-02 09:00:00,0.0,0,0.010006446734107208,0,0.0
2025-04-02 10:00:00,0.0,0,0.00631567444536009,0,0.0
2025-04-02 11:00:00,0.0,0,0.0007617227295081876,0,0.0
2025-04-02 12:00:00,0.0,0,2.357012155992706e-05,0,0.0
2025-04-02 13:00:00,5.707190837716473,1,0.5503140836172181,1,5.457496792101206
2025-04-02 14:00:00,0.0,0,0.16771557938683826,0,0.0
2025-04-02 15:00:00,0.0,0,0.005089621533304797,0,0.0
2025-04-02 16:00:00,0.0,0,4.680859982493341e-05,0,0.0
2025-04-02 17:00:00,0.0,0,1.2337391794548282e-06,0,0.0
2025-04-02 18:00:00,0.0,0,2.3238089779228602e-07,0,0.0
2025-04-02 19:00:00,0.0,0,2.9193356301388394e-08,0,0.0
2025-04-02 20:00:00,0.0,0,8.984389217141718e-09,0,0.0
2025-04-02 21:00:00,0.0,0,3.2457818437959098e-09,0,0.0
2025-04-02 22:00:00,0.0,0,5.109067252034507e-10,0,0.0
2025-04-02 23:00:00,0.0,0,9.500823304244513e-10,0,0.0
2025-04-03 00:00:00,0.0,0,9.026509927378766e-10,0,0.0
2025-04-03 01:00:00,0.0,0,2.1471018197385063e-09,0,0.0
2025-04-03 02:00:00,0.0,0,4.3096853850672045e-09,0,0.0
2025-04-03 03:00:00,0.0,0,1.029119800008754e-08,0,0.0
2025-04-03 04:00:00,0.0,0,3.221594694573163e-08,0,0.0
2025-04-03 05:00:00,0.0,0,7.340491009630195e-08,0,0.0
2025-04-03 06:00:00,0.0,0,4.1803244539773076e-06,0,0.0
2025-04-03 07:00:00,0.0,0,0.001128169174938242,0,0.0
2025-04-03 08:00:00,0.0,0,0.1688040261157798,0,0.0
2025-04-03 09:00:00,0.0,0,0.24979159289793068,0,0.0
2025-04-03 10:00:00,0.0,0,0.01557041846686773,0,0.0
2025-04-03 11:00:00,0.0,0,0.0010231288830646176,0,0.0
2025-04-03 12:00:00,0.0,0,0.0006199934468598421,0,0.0
2025-04-03 13:00:00,0.0,0,4.4823713977038266e-05,0,0.0
2025-04-03 14:00:00,6.163954156980183,1,0.150212761044059,0,0.0
2025-04-03 15:00:00,0.0,0,0.00309732607630293,0,0.0
2025-04-03 16:00:00,0.0,0,0.00019405542509727346,0,0.0
2025-04-03 17:00:00,0.0,0,2.239661284276019e-06,0,0.0
2025-04-03 18:00:00,0.0,0,3.061898335431706e-07,0,0.0
2025-04-03 19:00:00,0.0,0,6.987195857285324e-08,0,0.0
2025-04-03 20:00:00,0.0,0,1.5829370534666027e-08,0,0.0
2025-04-03 21:00:00,0.0,0,5.911748298025326e-09,0,0.0
2025-04-03 22:00:00,0.0,0,1.0415947121592342e-09,0,0.0
2025-04-03 23:00:00,0.0,0,8.868213931379378e-10,0,0.0
2025-04-04 00:00:00,0.0,0,1.3809946479276212e-09,0,0.0
2025-04-04 01:00:00,0.0,0,1.8097409461715936e-09,0,0.0
2025-04-04 02:00:00,0.0,0,4.579233468102461e-09,0,0.0
2025-04-04 03:00:00,0.0,0,3.9279950060955e-09,0,0.0
2025-04-04 04:00:00,0.0,0,2.4844119868684743e-08,0,0.0
2025-04-04 05:00:00,0.0,0,2.2479318671958306e-08,0,0.0
2025-04-04 06:00:00,0.0,0,5.610167178072368e-06,0,0.0
2025-04-04 07:00:00,0.0,0,0.0017124146941178606,0,0.0
2025-04-04 08:00:00,0.0,0,0.2772826508322884,0,0.0
2025-04-04 09:00:00,0.0,0,0.6276600592221396,1,5.696895536785398
2025-04-04 10:00:00,0.0,0,0.01456377807667785,0,0.0
2025-04-04 11:00:00,0.0,0,0.02289326856898321,0,0.0
2025-04-04 12:00:00,0.0,0,0.00052342684477335,0,0.0
2025-04-04 13:00:00,0.0,0,0.0008083742289897414,0,0.0
2025-04-04 14:00:00,0.0,0,0.001371478478194804,0,0.0
2025-04-04 15:00:00,0.0,0,0.00020941163694868092,0,0.0
2025-04-04 16:00:00,0.0,0,2.406240982554235e-06,0,0.0
2025-04-04 17:00:00,0.0,0,1.0144258467942889e-07,0,0.0
2025-04-04 18:00:00,0.0,0,1.0702165994549719e-08,0,0.0
2025-04-04 19:00:00,0.0,0,2.8639122625430026e-09,0,0.0
2025-04-04 20:00:00,0.0,0,2.5067786316779154e-09,0,0.0
2025-04-04 21:00:00,0.0,0,1.1841555590134453e-10,0,0.0
2025-04-04 22:00:00,0.0,0,8.758291672651511e-11,0,0.0
2025-04-04 23:00:00,0.0,0,7.230039615157358e-11,0,0.0
2025-04-05 00:00:00,0.0,0,5.7128866654519234e-11,0,0.0
2025-04-05 01:00:00,0.0,0,2.4114702104917257e-10,0,0.0
2025-04-05 02:00:00,0.0,0,1.2354059313490034e-09,0,0.0
2025-04-05 03:00:00,0.0,0,3.0109168058372022e-09,0,0.0
2025-04-05 04:00:00,0.0,0,5.889044796481179e-09,0,0.0
2025-04-05 05:00:00,0.0,0,1.787684375180583e-08,0,0.0
2025-04-05 06:00:00,0.0,0,2.2475618801343397e-07,0,0.0
2025-04-05 07:00:00,0.0,0,9.188770041147833e-06,0,0.0
2025-04-05 08:00:00,0.0,0,9.686604651530619e-05,0,0.0
2025-04-05 09:00:00,0.0,0,0.0005292405860128532,0,0.0
2025-04-05 10:00:00,0.0,0,4.44984287151803e-05,0,0.0
2025-04-05 11:00:00,6.776365147738951,1,0.35185472568653137,0,0.0
2025-04-05 12:00:00,0.0,0,0.04125052044884152,0,0.0
2025-04-05 13:00:00,0.0,0,0.11421100045087686,0,0.0
2025-04-05 14:00:00,0.0,0,0.0014798291857644039,0,0.0
2025-04-05 15:00:00,0.0,0,0.0009168685131051086,0,0.0
2025-04-05 16:00:00,0.0,0,1.0412906304079073e-05,0,0.0
2025-04-05 17:00:00,0.0,0,6.082215284293161e-07,0,0.0
2025-04-05 18:00:00,0.0,0,9.780012549691248e-08,0,0.0
2025-04-05 19:00:00,0.0,0,2.7474498061372846e-08,0,0.0
2025-04-05 20:00:00,0.0,0,1.1743773872882513e-08,0,0.0
2025-04-05 21:00:00,0.0,0,1.2566608342075473e-09,0,0.0
2025-04-05 22:00:00,0.0,0,1.243781122987043e-09,0,0.0
2025-04-05 23:00:00,0.0,0,5.845883842634134e-10,0,0.0
2025-04-06 00:00:00,0.0,0,4.794815620813757e-10,0,0.0
2025-04-06 01:00:00,0.0,0,1.1313551868740185e-09,0,0.0
2025-04-06 02:00:00,0.0,0,5.439703661715639e-09,0,0.0
2025-04-06 03:00:00,0.0,0,1.7489452138881845e-08,0,0.0
2025-04-06 04:00:00,0.0,0,3.6818521946868787e-08,0,0.0
2025-04-06 05:00:00,0.0,0,1.5489987701784457e-07,0,0.0
2025-04-06 06:00:00,0.0,0,3.7741944621234744e-06,0,0.0
2025-04-06 07:00:00,0.0,0,0.0001589899120550049,0,0.0
2025-04-06 08:00:00,0.0,0,0.0006040138823977235,0,0.0
2025-04-06 09:00:00,0.0,0,0.010987810514954118,0,0.0
2025-04-06 10:00:00,0.0,0,0.0008984618170168868,0,0.0
2025-04-06 11:00:00,0.0,0,7.420567447841818e-05,0,0.0
2025-04-06 12:00:00,6.080159335094863,1,0.3337543342808017,0,0.0
2025-04-06 13:00:00,0.0,0,0.162882748960819,0,0.0
2025-04-06 14:00:00,0.0,0,0.05758859646959069,0,0.0
2025-04-06 15:00:00,0.0,0,0.00022739075310143178,0,0.0
2025-04-06 16:00:00,0.0,0,1.2279599438122634e-05,0,0.0
2025-04-06 17:00:00,0.0,0,4.609666160173178e-07,0,0.0
2025-04-06 18:00:00,0.0,0,6.494202174619177e-08,0,0.0
2025-04-06 19:00:00,0.0,0,1.513849402122475e-08,0,0.0
2025-04-06 20:00:00,0.0,0,7.922519458893393e-09,0,0.0
2025-04-06 21:00:00,0.0,0,2.1013789470301773e-09,0,0.0
2025-04-06 22:00:00,0.0,0,7.365931544658438e-10,0,0.0
2025-04-06 23:00:00,0.0,0,6.293685997575327e-10,0,0.0
2025-04-07 00:00:00,0.0,0,7.353201370701307e-10,0,0.0
2025-04-07 01:00:00,0.0,0,1.3706919023430546e-09,0,0.0
2025-04-07 02:00:00,0.0,0,6.166522977179786e-09,0,0.0
2025-04-07 03:00:00,0.0,0,2.7213846002554117e-08,0,0.0
2025-04-07 04:00:00,0.0,0,6.13654525340156e-08,0,0.0
2025-04-07 05:00:00,0.0,0,2.8307997614438104e-07,0,0.0
2025-04-07 06:00:00,0.0,0,2.120696276760559e-06,0,0.0
2025-04-07 07:00:00,0.0,0,0.00031490079043425956,0,0.0
2025-04-07 08:00:00,0.0,0,0.01201842989072567,0,0.0
2025-04-07 09:00:00,0.0,0,0.003232613352171996,0,0.0
2025-04-07 10:00:00,0.0,0,0.009550211048748621,0,0.0
2025-04-07 11:00:00,0.0,0,0.0013990638902355156,0,0.0
2025-04-07 12:00:00,5.72977649978698,1,0.6958661991099012,1,5.263013642601307
2025-04-07 13:00:00,0.0,0,0.5088404048174041,1,4.936592107698495
2025-04-07 14:00:00,0.0,0,0.010313029316868132,0,0.0
2025-04-07 15:00:00,0.0,0,0.005062625795227796,0,0.0
2025-04-07 16:00:00,0.0,0,7.936657370687485e-05,0,0.0
2025-04-07 17:00:00,0.0,0,5.41931296978982e-07,0,0.0
2025-04-07 18:00:00,0.0,0,1.6273673483897629e-07,0,0.0
2025-04-07 19:00:00,0.0,0,1.7507201672382344e-08,0,0.0
2025-04-07 20:00:00,0.0,0,9.844762753495552e-09,0,0.0
2025-04-07 21:00:00,0.0,0,3.5975809187268246e-09,0,0.0
2025-04-07 22:00:00,0.0,0,5.644354887930955e-10,0,0.0
2025-04-07 23:00:00,0.0,0,4.927414228320119e-10,0,0.0
2025-04-08 00:00:00,0.0,0,5.108601639922146e-10,0,0.0
2025-04-08 01:00:00,0.0,0,2.9117427606528788e-09,0,0.0
2025-04-08 02:00:00,0.0,0,4.152710294194705e-09,0,0.0
2025-04-08 03:00:00,0.0,0,1.3592342622100006e-08,0,0.0
2025-04-08 04:00:00,0.0,0,5.126346332053056e-08,0,0.0
2025-04-08 05:00:00,0.0,0,1.4221098919791098e-07,0,0.0
2025-04-08 06:00:00,0.0,0,2.880464343024644e-06,0,0.0
2025-04-08 07:00:00,0.0,0,0.00040163405197195473,0,0.0
2025-04-08 08:00:00,0.0,0,0.01205197824668041,0,0.0
2025-04-08 09:00:00,0.0,0,0.047126182909396026,0,0.0
2025-04-08 10:00:00,0.0,0,0.011861490659738858,0,0.0
2025-04-08 11:00:00,0.0,0,0.0030442890432039525,0,0.0
2025-04-08 12:00:00,0.0,0,0.000264910581532577,0,0.0
2025-04-08 13:00:00,6.711070508537192,1,0.30533004606099173,0,0.0
2025-04-08 14:00:00,0.0,0,0.06516451542767226,0,0.0
2025-04-08 15:00:00,0.0,0,0.009153224281328145,0,0.0
2025-04-08 16:00:00,0.0,0,4.980354298562519e-05,0,0.0
2025-04-08 17:00:00,0.0,0,1.9485479956791483e-06,0,0.0
2025-04-08 18:00:00,0.0,0,3.1462127746091226e-07,0,0.0
2025-04-08 19:00:00,0.0,0,4.584774669556688e-08,0,0.0
2025-04-08 20:00:00,0.0,0,1.1603965279966529e-08,0,0.0
2025-04-08 21:00:00,0.0,0,2.5564532554242067e-09,0,0.0
2025-04-08 22:00:00,0.0,0,1.2672205966341964e-09,0,0.0
2025-04-08 23:00:00,0.0,0,7.82784844842264e-10,0,0.0
2025-04-09 00:00:00,0.0,0,5.287924314730928e-10,0,0.0
2025-04-09 01:00:00,0.0,0,1.1507461881991914e-09,0,0.0
2025-04-09 02:00:00,0.0,0,3.729920814880273e-09,0,0.0
2025-04-09 03:00:00,0.0,0,7.952810795746655e-09,0,0.0
2025-04-09 04:00:00,0.0,0,2.7810674080067618e-08,0,0.0
2025-04-09 05:00:00,0.0,0,2.7247682372899043e-08,0,0.0
2025-04-09 06:00:00,0.0,0,1.7031968904708241e-06,0,0.0
2025-04-09 07:00:00,0.0,0,0.0002817524970181745,0,0.0
2025-04-09 08:00:00,0.0,0,0.11576268597149547,0,0.0
2025-04-09 09:00:00,0.0,0,0.21101375045513546,0,0.0
2025-04-09 10:00:00,0.0,0,0.027882104282970586,0,0.0
2025-04-09 11:00:00,0.0,0,0.0016889998033397388,0,0.0
2025-04-09 12:00:00,0.0,0,0.000247187065432864,0,0.0
2025-04-09 13:00:00,0.0,0,1.830215475074729e-05,0,0.0
2025-04-09 14:00:00,0.0,0,5.67662743628335e-06,0,0.0
2025-04-09 15:00:00,0.0,0,1.1988297468596088e-06,0,0.0
2025-04-09 16:00:00,0.0,0,1.0333677551729492e-07,0,0.0
2025-04-09 17:00:00,0.0,0,3.594388458268566e-08,0,0.0
2025-04-09 18:00:00,0.0,0,2.849004285591114e-09,0,0.0
2025-04-09 19:00:00,0.0,0,1.3050858799903983e-10,0,0.0
2025-04-09 20:00:00,0.0,0,1.81085229169677e-11,0,0.0
2025-04-09 21:00:00,0.0,0,1.461129691913363e-11,0,0.0
2025-04-09 22:00:00,0.0,0,6.315102854575e-11,0,0.0
2025-04-09 23:00:00,0.0,0,3.309562288672097e-11,0,0.0
2025-04-10 00:00:00,0.0,0,2.4278006399058085e-11,0,0.0
2025-04-10 01:00:00,0.0,0,6.041588622405093e-11,0,0.0
2025-04-10 02:00:00,0.0,0,4.454614326345387e-10,0,0.0
2025-04-10 03:00:00,0.0,0,8.574931253614197e-10,0,0.0
2025-04-10 04:00:00,0.0,0,1.1834209911151292e-08,0,0.0
2025-04-10 05:00:00,0.0,0,1.5708408514702332e-08,0,0.0
2025-04-10 06:00:00,0.0,0,1.3068715595972932e-07,0,0.0
2025-04-10 07:00:00,0.0,0,3.146328294332219e-07,0,0.0
2025-04-10 08:00:00,0.0,0,1.8255113667897774e-05,0,0.0
2025-04-10 09:00:00,6.688022374559414,1,0.5245112082711073,1,6.499375764480339
2025-04-10 10:00:00,0.0,0,0.08161134237953094,0,0.0
2025-04-10 11:00:00,0.0,0,0.10232736313475375,0,0.0
2025-04-10 12:00:00,0.0,0,0.007749485806794104,0,0.0
2025-04-10 13:00:00,0.0,0,0.00038154996912542375,0,0.0
2025-04-10 14:00:00,0.0,0,0.00013580273729736053,0,0.0
2025-04-10 15:00:00,0.0,0,1.1381061644373867e-05,0,0.0
2025-04-10 16:00:00,0.0,0,2.1541635525426995e-06,0,0.0
2025-04-10 17:00:00,0.0,0,4.677642099717901e-08,0,0.0
2025-04-10 18:00:00,0.0,0,4.949463487208975e-09,0,0.0
2025-04-10 19:00:00,0.0,0,6.301727147648887e-09,0,0.0
2025-04-10 20:00:00,0.0,0,1.6724151553871524e-10,0,0.0
2025-04-10 21:00:00,0.0,0,4.6281380892139994e-11,0,0.0
2025-04-10 22:00:00,0.0,0,5.079497270520753e-11,0,0.0
2025-04-10 23:00:00,0.0,0,1.7733562983465094e-11,0,0.0
2025-04-11 00:00:00,0.0,0,2.9320275248663926e-11,0,0.0
2025-04-11 01:00:00,0.0,0,1.574007250850633e-10,0,0.0
2025-04-11 02:00:00,0.0,0,6.791229596965288e-10,0,0.0
2025-04-11 03:00:00,0.0,0,2.441598667381311e-09,0,0.0
2025-04-11 04:00:00,0.0,0,1.2016977079119927e-08,0,0.0
2025-04-11 05:00:00,0.0,0,2.5005174295086258e-08,0,0.0
2025-04-11 06:00:00,0.0,0,1.5955735521237387e-07,0,0.0
2025-04-11 07:00:00,0.0,0,2.101346981888348e-05,0,0.0
2025-04-11 08:00:00,0.0,0,4.579113803686027e-05,0,0.0
2025-04-11 09:00:00,0.0,0,0.0001149737999183588,0,0.0
2025-04-11 10:00:00,6.604360165811452,1,0.8044180341044589,1,5.364600213853796
2025-04-11 11:00:00,0.0,0,0.7444905149149708,1,5.379105484415735
2025-04-11 12:00:00,0.0,0,0.04952688957993333,0,0.0
2025-04-11 13:00:00,0.0,0,0.006574696193284355,0,0.0
2025-04-11 14:00:00,0.0,0,0.002316312930774385,0,0.0
2025-04-11 15:00:00,0.0,0,0.00013129345589218104,0,0.0
2025-04-11 16:00:00,0.0,0,1.5462121792710837e-05,0,0.0
2025-04-11 17:00:00,0.0,0,7.445482504254077e-07,0,0.0
2025-04-11 18:00:00,0.0,0,1.0728263357563699e-07,0,0.0
2025-04-11 19:00:00,0.0,0,1.0396745214846723e-08,0,0.0
2025-04-11 20:00:00,0.0,0,4.296431599671404e-09,0,0.0
2025-04-11 21:00:00,0.0,0,6.795724762006594e-10,0,0.0
2025-04-11 22:00:00,0.0,0,3.855358164554592e-10,0,0.0
2025-04-11 23:00:00,0.0,0,3.000876802386177e-10,0,0.0
2025-04-12 00:00:00,0.0,0,4.0866395747551097e-10,0,0.0
2025-04-12 01:00:00,0.0,0,7.456018786768294e-10,0,0.0
2025-04-12 02:00:00,0.0,0,2.1906082321520703e-09,0,0.0
2025-04-12 03:00:00,0.0,0,3.0270522945356243e-09,0,0.0
2025-04-12 04:00:00,0.0,0,6.576218774254024e-09,0,0.0
2025-04-12 05:00:00,0.0,0,9.840603145448867e-09,0,0.0
2025-04-12 06:00:00,0.0,0,1.0982641712521044e-08,0,0.0
2025-04-12 07:00:00,0.0,0,7.139127644227379e-07,0,0.0
2025-04-12 08:00:00,0.0,0,0.0001581448250026936,0,0.0
2025-04-12 09:00:00,0.0,0,0.04085944773684563,0,0.0
2025-04-12 10:00:00,0.0,0,0.10022086984217533,0,0.0
2025-04-12 11:00:00,0.0,0,0.15558829430086626,0,0.0
2025-04-12 12:00:00,0.0,0,0.04661760722663931,0,0.0
2025-04-12 13:00:00,0.0,0,0.02876026793387898,0,0.0
2025-04-12 14:00:00,0.0,0,0.0055091282833803065,0,0.0
2025-04-12 15:00:00,0.0,0,0.00017341146647697217,0,0.0
2025-04-12 16:00:00,0.0,0,3.0831836174757633e-06,0,0.0
2025-04-12 17:00:00,0.0,0,3.7627314355669185e-07,0,0.0
2025-04-12 18:00:00,0.0,0,1.0841793019734932e-07,0,0.0
2025-04-12 19:00:00,0.0,0,1.4362198429172439e-08,0,0.0
2025-04-12 20:00:00,0.0,0,4.568031956886898e-09,0,0.0
2025-04-12 21:00:00,0.0,0,1.6150973307034667e-09,0,0.0
2025-04-12 22:00:00,0.0,0,8.369323527321242e-10,0,0.0
2025-04-12 23:00:00,0.0,0,1.519647190469471e-10,0,0.0
2025-04-13 00:00:00,0.0,0,4.305147880969348e-10,0,0.0
2025-04-13 01:00:00,0.0,0,3.0672612091650776e-10,0,0.0
2025-04-13 02:00:00,0.0,0,1.0536761822743459e-09,0,0.0
2025-04-13 03:00:00,0.0,0,4.129512201039068e-09,0,0.0
2025-04-13 04:00:00,0.0,0,1.3231212491035421e-08,0,0.0
2025-04-13 05:00:00,0.0,0,2.7452134985596522e-08,0,0.0
2025-04-13 06:00:00,0.0,0,5.3831364844834755e-08,0,0.0
2025-04-13 07:00:00,0.0,0,5.390949085517743e-06,0,0.0
2025-04-13 08:00:00,0.0,0,0.0019116232790413444,0,0.0
2025-04-13 09:00:00,0.0,0,0.0735938717204425,0,0.0
2025-04-13 10:00:00,1.1482808374336544,1,0.2400442206696025,0,0.0
2025-04-13 11:00:00,0.0,0,0.202810862877142,0,0.0
2025-04-13 12:00:00,0.0,0,0.3441934199263651,0,0.0
2025-04-13 13:00:00,0.0,0,0.01740057953683079,0,0.0
2025-04-13 14:00:00,0.0,0,0.002053227895829349,0,0.0
2025-04-13 15:00:00,0.0,0,3.300963894804773e-05,0,0.0
2025-04-13 16:00:00,0.0,0,1.952167038191779e-06,0,0.0
2025-04-13 17:00:00,0.0,0,1.706556477297596e-07,0,0.0
2025-04-13 18:00:00,0.0,0,5.272852281024302e-08,0,0.0
2025-04-13 19:00:00,0.0,0,1.0022561189651645e-08,0,0.0
2025-04-13 20:00:00,0.0,0,6.122447576906404e-10,0,0.0
2025-04-13 21:00:00,0.0,0,4.812368509539291e-10,0,0.0
2025-04-13 22:00:00,0.0,0,1.5731333122854472e-10,0,0.0
2025-04-13 23:00:00,0.0,0,1.0190705258013073e-10,0,0.0
2025-04-14 00:00:00,0.0,0,4.521264744137451e-10,0,0.0
2025-04-14 01:00:00,0.0,0,1.1721832667355349e-09,0,0.0
2025-04-14 02:00:00,0.0,0,3.171576067089455e-09,0,0.0
2025-04-14 03:00:00,0.0,0,6.751285848860556e-09,0,0.0
2025-04-14 04:00:00,0.0,0,1.7349692757763623e-08,0,0.0
2025-04-14 05:00:00,0.0,0,2.3553860149216155e-08,0,0.0
2025-04-14 06:00:00,0.0,0,4.1824143707738794e-07,0,0.0
2025-04-14 07:00:00,0.0,0,7.113642981795683e-05,0,0.0
2025-04-14 08:00:00,0.0,0,0.025652694185140722,0,0.0
2025-04-14 09:00:00,0.0,0,0.021779418885257543,0,0.0
2025-04-14 10:00:00,0.0,0,0.0009119213606510581,0,0.0
2025-04-14 11:00:00,0.0,0,0.004850753291485387,0,0.0
2025-04-14 12:00:00,0.0,0,2.571633609265943e-05,0,0.0
2025-04-14 13:00:00,6.16400364912436,1,0.5357374670874094,1,5.79918975488407
2025-04-14 14:00:00,0.0,0,0.11952884642537384,0,0.0
2025-04-14 15:00:00,0.0,0,0.0086065433952612,0,0.0
2025-04-14 16:00:00,0.0,0,0.00014911388811676202,0,0.0
2025-04-14 17:00:00,0.0,0,3.4285928908445007e-06,0,0.0
2025-04-14 18:00:00,0.0,0,3.623996931231119e-07,0,0.0
2025-04-14 19:00:00,0.0,0,7.238991483314067e-08,0,0.0
2025-04-14 20:00:00,0.0,0,1.650218015540979e-08,0,0.0
2025-04-14 21:00:00,0.0,0,2.942459064204131e-09,0,0.0
2025-04-14 22:00:00,0.0,0,1.2813768168062363e-09,0,0.0
2025-04-14 23:00:00,0.0,0,7.077493153231426e-10,0,0.0
2025-04-15 00:00:00,0.0,0,4.128668051667672e-10,0,0.0
2025-04-15 01:00:00,0.0,0,1.3757350862906356e-09,0,0.0
2025-04-15 02:00:00,0.0,0,1.860926965261596e-09,0,0.0
2025-04-15 03:00:00,0.0,0,8.179998934911974e-09,0,0.0
2025-04-15 04:00:00,0.0,0,1.1780299044932935e-08,0,0.0
2025-04-15 05:00:00,0.0,0,8.607629737745526e-09,0,0.0
2025-04-15 06:00:00,0.0,0,1.9978127924296172e-06,0,0.0
2025-04-15 07:00:00,0.0,0,0.0009622517164323472,0,0.0
2025-04-15 08:00:00,0.0,0,0.08933347036462137,0,0.0
2025-04-15 09:00:00,0.0,0,0.5580028841670065,1,6.9926043696434865
2025-04-15 10:00:00,0.0,0,0.01896935434485764,0,0.0
2025-04-15 11:00:00,0.0,0,0.002035239910722571,0,0.0
2025-04-15 12:00:00,0.0,0,0.00016606391569029953,0,0.0
2025-04-15 13:00:00,0.0,0,0.0005395234844813878,0,0.0
2025-04-15 14:00:00,0.0,0,1.7465774535009967e-06,0,0.0
2025-04-15 15:00:00,0.0,0,1.5120731353946595e-06,0,0.0
2025-04-15 16:00:00,0.0,0,1.5642256544619142e-07,0,0.0
2025-04-15 17:00:00,0.0,0,1.916028987774318e-09,0,0.0
2025-04-15 18:00:00,0.0,0,1.087495822977612e-09,0,0.0
2025-04-15 19:00:00,0.0,0,2.7896152670584557e-10,0,0.0
2025-04-15 20:00:00,0.0,0,6.132322240176677e-11,0,0.0
2025-04-15 21:00:00,0.0,0,4.78736650102404e-11,0,0.0
2025-04-15 22:00:00,0.0,0,3.186306073847135e-11,0,0.0
2025-04-15 23:00:00,0.0,0,1.836422307567519e-11,0,0.0
2025-04-16 00:00:00,0.0,0,9.804780874407713e-11,0,0.0
2025-04-16 01:00:00,0.0,0,3.1233141651887866e-11,0,0.0
2025-04-16 02:00:00,0.0,0,1.721544954938245e-10,0,0.0
2025-04-16 03:00:00,0.0,0,6.523124121520962e-10,0,0.0
2025-04-16 04:00:00,0.0,0,4.296322726540601e-09,0,0.0
2025-04-16 05:00:00,0.0,0,1.5881552126887784e-08,0,0.0
2025-04-16 06:00:00,0.0,0,1.495849705246532e-07,0,0.0
2025-04-16 07:00:00,0.0,0,5.148000354343098e-06,0,0.0
2025-04-16 08:00:00,0.0,0,4.254082502265883e-06,0,0.0
2025-04-16 09:00:00,6.841253876505052,1,0.6767990597488088,1,5.894594950739747
2025-04-16 10:00:00,0.0,0,0.40474212311390845,0,0.0
2025-04-16 11:00:00,0.0,0,0.061036607259335816,0,0.0
2025-04-16 12:00:00,0.0,0,0.012406984560640925,0,0.0
2025-04-16 13:00:00,0.0,0,0.00020102452086119533,0,0.0
2025-04-16 14:00:00,0.0,0,5.3801221533773594e-05,0,0.0
2025-04-16 15:00:00,0.0,0,1.8217273545978937e-05,0,0.0
2025-04-16 16:00:00,0.0,0,6.158410494819731e-07,0,0.0
2025-04-16 17:00:00,0.0,0,1.578091740786062e-08,0,0.0
2025-04-16 18:00:00,0.0,0,2.5588875732796745e-09,0,0.0
2025-04-16 19:00:00,0.0,0,4.705429785550031e-09,0,0.0
2025-04-16 20:00:00,0.0,0,3.4294696653543955e-10,0,0.0
2025-04-16 21:00:00,0.0,0,1.8363078686145062e-10,0,0.0
2025-04-16 22:00:00,0.0,0,2.4796291355433076e-10,0,0.0
2025-04-16 23:00:00,0.0,0,4.762430336938509e-11,0,0.0
2025-04-17 00:00:00,0.0,0,1.6781572857838313e-10,0,0.0
2025-04-17 01:00:00,0.0,0,9.296351046702326e-11,0,0.0
2025-04-17 02:00:00,0.0,0,9.898149042928044e-10,0,0.0
2025-04-17 03:00:00,0.0,0,2.147839636682595e-09,0,0.0
2025-04-17 04:00:00,0.0,0,3.1227809490793452e-09,0,0.0
2025-04-17 05:00:00,0.0,0,1.748117659653473e-08,0,0.0
2025-04-17 06:00:00,0.0,0,4.69541711870734e-07,0,0.0
2025-04-17 07:00:00,0.0,0,1.7476192126292204e-05,0,0.0
2025-04-17 08:00:00,0.0,0,0.00014850579749716477,0,0.0
2025-04-17 09:00:00,6.120060760324526,1,0.6584469102505606,1,5.627217812028578
2025-04-17 10:00:00,0.0,0,0.1311948305660886,0,0.0
2025-04-17 11:00:00,0.0,0,0.2635880943222824,0,0.0
2025-04-17 12:00:00,0.0,0,0.0055574903249953796,0,0.0
2025-04-17 13:00:00,0.0,0,0.00022253362132652717,0,0.0
2025-04-17 14:00:00,0.0,0,7.166671864414272e-05,0,0.0
2025-04-17 15:00:00,0.0,0,1.0472377972543569e-05,0,0.0
2025-04-17 16:00:00,0.0,0,3.569017145672808e-07,0,0.0
2025-04-17 17:00:00,0.0,0,1.580700813393574e-07,0,0.0
2025-04-17 18:00:00,0.0,0,8.721701636884663e-09,0,0.0
2025-04-17 19:00:00,0.0,0,1.5662418815348626e-09,0,0.0
2025-04-17 20:00:00,0.0,0,1.543667925842225e-09,0,0.0
2025-04-17 21:00:00,0.0,0,3.935345757027713e-10,0,0.0
2025-04-17 22:00:00,0.0,0,2.7376223712914503e-10,0,0.0
2025-04-17 23:00:00,0.0,0,1.720784520806027e-10,0,0.0
2025-04-18 00:00:00,0.0,0,8.445500895769131e-11,0,0.0
2025-04-18 01:00:00,0.0,0,2.0942085549770289e-10,0,0.0
2025-04-18 02:00:00,0.0,0,1.3215488434460492e-10,0,0.0
2025-04-18 03:00:00,0.0,0,2.3819701752627827e-09,0,0.0
2025-04-18 04:00:00,0.0,0,9.452069886538287e-09,0,0.0
2025-04-18 05:00:00,0.0,0,3.348095545163581e-08,0,0.0
2025-04-18 06:00:00,0.0,0,7.921651660726162e-07,0,0.0
2025-04-18 07:00:00,0.0,0,6.03909954731901e-05,0,0.0
2025-04-18 08:00:00,0.0,0,1.2035115487475549e-05,0,0.0
2025-04-18 09:00:00,0.0,0,0.00024319769118725032,0,0.0
2025-04-18 10:00:00,6.4204320195730125,1,0.16692543399509416,0,0.0
2025-04-18 11:00:00,0.0,0,0.11432122194414103,0,0.0
2025-04-18 12:00:00,0.0,0,0.0012318889940944422,0,0.0
2025-04-18 13:00:00,0.0,0,0.001350109247654599,0,0.0
2025-04-18 14:00:00,0.0,0,0.0005235038688503416,0,0.0
2025-04-18 15:00:00,0.0,0,5.8604124061532264e-05,0,0.0
2025-04-18 16:00:00,0.0,0,2.755652924929394e-06,0,0.0
2025-04-18 17:00:00,0.0,0,1.5697422437653426e-07,0,0.0
2025-04-18 18:00:00,0.0,0,1.386792908852175e-07,0,0.0
2025-04-18 19:00:00,0.0,0,1.0508804781410276e-08,0,0.0
2025-04-18 20:00:00,0.0,0,6.372560647618546e-09,0,0.0
2025-04-18 21:00:00,0.0,0,7.911618884001563e-10,0,0.0
2025-04-18 22:00:00,0.0,0,1.2967316257598926e-10,0,0.0
2025-04-18 23:00:00,0.0,0,8.986296531238856e-11,0,0.0
2025-04-19 00:00:00,0.0,0,2.817290098238309e-10,0,0.0
2025-04-19 01:00:00,0.0,0,1.8500475397702612e-10,0,0.0
2025-04-19 02:00:00,0.0,0,1.5779795651202239e-09,0,0.0
2025-04-19 03:00:00,0.0,0,3.6101803864063597e-09,0,0.0
2025-04-19 04:00:00,0.0,0,7.484893476787052e-09,0,0.0
2025-04-19 05:00:00,0.0,0,6.181646041450616e-08,0,0.0
2025-04-19 06:00:00,0.0,0,1.705990731581187e-06,0,0.0
2025-04-19 07:00:00,0.0,0,4.956635136478511e-05,0,0.0
2025-04-19 08:00:00,0.0,0,0.00035575699508049786,0,0.0
2025-04-19 09:00:00,0.0,0,0.00010129837537849781,0,0.0
2025-04-19 10:00:00,0.0,0,0.00014088400817133072,0,0.0
2025-04-19 11:00:00,6.964941069442966,1,0.5584869732323757,1,5.009795109487616
2025-04-19 12:00:00,0.0,0,0.7899274604443145,1,5.6540872341371635
2025-04-19 13:00:00,0.0,0,0.44684966408697624,0,0.0
2025-04-19 14:00:00,0.0,0,0.01550184693513681,0,0.0
2025-04-19 15:00:00,0.0,0,0.0041085248464374875,0,0.0
2025-04-19 16:00:00,0.0,0,1.0079183689667794e-05,0,0.0
2025-04-19 17:00:00,0.0,0,3.159496199192728e-06,0,0.0
2025-04-19 18:00:00,0.0,0,4.88034199943086e-07,0,0.0
2025-04-19 19:00:00,0.0,0,7.051836365004898e-08,0,0.0
2025-04-19 20:00:00,0.0,0,4.6157940698976355e-09,0,0.0
2025-04-19 21:00:00,0.0,0,1.5888555926189215e-09,0,0.0
2025-04-19 22:00:00,0.0,0,6.117939429264143e-10,0,0.0
2025-04-19 23:00:00,0.0,0,3.131144823302505e-10,0,0.0
2025-04-20 00:00:00,0.0,0,5.452844747932059e-10,0,0.0
2025-04-20 01:00:00,0.0,0,1.47202683396399e-09,0,0.0
2025-04-20 02:00:00,0.0,0,5.118675046482082e-09,0,0.0
2025-04-20 03:00:00,0.0,0,1.3893002858383586e-08,0,0.0
2025-04-20 04:00:00,0.0,0,5.8627986493035706e-08,0,0.0
2025-04-20 05:00:00,0.0,0,1.8168442862442553e-07,0,0.0
2025-04-20 06:00:00,0.0,0,5.365295585768025e-06,0,0.0
2025-04-20 07:00:00,0.0,0,0.00023687755266933914,0,0.0
2025-04-20 08:00:00,0.0,0,0.0032976210656826504,0,0.0
2025-04-20 09:00:00,0.0,0,0.0006274793845277687,0,0.0
2025-04-20 10:00:00,0.0,0,0.0008053152393609424,0,0.0
2025-04-20 11:00:00,0.0,0,0.0009569529477455252,0,0.0
2025-04-20 12:00:00,6.1259413017132776,1,0.7527043463724418,1,6.936898375584208
2025-04-20 13:00:00,0.0,0,0.3291924589318807,0,0.0
2025-04-20 14:00:00,0.0,0,0.09352425027286455,0,0.0
2025-04-20 15:00:00,0.0,0,0.0016975031222439272,0,0.0
2025-04-20 16:00:00,0.0,0,4.0781569796490794e-05,0,0.0
2025-04-20 17:00:00,0.0,0,5.302237611160139e-06,0,0.0
2025-04-20 18:00:00,0.0,0,4.194627045930881e-07,0,0.0
2025-04-20 19:00:00,0.0,0,3.7242864576789317e-08,0,0.0
2025-04-20 20:00:00,0.0,0,1.7742874551338694e-08,0,0.0
2025-04-20 21:00:00,0.0,0,3.4120778091418258e-09,0,0.0
2025-04-20 22:00:00,0.0,0,5.624461590977049e-10,0,0.0
2025-04-20 23:00:00,0.0,0,3.0450044685549634e-10,0,0.0
2025-04-21 00:00:00,0.0,0,7.623089475487235e-10,0,0.0
2025-04-21 01:00:00,0.0,0,3.4073131685862443e-09,0,0.0
2025-04-21 02:00:00,0.0,0,6.926777510029446e-09,0,0.0
2025-04-21 03:00:00,0.0,0,2.220757609165116e-08,0,0.0
2025-04-21 04:00:00,0.0,0,5.825718694627455e-08,0,0.0
2025-04-21 05:00:00,0.0,0,1.4174662859531514e-07,0,0.0
2025-04-21 06:00:00,0.0,0,4.434722735530907e-06,0,0.0
2025-04-21 07:00:00,0.0,0,0.0002942075958690718,0,0.0
2025-04-21 08:00:00,0.0,0,0.03674737775576311,0,0.0
2025-04-21 09:00:00,0.0,0,0.3717045999243342,0,0.0
2025-04-21 10:00:00,0.0,0,0.008859376221715447,0,0.0
2025-04-21 11:00:00,0.0,0,0.0009266122776968015,0,0.0
2025-04-21 12:00:00,0.0,0,0.00010568467462404418,0,0.0
2025-04-21 13:00:00,0.0,0,4.085427014272125e-05,0,0.0
2025-04-21 14:00:00,0.0,0,4.10244391973524e-06,0,0.0
2025-04-21 15:00:00,0.0,0,3.185551894534184e-07,0,0.0
2025-04-21 16:00:00,0.0,0,1.3424996492520409e-07,0,0.0
2025-04-21 17:00:00,0.0,0,4.120241833570507e-09,0,0.0
2025-04-21 18:00:00,0.0,0,1.2580405350837104e-09,0,0.0
2025-04-21 19:00:00,0.0,0,6.592938817639133e-10,0,0.0
2025-04-21 20:00:00,0.0,0,2.0273230342422144e-11,0,0.0
2025-04-21 21:00:00,0.0,0,1.5819236810680232e-11,0,0.0
2025-04-21 22:00:00,0.0,0,5.363827280625471e-11,0,0.0
2025-04-21 23:00:00,0.0,0,1.6818853036196735e-11,0,0.0
2025-04-22 00:00:00,0.0,0,5.6797342409094306e-11,0,0.0
2025-04-22 01:00:00,0.0,0,7.94360894781204e-11,0,0.0
2025-04-22 02:00:00,0.0,0,6.158528377137485e-10,0,0.0
2025-04-22 03:00:00,0.0,0,9.546172881230572e-10,0,0.0
2025-04-22 04:00:00,0.0,0,8.050107969832519e-09,0,0.0
2025-04-22 05:00:00,0.0,0,8.436883247100434e-08,0,0.0
2025-04-22 06:00:00,0.0,0,8.707837891567975e-07,0,0.0
2025-04-22 07:00:00,0.0,0,1.9535340164545263e-05,0,0.0
2025-04-22 08:00:00,0.0,0,0.0007217475537095467,0,0.0
2025-04-22 09:00:00,0.0,0,0.0008421987901220911,0,0.0
2025-04-22 10:00:00,0.0,0,0.0015016330808339602,0,0.0
2025-04-22 11:00:00,0.0,0,0.0006492867055765601,0,0.0
2025-04-22 12:00:00,0.0,0,0.0002688905281127023,0,0.0
2025-04-22 13:00:00,0.0,0,0.001334008993399755,0,0.0
2025-04-22 14:00:00,0.0,0,7.785096567021895e-05,0,0.0
2025-04-22 15:00:00,0.0,0,4.667749656097156e-06,0,0.0
2025-04-22 16:00:00,0.0,0,8.768544408065373e-07,0,0.0
2025-04-22 17:00:00,0.0,0,1.614969872924955e-07,0,0.0
2025-04-22 18:00:00,0.0,0,1.0896765412668109e-08,0,0.0
2025-04-22 19:00:00,0.0,0,4.016003793719566e-09,0,0.0
2025-04-22 20:00:00,0.0,0,9.626586116567744e-10,0,0.0
2025-04-22 21:00:00,0.0,0,3.1832305854663594e-10,0,0.0
2025-04-22 22:00:00,0.0,0,2.908814072479139e-10,0,0.0
2025-04-22 23:00:00,0.0,0,2.832381611348054e-10,0,0.0
2025-04-23 00:00:00,0.0,0,3.7898999343168617e-10,0,0.0
2025-04-23 01:00:00,0.0,0,4.700521963455511e-10,0,0.0
2025-04-23 02:00:00,0.0,0,3.489131733304e-10,0,0.0
2025-04-23 03:00:00,0.0,0,2.2601424096592242e-10,0,0.0
2025-04-23 04:00:00,0.0,0,4.2434945974545114e-11,0,0.0
2025-04-23 05:00:00,0.0,0,1.9162282138731067e-10,0,0.0
2025-04-23 06:00:00,0.0,0,9.830630917001064e-10,0,0.0
2025-04-23 07:00:00,0.0,0,2.0879908433420077e-09,0,0.0
2025-04-23 08:00:00,0.0,0,1.8436603094912229e-09,0,0.0
2025-04-23 09:00:00,0.0,0,1.5732237279330656e-09,0,0.0
2025-04-23 10:00:00,0.0,0,1.1708704733443467e-11,0,0.0
2025-04-23 11:00:00,0.0,0,3.467621467833391e-10,0,0.0
2025-04-23 12:00:00,0.0,0,1.8453080476270042e-12,0,0.0
2025-04-23 13:00:00,0.0,0,1.4535057935868174e-14,0,0.0
2025-04-23 14:00:00,0.0,0,1.567533786962928e-14,0,0.0
2025-04-23 15:00:00,0.0,0,3.198928141991526e-14,0,0.0
2025-04-23 16:00:00,0.0,0,2.545089362461117e-17,0,0.0
2025-04-23 17:00:00,0.0,0,3.397240634374447e-19,0,0.0
2025-04-23 18:00:00,0.0,0,1.9486864409909675e-21,0,0.0
2025-04-23 19:00:00,0.0,0,1.1444606795475071e-21,0,0.0
2025-04-23 20:00:00,0.0,0,7.370014634471887e-22,0,0.0
2025-04-23 21:00:00,0.0,0,8.488960149561037e-23,0,0.0
2025-04-23 22:00:00,0.0,0,4.324625302407187e-23,0,0.0
2025-04-23 23:00:00,0.0,0,5.637278350496828e-23,0,0.0
2025-04-24 00:00:00,0.0,0,1.4180441532338621e-24,0,0.0
2025-04-24 01:00:00,0.0,0,1.0042560627667822e-23,0,0.0
2025-04-24 02:00:00,0.0,0,4.688941770067506e-25,0,0.0
2025-04-24 03:00:00,0.0,0,1.4533373701539944e-25,0,0.0
2025-04-24 04:00:00,0.0,0,3.7532345177357926e-24,0,0.0
2025-04-24 05:00:00,0.0,0,3.036937462593565e-25,0,0.0
2025-04-24 06:00:00,0.0,0,1.0273561787712531e-26,0,0.0
2025-04-24 07:00:00,0.0,0,3.948877372905717e-26,0,0.0
2025-04-24 08:00:00,0.0,0,2.7228894521262167e-24,0,0.0
2025-04-24 09:00:00,0.0,0,1.0935642902060463e-21,0,0.0
2025-04-24 10:00:00,0.0,0,5.818417277673697e-20,0,0.0
2025-04-24 11:00:00,0.0,0,9.16583146588003e-19,0,0.0
2025-04-24 12:00:00,0.0,0,4.275929318122487e-19,0,0.0
2025-04-24 13:00:00,0.0,0,3.893479402202323e-20,0,0.0
2025-04-24 14:00:00,0.0,0,1.4954407064773714e-18,0,0.0
2025-04-24 15:00:00,0.0,0,1.4029810161586285e-18,0,0.0
2025-04-24 16:00:00,0.0,0,1.6220156066120304e-21,0,0.0
2025-04-24 17:00:00,0.0,0,1.134001221198878e-21,0,0.0
2025-04-24 18:00:00,0.0,0,9.488247423512517e-22,0,0.0
2025-04-24 19:00:00,0.0,0,8.907462865444976e-23,0,0.0
2025-04-24 20:00:00,0.0,0,1.63506095737702e-22,0,0.0
2025-04-24 21:00:00,0.0,0,5.388811767833993e-23,0,0.0
2025-04-24 22:00:00,0.0,0,2.0533337763880067e-23,0,0.0
2025-04-24 23:00:00,0.0,0,3.36714958923464e-23,0,0.0
2025-04-25 00:00:00,0.0,0,4.1727196055139955e-23,0,0.0
2025-04-25 01:00:00,0.0,0,1.2588505234153543e-22,0,0.0
2025-04-25 02:00:00,0.0,0,7.469739751066653e-21,0,0.0
2025-04-25 03:00:00,0.0,0,2.4664847664468733e-22,0,0.0
2025-04-25 04:00:00,0.0,0,4.254059936481616e-21,0,0.0
2025-04-25 05:00:00,0.0,0,1.570300711498172e-21,0,0.0
2025-04-25 06:00:00,0.0,0,1.984815197617105e-20,0,0.0
2025-04-25 07:00:00,0.0,0,3.211679273345893e-19,0,0.0
2025-04-25 08:00:00,0.0,0,1.1746403984911444e-14,0,0.0
2025-04-25 09:00:00,0.0,0,2.07257021396768e-14,0,0.0
2025-04-25 10:00:00,0.0,0,1.5888523229134758e-13,0,0.0
2025-04-25 11:00:00,0.0,0,1.8960322835989144e-13,0,0.0
2025-04-25 12:00:00,0.0,0,4.281901540784514e-12,0,0.0
2025-04-25 13:00:00,0.0,0,6.311120096572133e-12,0,0.0
2025-04-25 14:00:00,0.0,0,2.370779000666529e-11,0,0.0
2025-04-25 15:00:00,0.0,0,5.490019627870009e-13,0,0.0
2025-04-25 16:00:00,0.0,0,2.796126813454248e-12,0,0.0
2025-04-25 17:00:00,0.0,0,3.464868194453168e-16,0,0.0
2025-04-25 18:00:00,0.0,0,1.7662074488835156e-14,0,0.0
2025-04-25 19:00:00,0.0,0,4.867631675066996e-16,0,0.0
2025-04-25 20:00:00,0.0,0,3.9677862732068396e-17,0,0.0
2025-04-25 21:00:00,0.0,0,3.007579281178879e-16,0,0.0
2025-04-25 22:00:00,0.0,0,1.1718769015849782e-16,0,0.0
2025-04-25 23:00:00,0.0,0,7.692596277149238e-16,0,0.0
2025-04-26 00:00:00,0.0,0,4.2748292146012065e-17,0,0.0
2025-04-26 01:00:00,0.0,0,3.136227871911345e-14,0,0.0
2025-04-26 02:00:00,0.0,0,1.985983850449741e-15,0,0.0
2025-04-26 03:00:00,0.0,0,1.2738963642756798e-13,0,0.0
2025-04-26 04:00:00,0.0,0,7.409607580325117e-13,0,0.0
2025-04-26 05:00:00,0.0,0,2.6975688419212954e-13,0,0.0
2025-04-26 06:00:00,0.0,0,4.653938694800974e-12,0,0.0
2025-04-26 07:00:00,0.0,0,1.2894627000560945e-09,0,0.0
2025-04-26 08:00:00,0.0,0,1.3729671763919992e-06,0,0.0
2025-04-26 09:00:00,0.0,0,0.00016175809208591647,0,0.0
2025-04-26 10:00:00,0.0,0,0.0009981088046415074,0,0.0
2025-04-26 11:00:00,0.0,0,0.0683684527426408,0,0.0
2025-04-26 12:00:00,0.0,0,0.10612732315904536,0,0.0
2025-04-26 13:00:00,0.0,0,0.32933201742085605,0,0.0
2025-04-26 14:00:00,0.0,0,0.019533386503672787,0,0.0
2025-04-26 15:00:00,0.0,0,0.009732210629366852,0,0.0
2025-04-26 16:00:00,0.0,0,0.00010552760947248609,0,0.0
2025-04-26 17:00:00,0.0,0,1.4383481211415894e-06,0,0.0
2025-04-26 18:00:00,0.0,0,1.1485594351116706e-07,0,0.0
2025-04-26 19:00:00,0.0,0,7.908475306022553e-08,0,0.0
2025-04-26 20:00:00,0.0,0,4.258697690196925e-09,0,0.0
2025-04-26 21:00:00,0.0,0,2.686647478390896e-09,0,0.0
2025-04-26 22:00:00,0.0,0,1.3383160969445257e-09,0,0.0
2025-04-26 23:00:00,0.0,0,2.1233379343287783e-09,0,0.0
2025-04-27 00:00:00,0.0,0,9.276764684797054e-10,0,0.0
2025-04-27 01:00:00,0.0,0,7.669419567084463e-10,0,0.0
2025-04-27 02:00:00,0.0,0,1.0192155954917942e-10,0,0.0
2025-04-27 03:00:00,0.0,0,2.397468052022497e-08,0,0.0
2025-04-27 04:00:00,0.0,0,5.737231826594168e-09,0,0.0
2025-04-27 05:00:00,0.0,0,5.4956452583442956e-09,0,0.0
2025-04-27 06:00:00,0.0,0,3.80400987832848e-07,0,0.0
2025-04-27 07:00:00,0.0,0,2.8329237110947487e-05,0,0.0
2025-04-27 08:00:00,0.0,0,0.003412255815617719,0,0.0
2025-04-27 09:00:00,0.0,0,0.5577684471432905,1,6.713659120986698
2025-04-27 10:00:00,0.0,0,0.7304096698004325,1,5.58957334103164
2025-04-27 11:00:00,0.0,0,0.0574676038089378,0,0.0
2025-04-27 12:00:00,1.9398719071360375,1,0.5007535739904688,1,6.63497622125009
2025-04-27 13:00:00,0.0,0,0.033004626012409104,0,0.0
2025-04-27 14:00:00,0.0,0,0.05694789431253666,0,0.0
2025-04-27 15:00:00,0.0,0,0.0027097119165598567,0,0.0
2025-04-27 16:00:00,0.0,0,2.064808375897326e-05,0,0.0
2025-04-27 17:00:00,0.0,0,2.1081023187973065e-06,0,0.0
2025-04-27 18:00:00,0.0,0,3.161929228367161e-07,0,0.0
2025-04-27 19:00:00,0.0,0,9.142866848882159e-08,0,0.0
2025-04-27 20:00:00,0.0,0,2.5131122579123726e-08,0,0.0
2025-04-27 21:00:00,0.0,0,1.995501075447103e-08,0,0.0
2025-04-27 22:00:00,0.0,0,9.740593011797568e-09,0,0.0
2025-04-27 23:00:00,0.0,0,3.911528686980574e-09,0,0.0
2025-04-28 00:00:00,0.0,0,7.70055961939505e-09,0,0.0
2025-04-28 01:00:00,0.0,0,1.0769984254714227e-08,0,0.0
2025-04-28 02:00:00,0.0,0,3.272431703719023e-08,0,0.0
2025-04-28 03:00:00,0.0,0,1.1971262289522696e-07,0,0.0
2025-04-28 04:00:00,0.0,0,1.8868188687645888e-07,0,0.0
2025-04-28 05:00:00,0.0,0,2.649395478852829e-07,0,0.0
2025-04-28 06:00:00,0.0,0,2.5768852506852446e-05,0,0.0
2025-04-28 07:00:00,0.0,0,0.0017609963116591808,0,0.0
2025-04-28 08:00:00,0.0,0,0.043666877618908854,0,0.0
2025-04-28 09:00:00,0.0,0,0.17898332938420344,0,0.0
2025-04-28 10:00:00,0.0,0,0.013221953811421841,0,0.0
2025-04-28 11:00:00,0.0,0,0.000731746819056263,0,0.0
2025-04-28 12:00:00,0.0,0,0.0003543145125385174,0,0.0
2025-04-28 13:00:00,0.0,0,1.5276734282607497e-05,0,0.0
2025-04-28 14:00:00,0.0,0,4.099402320324924e-06,0,0.0
2025-04-28 15:00:00,0.0,0,1.6611525507374309e-07,0,0.0
2025-04-28 16:00:00,0.0,0,9.494609143620419e-08,0,0.0
2025-04-28 17:00:00,0.0,0,1.780306970544646e-08,0,0.0
2025-04-28 18:00:00,0.0,0,1.8755349703491133e-09,0,0.0
2025-04-28 19:00:00,0.0,0,9.248327067279016e-10,0,0.0
2025-04-28 20:00:00,0.0,0,3.045328428518452e-10,0,0.0
2025-04-28 21:00:00,0.0,0,1.8025575001597585e-10,0,0.0
2025-04-28 22:00:00,0.0,0,1.3978643485451326e-10,0,0.0
2025-04-28 23:00:00,0.0,0,1.7013017015882464e-10,0,0.0
2025-04-29 00:00:00,0.0,0,4.884422529709045e-10,0,0.0
2025-04-29 01:00:00,0.0,0,8.84368602564612e-11,0,0.0
2025-04-29 02:00:00,0.0,0,3.2548264172789246e-09,0,0.0
2025-04-29 03:00:00,0.0,0,7.666689154699533e-09,0,0.0
2025-04-29 04:00:00,0.0,0,3.210891293368997e-08,0,0.0
2025-04-29 05:00:00,0.0,0,3.375755925800287e-08,0,0.0
2025-04-29 06:00:00,0.0,0,5.256395473380001e-07,0,0.0
2025-04-29 07:00:00,0.0,0,7.373974132156156e-06,0,0.0
2025-04-29 08:00:00,0.0,0,5.920512400376999e-06,0,0.0
2025-04-29 09:00:00,5.784430865936404,1,0.6183601365024798,1,6.441708869313523
2025-04-29 10:00:00,0.0,0,0.291924007376439,0,0.0
2025-04-29 11:00:00,0.0,0,0.13511545948116108,0,0.0
2025-04-29 12:00:00,0.0,0,0.0021928194245517574,0,0.0
2025-04-29 13:00:00,0.0,0,0.0008978927745206801,0,0.0
2025-04-29 14:00:00,0.0,0,8.328798908906632e-06,0,0.0
2025-04-29 15:00:00,0.0,0,6.785696212617935e-05,0,0.0
2025-04-29 16:00:00,0.0,0,2.323333286923169e-06,0,0.0
2025-04-29 17:00:00,0.0,0,1.6818546027981254e-08,0,0.0
2025-04-29 18:00:00,0.0,0,3.7654563082912976e-08,0,0.0
2025-04-29 19:00:00,0.0,0,9.663834493279217e-10,0,0.0
2025-04-29 20:00:00,0.0,0,6.20248654285812e-10,0,0.0
2025-04-29 21:00:00,0.0,0,5.257608047777203e-10,0,0.0
2025-04-29 22:00:00,0.0,0,1.4253779020279101e-10,0,0.0
2025-04-29 23:00:00,0.0,0,5.385734338210853e-10,0,0.0
2025-04-30 00:00:00,0.0,0,8.003639980953547e-10,0,0.0
2025-04-30 01:00:00,0.0,0,4.2826656800325226e-10,0,0.0
2025-04-30 02:00:00,0.0,0,6.49699861277755e-09,0,0.0
2025-04-30 03:00:00,0.0,0,1.841282822133291e-08,0,0.0
2025-04-30 04:00:00,0.0,0,2.233701026982357e-07,0,0.0
2025-04-30 05:00:00,0.0,0,7.768489313047712e-07,0,0.0
2025-04-30 06:00:00,0.0,0,4.749178044232725e-06,0,0.0
2025-04-30 07:00:00,0.0,0,5.2953793943749685e-05,0,0.0
2025-04-30 08:00:00,0.0,0,9.311003505816376e-05,0,0.0
2025-04-30 09:00:00,0.0,0,3.0381425956811363e-05,0,0.0
2025-04-30 10:00:00,5.740592180903936,1,0.20527108950863848,0,0.0
2025-04-30 11:00:00,0.0,0,0.4918969433924777,0,0.0
2025-04-30 12:00:00,0.0,0,0.1162997496629701,0,0.0
2025-04-30 13:00:00,0.0,0,0.015967622536489316,0,0.0
2025-04-30 14:00:00,0.0,0,0.00016444305622632778,0,0.0
2025-04-30 15:00:00,0.0,0,4.1907096138556274e-05,0,0.0
2025-04-30 16:00:00,0.0,0,6.453061291656363e-07,0,0.0
2025-04-30 17:00:00,0.0,0,1.2813714514760647e-06,0,0.0
2025-04-30 18:00:00,0.0,0,1.629212709759498e-08,0,0.0
2025-04-30 19:00:00,0.0,0,5.258139974033043e-08,0,0.0
2025-04-30 20:00:00,0.0,0,4.039291037037906e-09,0,0.0
2025-04-30 21:00:00,0.0,0,4.551918494631262e-09,0,0.0
2025-04-30 22:00:00,0.0,0,1.662123681313222e-09,0,0.0
2025-04-30 23:00:00,0.0,0,1.1558920671638863e-09,0,0.0
2025-05-01 00:00:00,0.0,0,2.008663986174626e-09,0,0.0
2025-05-01 01:00:00,0.0,0,3.066203648280386e-09,0,0.0
2025-05-01 02:00:00,0.0,0,8.763830972654531e-09,0,0.0
2025-05-01 03:00:00,0.0,0,8.386461676252448e-08,0,0.0
2025-05-01 04:00:00,0.0,0,4.979475247571393e-07,0,0.0
2025-05-01 05:00:00,0.0,0,1.001209798981024e-06,0,0.0
2025-05-01 06:00:00,0.0,0,9.766091437211572e-06,0,0.0
2025-05-01 07:00:00,0.0,0,1.8352194822908064e-05,0,0.0
2025-05-01 08:00:00,0.0,0,0.0026772608259774816,0,0.0
2025-05-01 09:00:00,0.0,0,0.04183018146129059,0,0.0
2025-05-01 10:00:00,0.0,0,0.15168949600390216,0,0.0
2025-05-01 11:00:00,0.0,0,0.37875282209621086,0,0.0
2025-05-01 12:00:00,0.0,0,0.37714828808965273,0,0.0
2025-05-01 13:00:00,0.0,0,0.0021376852394554124,0,0.0
2025-05-01 14:00:00,0.0,0,0.005126198024751295,0,0.0
2025-05-01 15:00:00,0.0,0,8.456635266664981e-06,0,0.0
2025-05-01 16:00:00,0.0,0,6.13268697398624e-08,0,0.0
2025-05-01 17:00:00,0.0,0,4.336740016701161e-11,0,0.0
2025-05-01 18:00:00,0.0,0,7.50919106531783e-12,0,0.0
2025-05-01 19:00:00,0.0,0,7.131447522919529e-12,0,0.0
2025-05-01 20:00:00,0.0,0,7.446774690127045e-13,0,0.0
2025-05-01 21:00:00,0.0,0,9.111585662558738e-14,0,0.0
2025-05-01 22:00:00,0.0,0,1.007392876288718e-14,0,0.0
2025-05-01 23:00:00,0.0,0,2.0467633167748284e-17,0,0.0
2025-05-02 00:00:00,0.0,0,1.9710750109500378e-17,0,0.0
2025-05-02 01:00:00,0.0,0,8.351867189598447e-21,0,0.0
2025-05-02 02:00:00,0.0,0,1.1840313799219748e-20,0,0.0
2025-05-02 03:00:00,0.0,0,1.4069962628513026e-24,0,0.0
2025-05-02 04:00:00,0.0,0,1.2943133293630116e-25,0,0.0
2025-05-02 05:00:00,0.0,0,1.5568224151166327e-28,0,0.0
2025-05-02 06:00:00,0.0,0,1.375396494402697e-27,0,0.0
2025-05-02 07:00:00,0.0,0,8.489816741183005e-33,0,0.0
2025-05-02 08:00:00,0.0,0,2.57609410931791e-34,0,0.0
2025-05-02 09:00:00,0.0,0,2.654152010684828e-34,0,0.0
2025-05-02 10:00:00,0.0,0,6.187885489624397e-36,0,0.0
2025-05-02 11:00:00,0.0,0,6.94709198596664e-37,0,0.0
2025-05-02 12:00:00,0.0,0,1.0317185609413038e-36,0,0.0
2025-05-02 13:00:00,0.0,0,4.624997555871248e-40,0,0.0
2025-05-02 14:00:00,0.0,0,1.452565963090613e-43,0,0.0
2025-05-02 15:00:00,0.0,0,1.8947779043463922e-44,0,0.0
2025-05-02 16:00:00,0.0,0,4.590970552047258e-47,0,0.0
2025-05-02 17:00:00,0.0,0,3.429882733978045e-48,0,0.0
2025-05-02 18:00:00,0.0,0,1.664599135523063e-48,0,0.0
2025-05-02 19:00:00,0.0,0,5.726232125819485e-48,0,0.0
2025-05-02 20:00:00,0.0,0,4.991045238746243e-47,0,0.0
2025-05-02 21:00:00,0.0,0,5.488454861769401e-47,0,0.0
2025-05-02 22:00:00,0.0,0,2.9853320156117313e-47,0,0.0
2025-05-02 23:00:00,0.0,0,3.480046094993534e-47,0,0.0
2025-05-03 00:00:00,0.0,0,1.0601827828003551e-46,0,0.0
2025-05-03 01:00:00,0.0,0,6.8623961897116465e-46,0,0.0
2025-05-03 02:00:00,0.0,0,4.1757032768999845e-45,0,0.0
2025-05-03 03:00:00,0.0,0,5.657459613772673e-45,0,0.0
2025-05-03 04:00:00,0.0,0,2.3711507071570785e-45,0,0.0
2025-05-03 05:00:00,0.0,0,5.250713956520729e-44,0,0.0
2025-05-03 06:00:00,0.0,0,3.1551041205998635e-45,0,0.0
2025-05-03 07:00:00,0.0,0,2.044604537914076e-44,0,0.0
2025-05-03 08:00:00,0.0,0,4.2395280809637997e-44,0,0.0
2025-05-03 09:00:00,0.0,0,9.413951764939019e-43,0,0.0
2025-05-03 10:00:00,0.0,0,1.3919141173166033e-41,0,0.0
2025-05-03 11:00:00,0.0,0,6.1871363887597416e-43,0,0.0
2025-05-03 12:00:00,0.0,0,2.695453571359124e-43,0,0.0
2025-05-03 13:00:00,0.0,0,4.515402039748083e-44,0,0.0
2025-05-03 14:00:00,0.0,0,8.243992512058182e-44,0,0.0
2025-05-03 15:00:00,0.0,0,1.0549712038708824e-45,0,0.0
2025-05-03 16:00:00,0.0,0,1.498351356622447e-46,0,0.0
2025-05-03 17:00:00,0.0,0,3.959271527551521e-48,0,0.0
2025-05-03 18:00:00,0.0,0,8.615716892799792e-47,0,0.0
2025-05-03 19:00:00,0.0,0,1.7896321397253182e-48,0,0.0
2025-05-03 20:00:00,0.0,0,2.536383746567906e-48,0,0.0
2025-05-03 21:00:00,0.0,0,1.642989759536124e-47,0,0.0
2025-05-03 22:00:00,0.0,0,1.0599068028112104e-47,0,0.0
2025-05-03 23:00:00,0.0,0,2.7468168347014332e-46,0,0.0
2025-05-04 00:00:00,0.0,0,2.4395268924705483e-46,0,0.0
2025-05-04 01:00:00,0.0,0,4.530619746139924e-45,0,0.0
2025-05-04 02:00:00,0.0,0,2.0538034388374546e-45,0,0.0
2025-05-04 03:00:00,0.0,0,1.3686466146579547e-44,0,0.0
2025-05-04 04:00:00,0.0,0,2.9763610556252815e-44,0,0.0
2025-05-04 05:00:00,0.0,0,5.702000633322333e-45,0,0.0
2025-05-04 06:00:00,0.0,0,2.0462543599892963e-44,0,0.0
2025-05-04 07:00:00,0.0,0,3.658288237421619e-43,0,0.0
2025-05-04 08:00:00,0.0,0,9.637475896416e-43,0,0.0
2025-05-04 09:00:00,0.0,0,3.4041004901618216e-41,0,0.0
2025-05-04 10:00:00,0.0,0,9.777882089486664e-41,0,0.0
2025-05-04 11:00:00,0.0,0,2.0916229765159923e-39,0,0.0
2025-05-04 12:00:00,0.0,0,3.024462765860821e-40,0,0.0
2025-05-04 13:00:00,0.0,0,9.449803298978115e-40,0,0.0
2025-05-04 14:00:00,0.0,0,3.975518889232079e-39,0,0.0
2025-05-04 15:00:00,0.0,0,1.321395995028405e-40,0,0.0
2025-05-04 16:00:00,0.0,0,3.054256528941816e-41,0,0.0
2025-05-04 17:00:00,0.0,0,9.259238408254634e-42,0,0.0
2025-05-04 18:00:00,0.0,0,3.660847171252506e-44,0,0.0
2025-05-04 19:00:00,0.0,0,1.6847900490408615e-43,0,0.0
2025-05-04 20:00:00,0.0,0,3.0765801795866545e-43,0,0.0
2025-05-04 21:00:00,0.0,0,7.257832563960577e-45,0,0.0
2025-05-04 22:00:00,0.0,0,2.0683316458403304e-43,0,0.0
2025-05-04 23:00:00,0.0,0,2.159064938108171e-44,0,0.0
2025-05-05 00:00:00,0.0,0,1.9061720356528655e-42,0,0.0
2025-05-05 01:00:00,0.0,0,1.2196647880271487e-42,0,0.0
2025-05-05 02:00:00,0.0,0,2.7472931187156376e-43,0,0.0
2025-05-05 03:00:00,0.0,0,2.312540316440764e-43,0,0.0
2025-05-05 04:00:00,0.0,0,1.0480453203038928e-43,0,0.0
2025-05-05 05:00:00,0.0,0,1.6858473082753072e-44,0,0.0
2025-05-05 06:00:00,0.0,0,1.8076481848269906e-44,0,0.0
2025-05-05 07:00:00,0.0,0,8.532880685948838e-42,0,0.0
2025-05-05 08:00:00,0.0,0,4.3853928105635556e-42,0,0.0
2025-05-05 09:00:00,0.0,0,9.75646558089303e-43,0,0.0
2025-05-05 10:00:00,0.0,0,8.857505673880453e-43,0,0.0
2025-05-05 11:00:00,0.0,0,1.513593321102155e-42,0,0.0
2025-05-05 12:00:00,0.0,0,4.982639462772136e-43,0,0.0
2025-05-05 13:00:00,0.0,0,1.4951504773090386e-43,0,0.0
2025-05-05 14:00:00,0.0,0,7.560792559390935e-45,0,0.0
2025-05-05 15:00:00,0.0,0,8.437084525203297e-46,0,0.0
2025-05-05 16:00:00,0.0,0,7.193865181395478e-47,0,0.0
2025-05-05 17:00:00,0.0,0,9.884091807908706e-48,0,0.0
2025-05-05 18:00:00,0.0,0,1.5300845804565917e-47,0,0.0
2025-05-05 19:00:00,0.0,0,1.0618611835191056e-47,0,0.0
2025-05-05 20:00:00,0.0,0,9.730437968001282e-47,0,0.0
2025-05-05 21:00:00,0.0,0,4.0688868442458753e-47,0,0.0
2025-05-05 22:00:00,0.0,0,3.512838616471256e-46,0,0.0
2025-05-05 23:00:00,0.0,0,3.9003289283256584e-45,0,0.0
2025-05-06 00:00:00,0.0,0,2.404948625184768e-46,0,0.0
2025-05-06 01:00:00,0.0,0,3.837136562737431e-45,0,0.0
2025-05-06 02:00:00,0.0,0,4.5271524554620524e-45,0,0.0
2025-05-06 03:00:00,0.0,0,4.1396693028326423e-45,0,0.0
2025-05-06 04:00:00,0.0,0,3.2838606000341816e-45,0,0.0
2025-05-06 05:00:00,0.0,0,4.644338452294258e-45,0,0.0
2025-05-06 06:00:00,0.0,0,5.141429255412238e-43,0,0.0
2025-05-06 07:00:00,0.0,0,1.3524815978565812e-42,0,0.0
2025-05-06 08:00:00,0.0,0,1.2223414837905969e-42,0,0.0
2025-05-06 09:00:00,0.0,0,2.7088624997676974e-41,0,0.0
2025-05-06 10:00:00,0.0,0,7.153294124329776e-41,0,0.0
2025-05-06 11:00:00,0.0,0,5.552093077876737e-41,0,0.0
2025-05-06 12:00:00,0.0,0,8.661680721953021e-41,0,0.0
2025-05-06 13:00:00,0.0,0,4.3705877244309517e-41,0,0.0
2025-05-06 14:00:00,0.0,0,1.3839045468266338e-40,0,0.0
2025-05-06 15:00:00,0.0,0,3.840126379281165e-43,0,0.0
2025-05-06 16:00:00,0.0,0,9.711430928915656e-43,0,0.0
2025-05-06 17:00:00,0.0,0,1.1889878986414555e-45,0,0.0
2025-05-06 18:00:00,0.0,0,1.1554657273461897e-45,0,0.0
2025-05-06 19:00:00,0.0,0,1.2490294904175898e-46,0,0.0
2025-05-06 20:00:00,0.0,0,5.5865299317406266e-45,0,0.0
2025-05-06 21:00:00,0.0,0,2.2686977982169586e-44,0,0.0
2025-05-06 22:00:00,0.0,0,1.6256242633223447e-44,0,0.0
2025-05-06 23:00:00,0.0,0,1.9684607854394664e-45,0,0.0
2025-05-07 00:00:00,0.0,0,2.4546193672625025e-45,0,0.0
2025-05-07 01:00:00,0.0,0,2.5561340409470844e-44,0,0.0
2025-05-07 02:00:00,0.0,0,6.974303823066312e-45,0,0.0
2025-05-07 03:00:00,0.0,0,2.1485177448058955e-45,0,0.0
2025-05-07 04:00:00,0.0,0,2.1582571414873973e-45,0,0.0
2025-05-07 05:00:00,0.0,0,3.2926924804178733e-45,0,0.0
2025-05-07 06:00:00,0.0,0,2.1349988634813413e-44,0,0.0
2025-05-07 07:00:00,0.0,0,1.2649180397188818e-43,0,0.0
2025-05-07 08:00:00,0.0,0,7.087795629647193e-43,0,0.0
2025-05-07 09:00:00,0.0,0,8.252948330048387e-42,0,0.0
2025-05-07 10:00:00,0.0,0,2.511304497587884e-40,0,0.0
2025-05-07 11:00:00,0.0,0,3.230336425064386e-41,0,0.0
2025-05-07 12:00:00,0.0,0,2.750547296306881e-41,0,0.0
2025-05-07 13:00:00,0.0,0,2.5766552602802873e-41,0,0.0
2025-05-07 14:00:00,0.0,0,5.1131107374936746e-42,0,0.0
2025-05-07 15:00:00,0.0,0,1.065664142626874e-43,0,0.0
2025-05-07 16:00:00,0.0,0,2.1216195851276352e-44,0,0.0
2025-05-07 17:00:00,0.0,0,3.1767120215036364e-46,0,0.0
2025-05-07 18:00:00,0.0,0,3.751475838060774e-46,0,0.0
2025-05-07 19:00:00,0.0,0,2.974329183811291e-45,0,0.0
2025-05-07 20:00:00,0.0,0,4.823857079689723e-44,0,0.0
2025-05-07 21:00:00,0.0,0,2.997440803035364e-47,0,0.0
2025-05-07 22:00:00,0.0,0,5.206795887197209e-47,0,0.0
2025-05-07 23:00:00,0.0,0,8.938699543916096e-46,0,0.0
2025-05-08 00:00:00,0.0,0,1.9224794277992606e-45,0,0.0
2025-05-08 01:00:00,0.0,0,2.859524036338086e-45,0,0.0
2025-05-08 02:00:00,0.0,0,2.2746256723582528e-45,0,0.0
2025-05-08 03:00:00,0.0,0,8.628613963582806e-45,0,0.0
2025-05-08 04:00:00,0.0,0,2.1947599524613016e-45,0,0.0
2025-05-08 05:00:00,0.0,0,3.043297611516213e-45,0,0.0
2025-05-08 06:00:00,0.0,0,1.7680019304734673e-44,0,0.0
2025-05-08 07:00:00,0.0,0,3.834204093369798e-43,0,0.0
2025-05-08 08:00:00,0.0,0,8.590115009204056e-42,0,0.0
2025-05-08 09:00:00,0.0,0,7.55073885614766e-40,0,0.0
2025-05-08 10:00:00,0.0,0,7.537863988797253e-40,0,0.0
2025-05-08 11:00:00,0.0,0,1.8000097613961225e-40,0,0.0
2025-05-08 12:00:00,0.0,0,2.977847989023929e-38,0,0.0
2025-05-08 13:00:00,0.0,0,7.450935801570999e-40,0,0.0
2025-05-08 14:00:00,0.0,0,2.615103281722897e-39,0,0.0
2025-05-08 15:00:00,0.0,0,8.139139005399396e-40,0,0.0
2025-05-08 16:00:00,0.0,0,2.9350337048385442e-43,0,0.0
2025-05-08 17:00:00,0.0,0,2.634084527818859e-45,0,0.0
2025-05-08 18:00:00,0.0,0,2.3041598203665303e-45,0,0.0
2025-05-08 19:00:00,0.0,0,2.5028200714165154e-44,0,0.0
2025-05-08 20:00:00,0.0,0,1.5456601030808824e-46,0,0.0
2025-05-08 21:00:00,0.0,0,9.926095473382253e-47,0,0.0
2025-05-08 22:00:00,0.0,0,5.462269051880507e-47,0,0.0
2025-05-08 23:00:00,0.0,0,4.1538487302182906e-46,0,0.0
2025-05-09 00:00:00,0.0,0,1.3941196370972268e-46,0,0.0
2025-05-09 01:00:00,0.0,0,1.7623929910398408e-45,0,0.0
2025-05-09 02:00:00,0.0,0,2.4028070037425714e-44,0,0.0
2025-05-09 03:00:00,0.0,0,3.922463041474037e-44,0,0.0
2025-05-09 04:00:00,0.0,0,1.657605360815608e-45,0,0.0
2025-05-09 05:00:00,0.0,0,1.0490043715562157e-44,0,0.0
2025-05-09 06:00:00,0.0,0,1.3951262619751736e-44,0,0.0
2025-05-09 07:00:00,0.0,0,7.213950924718866e-44,0,0.0
2025-05-09 08:00:00,0.0,0,7.91705887128686e-43,0,0.0
2025-05-09 09:00:00,0.0,0,5.986065675220846e-40,0,0.0
2025-05-09 10:00:00,0.0,0,9.284163940936809e-40,0,0.0
2025-05-09 11:00:00,0.0,0,2.0192637915791027e-40,0,0.0
2025-05-09 12:00:00,0.0,0,1.1372330984492506e-40,0,0.0
2025-05-09 13:00:00,0.0,0,1.8869873872370192e-41,0,0.0
2025-05-09 14:00:00,0.0,0,2.3337630099134025e-42,0,0.0
2025-05-09 15:00:00,0.0,0,1.7751249664280964e-43,0,0.0
2025-05-09 16:00:00,0.0,0,1.321441916080824e-45,0,0.0
2025-05-09 17:00:00,0.0,0,2.1432051054467875e-47,0,0.0
2025-05-09 18:00:00,0.0,0,1.009069507390065e-47,0,0.0
2025-05-09 19:00:00,0.0,0,1.2971905787125288e-47,0,0.0
2025-05-09 20:00:00,0.0,0,1.8206130598939514e-47,0,0.0
2025-05-09 21:00:00,0.0,0,2.8290492918284926e-47,0,0.0
2025-05-09 22:00:00,0.0,0,6.7846877884533215e-47,0,0.0
2025-05-09 23:00:00,0.0,0,1.9848733986835514e-46,0,0.0
2025-05-10 00:00:00,0.0,0,8.12078806597914e-46,0,0.0
2025-05-10 01:00:00,0.0,0,1.639932831563092e-44,0,0.0
2025-05-10 02:00:00,0.0,0,1.2531359091875075e-45,0,0.0
2025-05-10 03:00:00,0.0,0,2.808659821762693e-45,0,0.0
2025-05-10 04:00:00,0.0,0,4.345228831524963e-45,0,0.0
2025-05-10 05:00:00,0.0,0,5.805288878514972e-45,0,0.0
2025-05-10 06:00:00,0.0,0,6.345638422878723e-44,0,0.0
2025-05-10 07:00:00,0.0,0,4.587536388926639e-43,0,0.0
2025-05-10 08:00:00,0.0,0,9.568173550601185e-42,0,0.0
2025-05-10 09:00:00,0.0,0,5.9748161114943e-40,0,0.0
2025-05-10 10:00:00,0.0,0,1.1510625836534197e-37,0,0.0
2025-05-10 11:00:00,0.0,0,1.1989495352937898e-37,0,0.0
2025-05-10 12:00:00,0.0,0,3.113909490915974e-37,0,0.0
2025-05-10 13:00:00,0.0,0,1.902624671398238e-38,0,0.0
2025-05-10 14:00:00,0.0,0,9.397790457352166e-36,0,0.0
2025-05-10 15:00:00,0.0,0,5.978742944553003e-39,0,0.0
2025-05-10 16:00:00,0.0,0,4.229070016003795e-40,0,0.0
2025-05-10 17:00:00,0.0,0,1.0561186139042134e-42,0,0.0
2025-05-10 18:00:00,0.0,0,5.511599746138817e-42,0,0.0
2025-05-10 19:00:00,0.0,0,3.814086867557973e-41,0,0.0
2025-05-10 20:00:00,0.0,0,1.6881500066871775e-44,0,0.0
2025-05-10 21:00:00,0.0,0,6.12071845167973e-43,0,0.0
2025-05-10 22:00:00,0.0,0,8.644056723688243e-44,0,0.0
2025-05-10 23:00:00,0.0,0,1.0490460363133426e-42,0,0.0
2025-05-11 00:00:00,0.0,0,8.518478394860165e-44,0,0.0
2025-05-11 01:00:00,0.0,0,2.8178845804542864e-43,0,0.0
2025-05-11 02:00:00,0.0,0,1.7891452201551467e-43,0,0.0
2025-05-11 03:00:00,0.0,0,6.725516534866419e-42,0,0.0
2025-05-11 04:00:00,0.0,0,4.351598618394165e-43,0,0.0
2025-05-11 05:00:00,0.0,0,2.926850782754049e-42,0,0.0
2025-05-11 06:00:00,0.0,0,4.589782242462468e-39,0,0.0
2025-05-11 07:00:00,0.0,0,2.761684229483046e-40,0,0.0
2025-05-11 08:00:00,0.0,0,5.547543483512007e-38,0,0.0
2025-05-11 09:00:00,0.0,0,7.712393437902149e-36,0,0.0
2025-05-11 10:00:00,0.0,0,1.584622626683893e-35,0,0.0
2025-05-11 11:00:00,0.0,0,1.1551549210226284e-34,0,0.0
2025-05-11 12:00:00,0.0,0,1.317108652483074e-35,0,0.0
2025-05-11 13:00:00,0.0,0,1.900329013424409e-36,0,0.0
2025-05-11 14:00:00,0.0,0,1.278463012968124e-36,0,0.0
2025-05-11 15:00:00,0.0,0,5.757775899807268e-38,0,0.0
2025-05-11 16:00:00,0.0,0,7.452519225387868e-39,0,0.0
2025-05-11 17:00:00,0.0,0,3.04047845906229e-40,0,0.0
2025-05-11 18:00:00,0.0,0,1.2868513157893998e-41,0,0.0
2025-05-11 19:00:00,0.0,0,6.330643011505226e-42,0,0.0
2025-05-11 20:00:00,0.0,0,2.6307198208510187e-41,0,0.0
2025-05-11 21:00:00,0.0,0,5.260772655400673e-42,0,0.0
2025-05-11 22:00:00,0.0,0,2.879759901502112e-42,0,0.0
2025-05-11 23:00:00,0.0,0,2.2217730767127296e-42,0,0.0
2025-05-12 00:00:00,0.0,0,5.10138850236969e-41,0,0.0
2025-05-12 01:00:00,0.0,0,7.460879910055834e-40,0,0.0
2025-05-12 02:00:00,0.0,0,1.6617446559652453e-41,0,0.0
2025-05-12 03:00:00,0.0,0,1.0650529355439403e-40,0,0.0
2025-05-12 04:00:00,0.0,0,7.166183885167115e-41,0,0.0
2025-05-12 05:00:00,0.0,0,1.7219841415566926e-40,0,0.0
2025-05-12 06:00:00,0.0,0,8.521157795835148e-42,0,0.0
2025-05-12 07:00:00,0.0,0,2.548750097681847e-39,0,0.0
2025-05-12 08:00:00,0.0,0,3.0915458863791876e-40,0,0.0
2025-05-12 09:00:00,0.0,0,9.01712116324398e-38,0,0.0
2025-05-12 10:00:00,0.0,0,2.393019534286474e-37,0,0.0
2025-05-12 11:00:00,0.0,0,3.635652749782334e-36,0,0.0
2025-05-12 12:00:00,0.0,0,1.5055762142610475e-35,0,0.0
2025-05-12 13:00:00,0.0,0,4.679007869411997e-37,0,0.0
2025-05-12 14:00:00,0.0,0,2.552373125885231e-37,0,0.0
2025-05-12 15:00:00,0.0,0,1.018147283668805e-37,0,0.0
2025-05-12 16:00:00,0.0,0,1.0044178177399148e-40,0,0.0
2025-05-12 17:00:00,0.0,0,1.1428992347617802e-42,0,0.0
2025-05-12 18:00:00,0.0,0,2.6561731489777885e-41,0,0.0
2025-05-12 19:00:00,0.0,0,1.3518896178046528e-43,0,0.0
2025-05-12 20:00:00,0.0,0,5.599426530229421e-44,0,0.0
2025-05-12 21:00:00,0.0,0,8.378092262300668e-42,0,0.0
2025-05-12 22:00:00,0.0,0,9.870271991823642e-45,0,0.0
2025-05-12 23:00:00,0.0,0,2.812853011251577e-44,0,0.0
2025-05-13 00:00:00,0.0,0,9.387558441524566e-42,0,0.0
2025-05-13 01:00:00,0.0,0,4.794755154438474e-43,0,0.0
2025-05-13 02:00:00,0.0,0,9.366240878980254e-43,0,0.0
2025-05-13 03:00:00,0.0,0,8.121301490144118e-43,0,0.0
2025-05-13 04:00:00,0.0,0,2.4004565000630087e-44,0,0.0
2025-05-13 05:00:00,0.0,0,1.5600296213864882e-44,0,0.0
2025-05-13 06:00:00,0.0,0,1.5364863496599837e-43,0,0.0
2025-05-13 07:00:00,0.0,0,4.26478108411742e-43,0,0.0
2025-05-13 08:00:00,0.0,0,1.0344047427102874e-42,0,0.0
2025-05-13 09:00:00,0.0,0,3.954274915253939e-41,0,0.0
2025-05-13 10:00:00,0.0,0,1.0903739631168999e-39,0,0.0
2025-05-13 11:00:00,0.0,0,3.953001243360509e-40,0,0.0
2025-05-13 12:00:00,0.0,0,1.7185101019973941e-40,0,0.0
2025-05-13 13:00:00,0.0,0,4.907476646726796e-41,0,0.0
2025-05-13 14:00:00,0.0,0,5.420075762964191e-41,0,0.0
2025-05-13 15:00:00,0.0,0,9.77669752232704e-42,0,0.0
2025-05-13 16:00:00,0.0,0,6.7261060510257246e-43,0,0.0
2025-05-13 17:00:00,0.0,0,1.6573451329862403e-44,0,0.0
2025-05-13 18:00:00,0.0,0,1.987987677462663e-45,0,0.0
2025-05-13 19:00:00,0.0,0,2.2161039194281694e-45,0,0.0
2025-05-13 20:00:00,0.0,0,1.4147476907064036e-45,0,0.0
2025-05-13 21:00:00,0.0,0,1.6811814302670437e-44,0,0.0
2025-05-13 22:00:00,0.0,0,1.2881508434635e-45,0,0.0
2025-05-13 23:00:00,0.0,0,8.478744418537117e-44,0,0.0
2025-05-14 00:00:00,0.0,0,1.1434062420316338e-45,0,0.0
2025-05-14 01:00:00,0.0,0,8.547484357265351e-45,0,0.0
2025-05-14 02:00:00,0.0,0,7.601029336742581e-44,0,0.0
2025-05-14 03:00:00,0.0,0,1.0907808997003306e-43,0,0.0
2025-05-14 04:00:00,0.0,0,5.788082146847946e-45,0,0.0
2025-05-14 05:00:00,0.0,0,1.600890300837904e-44,0,0.0
2025-05-14 06:00:00,0.0,0,8.282983532704393e-44,0,0.0
2025-05-14 07:00:00,0.0,0,1.4465412065654316e-42,0,0.0
2025-05-14 08:00:00,0.0,0,4.548042566642156e-41,0,0.0
2025-05-14 09:00:00,0.0,0,7.169297558843186e-40,0,0.0
2025-05-14 10:00:00,0.0,0,3.9907729592820336e-39,0,0.0
2025-05-14 11:00:00,0.0,0,3.5187025980139084e-38,0,0.0
2025-05-14 12:00:00,0.0,0,3.291708267525724e-37,0,0.0
2025-05-14 13:00:00,0.0,0,3.8867776120283277e-38,0,0.0
2025-05-14 14:00:00,0.0,0,2.3442843815998837e-39,0,0.0
2025-05-14 15:00:00,0.0,0,1.1519562766076028e-40,0,0.0
2025-05-14 16:00:00,0.0,0,1.9318708230030504e-39,0,0.0
2025-05-14 17:00:00,0.0,0,1.3071139377581305e-42,0,0.0
2025-05-14 18:00:00,0.0,0,8.675144768894753e-44,0,0.0
2025-05-14 19:00:00,0.0,0,6.505500971105621e-44,0,0.0
2025-05-14 20:00:00,0.0,0,7.602240017573127e-44,0,0.0
2025-05-14 21:00:00,0.0,0,2.665059015278839e-43,0,0.0
2025-05-14 22:00:00,0.0,0,6.189918742051837e-43,0,0.0
2025-05-14 23:00:00,0.0,0,5.560316766097812e-44,0,0.0
2025-05-15 00:00:00,0.0,0,9.760317922768721e-44,0,0.0
2025-05-15 01:00:00,0.0,0,2.17053852376185e-43,0,0.0
2025-05-15 02:00:00,0.0,0,4.187696573718021e-45,0,0.0
2025-05-15 03:00:00,0.0,0,2.063715426798821e-44,0,0.0
2025-05-15 04:00:00,0.0,0,8.011204842942547e-44,0,0.0
2025-05-15 05:00:00,0.0,0,2.594505081600923e-44,0,0.0
2025-05-15 06:00:00,0.0,0,2.0429058514729975e-43,0,0.0
2025-05-15 07:00:00,0.0,0,5.2359436108463004e-42,0,0.0
2025-05-15 08:00:00,0.0,0,4.1476459867115255e-40,0,0.0
2025-05-15 09:00:00,0.0,0,1.8935590127413007e-40,0,0.0
2025-05-15 10:00:00,0.0,0,1.1958498712552352e-38,0,0.0
2025-05-15 11:00:00,0.0,0,9.712839078942914e-39,0,0.0
2025-05-15 12:00:00,0.0,0,2.4300651278985846e-38,0,0.0
2025-05-15 13:00:00,0.0,0,1.5980203920011263e-36,0,0.0
2025-05-15 14:00:00,0.0,0,8.455690792507722e-39,0,0.0
2025-05-15 15:00:00,0.0,0,1.7416974987060153e-40,0,0.0
2025-05-15 16:00:00,0.0,0,3.356551615778703e-40,0,0.0
2025-05-15 17:00:00,0.0,0,1.9849356885570684e-42,0,0.0
2025-05-15 18:00:00,0.0,0,1.2162242547350088e-43,0,0.0
2025-05-15 19:00:00,0.0,0,1.0878484034461502e-41,0,0.0
2025-05-15 20:00:00,0.0,0,2.933545786245053e-41,0,0.0
2025-05-15 21:00:00,0.0,0,6.7637158235736586e-43,0,0.0
2025-05-15 22:00:00,0.0,0,1.201423864317002e-41,0,0.0
2025-05-15 23:00:00,0.0,0,3.4814540160041703e-44,0,0.0
2025-05-16 00:00:00,0.0,0,1.1052031034923883e-43,0,0.0
2025-05-16 01:00:00,0.0,0,7.241100053063498e-44,0,0.0
2025-05-16 02:00:00,0.0,0,1.6475035429828776e-42,0,0.0
2025-05-16 03:00:00,0.0,0,2.2255417957892287e-43,0,0.0
2025-05-16 04:00:00,0.0,0,1.8038651758989788e-42,0,0.0
2025-05-16 05:00:00,0.0,0,8.804908658970137e-43,0,0.0
2025-05-16 06:00:00,0.0,0,1.2436960230246406e-43,0,0.0
2025-05-16 07:00:00,0.0,0,4.994809248965311e-40,0,0.0
2025-05-16 08:00:00,0.0,0,1.4934753914425525e-41,0,0.0
2025-05-16 09:00:00,0.0,0,9.929327110788496e-37,0,0.0
2025-05-16 10:00:00,0.0,0,3.0572364352568775e-37,0,0.0
2025-05-16 11:00:00,0.0,0,2.8552027903134075e-37,0,0.0
2025-05-16 12:00:00,0.0,0,4.385934145199086e-36,0,0.0
2025-05-16 13:00:00,0.0,0,5.131700471590352e-37,0,0.0
2025-05-16 14:00:00,0.0,0,1.145549655531136e-37,0,0.0
2025-05-16 15:00:00,0.0,0,1.1120022173385689e-38,0,0.0
2025-05-16 16:00:00,0.0,0,3.094698114267839e-39,0,0.0
2025-05-16 17:00:00,0.0,0,3.030927590716407e-40,0,0.0
2025-05-16 18:00:00,0.0,0,1.222545084422372e-41,0,0.0
2025-05-16 19:00:00,0.0,0,1.9506905542227432e-41,0,0.0
2025-05-16 20:00:00,0.0,0,6.056452156260899e-42,0,0.0
2025-05-16 21:00:00,0.0,0,8.966022514965203e-42,0,0.0
2025-05-16 22:00:00,0.0,0,1.8141596677013133e-42,0,0.0
2025-05-16 23:00:00,0.0,0,5.621412279402152e-42,0,0.0
2025-05-17 00:00:00,0.0,0,2.7030213947076357e-42,0,0.0
2025-05-17 01:00:00,0.0,0,6.589320123767736e-42,0,0.0
2025-05-17 02:00:00,0.0,0,4.2308755022853245e-43,0,0.0
2025-05-17 03:00:00,0.0,0,2.4598330685778286e-42,0,0.0
2025-05-17 04:00:00,0.0,0,7.679175271199048e-44,0,0.0
2025-05-17 05:00:00,0.0,0,7.564616830246623e-45,0,0.0
2025-05-17 06:00:00,0.0,0,1.9392593751401912e-44,0,0.0
2025-05-17 07:00:00,0.0,0,1.5123300468496298e-43,0,0.0
2025-05-17 08:00:00,0.0,0,1.5810500880236006e-42,0,0.0
2025-05-17 09:00:00,0.0,0,4.711620613811725e-41,0,0.0
2025-05-17 10:00:00,0.0,0,1.9319855975584945e-40,0,0.0
2025-05-17 11:00:00,0.0,0,1.8594948724761063e-40,0,0.0
2025-05-17 12:00:00,0.0,0,1.0092634701704285e-39,0,0.0
2025-05-17 13:00:00,0.0,0,5.808241621833384e-41,0,0.0
2025-05-17 14:00:00,0.0,0,4.157360864492037e-41,0,0.0
2025-05-17 15:00:00,0.0,0,7.144892558818774e-41,0,0.0
2025-05-17 16:00:00,0.0,0,7.927154413187349e-44,0,0.0
2025-05-17 17:00:00,0.0,0,2.272426401391366e-44,0,0.0
2025-05-17 18:00:00,0.0,0,5.316402710910175e-45,0,0.0
2025-05-17 19:00:00,0.0,0,7.817824748455074e-45,0,0.0
2025-05-17 20:00:00,0.0,0,1.6432776846738222e-42,0,0.0
2025-05-17 21:00:00,0.0,0,9.52512480190186e-45,0,0.0
2025-05-17 22:00:00,0.0,0,1.0498584102857794e-42,0,0.0
2025-05-17 23:00:00,0.0,0,4.455624594805986e-44,0,0.0
2025-05-18 00:00:00,0.0,0,5.242901172925524e-42,0,0.0
2025-05-18 01:00:00,0.0,0,3.453613777429127e-43,0,0.0
2025-05-18 02:00:00,0.0,0,4.09716208649827e-42,0,0.0
2025-05-18 03:00:00,0.0,0,1.2234776614246788e-42,0,0.0
2025-05-18 04:00:00,0.0,0,3.782742497359485e-42,0,0.0
2025-05-18 05:00:00,0.0,0,2.176651084507254e-42,0,0.0
2025-05-18 06:00:00,0.0,0,4.409063568309402e-41,0,0.0
2025-05-18 07:00:00,0.0,0,1.3474288593734538e-39,0,0.0
2025-05-18 08:00:00,0.0,0,1.5571910068631646e-39,0,0.0
2025-05-18 09:00:00,0.0,0,3.175346800110975e-38,0,0.0
2025-05-18 10:00:00,0.0,0,2.5514179490715033e-38,0,0.0
2025-05-18 11:00:00,0.0,0,1.980313061252635e-36,0,0.0
2025-05-18 12:00:00,0.0,0,2.411279807653692e-36,0,0.0
2025-05-18 13:00:00,0.0,0,6.569637276591591e-37,0,0.0
2025-05-18 14:00:00,0.0,0,6.398009261754741e-37,0,0.0
2025-05-18 15:00:00,0.0,0,2.577306001768924e-37,0,0.0
2025-05-18 16:00:00,0.0,0,3.462335097033594e-39,0,0.0
2025-05-18 17:00:00,0.0,0,1.8184927809451224e-40,0,0.0
2025-05-18 18:00:00,0.0,0,4.006904128264267e-42,0,0.0
2025-05-18 19:00:00,0.0,0,2.2844361190667563e-42,0,0.0
2025-05-18 20:00:00,0.0,0,7.540316274289542e-40,0,0.0
2025-05-18 21:00:00,0.0,0,7.875569883412977e-41,0,0.0
2025-05-18 22:00:00,0.0,0,5.734747056065764e-42,0,0.0
2025-05-18 23:00:00,0.0,0,7.266660852969496e-42,0,0.0
2025-05-19 00:00:00,0.0,0,4.516426276373812e-43,0,0.0
2025-05-19 01:00:00,0.0,0,6.576922138198206e-43,0,0.0
2025-05-19 02:00:00,0.0,0,2.4439151103736942e-43,0,0.0
2025-05-19 03:00:00,0.0,0,2.967040501429227e-43,0,0.0
2025-05-19 04:00:00,0.0,0,1.3635743473596458e-41,0,0.0
2025-05-19 05:00:00,0.0,0,5.488382378025466e-41,0,0.0
2025-05-19 06:00:00,0.0,0,1.795127192461751e-41,0,0.0
2025-05-19 07:00:00,0.0,0,7.620483948119707e-41,0,0.0
2025-05-19 08:00:00,0.0,0,2.276973361394552e-37,0,0.0
2025-05-19 09:00:00,0.0,0,1.1992372784934092e-37,0,0.0
2025-05-19 10:00:00,0.0,0,1.7821425461721405e-35,0,0.0
2025-05-19 11:00:00,0.0,0,1.1965030929578373e-33,0,0.0
2025-05-19 12:00:00,0.0,0,3.138273462812745e-32,0,0.0
2025-05-19 13:00:00,0.0,0,4.184545907847282e-34,0,0.0
2025-05-19 14:00:00,0.0,0,4.896926691760788e-33,0,0.0
2025-05-19 15:00:00,0.0,0,7.80607271652421e-34,0,0.0
2025-05-19 16:00:00,0.0,0,3.770881588288655e-35,0,0.0
2025-05-19 17:00:00,0.0,0,1.2724648506944656e-36,0,0.0
2025-05-19 18:00:00,0.0,0,5.773651783807239e-38,0,0.0
2025-05-19 19:00:00,0.0,0,2.84458267575111e-38,0,0.0
2025-05-19 20:00:00,0.0,0,3.1708956026133464e-38,0,0.0
2025-05-19 21:00:00,0.0,0,1.3947666416538765e-38,0,0.0
2025-05-19 22:00:00,0.0,0,1.2627837139745762e-40,0,0.0
2025-05-19 23:00:00,0.0,0,1.507431390237094e-39,0,0.0
2025-05-20 00:00:00,0.0,0,1.0462861721656134e-38,0,0.0
2025-05-20 01:00:00,0.0,0,3.6839254786829337e-37,0,0.0
2025-05-20 02:00:00,0.0,0,6.9515425760479e-39,0,0.0
2025-05-20 03:00:00,0.0,0,7.743202821482244e-40,0,0.0
2025-05-20 04:00:00,0.0,0,1.350773570509861e-39,0,0.0
2025-05-20 05:00:00,0.0,0,7.497144597026979e-38,0,0.0
2025-05-20 06:00:00,0.0,0,2.706371816840938e-37,0,0.0
2025-05-20 07:00:00,0.0,0,1.0185850266490063e-34,0,0.0
2025-05-20 08:00:00,0.0,0,7.939343435781715e-34,0,0.0
2025-05-20 09:00:00,0.0,0,2.265410122666962e-32,0,0.0
2025-05-20 10:00:00,0.0,0,1.2915869736926446e-31,0,0.0
2025-05-20 11:00:00,0.0,0,5.597925271076453e-32,0,0.0
2025-05-20 12:00:00,0.0,0,8.960605308286117e-32,0,0.0
2025-05-20 13:00:00,0.0,0,3.3924813558044004e-30,0,0.0
2025-05-20 14:00:00,0.0,0,3.789205972801894e-32,0,0.0
2025-05-20 15:00:00,0.0,0,1.9667636657563364e-34,0,0.0
2025-05-20 16:00:00,0.0,0,7.471199931416572e-34,0,0.0
2025-05-20 17:00:00,0.0,0,3.6785184726228787e-37,0,0.0
2025-05-20 18:00:00,0.0,0,1.2496370950633582e-37,0,0.0
2025-05-20 19:00:00,0.0,0,2.6771434523646137e-37,0,0.0
2025-05-20 20:00:00,0.0,0,2.190671884301808e-39,0,0.0
2025-05-20 21:00:00,0.0,0,6.741276353021257e-38,0,0.0
2025-05-20 22:00:00,0.0,0,2.64932201305118e-40,0,0.0
2025-05-20 23:00:00,0.0,0,4.320449464127689e-38,0,0.0
2025-05-21 00:00:00,0.0,0,6.333842425330016e-39,0,0.0
2025-05-21 01:00:00,0.0,0,3.3417619998157055e-39,0,0.0
2025-05-21 02:00:00,0.0,0,7.482726479567415e-38,0,0.0
2025-05-21 03:00:00,0.0,0,2.077230082928905e-37,0,0.0
2025-05-21 04:00:00,0.0,0,8.816118560596256e-38,0,0.0
2025-05-21 05:00:00,0.0,0,2.3331796556190412e-38,0,0.0
2025-05-21 06:00:00,0.0,0,1.779172546687202e-36,0,0.0
2025-05-21 07:00:00,0.0,0,2.046219944272479e-34,0,0.0
2025-05-21 08:00:00,0.0,0,1.6409287130087645e-31,0,0.0
2025-05-21 09:00:00,0.0,0,8.349025421781057e-31,0,0.0
2025-05-21 10:00:00,0.0,0,1.251468897696172e-28,0,0.0
2025-05-21 11:00:00,0.0,0,1.4711978988195022e-29,0,0.0
2025-05-21 12:00:00,0.0,0,2.122495238879682e-29,0,0.0
2025-05-21 13:00:00,0.0,0,7.173697122301702e-29,0,0.0
2025-05-21 14:00:00,0.0,0,1.4803667139056118e-28,0,0.0
2025-05-21 15:00:00,0.0,0,1.2345108179379696e-29,0,0.0
2025-05-21 16:00:00,0.0,0,3.028831407867884e-30,0,0.0
2025-05-21 17:00:00,0.0,0,1.2382702567444892e-31,0,0.0
2025-05-21 18:00:00,0.0,0,4.292770189273134e-32,0,0.0
2025-05-21 19:00:00,0.0,0,7.977641913389825e-33,0,0.0
2025-05-21 20:00:00,0.0,0,5.745042698606369e-33,0,0.0
2025-05-21 21:00:00,0.0,0,3.6431644073483516e-34,0,0.0
2025-05-21 22:00:00,0.0,0,1.89300071852781e-33,0,0.0
2025-05-21 23:00:00,0.0,0,1.026638427350004e-31,0,0.0
2025-05-22 00:00:00,0.0,0,3.5766192900941836e-33,0,0.0
2025-05-22 01:00:00,0.0,0,9.42235424298045e-33,0,0.0
2025-05-22 02:00:00,0.0,0,8.817294915354724e-33,0,0.0
2025-05-22 03:00:00,0.0,0,3.270658436066524e-32,0,0.0
2025-05-22 04:00:00,0.0,0,2.648080117004078e-32,0,0.0
2025-05-22 05:00:00,0.0,0,1.627727121171847e-33,0,0.0
2025-05-22 06:00:00,0.0,0,1.5752270898422387e-30,0,0.0
2025-05-22 07:00:00,0.0,0,2.356779430718944e-28,0,0.0
2025-05-22 08:00:00,0.0,0,2.1585321909053802e-26,0,0.0
2025-05-22 09:00:00,0.0,0,4.487142270123726e-25,0,0.0
2025-05-22 10:00:00,0.0,0,5.684903251923218e-26,0,0.0
2025-05-22 11:00:00,0.0,0,6.374016610863517e-26,0,0.0
2025-05-22 12:00:00,0.0,0,4.566012704144063e-24,0,0.0
2025-05-22 13:00:00,0.0,0,7.325951201518519e-25,0,0.0
2025-05-22 14:00:00,0.0,0,1.556933522859575e-25,0,0.0
2025-05-22 15:00:00,0.0,0,2.3256433441055344e-25,0,0.0
2025-05-22 16:00:00,0.0,0,1.7833540058549366e-26,0,0.0
2025-05-22 17:00:00,0.0,0,1.0131377603703974e-27,0,0.0
2025-05-22 18:00:00,0.0,0,1.3006877566142067e-29,0,0.0
2025-05-22 19:00:00,0.0,0,3.7576850946848474e-29,0,0.0
2025-05-22 20:00:00,0.0,0,5.406066767327701e-30,0,0.0
2025-05-22 21:00:00,0.0,0,5.464986441271651e-29,0,0.0
2025-05-22 22:00:00,0.0,0,1.0963117946916029e-29,0,0.0
2025-05-22 23:00:00,0.0,0,3.359575437637548e-30,0,0.0
2025-05-23 00:00:00,0.0,0,1.3078605239366377e-29,0,0.0
2025-05-23 01:00:00,0.0,0,1.463815487890693e-28,0,0.0
2025-05-23 02:00:00,0.0,0,5.244217639175598e-28,0,0.0
2025-05-23 03:00:00,0.0,0,9.16844489914318e-29,0,0.0
2025-05-23 04:00:00,0.0,0,1.1664965850248307e-29,0,0.0
2025-05-23 05:00:00,0.0,0,5.819294223635454e-29,0,0.0
2025-05-23 06:00:00,0.0,0,4.813617274354984e-29,0,0.0
2025-05-23 07:00:00,0.0,0,1.9987550739491055e-28,0,0.0
2025-05-23 08:00:00,0.0,0,1.5171359276858477e-24,0,0.0
2025-05-23 09:00:00,0.0,0,2.3274301595428963e-23,0,0.0
2025-05-23 10:00:00,0.0,0,1.4349326195073375e-21,0,0.0
2025-05-23 11:00:00,0.0,0,2.915115561356916e-20,0,0.0
2025-05-23 12:00:00,0.0,0,1.8879240393796344e-20,0,0.0
2025-05-23 13:00:00,0.0,0,5.57117440663918e-20,0,0.0
2025-05-23 14:00:00,0.0,0,6.819334912924052e-20,0,0.0
2025-05-23 15:00:00,0.0,0,2.063202440371583e-20,0,0.0
2025-05-23 16:00:00,0.0,0,2.895766444055486e-22,0,0.0
2025-05-23 17:00:00,0.0,0,1.7098604897937306e-23,0,0.0
2025-05-23 18:00:00,0.0,0,1.2822272257485852e-24,0,0.0
2025-05-23 19:00:00,0.0,0,3.393783617363543e-24,0,0.0
2025-05-23 20:00:00,0.0,0,1.1525356554401992e-24,0,0.0
2025-05-23 21:00:00,0.0,0,4.572474423639468e-25,0,0.0
2025-05-23 22:00:00,0.0,0,7.923657442916665e-26,0,0.0
2025-05-23 23:00:00,0.0,0,1.1601735787830385e-25,0,0.0
2025-05-24 00:00:00,0.0,0,5.533427517785617e-25,0,0.0
2025-05-24 01:00:00,0.0,0,6.804463967769552e-25,0,0.0
2025-05-24 02:00:00,0.0,0,2.5224745927040565e-25,0,0.0
2025-05-24 03:00:00,0.0,0,1.456710765320942e-24,0,0.0
2025-05-24 04:00:00,0.0,0,5.197311793489365e-24,0,0.0
2025-05-24 05:00:00,0.0,0,3.086322328694616e-25,0,0.0
2025-05-24 06:00:00,0.0,0,1.2948293048021416e-22,0,0.0
2025-05-24 07:00:00,0.0,0,1.8763260404236057e-21,0,0.0
2025-05-24 08:00:00,0.0,0,1.3894570063479041e-21,0,0.0
2025-05-24 09:00:00,0.0,0,6.237023620415138e-18,0,0.0
2025-05-24 10:00:00,0.0,0,1.6728233339531762e-19,0,0.0
2025-05-24 11:00:00,0.0,0,9.373333536962132e-17,0,0.0
2025-05-24 12:00:00,0.0,0,1.4040646619898325e-16,0,0.0
2025-05-24 13:00:00,0.0,0,1.4531777979207652e-16,0,0.0
2025-05-24 14:00:00,0.0,0,9.243097619951053e-17,0,0.0
2025-05-24 15:00:00,0.0,0,5.136365428886517e-20,0,0.0
2025-05-24 16:00:00,0.0,0,6.327814422489512e-21,0,0.0
2025-05-24 17:00:00,0.0,0,4.4145057292070346e-20,0,0.0
2025-05-24 18:00:00,0.0,0,2.887604890731352e-23,0,0.0
2025-05-24 19:00:00,0.0,0,5.7867705612616675e-21,0,0.0
2025-05-24 20:00:00,0.0,0,1.3423157076108572e-24,0,0.0
2025-05-24 21:00:00,0.0,0,7.589077831040424e-22,0,0.0
2025-05-24 22:00:00,0.0,0,1.9657249249845745e-21,0,0.0
2025-05-24 23:00:00,0.0,0,2.984564708283361e-22,0,0.0
2025-05-25 00:00:00,0.0,0,5.9607727680356265e-21,0,0.0
2025-05-25 01:00:00,0.0,0,1.9040794198678088e-20,0,0.0
2025-05-25 02:00:00,0.0,0,3.64525939584278e-21,0,0.0
2025-05-25 03:00:00,0.0,0,2.152450036463543e-21,0,0.0
2025-05-25 04:00:00,0.0,0,2.0077196880702614e-19,0,0.0
2025-05-25 05:00:00,0.0,0,2.121104261695873e-20,0,0.0
2025-05-25 06:00:00,0.0,0,3.72276537798614e-22,0,0.0
2025-05-25 07:00:00,0.0,0,2.423028435054927e-19,0,0.0
2025-05-25 08:00:00,0.0,0,7.037596213959414e-16,0,0.0
2025-05-25 09:00:00,0.0,0,2.0672415881027284e-16,0,0.0
2025-05-25 10:00:00,0.0,0,9.95758849450863e-16,0,0.0
2025-05-25 11:00:00,0.0,0,1.178784163305451e-14,0,0.0
2025-05-25 12:00:00,0.0,0,1.0636677323651138e-14,0,0.0
2025-05-25 13:00:00,0.0,0,3.000447376880487e-13,0,0.0
2025-05-25 14:00:00,0.0,0,1.7147121443451398e-14,0,0.0
2025-05-25 15:00:00,0.0,0,2.646207008010025e-14,0,0.0
2025-05-25 16:00:00,0.0,0,1.3203212658241172e-15,0,0.0
2025-05-25 17:00:00,0.0,0,1.533133717690114e-17,0,0.0
2025-05-25 18:00:00,0.0,0,1.4524680028768008e-18,0,0.0
2025-05-25 19:00:00,0.0,0,1.8981658452002088e-18,0,0.0
2025-05-25 20:00:00,0.0,0,1.2515864314340287e-17,0,0.0
2025-05-25 21:00:00,0.0,0,1.159120896425793e-19,0,0.0
2025-05-25 22:00:00,0.0,0,7.772694701719982e-18,0,0.0
2025-05-25 23:00:00,0.0,0,1.688967624364394e-17,0,0.0
2025-05-26 00:00:00,0.0,0,2.0741024240560765e-16,0,0.0
2025-05-26 01:00:00,0.0,0,1.1627089916385663e-17,0,0.0
2025-05-26 02:00:00,0.0,0,2.569555009239824e-17,0,0.0
2025-05-26 03:00:00,0.0,0,1.0717700723279785e-17,0,0.0
2025-05-26 04:00:00,0.0,0,6.571544160406572e-17,0,0.0
2025-05-26 05:00:00,0.0,0,5.80359584132576e-19,0,0.0
2025-05-26 06:00:00,0.0,0,1.4922138911157376e-16,0,0.0
2025-05-26 07:00:00,0.0,0,2.8608820908183e-15,0,0.0
2025-05-26 08:00:00,0.0,0,7.659504555440894e-14,0,0.0
2025-05-26 09:00:00,0.0,0,4.4776808265807454e-12,0,0.0
2025-05-26 10:00:00,0.0,0,1.8042349637217453e-11,0,0.0
2025-05-26 11:00:00,0.0,0,5.597580379329213e-10,0,0.0
2025-05-26 12:00:00,0.0,0,2.9792041959188558e-09,0,0.0
2025-05-26 13:00:00,0.0,0,2.5627436363343394e-08,0,0.0
2025-05-26 14:00:00,0.0,0,3.152429259647162e-07,0,0.0
2025-05-26 15:00:00,0.0,0,3.861255355604178e-08,0,0.0
2025-05-26 16:00:00,0.0,0,1.850226499341027e-08,0,0.0
2025-05-26 17:00:00,0.0,0,9.590330701006106e-12,0,0.0
2025-05-26 18:00:00,0.0,0,1.7320430954520624e-13,0,0.0
2025-05-26 19:00:00,0.0,0,1.919254939352637e-13,0,0.0
2025-05-26 20:00:00,0.0,0,2.0140546753972177e-14,0,0.0
2025-05-26 21:00:00,0.0,0,1.1014877809291918e-15,0,0.0
2025-05-26 22:00:00,0.0,0,2.1405725495352865e-14,0,0.0
2025-05-26 23:00:00,0.0,0,1.3322732946458458e-14,0,0.0
2025-05-27 00:00:00,0.0,0,4.3828451654715975e-14,0,0.0
2025-05-27 01:00:00,0.0,0,2.835141099274664e-13,0,0.0
2025-05-27 02:00:00,0.0,0,1.273985727586796e-13,0,0.0
2025-05-27 03:00:00,0.0,0,7.171454957063407e-13,0,0.0
2025-05-27 04:00:00,0.0,0,3.802641944185292e-14,0,0.0
2025-05-27 05:00:00,0.0,0,5.106405570868975e-14,0,0.0
2025-05-27 06:00:00,0.0,0,3.872771541602722e-12,0,0.0
2025-05-27 07:00:00,0.0,0,1.773832118401401e-11,0,0.0
2025-05-27 08:00:00,0.0,0,1.9936884272456178e-07,0,0.0
2025-05-27 09:00:00,0.0,0,5.20098426533665e-06,0,0.0
2025-05-27 10:00:00,0.0,0,0.0006255608012172767,0,0.0
2025-05-27 11:00:00,0.0,0,0.0010928889609878,0,0.0
2025-05-27 12:00:00,0.0,0,0.16397123327934673,0,0.0
2025-05-27 13:00:00,0.0,0,0.05229807133330022,0,0.0
2025-05-27 14:00:00,0.0,0,0.012082327877812143,0,0.0
2025-05-27 15:00:00,0.0,0,0.00019791012978149415,0,0.0
2025-05-27 16:00:00,0.0,0,6.675330238841737e-06,0,0.0
2025-05-27 17:00:00,0.0,0,2.6900996232464168e-08,0,0.0
2025-05-27 18:00:00,0.0,0,3.685488513084472e-08,0,0.0
2025-05-27 19:00:00,0.0,0,1.5780852883630534e-08,0,0.0
2025-05-27 20:00:00,0.0,0,1.911508158868661e-10,0,0.0
2025-05-27 21:00:00,0.0,0,1.1352144705641623e-09,0,0.0
2025-05-27 22:00:00,0.0,0,3.213133915255027e-10,0,0.0
2025-05-27 23:00:00,0.0,0,1.936567434699194e-10,0,0.0
2025-05-28 00:00:00,0.0,0,3.587907310404537e-10,0,0.0
2025-05-28 01:00:00,0.0,0,5.251792337738186e-10,0,0.0
2025-05-28 02:00:00,0.0,0,9.648705796411574e-10,0,0.0
2025-05-28 03:00:00,0.0,0,1.3074085494456625e-10,0,0.0
2025-05-28 04:00:00,0.0,0,1.5067310774646204e-09,0,0.0
2025-05-28 05:00:00,0.0,0,9.776815269204464e-10,0,0.0
2025-05-28 06:00:00,0.0,0,1.2308154092789542e-08,0,0.0
2025-05-28 07:00:00,0.0,0,7.941145445808496e-06,0,0.0
2025-05-28 08:00:00,0.0,0,0.00038547012171986396,0,0.0
2025-05-28 09:00:00,0.0,0,0.11895375285474145,0,0.0
2025-05-28 10:00:00,0.0,0,0.3305521017618908,0,0.0
2025-05-28 11:00:00,0.0,0,0.3524177886913268,0,0.0
2025-05-28 12:00:00,0.0,0,0.26631098154110205,0,0.0
2025-05-28 13:00:00,2.005766212192756,1,0.06562738113111379,0,0.0
2025-05-28 14:00:00,0.0,0,0.009450084267647329,0,0.0
2025-05-28 15:00:00,0.0,0,0.0006939588457092424,0,0.0
2025-05-28 16:00:00,0.0,0,1.0326744713799597e-05,0,0.0
2025-05-28 17:00:00,0.0,0,1.9480418425622244e-07,0,0.0
2025-05-28 18:00:00,0.0,0,4.5708951877255947e-08,0,0.0
2025-05-28 19:00:00,0.0,0,1.5254051363812743e-08,0,0.0
2025-05-28 20:00:00,0.0,0,1.2277289230608663e-09,0,0.0
2025-05-28 21:00:00,0.0,0,3.5911952048675255e-10,0,0.0
2025-05-28 22:00:00,0.0,0,1.2937358819637407e-10,0,0.0
2025-05-28 23:00:00,0.0,0,7.082270228710046e-11,0,0.0
2025-05-29 00:00:00,0.0,0,7.959539623147444e-11,0,0.0
2025-05-29 01:00:00,0.0,0,3.3846787287653655e-10,0,0.0
2025-05-29 02:00:00,0.0,0,6.819306274672207e-10,0,0.0
2025-05-29 03:00:00,0.0,0,5.543856506006587e-09,0,0.0
2025-05-29 04:00:00,0.0,0,1.4509925623760536e-08,0,0.0
2025-05-29 05:00:00,0.0,0,1.8707922799440885e-08,0,0.0
2025-05-29 06:00:00,0.0,0,5.550525141039471e-08,0,0.0
2025-05-29 07:00:00,0.0,0,9.511120046063727e-07,0,0.0
2025-05-29 08:00:00,0.0,0,9.146498315758832e-05,0,0.0
2025-05-29 09:00:00,0.0,0,0.008394250063348797,0,0.0
2025-05-29 10:00:00,0.0,0,0.10028947294527216,0,0.0
2025-05-29 11:00:00,0.0,0,0.2087242173004141,0,0.0
2025-05-29 12:00:00,0.0,0,0.04390466797024561,0,0.0
2025-05-29 13:00:00,0.0,0,0.01704708769164942,0,0.0
2025-05-29 14:00:00,0.0,0,0.0011235109283640001,0,0.0
2025-05-29 15:00:00,0.0,0,0.0001813784998357586,0,0.0
2025-05-29 16:00:00,0.0,0,2.6806815042972965e-06,0,0.0
2025-05-29 17:00:00,0.0,0,1.1992585379851544e-07,0,0.0
2025-05-29 18:00:00,0.0,0,2.5345702669755796e-08,0,0.0
2025-05-29 19:00:00,0.0,0,4.42709786850093e-09,0,0.0
2025-05-29 20:00:00,0.0,0,5.825607500396042e-10,0,0.0
2025-05-29 21:00:00,0.0,0,1.9761716844782372e-10,0,0.0
2025-05-29 22:00:00,0.0,0,2.1951336045155368e-10,0,0.0
2025-05-29 23:00:00,0.0,0,2.108640892263945e-10,0,0.0
2025-05-30 00:00:00,0.0,0,2.1007501533068552e-10,0,0.0
2025-05-30 01:00:00,0.0,0,4.4698696287979547e-10,0,0.0
2025-05-30 02:00:00,0.0,0,8.849773757411948e-10,0,0.0
2025-05-30 03:00:00,0.0,0,3.3094702686659123e-09,0,0.0
2025-05-30 04:00:00,0.0,0,1.0249219757680396e-08,0,0.0
2025-05-30 05:00:00,0.0,0,1.6563689228276275e-08,0,0.0
2025-05-30 06:00:00,0.0,0,1.216540637535821e-07,0,0.0
2025-05-30 07:00:00,0.0,0,2.424017058845762e-06,0,0.0
2025-05-30 08:00:00,0.0,0,0.0001232889804312279,0,0.0
2025-05-30 09:00:00,0.0,0,0.0032624366163603318,0,0.0
2025-05-30 10:00:00,0.0,0,0.013315438185527644,0,0.0
2025-05-30 11:00:00,0.0,0,0.030381464685088854,0,0.0
2025-05-30 12:00:00,0.0,0,0.02010577366988107,0,0.0
2025-05-30 13:00:00,0.0,0,0.0043301496937733965,0,0.0
2025-05-30 14:00:00,0.0,0,0.0012825432042339146,0,0.0
2025-05-30 15:00:00,0.0,0,2.9339534325985745e-05,0,0.0
2025-05-30 16:00:00,0.0,0,1.654620671957525e-06,0,0.0
2025-05-30 17:00:00,0.0,0,7.087966440875929e-08,0,0.0
2025-05-30 18:00:00,0.0,0,1.7019436187832585e-08,0,0.0
2025-05-30 19:00:00,0.0,0,4.6514145615811824e-09,0,0.0
2025-05-30 20:00:00,0.0,0,9.34857946333862e-10,0,0.0
2025-05-30 21:00:00,0.0,0,2.689978326830656e-10,0,0.0
2025-05-30 22:00:00,0.0,0,1.0626826807206772e-10,0,0.0
2025-05-30 23:00:00,0.0,0,1.0780455434260081e-10,0,0.0
2025-05-31 00:00:00,0.0,0,1.335759294743074e-10,0,0.0
2025-05-31 01:00:00,0.0,0,4.056624731805615e-10,0,0.0
2025-05-31 02:00:00,0.0,0,1.5482329369455312e-09,0,0.0
2025-05-31 03:00:00,0.0,0,3.730774052133537e-09,0,0.0
2025-05-31 04:00:00,0.0,0,1.0341243924821073e-08,0,0.0
2025-05-31 05:00:00,0.0,0,3.609648480975516e-08,0,0.0
2025-05-31 06:00:00,0.0,0,3.338369768780936e-07,0,0.0
2025-05-31 07:00:00,0.0,0,9.284820148030742e-06,0,0.0
2025-05-31 08:00:00,0.0,0,0.0011631254591925409,0,0.0
2025-05-31 09:00:00,0.0,0,0.012066148942678134,0,0.0
2025-05-31 10:00:00,0.0,0,0.012747368103185682,0,0.0
2025-05-31 11:00:00,0.0,0,0.0029614156245138536,0,0.0
2025-05-31 12:00:00,0.0,0,0.0006611917345805778,0,0.0
2025-05-31 13:00:00,0.0,0,4.861462006161251e-05,0,0.0
2025-05-31 14:00:00,0.0,0,1.4702060522620047e-05,0,0.0
2025-05-31 15:00:00,0.0,0,2.538149873158025e-06,0,0.0
2025-05-31 16:00:00,0.0,0,2.2270729058629054e-08,0,0.0
2025-05-31 17:00:00,0.0,0,7.922556986777414e-10,0,0.0
2025-05-31 18:00:00,0.0,0,2.7336758950819276e-10,0,0.0
2025-05-31 19:00:00,0.0,0,8.216965925747882e-10,0,0.0
2025-05-31 20:00:00,0.0,0,3.135956774274022e-10,0,0.0
2025-05-31 21:00:00,0.0,0,2.4500773840720855e-11,0,0.0
2025-05-31 22:00:00,0.0,0,7.63833034146548e-12,0,0.0
2025-05-31 23:00:00,0.0,0,1.2374902715128635e-11,0,0.0
2025-06-01 00:00:00,0.0,0,5.26152319279083e-12,0,0.0
2025-06-01 01:00:00,0.0,0,3.477551410765292e-11,0,0.0
2025-06-01 02:00:00,0.0,0,1.5264860697510948e-10,0,0.0
2025-06-01 03:00:00,0.0,0,5.865552660548149e-10,0,0.0
2025-06-01 04:00:00,0.0,0,1.271850514818611e-09,0,0.0
2025-06-01 05:00:00,0.0,0,1.9475058034530604e-08,0,0.0
2025-06-01 06:00:00,0.0,0,9.657169700465348e-08,0,0.0
2025-06-01 07:00:00,0.0,0,1.534167012184639e-06,0,0.0
2025-06-01 08:00:00,0.0,0,1.7939552689625107e-05,0,0.0
2025-06-01 09:00:00,0.0,0,0.0012505559086623218,0,0.0
2025-06-01 10:00:00,0.0,0,0.005263494463636943,0,0.0
2025-06-01 11:00:00,0.0,0,0.005175190212360433,0,0.0
2025-06-01 12:00:00,0.0,0,0.000522463601301421,0,0.0
2025-06-01 13:00:00,0.0,0,0.0001790520293369753,0,0.0
2025-06-01 14:00:00,0.0,0,2.6949774328567197e-05,0,0.0
2025-06-01 15:00:00,0.0,0,6.3265683447873214e-06,0,0.0
2025-06-01 16:00:00,0.0,0,1.5519183702421484e-07,0,0.0
2025-06-01 17:00:00,0.0,0,6.951612684721651e-09,0,0.0
2025-06-01 18:00:00,0.0,0,6.310096716895656e-10,0,0.0
2025-06-01 19:00:00,0.0,0,4.0889369653273335e-10,0,0.0
2025-06-01 20:00:00,0.0,0,4.1027294245667945e-11,0,0.0
2025-06-01 21:00:00,0.0,0,4.0947036281282166e-11,0,0.0
2025-06-01 22:00:00,0.0,0,1.6228001067946362e-11,0,0.0
2025-06-01 23:00:00,0.0,0,1.8142097460505248e-11,0,0.0
2025-06-02 00:00:00,0.0,0,3.4220871841178994e-11,0,0.0
2025-06-02 01:00:00,0.0,0,7.588072795218497e-11,0,0.0
2025-06-02 02:00:00,0.0,0,2.3824063662842046e-10,0,0.0
2025-06-02 03:00:00,0.0,0,1.3790600627270882e-09,0,0.0
2025-06-02 04:00:00,0.0,0,6.569425452780596e-09,0,0.0
2025-06-02 05:00:00,0.0,0,2.675205126809149e-08,0,0.0
2025-06-02 06:00:00,0.0,0,1.574560614619814e-07,0,0.0
2025-06-02 07:00:00,0.0,0,1.2782982296918878e-06,0,0.0
2025-06-02 08:00:00,0.0,0,4.944792981294462e-05,0,0.0
2025-06-02 09:00:00,0.0,0,0.0008077395067993297,0,0.0
2025-06-02 10:00:00,0.0,0,0.0009273001006074462,0,0.0
2025-06-02 11:00:00,0.0,0,0.0012931873922353665,0,0.0
2025-06-02 12:00:00,0.0,0,0.0011685392969496256,0,0.0
2025-06-02 13:00:00,0.0,0,0.000198120346139133,0,0.0
2025-06-02 14:00:00,0.0,0,4.824370624005223e-05,0,0.0
2025-06-02 15:00:00,0.0,0,9.10706311298489e-06,0,0.0
2025-06-02 16:00:00,0.0,0,1.8617015918125864e-07,0,0.0
2025-06-02 17:00:00,0.0,0,1.930422662609852e-08,0,0.0
2025-06-02 18:00:00,0.0,0,2.931656074783232e-09,0,0.0
2025-06-02 19:00:00,0.0,0,1.5553397228606596e-10,0,0.0
2025-06-02 20:00:00,0.0,0,4.285276207559766e-11,0,0.0
2025-06-02 21:00:00,0.0,0,1.1176480998611578e-10,0,0.0
2025-06-02 22:00:00,0.0,0,4.241833572244199e-11,0,0.0
2025-06-02 23:00:00,0.0,0,3.598543885902233e-11,0,0.0
2025-06-03 00:00:00,0.0,0,2.139929640824196e-10,0,0.0
2025-06-03 01:00:00,0.0,0,6.573161464733092e-10,0,0.0
2025-06-03 02:00:00,0.0,0,2.5040199366713445e-09,0,0.0
2025-06-03 03:00:00,0.0,0,5.8139693403410626e-09,0,0.0
2025-06-03 04:00:00,0.0,0,1.6660932717023218e-08,0,0.0
2025-06-03 05:00:00,0.0,0,2.4595512196114363e-08,0,0.0
2025-06-03 06:00:00,0.0,0,1.9795774572388045e-07,0,0.0
2025-06-03 07:00:00,0.0,0,2.8141219396222303e-06,0,0.0
2025-06-03 08:00:00,0.0,0,5.8416369625460925e-06,0,0.0
2025-06-03 09:00:00,0.0,0,0.005977963567457615,0,0.0
2025-06-03 10:00:00,0.0,0,0.36074530676849237,0,0.0
2025-06-03 11:00:00,0.0,0,0.15456843501541892,0,0.0
2025-06-03 12:00:00,0.0,0,0.09675788957924518,0,0.0
2025-06-03 13:00:00,0.0,0,0.004634266926528423,0,0.0
2025-06-03 14:00:00,0.0,0,0.002540658417095481,0,0.0
2025-06-03 15:00:00,0.0,0,0.00015563468237612737,0,0.0
2025-06-03 16:00:00,0.0,0,2.54548506135722e-06,0,0.0
2025-06-03 17:00:00,0.0,0,2.3339771517478692e-07,0,0.0
2025-06-03 18:00:00,0.0,0,2.4136151862609814e-08,0,0.0
2025-06-03 19:00:00,0.0,0,2.2201327477269907e-09,0,0.0
2025-06-03 20:00:00,0.0,0,1.0611723848744068e-09,0,0.0
2025-06-03 21:00:00,0.0,0,1.6223628827575245e-10,0,0.0
2025-06-03 22:00:00,0.0,0,1.0312287715138248e-10,0,0.0
2025-06-03 23:00:00,0.0,0,4.77640999846442e-11,0,0.0
2025-06-04 00:00:00,0.0,0,9.938916847828952e-11,0,0.0
2025-06-04 01:00:00,0.0,0,5.95320355895322e-10,0,0.0
2025-06-04 02:00:00,0.0,0,1.5805595002908977e-09,0,0.0
2025-06-04 03:00:00,0.0,0,7.295009337351377e-09,0,0.0
2025-06-04 04:00:00,0.0,0,2.204105697370862e-08,0,0.0
2025-06-04 05:00:00,0.0,0,2.102017328132185e-08,0,0.0
2025-06-04 06:00:00,0.0,0,1.222439910223499e-07,0,0.0
2025-06-04 07:00:00,0.0,0,5.0292451306696635e-06,0,0.0
2025-06-04 08:00:00,0.0,0,0.00019990171831711003,0,0.0
2025-06-04 09:00:00,0.0,0,0.010781370987470106,0,0.0
2025-06-04 10:00:00,0.0,0,0.07275022500820598,0,0.0
2025-06-04 11:00:00,0.0,0,0.005941722775470316,0,0.0
2025-06-04 12:00:00,0.0,0,0.0005006102637111039,0,0.0
2025-06-04 13:00:00,0.0,0,4.4775422889831244e-05,0,0.0
2025-06-04 14:00:00,0.0,0,2.6941850809177154e-06,0,0.0
2025-06-04 15:00:00,0.0,0,2.6154173534501456e-06,0,0.0
2025-06-04 16:00:00,0.0,0,2.3566667557817526e-08,0,0.0
2025-06-04 17:00:00,0.0,0,1.2594959406885243e-08,0,0.0
2025-06-04 18:00:00,0.0,0,1.2194346080967786e-08,0,0.0
2025-06-04 19:00:00,0.0,0,4.69999741726053e-10,0,0.0
2025-06-04 20:00:00,0.0,0,4.840032620108499e-11,0,0.0
2025-06-04 21:00:00,0.0,0,2.363569960243932e-11,0,0.0
2025-06-04 22:00:00,0.0,0,8.8108937912726e-12,0,0.0
2025-06-04 23:00:00,0.0,0,2.229791423218332e-11,0,0.0
2025-06-05 00:00:00,0.0,0,8.776944537952103e-12,0,0.0
2025-06-05 01:00:00,0.0,0,9.86092405157375e-12,0,0.0
2025-06-05 02:00:00,0.0,0,4.574661068226482e-10,0,0.0
2025-06-05 03:00:00,0.0,0,4.883614496775412e-10,0,0.0
2025-06-05 04:00:00,0.0,0,1.872883964677404e-09,0,0.0
2025-06-05 05:00:00,0.0,0,1.6854948374289994e-08,0,0.0
2025-06-05 06:00:00,0.0,0,2.678060332837973e-07,0,0.0
2025-06-05 07:00:00,0.0,0,8.266716775033048e-06,0,0.0
2025-06-05 08:00:00,0.0,0,2.4802826971351228e-05,0,0.0
2025-06-05 09:00:00,0.0,0,4.511568041087037e-06,0,0.0
2025-06-05 10:00:00,6.629471673731016,1,0.5596130367443568,1,3.537362912809963
2025-06-05 11:00:00,0.0,0,0.5439794574127665,1,3.911079172368215
2025-06-05 12:00:00,0.0,0,0.035579737836348886,0,0.0
2025-06-05 13:00:00,0.0,0,0.0243690463689095,0,0.0
2025-06-05 14:00:00,0.0,0,0.004395130499674812,0,0.0
2025-06-05 15:00:00,0.0,0,0.0004657728071810149,0,0.0
2025-06-05 16:00:00,0.0,0,2.182523938695764e-06,0,0.0
2025-06-05 17:00:00,0.0,0,1.327761103311933e-07,0,0.0
2025-06-05 18:00:00,0.0,0,3.951601843717956e-08,0,0.0
2025-06-05 19:00:00,0.0,0,2.1406441017937765e-09,0,0.0
2025-06-05 20:00:00,0.0,0,5.664079462799619e-10,0,0.0
2025-06-05 21:00:00,0.0,0,1.9646400966676035e-10,0,0.0
2025-06-05 22:00:00,0.0,0,3.000327993560884e-11,0,0.0
2025-06-05 23:00:00,0.0,0,2.310931588745412e-11,0,0.0
2025-06-06 00:00:00,0.0,0,9.009253081516064e-11,0,0.0
2025-06-06 01:00:00,0.0,0,1.0731311613484243e-10,0,0.0
2025-06-06 02:00:00,0.0,0,1.879885277628788e-09,0,0.0
2025-06-06 03:00:00,0.0,0,2.9543138247403603e-09,0,0.0
2025-06-06 04:00:00,0.0,0,1.398681460509839e-08,0,0.0
2025-06-06 05:00:00,0.0,0,6.215717354069836e-08,0,0.0
2025-06-06 06:00:00,0.0,0,2.592078102484072e-07,0,0.0
2025-06-06 07:00:00,0.0,0,2.072536267746512e-06,0,0.0
2025-06-06 08:00:00,0.0,0,3.0357476191173272e-05,0,0.0
2025-06-06 09:00:00,0.0,0,0.0050594754107179335,0,0.0
2025-06-06 10:00:00,0.0,0,0.11362830950256302,0,0.0
2025-06-06 11:00:00,0.0,0,0.009792043422192363,0,0.0
2025-06-06 12:00:00,0.0,0,0.0020059673567874615,0,0.0
2025-06-06 13:00:00,0.0,0,0.000834702680879519,0,0.0
2025-06-06 14:00:00,0.0,0,1.337973149336223e-05,0,0.0
2025-06-06 15:00:00,0.0,0,3.736341385002906e-06,0,0.0
2025-06-06 16:00:00,0.0,0,2.0612769144985623e-06,0,0.0
2025-06-06 17:00:00,0.0,0,9.020689618420032e-09,0,0.0
2025-06-06 18:00:00,0.0,0,1.668774119838217e-08,0,0.0
2025-06-06 19:00:00,0.0,0,1.8195403697400114e-10,0,0.0
2025-06-06 20:00:00,0.0,0,9.994113392943916e-11,0,0.0
2025-06-06 21:00:00,0.0,0,5.896466946805774e-11,0,0.0
2025-06-06 22:00:00,0.0,0,3.59586691670625e-11,0,0.0
2025-06-06 23:00:00,0.0,0,2.0268393603816548e-11,0,0.0
2025-06-07 00:00:00,0.0,0,3.953542107505731e-11,0,0.0
2025-06-07 01:00:00,0.0,0,7.239452423472607e-11,0,0.0
2025-06-07 02:00:00,0.0,0,3.1679875801866957e-10,0,0.0
2025-06-07 03:00:00,0.0,0,1.5363156579056689e-09,0,0.0
2025-06-07 04:00:00,0.0,0,9.770397565189957e-09,0,0.0
2025-06-07 05:00:00,0.0,0,5.736790590982601e-08,0,0.0
2025-06-07 06:00:00,0.0,0,3.4036366256920424e-07,0,0.0
2025-06-07 07:00:00,0.0,0,1.5243174463297976e-05,0,0.0
2025-06-07 08:00:00,0.0,0,7.580860484435176e-05,0,0.0
2025-06-07 09:00:00,0.0,0,0.0002443521620194594,0,0.0
2025-06-07 10:00:00,0.0,0,0.0003745918460707535,0,0.0
2025-06-07 11:00:00,6.97537155974046,1,0.7570946854981421,1,4.245481233254915
2025-06-07 12:00:00,0.0,0,0.3140708949584845,0,0.0
2025-06-07 13:00:00,0.0,0,0.2724666464777475,0,0.0
2025-06-07 14:00:00,0.0,0,0.013245124422838114,0,0.0
2025-06-07 15:00:00,0.0,0,0.0008046473103205114,0,0.0
2025-06-07 16:00:00,0.0,0,1.9861323868175634e-05,0,0.0
2025-06-07 17:00:00,0.0,0,3.813918927663357e-07,0,0.0
2025-06-07 18:00:00,0.0,0,6.055298071818917e-08,0,0.0
2025-06-07 19:00:00,0.0,0,9.971895868992175e-09,0,0.0
2025-06-07 20:00:00,0.0,0,1.9834453608505805e-09,0,0.0
2025-06-07 21:00:00,0.0,0,4.2165637812313776e-10,0,0.0
2025-06-07 22:00:00,0.0,0,8.221520332255064e-11,0,0.0
2025-06-07 23:00:00,0.0,0,6.862739753160213e-11,0,0.0
2025-06-08 00:00:00,0.0,0,1.4407900391438456e-10,0,0.0
2025-06-08 01:00:00,0.0,0,2.5822614051593645e-10,0,0.0
2025-06-08 02:00:00,0.0,0,1.1739999626361656e-09,0,0.0
2025-06-08 03:00:00,0.0,0,5.344253983051314e-09,0,0.0
2025-06-08 04:00:00,0.0,0,1.637334687827272e-08,0,0.0
2025-06-08 05:00:00,0.0,0,4.033136636737407e-08,0,0.0
2025-06-08 06:00:00,0.0,0,1.5756660988843105e-06,0,0.0
2025-06-08 07:00:00,0.0,0,0.00019820338998021298,0,0.0
2025-06-08 08:00:00,0.0,0,0.0053853190905450935,0,0.0
2025-06-08 09:00:00,0.0,0,0.030043398865566,0,0.0
2025-06-08 10:00:00,0.0,0,0.05563842647499899,0,0.0
2025-06-08 11:00:00,0.0,0,0.028796341809441444,0,0.0
2025-06-08 12:00:00,0.0,0,0.0032014971934300664,0,0.0
2025-06-08 13:00:00,0.0,0,0.00019874076386482432,0,0.0
2025-06-08 14:00:00,0.0,0,3.3634153399374187e-06,0,0.0
2025-06-08 15:00:00,0.0,0,1.7048363242811912e-06,0,0.0
2025-06-08 16:00:00,0.0,0,4.7776019819555576e-08,0,0.0
2025-06-08 17:00:00,0.0,0,4.388619295029141e-09,0,0.0
2025-06-08 18:00:00,0.0,0,5.123837771652236e-09,0,0.0
2025-06-08 19:00:00,0.0,0,6.306151887950653e-10,0,0.0
2025-06-08 20:00:00,0.0,0,7.942247735856665e-11,0,0.0
2025-06-08 21:00:00,0.0,0,7.379418591542053e-11,0,0.0
2025-06-08 22:00:00,0.0,0,9.879055022689523e-12,0,0.0
2025-06-08 23:00:00,0.0,0,1.0271835669910394e-11,0,0.0
2025-06-09 00:00:00,0.0,0,7.733452352077335e-12,0,0.0
2025-06-09 01:00:00,0.0,0,1.4089804901862045e-11,0,0.0
2025-06-09 02:00:00,0.0,0,1.8138917582035826e-10,0,0.0
2025-06-09 03:00:00,0.0,0,1.640091547961433e-10,0,0.0
2025-06-09 04:00:00,0.0,0,7.644745194617481e-10,0,0.0
2025-06-09 05:00:00,0.0,0,8.450883637957219e-09,0,0.0
2025-06-09 06:00:00,0.0,0,1.2610493640021146e-07,0,0.0
2025-06-09 07:00:00,0.0,0,7.325788698865689e-06,0,0.0
2025-06-09 08:00:00,0.0,0,3.052775200481468e-05,0,0.0
2025-06-09 09:00:00,7.230359559249461,1,0.39727281891220134,0,0.0
2025-06-09 10:00:00,0.0,0,0.28015312087069033,0,0.0
2025-06-09 11:00:00,0.0,0,0.07710408525112925,0,0.0
2025-06-09 12:00:00,0.0,0,0.02304752082165311,0,0.0
2025-06-09 13:00:00,0.0,0,0.003349987268215211,0,0.0
2025-06-09 14:00:00,0.0,0,0.0006754617499130873,0,0.0
2025-06-09 15:00:00,0.0,0,2.0081804352238765e-05,0,0.0
2025-06-09 16:00:00,0.0,0,9.015074985328953e-07,0,0.0
2025-06-09 17:00:00,0.0,0,8.253746334885418e-08,0,0.0
2025-06-09 18:00:00,0.0,0,2.779449582629301e-08,0,0.0
2025-06-09 19:00:00,0.0,0,1.8563455621976249e-09,0,0.0
2025-06-09 20:00:00,0.0,0,4.14660375912015e-10,0,0.0
2025-06-09 21:00:00,0.0,0,1.8651240952691358e-10,0,0.0
2025-06-09 22:00:00,0.0,0,6.991767803073876e-11,0,0.0
2025-06-09 23:00:00,0.0,0,3.217814156552756e-11,0,0.0
2025-06-10 00:00:00,0.0,0,2.792044961853788e-11,0,0.0
2025-06-10 01:00:00,0.0,0,1.7285943247173846e-10,0,0.0
2025-06-10 02:00:00,0.0,0,4.2913953832745817e-10,0,0.0
2025-06-10 03:00:00,0.0,0,4.242635321310695e-09,0,0.0
2025-06-10 04:00:00,0.0,0,1.651198275664557e-08,0,0.0
2025-06-10 05:00:00,0.0,0,6.521082425939674e-08,0,0.0
2025-06-10 06:00:00,0.0,0,4.792527021557268e-07,0,0.0
2025-06-10 07:00:00,0.0,0,1.767215951479543e-05,0,0.0
2025-06-10 08:00:00,0.0,0,0.00042132378320961997,0,0.0
2025-06-10 09:00:00,0.0,0,0.005361643348682529,0,0.0
2025-06-10 10:00:00,0.0,0,0.055974610920684426,0,0.0
2025-06-10 11:00:00,0.0,0,0.0008134858594782017,0,0.0
2025-06-10 12:00:00,0.0,0,0.00011172831198337838,0,0.0
2025-06-10 13:00:00,0.0,0,1.9742971487429996e-06,0,0.0
2025-06-10 14:00:00,0.0,0,8.712410269368578e-06,0,0.0
2025-06-10 15:00:00,0.0,0,2.2354392337633805e-06,0,0.0
2025-06-10 16:00:00,0.0,0,1.5410675604812567e-07,0,0.0
2025-06-10 17:00:00,0.0,0,2.929452696041597e-09,0,0.0
2025-06-10 18:00:00,0.0,0,3.3758234646287826e-10,0,0.0
2025-06-10 19:00:00,0.0,0,5.013027985011867e-10,0,0.0
2025-06-10 20:00:00,0.0,0,3.2608711972274454e-11,0,0.0
2025-06-10 21:00:00,0.0,0,1.313836733750279e-11,0,0.0
2025-06-10 22:00:00,0.0,0,6.43009403517497e-12,0,0.0
2025-06-10 23:00:00,0.0,0,8.750174769377793e-13,0,0.0
2025-06-11 00:00:00,0.0,0,3.6831883150783555e-12,0,0.0
2025-06-11 01:00:00,0.0,0,1.4226668144998221e-11,0,0.0
2025-06-11 02:00:00,0.0,0,6.464385164460265e-11,0,0.0
2025-06-11 03:00:00,0.0,0,1.8253429225267626e-10,0,0.0
2025-06-11 04:00:00,0.0,0,1.5638566071760805e-09,0,0.0
2025-06-11 05:00:00,0.0,0,1.7598122393150378e-09,0,0.0
2025-06-11 06:00:00,0.0,0,3.061658731247666e-08,0,0.0
2025-06-11 07:00:00,0.0,0,9.950190543648393e-06,0,0.0
2025-06-11 08:00:00,0.0,0,6.2591346130664e-06,0,0.0
2025-06-11 09:00:00,6.128737135059375,1,0.24883048959737022,0,0.0
2025-06-11 10:00:00,0.0,0,0.08856820450919041,0,0.0
2025-06-11 11:00:00,0.0,0,0.08527189872082856,0,0.0
2025-06-11 12:00:00,0.0,0,0.013370721867699052,0,0.0
2025-06-11 13:00:00,0.0,0,0.009250357391705375,0,0.0
2025-06-11 14:00:00,0.0,0,0.00013446575159097994,0,0.0
2025-06-11 15:00:00,0.0,0,3.7589842386147504e-06,0,0.0
2025-06-11 16:00:00,0.0,0,3.053883838423007e-07,0,0.0
2025-06-11 17:00:00,0.0,0,7.841238532844173e-08,0,0.0
2025-06-11 18:00:00,0.0,0,7.022910839374264e-10,0,0.0
2025-06-11 19:00:00,0.0,0,3.038820773857054e-09,0,0.0
2025-06-11 20:00:00,0.0,0,6.016116614128175e-10,0,0.0
2025-06-11 21:00:00,0.0,0,2.3657530010508815e-10,0,0.0
2025-06-11 22:00:00,0.0,0,1.2970435584681181e-11,0,0.0
2025-06-11 23:00:00,0.0,0,1.2435112026937901e-11,0,0.0
2025-06-12 00:00:00,0.0,0,2.894238917041272e-11,0,0.0
2025-06-12 01:00:00,0.0,0,6.631092558670212e-11,0,0.0
2025-06-12 02:00:00,0.0,0,2.436874431514793e-10,0,0.0
2025-06-12 03:00:00,0.0,0,1.7771012488890619e-09,0,0.0
2025-06-12 04:00:00,0.0,0,6.843360026773249e-09,0,0.0
2025-06-12 05:00:00,0.0,0,6.760279183199164e-08,0,0.0
2025-06-12 06:00:00,0.0,0,1.0582114091739292e-06,0,0.0
2025-06-12 07:00:00,0.0,0,9.638014798959797e-06,0,0.0
2025-06-12 08:00:00,0.0,0,9.126636618704858e-05,0,0.0
2025-06-12 09:00:00,0.0,0,0.00017116060851888462,0,0.0
2025-06-12 10:00:00,5.730047314371458,1,0.3620158255605077,0,0.0
2025-06-12 11:00:00,0.0,0,0.37326213086335297,0,0.0
2025-06-12 12:00:00,0.0,0,0.15241823805590832,0,0.0
2025-06-12 13:00:00,0.0,0,0.009645591913023877,0,0.0
2025-06-12 14:00:00,0.0,0,0.005086171556427807,0,0.0
2025-06-12 15:00:00,0.0,0,5.6380599681659994e-05,0,0.0
2025-06-12 16:00:00,0.0,0,3.061343575711904e-06,0,0.0
2025-06-12 17:00:00,0.0,0,7.837912424074793e-08,0,0.0
2025-06-12 18:00:00,0.0,0,1.1538468615187924e-08,0,0.0
2025-06-12 19:00:00,0.0,0,7.814908750569441e-10,0,0.0
2025-06-12 20:00:00,0.0,0,4.4610592916100054e-11,0,0.0
2025-06-12 21:00:00,0.0,0,9.34349104903987e-11,0,0.0
2025-06-12 22:00:00,0.0,0,1.13790709492103e-10,0,0.0
2025-06-12 23:00:00,0.0,0,2.1571229020436602e-10,0,0.0
2025-06-13 00:00:00,0.0,0,4.0005649548435924e-10,0,0.0
2025-06-13 01:00:00,0.0,0,4.962949088645751e-10,0,0.0
2025-06-13 02:00:00,0.0,0,1.1907734918826604e-09,0,0.0
2025-06-13 03:00:00,0.0,0,1.0852603205821987e-09,0,0.0
2025-06-13 04:00:00,0.0,0,6.985668165491301e-09,0,0.0
2025-06-13 05:00:00,0.0,0,8.914612849639168e-09,0,0.0
2025-06-13 06:00:00,0.0,0,1.1683399193035405e-08,0,0.0
2025-06-13 07:00:00,0.0,0,6.614715153393472e-07,0,0.0
2025-06-13 08:00:00,0.0,0,1.1887574404228792e-06,0,0.0
2025-06-13 09:00:00,0.0,0,0.0003198978301686862,0,0.0
2025-06-13 10:00:00,0.0,0,0.014798492816413074,0,0.0
2025-06-13 11:00:00,0.0,0,0.1327638212081039,0,0.0
2025-06-13 12:00:00,0.0,0,0.09118932717927197,0,0.0
2025-06-13 13:00:00,0.0,0,0.017773716816253827,0,0.0
2025-06-13 14:00:00,0.0,0,0.0026598654793716487,0,0.0
2025-06-13 15:00:00,0.0,0,7.260675630516071e-05,0,0.0
2025-06-13 16:00:00,0.0,0,2.3759381238497086e-06,0,0.0
2025-06-13 17:00:00,0.0,0,2.1259208042066602e-07,0,0.0
2025-06-13 18:00:00,0.0,0,4.9844211536254717e-08,0,0.0
2025-06-13 19:00:00,0.0,0,6.693246322690874e-09,0,0.0
2025-06-13 20:00:00,0.0,0,3.7472892931923805e-09,0,0.0
2025-06-13 21:00:00,0.0,0,9.54440630313078e-10,0,0.0
2025-06-13 22:00:00,0.0,0,6.208110838956084e-10,0,0.0
2025-06-13 23:00:00,0.0,0,5.97164428658795e-10,0,0.0
2025-06-14 00:00:00,0.0,0,6.166553857517842e-10,0,0.0
2025-06-14 01:00:00,0.0,0,2.7858622127864198e-09,0,0.0
2025-06-14 02:00:00,0.0,0,8.232524455321208e-09,0,0.0
2025-06-14 03:00:00,0.0,0,4.171708233156274e-08,0,0.0
2025-06-14 04:00:00,0.0,0,1.4384981408422599e-07,0,0.0
2025-06-14 05:00:00,0.0,0,3.904930313571155e-07,0,0.0
2025-06-14 06:00:00,0.0,0,5.9909513555791534e-06,0,0.0
2025-06-14 07:00:00,0.0,0,0.00016587533957417613,0,0.0
2025-06-14 08:00:00,0.0,0,0.007418321607582765,0,0.0
2025-06-14 09:00:00,0.0,0,0.2099867421046715,0,0.0
2025-06-14 10:00:00,1.4222533071420227,1,0.46715758219792447,0,0.0
2025-06-14 11:00:00,0.0,0,0.504471866430673,1,4.721332137000254
2025-06-14 12:00:00,0.0,0,0.09375298798714497,0,0.0
2025-06-14 13:00:00,0.0,0,0.059422114699359485,0,0.0
2025-06-14 14:00:00,0.0,0,0.010117355394381746,0,0.0
2025-06-14 15:00:00,0.0,0,9.106697575649288e-05,0,0.0
2025-06-14 16:00:00,0.0,0,2.9279270997142136e-06,0,0.0
2025-06-14 17:00:00,0.0,0,5.423089246277403e-07,0,0.0
2025-06-14 18:00:00,0.0,0,2.3259480149522005e-08,0,0.0
2025-06-14 19:00:00,0.0,0,1.2353381795446368e-08,0,0.0
2025-06-14 20:00:00,0.0,0,1.608101403066412e-10,0,0.0
2025-06-14 21:00:00,0.0,0,3.8193659034844873e-10,0,0.0
2025-06-14 22:00:00,0.0,0,5.047968650895976e-11,0,0.0
2025-06-14 23:00:00,0.0,0,3.696061005051474e-10,0,0.0
2025-06-15 00:00:00,0.0,0,1.7816370332504538e-10,0,0.0
2025-06-15 01:00:00,0.0,0,1.8314734697640184e-09,0,0.0
2025-06-15 02:00:00,0.0,0,3.6444856409615376e-09,0,0.0
2025-06-15 03:00:00,0.0,0,2.7237478941438297e-08,0,0.0
2025-06-15 04:00:00,0.0,0,1.435956921699565e-07,0,0.0
2025-06-15 05:00:00,0.0,0,2.20093571520222e-06,0,0.0
2025-06-15 06:00:00,0.0,0,1.1346028831748654e-05,0,0.0
2025-06-15 07:00:00,0.0,0,2.073232722987177e-05,0,0.0
2025-06-15 08:00:00,0.0,0,9.298129232896841e-05,0,0.0
2025-06-15 09:00:00,0.0,0,4.001446142004013e-05,0,0.0
2025-06-15 10:00:00,6.061324166006494,1,0.39906422320353535,0,0.0
2025-06-15 11:00:00,0.0,0,0.30355979168577685,0,0.0
2025-06-15 12:00:00,0.0,0,0.08897764664165965,0,0.0
2025-06-15 13:00:00,0.0,0,0.08076962022295178,0,0.0
2025-06-15 14:00:00,0.0,0,0.005114145572673281,0,0.0
2025-06-15 15:00:00,0.0,0,2.5822945495029686e-05,0,0.0
2025-06-15 16:00:00,0.0,0,4.1118647847082455e-06,0,0.0
2025-06-15 17:00:00,0.0,0,4.657786023228188e-07,0,0.0
2025-06-15 18:00:00,0.0,0,7.041801507332971e-08,0,0.0
2025-06-15 19:00:00,0.0,0,1.9802036070723922e-08,0,0.0
2025-06-15 20:00:00,0.0,0,3.9568375770774205e-09,0,0.0
2025-06-15 21:00:00,0.0,0,2.675259265001545e-09,0,0.0
2025-06-15 22:00:00,0.0,0,8.956868167513299e-10,0,0.0
2025-06-15 23:00:00,0.0,0,8.655356683553101e-10,0,0.0
2025-06-16 00:00:00,0.0,0,1.4074718889381377e-09,0,0.0
2025-06-16 01:00:00,0.0,0,4.636742513515067e-09,0,0.0
2025-06-16 02:00:00,0.0,0,1.5886469008373246e-08,0,0.0
2025-06-16 03:00:00,0.0,0,8.932879150996663e-08,0,0.0
2025-06-16 04:00:00,0.0,0,4.939360288466851e-07,0,0.0
2025-06-16 05:00:00,0.0,0,1.3030727310862472e-06,0,0.0
2025-06-16 06:00:00,0.0,0,3.0452958083015657e-06,0,0.0
2025-06-16 07:00:00,0.0,0,3.063076584302231e-05,0,0.0
2025-06-16 08:00:00,0.0,0,0.0003667547181266854,0,0.0
2025-06-16 09:00:00,0.0,0,0.017755947824346634,0,0.0
2025-06-16 10:00:00,0.0,0,0.10233308376049353,0,0.0
2025-06-16 11:00:00,0.0,0,0.007619282251478854,0,0.0
2025-06-16 12:00:00,0.0,0,0.05276348284200886,0,0.0
2025-06-16 13:00:00,0.0,0,0.01123497703571085,0,0.0
2025-06-16 14:00:00,0.0,0,0.0017314116579953231,0,0.0
2025-06-16 15:00:00,0.0,0,6.707851426860987e-05,0,0.0
2025-06-16 16:00:00,0.0,0,7.314672849826455e-07,0,0.0
2025-06-16 17:00:00,0.0,0,1.2470251843754416e-07,0,0.0
2025-06-16 18:00:00,0.0,0,1.6258718610572632e-08,0,0.0
2025-06-16 19:00:00,0.0,0,4.662774451482773e-09,0,0.0
2025-06-16 20:00:00,0.0,0,2.358044809665947e-09,0,0.0
2025-06-16 21:00:00,0.0,0,1.738183200148294e-09,0,0.0
2025-06-16 22:00:00,0.0,0,1.30144587081411e-09,0,0.0
2025-06-16 23:00:00,0.0,0,1.2804306191789982e-09,0,0.0
2025-06-17 00:00:00,0.0,0,1.9832252163612707e-09,0,0.0
2025-06-17 01:00:00,0.0,0,4.947870499625817e-09,0,0.0
2025-06-17 02:00:00,0.0,0,7.823505169730264e-09,0,0.0
2025-06-17 03:00:00,0.0,0,2.371455219499175e-08,0,0.0
2025-06-17 04:00:00,0.0,0,4.899269633943637e-08,0,0.0
2025-06-17 05:00:00,0.0,0,1.8432628660506814e-08,0,0.0
2025-06-17 06:00:00,0.0,0,1.8742044712912084e-08,0,0.0
2025-06-17 07:00:00,0.0,0,1.3299107373063215e-07,0,0.0
2025-06-17 08:00:00,0.0,0,2.621474304644498e-07,0,0.0
2025-06-17 09:00:00,0.0,0,1.9948040704844865e-08,0,0.0
2025-06-17 10:00:00,0.0,0,6.729229584403568e-05,0,0.0
2025-06-17 11:00:00,0.0,0,1.8984225655514097e-05,0,0.0
2025-06-17 12:00:00,0.0,0,9.324799401640141e-05,0,0.0
2025-06-17 13:00:00,0.0,0,0.00041038100016655603,0,0.0
2025-06-17 14:00:00,0.0,0,3.635483178050068e-05,0,0.0
2025-06-17 15:00:00,0.0,0,9.750942892644938e-07,0,0.0
2025-06-17 16:00:00,0.0,0,9.157127232408673e-10,0,0.0
2025-06-17 17:00:00,0.0,0,3.2995283426840677e-10,0,0.0
2025-06-17 18:00:00,0.0,0,4.4369225418304415e-12,0,0.0
2025-06-17 19:00:00,0.0,0,1.082117154322706e-12,0,0.0
2025-06-17 20:00:00,0.0,0,1.553862202105042e-12,0,0.0
2025-06-17 21:00:00,0.0,0,1.3142213261299465e-12,0,0.0
2025-06-17 22:00:00,0.0,0,4.596453834202334e-13,0,0.0
2025-06-17 23:00:00,0.0,0,1.6825147871931677e-11,0,0.0
2025-06-18 00:00:00,0.0,0,9.727775517482952e-12,0,0.0
2025-06-18 01:00:00,0.0,0,3.5348009435432325e-10,0,0.0
2025-06-18 02:00:00,0.0,0,3.018671742470943e-11,0,0.0
2025-06-18 03:00:00,0.0,0,1.0816133913267104e-11,0,0.0
2025-06-18 04:00:00,0.0,0,4.1229686880347274e-11,0,0.0
2025-06-18 05:00:00,0.0,0,3.566048299026314e-10,0,0.0
2025-06-18 06:00:00,0.0,0,2.785657688836682e-09,0,0.0
2025-06-18 07:00:00,0.0,0,2.242728972067757e-09,0,0.0
2025-06-18 08:00:00,0.0,0,5.246497895188001e-07,0,0.0
2025-06-18 09:00:00,0.0,0,9.29437413664819e-05,0,0.0
2025-06-18 10:00:00,0.0,0,0.0006045782640609498,0,0.0
2025-06-18 11:00:00,0.0,0,0.023736332158195043,0,0.0
2025-06-18 12:00:00,0.0,0,0.0180634013227166,0,0.0
2025-06-18 13:00:00,0.0,0,0.0742528067350937,0,0.0
2025-06-18 14:00:00,0.0,0,0.004212784287228273,0,0.0
2025-06-18 15:00:00,0.0,0,0.0012174317125231502,0,0.0
2025-06-18 16:00:00,0.0,0,1.5824316689568656e-05,0,0.0
2025-06-18 17:00:00,0.0,0,1.0037254560517895e-07,0,0.0
2025-06-18 18:00:00,0.0,0,6.737923226365395e-08,0,0.0
2025-06-18 19:00:00,0.0,0,6.035917683713112e-09,0,0.0
2025-06-18 20:00:00,0.0,0,2.2485852883745205e-09,0,0.0
2025-06-18 21:00:00,0.0,0,6.969800627380854e-10,0,0.0
2025-06-18 22:00:00,0.0,0,5.362927567049848e-10,0,0.0
2025-06-18 23:00:00,0.0,0,2.3998149945748713e-10,0,0.0
2025-06-19 00:00:00,0.0,0,1.869832280847135e-09,0,0.0
2025-06-19 01:00:00,0.0,0,6.184098705988504e-09,0,0.0
2025-06-19 02:00:00,0.0,0,1.2391565406443029e-08,0,0.0
2025-06-19 03:00:00,0.0,0,1.6727196545354085e-07,0,0.0
2025-06-19 04:00:00,0.0,0,3.6201110907649967e-07,0,0.0
2025-06-19 05:00:00,0.0,0,1.5237776057002037e-06,0,0.0
2025-06-19 06:00:00,0.0,0,2.9617333449973823e-06,0,0.0
2025-06-19 07:00:00,0.0,0,0.00010336307493032629,0,0.0
2025-06-19 08:00:00,0.0,0,0.001585789352888425,0,0.0
2025-06-19 09:00:00,0.0,0,0.007967186896102443,0,0.0
2025-06-19 10:00:00,0.0,0,0.09185213540893018,0,0.0
2025-06-19 11:00:00,0.0,0,0.11920264237017315,0,0.0
2025-06-19 12:00:00,0.0,0,0.2841508711631327,0,0.0
2025-06-19 13:00:00,0.0,0,0.008916478564853164,0,0.0
2025-06-19 14:00:00,0.0,0,0.003948293116747665,0,0.0
2025-06-19 15:00:00,0.0,0,0.00011877324766620285,0,0.0
2025-06-19 16:00:00,0.0,0,5.251802889611796e-06,0,0.0
2025-06-19 17:00:00,0.0,0,1.6521298221571356e-07,0,0.0
2025-06-19 18:00:00,0.0,0,3.349277445757843e-09,0,0.0
2025-06-19 19:00:00,0.0,0,1.4751623843174088e-09,0,0.0
2025-06-19 20:00:00,0.0,0,5.038470343324916e-10,0,0.0
2025-06-19 21:00:00,0.0,0,1.2369833868304977e-10,0,0.0
2025-06-19 22:00:00,0.0,0,9.888680031639564e-11,0,0.0
2025-06-19 23:00:00,0.0,0,5.618854064627633e-10,0,0.0
2025-06-20 00:00:00,0.0,0,8.642708937562471e-10,0,0.0
2025-06-20 01:00:00,0.0,0,4.768609357749019e-09,0,0.0
2025-06-20 02:00:00,0.0,0,2.016218541421379e-09,0,0.0
2025-06-20 03:00:00,0.0,0,3.156662829302357e-10,0,0.0
2025-06-20 04:00:00,0.0,0,2.685843747985172e-08,0,0.0
2025-06-20 05:00:00,0.0,0,3.9202572398221045e-08,0,0.0
2025-06-20 06:00:00,0.0,0,9.712305012856447e-08,0,0.0
2025-06-20 07:00:00,0.0,0,7.000229615634537e-07,0,0.0
2025-06-20 08:00:00,0.0,0,7.660895339757657e-06,0,0.0
2025-06-20 09:00:00,0.0,0,0.00036041641066396736,0,0.0
2025-06-20 10:00:00,0.0,0,0.18519304105252254,0,0.0
2025-06-20 11:00:00,0.0,0,0.2863634215381911,0,0.0
2025-06-20 12:00:00,0.0,0,0.3153228547158411,0,0.0
2025-06-20 13:00:00,0.0,0,0.07665216643650864,0,0.0
2025-06-20 14:00:00,0.0,0,0.004528602305323698,0,0.0
2025-06-20 15:00:00,0.0,0,0.0003012212714809803,0,0.0
2025-06-20 16:00:00,0.0,0,1.0100435006880882e-05,0,0.0
2025-06-20 17:00:00,0.0,0,3.488722895875641e-07,0,0.0
2025-06-20 18:00:00,0.0,0,4.346348398782532e-08,0,0.0
2025-06-20 19:00:00,0.0,0,1.0285407917272284e-08,0,0.0
2025-06-20 20:00:00,0.0,0,2.7433186681987783e-09,0,0.0
2025-06-20 21:00:00,0.0,0,5.796707847051197e-10,0,0.0
2025-06-20 22:00:00,0.0,0,6.426207851780402e-10,0,0.0
2025-06-20 23:00:00,0.0,0,8.200287246234835e-10,0,0.0
2025-06-21 00:00:00,0.0,0,1.0592414674989544e-09,0,0.0
2025-06-21 01:00:00,0.0,0,3.568627243983504e-09,0,0.0
2025-06-21 02:00:00,0.0,0,1.542151194945733e-08,0,0.0
2025-06-21 03:00:00,0.0,0,3.324598134348418e-08,0,0.0
2025-06-21 04:00:00,0.0,0,3.3211828397926586e-07,0,0.0
2025-06-21 05:00:00,0.0,0,1.1525558793464294e-06,0,0.0
2025-06-21 06:00:00,0.0,0,3.945065442811253e-06,0,0.0
2025-06-21 07:00:00,0.0,0,0.0009595665092372593,0,0.0
2025-06-21 08:00:00,0.0,0,0.019658969092182496,0,0.0
2025-06-21 09:00:00,0.0,0,0.0502053579309404,0,0.0
2025-06-21 10:00:00,1.5214939870533584,1,0.28265462959130516,0,0.0
2025-06-21 11:00:00,0.0,0,0.23310456392533782,0,0.0
2025-06-21 12:00:00,0.0,0,0.011351876893396833,0,0.0
2025-06-21 13:00:00,0.0,0,0.0024502581283809173,0,0.0
2025-06-21 14:00:00,0.0,0,0.0017141228704432626,0,0.0
2025-06-21 15:00:00,0.0,0,0.0001680284729391371,0,0.0
2025-06-21 16:00:00,0.0,0,9.617547612027843e-07,0,0.0
2025-06-21 17:00:00,0.0,0,3.207221415069019e-07,0,0.0
2025-06-21 18:00:00,0.0,0,3.726031882679196e-08,0,0.0
2025-06-21 19:00:00,0.0,0,1.0664478219009213e-08,0,0.0
2025-06-21 20:00:00,0.0,0,2.988811627982362e-09,0,0.0
2025-06-21 21:00:00,0.0,0,1.674240225444525e-09,0,0.0
2025-06-21 22:00:00,0.0,0,4.4563406795249376e-10,0,0.0
2025-06-21 23:00:00,0.0,0,1.5345552140032135e-10,0,0.0
2025-06-22 00:00:00,0.0,0,1.0625978516864552e-09,0,0.0
2025-06-22 01:00:00,0.0,0,1.347546786424084e-09,0,0.0
2025-06-22 02:00:00,0.0,0,6.007735616848942e-09,0,0.0
2025-06-22 03:00:00,0.0,0,3.558722334663032e-08,0,0.0
2025-06-22 04:00:00,0.0,0,3.121849146135206e-07,0,0.0
2025-06-22 05:00:00,0.0,0,7.795746748784871e-07,0,0.0
2025-06-22 06:00:00,0.0,0,7.80845575597731e-06,0,0.0
2025-06-22 07:00:00,0.0,0,0.0005398297444014626,0,0.0
2025-06-22 08:00:00,0.0,0,0.0038489302396678385,0,0.0
2025-06-22 09:00:00,0.0,0,0.00083290485399183,0,0.0
2025-06-22 10:00:00,0.0,0,0.000435009322267907,0,0.0
2025-06-22 11:00:00,0.0,0,7.478465577653859e-05,0,0.0
2025-06-22 12:00:00,0.0,0,0.00019325195211322176,0,0.0
2025-06-22 13:00:00,0.0,0,2.991308616525894e-05,0,0.0
2025-06-22 14:00:00,4.862809311470962,1,0.08947344980708925,0,0.0
2025-06-22 15:00:00,0.0,0,0.0007094183556140997,0,0.0
2025-06-22 16:00:00,0.0,0,1.9775753108041237e-05,0,0.0
2025-06-22 17:00:00,0.0,0,8.252777306303203e-07,0,0.0
2025-06-22 18:00:00,0.0,0,1.0614121374523964e-07,0,0.0
2025-06-22 19:00:00,0.0,0,2.9185851357761143e-08,0,0.0
2025-06-22 20:00:00,0.0,0,8.085824868554017e-09,0,0.0
2025-06-22 21:00:00,0.0,0,3.055431777546049e-09,0,0.0
2025-06-22 22:00:00,0.0,0,1.326740533603883e-09,0,0.0
2025-06-22 23:00:00,0.0,0,4.3281516304411105e-10,0,0.0
2025-06-23 00:00:00,0.0,0,1.784584902146012e-10,0,0.0
2025-06-23 01:00:00,0.0,0,2.1473951039039664e-10,0,0.0
2025-06-23 02:00:00,0.0,0,8.981766057007404e-10,0,0.0
2025-06-23 03:00:00,0.0,0,6.2220499788984104e-09,0,0.0
2025-06-23 04:00:00,0.0,0,2.0076823740669708e-08,0,0.0
2025-06-23 05:00:00,0.0,0,6.599710026628977e-08,0,0.0
2025-06-23 06:00:00,0.0,0,3.996503886567056e-07,0,0.0
2025-06-23 07:00:00,0.0,0,4.983454703538635e-05,0,0.0
2025-06-23 08:00:00,0.0,0,0.0012788296592572662,0,0.0
2025-06-23 09:00:00,0.0,0,0.012264552094608841,0,0.0
2025-06-23 10:00:00,0.0,0,0.0030197189707745226,0,0.0
2025-06-23 11:00:00,0.0,0,0.0009221018376982444,0,0.0
2025-06-23 12:00:00,0.0,0,0.0007054771559706979,0,0.0
2025-06-23 13:00:00,0.0,0,3.808918191362442e-05,0,0.0
2025-06-23 14:00:00,0.0,0,3.858498056860284e-05,0,0.0
2025-06-23 15:00:00,0.0,0,4.8911166627323415e-06,0,0.0
2025-06-23 16:00:00,0.0,0,3.1891456261483475e-08,0,0.0
2025-06-23 17:00:00,0.0,0,2.9722821029690203e-09,0,0.0
2025-06-23 18:00:00,0.0,0,7.370907097385872e-10,0,0.0
2025-06-23 19:00:00,0.0,0,1.8768081701664253e-10,0,0.0
2025-06-23 20:00:00,0.0,0,1.2804250111136715e-10,0,0.0
2025-06-23 21:00:00,0.0,0,1.0606247060206355e-11,0,0.0
2025-06-23 22:00:00,0.0,0,6.698794158003613e-12,0,0.0
2025-06-23 23:00:00,0.0,0,2.9877805863635196e-11,0,0.0
2025-06-24 00:00:00,0.0,0,5.254677186307501e-11,0,0.0
2025-06-24 01:00:00,0.0,0,1.3745313357627656e-10,0,0.0
2025-06-24 02:00:00,0.0,0,9.924640190735716e-11,0,0.0
2025-06-24 03:00:00,0.0,0,5.282447889054913e-10,0,0.0
2025-06-24 04:00:00,0.0,0,1.0180377472794777e-09,0,0.0
2025-06-24 05:00:00,0.0,0,1.5332808706794685e-09,0,0.0
2025-06-24 06:00:00,0.0,0,2.5370543265176564e-08,0,0.0
2025-06-24 07:00:00,0.0,0,5.877717363703855e-07,0,0.0
2025-06-24 08:00:00,0.0,0,6.16522303356175e-06,0,0.0
2025-06-24 09:00:00,0.0,0,2.9619327850674854e-05,0,0.0
2025-06-24 10:00:00,6.345662922839364,1,0.07018396070377152,0,0.0
2025-06-24 11:00:00,0.0,0,0.08195867069784234,0,0.0
2025-06-24 12:00:00,0.0,0,0.010909583014854925,0,0.0
2025-06-24 13:00:00,0.0,0,0.028358972669970055,0,0.0
2025-06-24 14:00:00,0.0,0,0.0006421053302364063,0,0.0
2025-06-24 15:00:00,0.0,0,0.00015326680615047197,0,0.0
2025-06-24 16:00:00,0.0,0,5.266408367423649e-06,0,0.0
2025-06-24 17:00:00,0.0,0,2.9399396307374955e-07,0,0.0
2025-06-24 18:00:00,0.0,0,5.1799233514873355e-08,0,0.0
2025-06-24 19:00:00,0.0,0,6.486569550156473e-09,0,0.0
2025-06-24 20:00:00,0.0,0,6.26494238036071e-10,0,0.0
2025-06-24 21:00:00,0.0,0,6.439708926493756e-10,0,0.0
2025-06-24 22:00:00,0.0,0,3.231399342891585e-10,0,0.0
2025-06-24 23:00:00,0.0,0,2.2419036366156493e-10,0,0.0
2025-06-25 00:00:00,0.0,0,8.498587475343742e-10,0,0.0
2025-06-25 01:00:00,0.0,0,1.1007708854952943e-09,0,0.0
2025-06-25 02:00:00,0.0,0,3.5372153350978678e-09,0,0.0
2025-06-25 03:00:00,0.0,0,5.703355264077295e-09,0,0.0
2025-06-25 04:00:00,0.0,0,1.8535895684447135e-08,0,0.0
2025-06-25 05:00:00,0.0,0,3.701747570848049e-08,0,0.0
2025-06-25 06:00:00,0.0,0,2.679154559902192e-07,0,0.0
2025-06-25 07:00:00,0.0,0,1.467797902925834e-05,0,0.0
2025-06-25 08:00:00,0.0,0,0.0006046525749156769,0,0.0
2025-06-25 09:00:00,0.0,0,0.004900426371022847,0,0.0
2025-06-25 10:00:00,0.0,0,0.041548646658180394,0,0.0
2025-06-25 11:00:00,0.0,0,0.011982496388991775,0,0.0
2025-06-25 12:00:00,0.0,0,0.08315464558366076,0,0.0
2025-06-25 13:00:00,0.0,0,0.004332231138246568,0,0.0
2025-06-25 14:00:00,0.0,0,0.00460510039929072,0,0.0
2025-06-25 15:00:00,0.0,0,0.00014245240754524204,0,0.0
2025-06-25 16:00:00,0.0,0,4.25816151225445e-06,0,0.0
2025-06-25 17:00:00,0.0,0,1.3325074476016586e-07,0,0.0
2025-06-25 18:00:00,0.0,0,2.729261206347628e-08,0,0.0
2025-06-25 19:00:00,0.0,0,9.875009029430663e-09,0,0.0
2025-06-25 20:00:00,0.0,0,4.4797990451141593e-10,0,0.0
2025-06-25 21:00:00,0.0,0,6.171429382697929e-10,0,0.0
2025-06-25 22:00:00,0.0,0,1.78265475930997e-10,0,0.0
2025-06-25 23:00:00,0.0,0,4.0120043805287714e-10,0,0.0
2025-06-26 00:00:00,0.0,0,1.3958737397313377e-10,0,0.0
2025-06-26 01:00:00,0.0,0,3.317310619161813e-10,0,0.0
2025-06-26 02:00:00,0.0,0,1.1523687370173714e-09,0,0.0
2025-06-26 03:00:00,0.0,0,7.689530935592472e-12,0,0.0
2025-06-26 04:00:00,0.0,0,2.276205156939478e-09,0,0.0
2025-06-26 05:00:00,0.0,0,2.1094602640472202e-10,0,0.0
2025-06-26 06:00:00,0.0,0,1.0296674246449618e-10,0,0.0
2025-06-26 07:00:00,0.0,0,4.6543283780268626e-10,0,0.0
2025-06-26 08:00:00,0.0,0,1.99288467867452e-08,0,0.0
2025-06-26 09:00:00,0.0,0,3.424786038466733e-06,0,0.0
2025-06-26 10:00:00,0.0,0,1.4528073292574657e-05,0,0.0
2025-06-26 11:00:00,0.0,0,0.0002542064532109111,0,0.0
2025-06-26 12:00:00,0.0,0,7.600442098093865e-06,0,0.0
2025-06-26 13:00:00,0.0,0,1.9760272065990224e-05,0,0.0
2025-06-26 14:00:00,0.0,0,1.6417802119120354e-05,0,0.0
2025-06-26 15:00:00,0.0,0,8.085215907228113e-07,0,0.0
2025-06-26 16:00:00,0.0,0,3.5893842679062645e-09,0,0.0
2025-06-26 17:00:00,0.0,0,8.835654107347696e-12,0,0.0
2025-06-26 18:00:00,0.0,0,7.765686495520094e-12,0,0.0
2025-06-26 19:00:00,0.0,0,4.668392203707061e-12,0,0.0
2025-06-26 20:00:00,0.0,0,6.539259692956375e-13,0,0.0
2025-06-26 21:00:00,0.0,0,1.837424562148509e-11,0,0.0
2025-06-26 22:00:00,0.0,0,4.852683039276656e-12,0,0.0
2025-06-26 23:00:00,0.0,0,2.395904432033764e-12,0,0.0
2025-06-27 00:00:00,0.0,0,9.368415090355242e-12,0,0.0
2025-06-27 01:00:00,0.0,0,1.6154103029222434e-12,0,0.0
2025-06-27 02:00:00,0.0,0,8.74391434036622e-12,0,0.0
2025-06-27 03:00:00,0.0,0,8.369156369037996e-11,0,0.0
2025-06-27 04:00:00,0.0,0,1.335249597582216e-10,0,0.0
2025-06-27 05:00:00,0.0,0,2.019372765578947e-11,0,0.0
2025-06-27 06:00:00,0.0,0,2.4438185970017948e-11,0,0.0
2025-06-27 07:00:00,0.0,0,7.054113835402903e-10,0,0.0
2025-06-27 08:00:00,0.0,0,8.40435051924582e-10,0,0.0
2025-06-27 09:00:00,0.0,0,3.638679935073754e-05,0,0.0
2025-06-27 10:00:00,0.0,0,0.0013702366235737017,0,0.0
2025-06-27 11:00:00,0.0,0,0.0002067128648436191,0,0.0
2025-06-27 12:00:00,0.0,0,0.0016597997470085661,0,0.0
2025-06-27 13:00:00,0.0,0,0.00012336443553865936,0,0.0
2025-06-27 14:00:00,0.0,0,3.422033149237566e-05,0,0.0
2025-06-27 15:00:00,0.0,0,1.5473289722234955e-05,0,0.0
2025-06-27 16:00:00,0.0,0,3.1184454158718307e-07,0,0.0
2025-06-27 17:00:00,0.0,0,7.072796443955214e-10,0,0.0
2025-06-27 18:00:00,0.0,0,1.224902664938876e-09,0,0.0
2025-06-27 19:00:00,0.0,0,2.0037409508700637e-10,0,0.0
2025-06-27 20:00:00,0.0,0,5.940854432980615e-10,0,0.0
2025-06-27 21:00:00,0.0,0,4.284098006266888e-11,0,0.0
2025-06-27 22:00:00,0.0,0,4.09267886479574e-12,0,0.0
2025-06-27 23:00:00,0.0,0,2.3845960683152875e-11,0,0.0
2025-06-28 00:00:00,0.0,0,1.7631762170853829e-10,0,0.0
2025-06-28 01:00:00,0.0,0,3.200204396771669e-12,0,0.0
2025-06-28 02:00:00,0.0,0,2.2877465074025725e-10,0,0.0
2025-06-28 03:00:00,0.0,0,1.3106062412883745e-10,0,0.0
2025-06-28 04:00:00,0.0,0,7.093956140097041e-11,0,0.0
2025-06-28 05:00:00,0.0,0,2.2408856499656813e-11,0,0.0
2025-06-28 06:00:00,0.0,0,8.796744263233099e-11,0,0.0
2025-06-28 07:00:00,0.0,0,1.1346856017921135e-09,0,0.0
2025-06-28 08:00:00,0.0,0,1.3692719894698186e-08,0,0.0
2025-06-28 09:00:00,0.0,0,1.8599739101008151e-06,0,0.0
2025-06-28 10:00:00,0.0,0,3.4435741903182014e-05,0,0.0
2025-06-28 11:00:00,0.0,0,1.871286930112633e-05,0,0.0
2025-06-28 12:00:00,0.0,0,3.922677349089242e-07,0,0.0
2025-06-28 13:00:00,0.0,0,3.306787046158163e-05,0,0.0
2025-06-28 14:00:00,0.0,0,2.630114023145845e-05,0,0.0
2025-06-28 15:00:00,0.0,0,1.0045539847710978e-07,0,0.0
2025-06-28 16:00:00,0.0,0,2.6790061863357584e-10,0,0.0
2025-06-28 17:00:00,0.0,0,5.38822472673065e-11,0,0.0
2025-06-28 18:00:00,0.0,0,1.8672398871553805e-11,0,0.0
2025-06-28 19:00:00,0.0,0,1.0301127321053877e-12,0,0.0
2025-06-28 20:00:00,0.0,0,6.163615792636838e-13,0,0.0
2025-06-28 21:00:00,0.0,0,6.109442502619349e-14,0,0.0
2025-06-28 22:00:00,0.0,0,1.2218333572474398e-13,0,0.0
2025-06-28 23:00:00,0.0,0,5.5157293574134075e-12,0,0.0
2025-06-29 00:00:00,0.0,0,9.20691128850964e-12,0,0.0
2025-06-29 01:00:00,0.0,0,1.3377785438920943e-10,0,0.0
2025-06-29 02:00:00,0.0,0,4.545438178792177e-12,0,0.0
2025-06-29 03:00:00,0.0,0,3.8140563781518426e-11,0,0.0
2025-06-29 04:00:00,0.0,0,4.707326437262465e-13,0,0.0
2025-06-29 05:00:00,0.0,0,3.370551821475698e-11,0,0.0
2025-06-29 06:00:00,0.0,0,1.820018065918206e-10,0,0.0
2025-06-29 07:00:00,0.0,0,5.4209304016943746e-08,0,0.0
2025-06-29 08:00:00,0.0,0,7.371251038956359e-06,0,0.0
2025-06-29 09:00:00,0.0,0,6.622813134732697e-05,0,0.0
2025-06-29 10:00:00,0.0,0,0.1934316753388817,0,0.0
2025-06-29 11:00:00,0.0,0,0.003509034565860207,0,0.0
2025-06-29 12:00:00,0.0,0,0.3829985995252407,0,0.0
2025-06-29 13:00:00,0.0,0,0.11539964805923424,0,0.0
2025-06-29 14:00:00,0.0,0,0.1332245815182331,0,0.0
2025-06-29 15:00:00,0.0,0,0.010912869383825987,0,0.0
2025-06-29 16:00:00,0.0,0,9.966997002373169e-05,0,0.0
2025-06-29 17:00:00,0.0,0,1.729029725481287e-07,0,0.0
2025-06-29 18:00:00,0.0,0,4.571704228481104e-08,0,0.0
2025-06-29 19:00:00,0.0,0,3.1932551603377086e-09,0,0.0
2025-06-29 20:00:00,0.0,0,3.970165512962051e-10,0,0.0
2025-06-29 21:00:00,0.0,0,2.4936370787481113e-10,0,0.0
2025-06-29 22:00:00,0.0,0,4.4986262463637213e-11,0,0.0
2025-06-29 23:00:00,0.0,0,6.536725035333801e-11,0,0.0
2025-06-30 00:00:00,0.0,0,1.9975892612936518e-10,0,0.0
2025-06-30 01:00:00,0.0,0,1.4119191188481882e-10,0,0.0
2025-06-30 02:00:00,0.0,0,2.0161181140402557e-10,0,0.0
2025-06-30 03:00:00,0.0,0,5.005558910373116e-10,0,0.0
2025-06-30 04:00:00,0.0,0,1.07273778248914e-08,0,0.0
2025-06-30 05:00:00,0.0,0,2.891929068522666e-09,0,0.0
2025-06-30 06:00:00,0.0,0,1.6533129157835365e-09,0,0.0
2025-06-30 07:00:00,0.0,0,1.9841229666891542e-07,0,0.0
2025-06-30 08:00:00,0.0,0,1.3135583616355733e-06,0,0.0
2025-06-30 09:00:00,0.0,0,0.0004645271488459581,0,0.0
2025-06-30 10:00:00,0.0,0,0.0044051501065330905,0,0.0
2025-06-30 11:00:00,0.0,0,0.00017228307456119935,0,0.0
2025-06-30 12:00:00,0.0,0,0.034834112600857156,0,0.0
2025-06-30 13:00:00,0.0,0,0.05620292230329925,0,0.0
2025-06-30 14:00:00,0.0,0,0.0009962408558078749,0,0.0
2025-06-30 15:00:00,0.0,0,0.0015124027117925463,0,0.0
2025-06-30 16:00:00,0.0,0,3.882046955050173e-05,0,0.0
2025-06-30 17:00:00,0.0,0,8.13131113815983e-07,0,0.0
2025-06-30 18:00:00,0.0,0,4.8917463405327585e-08,0,0.0
2025-06-30 19:00:00,0.0,0,4.015932975518247e-08,0,0.0
2025-06-30 20:00:00,0.0,0,6.855746233980251e-09,0,0.0
2025-06-30 21:00:00,0.0,0,1.351021615367702e-09,0,0.0
2025-06-30 22:00:00,0.0,0,4.5682933453615304e-10,0,0.0
2025-06-30 23:00:00,0.0,0,5.133302304752168e-10,0,0.0
2025-07-01 00:00:00,0.0,0,8.672442793108054e-10,0,0.0
2025-07-01 01:00:00,0.0,0,1.5718313485822221e-09,0,0.0
2025-07-01 02:00:00,0.0,0,9.6929818033052e-09,0,0.0
2025-07-01 03:00:00,0.0,0,5.691968432479084e-09,0,0.0
2025-07-01 04:00:00,0.0,0,3.508331282609564e-08,0,0.0
2025-07-01 05:00:00,0.0,0,3.303576051221255e-08,0,0.0
2025-07-01 06:00:00,0.0,0,1.9886055617940685e-07,0,0.0
2025-07-01 07:00:00,0.0,0,1.513214796277909e-06,0,0.0
2025-07-01 08:00:00,0.0,0,0.00043230120728204863,0,0.0
2025-07-01 09:00:00,0.0,0,0.006636558565285346,0,0.0
2025-07-01 10:00:00,0.0,0,0.07746910298174639,0,0.0
2025-07-01 11:00:00,0.0,0,0.24394523429529003,0,0.0
2025-07-01 12:00:00,0.0,0,0.19029175268548565,0,0.0
2025-07-01 13:00:00,0.0,0,0.036180471942755636,0,0.0
2025-07-01 14:00:00,0.0,0,0.004555724466017174,0,0.0
2025-07-01 15:00:00,0.0,0,0.00027167279363425183,0,0.0
2025-07-01 16:00:00,0.0,0,3.30252058233965e-05,0,0.0
2025-07-01 17:00:00,0.0,0,7.105720806014345e-07,0,0.0
2025-07-01 18:00:00,0.0,0,1.1530051451156321e-07,0,0.0
2025-07-01 19:00:00,0.0,0,2.3572951823972763e-08,0,0.0
2025-07-01 20:00:00,0.0,0,3.6860162638092883e-09,0,0.0
2025-07-01 21:00:00,0.0,0,9.724558196229154e-10,0,0.0
2025-07-01 22:00:00,0.0,0,2.198277938563743e-10,0,0.0
2025-07-01 23:00:00,0.0,0,2.742948800254205e-10,0,0.0
2025-07-02 00:00:00,0.0,0,4.747175153710752e-10,0,0.0
2025-07-02 01:00:00,0.0,0,1.2879945548971464e-09,0,0.0
2025-07-02 02:00:00,0.0,0,3.4716469019503475e-09,0,0.0
2025-07-02 03:00:00,0.0,0,1.746651520773393e-08,0,0.0
2025-07-02 04:00:00,0.0,0,2.5338425167572013e-08,0,0.0
2025-07-02 05:00:00,0.0,0,1.1994716540740254e-07,0,0.0
2025-07-02 06:00:00,0.0,0,8.727304134638455e-07,0,0.0
2025-07-02 07:00:00,0.0,0,1.1001729588606449e-05,0,0.0
2025-07-02 08:00:00,0.0,0,0.0019781327123718257,0,0.0
2025-07-02 09:00:00,0.0,0,0.10256071296646042,0,0.0
2025-07-02 10:00:00,1.879218194585964,1,0.2683623723928514,0,0.0
2025-07-02 11:00:00,0.0,0,0.24571287996104935,0,0.0
2025-07-02 12:00:00,0.0,0,0.09116466017890408,0,0.0
2025-07-02 13:00:00,0.0,0,0.054566150334103766,0,0.0
2025-07-02 14:00:00,0.0,0,0.022635392014129077,0,0.0
2025-07-02 15:00:00,0.0,0,0.0005593852597393173,0,0.0
2025-07-02 16:00:00,0.0,0,3.886817012682063e-05,0,0.0
2025-07-02 17:00:00,0.0,0,7.773737852267614e-07,0,0.0
2025-07-02 18:00:00,0.0,0,6.484000849922315e-08,0,0.0
2025-07-02 19:00:00,0.0,0,9.405113679149331e-09,0,0.0
2025-07-02 20:00:00,0.0,0,1.1065709831520648e-09,0,0.0
2025-07-02 21:00:00,0.0,0,3.644773487795509e-10,0,0.0
2025-07-02 22:00:00,0.0,0,3.956368195836174e-11,0,0.0
2025-07-02 23:00:00,0.0,0,8.202120486859283e-11,0,0.0
2025-07-03 00:00:00,0.0,0,4.408381244313146e-11,0,0.0
2025-07-03 01:00:00,0.0,0,1.9890194148470955e-10,0,0.0
2025-07-03 02:00:00,0.0,0,6.685941713378539e-10,0,0.0
2025-07-03 03:00:00,0.0,0,2.3329100827573217e-09,0,0.0
2025-07-03 04:00:00,0.0,0,4.758175638985613e-09,0,0.0
2025-07-03 05:00:00,0.0,0,2.1627111619596072e-08,0,0.0
2025-07-03 06:00:00,0.0,0,6.29123431406033e-09,0,0.0
2025-07-03 07:00:00,0.0,0,4.160133845563018e-07,0,0.0
2025-07-03 08:00:00,0.0,0,1.23824115200701e-05,0,0.0
2025-07-03 09:00:00,0.0,0,0.0036615650199270542,0,0.0
2025-07-03 10:00:00,0.0,0,0.19419080717078963,0,0.0
2025-07-03 11:00:00,0.0,0,0.2225170774753754,0,0.0
2025-07-03 12:00:00,0.0,0,0.04113215815425868,0,0.0
2025-07-03 13:00:00,0.0,0,0.13697866059275854,0,0.0
2025-07-03 14:00:00,0.0,0,0.04457780476493824,0,0.0
2025-07-03 15:00:00,0.0,0,0.0006503839028518634,0,0.0
2025-07-03 16:00:00,0.0,0,5.085128889520259e-05,0,0.0
2025-07-03 17:00:00,0.0,0,4.604038264028345e-07,0,0.0
2025-07-03 18:00:00,0.0,0,1.4739077520208902e-07,0,0.0
2025-07-03 19:00:00,0.0,0,2.6373863053982162e-08,0,0.0
2025-07-03 20:00:00,0.0,0,3.4642574182804775e-09,0,0.0
2025-07-03 21:00:00,0.0,0,1.0785692596288643e-09,0,0.0
2025-07-03 22:00:00,0.0,0,5.915549950582725e-10,0,0.0
2025-07-03 23:00:00,0.0,0,4.741211131245527e-10,0,0.0
2025-07-04 00:00:00,0.0,0,6.557334833520383e-10,0,0.0
2025-07-04 01:00:00,0.0,0,2.260720453909982e-09,0,0.0
2025-07-04 02:00:00,0.0,0,6.579745065641997e-09,0,0.0
2025-07-04 03:00:00,0.0,0,3.1692390998248224e-09,0,0.0
2025-07-04 04:00:00,0.0,0,1.8028906159036026e-08,0,0.0
2025-07-04 05:00:00,0.0,0,1.8821912735185595e-08,0,0.0
2025-07-04 06:00:00,0.0,0,7.477196136920434e-11,0,0.0
2025-07-04 07:00:00,0.0,0,5.705214868436317e-09,0,0.0
2025-07-04 08:00:00,0.0,0,1.941380820226746e-07,0,0.0
2025-07-04 09:00:00,0.0,0,2.091746289227597e-06,0,0.0
2025-07-04 10:00:00,0.0,0,6.290699122474549e-06,0,0.0
2025-07-04 11:00:00,0.0,0,0.0019285039533839126,0,0.0
2025-07-04 12:00:00,0.0,0,0.0014637762980919014,0,0.0
2025-07-04 13:00:00,0.0,0,0.00026083013476349066,0,0.0
2025-07-04 14:00:00,0.0,0,5.6187602730767995e-05,0,0.0
2025-07-04 15:00:00,0.0,0,5.028029894624444e-06,0,0.0
2025-07-04 16:00:00,0.0,0,9.68093018657102e-07,0,0.0
2025-07-04 17:00:00,0.0,0,1.8196771980004447e-09,0,0.0
2025-07-04 18:00:00,0.0,0,3.2870604195655614e-08,0,0.0
2025-07-04 19:00:00,0.0,0,1.3741912517360906e-09,0,0.0
2025-07-04 20:00:00,0.0,0,3.822663110732963e-09,0,0.0
2025-07-04 21:00:00,0.0,0,4.593135430343435e-11,0,0.0
2025-07-04 22:00:00,0.0,0,6.588591803860236e-11,0,0.0
2025-07-04 23:00:00,0.0,0,1.871444512152427e-11,0,0.0
2025-07-05 00:00:00,0.0,0,2.527561417614903e-10,0,0.0
2025-07-05 01:00:00,0.0,0,1.0354759695596314e-09,0,0.0
2025-07-05 02:00:00,0.0,0,3.9998135753188895e-10,0,0.0
2025-07-05 03:00:00,0.0,0,9.945622100251581e-10,0,0.0
2025-07-05 04:00:00,0.0,0,2.0282771436016405e-10,0,0.0
2025-07-05 05:00:00,0.0,0,2.266358042842205e-10,0,0.0
2025-07-05 06:00:00,0.0,0,4.639350425151577e-09,0,0.0
2025-07-05 07:00:00,0.0,0,3.2515989539858134e-08,0,0.0
2025-07-05 08:00:00,0.0,0,7.061793134078632e-07,0,0.0
2025-07-05 09:00:00,0.0,0,2.6049764474381653e-05,0,0.0
2025-07-05 10:00:00,0.0,0,0.0008913500842246976,0,0.0
2025-07-05 11:00:00,0.0,0,0.00029565631311616076,0,0.0
2025-07-05 12:00:00,0.0,0,0.00950696596145451,0,0.0
2025-07-05 13:00:00,0.0,0,0.004529472427515032,0,0.0
2025-07-05 14:00:00,0.0,0,0.0001973387149026461,0,0.0
2025-07-05 15:00:00,0.0,0,1.1167819459237463e-05,0,0.0
2025-07-05 16:00:00,0.0,0,2.6190453352966623e-07,0,0.0
2025-07-05 17:00:00,0.0,0,6.217464672842481e-10,0,0.0
2025-07-05 18:00:00,0.0,0,6.180092439698716e-10,0,0.0
2025-07-05 19:00:00,0.0,0,6.313301065104239e-11,0,0.0
2025-07-05 20:00:00,0.0,0,2.7821420681549478e-11,0,0.0
2025-07-05 21:00:00,0.0,0,3.658162714531594e-12,0,0.0
2025-07-05 22:00:00,0.0,0,3.738685760748604e-11,0,0.0
2025-07-05 23:00:00,0.0,0,8.03072749272759e-12,0,0.0
2025-07-06 00:00:00,0.0,0,2.918313039931323e-11,0,0.0
2025-07-06 01:00:00,0.0,0,1.1271360159867491e-10,0,0.0
2025-07-06 02:00:00,0.0,0,2.1458664930250748e-10,0,0.0
2025-07-06 03:00:00,0.0,0,5.628990160470166e-11,0,0.0
2025-07-06 04:00:00,0.0,0,5.760876907717316e-12,0,0.0
2025-07-06 05:00:00,0.0,0,7.032177486112317e-11,0,0.0
2025-07-06 06:00:00,0.0,0,8.28225722828511e-11,0,0.0
2025-07-06 07:00:00,0.0,0,4.761372249757739e-10,0,0.0
2025-07-06 08:00:00,0.0,0,1.0357242136842e-08,0,0.0
2025-07-06 09:00:00,0.0,0,4.7325688989777245e-08,0,0.0
2025-07-06 10:00:00,0.0,0,2.0114255407362664e-08,0,0.0
2025-07-06 11:00:00,0.0,0,1.0509886860988431e-07,0,0.0
2025-07-06 12:00:00,0.0,0,2.035894989401806e-07,0,0.0
2025-07-06 13:00:00,0.0,0,4.48896837858249e-08,0,0.0
2025-07-06 14:00:00,0.0,0,9.05451514634586e-10,0,0.0
2025-07-06 15:00:00,0.0,0,1.0692479992219681e-10,0,0.0
2025-07-06 16:00:00,0.0,0,6.931524422148049e-14,0,0.0
2025-07-06 17:00:00,0.0,0,1.0247951242880961e-15,0,0.0
2025-07-06 18:00:00,0.0,0,1.35687744769265e-14,0,0.0
2025-07-06 19:00:00,0.0,0,1.445253524016522e-15,0,0.0
2025-07-06 20:00:00,0.0,0,2.1693335643798523e-16,0,0.0
2025-07-06 21:00:00,0.0,0,3.942466497923394e-17,0,0.0
2025-07-06 22:00:00,0.0,0,2.5249577782500314e-14,0,0.0
2025-07-06 23:00:00,0.0,0,1.5300182122640216e-15,0,0.0
2025-07-07 00:00:00,0.0,0,3.2825498755919355e-14,0,0.0
2025-07-07 01:00:00,0.0,0,1.4288640087123156e-16,0,0.0
2025-07-07 02:00:00,0.0,0,4.547923180574901e-16,0,0.0
2025-07-07 03:00:00,0.0,0,7.18141868837894e-17,0,0.0
2025-07-07 04:00:00,0.0,0,5.9263000966454225e-16,0,0.0
2025-07-07 05:00:00,0.0,0,5.609233213193774e-16,0,0.0
2025-07-07 06:00:00,0.0,0,3.41050145012474e-16,0,0.0
2025-07-07 07:00:00,0.0,0,1.837414283972489e-15,0,0.0
2025-07-07 08:00:00,0.0,0,3.030071362575637e-14,0,0.0
2025-07-07 09:00:00,0.0,0,1.5684537802948875e-13,0,0.0
2025-07-07 10:00:00,0.0,0,3.9611062307886646e-12,0,0.0
2025-07-07 11:00:00,0.0,0,8.378217307118055e-11,0,0.0
2025-07-07 12:00:00,0.0,0,1.796881861195833e-11,0,0.0
2025-07-07 13:00:00,0.0,0,1.229463153480583e-11,0,0.0
2025-07-07 14:00:00,0.0,0,2.0275183048650967e-10,0,0.0
2025-07-07 15:00:00,0.0,0,1.118623967376295e-11,0,0.0
2025-07-07 16:00:00,0.0,0,5.168841967407502e-13,0,0.0
2025-07-07 17:00:00,0.0,0,1.2058112350904477e-12,0,0.0
2025-07-07 18:00:00,0.0,0,1.1563431690367925e-14,0,0.0
2025-07-07 19:00:00,0.0,0,1.0341638004601703e-14,0,0.0
2025-07-07 20:00:00,0.0,0,1.0659447646653615e-14,0,0.0
2025-07-07 21:00:00,0.0,0,1.2213697516071645e-15,0,0.0
2025-07-07 22:00:00,0.0,0,8.356822837260992e-15,0,0.0
2025-07-07 23:00:00,0.0,0,2.691186157928897e-14,0,0.0
2025-07-08 00:00:00,0.0,0,9.968609185220814e-15,0,0.0
2025-07-08 01:00:00,0.0,0,5.535878478611287e-15,0,0.0
2025-07-08 02:00:00,0.0,0,3.6513709050957975e-15,0,0.0
2025-07-08 03:00:00,0.0,0,6.73856452453733e-16,0,0.0
2025-07-08 04:00:00,0.0,0,6.579030206595585e-16,0,0.0
2025-07-08 05:00:00,0.0,0,5.358956228643032e-15,0,0.0
2025-07-08 06:00:00,0.0,0,4.63641854860603e-15,0,0.0
2025-07-08 07:00:00,0.0,0,8.785379679996008e-13,0,0.0
2025-07-08 08:00:00,0.0,0,2.137874903315585e-09,0,0.0
2025-07-08 09:00:00,0.0,0,1.2058347558006896e-07,0,0.0
2025-07-08 10:00:00,0.0,0,1.3897025583528738e-08,0,0.0
2025-07-08 11:00:00,0.0,0,2.08379817692222e-06,0,0.0
2025-07-08 12:00:00,0.0,0,7.699399077923483e-08,0,0.0
2025-07-08 13:00:00,0.0,0,4.3443047819836263e-05,0,0.0
2025-07-08 14:00:00,0.0,0,1.8856567942987002e-06,0,0.0
2025-07-08 15:00:00,0.0,0,2.519552951009403e-06,0,0.0
2025-07-08 16:00:00,0.0,0,1.4727619844269682e-07,0,0.0
2025-07-08 17:00:00,0.0,0,3.297385658731819e-10,0,0.0
2025-07-08 18:00:00,0.0,0,5.07159828068832e-12,0,0.0
2025-07-08 19:00:00,0.0,0,1.3273371558332068e-11,0,0.0
2025-07-08 20:00:00,0.0,0,7.942105876945372e-13,0,0.0
2025-07-08 21:00:00,0.0,0,2.1236061451033504e-12,0,0.0
2025-07-08 22:00:00,0.0,0,5.661831461560307e-14,0,0.0
2025-07-08 23:00:00,0.0,0,1.2345189048644014e-12,0,0.0
2025-07-09 00:00:00,0.0,0,6.888939809559816e-14,0,0.0
2025-07-09 01:00:00,0.0,0,8.554915381153759e-13,0,0.0
2025-07-09 02:00:00,0.0,0,6.649187097343249e-12,0,0.0
2025-07-09 03:00:00,0.0,0,6.5364470123278305e-12,0,0.0
2025-07-09 04:00:00,0.0,0,9.50519330486299e-13,0,0.0
2025-07-09 05:00:00,0.0,0,1.3552011994712313e-11,0,0.0
2025-07-09 06:00:00,0.0,0,1.976438007520614e-11,0,0.0
2025-07-09 07:00:00,0.0,0,2.0698536525927046e-07,0,0.0
2025-07-09 08:00:00,0.0,0,0.00013296638428596832,0,0.0
2025-07-09 09:00:00,0.0,0,0.005916546565195962,0,0.0
2025-07-09 10:00:00,0.0,0,0.3555912141617771,0,0.0
2025-07-09 11:00:00,0.0,0,0.2185238814440384,0,0.0
2025-07-09 12:00:00,0.0,0,0.3310029183858607,0,0.0
2025-07-09 13:00:00,0.0,0,0.4334934131239777,0,0.0
2025-07-09 14:00:00,0.0,0,0.0934021182156944,0,0.0
2025-07-09 15:00:00,0.0,0,0.0010255844887707745,0,0.0
2025-07-09 16:00:00,0.0,0,1.817384055545066e-05,0,0.0
2025-07-09 17:00:00,0.0,0,2.495655290028938e-07,0,0.0
2025-07-09 18:00:00,0.0,0,5.2863686316789054e-08,0,0.0
2025-07-09 19:00:00,0.0,0,7.069508415665823e-09,0,0.0
2025-07-09 20:00:00,0.0,0,1.2439050324133742e-09,0,0.0
2025-07-09 21:00:00,0.0,0,6.123471660532738e-10,0,0.0
2025-07-09 22:00:00,0.0,0,3.8053387216595994e-11,0,0.0
2025-07-09 23:00:00,0.0,0,5.933781690419257e-11,0,0.0
2025-07-10 00:00:00,0.0,0,1.0807786194764687e-10,0,0.0
2025-07-10 01:00:00,0.0,0,3.305493687354546e-10,0,0.0
2025-07-10 02:00:00,0.0,0,9.782836690612092e-10,0,0.0
2025-07-10 03:00:00,0.0,0,3.510628084481596e-10,0,0.0
2025-07-10 04:00:00,0.0,0,2.224263249744267e-09,0,0.0
2025-07-10 05:00:00,0.0,0,9.548228634266106e-09,0,0.0
2025-07-10 06:00:00,0.0,0,1.675023977116739e-07,0,0.0
2025-07-10 07:00:00,0.0,0,4.461832246171619e-06,0,0.0
2025-07-10 08:00:00,0.0,0,0.0022377375856205478,0,0.0
2025-07-10 09:00:00,0.0,0,0.1260377782880562,0,0.0
2025-07-10 10:00:00,0.0,0,0.04051715454369885,0,0.0
2025-07-10 11:00:00,0.0,0,0.08860312831562846,0,0.0
2025-07-10 12:00:00,1.3426362093962094,1,0.28010209282342063,0,0.0
2025-07-10 13:00:00,0.0,0,0.07872782365733937,0,0.0
2025-07-10 14:00:00,0.0,0,0.0022196258441995473,0,0.0
2025-07-10 15:00:00,0.0,0,0.00018631007003513716,0,0.0
2025-07-10 16:00:00,0.0,0,5.737148652070956e-06,0,0.0
2025-07-10 17:00:00,0.0,0,1.1440983038788742e-07,0,0.0
2025-07-10 18:00:00,0.0,0,1.7303176110964154e-08,0,0.0
2025-07-10 19:00:00,0.0,0,3.954286120876558e-09,0,0.0
2025-07-10 20:00:00,0.0,0,1.2033286197761267e-09,0,0.0
2025-07-10 21:00:00,0.0,0,2.1619680862175853e-10,0,0.0
2025-07-10 22:00:00,0.0,0,6.496055942636695e-11,0,0.0
2025-07-10 23:00:00,0.0,0,2.9390970214917995e-11,0,0.0
2025-07-11 00:00:00,0.0,0,7.33237905601899e-11,0,0.0
2025-07-11 01:00:00,0.0,0,3.7755940571797424e-10,0,0.0
2025-07-11 02:00:00,0.0,0,1.0938329663690478e-09,0,0.0
2025-07-11 03:00:00,0.0,0,2.911324128749063e-09,0,0.0
2025-07-11 04:00:00,0.0,0,1.2437557052130666e-08,0,0.0
2025-07-11 05:00:00,0.0,0,2.031294938057375e-08,0,0.0
2025-07-11 06:00:00,0.0,0,1.3858126484266474e-07,0,0.0
2025-07-11 07:00:00,0.0,0,2.329528910811346e-06,0,0.0
2025-07-11 08:00:00,0.0,0,0.00021135347606250434,0,0.0
2025-07-11 09:00:00,0.0,0,0.015821397091798257,0,0.0
2025-07-11 10:00:00,0.0,0,0.0872237018582913,0,0.0
2025-07-11 11:00:00,0.0,0,0.01792754953242469,0,0.0
2025-07-11 12:00:00,0.0,0,0.02359638830595929,0,0.0
2025-07-11 13:00:00,0.0,0,0.0016206120947708986,0,0.0
2025-07-11 14:00:00,0.0,0,0.0005630664833622444,0,0.0
2025-07-11 15:00:00,0.0,0,4.780164813820432e-05,0,0.0
2025-07-11 16:00:00,0.0,0,1.1634447124626796e-06,0,0.0
2025-07-11 17:00:00,0.0,0,5.3127559570247355e-08,0,0.0
2025-07-11 18:00:00,0.0,0,1.470115126178608e-08,0,0.0
2025-07-11 19:00:00,0.0,0,2.4965529390456676e-09,0,0.0
2025-07-11 20:00:00,0.0,0,1.4831756535975482e-09,0,0.0
2025-07-11 21:00:00,0.0,0,1.5794707457406333e-10,0,0.0
2025-07-11 22:00:00,0.0,0,1.7389298708546795e-10,0,0.0
2025-07-11 23:00:00,0.0,0,1.0422711009694874e-10,0,0.0
2025-07-12 00:00:00,0.0,0,1.6915828007499222e-10,0,0.0
2025-07-12 01:00:00,0.0,0,6.43145402203299e-10,0,0.0
2025-07-12 02:00:00,0.0,0,2.121585091296801e-09,0,0.0
2025-07-12 03:00:00,0.0,0,1.0456981436276015e-08,0,0.0
2025-07-12 04:00:00,0.0,0,4.2240289867618544e-08,0,0.0
2025-07-12 05:00:00,0.0,0,1.7299416460924992e-07,0,0.0
2025-07-12 06:00:00,0.0,0,1.6253534073196959e-06,0,0.0
2025-07-12 07:00:00,0.0,0,0.00011048809346984714,0,0.0
2025-07-12 08:00:00,0.0,0,0.002478611557335793,0,0.0
2025-07-12 09:00:00,0.0,0,0.00361427890782664,0,0.0
2025-07-12 10:00:00,0.0,0,0.015559640881832324,0,0.0
2025-07-12 11:00:00,0.0,0,0.002518316119854513,0,0.0
2025-07-12 12:00:00,0.0,0,0.00014165989967800953,0,0.0
2025-07-12 13:00:00,0.0,0,0.0001889759556478375,0,0.0
2025-07-12 14:00:00,0.0,0,3.548311871953512e-05,0,0.0
2025-07-12 15:00:00,0.0,0,6.5136580620284846e-06,0,0.0
2025-07-12 16:00:00,0.0,0,1.2323193035991604e-07,0,0.0
2025-07-12 17:00:00,0.0,0,2.5940913215408933e-09,0,0.0
2025-07-12 18:00:00,0.0,0,3.846443989290433e-09,0,0.0
2025-07-12 19:00:00,0.0,0,3.797284025414495e-11,0,0.0
2025-07-12 20:00:00,0.0,0,1.5747293146281626e-11,0,0.0
2025-07-12 21:00:00,0.0,0,1.7089817834228453e-11,0,0.0
2025-07-12 22:00:00,0.0,0,9.213257823251898e-12,0,0.0
2025-07-12 23:00:00,0.0,0,9.93144587707635e-12,0,0.0
2025-07-13 00:00:00,0.0,0,1.2622657509469265e-11,0,0.0
2025-07-13 01:00:00,0.0,0,1.0922365102722448e-10,0,0.0
2025-07-13 02:00:00,0.0,0,1.604981402102475e-10,0,0.0
2025-07-13 03:00:00,0.0,0,2.9335228903158196e-10,0,0.0
2025-07-13 04:00:00,0.0,0,4.116669336086851e-09,0,0.0
2025-07-13 05:00:00,0.0,0,1.0365587568399026e-08,0,0.0
2025-07-13 06:00:00,0.0,0,9.284112779563721e-08,0,0.0
2025-07-13 07:00:00,0.0,0,2.4851279087410045e-06,0,0.0
2025-07-13 08:00:00,0.0,0,0.00010353945982569037,0,0.0
2025-07-13 09:00:00,0.0,0,4.3660259204391224e-06,0,0.0
2025-07-13 10:00:00,0.0,0,8.780893636125679e-06,0,0.0
2025-07-13 11:00:00,6.853361906627536,1,0.1791117022712366,0,0.0
2025-07-13 12:00:00,0.0,0,0.01610387515842878,0,0.0
2025-07-13 13:00:00,0.0,0,0.0032805862029474113,0,0.0
2025-07-13 14:00:00,0.0,0,0.0004977348611167116,0,0.0
2025-07-13 15:00:00,0.0,0,1.4847813421346834e-05,0,0.0
2025-07-13 16:00:00,0.0,0,2.7449840568745296e-07,0,0.0
2025-07-13 17:00:00,0.0,0,2.289579324959404e-08,0,0.0
2025-07-13 18:00:00,0.0,0,7.2942543338906525e-09,0,0.0
2025-07-13 19:00:00,0.0,0,2.3937982295226154e-09,0,0.0
2025-07-13 20:00:00,0.0,0,7.043292036843858e-10,0,0.0
2025-07-13 21:00:00,0.0,0,3.642677054804442e-11,0,0.0
2025-07-13 22:00:00,0.0,0,5.742295107734962e-11,0,0.0
2025-07-13 23:00:00,0.0,0,8.695170502697545e-11,0,0.0
2025-07-14 00:00:00,0.0,0,1.5106773661819985e-10,0,0.0
2025-07-14 01:00:00,0.0,0,3.8739325309767393e-10,0,0.0
2025-07-14 02:00:00,0.0,0,7.639902733336489e-10,0,0.0
2025-07-14 03:00:00,0.0,0,4.949372127304848e-10,0,0.0
2025-07-14 04:00:00,0.0,0,4.525944502049625e-09,0,0.0
2025-07-14 05:00:00,0.0,0,1.1690471419302775e-09,0,0.0
2025-07-14 06:00:00,0.0,0,6.5609524554545155e-09,0,0.0
2025-07-14 07:00:00,0.0,0,2.5374013385273982e-08,0,0.0
2025-07-14 08:00:00,0.0,0,1.7746352831183596e-06,0,0.0
2025-07-14 09:00:00,0.0,0,7.561309702971416e-05,0,0.0
2025-07-14 10:00:00,0.0,0,0.0010596707699039856,0,0.0
2025-07-14 11:00:00,0.0,0,0.003997196225927852,0,0.0
2025-07-14 12:00:00,0.0,0,0.0018253588081518434,0,0.0
2025-07-14 13:00:00,0.0,0,0.0038287990298679756,0,0.0
2025-07-14 14:00:00,0.0,0,0.0009243837661655538,0,0.0
2025-07-14 15:00:00,0.0,0,3.3442435106664266e-06,0,0.0
2025-07-14 16:00:00,0.0,0,1.651968106540627e-07,0,0.0
2025-07-14 17:00:00,0.0,0,3.330467385322267e-08,0,0.0
2025-07-14 18:00:00,0.0,0,4.639662022032255e-09,0,0.0
2025-07-14 19:00:00,0.0,0,1.5742894907952489e-10,0,0.0
2025-07-14 20:00:00,0.0,0,3.4030247547803545e-11,0,0.0
2025-07-14 21:00:00,0.0,0,1.0732170909608742e-11,0,0.0
2025-07-14 22:00:00,0.0,0,4.618053598312855e-11,0,0.0
2025-07-14 23:00:00,0.0,0,5.3028812464140667e-11,0,0.0
2025-07-15 00:00:00,0.0,0,4.398406024142734e-11,0,0.0
2025-07-15 01:00:00,0.0,0,2.4958502769737113e-10,0,0.0
2025-07-15 02:00:00,0.0,0,5.821665353099747e-10,0,0.0
2025-07-15 03:00:00,0.0,0,3.4152225844150623e-10,0,0.0
2025-07-15 04:00:00,0.0,0,4.042303938271851e-10,0,0.0
2025-07-15 05:00:00,0.0,0,3.521466569881838e-10,0,0.0
2025-07-15 06:00:00,0.0,0,1.8560352525636119e-09,0,0.0
2025-07-15 07:00:00,0.0,0,1.1113519396198744e-07,0,0.0
2025-07-15 08:00:00,0.0,0,5.618387368331923e-06,0,0.0
2025-07-15 09:00:00,0.0,0,0.0013515812120555987,0,0.0
2025-07-15 10:00:00,0.0,0,0.02043515828361111,0,0.0
2025-07-15 11:00:00,0.0,0,0.3592932614353616,0,0.0
2025-07-15 12:00:00,0.0,0,0.3087748088186937,0,0.0
2025-07-15 13:00:00,0.0,0,0.1325210616228238,0,0.0
2025-07-15 14:00:00,0.0,0,0.015991005109823445,0,0.0
2025-07-15 15:00:00,0.0,0,9.603639643095896e-05,0,0.0
2025-07-15 16:00:00,0.0,0,4.490829732926603e-06,0,0.0
2025-07-15 17:00:00,0.0,0,8.444821376851587e-08,0,0.0
2025-07-15 18:00:00,0.0,0,2.627560823595099e-08,0,0.0
2025-07-15 19:00:00,0.0,0,5.290045286949107e-09,0,0.0
2025-07-15 20:00:00,0.0,0,1.762283219307624e-09,0,0.0
2025-07-15 21:00:00,0.0,0,4.093744687547523e-10,0,0.0
2025-07-15 22:00:00,0.0,0,1.307083720956316e-10,0,0.0
2025-07-15 23:00:00,0.0,0,6.256966470534321e-11,0,0.0
2025-07-16 00:00:00,0.0,0,1.1720778901173072e-10,0,0.0
2025-07-16 01:00:00,0.0,0,2.963456232171397e-10,0,0.0
2025-07-16 02:00:00,0.0,0,1.7732611238468855e-09,0,0.0
2025-07-16 03:00:00,0.0,0,4.134034096510585e-09,0,0.0
2025-07-16 04:00:00,0.0,0,1.1941780046912501e-08,0,0.0
2025-07-16 05:00:00,0.0,0,3.995092553734151e-08,0,0.0
2025-07-16 06:00:00,0.0,0,2.7491096371453033e-07,0,0.0
2025-07-16 07:00:00,0.0,0,0.00011076951539587894,0,0.0
2025-07-16 08:00:00,0.0,0,0.004414968044658689,0,0.0
2025-07-16 09:00:00,1.926447219498292,1,0.08141662442174608,0,0.0
2025-07-16 10:00:00,0.0,0,0.23890931755130648,0,0.0
2025-07-16 11:00:00,0.0,0,0.021617702959804697,0,0.0
2025-07-16 12:00:00,0.0,0,0.006778047065285721,0,0.0
2025-07-16 13:00:00,0.0,0,0.012749562843564412,0,0.0
2025-07-16 14:00:00,0.0,0,0.0018808818000552409,0,0.0
2025-07-16 15:00:00,0.0,0,0.00019871452896329158,0,0.0
2025-07-16 16:00:00,0.0,0,1.8072938960616527e-06,0,0.0
2025-07-16 17:00:00,0.0,0,1.3174268612810276e-07,0,0.0
2025-07-16 18:00:00,0.0,0,5.3805627789548195e-09,0,0.0
2025-07-16 19:00:00,0.0,0,1.3760425494544172e-09,0,0.0
2025-07-16 20:00:00,0.0,0,2.283933190540924e-10,0,0.0
2025-07-16 21:00:00,0.0,0,1.2990091943752034e-10,0,0.0
2025-07-16 22:00:00,0.0,0,6.524133824519437e-11,0,0.0
2025-07-16 23:00:00,0.0,0,2.8711090683621077e-11,0,0.0
2025-07-17 00:00:00,0.0,0,3.3054558767916204e-11,0,0.0
2025-07-17 01:00:00,0.0,0,1.5319925469801286e-10,0,0.0
2025-07-17 02:00:00,0.0,0,4.822167273895543e-10,0,0.0
2025-07-17 03:00:00,0.0,0,2.9745358101228753e-09,0,0.0
2025-07-17 04:00:00,0.0,0,9.481405657806353e-09,0,0.0
2025-07-17 05:00:00,0.0,0,3.9615279318260554e-08,0,0.0
2025-07-17 06:00:00,0.0,0,1.262758525904744e-07,0,0.0
2025-07-17 07:00:00,0.0,0,5.89386886292981e-06,0,0.0
2025-07-17 08:00:00,0.0,0,0.00027431062907591375,0,0.0
2025-07-17 09:00:00,0.0,0,0.007308864572493137,0,0.0
2025-07-17 10:00:00,0.0,0,0.02207844613261199,0,0.0
2025-07-17 11:00:00,0.0,0,0.0008457235042147997,0,0.0
2025-07-17 12:00:00,0.0,0,0.0011813220826007833,0,0.0
2025-07-17 13:00:00,0.0,0,0.0001221964704569743,0,0.0
2025-07-17 14:00:00,0.0,0,3.765378357064446e-05,0,0.0
2025-07-17 15:00:00,0.0,0,2.325109004421665e-06,0,0.0
2025-07-17 16:00:00,0.0,0,8.911919519436191e-08,0,0.0
2025-07-17 17:00:00,0.0,0,2.6873753189536864e-08,0,0.0
2025-07-17 18:00:00,0.0,0,3.5595833575986205e-09,0,0.0
2025-07-17 19:00:00,0.0,0,1.108873616344435e-10,0,0.0
2025-07-17 20:00:00,0.0,0,8.60976816022146e-11,0,0.0
2025-07-17 21:00:00,0.0,0,3.534358820030783e-11,0,0.0
2025-07-17 22:00:00,0.0,0,3.372976871058773e-11,0,0.0
2025-07-17 23:00:00,0.0,0,8.215328836055423e-12,0,0.0
2025-07-18 00:00:00,0.0,0,1.8230086470882486e-11,0,0.0
2025-07-18 01:00:00,0.0,0,4.772141975578554e-11,0,0.0
2025-07-18 02:00:00,0.0,0,8.37750338675521e-11,0,0.0
2025-07-18 03:00:00,0.0,0,3.970874966656943e-10,0,0.0
2025-07-18 04:00:00,0.0,0,5.984430387684442e-09,0,0.0
2025-07-18 05:00:00,0.0,0,1.2799226102492525e-08,0,0.0
2025-07-18 06:00:00,0.0,0,1.45635156019271e-07,0,0.0
2025-07-18 07:00:00,0.0,0,8.343439177550557e-07,0,0.0
2025-07-18 08:00:00,0.0,0,1.335973093073632e-05,0,0.0
2025-07-18 09:00:00,0.0,0,0.00011215184343105277,0,0.0
2025-07-18 10:00:00,0.0,0,3.6300169037251036e-05,0,0.0
2025-07-18 11:00:00,0.0,0,4.553402348801498e-05,0,0.0
2025-07-18 12:00:00,6.17378178519779,1,0.2692724962765698,0,0.0
2025-07-18 13:00:00,0.0,0,0.05046314593041563,0,0.0
2025-07-18 14:00:00,0.0,0,0.0020065888960842946,0,0.0
2025-07-18 15:00:00,0.0,0,0.0002565108017147068,0,0.0
2025-07-18 16:00:00,0.0,0,2.3314744983890897e-06,0,0.0
2025-07-18 17:00:00,0.0,0,1.857285106855125e-07,0,0.0
2025-07-18 18:00:00,0.0,0,3.469153366099812e-08,0,0.0
2025-07-18 19:00:00,0.0,0,7.462735012396872e-09,0,0.0
2025-07-18 20:00:00,0.0,0,9.337596267144366e-10,0,0.0
2025-07-18 21:00:00,0.0,0,4.046185381365949e-10,0,0.0
2025-07-18 22:00:00,0.0,0,1.018295755889316e-10,0,0.0
2025-07-18 23:00:00,0.0,0,9.468342272380554e-11,0,0.0
2025-07-19 00:00:00,0.0,0,1.352930502573364e-10,0,0.0
2025-07-19 01:00:00,0.0,0,2.446081474688447e-10,0,0.0
2025-07-19 02:00:00,0.0,0,7.22944033438564e-10,0,0.0
2025-07-19 03:00:00,0.0,0,2.482871105382295e-09,0,0.0
2025-07-19 04:00:00,0.0,0,9.039965016513945e-09,0,0.0
2025-07-19 05:00:00,0.0,0,3.263224389765276e-08,0,0.0
2025-07-19 06:00:00,0.0,0,6.042556665067572e-07,0,0.0
2025-07-19 07:00:00,0.0,0,8.990573077486368e-05,0,0.0
2025-07-19 08:00:00,0.0,0,0.0024613506480888774,0,0.0
2025-07-19 09:00:00,0.0,0,0.0027193793322831655,0,0.0
2025-07-19 10:00:00,0.0,0,0.007842338160603635,0,0.0
2025-07-19 11:00:00,0.0,0,0.0004257799874900509,0,0.0
2025-07-19 12:00:00,0.0,0,0.00045822121187804866,0,0.0
2025-07-19 13:00:00,0.0,0,0.00012511071793828903,0,0.0
2025-07-19 14:00:00,0.0,0,7.4562793510947544e-06,0,0.0
2025-07-19 15:00:00,0.0,0,2.7860000672812137e-06,0,0.0
2025-07-19 16:00:00,0.0,0,3.4041097525146314e-08,0,0.0
2025-07-19 17:00:00,0.0,0,4.039965448671837e-09,0,0.0
2025-07-19 18:00:00,0.0,0,1.6176493172542168e-10,0,0.0
2025-07-19 19:00:00,0.0,0,1.5837428617736257e-10,0,0.0
2025-07-19 20:00:00,0.0,0,8.205464777489223e-11,0,0.0
2025-07-19 21:00:00,0.0,0,2.0504708082532627e-12,0,0.0
2025-07-19 22:00:00,0.0,0,6.920825352447264e-12,0,0.0
2025-07-19 23:00:00,0.0,0,2.2181971941031764e-12,0,0.0
2025-07-20 00:00:00,0.0,0,7.902664403793155e-12,0,0.0
2025-07-20 01:00:00,0.0,0,3.294363317100134e-11,0,0.0
2025-07-20 02:00:00,0.0,0,3.9133809546443713e-11,0,0.0
2025-07-20 03:00:00,0.0,0,2.3137883482455382e-10,0,0.0
2025-07-20 04:00:00,0.0,0,1.079616936005481e-09,0,0.0
2025-07-20 05:00:00,0.0,0,6.58467975059031e-09,0,0.0
2025-07-20 06:00:00,0.0,0,5.303526093454705e-08,0,0.0
2025-07-20 07:00:00,0.0,0,3.6872103752286676e-06,0,0.0
2025-07-20 08:00:00,0.0,0,3.666171610330946e-06,0,0.0
2025-07-20 09:00:00,5.9498900072670375,1,0.35387506339205216,0,0.0
2025-07-20 10:00:00,0.0,0,0.06018716646709161,0,0.0
2025-07-20 11:00:00,0.0,0,0.036644067317550905,0,0.0
2025-07-20 12:00:00,0.0,0,0.005073752118659613,0,0.0
2025-07-20 13:00:00,0.0,0,0.0029340119659104678,0,0.0
2025-07-20 14:00:00,0.0,0,0.0006428448526698343,0,0.0
2025-07-20 15:00:00,0.0,0,4.650843642563499e-05,0,0.0
2025-07-20 16:00:00,0.0,0,5.863732303244977e-07,0,0.0
2025-07-20 17:00:00,0.0,0,8.179463159438541e-08,0,0.0
2025-07-20 18:00:00,0.0,0,1.0097384348303215e-08,0,0.0
2025-07-20 19:00:00,0.0,0,1.4210536174434111e-09,0,0.0
2025-07-20 20:00:00,0.0,0,1.711663201006e-10,0,0.0
2025-07-20 21:00:00,0.0,0,2.7787718329221396e-11,0,0.0
2025-07-20 22:00:00,0.0,0,4.8704926339990765e-11,0,0.0
2025-07-20 23:00:00,0.0,0,2.1313476877268753e-11,0,0.0
2025-07-21 00:00:00,0.0,0,5.0675098291345756e-11,0,0.0
2025-07-21 01:00:00,0.0,0,1.293864456375737e-10,0,0.0
2025-07-21 02:00:00,0.0,0,2.4053652522033874e-10,0,0.0
2025-07-21 03:00:00,0.0,0,1.3951382262962229e-09,0,0.0
2025-07-21 04:00:00,0.0,0,5.474968266642993e-09,0,0.0
2025-07-21 05:00:00,0.0,0,3.103616159104087e-08,0,0.0
2025-07-21 06:00:00,0.0,0,1.803632671668936e-07,0,0.0
2025-07-21 07:00:00,0.0,0,6.940314974866968e-06,0,0.0
2025-07-21 08:00:00,0.0,0,6.136752546867219e-05,0,0.0
2025-07-21 09:00:00,0.0,0,0.0011518450041034943,0,0.0
2025-07-21 10:00:00,0.0,0,0.00011519493275830563,0,0.0
2025-07-21 11:00:00,0.0,0,2.782504527047464e-05,0,0.0
2025-07-21 12:00:00,6.526545070063904,1,0.09264432599145471,0,0.0
2025-07-21 13:00:00,0.0,0,0.14895291326163992,0,0.0
2025-07-21 14:00:00,0.0,0,0.017314512145562348,0,0.0
2025-07-21 15:00:00,0.0,0,0.00018080567956126354,0,0.0
2025-07-21 16:00:00,0.0,0,8.25715152590005e-06,0,0.0
2025-07-21 17:00:00,0.0,0,2.75868679611046e-07,0,0.0
2025-07-21 18:00:00,0.0,0,2.38913701075664e-08,0,0.0
2025-07-21 19:00:00,0.0,0,5.482888491812966e-09,0,0.0
2025-07-21 20:00:00,0.0,0,6.161598965884085e-10,0,0.0
2025-07-21 21:00:00,0.0,0,2.4036959647850213e-10,0,0.0
2025-07-21 22:00:00,0.0,0,6.491032303846206e-11,0,0.0
2025-07-21 23:00:00,0.0,0,4.7021768349296106e-11,0,0.0
2025-07-22 00:00:00,0.0,0,7.937756967168962e-11,0,0.0
2025-07-22 01:00:00,0.0,0,2.7198316188232056e-10,0,0.0
2025-07-22 02:00:00,0.0,0,7.869108445726389e-10,0,0.0
2025-07-22 03:00:00,0.0,0,1.6946629129515388e-09,0,0.0
2025-07-22 04:00:00,0.0,0,8.046076038031563e-09,0,0.0
2025-07-22 05:00:00,0.0,0,2.6365451173456654e-08,0,0.0
2025-07-22 06:00:00,0.0,0,4.947042710435296e-07,0,0.0
2025-07-22 07:00:00,0.0,0,0.00014119204546130635,0,0.0
2025-07-22 08:00:00,0.0,0,0.005211711028141607,0,0.0
2025-07-22 09:00:00,0.0,0,0.012833448634411672,0,0.0
2025-07-22 10:00:00,0.0,0,0.009409392628221554,0,0.0
2025-07-22 11:00:00,0.0,0,0.00367981570464584,0,0.0
2025-07-22 12:00:00,0.0,0,0.0013599986328851148,0,0.0
2025-07-22 13:00:00,0.0,0,0.0001341021779883688,0,0.0
2025-07-22 14:00:00,0.0,0,6.9730149648691876e-06,0,0.0
2025-07-22 15:00:00,0.0,0,1.354574860524299e-06,0,0.0
2025-07-22 16:00:00,0.0,0,6.06787340739463e-08,0,0.0
2025-07-22 17:00:00,0.0,0,1.8425355865113736e-09,0,0.0
2025-07-22 18:00:00,0.0,0,3.292163901378153e-10,0,0.0
2025-07-22 19:00:00,0.0,0,2.8792847389255166e-10,0,0.0
2025-07-22 20:00:00,0.0,0,4.067181128998947e-11,0,0.0
2025-07-22 21:00:00,0.0,0,2.3196409290852384e-11,0,0.0
2025-07-22 22:00:00,0.0,0,2.1488211748919646e-11,0,0.0
2025-07-22 23:00:00,0.0,0,8.428157211067505e-12,0,0.0
2025-07-23 00:00:00,0.0,0,4.85887407467654e-11,0,0.0
2025-07-23 01:00:00,0.0,0,4.443604253707743e-11,0,0.0
2025-07-23 02:00:00,0.0,0,4.336804561878447e-10,0,0.0
2025-07-23 03:00:00,0.0,0,1.5731662791799493e-09,0,0.0
2025-07-23 04:00:00,0.0,0,1.0932341803677137e-08,0,0.0
2025-07-23 05:00:00,0.0,0,1.976804413775303e-08,0,0.0
2025-07-23 06:00:00,0.0,0,7.100833526108023e-07,0,0.0
2025-07-23 07:00:00,0.0,0,9.850066035964195e-06,0,0.0
2025-07-23 08:00:00,0.0,0,4.5284909068560116e-05,0,0.0
2025-07-23 09:00:00,0.0,0,0.0037816084373353417,0,0.0
2025-07-23 10:00:00,0.0,0,0.00027392334880410303,0,0.0
2025-07-23 11:00:00,0.0,0,7.954454100583206e-05,0,0.0
2025-07-23 12:00:00,6.096108434647748,1,0.3095383484936306,0,0.0
2025-07-23 13:00:00,0.0,0,0.10879314488096335,0,0.0
2025-07-23 14:00:00,0.0,0,0.01571194358809422,0,0.0
2025-07-23 15:00:00,0.0,0,0.0004001362743524209,0,0.0
2025-07-23 16:00:00,0.0,0,8.33352929526213e-06,0,0.0
2025-07-23 17:00:00,0.0,0,3.166964631502031e-07,0,0.0
2025-07-23 18:00:00,0.0,0,4.568441459902818e-08,0,0.0
2025-07-23 19:00:00,0.0,0,9.848769488193754e-09,0,0.0
2025-07-23 20:00:00,0.0,0,1.5899297078369137e-09,0,0.0
2025-07-23 21:00:00,0.0,0,4.817484223867123e-10,0,0.0
2025-07-23 22:00:00,0.0,0,2.525132318359652e-10,0,0.0
2025-07-23 23:00:00,0.0,0,1.741508485980796e-10,0,0.0
2025-07-24 00:00:00,0.0,0,3.513413446611255e-10,0,0.0
2025-07-24 01:00:00,0.0,0,1.0554028650371147e-09,0,0.0
2025-07-24 02:00:00,0.0,0,2.5868674303112376e-09,0,0.0
2025-07-24 03:00:00,0.0,0,6.4601279597358594e-09,0,0.0
2025-07-24 04:00:00,0.0,0,1.1757868909332877e-08,0,0.0
2025-07-24 05:00:00,0.0,0,7.460853279252024e-08,0,0.0
2025-07-24 06:00:00,0.0,0,2.512018115778351e-07,0,0.0
2025-07-24 07:00:00,0.0,0,8.007045850775946e-06,0,0.0
2025-07-24 08:00:00,0.0,0,0.001079976852253472,0,0.0
2025-07-24 09:00:00,0.0,0,0.11409903821067123,0,0.0
2025-07-24 10:00:00,0.0,0,0.5346387014720788,1,3.6955771640612736
2025-07-24 11:00:00,0.0,0,0.050605003920130766,0,0.0
2025-07-24 12:00:00,0.0,0,0.0012030863037048698,0,0.0
2025-07-24 13:00:00,0.0,0,0.0006266986345608246,0,0.0
2025-07-24 14:00:00,0.0,0,4.7804318576711084e-05,0,0.0
2025-07-24 15:00:00,0.0,0,0.000125992618780609,0,0.0
2025-07-24 16:00:00,0.0,0,5.476030069984111e-07,0,0.0
2025-07-24 17:00:00,0.0,0,6.743179879332498e-08,0,0.0
2025-07-24 18:00:00,0.0,0,2.278555535417386e-08,0,0.0
2025-07-24 19:00:00,0.0,0,8.405802708465863e-10,0,0.0
2025-07-24 20:00:00,0.0,0,1.8305409278394413e-10,0,0.0
2025-07-24 21:00:00,0.0,0,1.894956715492851e-10,0,0.0
2025-07-24 22:00:00,0.0,0,7.642843327853606e-11,0,0.0
2025-07-24 23:00:00,0.0,0,1.7568894567619193e-11,0,0.0
2025-07-25 00:00:00,0.0,0,2.2251232284239642e-11,0,0.0
2025-07-25 01:00:00,0.0,0,1.2535025352395155e-10,0,0.0
2025-07-25 02:00:00,0.0,0,4.442067406200978e-10,0,0.0
2025-07-25 03:00:00,0.0,0,1.236667446467623e-09,0,0.0
2025-07-25 04:00:00,0.0,0,1.1913631964700114e-08,0,0.0
2025-07-25 05:00:00,0.0,0,3.081366815168073e-08,0,0.0
2025-07-25 06:00:00,0.0,0,1.0392325446749856e-06,0,0.0
2025-07-25 07:00:00,0.0,0,2.1959424961835857e-05,0,0.0
2025-07-25 08:00:00,0.0,0,3.857996005220826e-05,0,0.0
2025-07-25 09:00:00,0.0,0,0.0003837318748684326,0,0.0
2025-07-25 10:00:00,0.0,0,0.00023693656015638128,0,0.0
2025-07-25 11:00:00,0.0,0,0.00018758143565319308,0,0.0
2025-07-25 12:00:00,6.66470102426556,1,0.3755237352182212,0,0.0
2025-07-25 13:00:00,0.0,0,0.3015344847048629,0,0.0
2025-07-25 14:00:00,0.0,0,0.0338904012115845,0,0.0
2025-07-25 15:00:00,0.0,0,0.001159884492893304,0,0.0
2025-07-25 16:00:00,0.0,0,1.0812166145127876e-05,0,0.0
2025-07-25 17:00:00,0.0,0,5.822165889960504e-07,0,0.0
2025-07-25 18:00:00,0.0,0,6.941725491002636e-08,0,0.0
2025-07-25 19:00:00,0.0,0,1.1698129115952332e-08,0,0.0
2025-07-25 20:00:00,0.0,0,1.9996399987972384e-09,0,0.0
2025-07-25 21:00:00,0.0,0,4.588646644667879e-10,0,0.0
2025-07-25 22:00:00,0.0,0,1.0056642136547458e-10,0,0.0
2025-07-25 23:00:00,0.0,0,1.3434015219201225e-10,0,0.0
2025-07-26 00:00:00,0.0,0,2.04028124041911e-10,0,0.0
2025-07-26 01:00:00,0.0,0,5.144225509307134e-10,0,0.0
2025-07-26 02:00:00,0.0,0,2.339581401439443e-09,0,0.0
2025-07-26 03:00:00,0.0,0,4.792637461470155e-09,0,0.0
2025-07-26 04:00:00,0.0,0,2.1509578481132614e-08,0,0.0
2025-07-26 05:00:00,0.0,0,7.118174992186824e-08,0,0.0
2025-07-26 06:00:00,0.0,0,9.157340113676375e-08,0,0.0
2025-07-26 07:00:00,0.0,0,1.6381229335839146e-05,0,0.0
2025-07-26 08:00:00,0.0,0,0.002124298622112784,0,0.0
2025-07-26 09:00:00,0.0,0,0.07625001001722542,0,0.0
2025-07-26 10:00:00,0.0,0,0.5721766676501161,1,4.158014805922986
2025-07-26 11:00:00,0.0,0,0.1332501175648896,0,0.0
2025-07-26 12:00:00,0.0,0,0.003852760184347137,0,0.0
2025-07-26 13:00:00,0.0,0,0.009109745622944377,0,0.0
2025-07-26 14:00:00,0.0,0,0.00039603477785157967,0,0.0
2025-07-26 15:00:00,0.0,0,6.177976008681431e-05,0,0.0
2025-07-26 16:00:00,0.0,0,3.652857518709849e-06,0,0.0
2025-07-26 17:00:00,0.0,0,5.8354976419967466e-08,0,0.0
2025-07-26 18:00:00,0.0,0,4.121886553539445e-08,0,0.0
2025-07-26 19:00:00,0.0,0,7.402137865906804e-09,0,0.0
2025-07-26 20:00:00,0.0,0,1.0437356152065004e-09,0,0.0
2025-07-26 21:00:00,0.0,0,1.6611315007405016e-11,0,0.0
2025-07-26 22:00:00,0.0,0,5.02127687645088e-11,0,0.0
2025-07-26 23:00:00,0.0,0,4.8296679318129146e-11,0,0.0
2025-07-27 00:00:00,0.0,0,4.31842850615058e-11,0,0.0
2025-07-27 01:00:00,0.0,0,1.354812111412841e-10,0,0.0
2025-07-27 02:00:00,0.0,0,4.531667793326716e-10,0,0.0
2025-07-27 03:00:00,0.0,0,4.426534768378583e-09,0,0.0
2025-07-27 04:00:00,0.0,0,2.4510433752937753e-08,0,0.0
2025-07-27 05:00:00,0.0,0,9.090496424975561e-08,0,0.0
2025-07-27 06:00:00,0.0,0,2.1709792366647486e-06,0,0.0
2025-07-27 07:00:00,0.0,0,5.990932575380004e-05,0,0.0
2025-07-27 08:00:00,0.0,0,0.0026839839127303106,0,0.0
2025-07-27 09:00:00,0.0,0,0.00047781578973725127,0,0.0
2025-07-27 10:00:00,0.0,0,0.0012848083514879127,0,0.0
2025-07-27 11:00:00,7.505975444494303,1,0.5581899262521148,1,4.685790948665481
2025-07-27 12:00:00,0.0,0,0.5114636908061353,1,4.9404566179034655
2025-07-27 13:00:00,0.0,0,0.02929530166152902,0,0.0
2025-07-27 14:00:00,0.0,0,0.05137786659537316,0,0.0
2025-07-27 15:00:00,0.0,0,0.0002930711618851612,0,0.0
2025-07-27 16:00:00,0.0,0,2.3504912202891928e-05,0,0.0
2025-07-27 17:00:00,0.0,0,3.505506889999193e-07,0,0.0
2025-07-27 18:00:00,0.0,0,1.0246559310436791e-07,0,0.0
2025-07-27 19:00:00,0.0,0,1.3544453110554983e-08,0,0.0
2025-07-27 20:00:00,0.0,0,2.3465276192627053e-09,0,0.0
2025-07-27 21:00:00,0.0,0,2.2409353648967776e-10,0,0.0
2025-07-27 22:00:00,0.0,0,2.8764168970628236e-10,0,0.0
2025-07-27 23:00:00,0.0,0,2.319084136083764e-10,0,0.0
2025-07-28 00:00:00,0.0,0,1.8362422481089187e-10,0,0.0
2025-07-28 01:00:00,0.0,0,4.928237478504562e-10,0,0.0
2025-07-28 02:00:00,0.0,0,3.0744024667471905e-09,0,0.0
2025-07-28 03:00:00,0.0,0,9.811416376827195e-09,0,0.0
2025-07-28 04:00:00,0.0,0,2.32367636366179e-08,0,0.0
2025-07-28 05:00:00,0.0,0,9.193836584711627e-08,0,0.0
2025-07-28 06:00:00,0.0,0,3.634264830018318e-06,0,0.0
2025-07-28 07:00:00,0.0,0,0.0014680839973236508,0,0.0
2025-07-28 08:00:00,0.0,0,0.008974966487397965,0,0.0
2025-07-28 09:00:00,0.0,0,0.011857541787945802,0,0.0
2025-07-28 10:00:00,0.0,0,0.010878416311228102,0,0.0
2025-07-28 11:00:00,0.0,0,0.0007382243155135164,0,0.0
2025-07-28 12:00:00,0.0,0,0.0016934928643647434,0,0.0
2025-07-28 13:00:00,0.0,0,0.00010123034813201416,0,0.0
2025-07-28 14:00:00,0.0,0,8.515850166850396e-06,0,0.0
2025-07-28 15:00:00,0.0,0,1.2770794628288862e-05,0,0.0
2025-07-28 16:00:00,0.0,0,7.417761489867698e-08,0,0.0
2025-07-28 17:00:00,0.0,0,8.093743640335448e-09,0,0.0
2025-07-28 18:00:00,0.0,0,3.1918619841060046e-10,0,0.0
2025-07-28 19:00:00,0.0,0,1.5157412804364177e-10,0,0.0
2025-07-28 20:00:00,0.0,0,6.562276809059233e-11,0,0.0
2025-07-28 21:00:00,0.0,0,1.6411861561674777e-11,0,0.0
2025-07-28 22:00:00,0.0,0,2.3208960401286068e-12,0,0.0
2025-07-28 23:00:00,0.0,0,1.5272199319266804e-12,0,0.0
2025-07-29 00:00:00,0.0,0,4.734461551151103e-12,0,0.0
2025-07-29 01:00:00,0.0,0,1.329354101609826e-11,0,0.0
2025-07-29 02:00:00,0.0,0,9.693388587312171e-12,0,0.0
2025-07-29 03:00:00,0.0,0,7.835306297871714e-10,0,0.0
2025-07-29 04:00:00,0.0,0,1.6542300127875664e-09,0,0.0
2025-07-29 05:00:00,0.0,0,2.1265011599790217e-09,0,0.0
2025-07-29 06:00:00,0.0,0,1.9282750097879601e-07,0,0.0
2025-07-29 07:00:00,0.0,0,4.601720495550174e-07,0,0.0
2025-07-29 08:00:00,0.0,0,2.470478896811707e-06,0,0.0
2025-07-29 09:00:00,6.437129334662928,1,0.5435033667701059,1,5.7108284179292
2025-07-29 10:00:00,0.0,0,0.05543038317408441,0,0.0
2025-07-29 11:00:00,0.0,0,0.013818562268547984,0,0.0
2025-07-29 12:00:00,0.0,0,0.021902862646417397,0,0.0
2025-07-29 13:00:00,0.0,0,0.0009160103582398539,0,0.0
2025-07-29 14:00:00,0.0,0,7.188915425414775e-05,0,0.0
2025-07-29 15:00:00,0.0,0,1.6305049977647967e-05,0,0.0
2025-07-29 16:00:00,0.0,0,7.644516793359932e-06,0,0.0
2025-07-29 17:00:00,0.0,0,1.5791471699471613e-07,0,0.0
2025-07-29 18:00:00,0.0,0,3.869076112107401e-09,0,0.0
2025-07-29 19:00:00,0.0,0,7.121100158479489e-09,0,0.0
2025-07-29 20:00:00,0.0,0,2.8638996542420813e-10,0,0.0
2025-07-29 21:00:00,0.0,0,8.748995231646476e-11,0,0.0
2025-07-29 22:00:00,0.0,0,1.9635892975594318e-11,0,0.0
2025-07-29 23:00:00,0.0,0,1.3758380660529644e-11,0,0.0
2025-07-30 00:00:00,0.0,0,2.6151953838068265e-11,0,0.0
2025-07-30 01:00:00,0.0,0,6.164933963233513e-11,0,0.0
2025-07-30 02:00:00,0.0,0,4.021400486187002e-10,0,0.0
2025-07-30 03:00:00,0.0,0,4.2839753935358424e-10,0,0.0
2025-07-30 04:00:00,0.0,0,4.5252674963904684e-09,0,0.0
2025-07-30 05:00:00,0.0,0,8.229329687804687e-09,0,0.0
2025-07-30 06:00:00,0.0,0,2.8080335034830334e-07,0,0.0
2025-07-30 07:00:00,0.0,0,5.539332327150505e-05,0,0.0
2025-07-30 08:00:00,0.0,0,0.0005202325335426415,0,0.0
2025-07-30 09:00:00,0.0,0,0.0009230047327473611,0,0.0
2025-07-30 10:00:00,6.638139774860709,1,0.702756170542454,1,4.552680875965893
2025-07-30 11:00:00,0.0,0,0.3485371686929945,0,0.0
2025-07-30 12:00:00,0.0,0,0.035042589952325225,0,0.0
2025-07-30 13:00:00,0.0,0,0.015039249415354566,0,0.0
2025-07-30 14:00:00,0.0,0,0.011255149757484218,0,0.0
2025-07-30 15:00:00,0.0,0,0.0007439074373844962,0,0.0
2025-07-30 16:00:00,0.0,0,7.60686289850794e-06,0,0.0
2025-07-30 17:00:00,0.0,0,3.218251846136393e-07,0,0.0
2025-07-30 18:00:00,0.0,0,5.178388101180229e-08,0,0.0
2025-07-30 19:00:00,0.0,0,7.96587269182979e-09,0,0.0
2025-07-30 20:00:00,0.0,0,1.6455644157470024e-09,0,0.0
2025-07-30 21:00:00,0.0,0,4.240464363442488e-10,0,0.0
2025-07-30 22:00:00,0.0,0,1.7216394745795949e-10,0,0.0
2025-07-30 23:00:00,0.0,0,4.6633707716022284e-11,0,0.0
2025-07-31 00:00:00,0.0,0,9.135154167108137e-11,0,0.0
2025-07-31 01:00:00,0.0,0,1.4087603468135842e-10,0,0.0
2025-07-31 02:00:00,0.0,0,9.07230257265853e-10,0,0.0
2025-07-31 03:00:00,0.0,0,4.371717772360748e-09,0,0.0
2025-07-31 04:00:00,0.0,0,2.5562535742593364e-08,0,0.0
2025-07-31 05:00:00,0.0,0,9.008393492811326e-08,0,0.0
2025-07-31 06:00:00,0.0,0,1.9304134736127125e-06,0,0.0
2025-07-31 07:00:00,0.0,0,8.486665531073135e-05,0,0.0
2025-07-31 08:00:00,0.0,0,0.0008414902356040746,0,0.0
2025-07-31 09:00:00,0.0,0,0.0006441918640372913,0,0.0
2025-07-31 10:00:00,0.0,0,0.0017584660873276622,0,0.0
2025-07-31 11:00:00,0.0,0,0.0003108533962466112,0,0.0
2025-07-31 12:00:00,0.0,0,0.00038156261452169086,0,0.0
2025-07-31 13:00:00,5.463197900305234,1,0.19107342993297977,0,0.0
2025-07-31 14:00:00,0.0,0,0.020142555086555155,0,0.0
2025-07-31 15:00:00,0.0,0,0.0009730796693881199,0,0.0
2025-07-31 16:00:00,0.0,0,8.864297768746961e-06,0,0.0
2025-07-31 17:00:00,0.0,0,5.987022558779858e-07,0,0.0
2025-07-31 18:00:00,0.0,0,8.563291668090433e-08,0,0.0
2025-07-31 19:00:00,0.0,0,1.3694209047843945e-08,0,0.0
2025-07-31 20:00:00,0.0,0,3.1097558050199016e-09,0,0.0
2025-07-31 21:00:00,0.0,0,2.981541022338654e-10,0,0.0
2025-07-31 22:00:00,0.0,0,3.045829412542074e-10,0,0.0
2025-07-31 23:00:00,0.0,0,2.371294910277715e-10,0,0.0
2025-08-01 00:00:00,0.0,0,2.971339045938358e-10,0,0.0
2025-08-01 01:00:00,0.0,0,9.61299388096777e-10,0,0.0
2025-08-01 02:00:00,0.0,0,2.206500039578183e-09,0,0.0
2025-08-01 03:00:00,0.0,0,8.80133390384968e-09,0,0.0
2025-08-01 04:00:00,0.0,0,4.597239681779268e-09,0,0.0
2025-08-01 05:00:00,0.0,0,6.6749124680260204e-09,0,0.0
2025-08-01 06:00:00,0.0,0,4.032546734281829e-08,0,0.0
2025-08-01 07:00:00,0.0,0,2.7197574525436357e-07,0,0.0
2025-08-01 08:00:00,0.0,0,1.6353822536957435e-06,0,0.0
2025-08-01 09:00:00,0.0,0,0.0028760132721193737,0,0.0
2025-08-01 10:00:00,0.0,0,0.300500702424597,0,0.0
2025-08-01 11:00:00,0.0,0,0.36002632887018704,0,0.0
2025-08-01 12:00:00,0.0,0,0.14812906100509107,0,0.0
2025-08-01 13:00:00,0.0,0,0.12536656806028065,0,0.0
2025-08-01 14:00:00,0.0,0,0.00710049712615048,0,0.0
2025-08-01 15:00:00,0.0,0,0.00018995299476854611,0,0.0
2025-08-01 16:00:00,0.0,0,6.1765128847311375e-06,0,0.0
2025-08-01 17:00:00,0.0,0,3.6691633437059226e-07,0,0.0
2025-08-01 18:00:00,0.0,0,6.084393018699499e-08,0,0.0
2025-08-01 19:00:00,0.0,0,1.519699714417329e-08,0,0.0
2025-08-01 20:00:00,0.0,0,2.6002439873425788e-09,0,0.0
2025-08-01 21:00:00,0.0,0,1.0329897609236199e-09,0,0.0
2025-08-01 22:00:00,0.0,0,4.4412491106510657e-10,0,0.0
2025-08-01 23:00:00,0.0,0,3.738320276119961e-10,0,0.0
2025-08-02 00:00:00,0.0,0,4.933565472769669e-10,0,0.0
2025-08-02 01:00:00,0.0,0,1.2175980709428239e-09,0,0.0
2025-08-02 02:00:00,0.0,0,6.370197211242264e-09,0,0.0
2025-08-02 03:00:00,0.0,0,4.090281016580928e-08,0,0.0
2025-08-02 04:00:00,0.0,0,1.7204492991666454e-07,0,0.0
2025-08-02 05:00:00,0.0,0,5.145981564986614e-07,0,0.0
2025-08-02 06:00:00,0.0,0,8.112111898970124e-06,0,0.0
2025-08-02 07:00:00,0.0,0,0.00047764899514742573,0,0.0
2025-08-02 08:00:00,0.0,0,0.0102080255613886,0,0.0
2025-08-02 09:00:00,0.7626563899295419,1,0.2340484354750291,0,0.0
2025-08-02 10:00:00,0.0,0,0.24526742912340802,0,0.0
2025-08-02 11:00:00,0.0,0,0.533189598186495,1,4.4431168443294204
2025-08-02 12:00:00,0.0,0,0.009186294176232342,0,0.0
2025-08-02 13:00:00,0.0,0,0.006876053275840935,0,0.0
2025-08-02 14:00:00,0.0,0,0.0007394770859339099,0,0.0
2025-08-02 15:00:00,0.0,0,4.716147094260462e-05,0,0.0
2025-08-02 16:00:00,0.0,0,1.3768128599786177e-06,0,0.0
2025-08-02 17:00:00,0.0,0,3.684288231194841e-07,0,0.0
2025-08-02 18:00:00,0.0,0,6.9587632428822625e-09,0,0.0
2025-08-02 19:00:00,0.0,0,3.072676590278433e-09,0,0.0
2025-08-02 20:00:00,0.0,0,6.413396194824923e-10,0,0.0
2025-08-02 21:00:00,0.0,0,3.556110395885437e-11,0,0.0
2025-08-02 22:00:00,0.0,0,2.2450646220656886e-11,0,0.0
2025-08-02 23:00:00,0.0,0,1.0479354284726642e-10,0,0.0
2025-08-03 00:00:00,0.0,0,8.548454789617272e-11,0,0.0
2025-08-03 01:00:00,0.0,0,7.719461475289171e-11,0,0.0
2025-08-03 02:00:00,0.0,0,8.997603975265675e-10,0,0.0
2025-08-03 03:00:00,0.0,0,2.1285910596197043e-09,0,0.0
2025-08-03 04:00:00,0.0,0,2.7408795766723118e-08,0,0.0
2025-08-03 05:00:00,0.0,0,2.495992276435268e-07,0,0.0
2025-08-03 06:00:00,0.0,0,2.769482963366892e-06,0,0.0
2025-08-03 07:00:00,0.0,0,1.16847475815196e-05,0,0.0
2025-08-03 08:00:00,0.0,0,0.00014430259789214155,0,0.0
2025-08-03 09:00:00,0.0,0,4.295670446846159e-05,0,0.0
2025-08-03 10:00:00,0.0,0,5.660836527792637e-05,0,0.0
2025-08-03 11:00:00,5.799965692668864,1,0.749652109597654,1,4.6800093307547765
2025-08-03 12:00:00,0.0,0,0.14654801502621037,0,0.0
2025-08-03 13:00:00,0.0,0,0.015566519959438628,0,0.0
2025-08-03 14:00:00,0.0,0,0.03643923500406468,0,0.0
2025-08-03 15:00:00,0.0,0,0.00042732675846754724,0,0.0
2025-08-03 16:00:00,0.0,0,1.4211947127331673e-05,0,0.0
2025-08-03 17:00:00,0.0,0,2.453216694355323e-07,0,0.0
2025-08-03 18:00:00,0.0,0,9.34260251104539e-08,0,0.0
2025-08-03 19:00:00,0.0,0,1.2249840552628893e-08,0,0.0
2025-08-03 20:00:00,0.0,0,2.5467305478938692e-09,0,0.0
2025-08-03 21:00:00,0.0,0,2.6455116503161593e-10,0,0.0
2025-08-03 22:00:00,0.0,0,3.209126670119648e-10,0,0.0
2025-08-03 23:00:00,0.0,0,1.8530628129018372e-10,0,0.0
2025-08-04 00:00:00,0.0,0,3.7692333938980155e-10,0,0.0
2025-08-04 01:00:00,0.0,0,1.1953329364325503e-09,0,0.0
2025-08-04 02:00:00,0.0,0,4.895628402333878e-09,0,0.0
2025-08-04 03:00:00,0.0,0,4.446607328917173e-08,0,0.0
2025-08-04 04:00:00,0.0,0,3.2728053837965234e-07,0,0.0
2025-08-04 05:00:00,0.0,0,2.7220870751446647e-06,0,0.0
2025-08-04 06:00:00,0.0,0,5.553970904537071e-06,0,0.0
2025-08-04 07:00:00,0.0,0,0.0008116619014801136,0,0.0
2025-08-04 08:00:00,0.0,0,0.0002160420138833816,0,0.0
2025-08-04 09:00:00,0.0,0,0.02577222855580638,0,0.0
2025-08-04 10:00:00,0.0,0,0.004644762349589191,0,0.0
2025-08-04 11:00:00,0.0,0,0.0002008849340493399,0,0.0
2025-08-04 12:00:00,5.568696561930048,1,0.572101339576424,1,5.126446881259268
2025-08-04 13:00:00,0.0,0,0.4448199443343845,0,0.0
2025-08-04 14:00:00,0.0,0,0.044408510085389784,0,0.0
2025-08-04 15:00:00,0.0,0,0.0013891769680607067,0,0.0
2025-08-04 16:00:00,0.0,0,4.5001418282063586e-05,0,0.0
2025-08-04 17:00:00,0.0,0,3.824088139523357e-07,0,0.0
2025-08-04 18:00:00,0.0,0,1.044616386944332e-07,0,0.0
2025-08-04 19:00:00,0.0,0,1.6890801239738397e-08,0,0.0
2025-08-04 20:00:00,0.0,0,6.7184970423612085e-09,0,0.0
2025-08-04 21:00:00,0.0,0,2.1745739873184513e-09,0,0.0
2025-08-04 22:00:00,0.0,0,2.436678612752791e-09,0,0.0
2025-08-04 23:00:00,0.0,0,1.8278836184930743e-09,0,0.0
2025-08-05 00:00:00,0.0,0,2.6185563283147503e-09,0,0.0
2025-08-05 01:00:00,0.0,0,5.622116520830794e-09,0,0.0
2025-08-05 02:00:00,0.0,0,2.212260572631432e-08,0,0.0
2025-08-05 03:00:00,0.0,0,1.214124605064712e-07,0,0.0
2025-08-05 04:00:00,0.0,0,4.3923142023983326e-07,0,0.0
2025-08-05 05:00:00,0.0,0,1.9566485827676485e-06,0,0.0
2025-08-05 06:00:00,0.0,0,2.7584569737307678e-05,0,0.0
2025-08-05 07:00:00,0.0,0,0.0031301447762171006,0,0.0
2025-08-05 08:00:00,0.0,0,0.02947078122478005,0,0.0
2025-08-05 09:00:00,0.0,0,0.07191066265717388,0,0.0
2025-08-05 10:00:00,0.0,0,0.18639261775164154,0,0.0
2025-08-05 11:00:00,0.0,0,0.005456850040689291,0,0.0
2025-08-05 12:00:00,0.0,0,0.03794109260724145,0,0.0
2025-08-05 13:00:00,0.0,0,0.0019084052357875453,0,0.0
2025-08-05 14:00:00,0.0,0,0.0012637957870630715,0,0.0
2025-08-05 15:00:00,0.0,0,1.113209008862116e-05,0,0.0
2025-08-05 16:00:00,0.0,0,2.8962121942437493e-06,0,0.0
2025-08-05 17:00:00,0.0,0,1.489817365629616e-07,0,0.0
2025-08-05 18:00:00,0.0,0,3.5162174348315413e-09,0,0.0
2025-08-05 19:00:00,0.0,0,4.665685221106272e-09,0,0.0
2025-08-05 20:00:00,0.0,0,6.136521599094526e-09,0,0.0
2025-08-05 21:00:00,0.0,0,1.2830959354485207e-09,0,0.0
2025-08-05 22:00:00,0.0,0,1.8763873814603444e-10,0,0.0
2025-08-05 23:00:00,0.0,0,2.1304367339032452e-10,0,0.0
2025-08-06 00:00:00,0.0,0,4.1188260007073793e-10,0,0.0
2025-08-06 01:00:00,0.0,0,8.030478764533904e-10,0,0.0
2025-08-06 02:00:00,0.0,0,1.222246140672187e-09,0,0.0
2025-08-06 03:00:00,0.0,0,6.2376728763450574e-09,0,0.0
2025-08-06 04:00:00,0.0,0,1.8387210430288149e-07,0,0.0
2025-08-06 05:00:00,0.0,0,6.792897118037224e-07,0,0.0
2025-08-06 06:00:00,0.0,0,3.1108034085938466e-05,0,0.0
2025-08-06 07:00:00,0.0,0,0.0005167194412259633,0,0.0
2025-08-06 08:00:00,0.0,0,0.00021710923015866938,0,0.0
2025-08-06 09:00:00,0.0,0,0.00036694463554962607,0,0.0
2025-08-06 10:00:00,0.0,0,0.00011938217881627757,0,0.0
2025-08-06 11:00:00,6.231287824286334,1,0.694081354582851,1,5.096979879706278
2025-08-06 12:00:00,0.0,0,0.24130237676570523,0,0.0
2025-08-06 13:00:00,0.0,0,0.0322221979008642,0,0.0
2025-08-06 14:00:00,0.0,0,0.023490692984636432,0,0.0
2025-08-06 15:00:00,0.0,0,0.0005043620617259448,0,0.0
2025-08-06 16:00:00,0.0,0,3.896013833167719e-05,0,0.0
2025-08-06 17:00:00,0.0,0,8.247608714157161e-07,0,0.0
2025-08-06 18:00:00,0.0,0,1.2975353725505202e-07,0,0.0
2025-08-06 19:00:00,0.0,0,2.3338362774200558e-08,0,0.0
2025-08-06 20:00:00,0.0,0,7.388849307789123e-09,0,0.0
2025-08-06 21:00:00,0.0,0,3.163581605176835e-09,0,0.0
2025-08-06 22:00:00,0.0,0,1.3477106923573329e-09,0,0.0
2025-08-06 23:00:00,0.0,0,4.796791878987654e-10,0,0.0
2025-08-07 00:00:00,0.0,0,9.650507056317288e-10,0,0.0
2025-08-07 01:00:00,0.0,0,3.068546988274132e-09,0,0.0
2025-08-07 02:00:00,0.0,0,1.5714687994118688e-08,0,0.0
2025-08-07 03:00:00,0.0,0,7.953298871659625e-08,0,0.0
2025-08-07 04:00:00,0.0,0,3.883176458712297e-07,0,0.0
2025-08-07 05:00:00,0.0,0,4.361074874484918e-07,0,0.0
2025-08-07 06:00:00,0.0,0,1.5039404469617764e-05,0,0.0
2025-08-07 07:00:00,0.0,0,0.0015370666037803217,0,0.0
2025-08-07 08:00:00,0.0,0,0.03681230603534288,0,0.0
2025-08-07 09:00:00,0.0,0,0.04080535987426726,0,0.0
2025-08-07 10:00:00,0.0,0,0.025762684688318983,0,0.0
2025-08-07 11:00:00,0.0,0,0.03385633636434034,0,0.0
2025-08-07 12:00:00,0.0,0,0.0011371941820312636,0,0.0
2025-08-07 13:00:00,0.0,0,0.00034589425856478733,0,0.0
2025-08-07 14:00:00,0.0,0,9.620682123416802e-06,0,0.0
2025-08-07 15:00:00,0.0,0,4.693834558266868e-06,0,0.0
2025-08-07 16:00:00,0.0,0,5.679036139891397e-08,0,0.0
2025-08-07 17:00:00,0.0,0,8.092378719831733e-09,0,0.0
2025-08-07 18:00:00,0.0,0,3.960403764474426e-09,0,0.0
2025-08-07 19:00:00,0.0,0,7.851382046291349e-11,0,0.0
2025-08-07 20:00:00,0.0,0,3.319819150565542e-10,0,0.0
2025-08-07 21:00:00,0.0,0,3.036717741335868e-10,0,0.0
2025-08-07 22:00:00,0.0,0,1.1905231211597004e-11,0,0.0
2025-08-07 23:00:00,0.0,0,4.592464374846036e-11,0,0.0
2025-08-08 00:00:00,0.0,0,3.341440552641612e-11,0,0.0
2025-08-08 01:00:00,0.0,0,2.9272688763097714e-10,0,0.0
2025-08-08 02:00:00,0.0,0,6.421537671447361e-10,0,0.0
2025-08-08 03:00:00,0.0,0,1.119164898000274e-08,0,0.0
2025-08-08 04:00:00,0.0,0,1.464376003625608e-08,0,0.0
2025-08-08 05:00:00,0.0,0,2.4832259773928807e-07,0,0.0
2025-08-08 06:00:00,0.0,0,1.3046549578424356e-06,0,0.0
2025-08-08 07:00:00,0.0,0,4.8717788627795406e-05,0,0.0
2025-08-08 08:00:00,0.0,0,4.3972374013975855e-05,0,0.0
2025-08-08 09:00:00,0.0,0,0.00010565393656701132,0,0.0
2025-08-08 10:00:00,6.027155228284721,1,0.5241474531138788,1,5.025137467867108
2025-08-08 11:00:00,0.0,0,0.5287552612208958,1,5.240027367243795
2025-08-08 12:00:00,0.0,0,0.05210384787653812,0,0.0
2025-08-08 13:00:00,0.0,0,0.003489102375001608,0,0.0
2025-08-08 14:00:00,0.0,0,0.003486993455114773,0,0.0
2025-08-08 15:00:00,0.0,0,0.00012137539921080017,0,0.0
2025-08-08 16:00:00,0.0,0,3.9260300342840115e-06,0,0.0
2025-08-08 17:00:00,0.0,0,4.1130846963042645e-07,0,0.0
2025-08-08 18:00:00,0.0,0,3.2226078374217626e-08,0,0.0
2025-08-08 19:00:00,0.0,0,2.8093426427877058e-08,0,0.0
2025-08-08 20:00:00,0.0,0,4.07209953251354e-09,0,0.0
2025-08-08 21:00:00,0.0,0,1.1385757350884754e-09,0,0.0
2025-08-08 22:00:00,0.0,0,4.032465922511164e-10,0,0.0
2025-08-08 23:00:00,0.0,0,2.3926374476964653e-10,0,0.0
2025-08-09 00:00:00,0.0,0,2.7548584093628716e-10,0,0.0
2025-08-09 01:00:00,0.0,0,1.2258059746650106e-09,0,0.0
2025-08-09 02:00:00,0.0,0,3.6898216676296273e-09,0,0.0
2025-08-09 03:00:00,0.0,0,5.8510439882394876e-08,0,0.0
2025-08-09 04:00:00,0.0,0,4.4039320332932865e-07,0,0.0
2025-08-09 05:00:00,0.0,0,1.5928122355340607e-06,0,0.0
2025-08-09 06:00:00,0.0,0,3.2962775873083046e-05,0,0.0
2025-08-09 07:00:00,0.0,0,0.0001813482768462266,0,0.0
2025-08-09 08:00:00,0.0,0,0.0016384056107479551,0,0.0
2025-08-09 09:00:00,0.0,0,0.00014225725010038852,0,0.0
2025-08-09 10:00:00,0.0,0,0.00048755897185871554,0,0.0
2025-08-09 11:00:00,0.0,0,3.395109083102419e-05,0,0.0
2025-08-09 12:00:00,6.565650679448344,1,0.782625109945138,1,6.205585400989632
2025-08-09 13:00:00,0.0,0,0.30540872872493935,0,0.0
2025-08-09 14:00:00,0.0,0,0.025351780039233347,0,0.0
2025-08-09 15:00:00,0.0,0,0.0019348001030730184,0,0.0
2025-08-09 16:00:00,0.0,0,9.645625925547397e-06,0,0.0
2025-08-09 17:00:00,0.0,0,2.3307076658548288e-06,0,0.0
2025-08-09 18:00:00,0.0,0,3.611027849300877e-07,0,0.0
2025-08-09 19:00:00,0.0,0,1.0703290781623943e-07,0,0.0
2025-08-09 20:00:00,0.0,0,1.8009458144374562e-08,0,0.0
2025-08-09 21:00:00,0.0,0,5.438196013197459e-09,0,0.0
2025-08-09 22:00:00,0.0,0,1.3480324935646551e-09,0,0.0
2025-08-09 23:00:00,0.0,0,1.151921668099051e-09,0,0.0
2025-08-10 00:00:00,0.0,0,5.755913380253983e-10,0,0.0
2025-08-10 01:00:00,0.0,0,1.4019178419898338e-09,0,0.0
2025-08-10 02:00:00,0.0,0,1.5154059939019207e-08,0,0.0
2025-08-10 03:00:00,0.0,0,5.1838398281946674e-08,0,0.0
2025-08-10 04:00:00,0.0,0,3.215008790111795e-07,0,0.0
2025-08-10 05:00:00,0.0,0,4.878819566450748e-07,0,0.0
2025-08-10 06:00:00,0.0,0,1.534498350073141e-05,0,0.0
2025-08-10 07:00:00,0.0,0,0.0012962216521624722,0,0.0
2025-08-10 08:00:00,0.0,0,0.027794278074100693,0,0.0
2025-08-10 09:00:00,0.0,0,0.07216376937211494,0,0.0
2025-08-10 10:00:00,0.0,0,0.0011345735661050052,0,0.0
2025-08-10 11:00:00,0.0,0,0.0019229790691932301,0,0.0
2025-08-10 12:00:00,0.0,0,0.00019223037773353065,0,0.0
2025-08-10 13:00:00,0.0,0,0.0004017981385444077,0,0.0
2025-08-10 14:00:00,0.0,0,7.239649667210709e-06,0,0.0
2025-08-10 15:00:00,0.0,0,1.6537628284909325e-06,0,0.0
2025-08-10 16:00:00,0.0,0,2.0094787349340416e-08,0,0.0
2025-08-10 17:00:00,0.0,0,9.473516224545973e-09,0,0.0
2025-08-10 18:00:00,0.0,0,2.0163623143210633e-09,0,0.0
2025-08-10 19:00:00,0.0,0,4.559899676531437e-10,0,0.0
2025-08-10 20:00:00,0.0,0,6.912571125480984e-10,0,0.0
2025-08-10 21:00:00,0.0,0,8.16717070400795e-11,0,0.0
2025-08-10 22:00:00,0.0,0,2.5531650362551467e-11,0,0.0
2025-08-10 23:00:00,0.0,0,2.394793864518953e-11,0,0.0
2025-08-11 00:00:00,0.0,0,1.5260938329124108e-10,0,0.0
2025-08-11 01:00:00,0.0,0,6.354582681591613e-11,0,0.0
2025-08-11 02:00:00,0.0,0,7.258053379734842e-10,0,0.0
2025-08-11 03:00:00,0.0,0,7.727640804864458e-09,0,0.0
2025-08-11 04:00:00,0.0,0,3.1226682875761595e-08,0,0.0
2025-08-11 05:00:00,0.0,0,1.7988810710551364e-07,0,0.0
2025-08-11 06:00:00,0.0,0,5.248357648581619e-06,0,0.0
2025-08-11 07:00:00,0.0,0,1.1516316714374756e-05,0,0.0
2025-08-11 08:00:00,0.0,0,8.071720801818014e-06,0,0.0
2025-08-11 09:00:00,6.224933251198057,1,0.4276476078149921,0,0.0
2025-08-11 10:00:00,0.0,0,0.1504907282884261,0,0.0
2025-08-11 11:00:00,0.0,0,0.09157989396263153,0,0.0
2025-08-11 12:00:00,0.0,0,0.07183198293947159,0,0.0
2025-08-11 13:00:00,0.0,0,0.0006310289082545688,0,0.0
2025-08-11 14:00:00,0.0,0,0.0017678538043139891,0,0.0
2025-08-11 15:00:00,0.0,0,0.00014112579493364533,0,0.0
2025-08-11 16:00:00,0.0,0,5.961734488195088e-07,0,0.0
2025-08-11 17:00:00,0.0,0,4.6086318495316064e-08,0,0.0
2025-08-11 18:00:00,0.0,0,3.777322610412729e-08,0,0.0
2025-08-11 19:00:00,0.0,0,2.6399048651745083e-08,0,0.0
2025-08-11 20:00:00,0.0,0,4.967395091416108e-09,0,0.0
2025-08-11 21:00:00,0.0,0,1.068543628892626e-09,0,0.0
2025-08-11 22:00:00,0.0,0,8.572338921769235e-10,0,0.0
2025-08-11 23:00:00,0.0,0,7.888015907154773e-10,0,0.0
2025-08-12 00:00:00,0.0,0,1.5176897702449388e-10,0,0.0
2025-08-12 01:00:00,0.0,0,2.0524771841174032e-10,0,0.0
2025-08-12 02:00:00,0.0,0,1.557841382791057e-09,0,0.0
2025-08-12 03:00:00,0.0,0,3.414945182632851e-09,0,0.0
2025-08-12 04:00:00,0.0,0,4.066889500673945e-09,0,0.0
2025-08-12 05:00:00,0.0,0,2.24627300220947e-08,0,0.0
2025-08-12 06:00:00,0.0,0,1.6160467679453328e-06,0,0.0
2025-08-12 07:00:00,0.0,0,3.63780754319865e-06,0,0.0
2025-08-12 08:00:00,0.0,0,5.524288973465416e-05,0,0.0
2025-08-12 09:00:00,0.0,0,0.00036999726100657595,0,0.0
2025-08-12 10:00:00,5.466056620720238,1,0.5727471616286305,1,4.411482044964111
2025-08-12 11:00:00,0.0,0,0.7251976451534289,1,5.072892845508212
2025-08-12 12:00:00,0.0,0,0.05031132785941798,0,0.0
2025-08-12 13:00:00,0.0,0,0.004705916172851466,0,0.0
2025-08-12 14:00:00,0.0,0,0.00048719877973438084,0,0.0
2025-08-12 15:00:00,0.0,0,5.242645786606454e-05,0,0.0
2025-08-12 16:00:00,0.0,0,6.423801849495888e-05,0,0.0
2025-08-12 17:00:00,0.0,0,2.8989701685508537e-07,0,0.0
2025-08-12 18:00:00,0.0,0,2.6056203782458372e-08,0,0.0
2025-08-12 19:00:00,0.0,0,1.8180171614061147e-08,0,0.0
2025-08-12 20:00:00,0.0,0,3.1214938523802454e-09,0,0.0
2025-08-12 21:00:00,0.0,0,7.923802300540538e-10,0,0.0
2025-08-12 22:00:00,0.0,0,8.975101511709935e-10,0,0.0
2025-08-12 23:00:00,0.0,0,3.85133973947145e-10,0,0.0
2025-08-13 00:00:00,0.0,0,6.510709332404343e-10,0,0.0
2025-08-13 01:00:00,0.0,0,2.637037124506863e-09,0,0.0
2025-08-13 02:00:00,0.0,0,2.9150168414341725e-09,0,0.0
2025-08-13 03:00:00,0.0,0,1.975426944593427e-08,0,0.0
2025-08-13 04:00:00,0.0,0,3.8781666366898484e-08,0,0.0
2025-08-13 05:00:00,0.0,0,1.005229771915149e-07,0,0.0
2025-08-13 06:00:00,0.0,0,1.3636402127445048e-06,0,0.0
2025-08-13 07:00:00,0.0,0,7.894385040203613e-06,0,0.0
2025-08-13 08:00:00,0.0,0,0.00027957484396564714,0,0.0
2025-08-13 09:00:00,0.0,0,0.02637690886186275,0,0.0
2025-08-13 10:00:00,0.0,0,0.0002569961783202325,0,0.0
2025-08-13 11:00:00,0.0,0,0.0005205919598923598,0,0.0
2025-08-13 12:00:00,0.0,0,0.0003243050896852634,0,0.0
2025-08-13 13:00:00,0.0,0,0.00010198915644575116,0,0.0
2025-08-13 14:00:00,0.0,0,0.0002194505444494251,0,0.0
2025-08-13 15:00:00,0.0,0,2.1130807570888767e-06,0,0.0
2025-08-13 16:00:00,0.0,0,4.604057547465701e-08,0,0.0
2025-08-13 17:00:00,0.0,0,2.521411741346032e-09,0,0.0
2025-08-13 18:00:00,0.0,0,3.049960720079957e-09,0,0.0
2025-08-13 19:00:00,0.0,0,1.3572188982504574e-11,0,0.0
2025-08-13 20:00:00,0.0,0,5.624774291471145e-11,0,0.0
2025-08-13 21:00:00,0.0,0,9.480057420825151e-11,0,0.0
2025-08-13 22:00:00,0.0,0,1.0830034358951576e-11,0,0.0
2025-08-13 23:00:00,0.0,0,4.0493852907590085e-11,0,0.0
2025-08-14 00:00:00,0.0,0,2.545053415130927e-12,0,0.0
2025-08-14 01:00:00,0.0,0,1.3092007799768809e-10,0,0.0
2025-08-14 02:00:00,0.0,0,2.062913999653772e-10,0,0.0
2025-08-14 03:00:00,0.0,0,5.354309711244916e-10,0,0.0
2025-08-14 04:00:00,0.0,0,2.18308772241541e-09,0,0.0
2025-08-14 05:00:00,0.0,0,3.514979085119849e-08,0,0.0
2025-08-14 06:00:00,0.0,0,6.460330813259436e-08,0,0.0
2025-08-14 07:00:00,0.0,0,9.307495267207855e-07,0,0.0
2025-08-14 08:00:00,0.0,0,5.2996451240592166e-05,0,0.0
2025-08-14 09:00:00,5.989997665899032,1,0.6281059676295868,1,5.153708403255672
2025-08-14 10:00:00,0.0,0,0.48699859996056155,0,0.0
2025-08-14 11:00:00,0.0,0,0.02874949937057112,0,0.0
2025-08-14 12:00:00,0.0,0,0.006399154447734482,0,0.0
2025-08-14 13:00:00,0.0,0,0.05034947667387917,0,0.0
2025-08-14 14:00:00,0.0,0,0.002122463629958856,0,0.0
2025-08-14 15:00:00,0.0,0,0.00018252139058806723,0,0.0
2025-08-14 16:00:00,0.0,0,6.587224936984901e-06,0,0.0
2025-08-14 17:00:00,0.0,0,3.7581897311416243e-07,0,0.0
2025-08-14 18:00:00,0.0,0,2.8128630663167593e-08,0,0.0
2025-08-14 19:00:00,0.0,0,1.6246877234483354e-08,0,0.0
2025-08-14 20:00:00,0.0,0,1.4123995436954768e-09,0,0.0
2025-08-14 21:00:00,0.0,0,4.4470925130471035e-10,0,0.0
2025-08-14 22:00:00,0.0,0,3.1743363358218944e-10,0,0.0
2025-08-14 23:00:00,0.0,0,3.008145357201139e-10,0,0.0
2025-08-15 00:00:00,0.0,0,4.000269269975477e-10,0,0.0
2025-08-15 01:00:00,0.0,0,4.6424866803469346e-10,0,0.0
2025-08-15 02:00:00,0.0,0,1.964634347233593e-09,0,0.0
2025-08-15 03:00:00,0.0,0,4.295961616325961e-09,0,0.0
2025-08-15 04:00:00,0.0,0,3.797104033750225e-08,0,0.0
2025-08-15 05:00:00,0.0,0,7.852026766100295e-08,0,0.0
2025-08-15 06:00:00,0.0,0,1.8400912792344864e-06,0,0.0
2025-08-15 07:00:00,0.0,0,0.0002025077595217164,0,0.0
2025-08-15 08:00:00,0.0,0,0.0003878408922153891,0,0.0
2025-08-15 09:00:00,0.0,0,0.0022128230759316347,0,0.0
2025-08-15 10:00:00,0.0,0,0.00030706062794904834,0,0.0
2025-08-15 11:00:00,0.0,0,0.0003119080198736119,0,0.0
2025-08-15 12:00:00,0.0,0,8.52225589570067e-05,0,0.0
2025-08-15 13:00:00,0.0,0,7.973057651348558e-05,0,0.0
2025-08-15 14:00:00,0.0,0,7.374579249103343e-06,0,0.0
2025-08-15 15:00:00,0.0,0,5.40419860022639e-06,0,0.0
2025-08-15 16:00:00,0.0,0,1.577569470786235e-08,0,0.0
2025-08-15 17:00:00,0.0,0,8.179453200309988e-09,0,0.0
2025-08-15 18:00:00,0.0,0,3.6271372689631086e-11,0,0.0
2025-08-15 19:00:00,0.0,0,1.2803221952535853e-10,0,0.0
2025-08-15 20:00:00,0.0,0,1.3033994627252817e-10,0,0.0
2025-08-15 21:00:00,0.0,0,1.348753998944622e-11,0,0.0
2025-08-15 22:00:00,0.0,0,4.016248030094339e-11,0,0.0
2025-08-15 23:00:00,0.0,0,6.060156047562035e-12,0,0.0
2025-08-16 00:00:00,0.0,0,3.669180409489831e-11,0,0.0
2025-08-16 01:00:00,0.0,0,6.301819248062115e-11,0,0.0
2025-08-16 02:00:00,0.0,0,1.2286172953175285e-09,0,0.0
2025-08-16 03:00:00,0.0,0,1.5105046029561395e-09,0,0.0
2025-08-16 04:00:00,0.0,0,7.667171826201007e-09,0,0.0
2025-08-16 05:00:00,0.0,0,9.871567971832606e-08,0,0.0
2025-08-16 06:00:00,0.0,0,2.1466127876742452e-07,0,0.0
2025-08-16 07:00:00,0.0,0,2.9355188025636686e-06,0,0.0
2025-08-16 08:00:00,0.0,0,0.00010427909941420362,0,0.0
2025-08-16 09:00:00,0.0,0,0.0009683643375507962,0,0.0
2025-08-16 10:00:00,0.0,0,0.0008090843664575089,0,0.0
2025-08-16 11:00:00,0.0,0,0.0011231788327551015,0,0.0
2025-08-16 12:00:00,0.0,0,0.004830571314739896,0,0.0
2025-08-16 13:00:00,0.0,0,7.439144968299243e-05,0,0.0
2025-08-16 14:00:00,0.0,0,6.073022175713052e-05,0,0.0
2025-08-16 15:00:00,0.0,0,5.260658341149426e-06,0,0.0
2025-08-16 16:00:00,0.0,0,1.1228610606402037e-06,0,0.0
2025-08-16 17:00:00,0.0,0,6.673006954366456e-09,0,0.0
2025-08-16 18:00:00,0.0,0,1.7198364742262057e-09,0,0.0
2025-08-16 19:00:00,0.0,0,5.485329003917674e-10,0,0.0
2025-08-16 20:00:00,0.0,0,1.0662575810081331e-10,0,0.0
2025-08-16 21:00:00,0.0,0,1.3829098165071139e-10,0,0.0
2025-08-16 22:00:00,0.0,0,1.0180764371294937e-10,0,0.0
2025-08-16 23:00:00,0.0,0,8.283805203360998e-11,0,0.0
2025-08-17 00:00:00,0.0,0,4.1856490387622226e-11,0,0.0
2025-08-17 01:00:00,0.0,0,3.4777000157417395e-10,0,0.0
2025-08-17 02:00:00,0.0,0,1.6414847612753716e-09,0,0.0
2025-08-17 03:00:00,0.0,0,6.5159748039453145e-09,0,0.0
2025-08-17 04:00:00,0.0,0,3.7236600473978835e-08,0,0.0
2025-08-17 05:00:00,0.0,0,9.783087138628589e-08,0,0.0
2025-08-17 06:00:00,0.0,0,6.194548135193602e-07,0,0.0
2025-08-17 07:00:00,0.0,0,1.023526031775125e-05,0,0.0
2025-08-17 08:00:00,0.0,0,0.00035495237266067756,0,0.0
2025-08-17 09:00:00,0.0,0,0.01906645826784895,0,0.0
2025-08-17 10:00:00,0.0,0,0.011130608763441427,0,0.0
2025-08-17 11:00:00,0.0,0,0.030256922984031834,0,0.0
2025-08-17 12:00:00,0.0,0,0.003887114564602028,0,0.0
2025-08-17 13:00:00,0.0,0,0.00034050987708054563,0,0.0
2025-08-17 14:00:00,0.0,0,0.00037227796837877784,0,0.0
2025-08-17 15:00:00,0.0,0,2.0250345298125912e-05,0,0.0
2025-08-17 16:00:00,0.0,0,1.851925306257488e-06,0,0.0
2025-08-17 17:00:00,0.0,0,3.023815718389017e-07,0,0.0
2025-08-17 18:00:00,0.0,0,3.791259799375275e-08,0,0.0
2025-08-17 19:00:00,0.0,0,7.395148069474742e-09,0,0.0
2025-08-17 20:00:00,0.0,0,1.4498061052495617e-09,0,0.0
2025-08-17 21:00:00,0.0,0,2.4774690996077105e-10,0,0.0
2025-08-17 22:00:00,0.0,0,1.6611059537557213e-10,0,0.0
2025-08-17 23:00:00,0.0,0,2.8574614426520793e-10,0,0.0
2025-08-18 00:00:00,0.0,0,5.457752205675601e-10,0,0.0
2025-08-18 01:00:00,0.0,0,8.709965629359123e-10,0,0.0
2025-08-18 02:00:00,0.0,0,4.413405201161427e-09,0,0.0
2025-08-18 03:00:00,0.0,0,1.7931821254438835e-08,0,0.0
2025-08-18 04:00:00,0.0,0,6.435366766245482e-08,0,0.0
2025-08-18 05:00:00,0.0,0,1.523276320686605e-07,0,0.0
2025-08-18 06:00:00,0.0,0,1.5677886469476157e-06,0,0.0
2025-08-18 07:00:00,0.0,0,2.5042653187719037e-05,0,0.0
2025-08-18 08:00:00,0.0,0,0.0008844087255480996,0,0.0
2025-08-18 09:00:00,0.0,0,0.015614718571118113,0,0.0
2025-08-18 10:00:00,0.0,0,0.0010000863483274117,0,0.0
2025-08-18 11:00:00,0.0,0,0.0038213793171192312,0,0.0
2025-08-18 12:00:00,0.0,0,0.0001615020064752039,0,0.0
2025-08-18 13:00:00,0.0,0,0.00010617373020355696,0,0.0
2025-08-18 14:00:00,0.0,0,4.070373279644724e-05,0,0.0
2025-08-18 15:00:00,0.0,0,2.5333244860840804e-06,0,0.0
2025-08-18 16:00:00,0.0,0,3.64198476974029e-07,0,0.0
2025-08-18 17:00:00,0.0,0,1.6126858110948237e-08,0,0.0
2025-08-18 18:00:00,0.0,0,2.6305470050972748e-09,0,0.0
2025-08-18 19:00:00,0.0,0,2.3945146656132765e-09,0,0.0
2025-08-18 20:00:00,0.0,0,5.086320311168831e-11,0,0.0
2025-08-18 21:00:00,0.0,0,6.19435897840069e-11,0,0.0
2025-08-18 22:00:00,0.0,0,1.3693710440321924e-11,0,0.0
2025-08-18 23:00:00,0.0,0,2.7144923474023464e-11,0,0.0
2025-08-19 00:00:00,0.0,0,1.2193607819779635e-10,0,0.0
2025-08-19 01:00:00,0.0,0,4.3856666603537897e-10,0,0.0
2025-08-19 02:00:00,0.0,0,5.827122680002176e-10,0,0.0
2025-08-19 03:00:00,0.0,0,6.393322848203909e-09,0,0.0
2025-08-19 04:00:00,0.0,0,1.91241203352926e-08,0,0.0
2025-08-19 05:00:00,0.0,0,6.947576088324342e-08,0,0.0
2025-08-19 06:00:00,0.0,0,1.02763252706469e-06,0,0.0
2025-08-19 07:00:00,0.0,0,1.0409230356802574e-05,0,0.0
2025-08-19 08:00:00,0.0,0,1.645321715656802e-05,0,0.0
2025-08-19 09:00:00,0.0,0,6.000842285562209e-05,0,0.0
2025-08-19 10:00:00,6.390199985800551,1,0.4037854771482401,0,0.0
2025-08-19 11:00:00,0.0,0,0.2157405264144567,0,0.0
2025-08-19 12:00:00,0.0,0,0.20353150853895186,0,0.0
2025-08-19 13:00:00,0.0,0,0.016049229435284793,0,0.0
2025-08-19 14:00:00,0.0,0,0.018780416450938732,0,0.0
2025-08-19 15:00:00,0.0,0,0.0001540815777532126,0,0.0
2025-08-19 16:00:00,0.0,0,4.42183290576044e-05,0,0.0
2025-08-19 17:00:00,0.0,0,2.601136394863666e-07,0,0.0
2025-08-19 18:00:00,0.0,0,2.283591800482734e-07,0,0.0
2025-08-19 19:00:00,0.0,0,2.3291182479724166e-08,0,0.0
2025-08-19 20:00:00,0.0,0,3.6769468426565896e-09,0,0.0
2025-08-19 21:00:00,0.0,0,4.63076718968903e-10,0,0.0
2025-08-19 22:00:00,0.0,0,3.415218167330522e-10,0,0.0
2025-08-19 23:00:00,0.0,0,3.5018355550634433e-10,0,0.0
2025-08-20 00:00:00,0.0,0,5.331416298670906e-10,0,0.0
2025-08-20 01:00:00,0.0,0,9.168271231196553e-10,0,0.0
2025-08-20 02:00:00,0.0,0,5.091105771039871e-09,0,0.0
2025-08-20 03:00:00,0.0,0,1.7934319614726508e-08,0,0.0
2025-08-20 04:00:00,0.0,0,1.176128410544004e-07,0,0.0
2025-08-20 05:00:00,0.0,0,2.664876030447706e-07,0,0.0
2025-08-20 06:00:00,0.0,0,3.767717482963629e-05,0,0.0
2025-08-20 07:00:00,0.0,0,0.0004972367501030054,0,0.0
2025-08-20 08:00:00,0.0,0,0.009147798355624773,0,0.0
2025-08-20 09:00:00,0.0,0,0.002622525009741015,0,0.0
2025-08-20 10:00:00,0.0,0,0.0005999511721179665,0,0.0
2025-08-20 11:00:00,0.0,0,0.0032841028440601795,0,0.0
2025-08-20 12:00:00,0.0,0,0.0007590261576294056,0,0.0
2025-08-20 13:00:00,0.0,0,0.00023412866779340746,0,0.0
2025-08-20 14:00:00,0.0,0,3.443914940326993e-05,0,0.0
2025-08-20 15:00:00,0.0,0,1.192143705054937e-05,0,0.0
2025-08-20 16:00:00,0.0,0,2.334538474081296e-07,0,0.0
2025-08-20 17:00:00,0.0,0,3.094475843785937e-09,0,0.0
2025-08-20 18:00:00,0.0,0,1.3871229339788462e-08,0,0.0
2025-08-20 19:00:00,0.0,0,9.86106165023437e-11,0,0.0
2025-08-20 20:00:00,0.0,0,1.3874924033871044e-10,0,0.0
2025-08-20 21:00:00,0.0,0,3.2487348868617265e-11,0,0.0
2025-08-20 22:00:00,0.0,0,2.7067475864018768e-11,0,0.0
2025-08-20 23:00:00,0.0,0,9.958624639810558e-12,0,0.0
2025-08-21 00:00:00,0.0,0,2.37184287944811e-11,0,0.0
2025-08-21 01:00:00,0.0,0,2.4873713365358372e-11,0,0.0
2025-08-21 02:00:00,0.0,0,1.4514444724107656e-10,0,0.0
2025-08-21 03:00:00,0.0,0,1.9943969586397758e-10,0,0.0
2025-08-21 04:00:00,0.0,0,5.394764800931397e-09,0,0.0
2025-08-21 05:00:00,0.0,0,5.251576703150636e-08,0,0.0
2025-08-21 06:00:00,0.0,0,6.014007576067112e-07,0,0.0
2025-08-21 07:00:00,0.0,0,4.123895262939239e-07,0,0.0
2025-08-21 08:00:00,0.0,0,8.160794613988208e-06,0,0.0
2025-08-21 09:00:00,6.252003500407984,1,0.5169651385732296,1,5.8099448994953296
2025-08-21 10:00:00,0.0,0,0.1332263895933207,0,0.0
2025-08-21 11:00:00,0.0,0,0.029869834673943257,0,0.0
2025-08-21 12:00:00,0.0,0,0.05221576339062684,0,0.0
2025-08-21 13:00:00,0.0,0,0.005266418013494422,0,0.0
2025-08-21 14:00:00,0.0,0,0.0008771966087964665,0,0.0
2025-08-21 15:00:00,0.0,0,4.5572876382025865e-05,0,0.0
2025-08-21 16:00:00,0.0,0,4.0400319182398e-05,0,0.0
2025-08-21 17:00:00,0.0,0,1.816328195278349e-07,0,0.0
2025-08-21 18:00:00,0.0,0,4.574819471215879e-08,0,0.0
2025-08-21 19:00:00,0.0,0,1.7252875291800722e-08,0,0.0
2025-08-21 20:00:00,0.0,0,2.005281005362416e-09,0,0.0
2025-08-21 21:00:00,0.0,0,4.2128060817651564e-10,0,0.0
2025-08-21 22:00:00,0.0,0,4.082525066049608e-10,0,0.0
2025-08-21 23:00:00,0.0,0,2.223963559828288e-10,0,0.0
2025-08-22 00:00:00,0.0,0,2.916387244422576e-10,0,0.0
2025-08-22 01:00:00,0.0,0,5.204657530224529e-10,0,0.0
2025-08-22 02:00:00,0.0,0,1.215542226582202e-09,0,0.0
2025-08-22 03:00:00,0.0,0,1.3716104695215355e-08,0,0.0
2025-08-22 04:00:00,0.0,0,3.072045358764643e-08,0,0.0
2025-08-22 05:00:00,0.0,0,7.874725532386666e-08,0,0.0
2025-08-22 06:00:00,0.0,0,2.7915028413137447e-06,0,0.0
2025-08-22 07:00:00,0.0,0,0.00015539519705259943,0,0.0
2025-08-22 08:00:00,0.0,0,0.0002076534090136609,0,0.0
2025-08-22 09:00:00,0.0,0,0.0014442038827702551,0,0.0
2025-08-22 10:00:00,0.0,0,0.0012942024615518954,0,0.0
2025-08-22 11:00:00,0.0,0,0.00010790262472296634,0,0.0
2025-08-22 12:00:00,0.0,0,0.0003762619462071401,0,0.0
2025-08-22 13:00:00,5.785736460341675,1,0.18951039893023533,0,0.0
2025-08-22 14:00:00,0.0,0,0.10333202484850706,0,0.0
2025-08-22 15:00:00,0.0,0,0.010653371776835568,0,0.0
2025-08-22 16:00:00,0.0,0,3.822355438818972e-05,0,0.0
2025-08-22 17:00:00,0.0,0,2.5800190082206743e-06,0,0.0
2025-08-22 18:00:00,0.0,0,2.6456957166692063e-07,0,0.0
2025-08-22 19:00:00,0.0,0,3.2415282315060244e-08,0,0.0
2025-08-22 20:00:00,0.0,0,4.5352664258100264e-09,0,0.0
2025-08-22 21:00:00,0.0,0,1.0021694178000416e-09,0,0.0
2025-08-22 22:00:00,0.0,0,6.316540191398359e-10,0,0.0
2025-08-22 23:00:00,0.0,0,3.086194609201516e-10,0,0.0
2025-08-23 00:00:00,0.0,0,1.5015101262944687e-10,0,0.0
2025-08-23 01:00:00,0.0,0,1.0551837780002443e-09,0,0.0
2025-08-23 02:00:00,0.0,0,4.3449327265439804e-09,0,0.0
2025-08-23 03:00:00,0.0,0,1.9937731665597944e-09,0,0.0
2025-08-23 04:00:00,0.0,0,2.899846387720239e-09,0,0.0
2025-08-23 05:00:00,0.0,0,2.23293214210007e-08,0,0.0
2025-08-23 06:00:00,0.0,0,8.835435561526671e-08,0,0.0
2025-08-23 07:00:00,0.0,0,1.0987290263772488e-06,0,0.0
2025-08-23 08:00:00,0.0,0,0.0003539639482211038,0,0.0
2025-08-23 09:00:00,0.0,0,0.1720893250268268,0,0.0
2025-08-23 10:00:00,0.0,0,0.475545129397695,0,0.0
2025-08-23 11:00:00,0.0,0,0.2111620478936124,0,0.0
2025-08-23 12:00:00,0.0,0,0.11835185930522191,0,0.0
2025-08-23 13:00:00,0.0,0,0.1951980140589145,0,0.0
2025-08-23 14:00:00,0.0,0,0.02492424233839333,0,0.0
2025-08-23 15:00:00,0.0,0,0.0005947935671612458,0,0.0
2025-08-23 16:00:00,0.0,0,0.00010318141873942703,0,0.0
2025-08-23 17:00:00,0.0,0,2.4550249718091946e-06,0,0.0
2025-08-23 18:00:00,0.0,0,2.299157685749188e-07,0,0.0
2025-08-23 19:00:00,0.0,0,3.6355125037635216e-08,0,0.0
2025-08-23 20:00:00,0.0,0,4.430894180879412e-09,0,0.0
2025-08-23 21:00:00,0.0,0,1.1165671560948325e-09,0,0.0
2025-08-23 22:00:00,0.0,0,3.4504436224971595e-10,0,0.0
2025-08-23 23:00:00,0.0,0,1.9350613974862e-10,0,0.0
2025-08-24 00:00:00,0.0,0,2.895935215590252e-10,0,0.0
2025-08-24 01:00:00,0.0,0,9.533434561660365e-10,0,0.0
2025-08-24 02:00:00,0.0,0,3.731266667278427e-09,0,0.0
2025-08-24 03:00:00,0.0,0,7.743356784040223e-09,0,0.0
2025-08-24 04:00:00,0.0,0,6.3233373535685024e-09,0,0.0
2025-08-24 05:00:00,0.0,0,3.006176984938538e-08,0,0.0
2025-08-24 06:00:00,0.0,0,4.4834663332465304e-07,0,0.0
2025-08-24 07:00:00,0.0,0,2.9775116131545842e-05,0,0.0
2025-08-24 08:00:00,0.0,0,0.01109887483575875,0,0.0
2025-08-24 09:00:00,0.0,0,0.038879053887185044,0,0.0
2025-08-24 10:00:00,0.0,0,0.002891248585103684,0,0.0
2025-08-24 11:00:00,0.0,0,0.008207037909250295,0,0.0
2025-08-24 12:00:00,0.0,0,0.004106262675815792,0,0.0
2025-08-24 13:00:00,0.0,0,0.0028342816697720864,0,0.0
2025-08-24 14:00:00,0.0,0,0.0002855641120351098,0,0.0
2025-08-24 15:00:00,0.0,0,1.5193451957837632e-05,0,0.0
2025-08-24 16:00:00,0.0,0,2.8013236258088807e-06,0,0.0
2025-08-24 17:00:00,0.0,0,1.8210201151549262e-08,0,0.0
2025-08-24 18:00:00,0.0,0,6.061433871830432e-08,0,0.0
2025-08-24 19:00:00,0.0,0,1.4099136745023725e-08,0,0.0
2025-08-24 20:00:00,0.0,0,1.6109911082040702e-10,0,0.0
2025-08-24 21:00:00,0.0,0,1.76450206554776e-10,0,0.0
2025-08-24 22:00:00,0.0,0,2.2162091611140706e-10,0,0.0
2025-08-24 23:00:00,0.0,0,4.269245195143565e-10,0,0.0
2025-08-25 00:00:00,0.0,0,2.375991132779996e-10,0,0.0
2025-08-25 01:00:00,0.0,0,6.380787137129207e-10,0,0.0
2025-08-25 02:00:00,0.0,0,1.904283021063736e-09,0,0.0
2025-08-25 03:00:00,0.0,0,2.943154735601577e-09,0,0.0
2025-08-25 04:00:00,0.0,0,2.713263113339946e-08,0,0.0
2025-08-25 05:00:00,0.0,0,7.296168492440568e-08,0,0.0
2025-08-25 06:00:00,0.0,0,1.063039423698681e-06,0,0.0
2025-08-25 07:00:00,0.0,0,1.5263250135910265e-05,0,0.0
2025-08-25 08:00:00,0.0,0,0.000692988449410339,0,0.0
2025-08-25 09:00:00,0.0,0,0.024353218868694106,0,0.0
2025-08-25 10:00:00,0.0,0,0.0831568569542149,0,0.0
2025-08-25 11:00:00,0.0,0,0.20024904616646277,0,0.0
2025-08-25 12:00:00,0.0,0,0.0627739264745131,0,0.0
2025-08-25 13:00:00,0.0,0,0.013838476015559707,0,0.0
2025-08-25 14:00:00,0.0,0,0.008833373053564257,0,0.0
2025-08-25 15:00:00,0.0,0,0.00022313071558650174,0,0.0
2025-08-25 16:00:00,0.0,0,7.123424480952247e-06,0,0.0
2025-08-25 17:00:00,0.0,0,8.679758191228399e-07,0,0.0
2025-08-25 18:00:00,0.0,0,7.380390575532897e-08,0,0.0
2025-08-25 19:00:00,0.0,0,9.758381427273127e-09,0,0.0
2025-08-25 20:00:00,0.0,0,3.4397334791671373e-09,0,0.0
2025-08-25 21:00:00,0.0,0,7.16120482098692e-10,0,0.0
2025-08-25 22:00:00,0.0,0,2.232125063714733e-10,0,0.0
2025-08-25 23:00:00,0.0,0,2.072539395454435e-10,0,0.0
2025-08-26 00:00:00,0.0,0,2.2644720636563966e-10,0,0.0
2025-08-26 01:00:00,0.0,0,8.325718423913588e-10,0,0.0
2025-08-26 02:00:00,0.0,0,2.752153725760085e-09,0,0.0
2025-08-26 03:00:00,0.0,0,9.64378424735694e-09,0,0.0
2025-08-26 04:00:00,0.0,0,2.1648264954896996e-08,0,0.0
2025-08-26 05:00:00,0.0,0,8.069840775436186e-08,0,0.0
2025-08-26 06:00:00,0.0,0,2.166493189960314e-06,0,0.0
2025-08-26 07:00:00,0.0,0,8.944886469671264e-05,0,0.0
2025-08-26 08:00:00,0.0,0,0.007121285859780695,0,0.0
2025-08-26 09:00:00,0.0,0,0.04885058204202965,0,0.0
2025-08-26 10:00:00,0.0,0,0.0020375480099668894,0,0.0
2025-08-26 11:00:00,0.0,0,0.005617479070729183,0,0.0
2025-08-26 12:00:00,0.0,0,5.4384949790127325e-05,0,0.0
2025-08-26 13:00:00,0.0,0,0.00010826536502986505,0,0.0
2025-08-26 14:00:00,0.0,0,5.995305359876954e-05,0,0.0
2025-08-26 15:00:00,0.0,0,1.1507658307466971e-05,0,0.0
2025-08-26 16:00:00,0.0,0,8.066424326728649e-07,0,0.0
2025-08-26 17:00:00,0.0,0,4.9017680740254405e-09,0,0.0
2025-08-26 18:00:00,0.0,0,4.409321228799185e-09,0,0.0
2025-08-26 19:00:00,0.0,0,1.583574219256714e-09,0,0.0
2025-08-26 20:00:00,0.0,0,1.244437979878979e-10,0,0.0
2025-08-26 21:00:00,0.0,0,6.223308571073106e-11,0,0.0
2025-08-26 22:00:00,0.0,0,1.3338418559549135e-11,0,0.0
2025-08-26 23:00:00,0.0,0,7.092654715437102e-11,0,0.0
2025-08-27 00:00:00,0.0,0,2.922752821692399e-11,0,0.0
2025-08-27 01:00:00,0.0,0,2.023027294070584e-10,0,0.0
2025-08-27 02:00:00,0.0,0,1.2484452716037808e-09,0,0.0
2025-08-27 03:00:00,0.0,0,2.2855905899320534e-09,0,0.0
2025-08-27 04:00:00,0.0,0,8.195172979155661e-09,0,0.0
2025-08-27 05:00:00,0.0,0,3.4975498370017397e-08,0,0.0
2025-08-27 06:00:00,0.0,0,1.5852521629015306e-07,0,0.0
2025-08-27 07:00:00,0.0,0,4.7431137029923596e-06,0,0.0
2025-08-27 08:00:00,0.0,0,0.00017590325563637764,0,0.0
2025-08-27 09:00:00,0.0,0,0.0692088262672411,0,0.0
2025-08-27 10:00:00,0.0,0,0.02820216159442522,0,0.0
2025-08-27 11:00:00,0.0,0,0.008226413409551289,0,0.0
2025-08-27 12:00:00,0.0,0,0.0030147904410319517,0,0.0
2025-08-27 13:00:00,0.0,0,0.00022350368959613066,0,0.0
2025-08-27 14:00:00,0.0,0,8.750244368163489e-05,0,0.0
2025-08-27 15:00:00,0.0,0,1.0266486923153761e-05,0,0.0
2025-08-27 16:00:00,0.0,0,5.628059710792323e-07,0,0.0
2025-08-27 17:00:00,0.0,0,2.299638469961193e-08,0,0.0
2025-08-27 18:00:00,0.0,0,3.5247250586142637e-10,0,0.0
2025-08-27 19:00:00,0.0,0,5.908800606332975e-10,0,0.0
2025-08-27 20:00:00,0.0,0,1.5682213440864926e-10,0,0.0
2025-08-27 21:00:00,0.0,0,4.420317952812565e-11,0,0.0
2025-08-27 22:00:00,0.0,0,1.554833558218313e-11,0,0.0
2025-08-27 23:00:00,0.0,0,5.824940055302564e-11,0,0.0
2025-08-28 00:00:00,0.0,0,2.2997751809899933e-11,0,0.0
2025-08-28 01:00:00,0.0,0,9.857036527415482e-11,0,0.0
2025-08-28 02:00:00,0.0,0,1.9311133575214648e-10,0,0.0
2025-08-28 03:00:00,0.0,0,1.5360890651311452e-09,0,0.0
2025-08-28 04:00:00,0.0,0,2.2469897411446434e-09,0,0.0
2025-08-28 05:00:00,0.0,0,3.9177226836360306e-08,0,0.0
2025-08-28 06:00:00,0.0,0,6.61134354675928e-07,0,0.0
2025-08-28 07:00:00,0.0,0,9.94993471534464e-06,0,0.0
2025-08-28 08:00:00,0.0,0,6.077707588486787e-05,0,0.0
2025-08-28 09:00:00,0.0,0,5.993226498619722e-05,0,0.0
2025-08-28 10:00:00,5.802756766326766,1,0.6317084368668338,1,4.462137705551342
2025-08-28 11:00:00,0.0,0,0.4080234577055567,0,0.0
2025-08-28 12:00:00,0.0,0,0.05423214744637586,0,0.0
2025-08-28 13:00:00,0.0,0,0.03879022636641356,0,0.0
2025-08-28 14:00:00,0.0,0,0.04423559876239291,0,0.0
2025-08-28 15:00:00,0.0,0,0.0001781973259987577,0,0.0
2025-08-28 16:00:00,0.0,0,8.225239335814293e-07,0,0.0
2025-08-28 17:00:00,0.0,0,1.6233394362936772e-07,0,0.0
2025-08-28 18:00:00,0.0,0,2.5728537864692955e-08,0,0.0
2025-08-28 19:00:00,0.0,0,8.313709468822669e-09,0,0.0
2025-08-28 20:00:00,0.0,0,6.030008896564155e-10,0,0.0
2025-08-28 21:00:00,0.0,0,1.422430534440343e-10,0,0.0
2025-08-28 22:00:00,0.0,0,4.718784629994046e-11,0,0.0
2025-08-28 23:00:00,0.0,0,2.379254903375231e-11,0,0.0
2025-08-29 00:00:00,0.0,0,2.8597544564995776e-11,0,0.0
2025-08-29 01:00:00,0.0,0,1.619889294080253e-10,0,0.0
2025-08-29 02:00:00,0.0,0,3.7442228157425453e-10,0,0.0
2025-08-29 03:00:00,0.0,0,2.588191932245594e-09,0,0.0
2025-08-29 04:00:00,0.0,0,1.0627441248876507e-08,0,0.0
2025-08-29 05:00:00,0.0,0,2.9257925928724546e-08,0,0.0
2025-08-29 06:00:00,0.0,0,2.53406953021528e-06,0,0.0
2025-08-29 07:00:00,0.0,0,8.524266444286628e-05,0,0.0
2025-08-29 08:00:00,0.0,0,0.0002295090533664068,0,0.0
2025-08-29 09:00:00,0.0,0,0.0012894516063659738,0,0.0
2025-08-29 10:00:00,0.0,0,0.0018558376340492724,0,0.0
2025-08-29 11:00:00,0.0,0,0.0007823526785420014,0,0.0
2025-08-29 12:00:00,0.0,0,9.660712774565769e-05,0,0.0
2025-08-29 13:00:00,6.70397240888369,1,0.2571247539964581,0,0.0
2025-08-29 14:00:00,0.0,0,0.12800136190818429,0,0.0
2025-08-29 15:00:00,0.0,0,0.003805167299714459,0,0.0
2025-08-29 16:00:00,0.0,0,4.0856212456887224e-05,0,0.0
2025-08-29 17:00:00,0.0,0,5.101876398380775e-07,0,0.0
2025-08-29 18:00:00,0.0,0,7.733913298279231e-08,0,0.0
2025-08-29 19:00:00,0.0,0,1.7811453621728316e-08,0,0.0
2025-08-29 20:00:00,0.0,0,4.156320767157211e-09,0,0.0
2025-08-29 21:00:00,0.0,0,1.4535857973973904e-09,0,0.0
2025-08-29 22:00:00,0.0,0,3.79066098996973e-10,0,0.0
2025-08-29 23:00:00,0.0,0,2.9131015086778887e-10,0,0.0
2025-08-30 00:00:00,0.0,0,4.042020809968375e-10,0,0.0
2025-08-30 01:00:00,0.0,0,9.590563638134868e-10,0,0.0
2025-08-30 02:00:00,0.0,0,3.0078299754924148e-09,0,0.0
2025-08-30 03:00:00,0.0,0,6.2779854911539365e-09,0,0.0
2025-08-30 04:00:00,0.0,0,1.310835440380533e-08,0,0.0
2025-08-30 05:00:00,0.0,0,1.3923520940682326e-08,0,0.0
2025-08-30 06:00:00,0.0,0,1.4676509103823095e-06,0,0.0
2025-08-30 07:00:00,0.0,0,0.00021649398642509637,0,0.0
2025-08-30 08:00:00,0.0,0,0.0799144036791033,0,0.0
2025-08-30 09:00:00,0.0,0,0.11254768728412186,0,0.0
2025-08-30 10:00:00,0.0,0,0.24667689100198792,0,0.0
2025-08-30 11:00:00,0.0,0,0.14101042381565218,0,0.0
2025-08-30 12:00:00,0.0,0,0.054006849139112495,0,0.0
2025-08-30 13:00:00,0.0,0,0.0025574545725432036,0,0.0
2025-08-30 14:00:00,0.0,0,3.7556258862538234e-05,0,0.0
2025-08-30 15:00:00,0.0,0,4.081822029558473e-06,0,0.0
2025-08-30 16:00:00,0.0,0,1.4314764039049825e-07,0,0.0
2025-08-30 17:00:00,0.0,0,6.637641501230276e-08,0,0.0
2025-08-30 18:00:00,0.0,0,2.6218573645346247e-08,0,0.0
2025-08-30 19:00:00,0.0,0,1.3109290433100377e-09,0,0.0
2025-08-30 20:00:00,0.0,0,1.6404672070368403e-10,0,0.0
2025-08-30 21:00:00,0.0,0,5.919457389289078e-11,0,0.0
2025-08-30 22:00:00,0.0,0,2.927600771744527e-11,0,0.0
2025-08-30 23:00:00,0.0,0,2.9233701385044616e-11,0,0.0
2025-08-31 00:00:00,0.0,0,1.631529127986024e-11,0,0.0
2025-08-31 01:00:00,0.0,0,7.981692682296927e-11,0,0.0
2025-08-31 02:00:00,0.0,0,4.104694334913003e-10,0,0.0
2025-08-31 03:00:00,0.0,0,1.3987423243513144e-09,0,0.0
2025-08-31 04:00:00,0.0,0,2.565026576511642e-09,0,0.0
2025-08-31 05:00:00,0.0,0,9.442682750543234e-09,0,0.0
2025-08-31 06:00:00,0.0,0,1.5763627716659123e-07,0,0.0
2025-08-31 07:00:00,0.0,0,1.436182178541224e-05,0,0.0
2025-08-31 08:00:00,0.0,0,0.000697711921219171,0,0.0
2025-08-31 09:00:00,0.0,0,0.00015537258155100226,0,0.0
2025-08-31 10:00:00,0.0,0,0.000972694871530044,0,0.0
2025-08-31 11:00:00,0.0,0,1.2219021478293193e-05,0,0.0
2025-08-31 12:00:00,5.9579344918404775,1,0.3101914186146753,0,0.0
2025-08-31 13:00:00,0.0,0,0.2526713820494502,0,0.0
2025-08-31 14:00:00,0.0,0,0.06273018629190398,0,0.0
2025-08-31 15:00:00,0.0,0,0.0006332763596617758,0,0.0
2025-08-31 16:00:00,0.0,0,1.504195093013896e-05,0,0.0
2025-08-31 17:00:00,0.0,0,5.00360599101033e-07,0,0.0
2025-08-31 18:00:00,0.0,0,5.679502339080338e-08,0,0.0
2025-08-31 19:00:00,0.0,0,3.36749682236466e-08,0,0.0
2025-08-31 20:00:00,0.0,0,5.789442133660799e-09,0,0.0
2025-08-31 21:00:00,0.0,0,9.250656294918733e-10,0,0.0
2025-08-31 22:00:00,0.0,0,3.936863324424493e-10,0,0.0
2025-08-31 23:00:00,0.0,0,3.2586553588777986e-10,0,0.0
2025-09-01 00:00:00,0.0,0,1.95075535347568e-10,0,0.0
2025-09-01 01:00:00,0.0,0,4.0687955664083225e-10,0,0.0
2025-09-01 02:00:00,0.0,0,1.6533880731079875e-09,0,0.0
2025-09-01 03:00:00,0.0,0,2.8371000115992696e-09,0,0.0
2025-09-01 04:00:00,0.0,0,9.465010951375534e-09,0,0.0
2025-09-01 05:00:00,0.0,0,4.274468103571813e-08,0,0.0
2025-09-01 06:00:00,0.0,0,3.3817088220524825e-07,0,0.0
2025-09-01 07:00:00,0.0,0,2.1520448259796527e-05,0,0.0
2025-09-01 08:00:00,0.0,0,0.006732821402744338,0,0.0
2025-09-01 09:00:00,0.0,0,0.06415449775750812,0,0.0
2025-09-01 10:00:00,0.0,0,0.022981651755267545,0,0.0
2025-09-01 11:00:00,0.0,0,0.02153300074322076,0,0.0
2025-09-01 12:00:00,0.0,0,0.007169379076007867,0,0.0
2025-09-01 13:00:00,0.0,0,0.008720701402614878,0,0.0
2025-09-01 14:00:00,0.0,0,0.0006331779372243389,0,0.0
2025-09-01 15:00:00,0.0,0,5.150374637315169e-05,0,0.0
2025-09-01 16:00:00,0.0,0,4.936360931128194e-07,0,0.0
2025-09-01 17:00:00,0.0,0,5.888469211351041e-08,0,0.0
2025-09-01 18:00:00,0.0,0,1.9330059800683242e-08,0,0.0
2025-09-01 19:00:00,0.0,0,1.4479769286253813e-09,0,0.0
2025-09-01 20:00:00,0.0,0,1.3477108773491555e-09,0,0.0
2025-09-01 21:00:00,0.0,0,2.3408714017894806e-10,0,0.0
2025-09-01 22:00:00,0.0,0,1.1915945019071958e-10,0,0.0
2025-09-01 23:00:00,0.0,0,2.9628650451149283e-11,0,0.0
2025-09-02 00:00:00,0.0,0,1.2400384529004672e-10,0,0.0
2025-09-02 01:00:00,0.0,0,1.8661534777488326e-10,0,0.0
2025-09-02 02:00:00,0.0,0,1.068783379050138e-09,0,0.0
2025-09-02 03:00:00,0.0,0,3.022072197303313e-09,0,0.0
2025-09-02 04:00:00,0.0,0,1.5838950042233395e-08,0,0.0
2025-09-02 05:00:00,0.0,0,4.7475718736937594e-08,0,0.0
2025-09-02 06:00:00,0.0,0,5.658441482872351e-07,0,0.0
2025-09-02 07:00:00,0.0,0,3.158373442970574e-05,0,0.0
2025-09-02 08:00:00,0.0,0,0.003622263953217784,0,0.0
2025-09-02 09:00:00,0.0,0,0.024597765763648555,0,0.0
2025-09-02 10:00:00,0.0,0,0.06640893855508832,0,0.0
2025-09-02 11:00:00,0.0,0,0.014128436934097786,0,0.0
2025-09-02 12:00:00,0.0,0,0.0023075264267667333,0,0.0
2025-09-02 13:00:00,0.0,0,0.0014130741242233263,0,0.0
2025-09-02 14:00:00,0.0,0,0.000984642796164619,0,0.0
2025-09-02 15:00:00,0.0,0,1.0686822103171806e-05,0,0.0
2025-09-02 16:00:00,0.0,0,1.0020355642286418e-07,0,0.0
2025-09-02 17:00:00,0.0,0,1.687088772103733e-08,0,0.0
2025-09-02 18:00:00,0.0,0,7.332800158569475e-09,0,0.0
2025-09-02 19:00:00,0.0,0,6.667955735479681e-10,0,0.0
2025-09-02 20:00:00,0.0,0,5.828260726515571e-11,0,0.0
2025-09-02 21:00:00,0.0,0,7.465195277871848e-11,0,0.0
2025-09-02 22:00:00,0.0,0,3.070892959360983e-11,0,0.0
2025-09-02 23:00:00,0.0,0,2.049252214242747e-11,0,0.0
2025-09-03 00:00:00,0.0,0,5.227277856890421e-11,0,0.0
2025-09-03 01:00:00,0.0,0,2.0438491655869486e-10,0,0.0
2025-09-03 02:00:00,0.0,0,5.332153680573834e-10,0,0.0
2025-09-03 03:00:00,0.0,0,3.6574422550626022e-09,0,0.0
2025-09-03 04:00:00,0.0,0,1.1724315692481877e-08,0,0.0
2025-09-03 05:00:00,0.0,0,3.6947012060745296e-08,0,0.0
2025-09-03 06:00:00,0.0,0,4.020411740891e-07,0,0.0
2025-09-03 07:00:00,0.0,0,2.4802489009656042e-05,0,0.0
2025-09-03 08:00:00,0.0,0,0.0015015048747622753,0,0.0
2025-09-03 09:00:00,0.0,0,0.004112021826725234,0,0.0
2025-09-03 10:00:00,0.0,0,0.005692981949576298,0,0.0
2025-09-03 11:00:00,0.0,0,0.0016888335714072375,0,0.0
2025-09-03 12:00:00,0.0,0,0.0031271984244910928,0,0.0
2025-09-03 13:00:00,0.0,0,0.0002536783293507064,0,0.0
2025-09-03 14:00:00,0.0,0,0.0001159323463348299,0,0.0
2025-09-03 15:00:00,0.0,0,7.361849574068895e-06,0,0.0
2025-09-03 16:00:00,0.0,0,1.4165163713060635e-07,0,0.0
2025-09-03 17:00:00,0.0,0,4.143352782640542e-08,0,0.0
2025-09-03 18:00:00,0.0,0,5.211110957767768e-09,0,0.0
2025-09-03 19:00:00,0.0,0,3.4571125789056696e-09,0,0.0
2025-09-03 20:00:00,0.0,0,2.230797748115703e-10,0,0.0
2025-09-03 21:00:00,0.0,0,2.111759741722526e-10,0,0.0
2025-09-03 22:00:00,0.0,0,4.770783710591758e-11,0,0.0
2025-09-03 23:00:00,0.0,0,3.014746831413064e-11,0,0.0
2025-09-04 00:00:00,0.0,0,4.11124258158719e-11,0,0.0
2025-09-04 01:00:00,0.0,0,1.0323656442371362e-10,0,0.0
2025-09-04 02:00:00,0.0,0,5.496325585184081e-10,0,0.0
2025-09-04 03:00:00,0.0,0,2.3588483764643747e-09,0,0.0
2025-09-04 04:00:00,0.0,0,1.1104675579431944e-08,0,0.0
2025-09-04 05:00:00,0.0,0,4.774703890235783e-08,0,0.0
2025-09-04 06:00:00,0.0,0,6.766727200059269e-07,0,0.0
2025-09-04 07:00:00,0.0,0,1.373789746922289e-05,0,0.0
2025-09-04 08:00:00,0.0,0,0.0007043031406776479,0,0.0
2025-09-04 09:00:00,0.0,0,0.005333436695686392,0,0.0
2025-09-04 10:00:00,0.0,0,0.00332057664173693,0,0.0
2025-09-04 11:00:00,0.0,0,0.011281877453386779,0,0.0
2025-09-04 12:00:00,0.0,0,0.0004913739026344264,0,0.0
2025-09-04 13:00:00,0.0,0,0.0003014071435992215,0,0.0
2025-09-04 14:00:00,0.0,0,4.6065805911767985e-05,0,0.0
2025-09-04 15:00:00,0.0,0,3.0890732880879024e-06,0,0.0
2025-09-04 16:00:00,0.0,0,1.676029284681141e-06,0,0.0
2025-09-04 17:00:00,0.0,0,6.22862244415392e-08,0,0.0
2025-09-04 18:00:00,0.0,0,5.755339080019374e-09,0,0.0
2025-09-04 19:00:00,0.0,0,1.001812507046423e-09,0,0.0
2025-09-04 20:00:00,0.0,0,4.635860358823287e-10,0,0.0
2025-09-04 21:00:00,0.0,0,2.6321049980894375e-11,0,0.0
2025-09-04 22:00:00,0.0,0,1.1719398269913996e-11,0,0.0
2025-09-04 23:00:00,0.0,0,1.1351845125399439e-11,0,0.0
2025-09-05 00:00:00,0.0,0,1.3896993263850124e-11,0,0.0
2025-09-05 01:00:00,0.0,0,3.843128961100714e-11,0,0.0
2025-09-05 02:00:00,0.0,0,1.0129578190150336e-10,0,0.0
2025-09-05 03:00:00,0.0,0,9.698740546264579e-11,0,0.0
2025-09-05 04:00:00,0.0,0,2.1739871296531384e-09,0,0.0
2025-09-05 05:00:00,0.0,0,1.1972610874963168e-08,0,0.0
2025-09-05 06:00:00,0.0,0,7.129154921054942e-07,0,0.0
2025-09-05 07:00:00,0.0,0,7.204966269474354e-06,0,0.0
2025-09-05 08:00:00,0.0,0,1.7391021453487072e-05,0,0.0
2025-09-05 09:00:00,0.0,0,0.0003201968538060102,0,0.0
2025-09-05 10:00:00,5.219370039696736,1,0.4043970530871294,0,0.0
2025-09-05 11:00:00,0.0,0,0.12249809906386327,0,0.0
2025-09-05 12:00:00,0.0,0,0.018425653888797282,0,0.0
2025-09-05 13:00:00,0.0,0,0.011560587959311825,0,0.0
2025-09-05 14:00:00,0.0,0,0.0028859204661413275,0,0.0
2025-09-05 15:00:00,0.0,0,0.0001242062769052407,0,0.0
2025-09-05 16:00:00,0.0,0,4.264120719043159e-06,0,0.0
2025-09-05 17:00:00,0.0,0,9.167566449385411e-08,0,0.0
2025-09-05 18:00:00,0.0,0,1.5024247631347845e-08,0,0.0
2025-09-05 19:00:00,0.0,0,3.110754084770923e-09,0,0.0
2025-09-05 20:00:00,0.0,0,7.50642074666036e-10,0,0.0
2025-09-05 21:00:00,0.0,0,9.060399003253117e-11,0,0.0
2025-09-05 22:00:00,0.0,0,5.818466425830381e-11,0,0.0
2025-09-05 23:00:00,0.0,0,3.526416222477751e-11,0,0.0
2025-09-06 00:00:00,0.0,0,5.226282344894041e-11,0,0.0
2025-09-06 01:00:00,0.0,0,8.754237480315667e-11,0,0.0
2025-09-06 02:00:00,0.0,0,2.499171729848303e-10,0,0.0
2025-09-06 03:00:00,0.0,0,1.5421329868972935e-09,0,0.0
2025-09-06 04:00:00,0.0,0,4.6854501928391246e-09,0,0.0
2025-09-06 05:00:00,0.0,0,1.657352442140318e-08,0,0.0
2025-09-06 06:00:00,0.0,0,4.2510680689735997e-07,0,0.0
2025-09-06 07:00:00,0.0,0,2.4799939829970376e-05,0,0.0
2025-09-06 08:00:00,0.0,0,0.00013316942699664422,0,0.0
2025-09-06 09:00:00,0.0,0,0.006892355114710879,0,0.0
2025-09-06 10:00:00,0.0,0,0.001098303532958581,0,0.0
2025-09-06 11:00:00,0.0,0,0.00010445505659658133,0,0.0
2025-09-06 12:00:00,5.500686388256718,1,0.601575916463293,1,4.743433067953908
2025-09-06 13:00:00,0.0,0,0.04913563186981202,0,0.0
2025-09-06 14:00:00,0.0,0,0.02410384754174772,0,0.0
2025-09-06 15:00:00,0.0,0,0.0008696072202469782,0,0.0
2025-09-06 16:00:00,0.0,0,1.7819872219013513e-05,0,0.0
2025-09-06 17:00:00,0.0,0,3.970284188907575e-07,0,0.0
2025-09-06 18:00:00,0.0,0,4.448953068142612e-08,0,0.0
2025-09-06 19:00:00,0.0,0,1.428839688661622e-08,0,0.0
2025-09-06 20:00:00,0.0,0,3.544941246666252e-09,0,0.0
2025-09-06 21:00:00,0.0,0,4.118897595095084e-10,0,0.0
2025-09-06 22:00:00,0.0,0,1.0860013502771825e-10,0,0.0
2025-09-06 23:00:00,0.0,0,6.701433771374897e-11,0,0.0
2025-09-07 00:00:00,0.0,0,1.091620631924797e-10,0,0.0
2025-09-07 01:00:00,0.0,0,1.5585275412719743e-10,0,0.0
2025-09-07 02:00:00,0.0,0,7.868292711430651e-10,0,0.0
2025-09-07 03:00:00,0.0,0,2.513587323748328e-09,0,0.0
2025-09-07 04:00:00,0.0,0,7.308472442176782e-09,0,0.0
2025-09-07 05:00:00,0.0,0,3.452525933002335e-08,0,0.0
2025-09-07 06:00:00,0.0,0,1.1665211862375599e-06,0,0.0
2025-09-07 07:00:00,0.0,0,9.124081853598513e-05,0,0.0
2025-09-07 08:00:00,0.0,0,0.007325119495124883,0,0.0
2025-09-07 09:00:00,0.0,0,0.05699051652922631,0,0.0
2025-09-07 10:00:00,0.0,0,0.010006492241006497,0,0.0
2025-09-07 11:00:00,0.0,0,0.00963365087880385,0,0.0
2025-09-07 12:00:00,0.0,0,0.0016929996360060928,0,0.0
2025-09-07 13:00:00,0.0,0,0.00022510141728305464,0,0.0
2025-09-07 14:00:00,0.0,0,8.367183237007938e-05,0,0.0
2025-09-07 15:00:00,0.0,0,2.4528680442912725e-05,0,0.0
2025-09-07 16:00:00,0.0,0,3.358276573714507e-07,0,0.0
2025-09-07 17:00:00,0.0,0,1.3989883384282878e-09,0,0.0
2025-09-07 18:00:00,0.0,0,3.1525419755413867e-10,0,0.0
2025-09-07 19:00:00,0.0,0,2.2121674553313638e-10,0,0.0
2025-09-07 20:00:00,0.0,0,6.646703292411017e-12,0,0.0
2025-09-07 21:00:00,0.0,0,1.4945238929849835e-11,0,0.0
2025-09-07 22:00:00,0.0,0,2.744941743575081e-12,0,0.0
2025-09-07 23:00:00,0.0,0,9.584346828187483e-12,0,0.0
2025-09-08 00:00:00,0.0,0,1.624275382229229e-11,0,0.0
2025-09-08 01:00:00,0.0,0,2.8270663634227178e-11,0,0.0
2025-09-08 02:00:00,0.0,0,7.894259198640105e-11,0,0.0
2025-09-08 03:00:00,0.0,0,2.7334224003688746e-10,0,0.0
2025-09-08 04:00:00,0.0,0,2.346621265062875e-09,0,0.0
2025-09-08 05:00:00,0.0,0,5.539694899851252e-09,0,0.0
2025-09-08 06:00:00,0.0,0,8.936042754808683e-08,0,0.0
2025-09-08 07:00:00,0.0,0,4.534516599004964e-06,0,0.0
2025-09-08 08:00:00,0.0,0,1.1907250931483394e-05,0,0.0
2025-09-08 09:00:00,0.0,0,2.4507544924597552e-05,0,0.0
2025-09-08 10:00:00,6.972677907252059,1,0.6496733864327435,1,4.666878941309973
2025-09-08 11:00:00,0.0,0,0.42198030374526785,0,0.0
2025-09-08 12:00:00,0.0,0,0.07931890553823075,0,0.0
2025-09-08 13:00:00,0.0,0,0.06083588651912652,0,0.0
2025-09-08 14:00:00,0.0,0,0.0009517779722744404,0,0.0
2025-09-08 15:00:00,0.0,0,6.796822739489994e-06,0,0.0
2025-09-08 16:00:00,0.0,0,1.5295261434650728e-05,0,0.0
2025-09-08 17:00:00,0.0,0,8.372644974991315e-08,0,0.0
2025-09-08 18:00:00,0.0,0,9.315235261740019e-08,0,0.0
2025-09-08 19:00:00,0.0,0,5.613451849285501e-09,0,0.0
2025-09-08 20:00:00,0.0,0,3.521636694523969e-10,0,0.0
2025-09-08 21:00:00,0.0,0,1.7967236721655313e-10,0,0.0
2025-09-08 22:00:00,0.0,0,1.986282215026488e-10,0,0.0
2025-09-08 23:00:00,0.0,0,2.0540411861303748e-10,0,0.0
2025-09-09 00:00:00,0.0,0,1.8792070939097475e-10,0,0.0
2025-09-09 01:00:00,0.0,0,4.764552573791818e-10,0,0.0
2025-09-09 02:00:00,0.0,0,5.646359580736456e-10,0,0.0
2025-09-09 03:00:00,0.0,0,5.0218809479394885e-09,0,0.0
2025-09-09 04:00:00,0.0,0,1.3378420068653128e-08,0,0.0
2025-09-09 05:00:00,0.0,0,7.001957411221142e-08,0,0.0
2025-09-09 06:00:00,0.0,0,5.994644214140936e-06,0,0.0
2025-09-09 07:00:00,0.0,0,0.00043242646450833167,0,0.0
2025-09-09 08:00:00,0.0,0,0.0003298913368485493,0,0.0
2025-09-09 09:00:00,0.0,0,0.004544296521693159,0,0.0
2025-09-09 10:00:00,0.0,0,0.0004296877160527145,0,0.0
2025-09-09 11:00:00,0.0,0,0.0005145165796997633,0,0.0
2025-09-09 12:00:00,6.176793770529436,1,0.617371447873113,1,5.2034746786300285
2025-09-09 13:00:00,0.0,0,0.18922633051766616,0,0.0
2025-09-09 14:00:00,0.0,0,0.09171926444486588,0,0.0
2025-09-09 15:00:00,0.0,0,0.002574127002810114,0,0.0
2025-09-09 16:00:00,0.0,0,1.539243762066062e-05,0,0.0
2025-09-09 17:00:00,0.0,0,1.734404760768297e-06,0,0.0
2025-09-09 18:00:00,0.0,0,1.2859528382487559e-07,0,0.0
2025-09-09 19:00:00,0.0,0,3.809801892668898e-08,0,0.0
2025-09-09 20:00:00,0.0,0,3.550821094310204e-09,0,0.0
2025-09-09 21:00:00,0.0,0,5.09384080364445e-10,0,0.0
2025-09-09 22:00:00,0.0,0,1.7907439555610713e-10,0,0.0
2025-09-09 23:00:00,0.0,0,1.0607826316544478e-10,0,0.0
2025-09-10 00:00:00,0.0,0,1.0909302614365294e-10,0,0.0
2025-09-10 01:00:00,0.0,0,2.88317927303141e-10,0,0.0
2025-09-10 02:00:00,0.0,0,6.538123418415049e-10,0,0.0
2025-09-10 03:00:00,0.0,0,1.775624431831899e-09,0,0.0
2025-09-10 04:00:00,0.0,0,8.285574947911311e-09,0,0.0
2025-09-10 05:00:00,0.0,0,2.278251733154023e-08,0,0.0
2025-09-10 06:00:00,0.0,0,1.2294245460551433e-06,0,0.0
2025-09-10 07:00:00,0.0,0,0.0006941394361287492,0,0.0
2025-09-10 08:00:00,0.0,0,0.02469189981314871,0,0.0
2025-09-10 09:00:00,0.0,0,0.07000660797170531,0,0.0
2025-09-10 10:00:00,0.0,0,0.005396166515235431,0,0.0
2025-09-10 11:00:00,0.0,0,0.003639263512463926,0,0.0
2025-09-10 12:00:00,0.0,0,0.00029682417645888657,0,0.0
2025-09-10 13:00:00,0.0,0,0.00037800868705389223,0,0.0
2025-09-10 14:00:00,0.0,0,8.590816299382233e-06,0,0.0
2025-09-10 15:00:00,0.0,0,9.283565220419689e-07,0,0.0
2025-09-10 16:00:00,0.0,0,1.2383849622218844e-07,0,0.0
2025-09-10 17:00:00,0.0,0,1.3141046374822015e-08,0,0.0
2025-09-10 18:00:00,0.0,0,1.1191894865177213e-09,0,0.0
2025-09-10 19:00:00,0.0,0,1.7250933816872442e-10,0,0.0
2025-09-10 20:00:00,0.0,0,2.121446916742908e-11,0,0.0
2025-09-10 21:00:00,0.0,0,2.574034486925761e-12,0,0.0
2025-09-10 22:00:00,0.0,0,9.063591982062767e-12,0,0.0
2025-09-10 23:00:00,0.0,0,5.9342119357387995e-12,0,0.0
2025-09-11 00:00:00,0.0,0,5.056807862691116e-12,0,0.0
2025-09-11 01:00:00,0.0,0,2.5334774450759038e-11,0,0.0
2025-09-11 02:00:00,0.0,0,2.3208797332885042e-10,0,0.0
2025-09-11 03:00:00,0.0,0,5.003414097063222e-10,0,0.0
2025-09-11 04:00:00,0.0,0,5.7345783841949105e-09,0,0.0
2025-09-11 05:00:00,0.0,0,1.2701227422943135e-08,0,0.0
2025-09-11 06:00:00,0.0,0,7.65515179641751e-07,0,0.0
2025-09-11 07:00:00,0.0,0,5.806934684052398e-06,0,0.0
2025-09-11 08:00:00,0.0,0,4.21729208641209e-05,0,0.0
2025-09-11 09:00:00,0.0,0,4.414399498731641e-05,0,0.0
2025-09-11 10:00:00,6.376308339163058,1,0.4598965393389332,0,0.0
2025-09-11 11:00:00,0.0,0,0.15976141991694173,0,0.0
2025-09-11 12:00:00,0.0,0,0.05268932906625427,0,0.0
2025-09-11 13:00:00,0.0,0,0.009433561857489113,0,0.0
2025-09-11 14:00:00,0.0,0,0.0006063426306056439,0,0.0
2025-09-11 15:00:00,0.0,0,0.0003564646132787409,0,0.0
2025-09-11 16:00:00,0.0,0,6.332602397879337e-06,0,0.0
2025-09-11 17:00:00,0.0,0,3.53769399510147e-07,0,0.0
2025-09-11 18:00:00,0.0,0,6.686551111110418e-08,0,0.0
2025-09-11 19:00:00,0.0,0,4.885937166266562e-09,0,0.0
2025-09-11 20:00:00,0.0,0,1.7447277962054768e-09,0,0.0
2025-09-11 21:00:00,0.0,0,3.2444106971702247e-10,0,0.0
2025-09-11 22:00:00,0.0,0,1.1592921670288279e-10,0,0.0
2025-09-11 23:00:00,0.0,0,4.398137427732207e-11,0,0.0
2025-09-12 00:00:00,0.0,0,1.1224406281253087e-10,0,0.0
2025-09-12 01:00:00,0.0,0,9.083746413382582e-11,0,0.0
2025-09-12 02:00:00,0.0,0,5.108541461238514e-10,0,0.0
2025-09-12 03:00:00,0.0,0,1.8057252235845658e-09,0,0.0
2025-09-12 04:00:00,0.0,0,1.1403367686711699e-08,0,0.0
2025-09-12 05:00:00,0.0,0,4.382419528215158e-08,0,0.0
2025-09-12 06:00:00,0.0,0,5.575870125839613e-06,0,0.0
2025-09-12 07:00:00,0.0,0,0.00017065577210682322,0,0.0
2025-09-12 08:00:00,0.0,0,0.00028098751238430107,0,0.0
2025-09-12 09:00:00,0.0,0,0.0029277206000336525,0,0.0
2025-09-12 10:00:00,0.0,0,0.00018079104872805842,0,0.0
2025-09-12 11:00:00,5.488299066582441,1,0.5143894908842601,1,5.399701137943435
2025-09-12 12:00:00,0.0,0,0.2597768262619707,0,0.0
2025-09-12 13:00:00,0.0,0,0.04664155283233728,0,0.0
2025-09-12 14:00:00,0.0,0,0.0033524219302507904,0,0.0
2025-09-12 15:00:00,0.0,0,0.00016591548099346003,0,0.0
2025-09-12 16:00:00,0.0,0,8.949032908394199e-06,0,0.0
2025-09-12 17:00:00,0.0,0,5.56351345547832e-07,0,0.0
2025-09-12 18:00:00,0.0,0,1.3731388304489982e-07,0,0.0
2025-09-12 19:00:00,0.0,0,2.7518639060745022e-09,0,0.0
2025-09-12 20:00:00,0.0,0,2.186860812853013e-09,0,0.0
2025-09-12 21:00:00,0.0,0,2.4841903337857643e-10,0,0.0
2025-09-12 22:00:00,0.0,0,1.3173543296342977e-10,0,0.0
2025-09-12 23:00:00,0.0,0,9.818442740499327e-11,0,0.0
2025-09-13 00:00:00,0.0,0,1.4072076076604246e-10,0,0.0
2025-09-13 01:00:00,0.0,0,2.559176782655475e-10,0,0.0
2025-09-13 02:00:00,0.0,0,1.6233034348661256e-09,0,0.0
2025-09-13 03:00:00,0.0,0,5.917118252572667e-09,0,0.0
2025-09-13 04:00:00,0.0,0,1.7676053531297667e-08,0,0.0
2025-09-13 05:00:00,0.0,0,7.371670494510125e-08,0,0.0
2025-09-13 06:00:00,0.0,0,8.32426132852717e-06,0,0.0
2025-09-13 07:00:00,0.0,0,0.0003522210342418445,0,0.0
2025-09-13 08:00:00,0.0,0,0.004753770351063319,0,0.0
2025-09-13 09:00:00,0.0,0,0.0017142668478516085,0,0.0
2025-09-13 10:00:00,0.0,0,0.001924561562838891,0,0.0
2025-09-13 11:00:00,0.0,0,0.00014014295609258,0,0.0
2025-09-13 12:00:00,5.4214075022386,1,0.5884959480212051,1,5.731949380655626
2025-09-13 13:00:00,0.0,0,0.059041959993211594,0,0.0
2025-09-13 14:00:00,0.0,0,0.07519059391169042,0,0.0
2025-09-13 15:00:00,0.0,0,0.001207877765443759,0,0.0
2025-09-13 16:00:00,0.0,0,6.77460378076663e-05,0,0.0
2025-09-13 17:00:00,0.0,0,4.76466185375528e-07,0,0.0
2025-09-13 18:00:00,0.0,0,2.0336626507059096e-07,0,0.0
2025-09-13 19:00:00,0.0,0,2.871277940108069e-08,0,0.0
2025-09-13 20:00:00,0.0,0,4.294252785319581e-09,0,0.0
2025-09-13 21:00:00,0.0,0,3.199553783486168e-10,0,0.0
2025-09-13 22:00:00,0.0,0,2.4177870077768617e-10,0,0.0
2025-09-13 23:00:00,0.0,0,1.6027557547280499e-10,0,0.0
2025-09-14 00:00:00,0.0,0,1.8360088132518817e-10,0,0.0
2025-09-14 01:00:00,0.0,0,6.65795140929964e-10,0,0.0
2025-09-14 02:00:00,0.0,0,1.3473613696270237e-09,0,0.0
2025-09-14 03:00:00,0.0,0,6.7841594622230594e-09,0,0.0
2025-09-14 04:00:00,0.0,0,2.261574591612051e-08,0,0.0
2025-09-14 05:00:00,0.0,0,6.882635743184504e-08,0,0.0
2025-09-14 06:00:00,0.0,0,4.705609738224349e-05,0,0.0
2025-09-14 07:00:00,0.0,0,0.011682386072578543,0,0.0
2025-09-14 08:00:00,0.0,0,0.08471612439953188,0,0.0
2025-09-14 09:00:00,0.0,0,0.03859229005221595,0,0.0
2025-09-14 10:00:00,0.0,0,0.007283512153607142,0,0.0
2025-09-14 11:00:00,0.0,0,0.006154458503542413,0,0.0
2025-09-14 12:00:00,0.0,0,0.00030240635370506444,0,0.0
2025-09-14 13:00:00,6.556950926924702,1,0.3193023369766903,0,0.0
2025-09-14 14:00:00,0.0,0,0.08114955479073503,0,0.0
2025-09-14 15:00:00,0.0,0,0.008223162887388464,0,0.0
2025-09-14 16:00:00,0.0,0,6.99650783399075e-05,0,0.0
2025-09-14 17:00:00,0.0,0,1.3223565059236637e-06,0,0.0
2025-09-14 18:00:00,0.0,0,1.1545908768853676e-07,0,0.0
2025-09-14 19:00:00,0.0,0,2.128600595109271e-08,0,0.0
2025-09-14 20:00:00,0.0,0,3.779869138031865e-09,0,0.0
2025-09-14 21:00:00,0.0,0,8.539003413726755e-10,0,0.0
2025-09-14 22:00:00,0.0,0,2.0114979677798863e-10,0,0.0
2025-09-14 23:00:00,0.0,0,3.358993015535402e-10,0,0.0
2025-09-15 00:00:00,0.0,0,3.613809093716133e-10,0,0.0
2025-09-15 01:00:00,0.0,0,7.434547872027165e-10,0,0.0
2025-09-15 02:00:00,0.0,0,3.340303426103352e-09,0,0.0
2025-09-15 03:00:00,0.0,0,9.23489683949387e-09,0,0.0
2025-09-15 04:00:00,0.0,0,5.829978133922263e-09,0,0.0
2025-09-15 05:00:00,0.0,0,4.9208977458066197e-08,0,0.0
2025-09-15 06:00:00,0.0,0,2.9644953662212743e-07,0,0.0
2025-09-15 07:00:00,0.0,0,4.8180126194886046e-05,0,0.0
2025-09-15 08:00:00,0.0,0,0.031145443586098814,0,0.0
2025-09-15 09:00:00,0.0,0,0.33295383317602045,0,0.0
2025-09-15 10:00:00,0.0,0,0.5637564886203624,1,4.312818699923841
2025-09-15 11:00:00,0.0,0,0.1445426384644953,0,0.0
2025-09-15 12:00:00,0.0,0,0.013517294787598961,0,0.0
2025-09-15 13:00:00,0.0,0,0.0008604151940102873,0,0.0
2025-09-15 14:00:00,0.0,0,0.000592728864214681,0,0.0
2025-09-15 15:00:00,0.0,0,2.812747506893465e-05,0,0.0
2025-09-15 16:00:00,0.0,0,1.039669700369009e-06,0,0.0
2025-09-15 17:00:00,0.0,0,5.4327879364352837e-08,0,0.0
2025-09-15 18:00:00,0.0,0,1.298001980481284e-08,0,0.0
2025-09-15 19:00:00,0.0,0,1.4596586431176876e-09,0,0.0
2025-09-15 20:00:00,0.0,0,3.2696336544916266e-10,0,0.0
2025-09-15 21:00:00,0.0,0,4.5086072581221806e-10,0,0.0
2025-09-15 22:00:00,0.0,0,3.061336243548086e-11,0,0.0
2025-09-15 23:00:00,0.0,0,7.882743730495496e-11,0,0.0
2025-09-16 00:00:00,0.0,0,1.0346335305103839e-10,0,0.0
2025-09-16 01:00:00,0.0,0,1.1633965792526254e-10,0,0.0
2025-09-16 02:00:00,0.0,0,1.164629080238632e-09,0,0.0
2025-09-16 03:00:00,0.0,0,9.558954532571398e-09,0,0.0
2025-09-16 04:00:00,0.0,0,2.4762892020800383e-08,0,0.0
2025-09-16 05:00:00,0.0,0,1.3864280787912874e-07,0,0.0
2025-09-16 06:00:00,0.0,0,3.2186748795294763e-06,0,0.0
2025-09-16 07:00:00,0.0,0,0.00014597460955914125,0,0.0
2025-09-16 08:00:00,0.0,0,0.00024607360584807676,0,0.0
2025-09-16 09:00:00,0.0,0,0.002669362918802571,0,0.0
2025-09-16 10:00:00,0.0,0,0.0008862919431966806,0,0.0
2025-09-16 11:00:00,0.0,0,9.594305509529458e-05,0,0.0
2025-09-16 12:00:00,5.6648134987837135,1,0.5814653103070611,1,5.530957988044643
2025-09-16 13:00:00,0.0,0,0.1638098463995436,0,0.0
2025-09-16 14:00:00,0.0,0,0.023345396529000206,0,0.0
2025-09-16 15:00:00,0.0,0,0.0016337762592583144,0,0.0
2025-09-16 16:00:00,0.0,0,2.9305393743627575e-05,0,0.0
2025-09-16 17:00:00,0.0,0,1.2882629474160897e-06,0,0.0
2025-09-16 18:00:00,0.0,0,1.68460899080563e-07,0,0.0
2025-09-16 19:00:00,0.0,0,3.495619901983868e-08,0,0.0
2025-09-16 20:00:00,0.0,0,5.739731456131689e-09,0,0.0
2025-09-16 21:00:00,0.0,0,1.6708466178488778e-09,0,0.0
2025-09-16 22:00:00,0.0,0,3.648881619545478e-10,0,0.0
2025-09-16 23:00:00,0.0,0,1.5099725154703976e-10,0,0.0
2025-09-17 00:00:00,0.0,0,2.6993307342339656e-10,0,0.0
2025-09-17 01:00:00,0.0,0,6.598460882052004e-10,0,0.0
2025-09-17 02:00:00,0.0,0,3.89428704997869e-09,0,0.0
2025-09-17 03:00:00,0.0,0,7.79622576482901e-09,0,0.0
2025-09-17 04:00:00,0.0,0,4.019548514157074e-08,0,0.0
2025-09-17 05:00:00,0.0,0,8.87686204231366e-08,0,0.0
2025-09-17 06:00:00,0.0,0,2.179434740795587e-05,0,0.0
2025-09-17 07:00:00,0.0,0,0.0042234747531518365,0,0.0
2025-09-17 08:00:00,0.0,0,0.026612888827923918,0,0.0
2025-09-17 09:00:00,0.0,0,0.0020913186770898104,0,0.0
2025-09-17 10:00:00,0.0,0,0.018098083097791633,0,0.0
2025-09-17 11:00:00,0.0,0,0.004941269835884923,0,0.0
2025-09-17 12:00:00,0.0,0,0.0001839917327748812,0,0.0
2025-09-17 13:00:00,0.0,0,0.00012460680289440578,0,0.0
2025-09-17 14:00:00,0.0,0,1.3796946664781092e-05,0,0.0
2025-09-17 15:00:00,0.0,0,4.4791486230429664e-07,0,0.0
2025-09-17 16:00:00,0.0,0,4.0355643515348574e-07,0,0.0
2025-09-17 17:00:00,0.0,0,1.86559598071284e-09,0,0.0
2025-09-17 18:00:00,0.0,0,3.817601167341569e-09,0,0.0
2025-09-17 19:00:00,0.0,0,1.5594287376793975e-10,0,0.0
2025-09-17 20:00:00,0.0,0,1.1235542440481202e-10,0,0.0
2025-09-17 21:00:00,0.0,0,2.6854926213200597e-11,0,0.0
2025-09-17 22:00:00,0.0,0,1.2193681838454423e-11,0,0.0
2025-09-17 23:00:00,0.0,0,2.0566056267520483e-11,0,0.0
2025-09-18 00:00:00,0.0,0,1.7477871659035386e-11,0,0.0
2025-09-18 01:00:00,0.0,0,1.072189620426354e-11,0,0.0
2025-09-18 02:00:00,0.0,0,5.994078656634641e-11,0,0.0
2025-09-18 03:00:00,0.0,0,4.385912445543036e-10,0,0.0
2025-09-18 04:00:00,0.0,0,2.8341380199070685e-09,0,0.0
2025-09-18 05:00:00,0.0,0,2.47687008579581e-08,0,0.0
2025-09-18 06:00:00,0.0,0,6.745447267263055e-07,0,0.0
2025-09-18 07:00:00,0.0,0,2.2516966441168503e-05,0,0.0
2025-09-18 08:00:00,0.0,0,6.546039449387302e-05,0,0.0
2025-09-18 09:00:00,6.032432827287427,1,0.5006698985287342,1,5.357101791808948
2025-09-18 10:00:00,0.0,0,0.1342046750321405,0,0.0
2025-09-18 11:00:00,0.0,0,0.21280574068415228,0,0.0
2025-09-18 12:00:00,0.0,0,0.0031618002148620797,0,0.0
2025-09-18 13:00:00,0.0,0,0.00021169721061873418,0,0.0
2025-09-18 14:00:00,0.0,0,5.1021573737579356e-05,0,0.0
2025-09-18 15:00:00,0.0,0,1.4419471724870097e-05,0,0.0
2025-09-18 16:00:00,0.0,0,5.560310960595272e-07,0,0.0
2025-09-18 17:00:00,0.0,0,2.0199329901497444e-08,0,0.0
2025-09-18 18:00:00,0.0,0,8.634803260553563e-09,0,0.0
2025-09-18 19:00:00,0.0,0,4.4697420686777905e-09,0,0.0
2025-09-18 20:00:00,0.0,0,1.2731110099250324e-10,0,0.0
2025-09-18 21:00:00,0.0,0,1.1071741148151356e-10,0,0.0
2025-09-18 22:00:00,0.0,0,2.0154603598588265e-11,0,0.0
2025-09-18 23:00:00,0.0,0,1.9153216138081998e-11,0,0.0
2025-09-19 00:00:00,0.0,0,1.843080567819386e-11,0,0.0
2025-09-19 01:00:00,0.0,0,1.1388783683948703e-10,0,0.0
2025-09-19 02:00:00,0.0,0,1.082760305009138e-10,0,0.0
2025-09-19 03:00:00,0.0,0,1.6483705102117022e-09,0,0.0
2025-09-19 04:00:00,0.0,0,7.906576362028805e-09,0,0.0
2025-09-19 05:00:00,0.0,0,6.821619588065203e-08,0,0.0
2025-09-19 06:00:00,0.0,0,4.902711897618411e-07,0,0.0
2025-09-19 07:00:00,0.0,0,6.183045761326808e-06,0,0.0
2025-09-19 08:00:00,0.0,0,5.9915101613848003e-05,0,0.0
2025-09-19 09:00:00,0.0,0,6.609336046747026e-05,0,0.0
2025-09-19 10:00:00,7.24923408765257,1,0.8342808471654088,1,4.959944106755933
2025-09-19 11:00:00,0.0,0,0.4103636562682562,0,0.0
2025-09-19 12:00:00,0.0,0,0.04103936040138131,0,0.0
2025-09-19 13:00:00,0.0,0,0.06852045441898315,0,0.0
2025-09-19 14:00:00,0.0,0,0.0008436308041090101,0,0.0
2025-09-19 15:00:00,0.0,0,3.4387000189043965e-05,0,0.0
2025-09-19 16:00:00,0.0,0,8.779460264117572e-06,0,0.0
2025-09-19 17:00:00,0.0,0,3.6927603028519026e-07,0,0.0
2025-09-19 18:00:00,0.0,0,1.1545832407803188e-07,0,0.0
2025-09-19 19:00:00,0.0,0,5.879611215291851e-09,0,0.0
2025-09-19 20:00:00,0.0,0,2.2987137934515314e-09,0,0.0
2025-09-19 21:00:00,0.0,0,4.318911839660167e-10,0,0.0
2025-09-19 22:00:00,0.0,0,2.8277672805244005e-10,0,0.0
2025-09-19 23:00:00,0.0,0,1.1291340880713371e-10,0,0.0
2025-09-20 00:00:00,0.0,0,1.8043445802343523e-10,0,0.0
2025-09-20 01:00:00,0.0,0,6.551832093910119e-10,0,0.0
2025-09-20 02:00:00,0.0,0,1.4574624831467344e-09,0,0.0
2025-09-20 03:00:00,0.0,0,5.678229005611225e-09,0,0.0
2025-09-20 04:00:00,0.0,0,3.454013487018811e-08,0,0.0
2025-09-20 05:00:00,0.0,0,1.2989831273150415e-07,0,0.0
2025-09-20 06:00:00,0.0,0,3.778615237685124e-06,0,0.0
2025-09-20 07:00:00,0.0,0,0.0002638805252916278,0,0.0
2025-09-20 08:00:00,0.0,0,0.0016511135678045667,0,0.0
2025-09-20 09:00:00,0.0,0,0.003107933664765475,0,0.0
2025-09-20 10:00:00,0.0,0,0.0014487103646764821,0,0.0
2025-09-20 11:00:00,0.0,0,0.0006029746808851806,0,0.0
2025-09-20 12:00:00,0.0,0,0.002136136861982984,0,0.0
2025-09-20 13:00:00,6.792986503819715,1,0.23866150179841505,0,0.0
2025-09-20 14:00:00,0.0,0,0.053937464008143095,0,0.0
2025-09-20 15:00:00,0.0,0,0.0012856907942122766,0,0.0
2025-09-20 16:00:00,0.0,0,2.9939887582875923e-05,0,0.0
2025-09-20 17:00:00,0.0,0,1.2892577802647294e-06,0,0.0
2025-09-20 18:00:00,0.0,0,1.7624687782530886e-07,0,0.0
2025-09-20 19:00:00,0.0,0,3.506091126624075e-08,0,0.0
2025-09-20 20:00:00,0.0,0,5.511515791754101e-09,0,0.0
2025-09-20 21:00:00,0.0,0,9.643400817020227e-10,0,0.0
2025-09-20 22:00:00,0.0,0,4.665001843633835e-10,0,0.0
2025-09-20 23:00:00,0.0,0,2.7613513719976336e-10,0,0.0
2025-09-21 00:00:00,0.0,0,1.2619266564451043e-10,0,0.0
2025-09-21 01:00:00,0.0,0,7.679956127727054e-10,0,0.0
2025-09-21 02:00:00,0.0,0,2.8177356707467673e-10,0,0.0
2025-09-21 03:00:00,0.0,0,1.5131616535036663e-09,0,0.0
2025-09-21 04:00:00,0.0,0,3.1881440137115094e-09,0,0.0
2025-09-21 05:00:00,0.0,0,1.617353805189396e-09,0,0.0
2025-09-21 06:00:00,0.0,0,1.7906929152634042e-07,0,0.0
2025-09-21 07:00:00,0.0,0,2.8577383584061343e-06,0,0.0
2025-09-21 08:00:00,0.0,0,0.0018922561171239242,0,0.0
2025-09-21 09:00:00,0.0,0,0.21828447599927642,0,0.0
2025-09-21 10:00:00,0.0,0,0.5707588649635245,1,4.20803996618456
2025-09-21 11:00:00,1.353085737065152,1,0.7076152005057614,1,4.87517054742157
2025-09-21 12:00:00,0.0,0,0.32668545293530415,0,0.0
2025-09-21 13:00:00,0.0,0,0.00636667570576655,0,0.0
2025-09-21 14:00:00,0.0,0,0.03509183645090135,0,0.0
2025-09-21 15:00:00,0.0,0,0.0008211976532239187,0,0.0
2025-09-21 16:00:00,0.0,0,2.126435836328034e-05,0,0.0
2025-09-21 17:00:00,0.0,0,1.9016508715681606e-06,0,0.0
2025-09-21 18:00:00,0.0,0,1.710551643706363e-07,0,0.0
2025-09-21 19:00:00,0.0,0,3.643298190890969e-08,0,0.0
2025-09-21 20:00:00,0.0,0,3.301419081300098e-09,0,0.0
2025-09-21 21:00:00,0.0,0,9.629177045179721e-10,0,0.0
2025-09-21 22:00:00,0.0,0,5.232659349265651e-10,0,0.0
2025-09-21 23:00:00,0.0,0,1.953743994592506e-10,0,0.0
2025-09-22 00:00:00,0.0,0,1.3844017339846493e-10,0,0.0
2025-09-22 01:00:00,0.0,0,7.310749002625917e-10,0,0.0
2025-09-22 02:00:00,0.0,0,6.227993830522193e-10,0,0.0
2025-09-22 03:00:00,0.0,0,5.218387930656472e-09,0,0.0
2025-09-22 04:00:00,0.0,0,1.564591902764593e-08,0,0.0
2025-09-22 05:00:00,0.0,0,4.497128150683228e-08,0,0.0
2025-09-22 06:00:00,0.0,0,1.6924236471642766e-05,0,0.0
2025-09-22 07:00:00,0.0,0,0.0008691577091518379,0,0.0
2025-09-22 08:00:00,0.0,0,0.015221943723804579,0,0.0
2025-09-22 09:00:00,0.0,0,0.006277412095865682,0,0.0
2025-09-22 10:00:00,0.0,0,0.001963072268015417,0,0.0
2025-09-22 11:00:00,0.0,0,0.0001973237232161114,0,0.0
2025-09-22 12:00:00,6.183294323857043,1,0.774248506242966,1,5.869567551319543
2025-09-22 13:00:00,0.0,0,0.10999728742076313,0,0.0
2025-09-22 14:00:00,0.0,0,0.10642869019227058,0,0.0
2025-09-22 15:00:00,0.0,0,0.0025235930485978707,0,0.0
2025-09-22 16:00:00,0.0,0,9.295325428431054e-05,0,0.0
2025-09-22 17:00:00,0.0,0,1.1713852688436646e-06,0,0.0
2025-09-22 18:00:00,0.0,0,4.3851782841553567e-07,0,0.0
2025-09-22 19:00:00,0.0,0,5.230312183885169e-08,0,0.0
2025-09-22 20:00:00,0.0,0,9.469783538852427e-09,0,0.0
2025-09-22 21:00:00,0.0,0,1.2052138307728695e-09,0,0.0
2025-09-22 22:00:00,0.0,0,2.45612870691722e-10,0,0.0
2025-09-22 23:00:00,0.0,0,1.9174429551261376e-10,0,0.0
2025-09-23 00:00:00,0.0,0,8.370573100976039e-10,0,0.0
2025-09-23 01:00:00,0.0,0,2.5227914922786795e-09,0,0.0
2025-09-23 02:00:00,0.0,0,4.761478128420679e-09,0,0.0
2025-09-23 03:00:00,0.0,0,6.289994370764464e-08,0,0.0
2025-09-23 04:00:00,0.0,0,2.978781981812929e-07,0,0.0
2025-09-23 05:00:00,0.0,0,1.3732709187163373e-06,0,0.0
2025-09-23 06:00:00,0.0,0,3.733874294213781e-05,0,0.0
2025-09-23 07:00:00,0.0,0,0.0003338119362772629,0,0.0
2025-09-23 08:00:00,0.0,0,0.00017326586837248425,0,0.0
2025-09-23 09:00:00,0.0,0,0.0005924595601471428,0,0.0
2025-09-23 10:00:00,0.0,0,0.0006540745214844382,0,0.0
2025-09-23 11:00:00,5.816713395064792,1,0.8223354444832739,1,5.725132070045607
2025-09-23 12:00:00,0.0,0,0.17775909662579684,0,0.0
2025-09-23 13:00:00,0.0,0,0.12250105277999168,0,0.0
2025-09-23 14:00:00,0.0,0,0.012121443548319634,0,0.0
2025-09-23 15:00:00,0.0,0,8.692904119103647e-05,0,0.0
2025-09-23 16:00:00,0.0,0,2.7338758159842752e-05,0,0.0
2025-09-23 17:00:00,0.0,0,2.4637542624728205e-07,0,0.0
2025-09-23 18:00:00,0.0,0,2.1743994972421364e-07,0,0.0
2025-09-23 19:00:00,0.0,0,5.722279000426745e-08,0,0.0
2025-09-23 20:00:00,0.0,0,2.48531668796574e-08,0,0.0
2025-09-23 21:00:00,0.0,0,9.165308072872546e-09,0,0.0
2025-09-23 22:00:00,0.0,0,4.6745446629339285e-09,0,0.0
2025-09-23 23:00:00,0.0,0,1.4213063816605332e-09,0,0.0
2025-09-24 00:00:00,0.0,0,1.7394730985473928e-09,0,0.0
2025-09-24 01:00:00,0.0,0,2.5271673058679403e-09,0,0.0
2025-09-24 02:00:00,0.0,0,1.1239365381175445e-08,0,0.0
2025-09-24 03:00:00,0.0,0,6.884100087913984e-08,0,0.0
2025-09-24 04:00:00,0.0,0,3.4758754367637596e-07,0,0.0
2025-09-24 05:00:00,0.0,0,4.848870874739886e-07,0,0.0
2025-09-24 06:00:00,0.0,0,0.00019321767348977296,0,0.0
2025-09-24 07:00:00,0.0,0,0.008645727049712962,0,0.0
2025-09-24 08:00:00,0.0,0,0.012373802104096308,0,0.0
2025-09-24 09:00:00,0.0,0,0.018302441102758627,0,0.0
2025-09-24 10:00:00,0.0,0,0.0027432500717421947,0,0.0
2025-09-24 11:00:00,0.0,0,0.000341520140842754,0,0.0
2025-09-24 12:00:00,0.0,0,8.771743612826142e-05,0,0.0
2025-09-24 13:00:00,6.181654994813927,1,0.44410040590889294,0,0.0
2025-09-24 14:00:00,0.0,0,0.10039060048937118,0,0.0
2025-09-24 15:00:00,0.0,0,0.0053996215642248945,0,0.0
2025-09-24 16:00:00,0.0,0,6.449177782214804e-05,0,0.0
2025-09-24 17:00:00,0.0,0,1.0114355597512813e-06,0,0.0
2025-09-24 18:00:00,0.0,0,2.0239269923334744e-07,0,0.0
2025-09-24 19:00:00,0.0,0,4.919140661959742e-08,0,0.0
2025-09-24 20:00:00,0.0,0,1.3929664116023506e-08,0,0.0
2025-09-24 21:00:00,0.0,0,7.881354261339178e-09,0,0.0
2025-09-24 22:00:00,0.0,0,4.513013149111795e-09,0,0.0
2025-09-24 23:00:00,0.0,0,9.299550682789351e-10,0,0.0
2025-09-25 00:00:00,0.0,0,3.868424736641619e-09,0,0.0
2025-09-25 01:00:00,0.0,0,8.565589770358402e-09,0,0.0
2025-09-25 02:00:00,0.0,0,4.745234718076156e-08,0,0.0
2025-09-25 03:00:00,0.0,0,1.3470304033735175e-07,0,0.0
2025-09-25 04:00:00,0.0,0,4.528015626126501e-07,0,0.0
2025-09-25 05:00:00,0.0,0,3.9009704405522216e-07,0,0.0
2025-09-25 06:00:00,0.0,0,4.708044887569792e-05,0,0.0
2025-09-25 07:00:00,0.0,0,0.01204727912699899,0,0.0
2025-09-25 08:00:00,0.0,0,0.14982034397530808,0,0.0
2025-09-25 09:00:00,0.0,0,0.11430454974499772,0,0.0
2025-09-25 10:00:00,0.0,0,0.10818829718119945,0,0.0
2025-09-25 11:00:00,0.0,0,0.18605080210359595,0,0.0
2025-09-25 12:00:00,0.0,0,0.0011017357552551479,0,0.0
2025-09-25 13:00:00,0.0,0,0.001958932626206313,0,0.0
2025-09-25 14:00:00,0.0,0,2.803417705483838e-05,0,0.0
2025-09-25 15:00:00,0.0,0,8.619894301248268e-06,0,0.0
2025-09-25 16:00:00,0.0,0,3.0673979192620394e-07,0,0.0
2025-09-25 17:00:00,0.0,0,1.3896128324171154e-08,0,0.0
2025-09-25 18:00:00,0.0,0,1.8114910433192477e-09,0,0.0
2025-09-25 19:00:00,0.0,0,6.365336327897618e-10,0,0.0
2025-09-25 20:00:00,0.0,0,1.2312219428068906e-10,0,0.0
2025-09-25 21:00:00,0.0,0,1.6582914196260598e-10,0,0.0
2025-09-25 22:00:00,0.0,0,9.799121581400484e-11,0,0.0
2025-09-25 23:00:00,0.0,0,2.4988939207760294e-10,0,0.0
2025-09-26 00:00:00,0.0,0,6.84697225215667e-10,0,0.0
2025-09-26 01:00:00,0.0,0,1.1746758251141e-09,0,0.0
2025-09-26 02:00:00,0.0,0,4.464651970538644e-09,0,0.0
2025-09-26 03:00:00,0.0,0,1.606486144129437e-08,0,0.0
2025-09-26 04:00:00,0.0,0,2.550918663386141e-07,0,0.0
2025-09-26 05:00:00,0.0,0,1.408839584364969e-06,0,0.0
2025-09-26 06:00:00,0.0,0,1.0714320888991942e-05,0,0.0
2025-09-26 07:00:00,0.0,0,0.0004034462157013618,0,0.0
2025-09-26 08:00:00,0.0,0,0.00011578286169059346,0,0.0
2025-09-26 09:00:00,0.0,0,8.452263741514145e-05,0,0.0
2025-09-26 10:00:00,6.209190108947911,1,0.6628575933094207,1,5.155009610717711
2025-09-26 11:00:00,0.0,0,0.19856214113687193,0,0.0
2025-09-26 12:00:00,0.0,0,0.12881529691388396,0,0.0
2025-09-26 13:00:00,0.0,0,0.04599388273591263,0,0.0
2025-09-26 14:00:00,0.0,0,0.00239748193278053,0,0.0
2025-09-26 15:00:00,0.0,0,0.00034106082816976813,0,0.0
2025-09-26 16:00:00,0.0,0,4.558711580896664e-06,0,0.0
2025-09-26 17:00:00,0.0,0,3.526873540110489e-07,0,0.0
2025-09-26 18:00:00,0.0,0,7.227114906700659e-08,0,0.0
2025-09-26 19:00:00,0.0,0,1.1797898936727653e-08,0,0.0
2025-09-26 20:00:00,0.0,0,5.2372554342854076e-09,0,0.0
2025-09-26 21:00:00,0.0,0,3.237772906997423e-09,0,0.0
2025-09-26 22:00:00,0.0,0,1.9375663481079427e-09,0,0.0
2025-09-26 23:00:00,0.0,0,9.500977384993131e-10,0,0.0
2025-09-27 00:00:00,0.0,0,1.0889853896262398e-09,0,0.0
2025-09-27 01:00:00,0.0,0,2.8626604296515578e-09,0,0.0
2025-09-27 02:00:00,0.0,0,2.2240901218080506e-08,0,0.0
2025-09-27 03:00:00,0.0,0,1.6123243026109782e-07,0,0.0
2025-09-27 04:00:00,0.0,0,6.895211494844934e-07,0,0.0
2025-09-27 05:00:00,0.0,0,2.780911105758812e-06,0,0.0
2025-09-27 06:00:00,0.0,0,2.9558016944102068e-06,0,0.0
2025-09-27 07:00:00,0.0,0,0.001870318239781335,0,0.0
2025-09-27 08:00:00,0.0,0,0.01953979948697434,0,0.0
2025-09-27 09:00:00,0.0,0,0.12708853541404186,0,0.0
2025-09-27 10:00:00,0.0,0,0.4694141796955595,0,0.0
2025-09-27 11:00:00,0.0,0,0.08567053933363838,0,0.0
2025-09-27 12:00:00,0.0,0,0.12079700777415972,0,0.0
2025-09-27 13:00:00,0.0,0,0.005555979663189734,0,0.0
2025-09-27 14:00:00,0.0,0,0.011958383074485705,0,0.0
2025-09-27 15:00:00,0.0,0,5.094096072855507e-05,0,0.0
2025-09-27 16:00:00,0.0,0,2.1291355524444237e-06,0,0.0
2025-09-27 17:00:00,0.0,0,2.706044825324683e-07,0,0.0
2025-09-27 18:00:00,0.0,0,6.386400661255196e-08,0,0.0
2025-09-27 19:00:00,0.0,0,2.930354678733817e-08,0,0.0
2025-09-27 20:00:00,0.0,0,7.09531988974196e-09,0,0.0
2025-09-27 21:00:00,0.0,0,3.2290283328027636e-10,0,0.0
2025-09-27 22:00:00,0.0,0,8.410449764529287e-10,0,0.0
2025-09-27 23:00:00,0.0,0,6.319691826614053e-10,0,0.0
2025-09-28 00:00:00,0.0,0,2.8019574109593744e-09,0,0.0
2025-09-28 01:00:00,0.0,0,3.4705613450552844e-09,0,0.0
2025-09-28 02:00:00,0.0,0,5.5558994890067045e-08,0,0.0
2025-09-28 03:00:00,0.0,0,7.777406083222453e-08,0,0.0
2025-09-28 04:00:00,0.0,0,3.733704939063016e-07,0,0.0
2025-09-28 05:00:00,0.0,0,6.725178361775418e-06,0,0.0
2025-09-28 06:00:00,0.0,0,0.00024118473399755607,0,0.0
2025-09-28 07:00:00,0.0,0,0.0004073969517517273,0,0.0
2025-09-28 08:00:00,0.0,0,0.006793628628025265,0,0.0
2025-09-28 09:00:00,0.0,0,0.0006555615098745155,0,0.0
2025-09-28 10:00:00,0.0,0,0.00045068840546112337,0,0.0
2025-09-28 11:00:00,0.0,0,0.0002498686890956216,0,0.0
2025-09-28 12:00:00,5.837240304568879,1,0.33010198994054246,0,0.0
2025-09-28 13:00:00,0.0,0,0.6535804240049307,1,5.220519018338589
2025-09-28 14:00:00,0.0,0,0.003398653537812955,0,0.0
2025-09-28 15:00:00,0.0,0,0.00013791476844960662,0,0.0
2025-09-28 16:00:00,0.0,0,1.0439372282376116e-05,0,0.0
2025-09-28 17:00:00,0.0,0,4.7255751477664316e-07,0,0.0
2025-09-28 18:00:00,0.0,0,7.495083660052669e-08,0,0.0
2025-09-28 19:00:00,0.0,0,4.518683950756464e-08,0,0.0
2025-09-28 20:00:00,0.0,0,6.243764528671411e-09,0,0.0
2025-09-28 21:00:00,0.0,0,3.8189707631255505e-09,0,0.0
2025-09-28 22:00:00,0.0,0,2.3270762296167657e-09,0,0.0
2025-09-28 23:00:00,0.0,0,3.0658659805465804e-09,0,0.0
2025-09-29 00:00:00,0.0,0,2.3261168758584642e-09,0,0.0
2025-09-29 01:00:00,0.0,0,9.612551648529435e-09,0,0.0
2025-09-29 02:00:00,0.0,0,3.411160143459314e-08,0,0.0
2025-09-29 03:00:00,0.0,0,1.543992483631835e-07,0,0.0
2025-09-29 04:00:00,0.0,0,1.4144291839702073e-06,0,0.0
2025-09-29 05:00:00,0.0,0,1.1008823336995375e-05,0,0.0
2025-09-29 06:00:00,0.0,0,0.000314092106507814,0,0.0
2025-09-29 07:00:00,0.0,0,0.009275138165028807,0,0.0
2025-09-29 08:00:00,0.0,0,0.022064891267412717,0,0.0
2025-09-29 09:00:00,0.0,0,0.05774587995945385,0,0.0
2025-09-29 10:00:00,0.0,0,0.019853582074418556,0,0.0
2025-09-29 11:00:00,0.0,0,0.021358813938450565,0,0.0
2025-09-29 12:00:00,0.0,0,0.0017138708501237539,0,0.0
2025-09-29 13:00:00,0.0,0,7.607650842359097e-05,0,0.0
2025-09-29 14:00:00,0.0,0,8.651761646004473e-05,0,0.0
2025-09-29 15:00:00,0.0,0,2.254928320515602e-06,0,0.0
2025-09-29 16:00:00,0.0,0,2.382423636469724e-07,0,0.0
2025-09-29 17:00:00,0.0,0,4.690704708537286e-09,0,0.0
2025-09-29 18:00:00,0.0,0,1.7671884464292157e-09,0,0.0
2025-09-29 19:00:00,0.0,0,5.492888392055829e-11,0,0.0
2025-09-29 20:00:00,0.0,0,1.204773006210022e-10,0,0.0
2025-09-29 21:00:00,0.0,0,9.485867804589039e-11,0,0.0
2025-09-29 22:00:00,0.0,0,6.37371147402324e-11,0,0.0
2025-09-29 23:00:00,0.0,0,6.157825718869415e-12,0,0.0
2025-09-30 00:00:00,0.0,0,5.021871253467578e-11,0,0.0
2025-09-30 01:00:00,0.0,0,1.153166381934168e-10,0,0.0
2025-09-30 02:00:00,0.0,0,8.17628647274184e-10,0,0.0
2025-09-30 03:00:00,0.0,0,7.611399729356973e-10,0,0.0
2025-09-30 04:00:00,0.0,0,1.6343022866334648e-08,0,0.0
2025-09-30 05:00:00,0.0,0,2.0147428697553992e-07,0,0.0
2025-09-30 06:00:00,0.0,0,4.135767813219572e-06,0,0.0
2025-09-30 07:00:00,0.0,0,0.000123226107902223,0,0.0
2025-09-30 08:00:00,0.0,0,1.1491595722507777e-05,0,0.0
2025-09-30 09:00:00,5.963726209276259,1,0.36460533723672883,0,0.0
2025-09-30 10:00:00,0.0,0,0.06146733507093065,0,0.0
2025-09-30 11:00:00,0.0,0,0.03541098487144248,0,0.0
2025-09-30 12:00:00,0.0,0,0.059888614089108116,0,0.0
2025-09-30 13:00:00,0.0,0,0.001619569680892645,0,0.0
2025-09-30 14:00:00,0.0,0,0.00043076031959823674,0,0.0
2025-09-30 15:00:00,0.0,0,2.6257931231808214e-05,0,0.0
2025-09-30 16:00:00,0.0,0,3.6100619534310503e-06,0,0.0
2025-09-30 17:00:00,0.0,0,2.7167015829661565e-08,0,0.0
2025-09-30 18:00:00,0.0,0,1.221928570713626e-08,0,0.0
2025-09-30 19:00:00,0.0,0,8.549931994861702e-09,0,0.0
2025-09-30 20:00:00,0.0,0,1.2092562550905924e-09,0,0.0
2025-09-30 21:00:00,0.0,0,1.358615316826565e-10,0,0.0
2025-09-30 22:00:00,0.0,0,4.0930788929806416e-10,0,0.0
2025-09-30 23:00:00,0.0,0,1.1269304836821798e-10,0,0.0
2025-10-01 00:00:00,0.0,0,8.407804938705584e-11,0,0.0
2025-10-01 01:00:00,0.0,0,4.0353949339996046e-10,0,0.0
2025-10-01 02:00:00,0.0,0,4.813831223416245e-10,0,0.0
2025-10-01 03:00:00,0.0,0,6.508632314110536e-09,0,0.0
2025-10-01 04:00:00,0.0,0,2.6219982207398065e-08,0,0.0
2025-10-01 05:00:00,0.0,0,1.521383181486792e-07,0,0.0
2025-10-01 06:00:00,0.0,0,3.226860770800212e-07,0,0.0
2025-10-01 07:00:00,0.0,0,1.804631832702388e-05,0,0.0
2025-10-01 08:00:00,0.0,0,0.00021943374208012483,0,0.0
2025-10-01 09:00:00,0.0,0,8.373569834141067e-05,0,0.0
2025-10-01 10:00:00,5.422172202509134,1,0.1505942006561517,0,0.0
2025-10-01 11:00:00,0.0,0,0.5565378623834555,1,5.699313605078871
2025-10-01 12:00:00,0.0,0,0.26909006974204697,0,0.0
2025-10-01 13:00:00,0.0,0,0.1260974306528549,0,0.0
2025-10-01 14:00:00,0.0,0,0.0004930935781062924,0,0.0
2025-10-01 15:00:00,0.0,0,0.00027693524439237793,0,0.0
2025-10-01 16:00:00,0.0,0,1.1928428709147294e-05,0,0.0
2025-10-01 17:00:00,0.0,0,4.886163998156766e-07,0,0.0
2025-10-01 18:00:00,0.0,0,1.5799396774038813e-07,0,0.0
2025-10-01 19:00:00,0.0,0,3.387550352598157e-08,0,0.0
2025-10-01 20:00:00,0.0,0,4.550163893224517e-09,0,0.0
2025-10-01 21:00:00,0.0,0,2.0718056913177187e-09,0,0.0
2025-10-01 22:00:00,0.0,0,1.5912318688372984e-10,0,0.0
2025-10-01 23:00:00,0.0,0,4.864677736837286e-10,0,0.0
2025-10-02 00:00:00,0.0,0,2.597489754047098e-10,0,0.0
2025-10-02 01:00:00,0.0,0,9.100764146663468e-10,0,0.0
2025-10-02 02:00:00,0.0,0,2.9737520680480336e-09,0,0.0
2025-10-02 03:00:00,0.0,0,1.2656897073693702e-08,0,0.0
2025-10-02 04:00:00,0.0,0,3.001380765825331e-08,0,0.0
2025-10-02 05:00:00,0.0,0,1.4145933774075093e-07,0,0.0
2025-10-02 06:00:00,0.0,0,7.079929973515697e-06,0,0.0
2025-10-02 07:00:00,0.0,0,0.002567878483451986,0,0.0
2025-10-02 08:00:00,0.0,0,0.010163674120771033,0,0.0
2025-10-02 09:00:00,0.0,0,0.016049793413007107,0,0.0
2025-10-02 10:00:00,0.0,0,0.005994263694522126,0,0.0
2025-10-02 11:00:00,0.0,0,0.0005111696079768821,0,0.0
2025-10-02 12:00:00,0.0,0,0.0001945017164009632,0,0.0
2025-10-02 13:00:00,0.0,0,4.192607116256047e-05,0,0.0
2025-10-02 14:00:00,0.0,0,1.1252769651550617e-05,0,0.0
2025-10-02 15:00:00,0.0,0,6.226658588682923e-06,0,0.0
2025-10-02 16:00:00,0.0,0,1.1448692784528289e-06,0,0.0
2025-10-02 17:00:00,0.0,0,8.401894469083326e-09,0,0.0
2025-10-02 18:00:00,0.0,0,2.214291510666372e-09,0,0.0
2025-10-02 19:00:00,0.0,0,3.400363956773594e-10,0,0.0
2025-10-02 20:00:00,0.0,0,8.221477967956946e-11,0,0.0
2025-10-02 21:00:00,0.0,0,2.6830154823903935e-11,0,0.0
2025-10-02 22:00:00,0.0,0,7.909315533776738e-11,0,0.0
2025-10-02 23:00:00,0.0,0,2.274371295787797e-11,0,0.0
2025-10-03 00:00:00,0.0,0,1.008948418497822e-10,0,0.0
2025-10-03 01:00:00,0.0,0,1.5757212860515517e-10,0,0.0
2025-10-03 02:00:00,0.0,0,1.8010819895194123e-09,0,0.0
2025-10-03 03:00:00,0.0,0,5.693294428595325e-09,0,0.0
2025-10-03 04:00:00,0.0,0,2.082637349013743e-08,0,0.0
2025-10-03 05:00:00,0.0,0,1.2555568732878102e-07,0,0.0
2025-10-03 06:00:00,0.0,0,3.163333528227067e-06,0,0.0
2025-10-03 07:00:00,0.0,0,1.3311572242535948e-05,0,0.0
2025-10-03 08:00:00,0.0,0,0.00011512498993096838,0,0.0
2025-10-03 09:00:00,0.0,0,0.0019033544053913812,0,0.0
2025-10-03 10:00:00,5.918726433451317,1,0.612901041094585,1,5.497912119745873
2025-10-03 11:00:00,0.0,0,0.275852997924539,0,0.0
2025-10-03 12:00:00,0.0,0,0.04306118437551107,0,0.0
2025-10-03 13:00:00,0.0,0,0.03276759299474929,0,0.0
2025-10-03 14:00:00,0.0,0,0.002211783232196043,0,0.0
2025-10-03 15:00:00,0.0,0,0.000893935296717731,0,0.0
2025-10-03 16:00:00,0.0,0,7.3094078953882225e-06,0,0.0
2025-10-03 17:00:00,0.0,0,3.971876695645688e-07,0,0.0
2025-10-03 18:00:00,0.0,0,1.9646408712749072e-07,0,0.0
2025-10-03 19:00:00,0.0,0,1.1721020403125473e-08,0,0.0
2025-10-03 20:00:00,0.0,0,6.289235816037648e-09,0,0.0
2025-10-03 21:00:00,0.0,0,2.3687026030507065e-09,0,0.0
2025-10-03 22:00:00,0.0,0,8.377785838140223e-10,0,0.0
2025-10-03 23:00:00,0.0,0,5.607079076264497e-10,0,0.0
2025-10-04 00:00:00,0.0,0,8.797364490147679e-10,0,0.0
2025-10-04 01:00:00,0.0,0,9.00783329102751e-10,0,0.0
2025-10-04 02:00:00,0.0,0,2.8651320645007283e-09,0,0.0
2025-10-04 03:00:00,0.0,0,1.833391066235891e-08,0,0.0
2025-10-04 04:00:00,0.0,0,3.015724424569478e-08,0,0.0
2025-10-04 05:00:00,0.0,0,9.215532704394291e-08,0,0.0
2025-10-04 06:00:00,0.0,0,1.8155091047226155e-06,0,0.0
2025-10-04 07:00:00,0.0,0,0.0004124236622615074,0,0.0
2025-10-04 08:00:00,0.0,0,0.0747712593085967,0,0.0
2025-10-04 09:00:00,0.0,0,0.3980761842005345,0,0.0
2025-10-04 10:00:00,0.0,0,0.06074105256767685,0,0.0
2025-10-04 11:00:00,0.0,0,0.015409183701072795,0,0.0
2025-10-04 12:00:00,0.0,0,0.002532523847150941,0,0.0
2025-10-04 13:00:00,0.0,0,0.001065878290567444,0,0.0
2025-10-04 14:00:00,0.0,0,0.0010584522047664118,0,0.0
2025-10-04 15:00:00,0.0,0,0.0002661134437441264,0,0.0
2025-10-04 16:00:00,0.0,0,3.835479221414589e-05,0,0.0
2025-10-04 17:00:00,0.0,0,6.263455292226793e-07,0,0.0
2025-10-04 18:00:00,0.0,0,5.29809237854611e-08,0,0.0
2025-10-04 19:00:00,0.0,0,1.6068361576957016e-08,0,0.0
2025-10-04 20:00:00,0.0,0,2.5012438749934176e-09,0,0.0
2025-10-04 21:00:00,0.0,0,1.1149727549573846e-09,0,0.0
2025-10-04 22:00:00,0.0,0,4.5722382875846084e-10,0,0.0
2025-10-04 23:00:00,0.0,0,4.5228474165109395e-10,0,0.0
2025-10-05 00:00:00,0.0,0,4.1696597550121403e-10,0,0.0
2025-10-05 01:00:00,0.0,0,1.5910014125379753e-09,0,0.0
2025-10-05 02:00:00,0.0,0,3.5434803076370847e-09,0,0.0
2025-10-05 03:00:00,0.0,0,1.0226050809507862e-08,0,0.0
2025-10-05 04:00:00,0.0,0,4.001723653724342e-08,0,0.0
2025-10-05 05:00:00,0.0,0,9.411769755670009e-09,0,0.0
2025-10-05 06:00:00,0.0,0,4.3289828922228384e-07,0,0.0
2025-10-05 07:00:00,0.0,0,1.6484129387015225e-05,0,0.0
2025-10-05 08:00:00,0.0,0,0.02198314670651802,0,0.0
2025-10-05 09:00:00,0.0,0,0.5694952311023794,1,5.174312985738234
2025-10-05 10:00:00,0.0,0,0.6720711731765132,1,4.588968004153766
2025-10-05 11:00:00,0.0,0,0.20643202369611552,0,0.0
2025-10-05 12:00:00,0.0,0,0.04769187278929563,0,0.0
2025-10-05 13:00:00,0.0,0,0.3005682216293934,0,0.0
2025-10-05 14:00:00,0.0,0,0.00046597783187265996,0,0.0
2025-10-05 15:00:00,0.0,0,0.00039963152342294193,0,0.0
2025-10-05 16:00:00,0.0,0,2.1110215758056244e-05,0,0.0
2025-10-05 17:00:00,0.0,0,1.4534526139275994e-06,0,0.0
2025-10-05 18:00:00,0.0,0,3.5374059279253916e-07,0,0.0
2025-10-05 19:00:00,0.0,0,2.5321365177132112e-08,0,0.0
2025-10-05 20:00:00,0.0,0,2.203815632211389e-09,0,0.0
2025-10-05 21:00:00,0.0,0,1.3707145044662863e-09,0,0.0
2025-10-05 22:00:00,0.0,0,5.335782112670622e-10,0,0.0
2025-10-05 23:00:00,0.0,0,7.376972700471169e-10,0,0.0
2025-10-06 00:00:00,0.0,0,8.089583951389303e-10,0,0.0
2025-10-06 01:00:00,0.0,0,1.3564833316285466e-09,0,0.0
2025-10-06 02:00:00,0.0,0,4.461493944211269e-09,0,0.0
2025-10-06 03:00:00,0.0,0,2.5638036350353473e-08,0,0.0
2025-10-06 04:00:00,0.0,0,7.455287500114744e-08,0,0.0
2025-10-06 05:00:00,0.0,0,1.625420061927195e-07,0,0.0
2025-10-06 06:00:00,0.0,0,5.9275868472355785e-06,0,0.0
2025-10-06 07:00:00,0.0,0,0.0005991322063882348,0,0.0
2025-10-06 08:00:00,0.0,0,0.001500521640107036,0,0.0
2025-10-06 09:00:00,0.0,0,0.0017019959057271053,0,0.0
2025-10-06 10:00:00,0.0,0,0.0066591584263565005,0,0.0
2025-10-06 11:00:00,0.0,0,0.00026826570252723176,0,0.0
2025-10-06 12:00:00,0.0,0,0.00023349809071925237,0,0.0
2025-10-06 13:00:00,0.0,0,0.0002637232499979291,0,0.0
2025-10-06 14:00:00,0.0,0,9.915216450663692e-06,0,0.0
2025-10-06 15:00:00,0.0,0,1.023903412090685e-05,0,0.0
2025-10-06 16:00:00,0.0,0,6.911146354096824e-07,0,0.0
2025-10-06 17:00:00,0.0,0,6.2065467117418875e-09,0,0.0
2025-10-06 18:00:00,0.0,0,1.2235773209136633e-08,0,0.0
2025-10-06 19:00:00,0.0,0,2.479157653206559e-10,0,0.0
2025-10-06 20:00:00,0.0,0,1.9119545565493696e-10,0,0.0
2025-10-06 21:00:00,0.0,0,1.7871206126325114e-11,0,0.0
2025-10-06 22:00:00,0.0,0,1.546227407879895e-11,0,0.0
2025-10-06 23:00:00,0.0,0,1.1330320331265038e-10,0,0.0
2025-10-07 00:00:00,0.0,0,1.821788673674224e-10,0,0.0
2025-10-07 01:00:00,0.0,0,3.4370139074129616e-10,0,0.0
2025-10-07 02:00:00,0.0,0,4.6506386899778044e-10,0,0.0
2025-10-07 03:00:00,0.0,0,1.3832546567097851e-09,0,0.0
2025-10-07 04:00:00,0.0,0,2.970657502017601e-09,0,0.0
2025-10-07 05:00:00,0.0,0,6.558318578574419e-08,0,0.0
2025-10-07 06:00:00,0.0,0,2.302092299887196e-07,0,0.0
2025-10-07 07:00:00,0.0,0,1.1362407547822993e-05,0,0.0
2025-10-07 08:00:00,0.0,0,0.00010463398129023574,0,0.0
2025-10-07 09:00:00,0.0,0,2.999551377659527e-05,0,0.0
2025-10-07 10:00:00,6.587604625442214,1,0.7010735219900774,1,4.9812884999369444
2025-10-07 11:00:00,0.0,0,0.3364969637301422,0,0.0
2025-10-07 12:00:00,0.0,0,0.2734743609681509,0,0.0
2025-10-07 13:00:00,0.0,0,0.03372380111163652,0,0.0
2025-10-07 14:00:00,0.0,0,0.0030478220990945624,0,0.0
2025-10-07 15:00:00,0.0,0,0.0001779527624406431,0,0.0
2025-10-07 16:00:00,0.0,0,0.00017915917796568708,0,0.0
2025-10-07 17:00:00,0.0,0,1.0513227673717211e-06,0,0.0
2025-10-07 18:00:00,0.0,0,1.259902462934874e-07,0,0.0
2025-10-07 19:00:00,0.0,0,7.064716788497783e-08,0,0.0
2025-10-07 20:00:00,0.0,0,7.251372080542051e-09,0,0.0
2025-10-07 21:00:00,0.0,0,2.8988111676702635e-09,0,0.0
2025-10-07 22:00:00,0.0,0,8.243031713803017e-10,0,0.0
2025-10-07 23:00:00,0.0,0,6.259516123057096e-10,0,0.0
2025-10-08 00:00:00,0.0,0,8.18805997832855e-10,0,0.0
2025-10-08 01:00:00,0.0,0,1.443475871835423e-09,0,0.0
2025-10-08 02:00:00,0.0,0,3.324574024200791e-09,0,0.0
2025-10-08 03:00:00,0.0,0,1.632883075825722e-08,0,0.0
2025-10-08 04:00:00,0.0,0,3.707880976362924e-08,0,0.0
2025-10-08 05:00:00,0.0,0,2.0201188324511735e-07,0,0.0
2025-10-08 06:00:00,0.0,0,2.988784005596496e-05,0,0.0
2025-10-08 07:00:00,0.0,0,0.00043931621285440097,0,0.0
2025-10-08 08:00:00,0.0,0,0.019457815876608518,0,0.0
2025-10-08 09:00:00,0.0,0,0.01007065611950125,0,0.0
2025-10-08 10:00:00,0.0,0,0.015226114751271603,0,0.0
2025-10-08 11:00:00,0.0,0,6.817954610030197e-05,0,0.0
2025-10-08 12:00:00,0.0,0,0.00011916066576505321,0,0.0
2025-10-08 13:00:00,0.0,0,3.263932527188529e-05,0,0.0
2025-10-08 14:00:00,0.0,0,3.5633115196913405e-05,0,0.0
2025-10-08 15:00:00,0.0,0,2.739479570586813e-06,0,0.0
2025-10-08 16:00:00,0.0,0,6.119491114058339e-07,0,0.0
2025-10-08 17:00:00,0.0,0,4.566307859084558e-08,0,0.0
2025-10-08 18:00:00,0.0,0,2.2905193635249873e-09,0,0.0
2025-10-08 19:00:00,0.0,0,3.0862133421404836e-10,0,0.0
2025-10-08 20:00:00,0.0,0,1.221113361828191e-11,0,0.0
2025-10-08 21:00:00,0.0,0,3.7067545145281226e-11,0,0.0
2025-10-08 22:00:00,0.0,0,8.496068156917839e-11,0,0.0
2025-10-08 23:00:00,0.0,0,4.095980053932073e-11,0,0.0
2025-10-09 00:00:00,0.0,0,1.5494923262104198e-11,0,0.0
2025-10-09 01:00:00,0.0,0,5.1499251214410653e-11,0,0.0
2025-10-09 02:00:00,0.0,0,7.551865309761004e-10,0,0.0
2025-10-09 03:00:00,0.0,0,3.900436403947437e-10,0,0.0
2025-10-09 04:00:00,0.0,0,5.9433028136923815e-09,0,0.0
2025-10-09 05:00:00,0.0,0,1.0546010092744806e-08,0,0.0
2025-10-09 06:00:00,0.0,0,1.5939106778747693e-07,0,0.0
2025-10-09 07:00:00,0.0,0,4.992127277142243e-06,0,0.0
2025-10-09 08:00:00,0.0,0,2.0941455012184707e-05,0,0.0
2025-10-09 09:00:00,6.468672461653643,1,0.4875756338445729,0,0.0
2025-10-09 10:00:00,0.0,0,0.6166617366858326,1,5.092950417303617
2025-10-09 11:00:00,0.0,0,0.3003450939119741,0,0.0
2025-10-09 12:00:00,0.0,0,0.09903264302058953,0,0.0
2025-10-09 13:00:00,0.0,0,0.009735208604115265,0,0.0
2025-10-09 14:00:00,0.0,0,0.010944582244421493,0,0.0
2025-10-09 15:00:00,0.0,0,6.588878285646195e-05,0,0.0
2025-10-09 16:00:00,0.0,0,1.0446708358020684e-05,0,0.0
2025-10-09 17:00:00,0.0,0,3.468165642449369e-07,0,0.0
2025-10-09 18:00:00,0.0,0,9.666269832974308e-08,0,0.0
2025-10-09 19:00:00,0.0,0,2.887561994410522e-08,0,0.0
2025-10-09 20:00:00,0.0,0,1.0268438391430548e-09,0,0.0
2025-10-09 21:00:00,0.0,0,8.124891206485285e-10,0,0.0
2025-10-09 22:00:00,0.0,0,2.668851019228786e-10,0,0.0
2025-10-09 23:00:00,0.0,0,5.912341971529755e-10,0,0.0
2025-10-10 00:00:00,0.0,0,9.435269413183722e-10,0,0.0
2025-10-10 01:00:00,0.0,0,7.388322426309422e-10,0,0.0
2025-10-10 02:00:00,0.0,0,6.1424893648015105e-09,0,0.0
2025-10-10 03:00:00,0.0,0,6.405598279700137e-08,0,0.0
2025-10-10 04:00:00,0.0,0,1.0606244087773824e-07,0,0.0
2025-10-10 05:00:00,0.0,0,4.804856828388527e-07,0,0.0
2025-10-10 06:00:00,0.0,0,3.38642097403919e-05,0,0.0
2025-10-10 07:00:00,0.0,0,0.0010196692896838483,0,0.0
2025-10-10 08:00:00,0.0,0,0.006887543263241931,0,0.0
2025-10-10 09:00:00,0.0,0,0.010132178718792496,0,0.0
2025-10-10 10:00:00,0.0,0,0.000119270383305524,0,0.0
2025-10-10 11:00:00,6.203512460163684,1,0.6925343042260625,1,5.710224347092112
2025-10-10 12:00:00,0.0,0,0.4552920927134998,0,0.0
2025-10-10 13:00:00,0.0,0,0.15500969643266505,0,0.0
2025-10-10 14:00:00,0.0,0,0.02923828428279815,0,0.0
2025-10-10 15:00:00,0.0,0,0.006580302059323693,0,0.0
2025-10-10 16:00:00,0.0,0,5.905270358166443e-05,0,0.0
2025-10-10 17:00:00,0.0,0,6.338582511480672e-06,0,0.0
2025-10-10 18:00:00,0.0,0,3.908104929935678e-07,0,0.0
2025-10-10 19:00:00,0.0,0,7.38048853514412e-08,0,0.0
2025-10-10 20:00:00,0.0,0,1.18411942249862e-08,0,0.0
2025-10-10 21:00:00,0.0,0,1.4626581201827193e-09,0,0.0
2025-10-10 22:00:00,0.0,0,5.277086001474955e-10,0,0.0
2025-10-10 23:00:00,0.0,0,5.395309437437269e-10,0,0.0
2025-10-11 00:00:00,0.0,0,4.0784447738805956e-10,0,0.0
2025-10-11 01:00:00,0.0,0,1.951766268592264e-09,0,0.0
2025-10-11 02:00:00,0.0,0,6.122615261594116e-09,0,0.0
2025-10-11 03:00:00,0.0,0,1.36584077844926e-08,0,0.0
2025-10-11 04:00:00,0.0,0,1.897414862396903e-08,0,0.0
2025-10-11 05:00:00,0.0,0,2.7765610343840836e-08,0,0.0
2025-10-11 06:00:00,0.0,0,5.021476642326704e-06,0,0.0
2025-10-11 07:00:00,0.0,0,0.0009696171692909228,0,0.0
2025-10-11 08:00:00,0.0,0,0.05959587884774043,0,0.0
2025-10-11 09:00:00,0.0,0,0.15047630105618282,0,0.0
2025-10-11 10:00:00,0.0,0,0.010842236430114137,0,0.0
2025-10-11 11:00:00,0.0,0,0.0030083746072023135,0,0.0
2025-10-11 12:00:00,0.0,0,0.00035255503615994353,0,0.0
2025-10-11 13:00:00,0.0,0,0.0007714245626752217,0,0.0
2025-10-11 14:00:00,0.0,0,1.4518493453586002e-05,0,0.0
2025-10-11 15:00:00,0.0,0,5.613314731016517e-06,0,0.0
2025-10-11 16:00:00,0.0,0,1.857354573346836e-07,0,0.0
2025-10-11 17:00:00,0.0,0,5.941405960225462e-08,0,0.0
2025-10-11 18:00:00,0.0,0,1.4374190504195585e-09,0,0.0
2025-10-11 19:00:00,0.0,0,4.0008051631711984e-10,0,0.0
2025-10-11 20:00:00,0.0,0,1.501955746837169e-10,0,0.0
2025-10-11 21:00:00,0.0,0,8.627210407119261e-11,0,0.0
2025-10-11 22:00:00,0.0,0,3.066563863281965e-11,0,0.0
2025-10-11 23:00:00,0.0,0,5.2012321681223436e-11,0,0.0
2025-10-12 00:00:00,0.0,0,1.4074015255125283e-11,0,0.0
2025-10-12 01:00:00,0.0,0,2.575665747645801e-10,0,0.0
2025-10-12 02:00:00,0.0,0,6.249656226384453e-10,0,0.0
2025-10-12 03:00:00,0.0,0,2.082716708378657e-09,0,0.0
2025-10-12 04:00:00,0.0,0,9.885856467822511e-10,0,0.0
2025-10-12 05:00:00,0.0,0,3.1785640811739144e-08,0,0.0
2025-10-12 06:00:00,0.0,0,5.191611828538945e-07,0,0.0
2025-10-12 07:00:00,0.0,0,6.4971468860060885e-06,0,0.0
2025-10-12 08:00:00,0.0,0,3.8412173676035593e-05,0,0.0
2025-10-12 09:00:00,5.633576714757355,1,0.7210807402242304,1,6.0690588003122885
2025-10-12 10:00:00,0.0,0,0.7289510088920347,1,5.406741912022769
2025-10-12 11:00:00,0.0,0,0.2691161691684719,0,0.0
2025-10-12 12:00:00,0.0,0,0.013609486525177586,0,0.0
2025-10-12 13:00:00,0.0,0,0.027217868930671213,0,0.0
2025-10-12 14:00:00,0.0,0,0.0043089411052289,0,0.0
2025-10-12 15:00:00,0.0,0,9.26535572114963e-05,0,0.0
2025-10-12 16:00:00,0.0,0,8.063467517018399e-07,0,0.0
2025-10-12 17:00:00,0.0,0,1.283464600723875e-07,0,0.0
2025-10-12 18:00:00,0.0,0,5.38431501191385e-09,0,0.0
2025-10-12 19:00:00,0.0,0,6.491937676101592e-09,0,0.0
2025-10-12 20:00:00,0.0,0,2.9038299900448353e-09,0,0.0
2025-10-12 21:00:00,0.0,0,1.824511525658985e-10,0,0.0
2025-10-12 22:00:00,0.0,0,5.88516540022371e-10,0,0.0
2025-10-12 23:00:00,0.0,0,3.472699184520742e-10,0,0.0
2025-10-13 00:00:00,0.0,0,1.624860098364259e-10,0,0.0
2025-10-13 01:00:00,0.0,0,9.803624645451487e-10,0,0.0
2025-10-13 02:00:00,0.0,0,1.0862668023844739e-09,0,0.0
2025-10-13 03:00:00,0.0,0,1.6966859032420597e-08,0,0.0
2025-10-13 04:00:00,0.0,0,1.6543529218485016e-08,0,0.0
2025-10-13 05:00:00,0.0,0,8.687244260233106e-08,0,0.0
2025-10-13 06:00:00,0.0,0,6.664320188093868e-06,0,0.0
2025-10-13 07:00:00,0.0,0,0.00020372318595290152,0,0.0
2025-10-13 08:00:00,0.0,0,0.00036256506989119263,0,0.0
2025-10-13 09:00:00,0.0,0,0.00010634279268101195,0,0.0
2025-10-13 10:00:00,0.0,0,0.0002046564934763063,0,0.0
2025-10-13 11:00:00,5.823687709524189,1,0.4056480013441584,0,0.0
2025-10-13 12:00:00,0.0,0,0.09746283748199536,0,0.0
2025-10-13 13:00:00,0.0,0,0.284873576128067,0,0.0
2025-10-13 14:00:00,0.0,0,0.0055878247661050135,0,0.0
2025-10-13 15:00:00,0.0,0,0.0005647856026292544,0,0.0
2025-10-13 16:00:00,0.0,0,4.7495038489031324e-05,0,0.0
2025-10-13 17:00:00,0.0,0,3.2532651941682377e-06,0,0.0
2025-10-13 18:00:00,0.0,0,4.433819806564264e-07,0,0.0
2025-10-13 19:00:00,0.0,0,1.0005918767289736e-08,0,0.0
2025-10-13 20:00:00,0.0,0,9.513562308966167e-09,0,0.0
2025-10-13 21:00:00,0.0,0,2.217998985872224e-09,0,0.0
2025-10-13 22:00:00,0.0,0,5.918110766256318e-10,0,0.0
2025-10-13 23:00:00,0.0,0,3.46459760859841e-10,0,0.0
2025-10-14 00:00:00,0.0,0,1.0169683863372597e-09,0,0.0
2025-10-14 01:00:00,0.0,0,1.5817346232689179e-09,0,0.0
2025-10-14 02:00:00,0.0,0,4.523358555208966e-09,0,0.0
2025-10-14 03:00:00,0.0,0,1.6285033149616274e-08,0,0.0
2025-10-14 04:00:00,0.0,0,2.7912733224542387e-08,0,0.0
2025-10-14 05:00:00,0.0,0,1.0675697963243533e-07,0,0.0
2025-10-14 06:00:00,0.0,0,2.9754556163722898e-05,0,0.0
2025-10-14 07:00:00,0.0,0,0.0024124559622152888,0,0.0
2025-10-14 08:00:00,0.0,0,0.02365983566083874,0,0.0
2025-10-14 09:00:00,0.0,0,0.007373971987412437,0,0.0
2025-10-14 10:00:00,0.0,0,0.011220652253236162,0,0.0
2025-10-14 11:00:00,0.0,0,0.003981018275904938,0,0.0
2025-10-14 12:00:00,0.0,0,0.0001590378820707842,0,0.0
2025-10-14 13:00:00,5.925875180147297,1,0.21889687864357354,0,0.0
2025-10-14 14:00:00,0.0,0,0.2148324533437137,0,0.0
2025-10-14 15:00:00,0.0,0,0.018505708013933822,0,0.0
2025-10-14 16:00:00,0.0,0,0.0005554365677335327,0,0.0
2025-10-14 17:00:00,0.0,0,8.700537997395702e-06,0,0.0
2025-10-14 18:00:00,0.0,0,8.856190827622345e-07,0,0.0
2025-10-14 19:00:00,0.0,0,1.209738361754702e-07,0,0.0
2025-10-14 20:00:00,0.0,0,2.2840371714273894e-08,0,0.0
2025-10-14 21:00:00,0.0,0,5.875792160919702e-09,0,0.0
2025-10-14 22:00:00,0.0,0,2.477172991851528e-09,0,0.0
2025-10-14 23:00:00,0.0,0,9.061930878631947e-10,0,0.0
2025-10-15 00:00:00,0.0,0,1.5582100161499081e-09,0,0.0
2025-10-15 01:00:00,0.0,0,3.6941855179761897e-09,0,0.0
2025-10-15 02:00:00,0.0,0,7.000696296574036e-09,0,0.0
2025-10-15 03:00:00,0.0,0,4.763268280919448e-08,0,0.0
2025-10-15 04:00:00,0.0,0,7.256419766448016e-08,0,0.0
2025-10-15 05:00:00,0.0,0,9.933972433685802e-08,0,0.0
2025-10-15 06:00:00,0.0,0,4.763919026137488e-05,0,0.0
2025-10-15 07:00:00,0.0,0,0.0033916410938346284,0,0.0
2025-10-15 08:00:00,0.0,0,0.3333427138798592,0,0.0
2025-10-15 09:00:00,0.0,0,0.25368185655511216,0,0.0
2025-10-15 10:00:00,0.0,0,0.012857047072820493,0,0.0
2025-10-15 11:00:00,0.0,0,0.00658510756807122,0,0.0
2025-10-15 12:00:00,0.0,0,0.0006347432796284282,0,0.0
2025-10-15 13:00:00,0.0,0,0.00036096248495933565,0,0.0
2025-10-15 14:00:00,0.0,0,0.0001289373786272903,0,0.0
2025-10-15 15:00:00,0.0,0,0.00021506673531178813,0,0.0
2025-10-15 16:00:00,0.0,0,7.525528098612118e-07,0,0.0
2025-10-15 17:00:00,0.0,0,2.797618752547886e-08,0,0.0
2025-10-15 18:00:00,0.0,0,1.3896848515070485e-08,0,0.0
2025-10-15 19:00:00,0.0,0,4.191445660654579e-09,0,0.0
2025-10-15 20:00:00,0.0,0,7.445050919863188e-10,0,0.0
2025-10-15 21:00:00,0.0,0,3.439450322722953e-10,0,0.0
2025-10-15 22:00:00,0.0,0,4.708965912520721e-10,0,0.0
2025-10-15 23:00:00,0.0,0,6.396622716637452e-11,0,0.0
2025-10-16 00:00:00,0.0,0,1.6112838345523411e-10,0,0.0
2025-10-16 01:00:00,0.0,0,6.67507534819539e-10,0,0.0
2025-10-16 02:00:00,0.0,0,2.8622517944972052e-09,0,0.0
2025-10-16 03:00:00,0.0,0,6.947438364800833e-09,0,0.0
2025-10-16 04:00:00,0.0,0,1.034801762134972e-08,0,0.0
2025-10-16 05:00:00,0.0,0,1.6021447107336967e-07,0,0.0
2025-10-16 06:00:00,0.0,0,1.7450052704551587e-05,0,0.0
2025-10-16 07:00:00,0.0,0,0.0006171029471401076,0,0.0
2025-10-16 08:00:00,0.0,0,0.0011056182493939604,0,0.0
2025-10-16 09:00:00,0.0,0,0.0008247317895532922,0,0.0
2025-10-16 10:00:00,0.0,0,0.0018268712185084235,0,0.0
2025-10-16 11:00:00,5.488158824267394,1,0.8211178397545056,1,5.317662477084623
2025-10-16 12:00:00,0.0,0,0.6864222256191524,1,5.462334668250628
2025-10-16 13:00:00,0.0,0,0.06755832645626887,0,0.0
2025-10-16 14:00:00,0.0,0,0.023179288457829683,0,0.0
2025-10-16 15:00:00,0.0,0,0.0002863154119659123,0,0.0
2025-10-16 16:00:00,0.0,0,5.1195890364162715e-05,0,0.0
2025-10-16 17:00:00,0.0,0,1.5247704379946462e-06,0,0.0
2025-10-16 18:00:00,0.0,0,1.0826663678511012e-07,0,0.0
2025-10-16 19:00:00,0.0,0,7.802529935260175e-09,0,0.0
2025-10-16 20:00:00,0.0,0,7.98266678890538e-09,0,0.0
2025-10-16 21:00:00,0.0,0,2.5322724577523114e-09,0,0.0
2025-10-16 22:00:00,0.0,0,2.786757549078198e-10,0,0.0
2025-10-16 23:00:00,0.0,0,1.6655580072833739e-10,0,0.0
2025-10-17 00:00:00,0.0,0,2.0934546838228558e-10,0,0.0
2025-10-17 01:00:00,0.0,0,5.314816063977935e-10,0,0.0
2025-10-17 02:00:00,0.0,0,3.3172402942833793e-09,0,0.0
2025-10-17 03:00:00,0.0,0,7.041939868984817e-09,0,0.0
2025-10-17 04:00:00,0.0,0,1.3669332370815961e-08,0,0.0
2025-10-17 05:00:00,0.0,0,1.0344632319987441e-07,0,0.0
2025-10-17 06:00:00,0.0,0,1.0600597003729359e-05,0,0.0
2025-10-17 07:00:00,0.0,0,0.0004503803213730298,0,0.0
2025-10-17 08:00:00,0.0,0,0.012244815203329108,0,0.0
2025-10-17 09:00:00,0.0,0,0.012699085678057023,0,0.0
2025-10-17 10:00:00,0.0,0,0.012050772406499771,0,0.0
2025-10-17 11:00:00,0.0,0,0.0010660680057766772,0,0.0
2025-10-17 12:00:00,6.153890551555757,1,0.6552883993537844,1,5.641238292257741
2025-10-17 13:00:00,0.0,0,0.35792717849146943,0,0.0
2025-10-17 14:00:00,0.0,0,0.025841014918105015,0,0.0
2025-10-17 15:00:00,0.0,0,0.03709779816640028,0,0.0
2025-10-17 16:00:00,0.0,0,0.00011861651019320342,0,0.0
2025-10-17 17:00:00,0.0,0,8.877487110757296e-07,0,0.0
2025-10-17 18:00:00,0.0,0,2.873479029949722e-07,0,0.0
2025-10-17 19:00:00,0.0,0,2.48154472701943e-08,0,0.0
2025-10-17 20:00:00,0.0,0,9.454709963382097e-09,0,0.0
2025-10-17 21:00:00,0.0,0,2.4322612557208506e-09,0,0.0
2025-10-17 22:00:00,0.0,0,1.0133930003348004e-09,0,0.0
2025-10-17 23:00:00,0.0,0,5.211512255345997e-10,0,0.0
2025-10-18 00:00:00,0.0,0,2.2682275887728625e-10,0,0.0
2025-10-18 01:00:00,0.0,0,8.142866663974602e-10,0,0.0
2025-10-18 02:00:00,0.0,0,2.798268936276404e-09,0,0.0
2025-10-18 03:00:00,0.0,0,6.436995300451997e-09,0,0.0
2025-10-18 04:00:00,0.0,0,1.8461428218842304e-08,0,0.0
2025-10-18 05:00:00,0.0,0,1.7344773604998315e-07,0,0.0
2025-10-18 06:00:00,0.0,0,4.1601565710113076e-05,0,0.0
2025-10-18 07:00:00,0.0,0,0.004326408169587667,0,0.0
2025-10-18 08:00:00,0.0,0,0.007555244491488559,0,0.0
2025-10-18 09:00:00,0.0,0,0.013806854392503209,0,0.0
2025-10-18 10:00:00,0.0,0,0.004439556049468504,0,0.0
2025-10-18 11:00:00,0.0,0,0.00012051785135999333,0,0.0
2025-10-18 12:00:00,0.0,0,8.81776018738697e-05,0,0.0
2025-10-18 13:00:00,5.856494472371284,1,0.7554115480700426,1,5.979854961959045
2025-10-18 14:00:00,0.0,0,0.0947485389502501,0,0.0
2025-10-18 15:00:00,0.0,0,0.012404240609471753,0,0.0
2025-10-18 16:00:00,0.0,0,0.00012358948838851077,0,0.0
2025-10-18 17:00:00,0.0,0,6.621883626915762e-06,0,0.0
2025-10-18 18:00:00,0.0,0,3.0099381894524417e-07,0,0.0
2025-10-18 19:00:00,0.0,0,1.1143769961382781e-07,0,0.0
2025-10-18 20:00:00,0.0,0,3.202185828579302e-08,0,0.0
2025-10-18 21:00:00,0.0,0,6.607829368604956e-09,0,0.0
2025-10-18 22:00:00,0.0,0,1.4365541108112467e-09,0,0.0
2025-10-18 23:00:00,0.0,0,6.877555888112352e-10,0,0.0
2025-10-19 00:00:00,0.0,0,3.5297068240834897e-10,0,0.0
2025-10-19 01:00:00,0.0,0,1.2185029170762779e-09,0,0.0
2025-10-19 02:00:00,0.0,0,2.032963744251963e-09,0,0.0
2025-10-19 03:00:00,0.0,0,8.337079979162354e-09,0,0.0
2025-10-19 04:00:00,0.0,0,1.3478457228411853e-08,0,0.0
2025-10-19 05:00:00,0.0,0,9.966462809242798e-08,0,0.0
2025-10-19 06:00:00,0.0,0,2.5797902299082395e-05,0,0.0
2025-10-19 07:00:00,0.0,0,0.0015779137284301888,0,0.0
2025-10-19 08:00:00,0.0,0,0.0020699202056277803,0,0.0
2025-10-19 09:00:00,0.0,0,0.11521988451654629,0,0.0
2025-10-19 10:00:00,0.0,0,0.04719023590910246,0,0.0
2025-10-19 11:00:00,0.0,0,0.0017145151646628246,0,0.0
2025-10-19 12:00:00,0.0,0,0.0002600853638518508,0,0.0
2025-10-19 13:00:00,0.0,0,4.601618443919154e-05,0,0.0
2025-10-19 14:00:00,5.577431536376013,1,0.07048557678510838,0,0.0
2025-10-19 15:00:00,0.0,0,0.00823261761567385,0,0.0
2025-10-19 16:00:00,0.0,0,8.64614106516653e-05,0,0.0
2025-10-19 17:00:00,0.0,0,6.625075015874658e-06,0,0.0
2025-10-19 18:00:00,0.0,0,2.1650962019421555e-07,0,0.0
2025-10-19 19:00:00,0.0,0,1.0589978860106308e-07,0,0.0
2025-10-19 20:00:00,0.0,0,3.6121587339639196e-08,0,0.0
2025-10-19 21:00:00,0.0,0,7.234387636440171e-09,0,0.0
2025-10-19 22:00:00,0.0,0,1.0847643743034101e-09,0,0.0
2025-10-19 23:00:00,0.0,0,1.0357328490003059e-09,0,0.0
2025-10-20 00:00:00,0.0,0,1.2721664809860766e-09,0,0.0
2025-10-20 01:00:00,0.0,0,1.6185197583968728e-09,0,0.0
2025-10-20 02:00:00,0.0,0,4.00271722332786e-09,0,0.0
2025-10-20 03:00:00,0.0,0,8.81227574328871e-09,0,0.0
2025-10-20 04:00:00,0.0,0,2.1645047821341357e-08,0,0.0
2025-10-20 05:00:00,0.0,0,2.1541977853477172e-08,0,0.0
2025-10-20 06:00:00,0.0,0,4.624382776575024e-07,0,0.0
2025-10-20 07:00:00,0.0,0,2.2204292168217428e-05,0,0.0
2025-10-20 08:00:00,0.0,0,0.0010891803565504276,0,0.0
2025-10-20 09:00:00,0.0,0,0.017753980084166603,0,0.0
2025-10-20 10:00:00,0.0,0,0.17301932101069423,0,0.0
2025-10-20 11:00:00,0.0,0,0.17675604927795546,0,0.0
2025-10-20 12:00:00,0.9263313045536136,1,0.0393103050553716,0,0.0
2025-10-20 13:00:00,0.0,0,0.03201250444209111,0,0.0
2025-10-20 14:00:00,0.0,0,0.0023291363854073773,0,0.0
2025-10-20 15:00:00,0.0,0,0.00012821011908522749,0,0.0
2025-10-20 16:00:00,0.0,0,4.919012784408023e-06,0,0.0
2025-10-20 17:00:00,0.0,0,1.7496974246779978e-07,0,0.0
2025-10-20 18:00:00,0.0,0,1.5688680174569086e-08,0,0.0
2025-10-20 19:00:00,0.0,0,6.535334738994484e-09,0,0.0
2025-10-20 20:00:00,0.0,0,1.4200739716305655e-09,0,0.0
2025-10-20 21:00:00,0.0,0,5.245396162830333e-10,0,0.0
2025-10-20 22:00:00,0.0,0,2.458770656306352e-10,0,0.0
2025-10-20 23:00:00,0.0,0,1.7095137870687396e-10,0,0.0
2025-10-21 00:00:00,0.0,0,1.3802611854605313e-10,0,0.0
2025-10-21 01:00:00,0.0,0,3.5850743992341415e-10,0,0.0
2025-10-21 02:00:00,0.0,0,1.7790355987720048e-10,0,0.0
2025-10-21 03:00:00,0.0,0,2.2702416274222843e-10,0,0.0
2025-10-21 04:00:00,0.0,0,9.24790061758205e-10,0,0.0
2025-10-21 05:00:00,0.0,0,4.054928769979928e-10,0,0.0
2025-10-21 06:00:00,0.0,0,3.468529867053522e-09,0,0.0
2025-10-21 07:00:00,0.0,0,2.6337676741916508e-09,0,0.0
2025-10-21 08:00:00,0.0,0,8.348817178146371e-07,0,0.0
2025-10-21 09:00:00,0.0,0,2.450108473733497e-05,0,0.0
2025-10-21 10:00:00,0.0,0,0.0028020531039725503,0,0.0
2025-10-21 11:00:00,0.0,0,5.978408402230603e-05,0,0.0
2025-10-21 12:00:00,0.0,0,0.002783984813929264,0,0.0
2025-10-21 13:00:00,0.0,0,0.0032874746488157926,0,0.0
2025-10-21 14:00:00,0.0,0,3.573526709718945e-06,0,0.0
2025-10-21 15:00:00,0.0,0,2.6949409738901343e-06,0,0.0
2025-10-21 16:00:00,0.0,0,4.6903267390745146e-07,0,0.0
2025-10-21 17:00:00,0.0,0,7.852516774261126e-09,0,0.0
2025-10-21 18:00:00,0.0,0,1.2343033271054131e-10,0,0.0
2025-10-21 19:00:00,0.0,0,1.6271515156123616e-10,0,0.0
2025-10-21 20:00:00,0.0,0,3.4949917258662e-11,0,0.0
2025-10-21 21:00:00,0.0,0,1.2435806726479639e-12,0,0.0
2025-10-21 22:00:00,0.0,0,2.4117916849118288e-11,0,0.0
2025-10-21 23:00:00,0.0,0,1.5870054891970783e-11,0,0.0
2025-10-22 00:00:00,0.0,0,1.7024566981177518e-13,0,0.0
2025-10-22 01:00:00,0.0,0,4.571108104093362e-12,0,0.0
2025-10-22 02:00:00,0.0,0,4.515745130420354e-12,0,0.0
2025-10-22 03:00:00,0.0,0,6.318225202124894e-13,0,0.0
2025-10-22 04:00:00,0.0,0,1.9374352507243355e-12,0,0.0
2025-10-22 05:00:00,0.0,0,4.5215214708072374e-13,0,0.0
2025-10-22 06:00:00,0.0,0,8.569355258371398e-11,0,0.0
2025-10-22 07:00:00,0.0,0,2.1608059900002632e-11,0,0.0
2025-10-22 08:00:00,0.0,0,1.1283541906820458e-09,0,0.0
2025-10-22 09:00:00,0.0,0,1.2127018481867568e-08,0,0.0
2025-10-22 10:00:00,0.0,0,5.382422537645048e-06,0,0.0
2025-10-22 11:00:00,0.0,0,6.667285092983114e-07,0,0.0
2025-10-22 12:00:00,0.0,0,2.4587895687291872e-08,0,0.0
2025-10-22 13:00:00,0.0,0,1.3798788337423985e-09,0,0.0
2025-10-22 14:00:00,0.0,0,4.587979219042954e-09,0,0.0
2025-10-22 15:00:00,0.0,0,7.404946794176294e-11,0,0.0
2025-10-22 16:00:00,0.0,0,3.8318416828383917e-13,0,0.0
2025-10-22 17:00:00,0.0,0,3.204662110140217e-14,0,0.0
2025-10-22 18:00:00,0.0,0,6.338161652845216e-16,0,0.0
2025-10-22 19:00:00,0.0,0,2.232287092341085e-16,0,0.0
2025-10-22 20:00:00,0.0,0,4.043489376604686e-15,0,0.0
2025-10-22 21:00:00,0.0,0,2.7382315389005353e-16,0,0.0
2025-10-22 22:00:00,0.0,0,2.8093376026780045e-16,0,0.0
2025-10-22 23:00:00,0.0,0,7.029672861186239e-18,0,0.0
2025-10-23 00:00:00,0.0,0,1.0249611135627212e-17,0,0.0
2025-10-23 01:00:00,0.0,0,2.1826951796269232e-16,0,0.0
2025-10-23 02:00:00,0.0,0,1.610080689025444e-18,0,0.0
2025-10-23 03:00:00,0.0,0,1.7931517271803798e-16,0,0.0
2025-10-23 04:00:00,0.0,0,1.9977394746520494e-17,0,0.0
2025-10-23 05:00:00,0.0,0,4.239243198202891e-17,0,0.0
2025-10-23 06:00:00,0.0,0,3.6667434644940017e-17,0,0.0
2025-10-23 07:00:00,0.0,0,1.0894370738842826e-14,0,0.0
2025-10-23 08:00:00,0.0,0,1.3921829238831603e-14,0,0.0
2025-10-23 09:00:00,0.0,0,1.2295676964013462e-12,0,0.0
2025-10-23 10:00:00,0.0,0,1.0598974115606918e-13,0,0.0
2025-10-23 11:00:00,0.0,0,2.180180340067543e-15,0,0.0
2025-10-23 12:00:00,0.0,0,3.5889807285038375e-14,0,0.0
2025-10-23 13:00:00,0.0,0,1.416890289380944e-15,0,0.0
2025-10-23 14:00:00,0.0,0,1.7512833583933608e-14,0,0.0
2025-10-23 15:00:00,0.0,0,3.966690200498632e-15,0,0.0
2025-10-23 16:00:00,0.0,0,6.807005340025934e-15,0,0.0
2025-10-23 17:00:00,0.0,0,3.259403467822001e-17,0,0.0
2025-10-23 18:00:00,0.0,0,1.3731879080947003e-19,0,0.0
2025-10-23 19:00:00,0.0,0,3.440170120814556e-19,0,0.0
2025-10-23 20:00:00,0.0,0,4.202886260191061e-20,0,0.0
2025-10-23 21:00:00,0.0,0,2.127211843388756e-21,0,0.0
2025-10-23 22:00:00,0.0,0,1.64037429656806e-20,0,0.0
2025-10-23 23:00:00,0.0,0,5.575328349446724e-19,0,0.0
2025-10-24 00:00:00,0.0,0,1.5552893080516333e-20,0,0.0
2025-10-24 01:00:00,0.0,0,1.0334600181295427e-19,0,0.0
2025-10-24 02:00:00,0.0,0,1.245823441337239e-19,0,0.0
2025-10-24 03:00:00,0.0,0,4.422633463790878e-22,0,0.0
2025-10-24 04:00:00,0.0,0,3.9462034489226104e-20,0,0.0
2025-10-24 05:00:00,0.0,0,1.425856380405154e-21,0,0.0
2025-10-24 06:00:00,0.0,0,1.6792542526277088e-18,0,0.0
2025-10-24 07:00:00,0.0,0,3.3231187653247597e-17,0,0.0
2025-10-24 08:00:00,0.0,0,1.8635664619211144e-15,0,0.0
2025-10-24 09:00:00,0.0,0,5.482444508936264e-14,0,0.0
2025-10-24 10:00:00,0.0,0,6.031658619857922e-13,0,0.0
2025-10-24 11:00:00,0.0,0,1.0384050936541018e-11,0,0.0
2025-10-24 12:00:00,0.0,0,7.372809184088319e-13,0,0.0
2025-10-24 13:00:00,0.0,0,6.7690586703723904e-12,0,0.0
2025-10-24 14:00:00,0.0,0,1.0840359016622818e-12,0,0.0
2025-10-24 15:00:00,0.0,0,2.3826450266360645e-13,0,0.0
2025-10-24 16:00:00,0.0,0,7.555258415503269e-17,0,0.0
2025-10-24 17:00:00,0.0,0,6.226599347885518e-17,0,0.0
2025-10-24 18:00:00,0.0,0,2.0697648792849697e-19,0,0.0
2025-10-24 19:00:00,0.0,0,1.3280741841378388e-20,0,0.0
2025-10-24 20:00:00,0.0,0,3.079927631835554e-19,0,0.0
2025-10-24 21:00:00,0.0,0,5.411759231827154e-20,0,0.0
2025-10-24 22:00:00,0.0,0,1.4126305280313867e-20,0,0.0
2025-10-24 23:00:00,0.0,0,2.255910644233004e-21,0,0.0
2025-10-25 00:00:00,0.0,0,1.104666440606998e-21,0,0.0
2025-10-25 01:00:00,0.0,0,1.6426450291999793e-22,0,0.0
2025-10-25 02:00:00,0.0,0,6.2426826695062386e-24,0,0.0
2025-10-25 03:00:00,0.0,0,1.5341407772001609e-21,0,0.0
2025-10-25 04:00:00,0.0,0,8.794930625551786e-22,0,0.0
2025-10-25 05:00:00,0.0,0,2.1218525625767444e-22,0,0.0
2025-10-25 06:00:00,0.0,0,5.36280845184723e-21,0,0.0
2025-10-25 07:00:00,0.0,0,3.4070387544644956e-19,0,0.0
2025-10-25 08:00:00,0.0,0,6.963631964112496e-18,0,0.0
2025-10-25 09:00:00,0.0,0,5.1792421363367485e-17,0,0.0
2025-10-25 10:00:00,0.0,0,4.934601800330423e-16,0,0.0
2025-10-25 11:00:00,0.0,0,5.3427845440438544e-15,0,0.0
2025-10-25 12:00:00,0.0,0,8.131764111242373e-15,0,0.0
2025-10-25 13:00:00,0.0,0,7.929130438805395e-13,0,0.0
2025-10-25 14:00:00,0.0,0,8.800396464346665e-15,0,0.0
2025-10-25 15:00:00,0.0,0,1.2367303744579058e-14,0,0.0
2025-10-25 16:00:00,0.0,0,1.9327228653951682e-16,0,0.0
2025-10-25 17:00:00,0.0,0,2.409794390894068e-18,0,0.0
2025-10-25 18:00:00,0.0,0,2.0374042037923233e-18,0,0.0
2025-10-25 19:00:00,0.0,0,4.7857069232753084e-20,0,0.0
2025-10-25 20:00:00,0.0,0,5.053635487494204e-22,0,0.0
2025-10-25 21:00:00,0.0,0,9.402733690583035e-22,0,0.0
2025-10-25 22:00:00,0.0,0,1.931031565826179e-21,0,0.0
2025-10-25 23:00:00,0.0,0,1.7298707653640978e-22,0,0.0
2025-10-26 00:00:00,0.0,0,6.352567098547632e-23,0,0.0
2025-10-26 01:00:00,0.0,0,1.6784780298702852e-23,0,0.0
2025-10-26 02:00:00,0.0,0,3.063665189119801e-23,0,0.0
2025-10-26 03:00:00,0.0,0,2.378119792611226e-24,0,0.0
2025-10-26 04:00:00,0.0,0,1.9466077060264072e-23,0,0.0
2025-10-26 05:00:00,0.0,0,2.781185046325007e-24,0,0.0
2025-10-26 06:00:00,0.0,0,1.2002031341492661e-21,0,0.0
2025-10-26 07:00:00,0.0,0,8.733887656397694e-22,0,0.0
2025-10-26 08:00:00,0.0,0,5.726835364591674e-19,0,0.0
2025-10-26 09:00:00,0.0,0,8.97267639955081e-18,0,0.0
2025-10-26 10:00:00,0.0,0,2.273305151067488e-17,0,0.0
2025-10-26 11:00:00,0.0,0,1.7058811006457926e-14,0,0.0
2025-10-26 12:00:00,0.0,0,7.978073545581521e-16,0,0.0
2025-10-26 13:00:00,0.0,0,1.1212685078519297e-14,0,0.0
2025-10-26 14:00:00,0.0,0,3.4747716167034485e-14,0,0.0
2025-10-26 15:00:00,0.0,0,2.1373709165791513e-13,0,0.0
2025-10-26 16:00:00,0.0,0,2.3101390615377284e-15,0,0.0
2025-10-26 17:00:00,0.0,0,1.4481162769737857e-18,0,0.0
2025-10-26 18:00:00,0.0,0,6.188814884216404e-19,0,0.0
2025-10-26 19:00:00,0.0,0,1.7661248340684514e-20,0,0.0
2025-10-26 20:00:00,0.0,0,1.71831058762098e-20,0,0.0
2025-10-26 21:00:00,0.0,0,1.692204523528666e-19,0,0.0
2025-10-26 22:00:00,0.0,0,9.344774147831243e-21,0,0.0
2025-10-26 23:00:00,0.0,0,2.1497436160062237e-21,0,0.0
2025-10-27 00:00:00,0.0,0,9.972245481846882e-23,0,0.0
2025-10-27 01:00:00,0.0,0,1.6914325166730198e-22,0,0.0
2025-10-27 02:00:00,0.0,0,1.0154416044354427e-22,0,0.0
2025-10-27 03:00:00,0.0,0,2.1058579590410163e-23,0,0.0
2025-10-27 04:00:00,0.0,0,4.3505308965777826e-23,0,0.0
2025-10-27 05:00:00,0.0,0,2.608279827804981e-24,0,0.0
2025-10-27 06:00:00,0.0,0,4.212248970465131e-23,0,0.0
2025-10-27 07:00:00,0.0,0,2.5955113727938245e-23,0,0.0
2025-10-27 08:00:00,0.0,0,1.596351663647152e-21,0,0.0
2025-10-27 09:00:00,0.0,0,2.629360628955845e-19,0,0.0
2025-10-27 10:00:00,0.0,0,2.451220920049564e-19,0,0.0
2025-10-27 11:00:00,0.0,0,8.343943593396268e-17,0,0.0
2025-10-27 12:00:00,0.0,0,8.209454053895182e-17,0,0.0
2025-10-27 13:00:00,0.0,0,2.2536760479692836e-16,0,0.0
2025-10-27 14:00:00,0.0,0,1.53311536484157e-16,0,0.0
2025-10-27 15:00:00,0.0,0,1.249143336791812e-16,0,0.0
2025-10-27 16:00:00,0.0,0,1.9976126495140497e-18,0,0.0
2025-10-27 17:00:00,0.0,0,1.850966848436082e-19,0,0.0
2025-10-27 18:00:00,0.0,0,4.783447798617941e-20,0,0.0
2025-10-27 19:00:00,0.0,0,1.1717590604351229e-21,0,0.0
2025-10-27 20:00:00,0.0,0,2.4437426921594836e-22,0,0.0
2025-10-27 21:00:00,0.0,0,1.9457816869363766e-21,0,0.0
2025-10-27 22:00:00,0.0,0,2.774605761113342e-22,0,0.0
2025-10-27 23:00:00,0.0,0,3.694127505928534e-23,0,0.0
2025-10-28 00:00:00,0.0,0,3.040151183429226e-23,0,0.0
2025-10-28 01:00:00,0.0,0,2.7234335286815524e-23,0,0.0
2025-10-28 02:00:00,0.0,0,1.1970821754769275e-21,0,0.0
2025-10-28 03:00:00,0.0,0,3.306451730653446e-24,0,0.0
2025-10-28 04:00:00,0.0,0,7.581997197007288e-21,0,0.0
2025-10-28 05:00:00,0.0,0,1.9884588025969978e-21,0,0.0
2025-10-28 06:00:00,0.0,0,5.166210969160696e-18,0,0.0
2025-10-28 07:00:00,0.0,0,7.705537431635873e-17,0,0.0
2025-10-28 08:00:00,0.0,0,1.356374969801428e-14,0,0.0
2025-10-28 09:00:00,0.0,0,5.4510959198797426e-15,0,0.0
2025-10-28 10:00:00,0.0,0,1.521311627842456e-14,0,0.0
2025-10-28 11:00:00,0.0,0,1.5975569394178572e-12,0,0.0
2025-10-28 12:00:00,0.0,0,2.937136854610354e-11,0,0.0
2025-10-28 13:00:00,0.0,0,5.301912957198348e-09,0,0.0
2025-10-28 14:00:00,0.0,0,1.5322115055496353e-10,0,0.0
2025-10-28 15:00:00,0.0,0,1.8980879540842342e-10,0,0.0
2025-10-28 16:00:00,0.0,0,1.0128560056733122e-12,0,0.0
2025-10-28 17:00:00,0.0,0,1.8735412552763596e-14,0,0.0
2025-10-28 18:00:00,0.0,0,5.895616956559569e-16,0,0.0
2025-10-28 19:00:00,0.0,0,4.4692674823951385e-16,0,0.0
2025-10-28 20:00:00,0.0,0,3.7092249893577996e-16,0,0.0
2025-10-28 21:00:00,0.0,0,1.656568333463185e-16,0,0.0
2025-10-28 22:00:00,0.0,0,5.4206866375000034e-17,0,0.0
2025-10-28 23:00:00,0.0,0,5.781852295987083e-18,0,0.0
2025-10-29 00:00:00,0.0,0,1.4039288702096265e-17,0,0.0
2025-10-29 01:00:00,0.0,0,1.9530738322701834e-16,0,0.0
2025-10-29 02:00:00,0.0,0,8.798086754258246e-17,0,0.0
2025-10-29 03:00:00,0.0,0,8.852256698604384e-19,0,0.0
2025-10-29 04:00:00,0.0,0,9.808266288481875e-17,0,0.0
2025-10-29 05:00:00,0.0,0,2.7989911318868097e-17,0,0.0
2025-10-29 06:00:00,0.0,0,5.148351129991954e-15,0,0.0
2025-10-29 07:00:00,0.0,0,9.05025853834908e-12,0,0.0
2025-10-29 08:00:00,0.0,0,2.6551323751959165e-09,0,0.0
2025-10-29 09:00:00,0.0,0,1.4424828646278844e-06,0,0.0
2025-10-29 10:00:00,0.0,0,2.6858100412144354e-07,0,0.0
2025-10-29 11:00:00,0.0,0,4.984414759669037e-06,0,0.0
2025-10-29 12:00:00,0.0,0,0.00018304750328361515,0,0.0
2025-10-29 13:00:00,0.0,0,6.941175465815484e-05,0,0.0
2025-10-29 14:00:00,0.0,0,0.0002678613464296928,0,0.0
2025-10-29 15:00:00,0.0,0,0.0003892847004645312,0,0.0
2025-10-29 16:00:00,0.0,0,2.028871482407147e-05,0,0.0
2025-10-29 17:00:00,0.0,0,5.3055933343762105e-08,0,0.0
2025-10-29 18:00:00,0.0,0,1.883445145469308e-10,0,0.0
2025-10-29 19:00:00,0.0,0,7.283541160605123e-11,0,0.0
2025-10-29 20:00:00,0.0,0,1.5326699455275816e-11,0,0.0
2025-10-29 21:00:00,0.0,0,2.224357523519744e-12,0,0.0
2025-10-29 22:00:00,0.0,0,4.0939507944360035e-12,0,0.0
2025-10-29 23:00:00,0.0,0,1.6496882290887083e-12,0,0.0
2025-10-30 00:00:00,0.0,0,7.669791865646262e-13,0,0.0
2025-10-30 01:00:00,0.0,0,1.029482684921794e-12,0,0.0
2025-10-30 02:00:00,0.0,0,5.9922570327652784e-12,0,0.0
2025-10-30 03:00:00,0.0,0,9.538066211157914e-12,0,0.0
2025-10-30 04:00:00,0.0,0,2.2737924124580876e-12,0,0.0
2025-10-30 05:00:00,0.0,0,1.4015404521154805e-11,0,0.0
2025-10-30 06:00:00,0.0,0,1.82191094129335e-08,0,0.0
2025-10-30 07:00:00,0.0,0,1.5651067154647518e-05,0,0.0
2025-10-30 08:00:00,0.0,0,0.00015050452988428427,0,0.0
2025-10-30 09:00:00,0.0,0,0.44210221040504316,0,0.0
2025-10-30 10:00:00,0.0,0,0.7772220428878369,1,6.128405959410818
2025-10-30 11:00:00,0.0,0,0.8571166049870812,1,5.475402570789336
2025-10-30 12:00:00,0.0,0,0.8486717887687865,1,5.9532759959859956
2025-10-30 13:00:00,0.0,0,0.7841841647996264,1,5.679640970259186
2025-10-30 14:00:00,0.0,0,0.08174181554563689,0,0.0
2025-10-30 15:00:00,0.0,0,0.0018428136173353998,0,0.0
2025-10-30 16:00:00,0.0,0,2.977199116730616e-05,0,0.0
2025-10-30 17:00:00,0.0,0,1.91583596772016e-06,0,0.0
2025-10-30 18:00:00,0.0,0,1.762497465068932e-07,0,0.0
2025-10-30 19:00:00,0.0,0,5.0655768530534546e-08,0,0.0
2025-10-30 20:00:00,0.0,0,7.586399181469014e-09,0,0.0
2025-10-30 21:00:00,0.0,0,1.251430099762369e-09,0,0.0
2025-10-30 22:00:00,0.0,0,5.692219153661612e-10,0,0.0
2025-10-30 23:00:00,0.0,0,1.0378751948017243e-10,0,0.0
2025-10-31 00:00:00,0.0,0,6.651828338470977e-10,0,0.0
2025-10-31 01:00:00,0.0,0,1.738604820343319e-09,0,0.0
2025-10-31 02:00:00,0.0,0,3.2029629040726986e-09,0,0.0
2025-10-31 03:00:00,0.0,0,1.1530034481556267e-08,0,0.0
2025-10-31 04:00:00,0.0,0,1.3971007566512927e-08,0,0.0
2025-10-31 05:00:00,0.0,0,8.946855645080855e-08,0,0.0
2025-10-31 06:00:00,0.0,0,1.1953738462206388e-05,0,0.0
2025-10-31 07:00:00,0.0,0,0.004218337993395807,0,0.0
2025-10-31 08:00:00,0.0,0,0.1471118442500885,0,0.0
2025-10-31 09:00:00,0.0,0,0.6288053547321438,1,5.5084218304693096
2025-10-31 10:00:00,1.587475719122985,1,0.4360202015219573,0,0.0
2025-10-31 11:00:00,0.0,0,0.2757631974698598,0,0.0
2025-10-31 12:00:00,0.0,0,0.1898188477044096,0,0.0
2025-10-31 13:00:00,0.0,0,0.005654406694296539,0,0.0
2025-10-31 14:00:00,0.0,0,0.00046736665191297725,0,0.0
2025-10-31 15:00:00,0.0,0,0.00012067404966000979,0,0.0
2025-10-31 16:00:00,0.0,0,2.9838375057072164e-07,0,0.0
2025-10-31 17:00:00,0.0,0,2.0755874558580617e-07,0,0.0
2025-10-31 18:00:00,0.0,0,4.0963074011214046e-08,0,0.0
2025-10-31 19:00:00,0.0,0,8.497589772537653e-09,0,0.0
2025-10-31 20:00:00,0.0,0,1.944831447820934e-09,0,0.0
2025-10-31 21:00:00,0.0,0,4.560015239545197e-10,0,0.0
2025-10-31 22:00:00,0.0,0,2.5890043035637744e-10,0,0.0
2025-10-31 23:00:00,0.0,0,1.8594612284331297e-10,0,0.0
2025-11-01 00:00:00,0.0,0,1.2376408356270862e-10,0,0.0
2025-11-01 01:00:00,0.0,0,2.297295584822794e-10,0,0.0
2025-11-01 02:00:00,0.0,0,1.577882338821765e-09,0,0.0
2025-11-01 03:00:00,0.0,0,3.670992947670269e-09,0,0.0
2025-11-01 04:00:00,0.0,0,1.692953845436645e-08,0,0.0
2025-11-01 05:00:00,0.0,0,2.347817755387834e-07,0,0.0
2025-11-01 06:00:00,0.0,0,2.0009680703255062e-05,0,0.0
2025-11-01 07:00:00,0.0,0,0.0006408094152242753,0,0.0
2025-11-01 08:00:00,0.0,0,0.00040044955127738836,0,0.0
2025-11-01 09:00:00,0.0,0,0.0005048369306985626,0,0.0
2025-11-01 10:00:00,0.0,0,0.0005546076128829184,0,0.0
2025-11-01 11:00:00,6.095615216901852,1,0.15369510569648112,0,0.0
2025-11-01 12:00:00,0.0,0,0.19595408627632976,0,0.0
2025-11-01 13:00:00,0.0,0,0.15644652922741692,0,0.0
2025-11-01 14:00:00,0.0,0,0.003960398399541514,0,0.0
2025-11-01 15:00:00,0.0,0,0.0015874054015666845,0,0.0
2025-11-01 16:00:00,0.0,0,1.1312143595399598e-05,0,0.0
2025-11-01 17:00:00,0.0,0,9.717491004885696e-07,0,0.0
2025-11-01 18:00:00,0.0,0,1.117616565487324e-07,0,0.0
2025-11-01 19:00:00,0.0,0,8.13737363586239e-09,0,0.0
2025-11-01 20:00:00,0.0,0,2.8468060853598127e-09,0,0.0
2025-11-01 21:00:00,0.0,0,6.938122770899879e-10,0,0.0
2025-11-01 22:00:00,0.0,0,2.2836424860334233e-10,0,0.0
2025-11-01 23:00:00,0.0,0,1.2026408831153963e-10,0,0.0
2025-11-02 00:00:00,0.0,0,3.5921235246088783e-10,0,0.0
2025-11-02 01:00:00,0.0,0,4.237876255609132e-10,0,0.0
2025-11-02 02:00:00,0.0,0,2.4622052849351965e-09,0,0.0
2025-11-02 03:00:00,0.0,0,9.541676781289346e-09,0,0.0
2025-11-02 04:00:00,0.0,0,5.000870984617992e-08,0,0.0
2025-11-02 05:00:00,0.0,0,3.96034624622054e-07,0,0.0
2025-11-02 06:00:00,0.0,0,7.17611723361225e-05,0,0.0
2025-11-02 07:00:00,0.0,0,0.0006523638182446538,0,0.0
2025-11-02 08:00:00,0.0,0,0.009859051271515547,0,0.0
2025-11-02 09:00:00,0.0,0,0.015281721855028152,0,0.0
2025-11-02 10:00:00,0.0,0,0.0005323969653314979,0,0.0
2025-11-02 11:00:00,6.115859532467054,1,0.8527507125259524,1,5.218451147179616
2025-11-02 12:00:00,0.0,0,0.43190249548637905,0,0.0
2025-11-02 13:00:00,0.0,0,0.019154893625141316,0,0.0
2025-11-02 14:00:00,0.0,0,0.07409783377268457,0,0.0
2025-11-02 15:00:00,0.0,0,0.00013744430984483368,0,0.0
2025-11-02 16:00:00,0.0,0,1.307583818101108e-05,0,0.0
2025-11-02 17:00:00,0.0,0,7.624835540869295e-07,0,0.0
2025-11-02 18:00:00,0.0,0,2.637202342686611e-07,0,0.0
2025-11-02 19:00:00,0.0,0,4.095428741251112e-08,0,0.0
2025-11-02 20:00:00,0.0,0,8.63832605964437e-09,0,0.0
2025-11-02 21:00:00,0.0,0,1.7587555123728703e-09,0,0.0
2025-11-02 22:00:00,0.0,0,4.6457222121811263e-10,0,0.0
2025-11-02 23:00:00,0.0,0,3.259362128701065e-10,0,0.0
2025-11-03 00:00:00,0.0,0,1.986415041952801e-10,0,0.0
2025-11-03 01:00:00,0.0,0,3.949689534967243e-10,0,0.0
2025-11-03 02:00:00,0.0,0,8.391275351218433e-10,0,0.0
2025-11-03 03:00:00,0.0,0,6.058217176014343e-09,0,0.0
2025-11-03 04:00:00,0.0,0,1.6434778859367213e-08,0,0.0
2025-11-03 05:00:00,0.0,0,1.5265845279325047e-07,0,0.0
2025-11-03 06:00:00,0.0,0,3.352452023879605e-05,0,0.0
2025-11-03 07:00:00,0.0,0,0.0009978213038121537,0,0.0
2025-11-03 08:00:00,0.0,0,0.02078994647246645,0,0.0
2025-11-03 09:00:00,0.0,0,0.005704230585024703,0,0.0
2025-11-03 10:00:00,0.0,0,0.0016288924871473633,0,0.0
2025-11-03 11:00:00,0.0,0,0.00039781642524403806,0,0.0
2025-11-03 12:00:00,6.1197410721564,1,0.7982525673924922,1,7.0030274844656155
2025-11-03 13:00:00,0.0,0,0.3506208857431759,0,0.0
2025-11-03 14:00:00,0.0,0,0.05640264900014442,0,0.0
2025-11-03 15:00:00,0.0,0,0.002582974926998661,0,0.0
2025-11-03 16:00:00,0.0,0,0.00013692144533795252,0,0.0
2025-11-03 17:00:00,0.0,0,3.3632753009086705e-06,0,0.0
2025-11-03 18:00:00,0.0,0,2.893136774695865e-07,0,0.0
2025-11-03 19:00:00,0.0,0,6.53882738687528e-08,0,0.0
2025-11-03 20:00:00,0.0,0,1.014385393263915e-08,0,0.0
2025-11-03 21:00:00,0.0,0,2.1069471514549275e-09,0,0.0
2025-11-03 22:00:00,0.0,0,4.0504771216570024e-10,0,0.0
2025-11-03 23:00:00,0.0,0,2.668298796494726e-10,0,0.0
2025-11-04 00:00:00,0.0,0,3.7475739840896276e-10,0,0.0
2025-11-04 01:00:00,0.0,0,1.3725652434180588e-09,0,0.0
2025-11-04 02:00:00,0.0,0,5.3446255492165985e-09,0,0.0
2025-11-04 03:00:00,0.0,0,1.3364203727962202e-08,0,0.0
2025-11-04 04:00:00,0.0,0,3.4125015429112997e-08,0,0.0
2025-11-04 05:00:00,0.0,0,6.713852994024902e-08,0,0.0
2025-11-04 06:00:00,0.0,0,1.5238293073000906e-05,0,0.0
2025-11-04 07:00:00,0.0,0,0.0008912874434272251,0,0.0
2025-11-04 08:00:00,0.0,0,0.03151603964212942,0,0.0
2025-11-04 09:00:00,0.0,0,0.13761203284129034,0,0.0
2025-11-04 10:00:00,0.0,0,0.0012894910997273464,0,0.0
2025-11-04 11:00:00,0.0,0,0.0004192372108416896,0,0.0
2025-11-04 12:00:00,0.0,0,7.125123270410781e-05,0,0.0
2025-11-04 13:00:00,5.917690446586019,1,0.255381606085023,0,0.0
2025-11-04 14:00:00,0.0,0,0.06739092166192573,0,0.0
2025-11-04 15:00:00,0.0,0,0.0041199314593563345,0,0.0
2025-11-04 16:00:00,0.0,0,6.275587059404376e-05,0,0.0
2025-11-04 17:00:00,0.0,0,4.202644543729642e-06,0,0.0
2025-11-04 18:00:00,0.0,0,2.421399712442664e-07,0,0.0
2025-11-04 19:00:00,0.0,0,6.794939226262057e-08,0,0.0
2025-11-04 20:00:00,0.0,0,1.1938346734348076e-08,0,0.0
2025-11-04 21:00:00,0.0,0,2.5567421809576243e-09,0,0.0
2025-11-04 22:00:00,0.0,0,3.4626509009133566e-10,0,0.0
2025-11-04 23:00:00,0.0,0,4.496229929636561e-10,0,0.0
2025-11-05 00:00:00,0.0,0,6.237484048713333e-10,0,0.0
2025-11-05 01:00:00,0.0,0,1.921836776611629e-09,0,0.0
2025-11-05 02:00:00,0.0,0,3.3075278069795856e-09,0,0.0
2025-11-05 03:00:00,0.0,0,1.04061167159966e-08,0,0.0
2025-11-05 04:00:00,0.0,0,1.4044271907143213e-08,0,0.0
2025-11-05 05:00:00,0.0,0,5.5475577721871575e-08,0,0.0
2025-11-05 06:00:00,0.0,0,2.9101903881151007e-06,0,0.0
2025-11-05 07:00:00,0.0,0,0.0003166279683999948,0,0.0
2025-11-05 08:00:00,0.0,0,0.04708309076203128,0,0.0
2025-11-05 09:00:00,0.0,0,0.029553171066063085,0,0.0
2025-11-05 10:00:00,0.0,0,0.02393194249634006,0,0.0
2025-11-05 11:00:00,0.0,0,0.010575401491477126,0,0.0
2025-11-05 12:00:00,0.0,0,0.002816101114154103,0,0.0
2025-11-05 13:00:00,0.0,0,2.059132533458395e-05,0,0.0
2025-11-05 14:00:00,0.0,0,2.413057149781576e-06,0,0.0
2025-11-05 15:00:00,0.0,0,2.8853223089421855e-07,0,0.0
2025-11-05 16:00:00,0.0,0,1.9902218256785805e-08,0,0.0
2025-11-05 17:00:00,0.0,0,5.275939014896357e-09,0,0.0
2025-11-05 18:00:00,0.0,0,5.399381378499339e-10,0,0.0
2025-11-05 19:00:00,0.0,0,5.954410259372561e-10,0,0.0
2025-11-05 20:00:00,0.0,0,4.87769889802456e-11,0,0.0
2025-11-05 21:00:00,0.0,0,1.0252467307464813e-11,0,0.0
2025-11-05 22:00:00,0.0,0,4.276779094792002e-11,0,0.0
2025-11-05 23:00:00,0.0,0,1.7598854670559492e-11,0,0.0
2025-11-06 00:00:00,0.0,0,4.806849556016035e-11,0,0.0
2025-11-06 01:00:00,0.0,0,4.421801353307799e-11,0,0.0
2025-11-06 02:00:00,0.0,0,6.775481486882912e-10,0,0.0
2025-11-06 03:00:00,0.0,0,1.0330926314374202e-09,0,0.0
2025-11-06 04:00:00,0.0,0,2.142245379855302e-09,0,0.0
2025-11-06 05:00:00,0.0,0,9.800765244797211e-09,0,0.0
2025-11-06 06:00:00,0.0,0,1.2139624695485824e-06,0,0.0
2025-11-06 07:00:00,0.0,0,5.415851902692794e-06,0,0.0
2025-11-06 08:00:00,5.073763075060625,1,0.10001429186820063,0,0.0
2025-11-06 09:00:00,0.0,0,0.004845030874496304,0,0.0
2025-11-06 10:00:00,0.0,0,0.000861272888908797,0,0.0
2025-11-06 11:00:00,0.0,0,9.615238951402024e-05,0,0.0
2025-11-06 12:00:00,0.0,0,3.7235034417340084e-05,0,0.0
2025-11-06 13:00:00,6.897196939898799,1,0.6482796495458811,1,6.044795296566263
2025-11-06 14:00:00,0.0,0,0.16925899158361585,0,0.0
2025-11-06 15:00:00,0.0,0,0.002881904998105128,0,0.0
2025-11-06 16:00:00,0.0,0,0.00012000523120771866,0,0.0
2025-11-06 17:00:00,0.0,0,4.375530440195101e-06,0,0.0
2025-11-06 18:00:00,0.0,0,5.053453064542993e-07,0,0.0
2025-11-06 19:00:00,0.0,0,1.2757870957563595e-07,0,0.0
2025-11-06 20:00:00,0.0,0,4.2101225201787484e-08,0,0.0
2025-11-06 21:00:00,0.0,0,1.1591987855186637e-08,0,0.0
2025-11-06 22:00:00,0.0,0,3.923674549163937e-09,0,0.0
2025-11-06 23:00:00,0.0,0,1.5173651329912734e-09,0,0.0
2025-11-07 00:00:00,0.0,0,2.3143231309010086e-09,0,0.0
2025-11-07 01:00:00,0.0,0,8.030784810068717e-09,0,0.0
2025-11-07 02:00:00,0.0,0,1.0865611671986207e-08,0,0.0
2025-11-07 03:00:00,0.0,0,3.322081810350153e-08,0,0.0
2025-11-07 04:00:00,0.0,0,1.140362366086821e-07,0,0.0
2025-11-07 05:00:00,0.0,0,2.3084409542571969e-07,0,0.0
2025-11-07 06:00:00,0.0,0,1.4458266831830348e-05,0,0.0
2025-11-07 07:00:00,0.0,0,0.0006613012436303387,0,0.0
2025-11-07 08:00:00,0.0,0,0.03131649254145005,0,0.0
2025-11-07 09:00:00,0.0,0,0.1470644558777951,0,0.0
2025-11-07 10:00:00,0.0,0,0.12529056800744742,0,0.0
2025-11-07 11:00:00,0.0,0,0.011756664921062475,0,0.0
2025-11-07 12:00:00,0.0,0,7.235942624692464e-05,0,0.0
2025-11-07 13:00:00,0.0,0,8.4844962054205e-05,0,0.0
2025-11-07 14:00:00,0.0,0,7.208978036751553e-06,0,0.0
2025-11-07 15:00:00,0.0,0,7.239241235686094e-07,0,0.0
2025-11-07 16:00:00,0.0,0,8.76834908119103e-08,0,0.0
2025-11-07 17:00:00,0.0,0,2.7592469854799032e-08,0,0.0
2025-11-07 18:00:00,0.0,0,1.3439193515883497e-08,0,0.0
2025-11-07 19:00:00,0.0,0,1.4891196841648605e-09,0,0.0
2025-11-07 20:00:00,0.0,0,1.1184749589837706e-10,0,0.0
2025-11-07 21:00:00,0.0,0,7.790804848141582e-11,0,0.0
2025-11-07 22:00:00,0.0,0,4.136309131343178e-11,0,0.0
2025-11-07 23:00:00,0.0,0,7.423250654389714e-11,0,0.0
2025-11-08 00:00:00,0.0,0,4.859276970855588e-11,0,0.0
2025-11-08 01:00:00,0.0,0,1.4810636705322522e-10,0,0.0
2025-11-08 02:00:00,0.0,0,3.4849298456285667e-10,0,0.0
2025-11-08 03:00:00,0.0,0,1.972617191254212e-09,0,0.0
2025-11-08 04:00:00,0.0,0,1.3760397285644975e-08,0,0.0
2025-11-08 05:00:00,0.0,0,3.196048207994032e-08,0,0.0
2025-11-08 06:00:00,0.0,0,1.3992383140244197e-06,0,0.0
2025-11-08 07:00:00,0.0,0,7.918303130785177e-06,0,0.0
2025-11-08 08:00:00,0.0,0,3.85154475602316e-05,0,0.0
2025-11-08 09:00:00,7.466099042932188,1,0.7328468459805282,1,6.049866764636746
2025-11-08 10:00:00,0.0,0,0.2156773041732384,0,0.0
2025-11-08 11:00:00,0.0,0,0.04224796353972732,0,0.0
2025-11-08 12:00:00,0.0,0,0.013354411479796012,0,0.0
2025-11-08 13:00:00,0.0,0,0.0024916902521528055,0,0.0
2025-11-08 14:00:00,0.0,0,4.290738106214058e-05,0,0.0
2025-11-08 15:00:00,0.0,0,5.426493045040141e-06,0,0.0
2025-11-08 16:00:00,0.0,0,4.5634549572616357e-07,0,0.0
2025-11-08 17:00:00,0.0,0,3.582194657636823e-08,0,0.0
2025-11-08 18:00:00,0.0,0,1.0004986081460667e-08,0,0.0
2025-11-08 19:00:00,0.0,0,6.146220172987148e-09,0,0.0
2025-11-08 20:00:00,0.0,0,2.2424508336408706e-09,0,0.0
2025-11-08 21:00:00,0.0,0,2.086809780195337e-10,0,0.0
2025-11-08 22:00:00,0.0,0,4.424495688797024e-11,0,0.0
2025-11-08 23:00:00,0.0,0,2.0219610490491438e-10,0,0.0
2025-11-09 00:00:00,0.0,0,6.937668088460385e-11,0,0.0
2025-11-09 01:00:00,0.0,0,7.130291616630645e-10,0,0.0
2025-11-09 02:00:00,0.0,0,1.1096901672363567e-09,0,0.0
2025-11-09 03:00:00,0.0,0,5.106201795586643e-09,0,0.0
2025-11-09 04:00:00,0.0,0,3.6719434534432386e-08,0,0.0
2025-11-09 05:00:00,0.0,0,1.5783702232416513e-07,0,0.0
2025-11-09 06:00:00,0.0,0,1.0681843766280246e-05,0,0.0
2025-11-09 07:00:00,0.0,0,0.00010333215901305685,0,0.0
2025-11-09 08:00:00,0.0,0,0.0010386420786957311,0,0.0
2025-11-09 09:00:00,0.0,0,0.000846347368967345,0,0.0
2025-11-09 10:00:00,7.140290639057505,1,0.8768710945023773,1,6.173741068287908
2025-11-09 11:00:00,0.0,0,0.860100638468296,1,6.516204215193283
2025-11-09 12:00:00,0.0,0,0.009605491973855271,0,0.0
2025-11-09 13:00:00,0.0,0,0.010651758575353937,0,0.0
2025-11-09 14:00:00,0.0,0,0.0031930743575090256,0,0.0
2025-11-09 15:00:00,0.0,0,2.057262850274712e-05,0,0.0
2025-11-09 16:00:00,0.0,0,8.43911566550515e-05,0,0.0
2025-11-09 17:00:00,0.0,0,1.4118712402185e-06,0,0.0
2025-11-09 18:00:00,0.0,0,5.7175575921839756e-08,0,0.0
2025-11-09 19:00:00,0.0,0,6.384088861186809e-08,0,0.0
2025-11-09 20:00:00,0.0,0,7.226596416871642e-09,0,0.0
2025-11-09 21:00:00,0.0,0,1.407697063076415e-09,0,0.0
2025-11-09 22:00:00,0.0,0,7.503306014386935e-10,0,0.0
2025-11-09 23:00:00,0.0,0,2.803951204517362e-10,0,0.0
2025-11-10 00:00:00,0.0,0,3.976716293678283e-10,0,0.0
2025-11-10 01:00:00,0.0,0,5.072634845401767e-10,0,0.0
2025-11-10 02:00:00,0.0,0,2.3514692342120976e-09,0,0.0
2025-11-10 03:00:00,0.0,0,1.1455581231954358e-08,0,0.0
2025-11-10 04:00:00,0.0,0,4.369069110054093e-08,0,0.0
2025-11-10 05:00:00,0.0,0,3.3461794894230524e-07,0,0.0
2025-11-10 06:00:00,0.0,0,3.825753838333865e-05,0,0.0
2025-11-10 07:00:00,0.0,0,0.00010361439546185538,0,0.0
2025-11-10 08:00:00,0.0,0,0.00013144644712976812,0,0.0
2025-11-10 09:00:00,0.0,0,0.0003257703331578852,0,0.0
2025-11-10 10:00:00,0.0,0,0.00020303338411982425,0,0.0
2025-11-10 11:00:00,6.557883653098367,1,0.6607372937065378,1,5.7056019157201865
2025-11-10 12:00:00,0.0,0,0.06396207649697248,0,0.0
2025-11-10 13:00:00,0.0,0,0.28508310163967976,0,0.0
2025-11-10 14:00:00,0.0,0,0.010778810688598659,0,0.0
2025-11-10 15:00:00,0.0,0,0.00028437472383469124,0,0.0
2025-11-10 16:00:00,0.0,0,9.659322004118055e-06,0,0.0
2025-11-10 17:00:00,0.0,0,7.556110127007231e-07,0,0.0
2025-11-10 18:00:00,0.0,0,9.821170036977666e-08,0,0.0
2025-11-10 19:00:00,0.0,0,2.7580852924663348e-08,0,0.0
2025-11-10 20:00:00,0.0,0,2.2023293792598337e-09,0,0.0
2025-11-10 21:00:00,0.0,0,8.092417250561772e-10,0,0.0
2025-11-10 22:00:00,0.0,0,6.084653119518161e-10,0,0.0
2025-11-10 23:00:00,0.0,0,2.1888917055256182e-10,0,0.0
2025-11-11 00:00:00,0.0,0,4.1797478664959643e-10,0,0.0
2025-11-11 01:00:00,0.0,0,7.328882118648967e-10,0,0.0
2025-11-11 02:00:00,0.0,0,2.4770153132841364e-09,0,0.0
2025-11-11 03:00:00,0.0,0,7.126432228568359e-09,0,0.0
2025-11-11 04:00:00,0.0,0,2.945794082172444e-08,0,0.0
2025-11-11 05:00:00,0.0,0,1.6161349776671557e-07,0,0.0
2025-11-11 06:00:00,0.0,0,4.943713280286696e-06,0,0.0
2025-11-11 07:00:00,0.0,0,0.00034450105499207626,0,0.0
2025-11-11 08:00:00,0.0,0,0.035271408806311945,0,0.0
2025-11-11 09:00:00,0.0,0,0.012630573865919315,0,0.0
2025-11-11 10:00:00,0.0,0,0.026696521347491564,0,0.0
2025-11-11 11:00:00,0.0,0,0.0055078245218871166,0,0.0
2025-11-11 12:00:00,0.0,0,0.0004703977399309799,0,0.0
2025-11-11 13:00:00,0.0,0,0.0007093241550449079,0,0.0
2025-11-11 14:00:00,0.0,0,0.00021046242110946532,0,0.0
2025-11-11 15:00:00,0.0,0,4.2556370752445125e-06,0,0.0
2025-11-11 16:00:00,0.0,0,3.280197246432872e-07,0,0.0
2025-11-11 17:00:00,0.0,0,1.9145039336812602e-08,0,0.0
2025-11-11 18:00:00,0.0,0,9.557044378829775e-10,0,0.0
2025-11-11 19:00:00,0.0,0,2.833388247654757e-09,0,0.0
2025-11-11 20:00:00,0.0,0,1.2123304195251358e-09,0,0.0
2025-11-11 21:00:00,0.0,0,1.354197882007261e-10,0,0.0
2025-11-11 22:00:00,0.0,0,6.91073465558316e-11,0,0.0
2025-11-11 23:00:00,0.0,0,6.85028454863582e-11,0,0.0
2025-11-12 00:00:00,0.0,0,2.182324139119583e-10,0,0.0
2025-11-12 01:00:00,0.0,0,6.222385873036265e-10,0,0.0
2025-11-12 02:00:00,0.0,0,2.1309583890589892e-08,0,0.0
2025-11-12 03:00:00,0.0,0,8.056275728987313e-08,0,0.0
2025-11-12 04:00:00,0.0,0,6.054749358345852e-07,0,0.0
2025-11-12 05:00:00,0.0,0,8.338750795699401e-07,0,0.0
2025-11-12 06:00:00,0.0,0,1.2780630426346885e-05,0,0.0
2025-11-12 07:00:00,0.0,0,0.00014689373092689905,0,0.0
2025-11-12 08:00:00,0.0,0,0.0011543866695181853,0,0.0
2025-11-12 09:00:00,0.0,0,0.00030219684990208156,0,0.0
2025-11-12 10:00:00,0.0,0,0.003114390347835681,0,0.0
2025-11-12 11:00:00,0.0,0,0.009635013778988682,0,0.0
2025-11-12 12:00:00,0.0,0,0.01697523138247243,0,0.0
2025-11-12 13:00:00,0.0,0,0.005283073574667537,0,0.0
2025-11-12 14:00:00,0.0,0,0.000490327414770396,0,0.0
2025-11-12 15:00:00,0.0,0,2.8902044897116177e-06,0,0.0
2025-11-12 16:00:00,0.0,0,1.0895487094221575e-06,0,0.0
2025-11-12 17:00:00,0.0,0,3.931053140499882e-08,0,0.0
2025-11-12 18:00:00,0.0,0,1.875267000474918e-09,0,0.0
2025-11-12 19:00:00,0.0,0,1.2805906221624145e-11,0,0.0
2025-11-12 20:00:00,0.0,0,2.2188677673104383e-12,0,0.0
2025-11-12 21:00:00,0.0,0,4.85205602226874e-13,0,0.0
2025-11-12 22:00:00,0.0,0,1.8233271475800273e-13,0,0.0
2025-11-12 23:00:00,0.0,0,1.1058978314399318e-10,0,0.0
2025-11-13 00:00:00,0.0,0,2.0881612341606002e-11,0,0.0
2025-11-13 01:00:00,0.0,0,5.545804637285789e-11,0,0.0
2025-11-13 02:00:00,0.0,0,8.754081473298751e-11,0,0.0
2025-11-13 03:00:00,0.0,0,4.1651937640224715e-10,0,0.0
2025-11-13 04:00:00,0.0,0,1.0735804839511621e-10,0,0.0
2025-11-13 05:00:00,0.0,0,5.164833283566175e-09,0,0.0
2025-11-13 06:00:00,0.0,0,9.882191330876826e-09,0,0.0
2025-11-13 07:00:00,0.0,0,3.515675935013118e-07,0,0.0
2025-11-13 08:00:00,0.0,0,0.004073450504166168,0,0.0
2025-11-13 09:00:00,0.0,0,0.018474934330089374,0,0.0
2025-11-13 10:00:00,0.0,0,0.6044981924732107,1,6.9688166984687
2025-11-13 11:00:00,0.0,0,0.6058305096363423,1,6.594321903046617
2025-11-13 12:00:00,0.0,0,0.774209834488384,1,6.104694937034793
2025-11-13 13:00:00,0.0,0,0.39276730590066267,0,0.0
2025-11-13 14:00:00,0.0,0,0.1593853749266886,0,0.0
2025-11-13 15:00:00,0.0,0,0.00790212983268926,0,0.0
2025-11-13 16:00:00,0.0,0,0.00020965046401030137,0,0.0
2025-11-13 17:00:00,0.0,0,3.370521821733854e-06,0,0.0
2025-11-13 18:00:00,0.0,0,3.0565997160041597e-07,0,0.0
2025-11-13 19:00:00,0.0,0,8.489074916814647e-08,0,0.0
2025-11-13 20:00:00,0.0,0,2.3078747702986028e-08,0,0.0
2025-11-13 21:00:00,0.0,0,9.97639686932338e-09,0,0.0
2025-11-13 22:00:00,0.0,0,3.386165864716332e-09,0,0.0
2025-11-13 23:00:00,0.0,0,2.9475668366037407e-09,0,0.0
2025-11-14 00:00:00,0.0,0,4.057999299757232e-09,0,0.0
2025-11-14 01:00:00,0.0,0,8.79072340687963e-09,0,0.0
2025-11-14 02:00:00,0.0,0,4.292216399552509e-08,0,0.0
2025-11-14 03:00:00,0.0,0,1.6055994100711754e-07,0,0.0
2025-11-14 04:00:00,0.0,0,5.398080259500723e-07,0,0.0
2025-11-14 05:00:00,0.0,0,5.301550518097049e-06,0,0.0
2025-11-14 06:00:00,0.0,0,0.0002403996219653761,0,0.0
2025-11-14 07:00:00,0.0,0,0.00745884487919881,0,0.0
2025-11-14 08:00:00,0.0,0,0.12872825410682703,0,0.0
2025-11-14 09:00:00,0.0,0,0.5081739825221853,1,6.015756139312177
2025-11-14 10:00:00,2.6512848047304165,1,0.6828635401515148,1,5.8111181518966495
2025-11-14 11:00:00,0.0,0,0.05918022651445705,0,0.0
2025-11-14 12:00:00,0.0,0,0.07747741539962019,0,0.0
2025-11-14 13:00:00,0.0,0,0.009831299190767926,0,0.0
2025-11-14 14:00:00,0.0,0,0.0005715550576805368,0,0.0
2025-11-14 15:00:00,0.0,0,0.0005203032979447487,0,0.0
2025-11-14 16:00:00,0.0,0,2.549805354489378e-05,0,0.0
2025-11-14 17:00:00,0.0,0,9.883359700265138e-07,0,0.0
2025-11-14 18:00:00,0.0,0,5.840087158277673e-08,0,0.0
2025-11-14 19:00:00,0.0,0,7.84650090486573e-08,0,0.0
2025-11-14 20:00:00,0.0,0,7.41723808946552e-09,0,0.0
2025-11-14 21:00:00,0.0,0,2.4623922855086784e-09,0,0.0
2025-11-14 22:00:00,0.0,0,1.2357659785284606e-09,0,0.0
2025-11-14 23:00:00,0.0,0,1.299450979286393e-09,0,0.0
2025-11-15 00:00:00,0.0,0,2.4222275856616362e-09,0,0.0
2025-11-15 01:00:00,0.0,0,3.0772390148293153e-09,0,0.0
2025-11-15 02:00:00,0.0,0,1.2746598916843582e-08,0,0.0
2025-11-15 03:00:00,0.0,0,1.9141857921448384e-07,0,0.0
2025-11-15 04:00:00,0.0,0,5.810455340697914e-07,0,0.0
2025-11-15 05:00:00,0.0,0,1.137022308828146e-05,0,0.0
2025-11-15 06:00:00,0.0,0,0.0005875956674092234,0,0.0
2025-11-15 07:00:00,0.0,0,0.004020802468429986,0,0.0
2025-11-15 08:00:00,0.0,0,0.00225555904903086,0,0.0
2025-11-15 09:00:00,0.0,0,0.0018348078334578103,0,0.0
2025-11-15 10:00:00,0.0,0,0.0003537579587553588,0,0.0
2025-11-15 11:00:00,0.0,0,3.5112383998578586e-05,0,0.0
2025-11-15 12:00:00,6.842512236620282,1,0.7789588147428804,1,6.130833073162298
2025-11-15 13:00:00,0.0,0,0.31587697640780776,0,0.0
2025-11-15 14:00:00,0.0,0,0.007741941719987582,0,0.0
2025-11-15 15:00:00,0.0,0,0.010636972409947104,0,0.0
2025-11-15 16:00:00,0.0,0,0.00015468917440497506,0,0.0
2025-11-15 17:00:00,0.0,0,4.868457769947824e-06,0,0.0
2025-11-15 18:00:00,0.0,0,5.07318576469645e-07,0,0.0
2025-11-15 19:00:00,0.0,0,1.4120061195257006e-07,0,0.0
2025-11-15 20:00:00,0.0,0,4.1632691964931434e-08,0,0.0
2025-11-15 21:00:00,0.0,0,1.412435533086953e-08,0,0.0
2025-11-15 22:00:00,0.0,0,5.6791117477823825e-09,0,0.0
2025-11-15 23:00:00,0.0,0,3.011112292167743e-09,0,0.0
2025-11-16 00:00:00,0.0,0,2.3542258624299988e-09,0,0.0
2025-11-16 01:00:00,0.0,0,3.0794146616007962e-09,0,0.0
2025-11-16 02:00:00,0.0,0,2.4393643904491945e-08,0,0.0
2025-11-16 03:00:00,0.0,0,1.0054170519749391e-07,0,0.0
2025-11-16 04:00:00,0.0,0,5.722760972886977e-08,0,0.0
2025-11-16 05:00:00,0.0,0,3.855875945071661e-06,0,0.0
2025-11-16 06:00:00,0.0,0,0.001396074328494377,0,0.0
2025-11-16 07:00:00,0.0,0,0.013077357995444,0,0.0
2025-11-16 08:00:00,0.0,0,0.11250945817990612,0,0.0
2025-11-16 09:00:00,0.0,0,0.12405199113956289,0,0.0
2025-11-16 10:00:00,0.0,0,0.012946756362376664,0,0.0
2025-11-16 11:00:00,0.0,0,0.01613909110972961,0,0.0
2025-11-16 12:00:00,0.0,0,0.00011366614138041183,0,0.0
2025-11-16 13:00:00,0.0,0,2.993117008568556e-05,0,0.0
2025-11-16 14:00:00,0.0,0,7.610315358170273e-05,0,0.0
2025-11-16 15:00:00,0.0,0,4.8355214142841614e-06,0,0.0
2025-11-16 16:00:00,0.0,0,1.1419416516293854e-07,0,0.0
2025-11-16 17:00:00,0.0,0,9.17420252015382e-09,0,0.0
2025-11-16 18:00:00,0.0,0,1.2562015598419986e-08,0,0.0
2025-11-16 19:00:00,0.0,0,4.525706239710806e-10,0,0.0
2025-11-16 20:00:00,0.0,0,1.0580223478912694e-10,0,0.0
2025-11-16 21:00:00,0.0,0,9.850851410589255e-11,0,0.0
2025-11-16 22:00:00,0.0,0,1.5190438178069596e-10,0,0.0
2025-11-16 23:00:00,0.0,0,1.0207408464517832e-10,0,0.0
2025-11-17 00:00:00,0.0,0,2.8763125245467124e-10,0,0.0
2025-11-17 01:00:00,0.0,0,1.559200358388189e-10,0,0.0
2025-11-17 02:00:00,0.0,0,4.580407976289678e-10,0,0.0
2025-11-17 03:00:00,0.0,0,1.7466730267247494e-08,0,0.0
2025-11-17 04:00:00,0.0,0,1.368055220084771e-08,0,0.0
2025-11-17 05:00:00,0.0,0,1.0620392394844508e-07,0,0.0
2025-11-17 06:00:00,0.0,0,3.1778473975632987e-06,0,0.0
2025-11-17 07:00:00,0.0,0,4.679673648697458e-06,0,0.0
2025-11-17 08:00:00,0.0,0,6.087138943494618e-06,0,0.0
2025-11-17 09:00:00,6.156918787783775,1,0.1741853784752951,0,0.0
2025-11-17 10:00:00,0.0,0,0.6735217762293255,1,5.507208136140908
2025-11-17 11:00:00,0.0,0,0.009376173816045752,0,0.0
2025-11-17 12:00:00,0.0,0,0.1741160736768724,0,0.0
2025-11-17 13:00:00,0.0,0,0.004242474866382183,0,0.0
2025-11-17 14:00:00,0.0,0,0.005503307172739816,0,0.0
2025-11-17 15:00:00,0.0,0,1.2381672635278856e-05,0,0.0
2025-11-17 16:00:00,0.0,0,1.176734296918228e-06,0,0.0
2025-11-17 17:00:00,0.0,0,3.539845824758515e-07,0,0.0
2025-11-17 18:00:00,0.0,0,6.960631492833357e-09,0,0.0
2025-11-17 19:00:00,0.0,0,1.5155390338624837e-08,0,0.0
2025-11-17 20:00:00,0.0,0,2.327203228453975e-09,0,0.0
2025-11-17 21:00:00,0.0,0,2.6863773840401068e-09,0,0.0
2025-11-17 22:00:00,0.0,0,1.3134526264281687e-09,0,0.0
2025-11-17 23:00:00,0.0,0,3.194289540663462e-10,0,0.0
2025-11-18 00:00:00,0.0,0,2.977744694477507e-10,0,0.0
2025-11-18 01:00:00,0.0,0,5.004333497605956e-10,0,0.0
2025-11-18 02:00:00,0.0,0,1.896757497199642e-09,0,0.0
2025-11-18 03:00:00,0.0,0,2.338670379832236e-08,0,0.0
2025-11-18 04:00:00,0.0,0,2.4095553601808703e-07,0,0.0
2025-11-18 05:00:00,0.0,0,1.621078759814989e-06,0,0.0
2025-11-18 06:00:00,0.0,0,9.303345899424188e-05,0,0.0
2025-11-18 07:00:00,0.0,0,0.0003753921736788506,0,0.0
2025-11-18 08:00:00,0.0,0,7.70563379472436e-05,0,0.0
2025-11-18 09:00:00,0.0,0,6.250245493883704e-05,0,0.0
2025-11-18 10:00:00,5.610769644262601,1,0.8077679492405783,1,6.17308194472943
2025-11-18 11:00:00,0.0,0,0.28060805199608985,0,0.0
2025-11-18 12:00:00,0.0,0,0.02099346650582769,0,0.0
2025-11-18 13:00:00,0.0,0,0.0015198464510965683,0,0.0
2025-11-18 14:00:00,0.0,0,0.0009971388994614353,0,0.0
2025-11-18 15:00:00,0.0,0,2.594773346581895e-05,0,0.0
2025-11-18 16:00:00,0.0,0,4.230699975993584e-07,0,0.0
2025-11-18 17:00:00,0.0,0,2.76111943234195e-08,0,0.0
2025-11-18 18:00:00,0.0,0,2.0077054321516408e-08,0,0.0
2025-11-18 19:00:00,0.0,0,5.701954050279832e-09,0,0.0
2025-11-18 20:00:00,0.0,0,6.6347732187352836e-09,0,0.0
2025-11-18 21:00:00,0.0,0,4.2682439268122e-10,0,0.0
2025-11-18 22:00:00,0.0,0,1.3071519363287414e-09,0,0.0
2025-11-18 23:00:00,0.0,0,5.776183430847709e-10,0,0.0
2025-11-19 00:00:00,0.0,0,1.5753362096788138e-09,0,0.0
2025-11-19 01:00:00,0.0,0,1.9056895847771066e-09,0,0.0
2025-11-19 02:00:00,0.0,0,1.6554663808364838e-08,0,0.0
2025-11-19 03:00:00,0.0,0,7.971574544445945e-08,0,0.0
2025-11-19 04:00:00,0.0,0,4.616517866920611e-07,0,0.0
2025-11-19 05:00:00,0.0,0,2.1320011796882628e-06,0,0.0
2025-11-19 06:00:00,0.0,0,3.644859759854151e-05,0,0.0
2025-11-19 07:00:00,0.0,0,0.0017837076511664951,0,0.0
2025-11-19 08:00:00,0.0,0,0.000537780295740505,0,0.0
2025-11-19 09:00:00,0.0,0,0.00019154778752321244,0,0.0
2025-11-19 10:00:00,0.0,0,0.00019653157001142937,0,0.0
2025-11-19 11:00:00,6.152450790306489,1,0.6552949957954848,1,6.914925599683141
2025-11-19 12:00:00,0.0,0,0.23629814499173876,0,0.0
2025-11-19 13:00:00,0.0,0,0.024161189968545663,0,0.0
2025-11-19 14:00:00,0.0,0,0.009243000056197664,0,0.0
2025-11-19 15:00:00,0.0,0,0.0002382135858922248,0,0.0
2025-11-19 16:00:00,0.0,0,3.1736225508236944e-05,0,0.0
2025-11-19 17:00:00,0.0,0,1.713436706316636e-06,0,0.0
2025-11-19 18:00:00,0.0,0,2.924814456621405e-07,0,0.0
2025-11-19 19:00:00,0.0,0,1.6338073627396502e-07,0,0.0
2025-11-19 20:00:00,0.0,0,4.622829764871973e-08,0,0.0
2025-11-19 21:00:00,0.0,0,2.675785269703084e-08,0,0.0
2025-11-19 22:00:00,0.0,0,1.44080389335359e-08,0,0.0
2025-11-19 23:00:00,0.0,0,4.798799111819171e-09,0,0.0
2025-11-20 00:00:00,0.0,0,3.4117608809083485e-09,0,0.0
2025-11-20 01:00:00,0.0,0,2.8662752965863273e-09,0,0.0
2025-11-20 02:00:00,0.0,0,1.5659886794871744e-08,0,0.0
2025-11-20 03:00:00,0.0,0,3.956373384974087e-08,0,0.0
2025-11-20 04:00:00,0.0,0,9.858654498386364e-08,0,0.0
2025-11-20 05:00:00,0.0,0,3.273087993633873e-07,0,0.0
2025-11-20 06:00:00,0.0,0,5.979328637125678e-06,0,0.0
2025-11-20 07:00:00,0.0,0,8.036570471586308e-05,0,0.0
2025-11-20 08:00:00,0.0,0,0.00301712255981789,0,0.0
2025-11-20 09:00:00,0.0,0,0.015762570754080156,0,0.0
2025-11-20 10:00:00,0.0,0,0.00995293387335959,0,0.0
2025-11-20 11:00:00,0.0,0,0.0032523893412243917,0,0.0
2025-11-20 12:00:00,0.0,0,7.107790171641247e-05,0,0.0
2025-11-20 13:00:00,0.0,0,0.000545319196044334,0,0.0
2025-11-20 14:00:00,0.0,0,5.143088438599348e-05,0,0.0
2025-11-20 15:00:00,0.0,0,2.099192156277261e-06,0,0.0
2025-11-20 16:00:00,0.0,0,8.140785648045351e-07,0,0.0
2025-11-20 17:00:00,0.0,0,1.0238734974780272e-07,0,0.0
2025-11-20 18:00:00,0.0,0,8.431447837876432e-09,0,0.0
2025-11-20 19:00:00,0.0,0,1.4489715822518913e-08,0,0.0
2025-11-20 20:00:00,0.0,0,1.7060221103552616e-09,0,0.0
2025-11-20 21:00:00,0.0,0,6.848731728035981e-10,0,0.0
2025-11-20 22:00:00,0.0,0,6.497096298679687e-10,0,0.0
2025-11-20 23:00:00,0.0,0,5.352898201329737e-10,0,0.0
2025-11-21 00:00:00,0.0,0,8.775939429322991e-10,0,0.0
2025-11-21 01:00:00,0.0,0,6.880740177545613e-10,0,0.0
2025-11-21 02:00:00,0.0,0,5.952438383749037e-11,0,0.0
2025-11-21 03:00:00,0.0,0,1.0541125748330685e-11,0,0.0
2025-11-21 04:00:00,0.0,0,8.405504046347316e-13,0,0.0
2025-11-21 05:00:00,0.0,0,5.390294233613375e-14,0,0.0
2025-11-21 06:00:00,0.0,0,8.900564197591921e-14,0,0.0
2025-11-21 07:00:00,0.0,0,4.4378681687181443e-13,0,0.0
2025-11-21 08:00:00,0.0,0,2.431452878983994e-13,0,0.0
2025-11-21 09:00:00,0.0,0,2.181380073573551e-11,0,0.0
2025-11-21 10:00:00,0.0,0,7.231355655246445e-12,0,0.0
2025-11-21 11:00:00,0.0,0,2.319718578737172e-12,0,0.0
2025-11-21 12:00:00,0.0,0,1.8577955915937737e-13,0,0.0
2025-11-21 13:00:00,0.0,0,1.3062074709328128e-12,0,0.0
2025-11-21 14:00:00,0.0,0,9.31767149752535e-13,0,0.0
2025-11-21 15:00:00,0.0,0,1.441148793011785e-14,0,0.0
2025-11-21 16:00:00,0.0,0,3.05723401183026e-16,0,0.0
2025-11-21 17:00:00,0.0,0,2.2309488249885247e-17,0,0.0
2025-11-21 18:00:00,0.0,0,8.839466797338558e-19,0,0.0
2025-11-21 19:00:00,0.0,0,1.7323354999271642e-20,0,0.0
2025-11-21 20:00:00,0.0,0,6.102633751109378e-18,0,0.0
2025-11-21 21:00:00,0.0,0,1.3588535239511144e-17,0,0.0
2025-11-21 22:00:00,0.0,0,1.9029563973730487e-18,0,0.0
2025-11-21 23:00:00,0.0,0,6.143211817330335e-19,0,0.0
2025-11-22 00:00:00,0.0,0,1.1180030485930583e-18,0,0.0
2025-11-22 01:00:00,0.0,0,6.878228876364266e-19,0,0.0
2025-11-22 02:00:00,0.0,0,1.4242404085942447e-18,0,0.0
2025-11-22 03:00:00,0.0,0,8.401484679293919e-20,0,0.0
2025-11-22 04:00:00,0.0,0,1.3121662920077193e-18,0,0.0
2025-11-22 05:00:00,0.0,0,2.828574999735334e-18,0,0.0
2025-11-22 06:00:00,0.0,0,3.4005558272712795e-17,0,0.0
2025-11-22 07:00:00,0.0,0,1.1531778000910054e-18,0,0.0
2025-11-22 08:00:00,0.0,0,1.1315338318625035e-16,0,0.0
2025-11-22 09:00:00,0.0,0,3.997013283567392e-14,0,0.0
2025-11-22 10:00:00,0.0,0,3.1996310882178117e-13,0,0.0
2025-11-22 11:00:00,0.0,0,2.8439429368712505e-13,0,0.0
2025-11-22 12:00:00,0.0,0,2.5440712045090495e-13,0,0.0
2025-11-22 13:00:00,0.0,0,8.392598566084128e-12,0,0.0
2025-11-22 14:00:00,0.0,0,6.86306332960476e-13,0,0.0
2025-11-22 15:00:00,0.0,0,1.0287016072195668e-14,0,0.0
2025-11-22 16:00:00,0.0,0,1.4077540084889506e-14,0,0.0
2025-11-22 17:00:00,0.0,0,1.4896765517425243e-16,0,0.0
2025-11-22 18:00:00,0.0,0,2.5082402286255063e-18,0,0.0
2025-11-22 19:00:00,0.0,0,1.3723637812889743e-19,0,0.0
2025-11-22 20:00:00,0.0,0,1.0054511622824112e-18,0,0.0
2025-11-22 21:00:00,0.0,0,3.53442622417181e-17,0,0.0
2025-11-22 22:00:00,0.0,0,8.716760819777596e-18,0,0.0
2025-11-22 23:00:00,0.0,0,2.3278663443410963e-19,0,0.0
2025-11-23 00:00:00,0.0,0,1.1916988644040286e-17,0,0.0
2025-11-23 01:00:00,0.0,0,7.685939285900498e-19,0,0.0
2025-11-23 02:00:00,0.0,0,2.029800991468301e-19,0,0.0
2025-11-23 03:00:00,0.0,0,9.109754668047218e-19,0,0.0
2025-11-23 04:00:00,0.0,0,2.9711934892716753e-19,0,0.0
2025-11-23 05:00:00,0.0,0,1.6319374649007107e-16,0,0.0
2025-11-23 06:00:00,0.0,0,1.2809647304699899e-14,0,0.0
2025-11-23 07:00:00,0.0,0,1.5503320206877475e-13,0,0.0
2025-11-23 08:00:00,0.0,0,6.779066654456389e-12,0,0.0
2025-11-23 09:00:00,0.0,0,1.1907623289045825e-09,0,0.0
2025-11-23 10:00:00,0.0,0,5.730769511938245e-09,0,0.0
2025-11-23 11:00:00,0.0,0,6.281422784208103e-09,0,0.0
2025-11-23 12:00:00,0.0,0,4.6438627983085934e-08,0,0.0
2025-11-23 13:00:00,0.0,0,1.1691317048349672e-08,0,0.0
2025-11-23 14:00:00,0.0,0,7.299409596770707e-08,0,0.0
2025-11-23 15:00:00,0.0,0,7.685984819631409e-08,0,0.0
2025-11-23 16:00:00,0.0,0,2.4968428810451365e-10,0,0.0
2025-11-23 17:00:00,0.0,0,2.52236743382942e-13,0,0.0
2025-11-23 18:00:00,0.0,0,2.3365465775765475e-12,0,0.0
2025-11-23 19:00:00,0.0,0,1.6298654836244414e-12,0,0.0
2025-11-23 20:00:00,0.0,0,2.525333514456241e-12,0,0.0
2025-11-23 21:00:00,0.0,0,1.138990794783834e-13,0,0.0
2025-11-23 22:00:00,0.0,0,3.392871668446683e-13,0,0.0
2025-11-23 23:00:00,0.0,0,2.208948790221275e-14,0,0.0
2025-11-24 00:00:00,0.0,0,3.0506443362429965e-15,0,0.0
2025-11-24 01:00:00,0.0,0,2.959084992433227e-13,0,0.0
2025-11-24 02:00:00,0.0,0,2.1741825073761915e-13,0,0.0
2025-11-24 03:00:00,0.0,0,3.415814987179265e-14,0,0.0
2025-11-24 04:00:00,0.0,0,7.304424130439434e-13,0,0.0
2025-11-24 05:00:00,0.0,0,9.19325506042625e-12,0,0.0
2025-11-24 06:00:00,0.0,0,1.552438742668698e-12,0,0.0
2025-11-24 07:00:00,0.0,0,6.163851450977824e-09,0,0.0
2025-11-24 08:00:00,0.0,0,4.121638726175662e-08,0,0.0
2025-11-24 09:00:00,0.0,0,2.959392729543958e-06,0,0.0
2025-11-24 10:00:00,0.0,0,0.000111760931012586,0,0.0
2025-11-24 11:00:00,0.0,0,0.0002312523287917591,0,0.0
2025-11-24 12:00:00,0.0,0,0.07394687834866247,0,0.0
2025-11-24 13:00:00,0.0,0,0.007966333276969183,0,0.0
2025-11-24 14:00:00,0.0,0,0.052753473261611526,0,0.0
2025-11-24 15:00:00,0.0,0,0.0024668817324621705,0,0.0
2025-11-24 16:00:00,0.0,0,0.00016495803735237048,0,0.0
2025-11-24 17:00:00,0.0,0,1.1809921315634153e-06,0,0.0
2025-11-24 18:00:00,0.0,0,3.838746791912257e-08,0,0.0
2025-11-24 19:00:00,0.0,0,1.8374037824175076e-08,0,0.0
2025-11-24 20:00:00,0.0,0,6.471417131299485e-09,0,0.0
2025-11-24 21:00:00,0.0,0,2.116273036819194e-09,0,0.0
2025-11-24 22:00:00,0.0,0,2.7272698508456186e-10,0,0.0
2025-11-24 23:00:00,0.0,0,7.457635519377353e-11,0,0.0
2025-11-25 00:00:00,0.0,0,2.399917081124418e-10,0,0.0
2025-11-25 01:00:00,0.0,0,9.246591852509745e-11,0,0.0
2025-11-25 02:00:00,0.0,0,1.5040929400380747e-09,0,0.0
2025-11-25 03:00:00,0.0,0,1.8766877868194888e-10,0,0.0
2025-11-25 04:00:00,0.0,0,1.7674146203189658e-08,0,0.0
2025-11-25 05:00:00,0.0,0,1.9713171407075532e-08,0,0.0
2025-11-25 06:00:00,0.0,0,3.0953197059104355e-06,0,0.0
2025-11-25 07:00:00,0.0,0,0.00032688645700975196,0,0.0
2025-11-25 08:00:00,0.0,0,0.0324288870421921,0,0.0
2025-11-25 09:00:00,0.0,0,0.052657388612484916,0,0.0
2025-11-25 10:00:00,0.0,0,0.7860026813234636,1,5.538815175641649
2025-11-25 11:00:00,0.0,0,0.6685668598726376,1,5.494321986746231
2025-11-25 12:00:00,1.9199780765597791,1,0.6528719932636364,1,6.1590651166192885
2025-11-25 13:00:00,0.0,0,0.36094261559177837,0,0.0
2025-11-25 14:00:00,0.0,0,0.23395340117725708,0,0.0
2025-11-25 15:00:00,0.0,0,0.0020631147013146015,0,0.0
2025-11-25 16:00:00,0.0,0,0.00018108365145187306,0,0.0
2025-11-25 17:00:00,0.0,0,8.987296231821151e-06,0,0.0
2025-11-25 18:00:00,0.0,0,1.0279463454573785e-06,0,0.0
2025-11-25 19:00:00,0.0,0,2.0408330316883426e-07,0,0.0
2025-11-25 20:00:00,0.0,0,1.8738146619204076e-08,0,0.0
2025-11-25 21:00:00,0.0,0,7.952215519473772e-09,0,0.0
2025-11-25 22:00:00,0.0,0,2.822025501456929e-09,0,0.0
2025-11-25 23:00:00,0.0,0,2.1990360625219448e-09,0,0.0
2025-11-26 00:00:00,0.0,0,3.700025904032331e-09,0,0.0
2025-11-26 01:00:00,0.0,0,9.16186431384351e-09,0,0.0
2025-11-26 02:00:00,0.0,0,2.2022282933871017e-08,0,0.0
2025-11-26 03:00:00,0.0,0,4.17574198567708e-08,0,0.0
2025-11-26 04:00:00,0.0,0,9.44108214822855e-08,0,0.0
2025-11-26 05:00:00,0.0,0,2.2847913719799272e-07,0,0.0
2025-11-26 06:00:00,0.0,0,1.2436023623766816e-05,0,0.0
2025-11-26 07:00:00,0.0,0,0.0021589773248406278,0,0.0
2025-11-26 08:00:00,0.0,0,0.16768849134292832,0,0.0
2025-11-26 09:00:00,0.0,0,0.03475325432550226,0,0.0
2025-11-26 10:00:00,0.0,0,0.5028219835570993,1,4.995863913098715
2025-11-26 11:00:00,0.0,0,0.002994539089411625,0,0.0
2025-11-26 12:00:00,0.0,0,6.494390105126056e-05,0,0.0
2025-11-26 13:00:00,0.0,0,7.97398814160872e-05,0,0.0
2025-11-26 14:00:00,0.0,0,0.003838210507460301,0,0.0
2025-11-26 15:00:00,0.0,0,5.9245502505279405e-05,0,0.0
2025-11-26 16:00:00,0.0,0,5.161116241707194e-07,0,0.0
2025-11-26 17:00:00,0.0,0,2.637108266709269e-07,0,0.0
2025-11-26 18:00:00,0.0,0,6.777055307562115e-08,0,0.0
2025-11-26 19:00:00,0.0,0,9.434389738062455e-10,0,0.0
2025-11-26 20:00:00,0.0,0,4.206078030131023e-09,0,0.0
2025-11-26 21:00:00,0.0,0,2.69706251204049e-10,0,0.0
2025-11-26 22:00:00,0.0,0,3.948115044706179e-10,0,0.0
2025-11-26 23:00:00,0.0,0,3.6808621471072435e-10,0,0.0
2025-11-27 00:00:00,0.0,0,4.571431467122922e-10,0,0.0
2025-11-27 01:00:00,0.0,0,6.516302072105981e-10,0,0.0
2025-11-27 02:00:00,0.0,0,1.5661213944168322e-09,0,0.0
2025-11-27 03:00:00,0.0,0,1.3591625964170184e-08,0,0.0
2025-11-27 04:00:00,0.0,0,3.323950397435525e-08,0,0.0
2025-11-27 05:00:00,0.0,0,1.731854402212536e-07,0,0.0
2025-11-27 06:00:00,0.0,0,5.362276128254857e-06,0,0.0
2025-11-27 07:00:00,0.0,0,0.00020571401664245596,0,0.0
2025-11-27 08:00:00,0.0,0,7.802133210768185e-05,0,0.0
2025-11-27 09:00:00,0.0,0,0.0015035319648180594,0,0.0
2025-11-27 10:00:00,0.0,0,0.00015024699683859486,0,0.0
2025-11-27 11:00:00,6.457080731679002,1,0.7031560252916266,1,5.9138807943268
2025-11-27 12:00:00,0.0,0,0.5939718482008381,1,5.628666996023761
2025-11-27 13:00:00,0.0,0,0.3624581725297197,0,0.0
2025-11-27 14:00:00,0.0,0,0.0922273255773114,0,0.0
2025-11-27 15:00:00,0.0,0,0.0017854100133815826,0,0.0
2025-11-27 16:00:00,0.0,0,6.235156198107135e-05,0,0.0
2025-11-27 17:00:00,0.0,0,7.545211380097849e-06,0,0.0
2025-11-27 18:00:00,0.0,0,7.104386830686908e-07,0,0.0
2025-11-27 19:00:00,0.0,0,1.1375967222183663e-07,0,0.0
2025-11-27 20:00:00,0.0,0,2.762129736900829e-08,0,0.0
2025-11-27 21:00:00,0.0,0,6.746677988539493e-09,0,0.0
2025-11-27 22:00:00,0.0,0,2.75908786204944e-09,0,0.0
2025-11-27 23:00:00,0.0,0,1.2361985884731911e-09,0,0.0
2025-11-28 00:00:00,0.0,0,2.240251694919436e-09,0,0.0
2025-11-28 01:00:00,0.0,0,7.747600769818283e-09,0,0.0
2025-11-28 02:00:00,0.0,0,1.45663045990138e-08,0,0.0
2025-11-28 03:00:00,0.0,0,3.6229850227644604e-08,0,0.0
2025-11-28 04:00:00,0.0,0,6.671104697213719e-08,0,0.0
2025-11-28 05:00:00,0.0,0,2.6241095969317525e-07,0,0.0
2025-11-28 06:00:00,0.0,0,3.0370511931312942e-05,0,0.0
2025-11-28 07:00:00,0.0,0,0.0025156363083097765,0,0.0
2025-11-28 08:00:00,0.0,0,0.07417910887047229,0,0.0
2025-11-28 09:00:00,0.0,0,0.6217031321853266,1,5.871685200044559
2025-11-28 10:00:00,0.0,0,0.07140526021442795,0,0.0
2025-11-28 11:00:00,0.0,0,0.0012971246649939772,0,0.0
2025-11-28 12:00:00,0.0,0,0.002168784537095843,0,0.0
2025-11-28 13:00:00,0.0,0,0.0001525099047229245,0,0.0
2025-11-28 14:00:00,0.0,0,8.303554054289534e-05,0,0.0
2025-11-28 15:00:00,0.0,0,7.015764579966575e-06,0,0.0
2025-11-28 16:00:00,0.0,0,6.528483502308303e-08,0,0.0
2025-11-28 17:00:00,0.0,0,1.11965176804244e-08,0,0.0
2025-11-28 18:00:00,0.0,0,4.4139676413651735e-09,0,0.0
2025-11-28 19:00:00,0.0,0,1.7908528602827522e-09,0,0.0
2025-11-28 20:00:00,0.0,0,7.072173078570466e-11,0,0.0
2025-11-28 21:00:00,0.0,0,3.5828653701797073e-10,0,0.0
2025-11-28 22:00:00,0.0,0,1.4027522326676357e-10,0,0.0
2025-11-28 23:00:00,0.0,0,2.3460933271239726e-11,0,0.0
2025-11-29 00:00:00,0.0,0,1.320373370797883e-10,0,0.0
2025-11-29 01:00:00,0.0,0,6.110098216828222e-10,0,0.0
2025-11-29 02:00:00,0.0,0,2.7114890470327987e-09,0,0.0
2025-11-29 03:00:00,0.0,0,1.4420816679586426e-09,0,0.0
2025-11-29 04:00:00,0.0,0,1.0030408641177698e-08,0,0.0
2025-11-29 05:00:00,0.0,0,1.96509448213198e-07,0,0.0
2025-11-29 06:00:00,0.0,0,5.931173844387258e-07,0,0.0
2025-11-29 07:00:00,0.0,0,2.020863064578956e-05,0,0.0
2025-11-29 08:00:00,0.0,0,2.5964623941303654e-05,0,0.0
2025-11-29 09:00:00,6.417160232039243,1,0.5019142648263009,1,5.688179764505633
2025-11-29 10:00:00,0.0,0,0.01437260035787193,0,0.0
2025-11-29 11:00:00,0.0,0,0.22310635001914297,0,0.0
2025-11-29 12:00:00,0.0,0,0.006687751373367727,0,0.0
2025-11-29 13:00:00,0.0,0,0.0011068887236928943,0,0.0
2025-11-29 14:00:00,0.0,0,0.0006803854268721939,0,0.0
2025-11-29 15:00:00,0.0,0,4.1419478333753375e-05,0,0.0
2025-11-29 16:00:00,0.0,0,3.044141496442875e-06,0,0.0
2025-11-29 17:00:00,0.0,0,1.525312332734372e-07,0,0.0
2025-11-29 18:00:00,0.0,0,2.020387617495174e-08,0,0.0
2025-11-29 19:00:00,0.0,0,4.329188260371784e-09,0,0.0
2025-11-29 20:00:00,0.0,0,4.29595529273921e-09,0,0.0
2025-11-29 21:00:00,0.0,0,3.123939868500838e-10,0,0.0
2025-11-29 22:00:00,0.0,0,2.459668379069784e-10,0,0.0
2025-11-29 23:00:00,0.0,0,4.1351648435571315e-10,0,0.0
2025-11-30 00:00:00,0.0,0,7.991898565923749e-10,0,0.0
2025-11-30 01:00:00,0.0,0,8.652743651036545e-10,0,0.0
2025-11-30 02:00:00,0.0,0,3.0476952683787603e-09,0,0.0
2025-11-30 03:00:00,0.0,0,2.1142870595761965e-08,0,0.0
2025-11-30 04:00:00,0.0,0,5.410807702686705e-08,0,0.0
2025-11-30 05:00:00,0.0,0,3.9341600283880136e-07,0,0.0
2025-11-30 06:00:00,0.0,0,1.5202137863449488e-06,0,0.0
2025-11-30 07:00:00,0.0,0,0.000527410812281987,0,0.0
2025-11-30 08:00:00,0.0,0,0.0002586162929542465,0,0.0
2025-11-30 09:00:00,0.0,0,3.268778974173194e-05,0,0.0
2025-11-30 10:00:00,6.076364430687889,1,0.7457833763308276,1,5.424305589377961
2025-11-30 11:00:00,0.0,0,0.6119906544428898,1,5.465141870710603
2025-11-30 12:00:00,0.0,0,0.17908140338008027,0,0.0
2025-11-30 13:00:00,0.0,0,0.008910846769688612,0,0.0
2025-11-30 14:00:00,0.0,0,0.03720658071276138,0,0.0
2025-11-30 15:00:00,0.0,0,0.0019096960774233676,0,0.0
2025-11-30 16:00:00,0.0,0,1.4543305932780575e-05,0,0.0
2025-11-30 17:00:00,0.0,0,3.2872440356760456e-06,0,0.0
2025-11-30 18:00:00,0.0,0,2.0390119724733226e-07,0,0.0
2025-11-30 19:00:00,0.0,0,3.3338381468051345e-08,0,0.0
2025-11-30 20:00:00,0.0,0,1.1244304671565864e-08,0,0.0
2025-11-30 21:00:00,0.0,0,6.317496628093485e-09,0,0.0
2025-11-30 22:00:00,0.0,0,1.2190094326575355e-09,0,0.0
2025-11-30 23:00:00,0.0,0,1.8106060912018454e-09,0,0.0
2025-12-01 00:00:00,0.0,0,9.835648330267598e-10,0,0.0
2025-12-01 01:00:00,0.0,0,4.616114305273897e-09,0,0.0
2025-12-01 02:00:00,0.0,0,1.1416030810998168e-08,0,0.0
2025-12-01 03:00:00,0.0,0,4.855411336733732e-08,0,0.0
2025-12-01 04:00:00,0.0,0,8.464569874516276e-08,0,0.0
2025-12-01 05:00:00,0.0,0,3.990868639301967e-07,0,0.0
2025-12-01 06:00:00,0.0,0,9.21979655598227e-05,0,0.0
2025-12-01 07:00:00,0.0,0,0.0001467591244548781,0,0.0
2025-12-01 08:00:00,0.0,0,0.04799575690113111,0,0.0
2025-12-01 09:00:00,0.0,0,0.007459648780015405,0,0.0
2025-12-01 10:00:00,0.0,0,0.0029204940529541272,0,0.0
2025-12-01 11:00:00,0.0,0,0.0004592774639710517,0,0.0
2025-12-01 12:00:00,5.575231074803985,1,0.7620612399588342,1,6.639634636936785
2025-12-01 13:00:00,0.0,0,0.11433551605483466,0,0.0
2025-12-01 14:00:00,0.0,0,0.007732671388696861,0,0.0
2025-12-01 15:00:00,0.0,0,0.002543238427300113,0,0.0
2025-12-01 16:00:00,0.0,0,0.00011069604957396644,0,0.0
2025-12-01 17:00:00,0.0,0,8.294370055017845e-06,0,0.0
2025-12-01 18:00:00,0.0,0,7.88188308033334e-07,0,0.0
2025-12-01 19:00:00,0.0,0,1.0494722265646584e-07,0,0.0
2025-12-01 20:00:00,0.0,0,2.0463168313999948e-08,0,0.0
2025-12-01 21:00:00,0.0,0,8.371092177602386e-09,0,0.0
2025-12-01 22:00:00,0.0,0,2.1994297376792313e-09,0,0.0
2025-12-01 23:00:00,0.0,0,2.3218344099001312e-09,0,0.0
2025-12-02 00:00:00,0.0,0,2.722354375454531e-09,0,0.0
2025-12-02 01:00:00,0.0,0,6.113333719059576e-09,0,0.0
2025-12-02 02:00:00,0.0,0,2.1189282527577627e-08,0,0.0
2025-12-02 03:00:00,0.0,0,7.48030264382519e-08,0,0.0
2025-12-02 04:00:00,0.0,0,2.0359327526799266e-07,0,0.0
2025-12-02 05:00:00,0.0,0,8.308902855038134e-07,0,0.0
2025-12-02 06:00:00,0.0,0,0.00026207623427134134,0,0.0
2025-12-02 07:00:00,0.0,0,0.007674595530877013,0,0.0
2025-12-02 08:00:00,0.0,0,0.013535881266918742,0,0.0
2025-12-02 09:00:00,0.0,0,0.022418796945519123,0,0.0
2025-12-02 10:00:00,0.0,0,0.23448772385970557,0,0.0
2025-12-02 11:00:00,0.0,0,0.011050300066768238,0,0.0
2025-12-02 12:00:00,0.0,0,0.0022122653134232007,0,0.0
2025-12-02 13:00:00,0.0,0,0.00021506944411222852,0,0.0
2025-12-02 14:00:00,0.0,0,2.8299352336160943e-05,0,0.0
2025-12-02 15:00:00,0.0,0,1.9543019831884736e-05,0,0.0
2025-12-02 16:00:00,0.0,0,4.950493144156685e-07,0,0.0
2025-12-02 17:00:00,0.0,0,1.9984822662575155e-07,0,0.0
2025-12-02 18:00:00,0.0,0,1.215364082649668e-08,0,0.0
2025-12-02 19:00:00,0.0,0,1.0323004049621812e-09,0,0.0
2025-12-02 20:00:00,0.0,0,3.861594256440033e-10,0,0.0
2025-12-02 21:00:00,0.0,0,6.576317964946584e-11,0,0.0
2025-12-02 22:00:00,0.0,0,2.2648576322200726e-10,0,0.0
2025-12-02 23:00:00,0.0,0,2.5476109651493246e-11,0,0.0
2025-12-03 00:00:00,0.0,0,1.4411888552322005e-10,0,0.0
2025-12-03 01:00:00,0.0,0,2.3979208783359837e-10,0,0.0
2025-12-03 02:00:00,0.0,0,4.2615344024681326e-10,0,0.0
2025-12-03 03:00:00,0.0,0,4.534228051260745e-09,0,0.0
2025-12-03 04:00:00,0.0,0,7.993082757915945e-10,0,0.0
2025-12-03 05:00:00,0.0,0,8.84640397481826e-08,0,0.0
2025-12-03 06:00:00,0.0,0,3.865128050201504e-06,0,0.0
2025-12-03 07:00:00,0.0,0,3.2981176036651583e-06,0,0.0
2025-12-03 08:00:00,0.0,0,8.986596918880925e-06,0,0.0
2025-12-03 09:00:00,6.438926630697471,1,0.6780377720009008,1,6.139223200669011
2025-12-03 10:00:00,0.0,0,0.7184029996431955,1,5.408962823240239
2025-12-03 11:00:00,0.0,0,0.5285938443468289,1,5.397996573624823
2025-12-03 12:00:00,0.0,0,0.12928965837838008,0,0.0
2025-12-03 13:00:00,0.0,0,0.02279108208738335,0,0.0
2025-12-03 14:00:00,0.0,0,0.001328578547256578,0,0.0
2025-12-03 15:00:00,0.0,0,1.2779305536665161e-05,0,0.0
2025-12-03 16:00:00,0.0,0,7.59956911723734e-06,0,0.0
2025-12-03 17:00:00,0.0,0,1.0749463116601398e-06,0,0.0
2025-12-03 18:00:00,0.0,0,2.3028132869899088e-07,0,0.0
2025-12-03 19:00:00,0.0,0,1.956876324590242e-08,0,0.0
2025-12-03 20:00:00,0.0,0,9.88607092582519e-10,0,0.0
2025-12-03 21:00:00,0.0,0,2.681640850127361e-09,0,0.0
2025-12-03 22:00:00,0.0,0,4.869499467063027e-10,0,0.0
2025-12-03 23:00:00,0.0,0,4.5181543549595964e-10,0,0.0
2025-12-04 00:00:00,0.0,0,1.1972431249837276e-09,0,0.0
2025-12-04 01:00:00,0.0,0,1.9549782790510555e-09,0,0.0
2025-12-04 02:00:00,0.0,0,1.0531878737082167e-08,0,0.0
2025-12-04 03:00:00,0.0,0,1.8101342257243153e-08,0,0.0
2025-12-04 04:00:00,0.0,0,6.879545945479539e-08,0,0.0
2025-12-04 05:00:00,0.0,0,1.8717674332401186e-07,0,0.0
2025-12-04 06:00:00,0.0,0,2.3518665741494153e-05,0,0.0
2025-12-04 07:00:00,0.0,0,0.0006123440331466946,0,0.0
2025-12-04 08:00:00,0.0,0,0.00024399172007880682,0,0.0
2025-12-04 09:00:00,0.0,0,0.0005965537567366993,0,0.0
2025-12-04 10:00:00,0.0,0,0.0007022066531849939,0,0.0
2025-12-04 11:00:00,6.971449136701825,1,0.7146080781604098,1,6.1884542700978225
2025-12-04 12:00:00,0.0,0,0.17248519121149053,0,0.0
2025-12-04 13:00:00,0.0,0,0.2100994790046205,0,0.0
2025-12-04 14:00:00,0.0,0,0.11293627825532852,0,0.0
2025-12-04 15:00:00,0.0,0,0.0016988740157806834,0,0.0
2025-12-04 16:00:00,0.0,0,0.0018972376998671945,0,0.0
2025-12-04 17:00:00,0.0,0,1.2721939614952863e-05,0,0.0
2025-12-04 18:00:00,0.0,0,1.3176627724254515e-06,0,0.0
2025-12-04 19:00:00,0.0,0,1.3173290354245684e-07,0,0.0
2025-12-04 20:00:00,0.0,0,2.4323667177213017e-08,0,0.0
2025-12-04 21:00:00,0.0,0,6.3070608003156655e-09,0,0.0
2025-12-04 22:00:00,0.0,0,3.476310482362297e-09,0,0.0
2025-12-04 23:00:00,0.0,0,2.132963661658607e-09,0,0.0
2025-12-05 00:00:00,0.0,0,1.3603143100463389e-09,0,0.0
2025-12-05 01:00:00,0.0,0,1.621748420613291e-09,0,0.0
2025-12-05 02:00:00,0.0,0,5.67243985435787e-09,0,0.0
2025-12-05 03:00:00,0.0,0,6.257562623366691e-09,0,0.0
2025-12-05 04:00:00,0.0,0,7.64570361592169e-09,0,0.0
2025-12-05 05:00:00,0.0,0,4.315036946203427e-09,0,0.0
2025-12-05 06:00:00,0.0,0,1.4403284813241357e-07,0,0.0
2025-12-05 07:00:00,0.0,0,5.9788890472465293e-05,0,0.0
2025-12-05 08:00:00,0.0,0,0.0018039897375124046,0,0.0
2025-12-05 09:00:00,0.0,0,0.5237313293096509,1,5.510582824900673
2025-12-05 10:00:00,0.0,0,0.6596859683822699,1,4.685045106721822
2025-12-05 11:00:00,0.9803281233258668,1,0.68558276639084,1,4.83519303613818
2025-12-05 12:00:00,0.0,0,0.667631704846235,1,5.242247299507909
2025-12-05 13:00:00,0.0,0,0.001725528636931111,0,0.0
2025-12-05 14:00:00,0.0,0,0.008442466256201204,0,0.0
2025-12-05 15:00:00,0.0,0,0.0015841703305036524,0,0.0
2025-12-05 16:00:00,0.0,0,3.878165249980924e-06,0,0.0
2025-12-05 17:00:00,0.0,0,2.7525950301169783e-07,0,0.0
2025-12-05 18:00:00,0.0,0,7.663342298957489e-08,0,0.0
2025-12-05 19:00:00,0.0,0,2.660126049123492e-08,0,0.0
2025-12-05 20:00:00,0.0,0,6.417749298507062e-09,0,0.0
2025-12-05 21:00:00,0.0,0,1.3164827398683006e-09,0,0.0
2025-12-05 22:00:00,0.0,0,6.709852007676096e-10,0,0.0
2025-12-05 23:00:00,0.0,0,3.973387060434543e-10,0,0.0
2025-12-06 00:00:00,0.0,0,5.177553987910187e-10,0,0.0
2025-12-06 01:00:00,0.0,0,8.798279135932782e-10,0,0.0
2025-12-06 02:00:00,0.0,0,1.2722623897162718e-08,0,0.0
2025-12-06 03:00:00,0.0,0,3.2829939274472365e-08,0,0.0
2025-12-06 04:00:00,0.0,0,6.597801925167833e-08,0,0.0
2025-12-06 05:00:00,0.0,0,6.32212618208844e-07,0,0.0
2025-12-06 06:00:00,0.0,0,3.3836933273080963e-06,0,0.0
2025-12-06 07:00:00,0.0,0,8.415988561337358e-05,0,0.0
2025-12-06 08:00:00,0.0,0,0.0019377832783498102,0,0.0
2025-12-06 09:00:00,0.0,0,0.0019841692002262466,0,0.0
2025-12-06 10:00:00,0.0,0,0.0015667561731394785,0,0.0
2025-12-06 11:00:00,0.0,0,4.207939612778231e-05,0,0.0
2025-12-06 12:00:00,7.583410913413035,1,0.7960146906941994,1,5.241979158021863
2025-12-06 13:00:00,0.0,0,0.47847446153389306,0,0.0
2025-12-06 14:00:00,0.0,0,0.05719315507612801,0,0.0
2025-12-06 15:00:00,0.0,0,0.0013679491422204917,0,0.0
2025-12-06 16:00:00,0.0,0,8.600540036215485e-05,0,0.0
2025-12-06 17:00:00,0.0,0,1.217134132893511e-06,0,0.0
2025-12-06 18:00:00,0.0,0,2.803796425807328e-07,0,0.0
2025-12-06 19:00:00,0.0,0,4.969903227776486e-08,0,0.0
2025-12-06 20:00:00,0.0,0,1.4228156652735358e-08,0,0.0
2025-12-06 21:00:00,0.0,0,2.1125650536686245e-09,0,0.0
2025-12-06 22:00:00,0.0,0,8.613551999105095e-10,0,0.0
2025-12-06 23:00:00,0.0,0,6.916566895731561e-10,0,0.0
2025-12-07 00:00:00,0.0,0,7.136850502389588e-10,0,0.0
2025-12-07 01:00:00,0.0,0,1.7901023755120939e-09,0,0.0
2025-12-07 02:00:00,0.0,0,5.617944619192699e-09,0,0.0
2025-12-07 03:00:00,0.0,0,1.3883920316986157e-08,0,0.0
2025-12-07 04:00:00,0.0,0,3.56601149610133e-08,0,0.0
2025-12-07 05:00:00,0.0,0,2.1603762327401942e-07,0,0.0
2025-12-07 06:00:00,0.0,0,3.659134452034418e-05,0,0.0
2025-12-07 07:00:00,0.0,0,0.010863099420514347,0,0.0
2025-12-07 08:00:00,0.0,0,0.13225442485064376,0,0.0
2025-12-07 09:00:00,0.0,0,0.08398781334835735,0,0.0
2025-12-07 10:00:00,0.0,0,0.02417778826443399,0,0.0
2025-12-07 11:00:00,0.0,0,0.00031227419691598,0,0.0
2025-12-07 12:00:00,0.0,0,0.00034328399483216733,0,0.0
2025-12-07 13:00:00,5.538050343482404,1,0.6215323644198438,1,6.047345527618562
2025-12-07 14:00:00,0.0,0,0.3870712684577117,0,0.0
2025-12-07 15:00:00,0.0,0,0.01469772002725684,0,0.0
2025-12-07 16:00:00,0.0,0,0.0001225095763385693,0,0.0
2025-12-07 17:00:00,0.0,0,5.273962602648444e-06,0,0.0
2025-12-07 18:00:00,0.0,0,4.884486196795242e-07,0,0.0
2025-12-07 19:00:00,0.0,0,1.2778467664363076e-07,0,0.0
2025-12-07 20:00:00,0.0,0,3.048312045903106e-08,0,0.0
2025-12-07 21:00:00,0.0,0,1.1162747634329128e-08,0,0.0
2025-12-07 22:00:00,0.0,0,1.9977373758588903e-09,0,0.0
2025-12-07 23:00:00,0.0,0,2.2103023736077298e-09,0,0.0
2025-12-08 00:00:00,0.0,0,1.643930469476133e-09,0,0.0
2025-12-08 01:00:00,0.0,0,2.5078983287832097e-09,0,0.0
2025-12-08 02:00:00,0.0,0,8.067880515211315e-09,0,0.0
2025-12-08 03:00:00,0.0,0,1.4406189293400325e-08,0,0.0
2025-12-08 04:00:00,0.0,0,1.9457514393480336e-08,0,0.0
2025-12-08 05:00:00,0.0,0,1.0637668327989251e-07,0,0.0
2025-12-08 06:00:00,0.0,0,6.71566769745875e-05,0,0.0
2025-12-08 07:00:00,0.0,0,0.004672798640828321,0,0.0
2025-12-08 08:00:00,0.0,0,0.21068474718599076,0,0.0
2025-12-08 09:00:00,0.0,0,0.0674874321650314,0,0.0
2025-12-08 10:00:00,0.0,0,0.011205387933734616,0,0.0
2025-12-08 11:00:00,0.0,0,0.002159241147964012,0,0.0
2025-12-08 12:00:00,0.0,0,6.841501781895869e-05,0,0.0
2025-12-08 13:00:00,0.0,0,2.310723086443504e-05,0,0.0
2025-12-08 14:00:00,0.0,0,1.307918163643884e-05,0,0.0
2025-12-08 15:00:00,0.0,0,4.603581800499651e-07,0,0.0
2025-12-08 16:00:00,0.0,0,1.0303692863770345e-07,0,0.0
2025-12-08 17:00:00,0.0,0,1.7853835545628822e-08,0,0.0
2025-12-08 18:00:00,0.0,0,7.339859807581346e-10,0,0.0
2025-12-08 19:00:00,0.0,0,1.677815373445401e-10,0,0.0
2025-12-08 20:00:00,0.0,0,6.017244051755865e-11,0,0.0
2025-12-08 21:00:00,0.0,0,1.4411491769521235e-12,0,0.0
2025-12-08 22:00:00,0.0,0,1.3042237907264024e-11,0,0.0
2025-12-08 23:00:00,0.0,0,1.694339556622761e-11,0,0.0
2025-12-09 00:00:00,0.0,0,2.076507797665475e-11,0,0.0
2025-12-09 01:00:00,0.0,0,1.5589528891214903e-11,0,0.0
2025-12-09 02:00:00,0.0,0,1.7087467866147604e-10,0,0.0
2025-12-09 03:00:00,0.0,0,3.515343185625059e-10,0,0.0
2025-12-09 04:00:00,0.0,0,2.818007825525107e-09,0,0.0
2025-12-09 05:00:00,0.0,0,1.1306954020922935e-08,0,0.0
2025-12-09 06:00:00,0.0,0,2.0685348733343306e-06,0,0.0
2025-12-09 07:00:00,0.0,0,1.9402056864555836e-06,0,0.0
2025-12-09 08:00:00,0.0,0,1.487338993352747e-05,0,0.0
2025-12-09 09:00:00,6.2156003053796525,1,0.4355467435298486,0,0.0
2025-12-09 10:00:00,0.0,0,0.030605121536073462,0,0.0
2025-12-09 11:00:00,0.0,0,0.13597806788053507,0,0.0
2025-12-09 12:00:00,0.0,0,0.001767369716859492,0,0.0
2025-12-09 13:00:00,0.0,0,7.142869926008337e-05,0,0.0
2025-12-09 14:00:00,0.0,0,2.1443863748816606e-05,0,0.0
2025-12-09 15:00:00,0.0,0,2.1176310128324e-05,0,0.0
2025-12-09 16:00:00,0.0,0,2.8239682014361006e-06,0,0.0
2025-12-09 17:00:00,0.0,0,1.0123079081120907e-08,0,0.0
2025-12-09 18:00:00,0.0,0,6.312516124621145e-09,0,0.0
2025-12-09 19:00:00,0.0,0,5.631820741191101e-10,0,0.0
2025-12-09 20:00:00,0.0,0,2.1715576342951576e-11,0,0.0
2025-12-09 21:00:00,0.0,0,1.3330123467364754e-10,0,0.0
2025-12-09 22:00:00,0.0,0,1.5511417724682786e-11,0,0.0
2025-12-09 23:00:00,0.0,0,5.201154471879591e-11,0,0.0
2025-12-10 00:00:00,0.0,0,7.943217143260198e-11,0,0.0
2025-12-10 01:00:00,0.0,0,8.768573930277791e-11,0,0.0
2025-12-10 02:00:00,0.0,0,4.481298062325104e-10,0,0.0
2025-12-10 03:00:00,0.0,0,2.184282114091634e-09,0,0.0
2025-12-10 04:00:00,0.0,0,1.7527146647376339e-09,0,0.0
2025-12-10 05:00:00,0.0,0,5.629214462964107e-08,0,0.0
2025-12-10 06:00:00,0.0,0,3.315768557887664e-06,0,0.0
2025-12-10 07:00:00,0.0,0,1.1180126802869641e-05,0,0.0
2025-12-10 08:00:00,0.0,0,0.00019016370953625476,0,0.0
2025-12-10 09:00:00,5.670901930709119,1,0.5443170652056816,1,6.146656817071145
2025-12-10 10:00:00,0.0,0,0.7580878461990161,1,5.392939475144662
2025-12-10 11:00:00,0.0,0,0.1473468671404106,0,0.0
2025-12-10 12:00:00,0.0,0,0.031938453180004045,0,0.0
2025-12-10 13:00:00,0.0,0,0.0009859124938761572,0,0.0
2025-12-10 14:00:00,0.0,0,0.00021770786619778267,0,0.0
2025-12-10 15:00:00,0.0,0,5.874103600715154e-06,0,0.0
2025-12-10 16:00:00,0.0,0,5.712385845501367e-06,0,0.0
2025-12-10 17:00:00,0.0,0,9.557234005727342e-09,0,0.0
2025-12-10 18:00:00,0.0,0,3.0328278575708046e-08,0,0.0
2025-12-10 19:00:00,0.0,0,8.631418413001909e-10,0,0.0
2025-12-10 20:00:00,0.0,0,6.424865234219771e-11,0,0.0
2025-12-10 21:00:00,0.0,0,1.331846642913374e-10,0,0.0
2025-12-10 22:00:00,0.0,0,3.450091199337427e-11,0,0.0
2025-12-10 23:00:00,0.0,0,4.7797407686967445e-11,0,0.0
2025-12-11 00:00:00,0.0,0,1.3351268949064415e-10,0,0.0
2025-12-11 01:00:00,0.0,0,4.988902558516091e-11,0,0.0
2025-12-11 02:00:00,0.0,0,1.0993072216353196e-09,0,0.0
2025-12-11 03:00:00,0.0,0,2.9076453150412162e-09,0,0.0
2025-12-11 04:00:00,0.0,0,1.2912557096195395e-08,0,0.0
2025-12-11 05:00:00,0.0,0,1.4589592230374255e-08,0,0.0
2025-12-11 06:00:00,0.0,0,2.8820843551293597e-06,0,0.0
2025-12-11 07:00:00,0.0,0,4.3976292569748485e-05,0,0.0
2025-12-11 08:00:00,0.0,0,0.0003458282748785703,0,0.0
2025-12-11 09:00:00,6.711410431212844,1,0.2586427676702451,0,0.0
2025-12-11 10:00:00,0.0,0,0.2253540528581406,0,0.0
2025-12-11 11:00:00,0.0,0,0.6940604964572443,1,5.992412027834773
2025-12-11 12:00:00,0.0,0,0.0005015790894089562,0,0.0
2025-12-11 13:00:00,0.0,0,0.00398704628522985,0,0.0
2025-12-11 14:00:00,0.0,0,0.00013879660782171015,0,0.0
2025-12-11 15:00:00,0.0,0,5.902725640306748e-06,0,0.0
2025-12-11 16:00:00,0.0,0,7.226334121065299e-07,0,0.0
2025-12-11 17:00:00,0.0,0,8.403299878742281e-07,0,0.0
2025-12-11 18:00:00,0.0,0,2.2408693414360835e-08,0,0.0
2025-12-11 19:00:00,0.0,0,2.0177929566648664e-09,0,0.0
2025-12-11 20:00:00,0.0,0,2.9964479470894096e-10,0,0.0
2025-12-11 21:00:00,0.0,0,3.715953899474914e-10,0,0.0
2025-12-11 22:00:00,0.0,0,6.213298991447606e-11,0,0.0
2025-12-11 23:00:00,0.0,0,3.519914199133311e-11,0,0.0
2025-12-12 00:00:00,0.0,0,7.58641326291418e-11,0,0.0
2025-12-12 01:00:00,0.0,0,2.464287429642143e-10,0,0.0
2025-12-12 02:00:00,0.0,0,5.78828711416698e-10,0,0.0
2025-12-12 03:00:00,0.0,0,8.893478611687122e-09,0,0.0
2025-12-12 04:00:00,0.0,0,2.1177216012149286e-08,0,0.0
2025-12-12 05:00:00,0.0,0,7.567206950413171e-08,0,0.0
2025-12-12 06:00:00,0.0,0,7.56670378088814e-06,0,0.0
2025-12-12 07:00:00,0.0,0,1.961799382223827e-05,0,0.0
2025-12-12 08:00:00,0.0,0,5.2894268557165274e-05,0,0.0
2025-12-12 09:00:00,6.363470193133533,1,0.762036092365163,1,6.269895935106899
2025-12-12 10:00:00,0.0,0,0.294807595723536,0,0.0
2025-12-12 11:00:00,0.0,0,0.3066485605343905,0,0.0
2025-12-12 12:00:00,0.0,0,0.041280857251783154,0,0.0
2025-12-12 13:00:00,0.0,0,0.00037829209247613435,0,0.0
2025-12-12 14:00:00,0.0,0,0.001741201164041882,0,0.0
2025-12-12 15:00:00,0.0,0,3.9270348846952635e-05,0,0.0
2025-12-12 16:00:00,0.0,0,2.3114010442415307e-07,0,0.0
2025-12-12 17:00:00,0.0,0,1.278425881969252e-07,0,0.0
2025-12-12 18:00:00,0.0,0,2.8308663325274546e-08,0,0.0
2025-12-12 19:00:00,0.0,0,1.6853775066852297e-09,0,0.0
2025-12-12 20:00:00,0.0,0,5.762769129143076e-09,0,0.0
2025-12-12 21:00:00,0.0,0,1.1522043395845974e-10,0,0.0
2025-12-12 22:00:00,0.0,0,1.4429946288115867e-10,0,0.0
2025-12-12 23:00:00,0.0,0,4.3625012559100034e-11,0,0.0
2025-12-13 00:00:00,0.0,0,4.9111864049609946e-11,0,0.0
2025-12-13 01:00:00,0.0,0,1.840849989261953e-10,0,0.0
2025-12-13 02:00:00,0.0,0,3.7911484389743863e-10,0,0.0
2025-12-13 03:00:00,0.0,0,2.340882328749151e-09,0,0.0
2025-12-13 04:00:00,0.0,0,8.004898148046341e-09,0,0.0
2025-12-13 05:00:00,0.0,0,2.892215009098545e-08,0,0.0
2025-12-13 06:00:00,0.0,0,3.880316301464043e-06,0,0.0
2025-12-13 07:00:00,0.0,0,0.0004158736205025899,0,0.0
2025-12-13 08:00:00,0.0,0,6.375714680453261e-05,0,0.0
2025-12-13 09:00:00,0.0,0,5.9594303881398044e-05,0,0.0
2025-12-13 10:00:00,7.41124124708321,1,0.8626143821311778,1,5.7020697282152195
2025-12-13 11:00:00,0.0,0,0.8591193911509929,1,6.003923647351957
2025-12-13 12:00:00,0.0,0,0.2328107282882132,0,0.0
2025-12-13 13:00:00,0.0,0,0.006773495588864891,0,0.0
2025-12-13 14:00:00,0.0,0,0.00027979467048420823,0,0.0
2025-12-13 15:00:00,0.0,0,7.152634335536766e-05,0,0.0
2025-12-13 16:00:00,0.0,0,1.509902356243069e-05,0,0.0
2025-12-13 17:00:00,0.0,0,2.1779743074748188e-07,0,0.0
2025-12-13 18:00:00,0.0,0,1.9674710713119058e-07,0,0.0
2025-12-13 19:00:00,0.0,0,1.2101335621823215e-08,0,0.0
2025-12-13 20:00:00,0.0,0,9.710903628503257e-09,0,0.0
2025-12-13 21:00:00,0.0,0,6.781249311923179e-10,0,0.0
2025-12-13 22:00:00,0.0,0,1.9507088814886948e-10,0,0.0
2025-12-13 23:00:00,0.0,0,1.1660114333840306e-10,0,0.0
2025-12-14 00:00:00,0.0,0,2.0564918800968663e-10,0,0.0
2025-12-14 01:00:00,0.0,0,6.519347718729543e-10,0,0.0
2025-12-14 02:00:00,0.0,0,2.1150071777665606e-09,0,0.0
2025-12-14 03:00:00,0.0,0,4.974408518383443e-09,0,0.0
2025-12-14 04:00:00,0.0,0,3.1171828429309194e-08,0,0.0
2025-12-14 05:00:00,0.0,0,1.9672464973346582e-07,0,0.0
2025-12-14 06:00:00,0.0,0,3.925578513232438e-06,0,0.0
2025-12-14 07:00:00,0.0,0,0.0003383405790788057,0,0.0
2025-12-14 08:00:00,0.0,0,0.003520881944910647,0,0.0
2025-12-14 09:00:00,0.0,0,0.006651814564794385,0,0.0
2025-12-14 10:00:00,0.0,0,0.0003966648086951724,0,0.0
2025-12-14 11:00:00,6.832792607324997,1,0.5225560722721029,1,6.056372822750947
2025-12-14 12:00:00,0.0,0,0.31002676405943475,0,0.0
2025-12-14 13:00:00,0.0,0,0.3931434633701152,0,0.0
2025-12-14 14:00:00,0.0,0,0.0053708355850546055,0,0.0
2025-12-14 15:00:00,0.0,0,0.0037338670405115885,0,0.0
2025-12-14 16:00:00,0.0,0,4.052788925202061e-05,0,0.0
2025-12-14 17:00:00,0.0,0,1.97784078301871e-06,0,0.0
2025-12-14 18:00:00,0.0,0,9.82979766002229e-08,0,0.0
2025-12-14 19:00:00,0.0,0,5.5997108682710445e-08,0,0.0
2025-12-14 20:00:00,0.0,0,6.8839273717946075e-09,0,0.0
2025-12-14 21:00:00,0.0,0,4.181722783623962e-09,0,0.0
2025-12-14 22:00:00,0.0,0,4.3079568491121794e-10,0,0.0
2025-12-14 23:00:00,0.0,0,6.229358419726373e-10,0,0.0
2025-12-15 00:00:00,0.0,0,3.672090406597292e-10,0,0.0
2025-12-15 01:00:00,0.0,0,7.575659314472515e-10,0,0.0
2025-12-15 02:00:00,0.0,0,2.7666841848582177e-09,0,0.0
2025-12-15 03:00:00,0.0,0,1.1470126874060619e-08,0,0.0
2025-12-15 04:00:00,0.0,0,3.7172131138560226e-08,0,0.0
2025-12-15 05:00:00,0.0,0,3.0181938262332156e-07,0,0.0
2025-12-15 06:00:00,0.0,0,2.0339650317499585e-05,0,0.0
2025-12-15 07:00:00,0.0,0,0.0016661180233569224,0,0.0
2025-12-15 08:00:00,0.0,0,0.016576769416284443,0,0.0
2025-12-15 09:00:00,0.0,0,0.018972286974563036,0,0.0
2025-12-15 10:00:00,0.0,0,0.004386554796530298,0,0.0
2025-12-15 11:00:00,0.0,0,8.152801977602288e-05,0,0.0
2025-12-15 12:00:00,6.665604554499215,1,0.3674214933517768,0,0.0
2025-12-15 13:00:00,0.0,0,0.39347688659367197,0,0.0
2025-12-15 14:00:00,0.0,0,0.04226333486147412,0,0.0
2025-12-15 15:00:00,0.0,0,0.002280256706123488,0,0.0
2025-12-15 16:00:00,0.0,0,0.00030499744617674935,0,0.0
2025-12-15 17:00:00,0.0,0,2.5021084499682245e-06,0,0.0
2025-12-15 18:00:00,0.0,0,1.281154244250802e-07,0,0.0
2025-12-15 19:00:00,0.0,0,4.694961940000179e-08,0,0.0
2025-12-15 20:00:00,0.0,0,1.5210318861570684e-08,0,0.0
2025-12-15 21:00:00,0.0,0,2.0448263667300053e-09,0,0.0
2025-12-15 22:00:00,0.0,0,1.4868322565843265e-09,0,0.0
2025-12-15 23:00:00,0.0,0,4.659167516609013e-10,0,0.0
2025-12-16 00:00:00,0.0,0,7.063564511866076e-10,0,0.0
2025-12-16 01:00:00,0.0,0,2.390075137093696e-09,0,0.0
2025-12-16 02:00:00,0.0,0,1.1410830066716328e-08,0,0.0
2025-12-16 03:00:00,0.0,0,7.578375512968856e-08,0,0.0
2025-12-16 04:00:00,0.0,0,2.0376512667583293e-07,0,0.0
2025-12-16 05:00:00,0.0,0,1.8321127969995004e-06,0,0.0
2025-12-16 06:00:00,0.0,0,9.818962153881902e-05,0,0.0
2025-12-16 07:00:00,0.0,0,0.00012868595502794086,0,0.0
2025-12-16 08:00:00,0.0,0,0.052761762768492086,0,0.0
2025-12-16 09:00:00,0.0,0,0.031183620432882492,0,0.0
2025-12-16 10:00:00,0.0,0,0.005199060056532208,0,0.0
2025-12-16 11:00:00,0.0,0,0.00037304298251382987,0,0.0
2025-12-16 12:00:00,0.0,0,0.0003329261313505002,0,0.0
2025-12-16 13:00:00,5.922400102184546,1,0.27819180107011593,0,0.0
2025-12-16 14:00:00,0.0,0,0.06321321192569035,0,0.0
2025-12-16 15:00:00,0.0,0,0.005886000006195206,0,0.0
2025-12-16 16:00:00,0.0,0,7.578697938366521e-05,0,0.0
2025-12-16 17:00:00,0.0,0,2.154033869248872e-06,0,0.0
2025-12-16 18:00:00,0.0,0,1.4113277447119162e-07,0,0.0
2025-12-16 19:00:00,0.0,0,7.774709647592373e-08,0,0.0
2025-12-16 20:00:00,0.0,0,8.856354510073082e-09,0,0.0
2025-12-16 21:00:00,0.0,0,2.6309210075547768e-09,0,0.0
2025-12-16 22:00:00,0.0,0,7.449031415753182e-10,0,0.0
2025-12-16 23:00:00,0.0,0,5.351095020588047e-10,0,0.0
2025-12-17 00:00:00,0.0,0,6.925542625092789e-10,0,0.0
2025-12-17 01:00:00,0.0,0,1.614592745806393e-09,0,0.0
2025-12-17 02:00:00,0.0,0,8.431916454482837e-09,0,0.0
2025-12-17 03:00:00,0.0,0,2.7067523463787806e-08,0,0.0
2025-12-17 04:00:00,0.0,0,6.608299977501374e-08,0,0.0
2025-12-17 05:00:00,0.0,0,4.3408961243859044e-07,0,0.0
2025-12-17 06:00:00,0.0,0,0.00015562474349314619,0,0.0
2025-12-17 07:00:00,0.0,0,0.003367561353940613,0,0.0
2025-12-17 08:00:00,0.0,0,0.25267735704520944,0,0.0
2025-12-17 09:00:00,0.0,0,0.02734916262118591,0,0.0
2025-12-17 10:00:00,0.0,0,0.0015842348541162045,0,0.0
2025-12-17 11:00:00,0.0,0,0.001593835737412061,0,0.0
2025-12-17 12:00:00,0.0,0,0.0003249986947614315,0,0.0
2025-12-17 13:00:00,6.1719262410544005,1,0.7900530034094249,1,5.78908523089783
2025-12-17 14:00:00,0.0,0,0.3275103778732678,0,0.0
2025-12-17 15:00:00,0.0,0,0.047496220969235725,0,0.0
2025-12-17 16:00:00,0.0,0,0.0007808222672508488,0,0.0
2025-12-17 17:00:00,0.0,0,4.007670184248094e-06,0,0.0
2025-12-17 18:00:00,0.0,0,7.937318256749254e-07,0,0.0
2025-12-17 19:00:00,0.0,0,9.417061051721129e-08,0,0.0
2025-12-17 20:00:00,0.0,0,2.701635076709222e-08,0,0.0
2025-12-17 21:00:00,0.0,0,5.2094415947640045e-09,0,0.0
2025-12-17 22:00:00,0.0,0,1.9963927177688773e-09,0,0.0
2025-12-17 23:00:00,0.0,0,9.66751156696938e-10,0,0.0
2025-12-18 00:00:00,0.0,0,8.418054223805444e-10,0,0.0
2025-12-18 01:00:00,0.0,0,1.1141277971306557e-09,0,0.0
2025-12-18 02:00:00,0.0,0,3.043460013222604e-09,0,0.0
2025-12-18 03:00:00,0.0,0,4.697642594551828e-09,0,0.0
2025-12-18 04:00:00,0.0,0,1.118973188337266e-08,0,0.0
2025-12-18 05:00:00,0.0,0,4.422072405837298e-08,0,0.0
2025-12-18 06:00:00,0.0,0,5.5367974688342224e-05,0,0.0
2025-12-18 07:00:00,0.0,0,0.012153726241362881,0,0.0
2025-12-18 08:00:00,0.0,0,0.3102687445789012,0,0.0
2025-12-18 09:00:00,0.0,0,0.015218523056201918,0,0.0
2025-12-18 10:00:00,0.0,0,0.002014267415766749,0,0.0
2025-12-18 11:00:00,0.0,0,0.0002997437244177274,0,0.0
2025-12-18 12:00:00,0.0,0,0.000332059224394825,0,0.0
2025-12-18 13:00:00,5.450087136861346,1,0.5360613172302163,1,6.251107246568116
2025-12-18 14:00:00,0.0,0,0.32850321127556187,0,0.0
2025-12-18 15:00:00,0.0,0,0.042721979622956395,0,0.0
2025-12-18 16:00:00,0.0,0,0.0001793336645562364,0,0.0
2025-12-18 17:00:00,0.0,0,5.766869344158462e-06,0,0.0
2025-12-18 18:00:00,0.0,0,4.5637852070584456e-07,0,0.0
2025-12-18 19:00:00,0.0,0,4.1371725570197e-08,0,0.0
2025-12-18 20:00:00,0.0,0,1.2499324060583104e-08,0,0.0
2025-12-18 21:00:00,0.0,0,4.823396621948168e-09,0,0.0
2025-12-18 22:00:00,0.0,0,1.3949085554162401e-09,0,0.0
2025-12-18 23:00:00,0.0,0,4.352050662259034e-10,0,0.0
2025-12-19 00:00:00,0.0,0,8.476663184357013e-10,0,0.0
2025-12-19 01:00:00,0.0,0,9.60764152055235e-10,0,0.0
2025-12-19 02:00:00,0.0,0,6.382079129606808e-09,0,0.0
2025-12-19 03:00:00,0.0,0,1.8067928101573826e-08,0,0.0
2025-12-19 04:00:00,0.0,0,3.290794721459413e-08,0,0.0
2025-12-19 05:00:00,0.0,0,2.326518284393726e-07,0,0.0
2025-12-19 06:00:00,0.0,0,3.171559801320199e-05,0,0.0
2025-12-19 07:00:00,0.0,0,0.004192387907957724,0,0.0
2025-12-19 08:00:00,0.0,0,0.18644231970272887,0,0.0
2025-12-19 09:00:00,0.0,0,0.4753923267448796,0,0.0
2025-12-19 10:00:00,0.0,0,0.0028633084091511324,0,0.0
2025-12-19 11:00:00,0.0,0,0.002929475250334399,0,0.0
2025-12-19 12:00:00,0.0,0,0.001547524523361626,0,0.0
2025-12-19 13:00:00,0.0,0,7.380848286287145e-05,0,0.0
2025-12-19 14:00:00,6.259223475264872,1,0.06812630931753344,0,0.0
2025-12-19 15:00:00,0.0,0,0.01872156698605413,0,0.0
2025-12-19 16:00:00,0.0,0,0.0005098449804833306,0,0.0
2025-12-19 17:00:00,0.0,0,4.593606583496528e-06,0,0.0
2025-12-19 18:00:00,0.0,0,4.5453062484194066e-07,0,0.0
2025-12-19 19:00:00,0.0,0,1.002048986848222e-07,0,0.0
2025-12-19 20:00:00,0.0,0,1.328878870473096e-08,0,0.0
2025-12-19 21:00:00,0.0,0,3.7158031753523187e-09,0,0.0
2025-12-19 22:00:00,0.0,0,9.943067403079842e-10,0,0.0
2025-12-19 23:00:00,0.0,0,6.293486000266677e-10,0,0.0
2025-12-20 00:00:00,0.0,0,1.45911512325187e-09,0,0.0
2025-12-20 01:00:00,0.0,0,1.4054816527472055e-09,0,0.0
2025-12-20 02:00:00,0.0,0,6.848245217679305e-09,0,0.0
2025-12-20 03:00:00,0.0,0,4.299192143826131e-09,0,0.0
2025-12-20 04:00:00,0.0,0,6.963469463770025e-09,0,0.0
2025-12-20 05:00:00,0.0,0,5.0357767871537566e-08,0,0.0
2025-12-20 06:00:00,0.0,0,5.888033382134803e-06,0,0.0
2025-12-20 07:00:00,0.0,0,0.009449054139355297,0,0.0
2025-12-20 08:00:00,0.0,0,0.18723627625298117,0,0.0
2025-12-20 09:00:00,0.0,0,0.2534456871915147,0,0.0
2025-12-20 10:00:00,1.9718348678583368,1,0.8549347800883809,1,5.251219271669184
2025-12-20 11:00:00,0.0,0,0.5225182622600291,1,6.186975652153025
2025-12-20 12:00:00,0.0,0,0.08832819537625897,0,0.0
2025-12-20 13:00:00,0.0,0,0.08314621758173674,0,0.0
2025-12-20 14:00:00,0.0,0,0.002142368056111673,0,0.0
2025-12-20 15:00:00,0.0,0,4.101621923629241e-05,0,0.0
2025-12-20 16:00:00,0.0,0,4.6395074195242026e-06,0,0.0
2025-12-20 17:00:00,0.0,0,1.4336079178493012e-06,0,0.0
2025-12-20 18:00:00,0.0,0,2.8158366588885992e-08,0,0.0
2025-12-20 19:00:00,0.0,0,8.14956774726286e-09,0,0.0
2025-12-20 20:00:00,0.0,0,6.98578920220696e-09,0,0.0
2025-12-20 21:00:00,0.0,0,1.4049526632779758e-09,0,0.0
2025-12-20 22:00:00,0.0,0,6.426317262771409e-10,0,0.0
2025-12-20 23:00:00,0.0,0,2.7592666047936115e-10,0,0.0
2025-12-21 00:00:00,0.0,0,3.2498166127510853e-10,0,0.0
2025-12-21 01:00:00,0.0,0,7.418792700321173e-10,0,0.0
2025-12-21 02:00:00,0.0,0,2.6853824581584076e-09,0,0.0
2025-12-21 03:00:00,0.0,0,1.0635386561937727e-08,0,0.0
2025-12-21 04:00:00,0.0,0,2.1697245524741216e-08,0,0.0
2025-12-21 05:00:00,0.0,0,2.576402733328085e-07,0,0.0
2025-12-21 06:00:00,0.0,0,1.538683284721292e-05,0,0.0
2025-12-21 07:00:00,0.0,0,0.0004987103496225429,0,0.0
2025-12-21 08:00:00,0.0,0,0.0024777663824710593,0,0.0
2025-12-21 09:00:00,0.0,0,0.0023138242273833573,0,0.0
2025-12-21 10:00:00,0.0,0,0.00011911197161130428,0,0.0
2025-12-21 11:00:00,5.237463330096427,1,0.8000230079108881,1,4.794975315113005
2025-12-21 12:00:00,0.0,0,0.3000532561684642,0,0.0
2025-12-21 13:00:00,0.0,0,0.08918708946652519,0,0.0
2025-12-21 14:00:00,0.0,0,0.04151681122384004,0,0.0
2025-12-21 15:00:00,0.0,0,0.0010780336525597325,0,0.0
2025-12-21 16:00:00,0.0,0,2.842010650404562e-05,0,0.0
2025-12-21 17:00:00,0.0,0,3.3313553123949775e-06,0,0.0
2025-12-21 18:00:00,0.0,0,2.552088557065901e-07,0,0.0
2025-12-21 19:00:00,0.0,0,3.77287402129234e-08,0,0.0
2025-12-21 20:00:00,0.0,0,5.71684285615054e-09,0,0.0
2025-12-21 21:00:00,0.0,0,1.6185061264048346e-09,0,0.0
2025-12-21 22:00:00,0.0,0,9.75170119936173e-10,0,0.0
2025-12-21 23:00:00,0.0,0,4.958972979990152e-10,0,0.0
2025-12-22 00:00:00,0.0,0,6.074035316566889e-10,0,0.0
2025-12-22 01:00:00,0.0,0,1.6117688842499563e-09,0,0.0
2025-12-22 02:00:00,0.0,0,8.403997457887684e-09,0,0.0
2025-12-22 03:00:00,0.0,0,3.604775121318863e-08,0,0.0
2025-12-22 04:00:00,0.0,0,7.285046462540149e-08,0,0.0
2025-12-22 05:00:00,0.0,0,7.767161794970976e-07,0,0.0
2025-12-22 06:00:00,0.0,0,7.200000901045609e-05,0,0.0
2025-12-22 07:00:00,0.0,0,0.013686212689867989,0,0.0
2025-12-22 08:00:00,0.0,0,0.009643062405075644,0,0.0
2025-12-22 09:00:00,0.0,0,0.0037417816791292225,0,0.0
2025-12-22 10:00:00,0.0,0,0.00994055491753485,0,0.0
2025-12-22 11:00:00,0.0,0,0.0012746081755176648,0,0.0
2025-12-22 12:00:00,6.211581730585691,1,0.5731719218229399,1,6.940040765059333
2025-12-22 13:00:00,0.0,0,0.3579634198861896,0,0.0
2025-12-22 14:00:00,0.0,0,0.10700499721929209,0,0.0
2025-12-22 15:00:00,0.0,0,0.00844433935097706,0,0.0
2025-12-22 16:00:00,0.0,0,0.00010288265866439327,0,0.0
2025-12-22 17:00:00,0.0,0,1.383904778445427e-06,0,0.0
2025-12-22 18:00:00,0.0,0,1.2436061775114762e-07,0,0.0
2025-12-22 19:00:00,0.0,0,4.256263626184638e-08,0,0.0
2025-12-22 20:00:00,0.0,0,1.6940333729517474e-08,0,0.0
2025-12-22 21:00:00,0.0,0,4.0570616500294304e-09,0,0.0
2025-12-22 22:00:00,0.0,0,5.607474263304156e-10,0,0.0
2025-12-22 23:00:00,0.0,0,3.697010850827011e-10,0,0.0
2025-12-23 00:00:00,0.0,0,2.6367165118093333e-10,0,0.0
2025-12-23 01:00:00,0.0,0,1.5100950770106536e-09,0,0.0
2025-12-23 02:00:00,0.0,0,3.4654483239579813e-09,0,0.0
2025-12-23 03:00:00,0.0,0,1.2890487452850341e-08,0,0.0
2025-12-23 04:00:00,0.0,0,4.298023584243179e-08,0,0.0
2025-12-23 05:00:00,0.0,0,2.9103166973566834e-07,0,0.0
2025-12-23 06:00:00,0.0,0,3.255122069293799e-05,0,0.0
2025-12-23 07:00:00,0.0,0,0.008889976040847144,0,0.0
2025-12-23 08:00:00,0.0,0,0.12665050679560172,0,0.0
2025-12-23 09:00:00,0.0,0,0.09565424833454107,0,0.0
2025-12-23 10:00:00,0.0,0,0.05401835992876861,0,0.0
2025-12-23 11:00:00,0.0,0,0.004537948009796304,0,0.0
2025-12-23 12:00:00,0.0,0,4.482598111961938e-05,0,0.0
2025-12-23 13:00:00,5.78476738154703,1,0.554770383707695,1,5.65302324613191
2025-12-23 14:00:00,0.0,0,0.018501221768145816,0,0.0
2025-12-23 15:00:00,0.0,0,0.003636483831358596,0,0.0
2025-12-23 16:00:00,0.0,0,0.00016426555401673188,0,0.0
2025-12-23 17:00:00,0.0,0,3.484435848367699e-06,0,0.0
2025-12-23 18:00:00,0.0,0,4.2774995929428366e-07,0,0.0
2025-12-23 19:00:00,0.0,0,7.709289806971693e-08,0,0.0
2025-12-23 20:00:00,0.0,0,1.0870783166601204e-08,0,0.0
2025-12-23 21:00:00,0.0,0,3.3734609086717024e-09,0,0.0
2025-12-23 22:00:00,0.0,0,1.2482010270128406e-09,0,0.0
2025-12-23 23:00:00,0.0,0,7.650852081627171e-10,0,0.0
2025-12-24 00:00:00,0.0,0,9.127934641740755e-10,0,0.0
2025-12-24 01:00:00,0.0,0,2.293050765747336e-09,0,0.0
2025-12-24 02:00:00,0.0,0,7.696370361042555e-09,0,0.0
2025-12-24 03:00:00,0.0,0,1.6801094359404533e-08,0,0.0
2025-12-24 04:00:00,0.0,0,3.711551354526582e-08,0,0.0
2025-12-24 05:00:00,0.0,0,1.2883898363507695e-07,0,0.0
2025-12-24 06:00:00,0.0,0,1.109398942710991e-05,0,0.0
2025-12-24 07:00:00,0.0,0,0.0014304986588810143,0,0.0
2025-12-24 08:00:00,0.0,0,0.13437289498682675,0,0.0
2025-12-24 09:00:00,0.0,0,0.0651439920951931,0,0.0
2025-12-24 10:00:00,0.0,0,0.17711883490011335,0,0.0
2025-12-24 11:00:00,0.0,0,0.04737290065876191,0,0.0
2025-12-24 12:00:00,0.0,0,0.03535089906511692,0,0.0
2025-12-24 13:00:00,0.0,0,0.0006671760065004075,0,0.0
2025-12-24 14:00:00,0.0,0,1.9821720604179818e-05,0,0.0
2025-12-24 15:00:00,0.0,0,6.412920841509097e-06,0,0.0
2025-12-24 16:00:00,0.0,0,3.5264616235877295e-07,0,0.0
2025-12-24 17:00:00,0.0,0,3.243382567017526e-08,0,0.0
2025-12-24 18:00:00,0.0,0,1.523576527900434e-09,0,0.0
2025-12-24 19:00:00,0.0,0,1.392435367532637e-09,0,0.0
2025-12-24 20:00:00,0.0,0,8.089851295046028e-10,0,0.0
2025-12-24 21:00:00,0.0,0,2.6266094016496184e-10,0,0.0
2025-12-24 22:00:00,0.0,0,8.169791708448075e-11,0,0.0
2025-12-24 23:00:00,0.0,0,2.456518582213798e-11,0,0.0
2025-12-25 00:00:00,0.0,0,8.815329442339319e-11,0,0.0
2025-12-25 01:00:00,0.0,0,1.1639218048333177e-10,0,0.0
2025-12-25 02:00:00,0.0,0,3.593691343509297e-10,0,0.0
2025-12-25 03:00:00,0.0,0,4.006452208694958e-09,0,0.0
2025-12-25 04:00:00,0.0,0,8.36732870317272e-09,0,0.0
2025-12-25 05:00:00,0.0,0,6.906897255708395e-08,0,0.0
2025-12-25 06:00:00,0.0,0,3.837409847923333e-06,0,0.0
2025-12-25 07:00:00,0.0,0,1.1810586975345706e-05,0,0.0
2025-12-25 08:00:00,0.0,0,0.0001004167628140675,0,0.0
2025-12-25 09:00:00,0.0,0,0.0004142433746172901,0,0.0
2025-12-25 10:00:00,6.237832129614301,1,0.8515353973447627,1,5.202947212495728
2025-12-25 11:00:00,0.0,0,0.14424299351428788,0,0.0
2025-12-25 12:00:00,0.0,0,0.016356918285124547,0,0.0
2025-12-25 13:00:00,0.0,0,0.003584244569010369,0,0.0
2025-12-25 14:00:00,0.0,0,1.2361520359289987e-05,0,0.0
2025-12-25 15:00:00,0.0,0,0.0005723616720835034,0,0.0
2025-12-25 16:00:00,0.0,0,1.5873714858538425e-05,0,0.0
2025-12-25 17:00:00,0.0,0,1.4646786570564816e-07,0,0.0
2025-12-25 18:00:00,0.0,0,1.5860221948528785e-08,0,0.0
2025-12-25 19:00:00,0.0,0,1.049826104591621e-08,0,0.0
2025-12-25 20:00:00,0.0,0,2.6154829984470237e-09,0,0.0
2025-12-25 21:00:00,0.0,0,1.733742205455039e-09,0,0.0
2025-12-25 22:00:00,0.0,0,2.0411828594149752e-10,0,0.0
2025-12-25 23:00:00,0.0,0,1.946604536227192e-10,0,0.0
2025-12-26 00:00:00,0.0,0,1.4343214402991218e-10,0,0.0
2025-12-26 01:00:00,0.0,0,2.851933311894483e-10,0,0.0
2025-12-26 02:00:00,0.0,0,1.8154922905692131e-09,0,0.0
2025-12-26 03:00:00,0.0,0,7.716494815350987e-09,0,0.0
2025-12-26 04:00:00,0.0,0,1.5815652498320993e-08,0,0.0
2025-12-26 05:00:00,0.0,0,8.656235370311803e-08,0,0.0
2025-12-26 06:00:00,0.0,0,4.609721584449161e-05,0,0.0
2025-12-26 07:00:00,0.0,0,0.00026135368435505356,0,0.0
2025-12-26 08:00:00,0.0,0,0.0006310919146473542,0,0.0
2025-12-26 09:00:00,0.0,0,0.0002091075804749228,0,0.0
2025-12-26 10:00:00,5.5252917855568775,1,0.5481480858024994,1,6.206251255939818
2025-12-26 11:00:00,0.0,0,0.39531770924496307,0,0.0
2025-12-26 12:00:00,0.0,0,0.015732488128888684,0,0.0
2025-12-26 13:00:00,0.0,0,0.0030609017012789034,0,0.0
2025-12-26 14:00:00,0.0,0,0.000412726291960351,0,0.0
2025-12-26 15:00:00,0.0,0,5.346328823274546e-05,0,0.0
2025-12-26 16:00:00,0.0,0,9.554543135860663e-07,0,0.0
2025-12-26 17:00:00,0.0,0,4.751600111958951e-07,0,0.0
2025-12-26 18:00:00,0.0,0,2.38351746263794e-08,0,0.0
2025-12-26 19:00:00,0.0,0,1.2623766645782675e-08,0,0.0
2025-12-26 20:00:00,0.0,0,6.169771786746874e-09,0,0.0
2025-12-26 21:00:00,0.0,0,2.6060275797660967e-10,0,0.0
2025-12-26 22:00:00,0.0,0,2.3727420583568037e-10,0,0.0
2025-12-26 23:00:00,0.0,0,1.2078057946069514e-10,0,0.0
2025-12-27 00:00:00,0.0,0,1.0189513248182878e-10,0,0.0
2025-12-27 01:00:00,0.0,0,1.3256182234732733e-10,0,0.0
2025-12-27 02:00:00,0.0,0,6.714663967911129e-10,0,0.0
2025-12-27 03:00:00,0.0,0,1.7489343413127838e-09,0,0.0
2025-12-27 04:00:00,0.0,0,1.6747703408232052e-08,0,0.0
2025-12-27 05:00:00,0.0,0,1.276906795558579e-07,0,0.0
2025-12-27 06:00:00,0.0,0,6.496186524713517e-06,0,0.0
2025-12-27 07:00:00,0.0,0,0.00021226598381258853,0,0.0
2025-12-27 08:00:00,0.0,0,0.00025543663657195026,0,0.0
2025-12-27 09:00:00,0.0,0,2.742961164497046e-05,0,0.0
2025-12-27 10:00:00,6.217602839621391,1,0.7433243476545952,1,6.32098209393185
2025-12-27 11:00:00,0.0,0,0.28968752723031804,0,0.0
2025-12-27 12:00:00,0.0,0,0.3223598537250779,0,0.0
2025-12-27 13:00:00,0.0,0,0.001134577634177701,0,0.0
2025-12-27 14:00:00,0.0,0,0.0007520275342419132,0,0.0
2025-12-27 15:00:00,0.0,0,1.1059418189820341e-05,0,0.0
2025-12-27 16:00:00,0.0,0,3.455540039036165e-06,0,0.0
2025-12-27 17:00:00,0.0,0,1.4561854882801518e-07,0,0.0
2025-12-27 18:00:00,0.0,0,1.2722271615301695e-07,0,0.0
2025-12-27 19:00:00,0.0,0,2.5131588022339393e-08,0,0.0
2025-12-27 20:00:00,0.0,0,3.741383534025655e-09,0,0.0
2025-12-27 21:00:00,0.0,0,3.982933723280116e-10,0,0.0
2025-12-27 22:00:00,0.0,0,1.8603374137121083e-10,0,0.0
2025-12-27 23:00:00,0.0,0,2.0263702250736466e-10,0,0.0
2025-12-28 00:00:00,0.0,0,5.070987011717948e-10,0,0.0
2025-12-28 01:00:00,0.0,0,8.13900125984436e-10,0,0.0
2025-12-28 02:00:00,0.0,0,4.979607686573902e-09,0,0.0
2025-12-28 03:00:00,0.0,0,6.507713902896534e-09,0,0.0
2025-12-28 04:00:00,0.0,0,3.0600059255183e-08,0,0.0
2025-12-28 05:00:00,0.0,0,2.915324405923954e-07,0,0.0
2025-12-28 06:00:00,0.0,0,1.6144500084802714e-05,0,0.0
2025-12-28 07:00:00,0.0,0,0.00016936846072723185,0,0.0
2025-12-28 08:00:00,0.0,0,7.621881598857152e-05,0,0.0
2025-12-28 09:00:00,0.0,0,5.573218017913803e-05,0,0.0
2025-12-28 10:00:00,6.309222705198546,1,0.8719424048040126,1,5.688141535160958
2025-12-28 11:00:00,0.0,0,0.1535595102737877,0,0.0
2025-12-28 12:00:00,0.0,0,0.10533026684958759,0,0.0
2025-12-28 13:00:00,0.0,0,0.0004811241007146355,0,0.0
2025-12-28 14:00:00,0.0,0,0.00035241314871138624,0,0.0
2025-12-28 15:00:00,0.0,0,8.209463225644036e-06,0,0.0
2025-12-28 16:00:00,0.0,0,2.194901985411996e-06,0,0.0
2025-12-28 17:00:00,0.0,0,5.827213469943575e-07,0,0.0
2025-12-28 18:00:00,0.0,0,2.566131805249731e-08,0,0.0
2025-12-28 19:00:00,0.0,0,3.327791168406387e-08,0,0.0
2025-12-28 20:00:00,0.0,0,2.8065072379583906e-09,0,0.0
2025-12-28 21:00:00,0.0,0,7.723502603986203e-10,0,0.0
2025-12-28 22:00:00,0.0,0,2.9165376943478104e-10,0,0.0
2025-12-28 23:00:00,0.0,0,1.9820826040319878e-10,0,0.0
2025-12-29 00:00:00,0.0,0,2.626234247381709e-10,0,0.0
2025-12-29 01:00:00,0.0,0,9.859789571941873e-10,0,0.0
2025-12-29 02:00:00,0.0,0,1.8066097381597859e-09,0,0.0
2025-12-29 03:00:00,0.0,0,1.0428265483456488e-08,0,0.0
2025-12-29 04:00:00,0.0,0,4.5224495765180406e-08,0,0.0
2025-12-29 05:00:00,0.0,0,5.481728761442327e-07,0,0.0
2025-12-29 06:00:00,0.0,0,9.700436773449828e-06,0,0.0
2025-12-29 07:00:00,0.0,0,0.00013824659061885072,0,0.0
2025-12-29 08:00:00,0.0,0,5.9158819591902834e-05,0,0.0
2025-12-29 09:00:00,0.0,0,4.532912293785847e-05,0,0.0
2025-12-29 10:00:00,6.038072447286532,1,0.33263787363793956,0,0.0
2025-12-29 11:00:00,0.0,0,0.19955744578886997,0,0.0
2025-12-29 12:00:00,0.0,0,0.003690245400540825,0,0.0
2025-12-29 13:00:00,0.0,0,0.0092795522684088,0,0.0
2025-12-29 14:00:00,0.0,0,0.0005003430071051356,0,0.0
2025-12-29 15:00:00,0.0,0,6.3061832083831375e-06,0,0.0
2025-12-29 16:00:00,0.0,0,1.8443231436266505e-06,0,0.0
2025-12-29 17:00:00,0.0,0,5.916221156368171e-07,0,0.0
2025-12-29 18:00:00,0.0,0,2.9411466757876904e-08,0,0.0
2025-12-29 19:00:00,0.0,0,2.9461015529746938e-09,0,0.0
2025-12-29 20:00:00,0.0,0,4.131845812950347e-09,0,0.0
2025-12-29 21:00:00,0.0,0,9.77899628096397e-10,0,0.0
2025-12-29 22:00:00,0.0,0,4.810003182692865e-10,0,0.0
2025-12-29 23:00:00,0.0,0,1.4329740344762426e-10,0,0.0
2025-12-30 00:00:00,0.0,0,9.444143048684935e-10,0,0.0
2025-12-30 01:00:00,0.0,0,8.645885208745487e-10,0,0.0
2025-12-30 02:00:00,0.0,0,2.1051990209181497e-09,0,0.0
2025-12-30 03:00:00,0.0,0,7.764277354626824e-09,0,0.0
2025-12-30 04:00:00,0.0,0,2.989226824775965e-08,0,0.0
2025-12-30 05:00:00,0.0,0,1.6513546241932505e-07,0,0.0
2025-12-30 06:00:00,0.0,0,2.9452572186949766e-06,0,0.0
2025-12-30 07:00:00,0.0,0,0.00010019951081101863,0,0.0
2025-12-30 08:00:00,0.0,0,0.00015205739365491277,0,0.0
2025-12-30 09:00:00,0.0,0,3.850851803167311e-05,0,0.0
2025-12-30 10:00:00,6.488288586991219,1,0.8089203717746563,1,5.123226154473261
2025-12-30 11:00:00,0.0,0,0.7988368219719313,1,5.872917571592472
2025-12-30 12:00:00,0.0,0,0.05329199631341069,0,0.0
2025-12-30 13:00:00,0.0,0,0.006819472793077543,0,0.0
2025-12-30 14:00:00,0.0,0,0.0005717172647298556,0,0.0
2025-12-30 15:00:00,0.0,0,0.0003331941338802538,0,0.0
2025-12-30 16:00:00,0.0,0,5.943302208827266e-06,0,0.0
2025-12-30 17:00:00,0.0,0,9.126817410612152e-08,0,0.0
2025-12-30 18:00:00,0.0,0,9.433256563484415e-08,0,0.0
2025-12-30 19:00:00,0.0,0,1.5837923406598984e-08,0,0.0
2025-12-30 20:00:00,0.0,0,2.3166632626434924e-09,0,0.0
2025-12-30 21:00:00,0.0,0,1.144424879650339e-09,0,0.0
2025-12-30 22:00:00,0.0,0,6.333550136789914e-10,0,0.0
2025-12-30 23:00:00,0.0,0,3.838231258751862e-10,0,0.0
2025-12-31 00:00:00,0.0,0,5.558643910645526e-10,0,0.0
2025-12-31 01:00:00,0.0,0,6.923191400280821e-10,0,0.0
2025-12-31 02:00:00,0.0,0,3.469145035898393e-09,0,0.0
2025-12-31 03:00:00,0.0,0,3.1623531858569085e-08,0,0.0
2025-12-31 04:00:00,0.0,0,1.611827306695013e-07,0,0.0
2025-12-31 05:00:00,0.0,0,6.420240147157588e-07,0,0.0
2025-12-31 06:00:00,0.0,0,9.592915612186576e-05,0,0.0
2025-12-31 07:00:00,0.0,0,0.0003656499004699443,0,0.0
2025-12-31 08:00:00,0.0,0,0.000364616589826762,0,0.0
2025-12-31 09:00:00,0.0,0,0.0008694372127528385,0,0.0
2025-12-31 10:00:00,0.0,0,0.0002556544496720318,0,0.0
2025-12-31 11:00:00,6.948461201261991,1,0.7802171525301002,1,5.902225357976921
2025-12-31 12:00:00,0.0,0,0.6719299429423714,1,6.426549190340868
2025-12-31 13:00:00,0.0,0,0.3805003650819725,0,0.0
2025-12-31 14:00:00,0.0,0,0.09017405848691312,0,0.0
2025-12-31 15:00:00,0.0,0,0.00043503545718902596,0,0.0
2025-12-31 16:00:00,0.0,0,3.4068148866011145e-05,0,0.0
2025-12-31 17:00:00,0.0,0,3.382848741238981e-06,0,0.0
2025-12-31 18:00:00,0.0,0,3.701668983501267e-07,0,0.0
2025-12-31 19:00:00,0.0,0,2.401879408887921e-08,0,0.0
2025-12-31 20:00:00,0.0,0,1.1251669099988167e-08,0,0.0
2025-12-31 21:00:00,0.0,0,6.043270575759541e-09,0,0.0
2025-12-31 22:00:00,0.0,0,1.3578892289212976e-09,0,0.0
2025-12-31 23:00:00,0.0,0,9.55470930880439e-10,0,0.0
