id,timestamp,crop_stage,soil_moisture_percent,precipitation_mm,rain_6h,rain_24h,etc,etc_6h,etc_24h,irrigation_depth_mm,irrigation_probability,predicted_irrigation_event,predicted_irrigation_depth_mm,absolute_error_mm,analysis_hour,analysis_real_event,analysis_predicted_event,real_depth_mm,predicted_depth_mm,real_event,predicted_event,depth_error_mm,absolute_depth_error_mm,squared_depth_error_mm,error_type
306760,2025-01-01 09:00:00,development,50.21727290636451,0.0,0.0,0.0,0.4832276235176483,1.001794741665048,5.088532446920232,4.087486125343521,0.2392322207629832,0,0.0,4.087486125343521,9,1,0,4.087486125343521,0.0,1,0,-4.087486125343521,4.087486125343521,16.707542824875787,false_negative
254175,2025-01-01 09:00:00,development,50.52788699099334,0.0,0.0,0.0,0.4832276235176483,1.001794741665048,5.088532446920232,4.087486125343521,0.2850525721699503,0,0.0,4.087486125343521,9,1,0,4.087486125343521,0.0,1,0,-4.087486125343521,4.087486125343521,16.707542824875787,false_negative
411953,2025-01-02 08:00:00,development,48.48749080910154,0.0,0.0,0.0,0.3417287861849616,0.5186206254973343,5.190893578888981,4.00017176870789,0.1369813430794082,0,0.0,4.00017176870789,8,1,0,4.00017176870789,0.0,1,0,-4.00017176870789,4.00017176870789,16.00137417916761,false_negative
359368,2025-01-02 08:00:00,development,49.44804322199313,0.0,0.0,0.0,0.3417287861849616,0.5186206254973343,5.190893578888981,4.00017176870789,0.0167538388869145,0,0.0,4.00017176870789,8,1,0,4.00017176870789,0.0,1,0,-4.00017176870789,4.00017176870789,16.00137417916761,false_negative
254198,2025-01-02 08:00:00,development,48.527471772397725,0.0,0.0,0.0,0.3417287861849616,0.5186206254973343,5.190893578888981,4.070921187374236,0.0299788658107583,0,0.0,4.070921187374236,8,1,0,4.070921187374236,0.0,1,0,-4.070921187374236,4.070921187374236,16.57239931381246,false_negative
306783,2025-01-02 08:00:00,development,47.70926518554384,0.0,0.0,0.0,0.3417287861849616,0.5186206254973343,5.190893578888981,4.070921187374236,0.09365187074604,0,0.0,4.070921187374236,8,1,0,4.070921187374236,0.0,1,0,-4.070921187374236,4.070921187374236,16.57239931381246,false_negative
411957,2025-01-02 12:00:00,development,52.847390682173256,0.0,0.0,0.0,0.6834575716864658,2.937416617511868,5.191143128761036,4.127439922255888,0.0210966891178222,0,0.0,4.127439922255888,12,1,0,4.127439922255888,0.0,1,0,-4.127439922255888,4.127439922255888,17.035760311831694,false_negative
359372,2025-01-02 12:00:00,development,51.96152170428203,0.0,0.0,0.0,0.6834575716864658,2.937416617511868,5.191143128761036,4.127439922255888,0.2272146433042388,0,0.0,4.127439922255888,12,1,0,4.127439922255888,0.0,1,0,-4.127439922255888,4.127439922255888,17.035760311831694,false_negative
464587,2025-01-04 09:00:00,mid,49.12145121136362,0.0,0.0,0.0,0.5125575389709585,1.0625995335366647,5.314369454277988,4.351078033809063,0.397044146014777,0,0.0,4.351078033809063,9,1,0,4.351078033809063,0.0,1,0,-4.351078033809063,4.351078033809063,18.931880056295743,false_negative
674928,2025-01-04 10:00:00,mid,50.58364326184844,0.0,0.0,0.0,0.627752216984866,1.690351749796665,5.341429354336563,4.095115917385719,0.015229183434158,0,0.0,4.095115917385719,10,1,0,4.095115917385719,0.0,1,0,-4.095115917385719,4.095115917385719,16.769974376825882,false_negative
622343,2025-01-04 10:00:00,mid,50.722345839427575,0.0,0.0,0.0,0.627752216984866,1.690351749796665,5.341429354336563,4.17820347984911,0.0480705833483548,0,0.0,4.17820347984911,10,1,0,4.17820347984911,0.0,1,0,-4.17820347984911,4.17820347984911,17.45738431902321,false_negative
464592,2025-01-04 14:00:00,mid,50.36216139030924,0.0,0.0,0.0,0.6277522169848662,3.89326103349023,5.460098129086594,4.093470564730328,0.0070803559753165,0,0.0,4.093470564730328,14,1,0,4.093470564730328,0.0,1,0,-4.093470564730328,4.093470564730328,16.75650126431363,false_negative
517196,2025-01-05 09:00:00,mid,48.926073470876645,0.0,0.0,0.0,0.5040013056471614,1.044861330803463,5.4881643638850655,4.025093495370715,0.079816184917512,0,0.0,4.025093495370715,9,1,0,4.025093495370715,0.0,1,0,-4.025093495370715,4.025093495370715,16.201377646475642,false_negative
96520,2025-01-05 13:00:00,mid,48.986989011842496,0.0,0.0,0.0,0.6884785867936576,3.567379716103781,5.442208755648534,4.082748569736683,0.2191708449336503,0,0.0,4.082748569736683,13,1,0,4.082748569736683,0.0,1,0,-4.082748569736683,4.082748569736683,16.66883588368693,false_negative
517201,2025-01-05 14:00:00,mid,49.67566975600287,0.0,0.0,0.0,0.6172730141058352,3.828269989050871,5.431729552769504,4.088852715499755,0.0213099087233931,0,0.0,4.088852715499755,14,1,0,4.088852715499755,0.0,1,0,-4.088852715499755,4.088852715499755,16.71871652904972,false_negative
412050,2025-01-06 09:00:00,mid,48.31539630215343,0.0,0.0,0.0,0.486202644769857,1.007962353990496,5.377092373086349,4.104467512300637,0.2778757659095297,0,0.0,4.104467512300637,9,1,0,4.104467512300637,0.0,1,0,-4.104467512300637,4.104467512300637,16.84665355953138,false_negative
412073,2025-01-07 08:00:00,mid,46.415420502155065,0.0,0.0,0.0,0.3520398927982628,0.5342691537382815,5.23530724943506,4.078290844807242,0.0597247855417942,0,0.0,4.078290844807242,8,1,0,4.078290844807242,0.0,1,0,-4.078290844807242,4.078290844807242,16.632456214838566,false_negative
359488,2025-01-07 08:00:00,mid,44.85158255503298,0.0,0.0,0.0,0.3520398927982628,0.5342691537382815,5.23530724943506,4.078290844807242,0.4240313531371147,0,0.0,4.078290844807242,8,1,0,4.078290844807242,0.0,1,0,-4.078290844807242,4.078290844807242,16.632456214838566,false_negative
306904,2025-01-07 09:00:00,mid,46.91953903357263,0.0,0.0,0.0,0.4978595906000344,1.032128743634236,5.246964195265238,4.212224277801337,0.2530328704067093,0,0.0,4.212224277801337,9,1,0,4.212224277801337,0.0,1,0,-4.212224277801337,4.212224277801337,17.742833366498992,false_negative
254319,2025-01-07 09:00:00,mid,49.0047337719721,0.0,0.0,0.0,0.4978595906000344,1.032128743634236,5.246964195265238,4.212224277801337,0.2379431557583525,0,0.0,4.212224277801337,9,1,0,4.212224277801337,0.0,1,0,-4.212224277801337,4.212224277801337,17.742833366498992,false_negative
727585,2025-01-07 10:00:00,mid,50.60590130678368,0.0,0.0,0.0,0.6097509801022699,1.6418797230324265,5.261240979883132,4.0189251132353405,0.4169878562745713,0,0.0,4.0189251132353405,10,1,0,4.0189251132353405,0.0,1,0,-4.0189251132353405,4.0189251132353405,16.151759065793694,false_negative
412077,2025-01-07 12:00:00,mid,50.96420661074568,0.0,0.0,0.0,0.704079784892446,3.026048354536369,5.293650074893716,4.251978664085321,0.0279872235067873,0,0.0,4.251978664085321,12,1,0,4.251978664085321,0.0,1,0,-4.251978664085321,4.251978664085321,18.079322559836793,false_negative
254342,2025-01-08 08:00:00,mid,47.36798349341502,0.0,0.0,0.0,0.3516844745736536,0.5337297574994753,5.347477537092395,4.191829924373653,0.3532933710496841,0,0.0,4.191829924373653,8,1,0,4.191829924373653,0.0,1,0,-4.191829924373653,4.191829924373653,17.57143811487443,false_negative
464683,2025-01-08 09:00:00,mid,48.37319728228991,0.0,0.0,0.0,0.4973569533267719,1.0310867101228784,5.346974899819132,4.041785879043481,0.0093606540322339,0,0.0,4.041785879043481,9,1,0,4.041785879043481,0.0,1,0,-4.041785879043481,4.041785879043481,16.336033092035283,false_negative
517269,2025-01-08 10:00:00,mid,49.17734884118234,0.0,0.0,0.0,0.6091353776798313,1.6402220870993407,5.346359297396694,4.187334524583225,0.1838218524305852,0,0.0,4.187334524583225,10,1,0,4.187334524583225,0.0,1,0,-4.187334524583225,4.187334524583225,17.533770420766622,false_negative
306931,2025-01-08 12:00:00,mid,49.8612372617835,0.0,0.0,0.0,0.7033689484439384,3.0229932668722923,5.344961845664281,4.071843644602573,0.4070258746139832,0,0.0,4.071843644602573,12,1,0,4.071843644602573,0.0,1,0,-4.071843644602573,4.071843644602573,16.579910666090367,false_negative
254346,2025-01-08 12:00:00,mid,50.652975301435895,0.0,0.0,0.0,0.7033689484439384,3.0229932668722923,5.344961845664281,4.071843644602573,0.0811235652871612,0,0.0,4.071843644602573,12,1,0,4.071843644602573,0.0,1,0,-4.071843644602573,4.071843644602573,16.579910666090367,false_negative
727874,2025-01-19 11:00:00,late,51.87199353572608,0.03,0.2800000000000031,0.6799999999999999,0.4971124002689119,1.697247900352731,4.006564709513769,4.052705264143306,0.2401945966148334,0,0.0,4.052705264143306,11,1,0,4.052705264143306,0.0,1,0,-4.052705264143306,4.052705264143306,16.424419958014862,false_negative
307215,2025-01-20 08:00:00,late,48.07093802733257,0.01,0.06,0.3999999999999999,0.2866479667670423,0.4350278754152099,3.953647126548902,4.046443637570476,0.366199863804525,0,0.0,4.046443637570476,8,1,0,4.046443637570476,0.0,1,0,-4.046443637570476,4.046443637570476,16.37370611203459,false_negative
622726,2025-01-20 09:00:00,late,50.043441631336215,0.0,0.0500000000000031,0.37,0.4053814419911565,0.8404093168330705,3.9951170343327993,4.135978727441859,0.2210177027440292,0,0.0,4.135978727441859,9,1,0,4.135978727441859,0.0,1,0,-4.135978727441859,4.135978727441859,17.10632003385158,false_negative
517556,2025-01-20 09:00:00,late,50.8399904622729,0.0,0.0500000000000031,0.37,0.4053814419911565,0.8404093168330705,3.9951170343327993,4.053038911874076,0.3361821255951207,0,0.0,4.053038911874076,9,1,0,4.053038911874076,0.0,1,0,-4.053038911874076,4.053038911874076,16.42712442116539,false_negative
464972,2025-01-20 10:00:00,late,51.9380961184518,0.0,0.0400000000000031,0.3399999999999999,0.4964888419071505,1.336898158166925,4.045907091195028,4.168920568030078,0.4137672533233236,0,0.0,4.168920568030078,10,1,0,4.168920568030078,0.0,1,0,-4.168920568030078,4.168920568030078,17.379898702544228,false_negative
307221,2025-01-20 14:00:00,late,51.284379289654666,0.0,0.0200000000000031,0.28,0.4964888419071506,3.0791777543119374,4.268642349059183,4.010711692442435,0.0192295239562095,0,0.0,4.010711692442435,14,1,0,4.010711692442435,0.0,1,0,-4.010711692442435,4.010711692442435,16.085808279894458,false_negative
359947,2025-01-26 11:00:00,initial,51.76307816246095,0.01,0.7400000000000031,1.94,0.4940550254030456,1.6868093696122466,3.956493592741875,4.4981164816234696,0.3969779234061608,0,0.0,4.4981164816234696,11,1,0,4.4981164816234696,0.0,1,0,-4.4981164816234696,4.4981164816234696,20.2330518822527,false_negative
622873,2025-01-26 12:00:00,initial,53.920107267700566,0.01,0.4700000000000031,1.95,0.5114833995936284,2.198292768694392,3.939882729463736,4.275804962053648,0.4299241387937848,0,0.0,4.275804962053648,12,1,0,4.275804962053648,0.0,1,0,-4.275804962053648,4.275804962053648,18.2825080735226,false_negative
149608,2025-01-26 12:00:00,initial,52.918162190459896,0.01,0.4700000000000031,1.95,0.5114833995936284,2.198292768694392,3.939882729463736,4.138568112567306,0.4265392672288586,0,0.0,4.138568112567306,12,1,0,4.138568112567306,0.0,1,0,-4.138568112567306,4.138568112567306,17.127746022358913,false_negative
622897,2025-01-27 12:00:00,initial,55.24010086023261,0.01,0.0400000000000031,0.13,0.5282938597601238,2.2705420597794825,3.957351435647208,4.026442962104042,0.0070424363334724,0,0.0,4.026442962104042,12,1,0,4.026442962104042,0.0,1,0,-4.026442962104042,4.026442962104042,16.212242927077174,false_negative
675505,2025-01-28 11:00:00,initial,55.64940277267334,0.03,0.2700000000000031,0.62,0.5098194991338647,1.7406326496698852,4.011174715785959,4.610188609886414,0.1875685532182959,0,0.0,4.610188609886414,11,1,0,4.610188609886414,0.0,1,0,-4.610188609886414,4.610188609886414,21.253839018726428,false_negative
149659,2025-01-28 15:00:00,initial,49.88053071288329,0.0,0.0800000000000031,0.5800000000000001,0.3732137761967308,2.834840074629754,4.009441016143764,4.035240916363197,0.0633448485719768,0,0.0,4.035240916363197,15,1,0,4.035240916363197,0.0,1,0,-4.035240916363197,4.035240916363197,16.283169253091692,false_negative
622942,2025-01-29 09:00:00,initial,52.05756391036747,0.02,0.0800000000000031,0.1999999999999999,0.363444666644209,0.753468837894523,3.9888166333475343,4.606355892264212,0.2331160915666507,0,0.0,4.606355892264212,9,1,0,4.606355892264212,0.0,1,0,-4.606355892264212,4.606355892264212,21.21851460619722,false_negative
728115,2025-01-29 12:00:00,initial,53.86410488390013,0.02,0.1000000000000031,0.19,0.513988376527508,2.2090588515894938,3.949691507496323,4.387914813547063,0.3342719968480038,0,0.0,4.387914813547063,12,1,0,4.387914813547063,0.0,1,0,-4.387914813547063,4.387914813547063,19.253796410945757,false_negative
465213,2025-01-30 11:00:00,initial,54.75341998732745,0.0,0.0200000000000031,0.15,0.5163473861313248,1.7629202500077277,3.97197910788853,4.010566679297103,0.4161917649823736,0,0.0,4.010566679297103,11,1,0,4.010566679297103,0.0,1,0,-4.010566679297103,4.010566679297103,16.08464508908819,false_negative
675554,2025-01-30 12:00:00,initial,55.53485045792507,0.0,0.0100000000000031,0.13,0.534562149659911,2.2974823991330764,3.992552881020932,4.102557004137211,0.0354416860167302,0,0.0,4.102557004137211,12,1,0,4.102557004137211,0.0,1,0,-4.102557004137211,4.102557004137211,16.830973972195284,false_negative
570384,2025-01-30 12:00:00,initial,53.54055094597855,0.0,0.0100000000000031,0.13,0.534562149659911,2.2974823991330764,3.992552881020932,4.060123597051636,0.1661311091005391,0,0.0,4.060123597051636,12,1,0,4.060123597051636,0.0,1,0,-4.060123597051636,4.060123597051636,16.484603623335513,false_negative
307459,2025-01-30 12:00:00,initial,53.68009232346591,0.0,0.0100000000000031,0.13,0.534562149659911,2.2974823991330764,3.992552881020932,4.0022598601167765,0.2493762564224076,0,0.0,4.0022598601167765,12,1,0,4.0022598601167765,0.0,1,0,-4.0022598601167765,4.0022598601167765,16.01808398790196,false_negative
675579,2025-01-31 13:00:00,initial,53.5980595801508,0.0,0.0,0.05,0.503637057236072,2.609615835155432,3.99113784850096,4.185687493158795,0.3977123225048816,0,0.0,4.185687493158795,13,1,0,4.185687493158795,0.0,1,0,-4.185687493158795,4.185687493158795,17.51997979038596,false_negative
728164,2025-01-31 13:00:00,initial,54.6031811788344,0.0,0.0,0.05,0.503637057236072,2.609615835155432,3.99113784850096,4.147031127628999,0.2348660279139618,0,0.0,4.147031127628999,13,1,0,4.147031127628999,0.0,1,0,-4.147031127628999,4.147031127628999,17.197867173523846,false_negative
623016,2025-02-01 11:00:00,initial,53.87393416399881,0.0,0.0,0.0,0.5175936649220597,1.767175311960889,4.008103239370275,4.130223556622688,0.0602263033179438,0,0.0,4.130223556622688,11,1,0,4.130223556622688,0.0,1,0,-4.130223556622688,4.130223556622688,17.058746627680968,false_negative
675603,2025-02-01 13:00:00,initial,53.19882460182352,0.0,0.0,0.0,0.5175936649220597,2.6819325638375577,4.036508790552384,4.167351987608541,0.3506513446692303,0,0.0,4.167351987608541,13,1,0,4.167351987608541,0.0,1,0,-4.167351987608541,4.167351987608541,17.366822588624856,false_negative
728188,2025-02-01 13:00:00,initial,54.00916708337158,0.0,0.0,0.0,0.5175936649220597,2.6819325638375577,4.036508790552384,4.184797747216024,0.2944722666084782,0,0.0,4.184797747216024,13,1,0,4.184797747216024,0.0,1,0,-4.184797747216024,4.184797747216024,17.51253218510431,false_negative
307508,2025-02-01 13:00:00,initial,52.37077956253093,0.0,0.0,0.0,0.5175936649220597,2.6819325638375577,4.036508790552384,4.09931352513933,0.2769995808758319,0,0.0,4.09931352513933,13,1,0,4.09931352513933,0.0,1,0,-4.09931352513933,4.09931352513933,16.80437137739024,false_negative
623040,2025-02-02 11:00:00,initial,54.3476302441438,0.01,0.0300000000000031,0.03,0.5143180482407733,1.7559916570537366,4.059019367294723,4.012357721333473,0.3243799912268854,0,0.0,4.012357721333473,11,1,0,4.012357721333473,0.0,1,0,-4.012357721333473,4.012357721333473,16.099014483944337,false_negative
465286,2025-02-02 12:00:00,initial,53.74634014657143,0.01,0.0400000000000031,0.04,0.5324612244798934,2.288452881001169,4.055628199368553,4.0121453478253954,0.1244188825499894,0,0.0,4.0121453478253954,12,1,0,4.0121453478253954,0.0,1,0,-4.0121453478253954,4.0121453478253954,16.097310292076962,false_negative
254947,2025-02-02 13:00:00,initial,51.94095751043218,0.02,0.0600000000000031,0.06,0.5143180482407733,2.664959823173287,4.052352582687266,4.003862307621496,0.3298399158229793,0,0.0,4.003862307621496,13,1,0,4.003862307621496,0.0,1,0,-4.003862307621496,4.003862307621496,16.030913378392132,false_negative
570458,2025-02-02 14:00:00,initial,52.88342892267746,0.04,0.1000000000000031,0.1,0.4611249470010926,2.8598541576682024,4.04941574511425,4.036800029891317,0.2297828853989901,0,0.0,4.036800029891317,14,1,0,4.036800029891317,0.0,1,0,-4.036800029891317,4.036800029891317,16.29575448133054,false_negative
412703,2025-02-02 14:00:00,initial,52.39877288770516,0.04,0.1000000000000031,0.1,0.4611249470010926,2.8598541576682024,4.04941574511425,4.167383940083546,0.3593549573760668,0,0.0,4.167383940083546,14,1,0,4.167383940083546,0.0,1,0,-4.167383940083546,4.167383940083546,17.36708890406626,false_negative
307533,2025-02-02 14:00:00,initial,51.23158693167893,0.04,0.1000000000000031,0.1,0.4611249470010926,2.8598541576682024,4.04941574511425,4.195618299044028,0.2055593608313611,0,0.0,4.195618299044028,14,1,0,4.195618299044028,0.0,1,0,-4.195618299044028,4.195618299044028,17.603212911273104,false_negative
675649,2025-02-03 11:00:00,initial,51.45405774872722,0.0,1.210000000000003,2.9600000000000004,0.4887639164422792,1.66874439362424,3.957197280856215,4.786366698824885,0.2516622656463443,0,0.0,4.786366698824885,11,1,0,4.786366698824885,0.0,1,0,-4.786366698824885,4.786366698824885,22.90930617561983,false_negative
728258,2025-02-04 11:00:00,initial,54.701986592585605,0.03,0.2500000000000031,0.25,0.5158558379725658,1.7612419996162176,3.935992039493596,4.064468705752873,0.0463006769064708,0,0.0,4.064468705752873,11,1,0,4.064468705752873,0.0,1,0,-4.064468705752873,4.064468705752873,16.51990586004443,false_negative
202412,2025-02-04 15:00:00,initial,51.643981127978265,0.0,0.1200000000000031,0.29,0.3776326829200359,2.868405003537075,4.03525419744795,4.007020520292297,0.1003940590254024,0,0.0,4.007020520292297,15,1,0,4.007020520292297,0.0,1,0,-4.007020520292297,4.007020520292297,16.05621345004355,false_negative
623112,2025-02-05 11:00:00,initial,53.724884733995125,0.03,0.3800000000000031,0.6900000000000001,0.5034559056635984,1.7189059825212376,4.014201249494663,4.456388960907525,0.3657078908220821,0,0.0,4.456388960907525,11,1,0,4.456388960907525,0.0,1,0,-4.456388960907525,4.456388960907525,19.859402570898446,false_negative
465357,2025-02-05 11:00:00,initial,53.34654629648502,0.03,0.3800000000000031,0.6900000000000001,0.5034559056635984,1.7189059825212376,4.014201249494663,4.3784489122571735,0.1963007974094257,0,0.0,4.3784489122571735,11,1,0,4.3784489122571735,0.0,1,0,-4.3784489122571735,4.3784489122571735,19.170814877246027,false_negative
728283,2025-02-05 12:00:00,initial,53.780546291404896,0.02,0.2900000000000031,0.6900000000000001,0.5212159070019228,2.2401218890019448,4.0013638949369446,4.13974288993353,0.21027530528718,0,0.0,4.13974288993353,12,1,0,4.13974288993353,0.0,1,0,-4.13974288993353,4.13974288993353,17.13747119475521,false_negative
570528,2025-02-05 12:00:00,initial,54.403160494090805,0.02,0.2900000000000031,0.6900000000000001,0.5212159070019228,2.2401218890019448,4.0013638949369446,4.121987661273792,0.3107548852994231,0,0.0,4.121987661273792,12,1,0,4.121987661273792,0.0,1,0,-4.121987661273792,4.121987661273792,16.990782279693384,false_negative
412773,2025-02-05 12:00:00,initial,53.8287070298248,0.02,0.2900000000000031,0.6900000000000001,0.5212159070019228,2.2401218890019448,4.0013638949369446,4.109592501643377,0.2617175469134898,0,0.0,4.109592501643377,12,1,0,4.109592501643377,0.0,1,0,-4.109592501643377,4.109592501643377,16.888750529563467,false_negative
255063,2025-02-07 09:00:00,initial,51.226815802866994,0.0,0.0800000000000031,1.42,0.3387195607984674,0.7022104250515926,3.3701824270894765,4.0389014338704925,0.0416652010394034,0,0.0,4.0389014338704925,9,1,0,4.0389014338704925,0.0,1,0,-4.0389014338704925,4.0389014338704925,16.31272479252112,false_negative
623159,2025-02-07 10:00:00,initial,54.17938517501916,0.02,0.0800000000000031,1.28,0.4148450448202768,1.1170554693928474,3.408094967748968,4.309839998204744,0.1994789956118351,0,0.0,4.309839998204744,10,1,0,4.309839998204744,0.0,1,0,-4.309839998204744,4.309839998204744,18.574720810125466,false_negative
202483,2025-02-07 14:00:00,initial,52.05265946929742,0.37,1.000000000000003,1.85,0.4148450448202768,2.5728304962310125,3.5743570285098576,4.00405475066945,0.0564482103273191,0,0.0,4.00405475066945,14,1,0,4.00405475066945,0.0,1,0,-4.00405475066945,4.00405475066945,16.032454446358592,false_negative
465432,2025-02-08 14:00:00,development,50.01217002179625,0.06,0.2700000000000031,1.78,0.5487711776042384,3.4034279517656167,4.58647649640628,4.031910333619319,0.0440796544769613,0,0.0,4.031910333619319,14,1,0,4.031910333619319,0.0,1,0,-4.031910333619319,4.031910333619319,16.256300938346246,false_negative
623206,2025-02-09 09:00:00,development,50.57891734747714,0.02,0.1300000000000031,0.73,0.4497183223294351,0.9323255306897852,4.816591602517732,4.51611700631765,0.2482536641338728,0,0.0,4.51611700631765,9,1,0,4.51611700631765,0.0,1,0,-4.51611700631765,4.51611700631765,20.39531281475149,false_negative
623375,2025-02-16 10:00:00,development,51.804024311310606,0.13,0.1800000000000031,0.2,0.5365407957750644,1.4447462684110914,4.876318281146292,4.5109907037558585,0.240070209842291,0,0.0,4.5109907037558585,10,1,0,4.5109907037558585,0.0,1,0,-4.5109907037558585,4.5109907037558585,20.349037129371776,false_negative
728546,2025-02-16 11:00:00,development,51.81548751650337,0.26,0.4400000000000031,0.46,0.5984334976435978,2.043179765435145,4.8450465831319605,4.219534791729657,0.1757581963926478,0,0.0,4.219534791729657,11,1,0,4.219534791729657,0.0,1,0,-4.219534791729657,4.219534791729657,17.804473858617044,false_negative
675961,2025-02-16 11:00:00,development,51.56761560681576,0.26,0.4400000000000031,0.46,0.5984334976435978,2.043179765435145,4.8450465831319605,4.258624414247571,0.3483114372081478,0,0.0,4.258624414247571,11,1,0,4.258624414247571,0.0,1,0,-4.258624414247571,4.258624414247571,18.135881901625464,false_negative
97571,2025-02-18 08:00:00,development,48.38247591285305,0.0,0.0,0.12,0.327773863916897,0.4974421037923667,4.8880293646471324,4.07557487585175,0.1109579064477336,0,0.0,4.07557487585175,8,1,0,4.07557487585175,0.0,1,0,-4.07557487585175,4.07557487585175,16.610310568674006,false_negative
570837,2025-02-18 09:00:00,development,49.73652147737375,0.01,0.0100000000000031,0.1,0.4635422434711722,0.9609843466079911,4.897477194316922,4.053581361719708,0.0587569877317574,0,0.0,4.053581361719708,9,1,0,4.053581361719708,0.0,1,0,-4.053581361719708,4.053581361719708,16.4315218560814,false_negative
202746,2025-02-18 13:00:00,development,51.20945525644345,0.0,0.0200000000000031,0.03,0.6332104800689056,3.281005779921463,4.948221574765586,4.010260072536589,0.0198761846064408,0,0.0,4.010260072536589,13,1,0,4.010260072536589,0.0,1,0,-4.010260072536589,4.010260072536589,16.08218584938117,false_negative
44992,2025-02-18 14:00:00,development,49.072619184921,0.0,0.0200000000000031,0.02,0.5677209852173385,3.520952901221905,4.959792755696441,4.14031409463556,0.3627099689595295,0,0.0,4.14031409463556,14,1,0,4.14031409463556,0.0,1,0,-4.14031409463556,4.14031409463556,17.142200802237877,false_negative
623470,2025-02-20 09:00:00,development,50.782147493015415,0.1,0.3100000000000031,0.57,0.4582693062777184,0.9500528507736288,4.921710813154111,4.580746972000661,0.3646226378475216,0,0.0,4.580746972000661,9,1,0,4.580746972000661,0.0,1,0,-4.580746972000661,4.580746972000661,20.983242821493224,false_negative
728641,2025-02-20 10:00:00,development,51.39966366830744,0.09,0.3700000000000031,0.65,0.561262982434162,1.5113158325597,4.921855845180731,4.509021810463594,0.3286663415096713,0,0.0,4.509021810463594,10,1,0,4.509021810463594,0.0,1,0,-4.509021810463594,4.509021810463594,20.331277687236383,false_negative
413156,2025-02-21 11:00:00,development,51.243201569017565,0.33,1.8600000000000032,4.09,0.6095862122488235,2.081257514927439,4.866671535667676,4.088401561870168,0.3908505139841179,0,0.0,4.088401561870168,11,1,0,4.088401561870168,0.0,1,0,-4.088401561870168,4.088401561870168,16.715027331102434,false_negative
728667,2025-02-21 12:00:00,development,52.68312407652645,0.31,1.8900000000000032,4.32,0.6310900854253497,2.7123475997216984,4.849670953204214,4.003307104287224,0.0488415287749554,0,0.0,4.003307104287224,12,1,0,4.003307104287224,0.0,1,0,-4.003307104287224,4.003307104287224,16.026467771236558,false_negative
465763,2025-02-22 09:00:00,development,49.5865230092959,0.01,0.4100000000000031,2.46,0.4526784032900339,0.9384621698157608,4.806936034272958,4.137507439573941,0.3820024565994139,0,0.0,4.137507439573941,9,1,0,4.137507439573941,0.0,1,0,-4.137507439573941,4.137507439573941,17.11896781252971,false_negative
360618,2025-02-23 10:00:00,mid,49.868801596524726,0.04,0.780000000000003,2.22,0.5866525714279354,1.5796825145419282,4.94948457621048,4.003020969575299,0.2414174019118761,0,0.0,4.003020969575299,10,1,0,4.003020969575299,0.0,1,0,-4.003020969575299,4.003020969575299,16.02417688285957,false_negative
465815,2025-02-24 13:00:00,mid,50.17684110576572,0.17,0.7900000000000031,3.61,0.6289823103553067,3.259097347093097,5.007315171492711,4.145985542834339,0.4143765207818224,0,0.0,4.145985542834339,13,1,0,4.145985542834339,0.0,1,0,-4.145985542834339,4.145985542834339,17.189196121391348,false_negative
308084,2025-02-25 13:00:00,mid,48.69402634600859,0.02,0.6200000000000031,6.12,0.6151533962512545,3.187442267883898,4.870769757647055,4.04938995319041,0.0932158602348383,0,0.0,4.04938995319041,13,1,0,4.04938995319041,0.0,1,0,-4.04938995319041,4.04938995319041,16.39755899299943,false_negative
623615,2025-02-26 10:00:00,mid,50.66714778777017,0.06,0.3500000000000031,0.9000000000000001,0.569629331127503,1.53384394440154,4.886116075608317,4.282539528237194,0.0525319621821443,0,0.0,4.282539528237194,10,1,0,4.282539528237194,0.0,1,0,-4.282539528237194,4.282539528237194,18.34014481091405,false_negative
571030,2025-02-26 10:00:00,mid,48.35115983330314,0.06,0.3500000000000031,0.9000000000000001,0.569629331127503,1.53384394440154,4.886116075608317,4.094859435877176,0.3341296061882762,0,0.0,4.094859435877176,10,1,0,4.094859435877176,0.0,1,0,-4.094859435877176,4.094859435877176,16.76787379959234,false_negative
255543,2025-02-27 09:00:00,mid,48.087490623529305,0.26,0.5200000000000031,0.96,0.4390506422605957,0.9102100197408584,4.942112522328377,4.284888606280031,0.2371797206526408,0,0.0,4.284888606280031,9,1,0,4.284888606280031,0.0,1,0,-4.284888606280031,4.284888606280031,18.360270368228427,false_negative
623640,2025-02-27 11:00:00,mid,49.92883768719959,0.23,0.8800000000000032,1.3199999999999998,0.5997543306485782,2.047689371397915,4.874623580741736,4.9575562899091565,0.2525375413413075,0,0.0,4.9575562899091565,11,1,0,4.9575562899091565,0.0,1,0,-4.9575562899091565,4.9575562899091565,24.57736436761784,false_negative
728811,2025-02-27 12:00:00,mid,51.14439929152385,0.25,1.0700000000000032,1.5300000000000002,0.6209113725963626,2.6686007433733665,4.837783658110313,4.341366801495532,0.3182148729089143,0,0.0,4.341366801495532,12,1,0,4.341366801495532,0.0,1,0,-4.341366801495532,4.341366801495532,18.847465705127547,false_negative
97794,2025-02-27 15:00:00,mid,45.63811941122948,0.08,1.170000000000003,1.92,0.4390506422605957,3.334920720654715,4.744244957401814,4.093717847031055,0.326882878897509,0,0.0,4.093717847031055,15,1,0,4.093717847031055,0.0,1,0,-4.093717847031055,4.093717847031055,16.758525811100576,false_negative
203011,2025-03-01 14:00:00,mid,48.06554281119336,0.05,0.6200000000000031,3.12,0.5516425981443239,3.4212362356665045,4.77713363275644,4.134905664238477,0.0316001911536953,0,0.0,4.134905664238477,14,1,0,4.134905664238477,0.0,1,0,-4.134905664238477,4.134905664238477,17.097444852151444,false_negative
518541,2025-03-02 10:00:00,mid,48.94517674740408,0.07,0.220000000000003,0.98,0.5669318769369196,1.5265804950855832,4.8795282172535215,4.319559095240809,0.1806936992880968,0,0.0,4.319559095240809,10,1,0,4.319559095240809,0.0,1,0,-4.319559095240809,4.319559095240809,18.658590777277595,false_negative
623738,2025-03-03 13:00:00,mid,51.03828168137096,0.35,2.250000000000003,3.27,0.6244879019324726,3.2358093875965306,4.929720919305384,4.060066437502314,0.0276545051220438,0,0.0,4.060066437502314,13,1,0,4.060066437502314,0.0,1,0,-4.060066437502314,4.060066437502314,16.484139476932732,false_negative
623762,2025-03-04 13:00:00,mid,51.97079436617227,0.05,0.4000000000000031,2.02,0.6484010575303355,3.3597163730339976,5.041102085248703,4.038342196729943,0.3755181361145522,0,0.0,4.038342196729943,13,1,0,4.038342196729943,0.0,1,0,-4.038342196729943,4.038342196729943,16.308207697889618,false_negative
466007,2025-03-04 13:00:00,mid,51.38037722444574,0.05,0.4000000000000031,2.02,0.6484010575303355,3.3597163730339976,5.041102085248703,4.052814735510477,0.3893176020372577,0,0.0,4.052814735510477,13,1,0,4.052814735510477,0.0,1,0,-4.052814735510477,4.052814735510477,16.42530728037086,false_negative
676368,2025-03-05 10:00:00,mid,49.95963440582314,0.03,0.4100000000000031,1.2100000000000002,0.5837920500317604,1.5719799732899369,5.105434893950255,4.357043321945326,0.0956465482780851,0,0.0,4.357043321945326,10,1,0,4.357043321945326,0.0,1,0,-4.357043321945326,4.357043321945326,18.983826509308365,false_negative
623785,2025-03-05 12:00:00,mid,51.83290868918817,0.04,0.2900000000000031,1.17,0.6741049943689164,2.897220390024996,5.111000084313004,4.015508474120203,0.3327693141712241,0,0.0,4.015508474120203,12,1,0,4.015508474120203,0.0,1,0,-4.015508474120203,4.015508474120203,16.124308305731162,false_negative
571245,2025-03-07 09:00:00,late,51.56816957324869,0.2,0.6500000000000031,1.44,0.391198047751681,0.8110052656643154,4.906483746115146,4.027662381068993,0.4200452059710218,0,0.0,4.027662381068993,9,1,0,4.027662381068993,0.0,1,0,-4.027662381068993,4.027662381068993,16.222064255878347,false_negative
623832,2025-03-07 11:00:00,late,52.46785435684946,0.07,0.6700000000000031,1.5499999999999998,0.5343864709371752,1.8245095380529512,4.696019504276041,4.045703133507352,0.3217612300772303,0,0.0,4.045703133507352,11,1,0,4.045703133507352,0.0,1,0,-4.045703133507352,4.045703133507352,16.367713844471208,false_negative
518662,2025-03-07 11:00:00,late,51.71595298474447,0.07,0.6700000000000031,1.5499999999999998,0.5343864709371752,1.8245095380529512,4.696019504276041,4.0131759334727874,0.147773143752004,0,0.0,4.0131759334727874,11,1,0,4.0131759334727874,0.0,1,0,-4.0131759334727874,4.0131759334727874,16.10558107300518,false_negative
623857,2025-03-08 12:00:00,late,51.27251467757952,0.01,0.2400000000000031,0.86,0.5745907023586402,2.4695201974444787,4.294029742285757,4.659054351698678,0.2713417488360487,0,0.0,4.659054351698678,12,1,0,4.659054351698678,0.0,1,0,-4.659054351698678,4.659054351698678,21.70678745208239,false_negative
676465,2025-03-09 11:00:00,late,52.18465056487776,0.0,0.0700000000000031,0.1599999999999999,0.5513303472780136,1.8823595505003727,4.351879754817076,4.215364270173168,0.1184854790473738,0,0.0,4.215364270173168,11,1,0,4.215364270173168,0.0,1,0,-4.215364270173168,4.215364270173168,17.769295930252568,false_negative
729073,2025-03-10 10:00:00,late,53.37174956596386,0.01,0.0700000000000031,0.07,0.4798718767446898,1.2921535672619555,4.296622646718795,4.098600380670696,0.3052568642253218,0,0.0,4.098600380670696,10,1,0,4.098600380670696,0.0,1,0,-4.098600380670696,4.098600380670696,16.798525080433976,false_negative
623905,2025-03-10 12:00:00,late,52.52667225691141,0.02,0.0900000000000031,0.11,0.5541083143444344,2.381489411903845,4.263848969136876,4.051978929178084,0.3771734745156798,0,0.0,4.051978929178084,12,1,0,4.051978929178084,0.0,1,0,-4.051978929178084,4.051978929178084,16.41853324250317,false_negative
729121,2025-03-12 10:00:00,late,52.400034975334094,0.0,0.0,0.0,0.5061607372727273,1.3629417225107965,4.484210152554345,4.405958056605719,0.3735344811889629,0,0.0,4.405958056605719,10,1,0,4.405958056605719,0.0,1,0,-4.405958056605719,4.405958056605719,19.412466396568846,false_negative
676537,2025-03-12 11:00:00,late,54.46355626820736,0.0,0.0,0.0,0.5645489453200265,1.9274906672463588,4.475995670476872,4.39898490100056,0.0506443331377983,0,0.0,4.39898490100056,11,1,0,4.39898490100056,0.0,1,0,-4.39898490100056,4.39898490100056,19.351068159230906,false_negative
518783,2025-03-12 12:00:00,late,52.28465627375298,0.0,0.0,0.0,0.5844640757448403,2.511954742406735,4.4674914128479575,4.410087673852804,0.3159494619130753,0,0.0,4.410087673852804,12,1,0,4.410087673852804,0.0,1,0,-4.410087673852804,4.410087673852804,19.448873291068434,false_negative
623953,2025-03-12 12:00:00,late,51.90825451542332,0.0,0.0,0.0,0.5844640757448403,2.511954742406735,4.4674914128479575,4.393079158594958,0.1433655207126161,0,0.0,4.393079158594958,12,1,0,4.393079158594958,0.0,1,0,-4.393079158594958,4.393079158594958,19.299144493681382,false_negative
729145,2025-03-13 10:00:00,late,52.73221829177104,0.02,0.0600000000000031,0.12,0.5086118760049225,1.3695419168754788,4.446045611045501,4.395588960075067,0.2861581837806052,0,0.0,4.395588960075067,10,1,0,4.395588960075067,0.0,1,0,-4.395588960075067,4.395588960075067,19.321202305933806,false_negative
624001,2025-03-14 12:00:00,late,54.28127332249654,0.0,0.0300000000000031,0.27,0.5889763487968638,2.5313479372367502,4.4681726959202175,4.320889687009277,0.3289258107240978,0,0.0,4.320889687009277,12,1,0,4.320889687009277,0.0,1,0,-4.320889687009277,4.320889687009277,18.67008768730313,false_negative
676608,2025-03-15 10:00:00,initial,53.96668137820295,0.0,0.0,0.0,0.4562068101326673,1.2284305159140518,4.328685925714973,4.203209806846104,0.2138997034304537,0,0.0,4.203209806846104,10,1,0,4.203209806846104,0.0,1,0,-4.203209806846104,4.203209806846104,17.666972680367262,false_negative
729216,2025-03-16 09:00:00,initial,52.96883763091189,0.0,0.0,0.0,0.3737703486053821,0.7748753415573482,4.003960079700862,4.017549962995034,0.0197012360567481,0,0.0,4.017549962995034,9,1,0,4.017549962995034,0.0,1,0,-4.017549962995034,4.017549962995034,16.140707705161397,false_negative
624048,2025-03-16 11:00:00,initial,55.18371185700232,0.0,0.0,0.0,0.5105797911828397,1.7432284490968954,4.007273798822766,4.022561902428741,0.0303520781067218,0,0.0,4.022561902428741,11,1,0,4.022561902428741,0.0,1,0,-4.022561902428741,4.022561902428741,16.181004258871134,false_negative
466293,2025-03-16 11:00:00,initial,54.90531520243268,0.0,0.0,0.0,0.5105797911828397,1.7432284490968954,4.007273798822766,4.018084672086975,0.1071381180605957,0,0.0,4.018084672086975,11,1,0,4.018084672086975,0.0,1,0,-4.018084672086975,4.018084672086975,16.145004432060297,false_negative
308538,2025-03-16 11:00:00,initial,54.06580549531781,0.0,0.0,0.0,0.5105797911828397,1.7432284490968954,4.007273798822766,4.015136252105819,0.0660114935605974,0,0.0,4.015136252105819,11,1,0,4.015136252105819,0.0,1,0,-4.015136252105819,4.015136252105819,16.121319122974363,false_negative
466318,2025-03-17 12:00:00,initial,53.39018508921137,0.0,0.0,0.19,0.5106744564355332,2.194816030453936,3.938044485768513,4.360346323011264,0.4222291391865561,0,0.0,4.360346323011264,12,1,0,4.360346323011264,0.0,1,0,-4.360346323011264,4.360346323011264,19.01262005659785,false_negative
676682,2025-03-18 12:00:00,initial,53.72582190104659,0.0,0.0,0.0,0.493874611848737,2.1226123638252923,3.8067539443648686,4.323062452682819,0.4204387913668268,0,0.0,4.323062452682819,12,1,0,4.323062452682819,0.0,1,0,-4.323062452682819,4.323062452682819,18.688868969795994,false_negative
518928,2025-03-18 13:00:00,initial,53.25531656988358,0.0,0.0,0.0,0.4770462425500125,2.471834450570186,3.790526540600268,4.056809743187625,0.1698506056507828,0,0.0,4.056809743187625,13,1,0,4.056809743187625,0.0,1,0,-4.056809743187625,4.056809743187625,16.45770529242204,false_negative
466343,2025-03-18 13:00:00,initial,53.17675954086311,0.0,0.0,0.0,0.4770462425500125,2.471834450570186,3.790526540600268,4.075725613498207,0.3959910324726586,0,0.0,4.075725613498207,13,1,0,4.075725613498207,0.0,1,0,-4.075725613498207,4.075725613498207,16.61153927652534,false_negative
413758,2025-03-18 13:00:00,initial,51.53196569523805,0.0,0.0,0.0,0.4770462425500125,2.471834450570186,3.790526540600268,4.115659117487262,0.3653502734792356,0,0.0,4.115659117487262,13,1,0,4.115659117487262,0.0,1,0,-4.115659117487262,4.115659117487262,16.938649971356025,false_negative
466367,2025-03-19 13:00:00,initial,54.9791837910657,0.0,0.0,0.0,0.5025394884186473,2.6039287378202136,3.8902753043192666,4.048014763131452,0.2720496045699783,0,0.0,4.048014763131452,13,1,0,4.048014763131452,0.0,1,0,-4.048014763131452,4.048014763131452,16.386423522530183,false_negative
413782,2025-03-19 13:00:00,initial,54.57713309090142,0.0,0.0,0.0,0.5025394884186473,2.6039287378202136,3.8902753043192666,4.017741533662431,0.2203458947889601,0,0.0,4.017741533662431,13,1,0,4.017741533662431,0.0,1,0,-4.017741533662431,4.017741533662431,16.142247031316142,false_negative
308612,2025-03-19 13:00:00,initial,52.29310081225429,0.0,0.0,0.0,0.5025394884186473,2.6039287378202136,3.8902753043192666,4.004994910728115,0.2742906011798975,0,0.0,4.004994910728115,13,1,0,4.004994910728115,0.0,1,0,-4.004994910728115,4.004994910728115,16.0399842349581,false_negative
624142,2025-03-20 09:00:00,initial,52.4555638698175,0.0,0.0,0.0,0.3747688201681136,0.7769453050953701,3.966093677790441,4.026332017635561,0.0701457192539469,0,0.0,4.026332017635561,9,1,0,4.026332017635561,0.0,1,0,-4.026332017635561,4.026332017635561,16.211349516237245,false_negative
571559,2025-03-20 11:00:00,initial,54.68327632039383,0.0,0.0,0.0,0.5119437287019706,1.7478852230765929,3.983929529247173,4.052698036318965,0.2041668589585747,0,0.0,4.052698036318965,11,1,0,4.052698036318965,0.0,1,0,-4.052698036318965,4.052698036318965,16.424361373583597,false_negative
676730,2025-03-20 12:00:00,initial,54.40700584305037,0.0,0.0,0.0,0.5300031480167754,2.277888370563365,3.9936655152070073,4.084940383580438,0.3312873288814912,0,0.0,4.084940383580438,12,1,0,4.084940383580438,0.0,1,0,-4.084940383580438,4.084940383580438,16.686737937406296,false_negative
98295,2025-03-20 12:00:00,initial,52.587318987630006,0.0,0.0,0.0,0.5300031480167754,2.277888370563365,3.9936655152070073,4.01922247835158,0.252422971429127,0,0.0,4.01922247835158,12,1,0,4.01922247835158,0.0,1,0,-4.01922247835158,4.01922247835158,16.154149330486614,false_negative
45710,2025-03-20 12:00:00,initial,52.581139810738,0.0,0.0,0.0,0.5300031480167754,2.277888370563365,3.9936655152070073,4.01922247835158,0.3987863886460883,0,0.0,4.01922247835158,12,1,0,4.01922247835158,0.0,1,0,-4.01922247835158,4.01922247835158,16.154149330486614,false_negative
518976,2025-03-20 13:00:00,initial,54.67792144561198,0.0,0.0,0.0,0.5119437287019706,2.6526571902014755,4.003069755490331,4.0665483774027535,0.0908914929128295,0,0.0,4.0665483774027535,13,1,0,4.0665483774027535,0.0,1,0,-4.0665483774027535,4.0665483774027535,16.53681570575697,false_negative
308636,2025-03-20 13:00:00,initial,54.18458322439481,0.0,0.0,0.0,0.5119437287019706,2.6526571902014755,4.003069755490331,4.045388836765291,0.2939775539128096,0,0.0,4.045388836765291,13,1,0,4.045388836765291,0.0,1,0,-4.045388836765291,4.045388836765291,16.365170840625233,false_negative
256051,2025-03-20 13:00:00,initial,52.5486070485029,0.0,0.0,0.0,0.5119437287019706,2.6526571902014755,4.003069755490331,4.045388836765291,0.1742744970909517,0,0.0,4.045388836765291,13,1,0,4.045388836765291,0.0,1,0,-4.045388836765291,4.045388836765291,16.365170840625233,false_negative
624166,2025-03-21 09:00:00,initial,52.3260884166641,0.0,0.0,0.0,0.3789177952104475,0.7855466788133147,4.034374973741415,4.070678505361819,0.1569315189234269,0,0.0,4.070678505361819,9,1,0,4.070678505361819,0.0,1,0,-4.070678505361819,4.070678505361819,16.570423494014733,false_negative
729338,2025-03-21 11:00:00,initial,55.13776425892021,0.0,0.0,0.0,0.5176113340073185,1.7672356379914618,4.0451240149500745,4.105342321319384,0.3211362205958315,0,0.0,4.105342321319384,11,1,0,4.105342321319384,0.0,1,0,-4.105342321319384,4.105342321319384,16.853835575216028,false_negative
676754,2025-03-21 12:00:00,initial,54.537493850485056,0.0,0.0,0.0,0.535870684789161,2.3031063222447523,4.05099155172246,4.105999708963566,0.0611602778407371,0,0.0,4.105999708963566,12,1,0,4.105999708963566,0.0,1,0,-4.105999708963566,4.105999708963566,16.859233610008886,false_negative
45734,2025-03-21 12:00:00,initial,52.53006227938143,0.0,0.0,0.0,0.535870684789161,2.3031063222447523,4.05099155172246,4.066393835749977,0.2096481986083917,0,0.0,4.066393835749977,12,1,0,4.066393835749977,0.0,1,0,-4.066393835749977,4.066393835749977,16.535558827425415,false_negative
466415,2025-03-21 13:00:00,initial,53.7001385977485,0.0,0.0,0.0,0.5176113340073185,2.682024116919329,4.056659157027807,4.091727464854628,0.0786681967390976,0,0.0,4.091727464854628,13,1,0,4.091727464854628,0.0,1,0,-4.091727464854628,4.091727464854628,16.742233646645683,false_negative
413830,2025-03-21 13:00:00,initial,53.85737180113637,0.0,0.0,0.0,0.5176113340073185,2.682024116919329,4.056659157027807,4.084997183554556,0.3562768283271296,0,0.0,4.084997183554556,13,1,0,4.084997183554556,0.0,1,0,-4.084997183554556,4.084997183554556,16.687201989648656,false_negative
308660,2025-03-21 13:00:00,initial,53.48221862328364,0.0,0.0,0.0,0.5176113340073185,2.682024116919329,4.056659157027807,4.082163380901879,0.2018170158742576,0,0.0,4.082163380901879,13,1,0,4.082163380901879,0.0,1,0,-4.082163380901879,4.082163380901879,16.66405786837626,false_negative
150930,2025-03-22 14:00:00,initial,51.47735273606891,0.06,0.7900000000000031,1.67,0.4224360087673402,2.619908950662729,3.775597766430678,4.083293773129814,0.2326800996220324,0,0.0,4.083293773129814,14,1,0,4.083293773129814,0.0,1,0,-4.083293773129814,4.083293773129814,16.67328803768071,false_negative
676802,2025-03-23 12:00:00,initial,52.7317201416097,0.16,0.8700000000000032,2.41,0.4804593379351907,2.064955165844608,3.673617014513336,4.5188202109005005,0.3114872447699018,0,0.0,4.5188202109005005,12,1,0,4.5188202109005005,0.0,1,0,-4.5188202109005005,4.5188202109005005,20.419736098442844,false_negative
45806,2025-03-24 12:00:00,initial,51.71011501402082,0.0,0.1400000000000031,1.44,0.5104585463399562,2.1938880754075507,3.7783839097729386,4.036148785330767,0.363189585640447,0,0.0,4.036148785330767,12,1,0,4.036148785330767,0.0,1,0,-4.036148785330767,4.036148785330767,16.290497017327027,false_negative
466487,2025-03-24 13:00:00,initial,54.8122788762775,0.0,0.0900000000000031,1.3,0.4930650931771322,2.554836774678213,3.807360919940352,4.031203591296119,0.3333728197756773,0,0.0,4.031203591296119,13,1,0,4.031203591296119,0.0,1,0,-4.031203591296119,4.031203591296119,16.25060239447873,false_negative
361317,2025-03-24 13:00:00,initial,52.8050619517888,0.0,0.0900000000000031,1.3,0.4930650931771322,2.554836774678213,3.807360919940352,4.056793391722309,0.3775110962181997,0,0.0,4.056793391722309,13,1,0,4.056793391722309,0.0,1,0,-4.056793391722309,4.056793391722309,16.45757262312179,false_negative
256148,2025-03-24 14:00:00,initial,52.378896698877085,0.0,0.0500000000000031,1.19,0.4420700687776666,2.741677570030672,3.833340996516321,4.194897345618685,0.1361778013460046,0,0.0,4.194897345618685,14,1,0,4.194897345618685,0.0,1,0,-4.194897345618685,4.194897345618685,17.59716374027869,false_negative
203588,2025-03-25 15:00:00,initial,50.66030189995345,0.0,0.0400000000000031,0.38,0.363107559506418,2.7580757376630265,3.8981913803470194,4.0183587810583,0.3624894908881617,0,0.0,4.0183587810583,15,1,0,4.0183587810583,0.0,1,0,-4.0183587810583,4.0183587810583,16.147207293308345,false_negative
98418,2025-03-25 15:00:00,initial,49.46330942330165,0.0,0.0400000000000031,0.38,0.363107559506418,2.7580757376630265,3.8981913803470194,4.132071623020167,0.1304463447888093,0,0.0,4.132071623020167,15,1,0,4.132071623020167,0.0,1,0,-4.132071623020167,4.132071623020167,17.074015897768515,false_negative
361360,2025-03-26 08:00:00,initial,52.45498936137192,0.0,0.0,0.06,0.2631495154641852,0.3993657304465087,3.910211441464487,4.141160404636107,0.4173413009398806,0,0.0,4.141160404636107,8,1,0,4.141160404636107,0.0,1,0,-4.141160404636107,4.141160404636107,17.149209496925884,false_negative
729456,2025-03-26 09:00:00,initial,53.02143967548498,0.0,0.0,0.04,0.372149613483359,0.7715153434035688,3.919253495441428,4.335410934937848,0.3523739723094312,0,0.0,4.335410934937848,9,1,0,4.335410934937848,0.0,1,0,-4.335410934937848,4.335410934937848,18.795787974778662,false_negative
676872,2025-03-26 10:00:00,initial,54.88029812721889,0.0,0.0,0.02,0.4557883303858231,1.2273036732630929,3.930327704673658,4.021398416225807,0.0806679126850925,0,0.0,4.021398416225807,10,1,0,4.021398416225807,0.0,1,0,-4.021398416225807,4.021398416225807,16.17164522202343,false_negative
624288,2025-03-26 11:00:00,initial,53.9568398845728,0.0,0.0,0.01,0.5083658258341895,1.7356694985709833,3.942679380103869,4.0447565401182,0.0179649242970816,0,0.0,4.0447565401182,11,1,0,4.0447565401182,0.0,1,0,-4.0447565401182,4.0447565401182,16.360055468828957,false_negative
203612,2025-03-26 15:00:00,initial,52.78394026591217,0.0,0.0,0.0,0.372149613483359,2.826756956325454,3.9879347141038552,4.019581903023152,0.0133991522439933,0,0.0,4.019581903023152,15,1,0,4.019581903023152,0.0,1,0,-4.019581903023152,4.019581903023152,16.157038675111224,false_negative
98442,2025-03-26 15:00:00,initial,50.246038641602986,0.0,0.0,0.0,0.372149613483359,2.826756956325454,3.9879347141038552,4.011670105793332,0.0981009629632954,0,0.0,4.011670105793332,15,1,0,4.011670105793332,0.0,1,0,-4.011670105793332,4.011670105793332,16.093497037715885,false_negative
45905,2025-03-28 15:00:00,initial,51.27379342440776,0.0,0.0,0.0,0.3713652636892409,2.820799228152736,3.9892366537355226,4.141463232118678,0.3112585657565052,0,0.0,4.141463232118678,15,1,0,4.141463232118678,0.0,1,0,-4.141463232118678,4.141463232118678,17.151717702990886,false_negative
414022,2025-03-29 13:00:00,initial,54.38710956183209,0.0,0.0300000000000031,0.05,0.5038392379165753,2.6106634425501283,3.9703837496687977,4.339050361911852,0.4280892106748593,0,0.0,4.339050361911852,13,1,0,4.339050361911852,0.0,1,0,-4.339050361911852,4.339050361911852,18.827358043207372,false_negative
151099,2025-03-29 15:00:00,initial,52.31937038265036,0.0,0.0200000000000031,0.05,0.3688359211414823,2.801586964098816,3.964756607808483,4.008900638498705,0.0188467403293127,0,0.0,4.008900638498705,15,1,0,4.008900638498705,0.0,1,0,-4.008900638498705,4.008900638498705,16.071284329355326,false_negative
519236,2025-03-31 09:00:00,development,50.33778467310159,0.01,0.1400000000000031,0.2699999999999999,0.4436048453023128,0.9196514846688262,4.915636871885374,4.32905541797826,0.3389890057198487,0,0.0,4.32905541797826,9,1,0,4.32905541797826,0.0,1,0,-4.32905541797826,4.32905541797826,18.74072081192693,false_negative
256314,2025-03-31 12:00:00,development,50.977310178307775,0.01,0.0800000000000031,0.3,0.627351988301092,2.6962817178505336,4.846141052038264,4.0372393023084605,0.1239585783678988,0,0.0,4.0372393023084605,12,1,0,4.0372393023084605,0.0,1,0,-4.0372393023084605,4.0372393023084605,16.299301184104106,false_negative
466675,2025-04-01 09:00:00,development,50.71102430009346,0.04,0.2100000000000031,1.07,0.447130861695632,0.926961382758133,4.772521353664809,4.192463580098465,0.2353249007997634,0,0.0,4.192463580098465,9,1,0,4.192463580098465,0.0,1,0,-4.192463580098465,4.192463580098465,17.57675087045204,false_negative
624431,2025-04-01 10:00:00,development,51.4613735140322,0.04,0.2100000000000031,1.1,0.5476212295605123,1.4745826116863068,4.776839824157848,4.154626440971924,0.0954565549394949,0,0.0,4.154626440971924,10,1,0,4.154626440971924,0.0,1,0,-4.154626440971924,4.154626440971924,17.26092086402304,false_negative
729601,2025-04-01 10:00:00,development,52.71901745168663,0.04,0.2100000000000031,1.1,0.5476212295605123,1.4745826116863068,4.776839824157848,4.121473573146382,0.2238826335009283,0,0.0,4.121473573146382,10,1,0,4.121473573146382,0.0,1,0,-4.121473573146382,4.121473573146382,16.986544414144003,false_negative
256338,2025-04-01 12:00:00,development,50.641553332028806,0.03,0.2000000000000031,1.15,0.6323385285036083,2.7177132545860454,4.786642992325974,4.162207423237287,0.1820921005932175,0,0.0,4.162207423237287,12,1,0,4.162207423237287,0.0,1,0,-4.162207423237287,4.162207423237287,17.32397063405158,false_negative
729673,2025-04-04 10:00:00,development,51.452532047527335,0.16,0.2900000000000031,0.3,0.5475368722008994,1.4743554621732158,4.858666344186084,4.568967864024579,0.3269955381800279,0,0.0,4.568967864024579,10,1,0,4.568967864024579,0.0,1,0,-4.568967864024579,4.568967864024579,20.875467342489323,false_negative
256457,2025-04-06 11:00:00,development,51.18536133499387,0.0,0.0200000000000031,0.02,0.6171054988328559,2.106929965182142,4.762617655799504,4.129854714745836,0.4047070640141267,0,0.0,4.129854714745836,11,1,0,4.129854714745836,0.0,1,0,-4.129854714745836,4.129854714745836,17.05569996490841,false_negative
46216,2025-04-10 14:00:00,development,50.33099992900672,0.0,0.0,0.0,0.5552685863001808,3.443724277943598,4.858658924416684,4.059770088366225,0.0686180825481291,0,0.0,4.059770088366225,14,1,0,4.059770088366225,0.0,1,0,-4.059770088366225,4.059770088366225,16.481733170393106,false_negative
414381,2025-04-13 12:00:00,development,51.82299828814367,0.17,1.3200000000000032,3.11,0.5729678732225785,2.46254547733144,4.246648977276859,4.014814736518673,0.1900280955626701,0,0.0,4.014814736518673,12,1,0,4.014814736518673,0.0,1,0,-4.014814736518673,4.014814736518673,16.1187373685675,false_negative
46289,2025-04-13 15:00:00,development,46.22530667477191,0.04,0.9600000000000032,2.69,0.4051494687255377,3.0774157424260946,4.327854214135386,4.060704664882394,0.349354663935824,0,0.0,4.060704664882394,15,1,0,4.060704664882394,0.0,1,0,-4.060704664882394,4.060704664882394,16.489322375397634,false_negative
677328,2025-04-14 10:00:00,mid,48.41537344049245,0.0,0.4100000000000031,1.6,0.56934596288703,1.5330809172259117,4.549070867681417,4.178381672538947,0.4257396202301355,0,0.0,4.178381672538947,10,1,0,4.178381672538947,0.0,1,0,-4.178381672538947,4.178381672538947,17.45887340140937,false_negative
466990,2025-04-14 12:00:00,mid,49.73161560138331,0.0,0.1400000000000031,1.21,0.6574240897680032,2.825527912832965,4.715105524981607,4.05519731779906,0.2240412926747941,0,0.0,4.05519731779906,12,1,0,4.05519731779906,0.0,1,0,-4.05519731779906,4.05519731779906,16.444625286284687,false_negative
467013,2025-04-15 11:00:00,mid,51.48071191561447,0.0,0.0,0.0,0.6596845890691927,2.252304072654535,5.077831993529784,4.434394743187891,0.4079818950584158,0,0.0,4.434394743187891,11,1,0,4.434394743187891,0.0,1,0,-4.434394743187891,4.434394743187891,19.663856738412402,false_negative
309260,2025-04-15 13:00:00,mid,49.38343322410287,0.0,0.0,0.0,0.6596845890691927,3.418182449263324,5.128025327299932,4.50863480873371,0.1357934152277603,0,0.0,4.50863480873371,13,1,0,4.50863480873371,0.0,1,0,-4.50863480873371,4.50863480873371,20.327787838525257,false_negative
151578,2025-04-18 14:00:00,mid,48.14371504173232,0.06,0.3300000000000031,0.37,0.5722719551562728,3.5491775947370305,5.048664429680407,4.222474651049453,0.2837959172726599,0,0.0,4.222474651049453,14,1,0,4.222474651049453,0.0,1,0,-4.222474651049453,4.222474651049453,17.829292178755196,false_negative
677448,2025-04-19 10:00:00,mid,50.079973813097226,0.0,0.0800000000000031,1.1,0.5774781772945605,1.5549785744249818,5.033313922207308,4.38087225475379,0.1432353558719902,0,0.0,4.38087225475379,10,1,0,4.38087225475379,0.0,1,0,-4.38087225475379,4.38087225475379,19.192041712471553,false_negative
624863,2025-04-19 10:00:00,mid,51.83734274432044,0.0,0.0800000000000031,1.1,0.5774781772945605,1.5549785744249818,5.033313922207308,4.418868365917327,0.1130800672585716,0,0.0,4.418868365917327,10,1,0,4.418868365917327,0.0,1,0,-4.418868365917327,4.418868365917327,19.52639763530487,false_negative
572278,2025-04-19 10:00:00,mid,48.55911333380321,0.0,0.0800000000000031,1.1,0.5774781772945605,1.5549785744249818,5.033313922207308,4.370134421593576,0.2555889175047797,0,0.0,4.370134421593576,10,1,0,4.370134421593576,0.0,1,0,-4.370134421593576,4.370134421593576,19.09807486279702,false_negative
467132,2025-04-20 10:00:00,mid,47.54994207459608,0.0,0.0,0.0,0.5899077479937526,1.588447745878513,5.098427115969737,4.11906133295356,0.4259466769518068,0,0.0,4.11906133295356,10,1,0,4.11906133295356,0.0,1,0,-4.11906133295356,4.11906133295356,16.966666264633158,false_negative
46503,2025-04-22 13:00:00,mid,45.96950298912236,0.64,3.7000000000000033,7.090000000000001,0.5612660024326573,2.908222551614385,4.59208753281005,4.169514983672784,0.2714381815945298,0,0.0,4.169514983672784,13,1,0,4.169514983672784,0.0,1,0,-4.169514983672784,4.169514983672784,17.384855199071854,false_negative
256988,2025-04-28 14:00:00,late,52.04512109628949,0.0,0.0,0.0,0.4978081330161686,3.0873598754221425,4.351478258131971,4.034153004694119,0.0008050633885562,0,0.0,4.034153004694119,14,1,0,4.034153004694119,0.0,1,0,-4.034153004694119,4.034153004694119,16.274390465282586,false_negative
309619,2025-04-30 12:00:00,late,50.35357481246513,0.0,0.0,0.0,0.5581535589391086,2.398875375841554,4.291909123723103,4.2205287623023935,0.2782190642547522,0,0.0,4.2205287623023935,12,1,0,4.2205287623023935,0.0,1,0,-4.2205287623023935,4.2205287623023935,17.812863033421774,false_negative
257035,2025-04-30 13:00:00,late,51.616338894528745,0.0,0.0,0.0,0.5391349376334612,2.793549541916129,4.276587316036763,4.207639181448222,0.3359776336312373,0,0.0,4.207639181448222,13,1,0,4.207639181448222,0.0,1,0,-4.207639181448222,4.207639181448222,17.704227481258265,false_negative
205046,2025-05-25 09:00:00,development,47.93384532572517,0.15,0.5800000000000036,2.3300000000000005,0.360124627988349,0.746585958883274,3.8853515985351534,4.050193117619664,0.3863327174167661,0,0.0,4.050193117619664,9,1,0,4.050193117619664,0.0,1,0,-4.050193117619664,4.050193117619664,16.404064290013697,false_negative
415391,2025-05-25 14:00:00,development,49.394946409567375,0.05,0.6800000000000037,1.7500000000000002,0.4410607910760734,2.735418123323408,3.872503684795424,4.037276646137581,0.0975749370242477,0,0.0,4.037276646137581,14,1,0,4.037276646137581,0.0,1,0,-4.037276646137581,4.037276646137581,16.299602717447915,false_negative
47297,2025-05-25 15:00:00,development,48.5435400475535,0.03,0.5600000000000037,1.6700000000000002,0.360124627988349,2.7354181233234085,3.870555778077777,4.053974374643364,0.0990108236912584,0,0.0,4.053974374643364,15,1,0,4.053974374643364,0.0,1,0,-4.053974374643364,4.053974374643364,16.434708230265052,false_negative
520609,2025-05-27 14:00:00,development,50.366974315365,0.0,0.0100000000000036,0.4100000000000002,0.4646862668186253,2.8819411329081968,4.035137101440266,4.04836900592348,0.0614840142983621,0,0.0,4.04836900592348,14,1,0,4.04836900592348,0.0,1,0,-4.04836900592348,4.04836900592348,16.389291608121862,false_negative
625798,2025-05-28 09:00:00,development,50.628180580851776,0.01,0.1100000000000036,0.3500000000000002,0.3522709953907567,0.7303043403326535,4.019407656653467,4.036393753162422,0.0772392106824442,0,0.0,4.036393753162422,9,1,0,4.036393753162422,0.0,1,0,-4.036393753162422,4.036393753162422,16.292474530568622,false_negative
468068,2025-05-29 10:00:00,development,50.58130188868794,0.32,1.7400000000000038,2.37,0.4435571947947352,1.1943688290857215,3.816723944488327,4.104311178078607,0.33691773767575,0,0.0,4.104311178078607,10,1,0,4.104311178078607,0.0,1,0,-4.104311178078607,4.104311178078607,16.845370246501002,false_negative
678409,2025-05-29 11:00:00,development,51.74333946209943,0.27,1.850000000000004,2.64,0.494723766722255,1.6890925952958011,3.8302365826727263,4.139822662558309,0.0935414443526996,0,0.0,4.139822662558309,11,1,0,4.139822662558309,0.0,1,0,-4.139822662558309,4.139822662558309,17.138131677431367,false_negative
99978,2025-05-29 15:00:00,development,47.641563899970336,0.09,1.1500000000000037,3.2,0.3621629330897807,2.7509005876759964,3.879745570964325,4.02220953779398,0.0327471972622074,0,0.0,4.02220953779398,15,1,0,4.02220953779398,0.0,1,0,-4.02220953779398,4.02220953779398,16.178169565920864,false_negative
468117,2025-05-31 11:00:00,development,48.58509729302203,0.0,0.2900000000000037,3.12,0.4859521510457619,1.659144426065712,3.8082977185151528,4.146336928129834,0.4121794857444557,0,0.0,4.146336928129834,11,1,0,4.146336928129834,0.0,1,0,-4.146336928129834,4.146336928129834,17.19210992157315,false_negative
520704,2025-05-31 13:00:00,development,49.97945898513813,0.0,0.1100000000000036,1.8500000000000003,0.4859521510457619,2.5179807765861826,3.814283409303812,4.196507801612629,0.329680294603316,0,0.0,4.196507801612629,13,1,0,4.196507801612629,0.0,1,0,-4.196507801612629,4.196507801612629,17.61067772899566,false_negative
678482,2025-06-01 12:00:00,development,52.04244876306306,0.29,3.060000000000004,5.08,0.5078037700748259,2.1824781734033523,3.841622605539169,4.22101169335275,0.0789056314768322,0,0.0,4.22101169335275,12,1,0,4.22101169335275,0.0,1,0,-4.22101169335275,4.22101169335275,17.816939715420652,false_negative
573312,2025-06-01 12:00:00,development,50.3352436169946,0.29,3.060000000000004,5.08,0.5078037700748259,2.1824781734033523,3.841622605539169,4.194034186438103,0.3539437970491438,0,0.0,4.194034186438103,12,1,0,4.194034186438103,0.0,1,0,-4.194034186438103,4.194034186438103,17.589922757011525,false_negative
731091,2025-06-02 12:00:00,development,51.88332918066595,0.39,2.5900000000000034,4.82,0.4947037058843501,2.1261757080599315,3.800850117898212,4.084501004378993,0.1685180557348408,0,0.0,4.084501004378993,12,1,0,4.084501004378993,0.0,1,0,-4.084501004378993,4.084501004378993,16.683148454773,false_negative
415583,2025-06-02 14:00:00,development,49.19146482866285,0.16,2.470000000000004,4.95,0.4284259767084302,2.657058176337966,3.7768514391882255,4.019212180946603,0.1999856155933583,0,0.0,4.019212180946603,14,1,0,4.019212180946603,0.0,1,0,-4.019212180946603,4.019212180946603,16.154066555469548,false_negative
310508,2025-06-06 13:00:00,mid,48.23317782807068,0.12,1.4300000000000035,3.4400000000000004,0.4851523207978059,2.5138364237223225,3.865145104997436,4.101393959732175,0.3106030124759618,0,0.0,4.101393959732175,13,1,0,4.101393959732175,0.0,1,0,-4.101393959732175,4.101393959732175,16.821432412927575,false_negative
468284,2025-06-07 10:00:00,mid,47.55210129689125,0.0,0.0800000000000035,0.9400000000000002,0.4630429530986099,1.2468382346152975,3.890670836956147,4.236753598718465,0.2826022865434642,0,0.0,4.236753598718465,10,1,0,4.236753598718465,0.0,1,0,-4.236753598718465,4.236753598718465,17.950081056253865,false_negative
310533,2025-06-07 14:00:00,mid,47.78622194748196,0.0,0.0,0.3300000000000002,0.4630429530986099,2.871749453613674,4.013757395030206,4.094240911528495,0.2279824758325961,0,0.0,4.094240911528495,14,1,0,4.094240911528495,0.0,1,0,-4.094240911528495,4.094240911528495,16.76280864163368,false_negative
731305,2025-06-11 10:00:00,mid,49.82824294275287,0.0,0.0,0.0,0.4826791318766694,1.2997126781596575,4.148440489377626,4.8753008267065,0.3211396460379388,0,0.0,4.8753008267065,10,1,0,4.8753008267065,0.0,1,0,-4.8753008267065,4.8753008267065,23.76855815088508,false_negative
468403,2025-06-12 09:00:00,mid,47.77476183847577,0.03,0.0300000000000035,0.0300000000000002,0.369818735601327,0.7666831254341463,4.183142028456421,4.015990440270311,0.1024353588704699,0,0.0,4.015990440270311,9,1,0,4.015990440270311,0.0,1,0,-4.015990440270311,4.015990440270311,16.128179216342527,false_negative
731404,2025-06-15 13:00:00,late,51.44975751994048,0.08,0.3200000000000035,0.3300000000000002,0.4393070849620294,2.276287475159948,3.6284551554589615,4.102751064829228,0.1931771303077027,0,0.0,4.102751064829228,13,1,0,4.102751064829228,0.0,1,0,-4.102751064829228,4.102751064829228,16.832566299957364,false_negative
205674,2025-06-20 13:00:00,late,49.73546512145631,0.07,0.5200000000000036,3.1300000000000003,0.4053868094358946,2.100528192013424,3.159745646401384,4.019424519920225,0.2518167755640209,0,0.0,4.019424519920225,13,1,0,4.019424519920225,0.0,1,0,-4.019424519920225,4.019424519920225,16.15577347133593,false_negative
573790,2025-06-21 10:00:00,late,50.1262989758613,0.01,0.1000000000000035,0.5200000000000002,0.3732071670176018,1.0049369332933271,3.2140881984974023,4.059462074050678,0.3406984639369899,0,0.0,4.059462074050678,10,1,0,4.059462074050678,0.0,1,0,-4.059462074050678,4.059462074050678,16.479232330655837,false_negative
258284,2025-06-21 14:00:00,late,50.89311822590878,0.01,0.06,0.2800000000000002,0.3732071670176018,2.314596239496734,3.2568340984073614,4.036184694731663,0.022991733270917,0,0.0,4.036184694731663,14,1,0,4.036184694731663,0.0,1,0,-4.036184694731663,4.036184694731663,16.290786889986126,false_negative
573815,2025-06-22 11:00:00,late,51.51409697945781,0.0,0.0,0.0300000000000002,0.4374037429800073,1.493389792686025,3.345527753495335,4.205723721680116,0.4078649230274604,0,0.0,4.205723721680116,11,1,0,4.205723721680116,0.0,1,0,-4.205723721680116,4.205723721680116,17.68811202310285,false_negative
363475,2025-06-22 11:00:00,late,50.04331064531225,0.0,0.0,0.0300000000000002,0.4374037429800073,1.493389792686025,3.345527753495335,4.061769139767009,0.3991565836853473,0,0.0,4.061769139767009,11,1,0,4.061769139767009,0.0,1,0,-4.061769139767009,4.061769139767009,16.497968544763626,false_negative
731591,2025-06-23 08:00:00,initial,49.97568541500518,0.0,0.0500000000000035,0.0500000000000002,0.188050046619764,0.2853919153008019,3.381386361513458,4.220843130867301,0.1243385223652373,0,0.0,4.220843130867301,8,1,0,4.220843130867301,0.0,1,0,-4.220843130867301,4.220843130867301,17.815516735389682,false_negative
679006,2025-06-23 08:00:00,initial,50.181892041638655,0.0,0.0500000000000035,0.0500000000000002,0.188050046619764,0.2853919153008019,3.381386361513458,4.052237807113954,0.3165364103398772,0,0.0,4.052237807113954,8,1,0,4.052237807113954,0.0,1,0,-4.052237807113954,4.052237807113954,16.420631245403708,false_negative
47992,2025-06-23 14:00:00,initial,49.36963907355391,0.0,0.0,0.0500000000000002,0.325712234835803,2.020037074672444,2.969249575634532,4.1388750021729415,0.3294882663994576,0,0.0,4.1388750021729415,14,1,0,4.1388750021729415,0.0,1,0,-4.1388750021729415,4.1388750021729415,17.130286283612065,false_negative
258352,2025-06-24 10:00:00,initial,51.81492309439688,0.05,0.1300000000000035,0.1500000000000002,0.333532669246011,0.8981052010971043,2.8778219589124068,4.039773921745123,0.338950853475731,0,0.0,4.039773921745123,10,1,0,4.039773921745123,0.0,1,0,-4.039773921745123,4.039773921745123,16.319773338811974,false_negative
310937,2025-06-24 10:00:00,initial,50.58162666740674,0.05,0.1300000000000035,0.1500000000000002,0.333532669246011,0.8981052010971043,2.8778219589124068,4.028523921745123,0.3015332642427228,0,0.0,4.028523921745123,10,1,0,4.028523921745123,0.0,1,0,-4.028523921745123,4.028523921745123,16.229004988072703,false_negative
626591,2025-06-30 10:00:00,initial,52.32789063105773,0.28,1.2000000000000035,1.8000000000000005,0.3288763613963074,0.8855671360638298,2.9848944350127846,4.241912035449836,0.0962869100162713,0,0.0,4.241912035449836,10,1,0,4.241912035449836,0.0,1,0,-4.241912035449836,4.241912035449836,17.99381771649417,false_negative
731787,2025-07-01 12:00:00,initial,51.44598926036854,0.22,1.3300000000000034,2.28,0.3786601268716797,1.6274346720856578,2.8798157299046263,4.045920208986303,0.0419016296783381,0,0.0,4.045920208986303,12,1,0,4.045920208986303,0.0,1,0,-4.045920208986303,4.045920208986303,16.36947033748377,false_negative
679203,2025-07-01 13:00:00,initial,53.2197668393606,0.16,1.4200000000000037,2.3400000000000003,0.3657575959441532,1.8951878152938275,2.878759408263281,4.132307255452815,0.2202950888604208,0,0.0,4.132307255452815,13,1,0,4.132307255452815,0.0,1,0,-4.132307255452815,4.132307255452815,17.07596325346798,false_negative
468887,2025-07-02 13:00:00,initial,50.900169299637625,0.01,0.1700000000000035,0.8000000000000003,0.3633478223719784,1.882701475810396,2.8630771858368944,4.184639072670265,0.1427987708709419,0,0.0,4.184639072670265,13,1,0,4.184639072670265,0.0,1,0,-4.184639072670265,4.184639072670265,17.511204168518656,false_negative
363861,2025-07-08 13:00:00,development,49.263056885623335,0.02,0.0900000000000033,0.3900000000000002,0.4422327675645304,2.291447018204745,3.221527684316744,4.060742433806283,0.2898815309444887,0,0.0,4.060742433806283,13,1,0,4.060742433806283,0.0,1,0,-4.060742433806283,4.060742433806283,16.489629113714972,false_negative
311301,2025-07-09 14:00:00,development,49.49121044321692,0.01,0.0400000000000033,0.0900000000000002,0.4129777497974078,2.5612497056676853,3.594253727781404,4.036111415922964,0.0313268375659375,0,0.0,4.036111415922964,14,1,0,4.036111415922964,0.0,1,0,-4.036111415922964,4.036111415922964,16.29019536174367,false_negative
469075,2025-07-10 09:00:00,development,48.622850916514935,0.08,0.3000000000000034,0.4400000000000002,0.3207338385540279,0.6649236452968137,3.588028078197303,4.282544715720444,0.2156973830863689,0,0.0,4.282544715720444,9,1,0,4.282544715720444,0.0,1,0,-4.282544715720444,4.282544715720444,18.3401892421451,false_negative
732001,2025-07-10 10:00:00,development,49.71685708234131,0.06,0.3300000000000033,0.5000000000000002,0.3928171237488424,1.05774076859207,3.567867452148737,4.595288737943832,0.4291509397702773,0,0.0,4.595288737943832,10,1,0,4.595288737943832,0.0,1,0,-4.595288737943832,4.595288737943832,21.11667858507342,false_negative
732049,2025-07-12 10:00:00,development,50.46277414795908,0.05,0.3000000000000034,2.96,0.4244044206342602,1.1427960517387643,3.616331861166826,4.094851984958922,0.0881981215718303,0,0.0,4.094851984958922,10,1,0,4.094851984958922,0.0,1,0,-4.094851984958922,4.094851984958922,16.76781277872202,false_negative
626879,2025-07-12 10:00:00,development,50.71439465429945,0.05,0.3000000000000034,2.96,0.4244044206342602,1.1427960517387643,3.616331861166826,4.232125803298708,0.0158183705550999,0,0.0,4.232125803298708,10,1,0,4.232125803298708,0.0,1,0,-4.232125803298708,4.232125803298708,17.910888814946738,false_negative
732076,2025-07-13 13:00:00,development,50.93559998251644,0.13,0.8300000000000034,1.4800000000000002,0.4383099430993681,2.271120744163269,3.5313615966588725,4.095891031629279,0.1528803127338926,0,0.0,4.095891031629279,13,1,0,4.095891031629279,0.0,1,0,-4.095891031629279,4.095891031629279,16.776323342981158,false_negative
626906,2025-07-13 13:00:00,development,49.07583774947465,0.13,0.8300000000000034,1.4800000000000002,0.4383099430993681,2.271120744163269,3.5313615966588725,4.129818177007145,0.2558655396645763,0,0.0,4.129818177007145,13,1,0,4.129818177007145,0.0,1,0,-4.129818177007145,4.129818177007145,17.05539817513862,false_negative
416615,2025-07-15 14:00:00,development,49.36904286447159,0.01,0.0700000000000033,1.7400000000000004,0.3932543728007574,2.4389271506336057,3.4116626437668613,4.044593695559339,0.1874416618258062,0,0.0,4.044593695559339,14,1,0,4.044593695559339,0.0,1,0,-4.044593695559339,4.044593695559339,16.35873816215835,false_negative
469220,2025-07-16 10:00:00,development,49.010436002768905,0.08,0.2200000000000033,0.3300000000000002,0.403075252692402,1.0853628872245935,3.475608596941298,4.26224248650983,0.3999827774581809,0,0.0,4.26224248650983,10,1,0,4.26224248650983,0.0,1,0,-4.26224248650983,4.26224248650983,18.1667110138095,false_negative
732147,2025-07-16 12:00:00,development,51.77924278839081,0.08,0.3500000000000033,0.4600000000000003,0.4654312112192671,2.00036612480655,3.497902540431691,4.160217058878672,0.253845334988193,0,0.0,4.160217058878672,12,1,0,4.160217058878672,0.0,1,0,-4.160217058878672,4.160217058878672,17.30740597698511,false_negative
627024,2025-07-18 11:00:00,development,52.07695268389503,0.06,0.3200000000000033,2.17,0.4602206084907257,1.5712914444246435,3.546263314850347,4.037054673121773,0.2315868010884656,0,0.0,4.037054673121773,11,1,0,4.037054673121773,0.0,1,0,-4.037054673121773,4.037054673121773,16.297810433774345,false_negative
364121,2025-07-19 09:00:00,development,48.64211929408982,0.0,0.0500000000000033,0.3500000000000002,0.3467173278009893,0.7187908532768345,3.6393808536316095,4.07650177602709,0.2836823472578703,0,0.0,4.07650177602709,9,1,0,4.07650177602709,0.0,1,0,-4.07650177602709,4.07650177602709,16.61786672995202,false_negative
311539,2025-07-19 12:00:00,development,48.89293981095446,0.0,0.0200000000000033,0.1900000000000002,0.490332347082815,2.107388145354245,3.678679595593497,4.144012852945387,0.3678964782879715,0,0.0,4.144012852945387,12,1,0,4.144012852945387,0.0,1,0,-4.144012852945387,4.144012852945387,17.172842525376566,false_negative
732244,2025-07-20 13:00:00,development,51.87015162643296,0.0,0.0,0.0,0.4907695794541381,2.5429424772366835,3.817874917334193,4.000039500289468,0.1778202013019441,0,0.0,4.000039500289468,13,1,0,4.000039500289468,0.0,1,0,-4.000039500289468,4.000039500289468,16.000316003876016,false_negative
679679,2025-07-21 09:00:00,development,48.11121680828853,0.0,0.2200000000000033,0.5400000000000003,0.3322252470082157,0.6887468540776548,3.803202616575984,4.021574690731995,0.0447290085549797,0,0.0,4.021574690731995,9,1,0,4.021574690731995,0.0,1,0,-4.021574690731995,4.021574690731995,16.173062993136146,false_negative
101250,2025-07-21 15:00:00,development,47.01347233411363,0.0,0.0,0.5400000000000003,0.3322252470082157,2.523501285564036,3.597790485510429,4.102216176834592,0.0611529986648741,0,0.0,4.102216176834592,15,1,0,4.102216176834592,0.0,1,0,-4.102216176834592,4.102216176834592,16.828177561483415,false_negative
574533,2025-07-22 09:00:00,development,49.38910376920092,0.01,0.0100000000000033,0.0100000000000002,0.3496954671305352,0.7249649297887827,3.604987825809954,4.460499911165943,0.2894524356734651,0,0.0,4.460499911165943,9,1,0,4.460499911165943,0.0,1,0,-4.460499911165943,4.460499911165943,19.896059457511388,false_negative
206444,2025-07-22 15:00:00,development,48.38150488707639,0.02,0.1500000000000033,0.1600000000000002,0.3496954671305352,2.656200781868932,3.73768732211485,4.016339426825123,0.1877651941695091,0,0.0,4.016339426825123,15,1,0,4.016339426825123,0.0,1,0,-4.016339426825123,4.016339426825123,16.13098239146996,false_negative
48689,2025-07-22 15:00:00,development,47.52316564741191,0.02,0.1500000000000033,0.1600000000000002,0.3496954671305352,2.656200781868932,3.73768732211485,4.119455504228238,0.0874096677505984,0,0.0,4.119455504228238,15,1,0,4.119455504228238,0.0,1,0,-4.119455504228238,4.119455504228238,16.96991365131633,false_negative
732337,2025-07-24 10:00:00,mid,47.11309562709497,0.05,0.3600000000000033,1.5600000000000005,0.4457302447869219,1.2002202124138937,3.820285194536663,4.533151302866003,0.2490370207720286,0,0.0,4.533151302866003,10,1,0,4.533151302866003,0.0,1,0,-4.533151302866003,4.533151302866003,20.549460734675737,false_negative
627167,2025-07-24 10:00:00,mid,48.73489013809933,0.05,0.3600000000000033,1.5600000000000005,0.4457302447869219,1.2002202124138937,3.820285194536663,4.890821587276484,0.247926339192815,0,0.0,4.890821587276484,10,1,0,4.890821587276484,0.0,1,0,-4.890821587276484,4.890821587276484,23.920135798569667,false_negative
101319,2025-07-24 12:00:00,mid,47.32514397519671,0.05,0.3700000000000033,1.2900000000000005,0.5146849535477523,2.212052653983977,3.853575408788856,4.04361919771738,0.3180139669427646,0,0.0,4.04361919771738,12,1,0,4.04361919771738,0.0,1,0,-4.04361919771738,4.04361919771738,16.350856216148546,false_negative
469435,2025-07-25 09:00:00,mid,46.92859123898036,0.07,0.3800000000000033,1.0200000000000002,0.3468803139287613,0.7191287450649273,3.8740591379378935,4.132807341605204,0.0699526922115363,0,0.0,4.132807341605204,9,1,0,4.132807341605204,0.0,1,0,-4.132807341605204,4.132807341605204,17.080096522825876,false_negative
206514,2025-07-25 13:00:00,mid,47.74630406141457,0.04,0.3200000000000033,1.0300000000000002,0.4738473207198505,2.4552591073870844,3.782446332575315,4.046728186013283,0.133702285939604,0,0.0,4.046728186013283,13,1,0,4.046728186013283,0.0,1,0,-4.046728186013283,4.046728186013283,16.376009011474356,false_negative
627238,2025-07-27 09:00:00,mid,48.01854451072434,0.0,0.2400000000000033,0.6700000000000002,0.3737430471980923,0.7748187421310487,3.863574028923314,4.1298811946608325,0.0625267379967522,0,0.0,4.1298811946608325,9,1,0,4.1298811946608325,0.0,1,0,-4.1298811946608325,4.1298811946608325,17.055918682013186,false_negative
311731,2025-07-27 12:00:00,mid,48.00378342409656,0.0,0.1200000000000033,0.4000000000000002,0.5285524859712565,2.2716536034389234,3.933418785669169,4.3323054580019615,0.3661499949779341,0,0.0,4.3323054580019615,12,1,0,4.3323054580019615,0.0,1,0,-4.3323054580019615,4.3323054580019615,18.768870581433585,false_negative
627262,2025-07-28 09:00:00,mid,48.875923286392215,0.0,0.0,0.0100000000000002,0.3738743095136466,0.775090866262827,4.015026851910299,4.010175397171373,0.308488066558192,0,0.0,4.010175397171373,9,1,0,4.010175397171373,0.0,1,0,-4.010175397171373,4.010175397171373,16.081506716078582,false_negative
679848,2025-07-28 10:00:00,mid,49.27235745935158,0.0,0.0,0.0100000000000002,0.457900643003079,1.232991508737168,4.015187614758039,4.010319766455581,0.4185118294783649,0,0.0,4.010319766455581,10,1,0,4.010319766455581,0.0,1,0,-4.010319766455581,4.010319766455581,16.082664629224343,false_negative
522093,2025-07-28 10:00:00,mid,48.601621587111794,0.0,0.0,0.0100000000000002,0.457900643003079,1.232991508737168,4.015187614758039,4.010272763980293,0.3559485449755127,0,0.0,4.010272763980293,10,1,0,4.010272763980293,0.0,1,0,-4.010272763980293,4.010272763980293,16.08228764152214,false_negative
416923,2025-07-28 10:00:00,mid,48.71307458618216,0.0,0.0,0.0100000000000002,0.457900643003079,1.232991508737168,4.015187614758039,4.009616428996747,0.3895185824901078,0,0.0,4.009616428996747,10,1,0,4.009616428996747,0.0,1,0,-4.009616428996747,4.009616428996747,16.077023907680623,false_negative
469510,2025-07-28 12:00:00,mid,48.84576536625606,0.0,0.0,0.0100000000000002,0.5287381189180649,2.2724514310222323,4.015552555362387,4.011076159220767,0.1227220701259685,0,0.0,4.011076159220767,12,1,0,4.011076159220767,0.0,1,0,-4.011076159220767,4.011076159220767,16.08873195506922,false_negative
627286,2025-07-29 09:00:00,mid,48.008302726835424,0.0,0.0200000000000033,0.0500000000000002,0.3782530587728618,0.784168592306341,4.025242476068285,4.033556532086415,0.3032937674260115,0,0.0,4.033556532086415,9,1,0,4.033556532086415,0.0,1,0,-4.033556532086415,4.033556532086415,16.269578297536984,false_negative
732457,2025-07-29 10:00:00,mid,49.58728180996506,0.0,0.0100000000000033,0.0500000000000002,0.4632634937000208,1.2474320854714311,4.030605326765227,4.055710615420239,0.3972806705563884,0,0.0,4.055710615420239,10,1,0,4.055710615420239,0.0,1,0,-4.055710615420239,4.055710615420239,16.44878859603241,false_negative
679872,2025-07-29 10:00:00,mid,46.94910514572498,0.0,0.0100000000000033,0.0500000000000002,0.4632634937000208,1.2474320854714311,4.030605326765227,4.049007052049063,0.3933803869688922,0,0.0,4.049007052049063,10,1,0,4.049007052049063,0.0,1,0,-4.049007052049063,4.049007052049063,16.394458107543045,false_negative
469534,2025-07-29 12:00:00,mid,47.8898569759577,0.0,0.0,0.0500000000000002,0.5349306055041131,2.2990659770527824,4.042779296073898,4.052970306825095,0.1425078226155191,0,0.0,4.052970306825095,12,1,0,4.052970306825095,0.0,1,0,-4.052970306825095,4.052970306825095,16.42656830800591,false_negative
627310,2025-07-30 09:00:00,mid,46.60301153975488,0.0,0.0200000000000033,0.0200000000000002,0.3819207115924179,0.7917721214302303,4.070804884700192,4.090896846871331,0.1460167920758001,0,0.0,4.090896846871331,9,1,0,4.090896846871331,0.0,1,0,-4.090896846871331,4.090896846871331,16.735437011741798,false_negative
679896,2025-07-30 10:00:00,mid,49.20154779128497,0.0,0.0200000000000033,0.0200000000000002,0.4677554326796513,1.2595275535697643,4.075296823679823,4.104658751613883,0.1429294311630815,0,0.0,4.104658751613883,10,1,0,4.104658751613883,0.0,1,0,-4.104658751613883,4.104658751613883,16.848223467200437,false_negative
522141,2025-07-30 10:00:00,mid,48.86182885461137,0.0,0.0200000000000033,0.0200000000000002,0.4677554326796513,1.2595275535697643,4.075296823679823,4.093617411792344,0.3001690633985935,0,0.0,4.093617411792344,10,1,0,4.093617411792344,0.0,1,0,-4.093617411792344,4.093617411792344,16.757703514129453,false_negative
679921,2025-07-31 11:00:00,mid,49.67488630918832,0.03,0.1300000000000033,0.1600000000000002,0.4913017721608391,1.677409175044687,3.9987675777571576,4.639227904462302,0.2738843560104615,0,0.0,4.639227904462302,11,1,0,4.639227904462302,0.0,1,0,-4.639227904462302,4.639227904462302,21.522435549541687,false_negative
627383,2025-08-02 10:00:00,mid,48.61557716773363,0.11,0.3100000000000033,1.5800000000000003,0.4490035851146255,1.2090343534091887,3.849444510647813,4.369035183777562,0.1773428188669046,0,0.0,4.369035183777562,10,1,0,4.369035183777562,0.0,1,0,-4.369035183777562,4.369035183777562,19.088468437086238,false_negative
679969,2025-08-02 11:00:00,mid,49.35239339902913,0.09,0.3900000000000033,1.4700000000000004,0.5007984257870068,1.709832778677731,3.865718645999084,4.142186381437305,0.0971508130550369,0,0.0,4.142186381437305,11,1,0,4.142186381437305,0.0,1,0,-4.142186381437305,4.142186381437305,17.15770801856468,false_negative
417044,2025-08-02 11:00:00,mid,48.47579731531421,0.09,0.3900000000000033,1.4700000000000004,0.5007984257870068,1.709832778677731,3.865718645999084,4.100638521822852,0.0539312545884439,0,0.0,4.100638521822852,11,1,0,4.100638521822852,0.0,1,0,-4.100638521822852,4.100638521822852,16.815236286657502,false_negative
732554,2025-08-02 11:00:00,mid,51.17488752696621,0.09,0.3900000000000033,1.4700000000000004,0.5007984257870068,1.709832778677731,3.865718645999084,4.154057198470014,0.1169409838072086,0,0.0,4.154057198470014,11,1,0,4.154057198470014,0.0,1,0,-4.154057198470014,4.154057198470014,17.256191208160537,false_negative
311901,2025-08-03 14:00:00,mid,46.83319763145091,0.02,0.1800000000000033,0.3800000000000002,0.4681292130781707,2.9032939663192368,4.073503658348922,4.101370786273815,0.122458883609587,0,0.0,4.101370786273815,14,1,0,4.101370786273815,0.0,1,0,-4.101370786273815,4.101370786273815,16.821242326500293,false_negative
732602,2025-08-04 11:00:00,late,51.21607666092143,0.07,0.4000000000000033,1.2100000000000004,0.4455487772865875,1.5211986793033494,3.8444120645006272,4.092235067063363,0.2131783715566441,0,0.0,4.092235067063363,11,1,0,4.092235067063363,0.0,1,0,-4.092235067063363,4.092235067063363,16.74638784410309,false_negative
259339,2025-08-04 13:00:00,late,51.01344541689347,0.04,0.3800000000000033,1.2300000000000002,0.4455487772865875,2.308629057047755,3.68854753188569,4.002055715980895,0.0949249318026674,0,0.0,4.002055715980895,13,1,0,4.002055715980895,0.0,1,0,-4.002055715980895,4.002055715980895,16.016449953815357,false_negative
49023,2025-08-05 13:00:00,late,48.664877233080745,0.05,0.6300000000000033,1.1,0.4197720249045633,2.175065769302071,3.3631932520637178,4.112604631610239,0.1013260218724809,0,0.0,4.112604631610239,13,1,0,4.112604631610239,0.0,1,0,-4.112604631610239,4.112604631610239,16.91351685594199,false_negative
627478,2025-08-06 09:00:00,late,49.89514136904902,0.02,0.0600000000000033,0.4700000000000002,0.3232796812078348,0.6702015136544307,3.334102164265917,4.1037743093897845,0.204640850702134,0,0.0,4.1037743093897845,9,1,0,4.1037743093897845,0.0,1,0,-4.1037743093897845,4.1037743093897845,16.840963582407603,false_negative
680064,2025-08-06 10:00:00,late,50.54512707694981,0.03,0.0900000000000033,0.3800000000000002,0.3959351314816531,1.0661366446788971,3.3536799942708755,4.453445762387609,0.3250782332323771,0,0.0,4.453445762387609,10,1,0,4.453445762387609,0.0,1,0,-4.453445762387609,4.453445762387609,19.833179158528154,false_negative
627503,2025-08-07 10:00:00,late,50.82880048444107,0.02,0.1700000000000033,0.4600000000000002,0.395262703011862,1.06432599294439,3.470865664928277,4.202652237195139,0.3545913483437641,0,0.0,4.202652237195139,10,1,0,4.202652237195139,0.0,1,0,-4.202652237195139,4.202652237195139,17.662285826801305,false_negative
732674,2025-08-07 11:00:00,late,51.961147821966605,0.01,0.1600000000000033,0.4400000000000002,0.4408582603858812,1.5051842528738613,3.470115668424264,4.089407169921579,0.1186799576133547,0,0.0,4.089407169921579,11,1,0,4.089407169921579,0.0,1,0,-4.089407169921579,4.089407169921579,16.723251001406016,false_negative
680089,2025-08-07 11:00:00,late,51.078753900307845,0.01,0.1600000000000033,0.4400000000000002,0.4408582603858812,1.5051842528738613,3.470115668424264,4.033253258791291,0.3637730825404487,0,0.0,4.033253258791291,11,1,0,4.033253258791291,0.0,1,0,-4.033253258791291,4.033253258791291,16.267131849550566,false_negative
311996,2025-08-07 13:00:00,late,51.47120748715874,0.0,0.0900000000000033,0.3800000000000002,0.4408582603858812,2.284324953520659,3.46858921840428,4.083509000440529,0.0368632610432361,0,0.0,4.083509000440529,13,1,0,4.083509000440529,0.0,1,0,-4.083509000440529,4.083509000440529,16.675045756678806,false_negative
732699,2025-08-08 12:00:00,late,52.007389950966406,0.0,0.0100000000000033,0.0500000000000002,0.4614847220884313,1.9834045997112288,3.48858885809754,4.132280069585555,0.3004735932914619,0,0.0,4.132280069585555,12,1,0,4.132280069585555,0.0,1,0,-4.132280069585555,4.132280069585555,17.075738573493997,false_negative
680114,2025-08-08 12:00:00,late,51.76597010313476,0.0,0.0100000000000033,0.0500000000000002,0.4614847220884313,1.9834045997112288,3.48858885809754,4.106496992457366,0.1217763875905622,0,0.0,4.106496992457366,12,1,0,4.106496992457366,0.0,1,0,-4.106496992457366,4.106496992457366,16.863317549061392,false_negative
732724,2025-08-09 13:00:00,late,52.06786479173425,0.0,0.0,0.0,0.4749207822923218,2.4608212920549986,3.6642358048135706,4.252753955998664,0.3920284625634423,0,0.0,4.252753955998664,13,1,0,4.252753955998664,0.0,1,0,-4.252753955998664,4.252753955998664,18.085916210262283,false_negative
627578,2025-08-10 13:00:00,late,52.5871771040443,0.0,0.0,0.0,0.4880050839826742,2.5286181318476864,3.8059389013022153,4.248755150566247,0.3530703770222524,0,0.0,4.248755150566247,13,1,0,4.248755150566247,0.0,1,0,-4.248755150566247,4.248755150566247,18.051920329463208,false_negative
522454,2025-08-12 11:00:00,initial,51.519573260833454,0.0,0.0200000000000033,0.1800000000000002,0.4267360422924547,1.4569679842906886,3.599593125185783,4.321639341208144,0.1033332006899731,0,0.0,4.321639341208144,11,1,0,4.321639341208144,0.0,1,0,-4.321639341208144,4.321639341208144,18.676566595477958,false_negative
49192,2025-08-12 14:00:00,initial,52.8613368312913,0.01,0.0200000000000033,0.1700000000000002,0.3826010686551759,2.3728563462848378,3.438904293636395,4.216419620293497,0.0512208470967992,0,0.0,4.216419620293497,14,1,0,4.216419620293497,0.0,1,0,-4.216419620293497,4.216419620293497,17.778194414395955,false_negative
206948,2025-08-12 15:00:00,initial,51.00159035731021,0.01,0.0300000000000033,0.1800000000000002,0.3123924644973152,2.3728563462848373,3.398782076388012,4.025578464312471,0.0601987821572473,0,0.0,4.025578464312471,15,1,0,4.025578464312471,0.0,1,0,-4.025578464312471,4.025578464312471,16.205281972336348,false_negative
154363,2025-08-12 15:00:00,initial,52.558077744230935,0.01,0.0300000000000033,0.1800000000000002,0.3123924644973152,2.3728563462848373,3.398782076388012,4.039078464312471,0.0736070840699578,0,0.0,4.039078464312471,15,1,0,4.039078464312471,0.0,1,0,-4.039078464312471,4.039078464312471,16.31415484087279,false_negative
627671,2025-08-14 10:00:00,initial,53.06011343498997,0.0,0.0500000000000033,0.2600000000000002,0.3776382115357847,1.0168684305498603,3.223076116480188,4.12916325429746,0.3044580537341633,0,0.0,4.12916325429746,10,1,0,4.12916325429746,0.0,1,0,-4.12916325429746,4.12916325429746,17.049989180640388,false_negative
680259,2025-08-14 13:00:00,initial,52.71356720831955,0.0,0.0100000000000033,0.2100000000000002,0.4212006944351265,2.182468478408948,3.27271515020341,4.097009041361865,0.1320107601932986,0,0.0,4.097009041361865,13,1,0,4.097009041361865,0.0,1,0,-4.097009041361865,4.097009041361865,16.785483085000866,false_negative
417334,2025-08-14 13:00:00,initial,52.23069018341907,0.0,0.0100000000000033,0.2100000000000002,0.4212006944351265,2.182468478408948,3.27271515020341,4.025460108205987,0.3617003624286308,0,0.0,4.025460108205987,13,1,0,4.025460108205987,0.0,1,0,-4.025460108205987,4.025460108205987,16.204329082757756,false_negative
732844,2025-08-14 13:00:00,initial,53.87337215123748,0.0,0.0100000000000033,0.2100000000000002,0.4212006944351265,2.182468478408948,3.27271515020341,4.11745159369211,0.099222360164769,0,0.0,4.11745159369211,13,1,0,4.11745159369211,0.0,1,0,-4.11745159369211,4.11745159369211,16.953407626397695,false_negative
259579,2025-08-14 13:00:00,initial,52.75105154429798,0.0,0.0100000000000033,0.2100000000000002,0.4212006944351265,2.182468478408948,3.27271515020341,4.035283087273893,0.3499021804355542,0,0.0,4.035283087273893,13,1,0,4.035283087273893,0.0,1,0,-4.035283087273893,4.035283087273893,16.28350959443872,false_negative
575113,2025-08-15 13:00:00,initial,52.037308247206376,0.06,0.4400000000000034,0.6600000000000003,0.3990418656462626,2.0676516084723646,3.191442989606845,4.205667645265443,0.3915560824251216,0,0.0,4.205667645265443,13,1,0,4.205667645265443,0.0,1,0,-4.205667645265443,4.205667645265443,17.687640342432577,false_negative
259674,2025-08-18 12:00:00,initial,52.15891131661956,0.03,0.2200000000000033,2.15,0.3954496557539094,1.6995940030843073,2.9247520001797693,4.256090664081114,0.0272365926124967,0,0.0,4.256090664081114,12,1,0,4.256090664081114,0.0,1,0,-4.256090664081114,4.256090664081114,18.114307740878417,false_negative
101921,2025-08-18 14:00:00,initial,51.18669347236473,0.01,0.1800000000000033,1.8600000000000003,0.3424694478536769,2.1239637557851547,2.9686284540596555,4.114958605302231,0.2865864850526043,0,0.0,4.114958605302231,14,1,0,4.114958605302231,0.0,1,0,-4.114958605302231,4.114958605302231,16.932884323350883,false_negative
680375,2025-08-19 09:00:00,initial,51.60892878467703,0.01,0.0700000000000033,0.3200000000000002,0.3009534680838475,0.6239163225345838,3.047954813051019,4.063838265043479,0.0031177184743836,0,0.0,4.063838265043479,9,1,0,4.063838265043479,0.0,1,0,-4.063838265043479,4.063838265043479,16.514781444431595,false_negative
627792,2025-08-19 11:00:00,initial,54.76703011196362,0.01,0.0700000000000033,0.2600000000000002,0.4111100826037799,1.403617620754689,3.103211628765375,4.0042571983207225,0.0551973518506265,0,0.0,4.0042571983207225,11,1,0,4.0042571983207225,0.0,1,0,-4.0042571983207225,4.0042571983207225,16.034075710303323,false_negative
364868,2025-08-19 12:00:00,initial,52.37876605486731,0.0,0.0600000000000033,0.2300000000000002,0.4256124760311011,1.8292300963601773,3.1333744490425666,4.169014281186882,0.3229959666454168,0,0.0,4.169014281186882,12,1,0,4.169014281186882,0.0,1,0,-4.169014281186882,4.169014281186882,17.380680076740177,false_negative
680401,2025-08-20 11:00:00,initial,53.24862418382048,0.01,0.06,0.1000000000000002,0.3921700976976658,1.33895246736639,3.1681825687162743,4.726539770417176,0.320660600224218,0,0.0,4.726539770417176,11,1,0,4.726539770417176,0.0,1,0,-4.726539770417176,4.726539770417176,22.340178201335252,false_negative
732987,2025-08-20 12:00:00,initial,53.56758822301624,0.0,0.0500000000000033,0.1000000000000002,0.4060043608011663,1.744956827761552,3.148574453486339,4.312686670665919,0.1437000399088472,0,0.0,4.312686670665919,12,1,0,4.312686670665919,0.0,1,0,-4.312686670665919,4.312686670665919,18.599266319339485,false_negative
259745,2025-08-21 11:00:00,initial,51.75363650767433,0.02,0.0500000000000033,0.0500000000000002,0.3954709145497312,1.350222161038458,3.0951789936925715,4.287305331672215,0.3704947634230458,0,0.0,4.287305331672215,11,1,0,4.287305331672215,0.0,1,0,-4.287305331672215,4.287305331672215,18.380987006985002,false_negative
417521,2025-08-22 08:00:00,initial,50.470885064502816,0.02,0.1100000000000033,0.3300000000000002,0.206531920832127,0.313440711749547,3.1126297329472656,4.029697603303077,0.1263944638931958,0,0.0,4.029697603303077,8,1,0,4.029697603303077,0.0,1,0,-4.029697603303077,4.029697603303077,16.238462774066566,false_negative
680447,2025-08-22 09:00:00,initial,51.29634503154206,0.05,0.1400000000000033,0.3700000000000002,0.2920802433326637,0.6055209546691469,3.115205173804092,4.279751346291619,0.2010338719241313,0,0.0,4.279751346291619,9,1,0,4.279751346291619,0.0,1,0,-4.279751346291619,4.279751346291619,18.316271586084923,false_negative
102018,2025-08-22 15:00:00,initial,50.59006159778722,0.03,0.1600000000000033,0.4200000000000002,0.2920802433326637,2.2185697088806924,3.1347675892785984,4.0183339342067335,0.0891100463687121,0,0.0,4.0183339342067335,15,1,0,4.0183339342067335,0.0,1,0,-4.0183339342067335,4.0183339342067335,16.147007606797363,false_negative
417551,2025-08-23 14:00:00,initial,52.63711017979926,0.05,1.7200000000000033,2.8200000000000003,0.3454690807616736,2.142567200901717,3.050791194892982,4.051546703421408,0.040294464362656,0,0.0,4.051546703421408,14,1,0,4.051546703421408,0.0,1,0,-4.051546703421408,4.051546703421408,16.41503069000488,false_negative
470155,2025-08-24 09:00:00,initial,49.25570311534693,0.08,0.3800000000000033,1.7900000000000005,0.2812234766203826,0.583013442112903,3.028283682289473,4.097895221127885,0.230086778430053,0,0.0,4.097895221127885,9,1,0,4.097895221127885,0.0,1,0,-4.097895221127885,4.097895221127885,16.792745243342758,false_negative
470206,2025-08-26 12:00:00,initial,52.86919874912195,0.04,0.1300000000000031,1.3600000000000003,0.4201299789291612,1.805666997844844,3.093175606924543,4.029717817895325,0.05583273898951,0,0.0,4.029717817895325,12,1,0,4.029717817895325,0.0,1,0,-4.029717817895325,4.029717817895325,16.238625691863056,false_negative
417622,2025-08-26 13:00:00,initial,52.68486184269986,0.04,0.1500000000000031,1.1000000000000003,0.4058143970602744,2.1027437546283387,3.121887464950219,4.118190618132154,0.0692354815778472,0,0.0,4.118190618132154,13,1,0,4.118190618132154,0.0,1,0,-4.118190618132154,4.118190618132154,16.95949396727169,false_negative
154697,2025-08-26 13:00:00,initial,52.19743379848521,0.04,0.1500000000000031,1.1000000000000003,0.4058143970602744,2.1027437546283387,3.121887464950219,4.260366453459646,0.4255758827618186,0,0.0,4.260366453459646,13,1,0,4.260366453459646,0.0,1,0,-4.260366453459646,4.260366453459646,18.150722317764323,false_negative
628007,2025-08-28 10:00:00,development,50.74037761922301,0.02,0.2800000000000031,0.9600000000000004,0.4676487563664246,1.25924030569099,3.897677339299333,4.152737349777972,0.3851678137313601,0,0.0,4.152737349777972,10,1,0,4.152737349777972,0.0,1,0,-4.152737349777972,4.152737349777972,17.245227496240975,false_negative
154744,2025-08-28 12:00:00,development,49.786172542270094,0.02,0.1900000000000031,0.7500000000000004,0.5399942706651607,2.32082898737817,3.973862197454837,4.009739195373637,0.2625386943126812,0,0.0,4.009739195373637,12,1,0,4.009739195373637,0.0,1,0,-4.009739195373637,4.009739195373637,16.078008414915622,false_negative
417671,2025-08-28 14:00:00,development,49.1375742791813,0.02,0.1100000000000031,0.6800000000000004,0.4676487563664247,2.900314218349403,4.044855183433756,4.005649602755732,0.276758114774002,0,0.0,4.005649602755732,14,1,0,4.005649602755732,0.0,1,0,-4.005649602755732,4.005649602755732,16.04522874005715,false_negative
680642,2025-08-30 12:00:00,development,52.125962079588575,0.01,0.0600000000000031,0.2600000000000004,0.5259168168719015,2.260325821684156,4.025029581805789,4.460073671789843,0.2271714080883633,0,0.0,4.460073671789843,12,1,0,4.460073671789843,0.0,1,0,-4.460073671789843,4.460073671789843,19.89225715779293,false_negative
628057,2025-08-30 12:00:00,development,52.17635067586471,0.01,0.0600000000000031,0.2600000000000004,0.5259168168719015,2.260325821684156,4.025029581805789,4.46529426267427,0.2463343089689577,0,0.0,4.46529426267427,12,1,0,4.46529426267427,0.0,1,0,-4.46529426267427,4.46529426267427,19.93885285227175,false_negative
733228,2025-08-30 13:00:00,development,52.28922825127409,0.03,0.0700000000000031,0.2800000000000004,0.5079966359142282,2.6322051688624413,4.016156455432958,4.0601465960153575,0.1367411527254596,0,0.0,4.0601465960153575,13,1,0,4.0601465960153575,0.0,1,0,-4.0601465960153575,4.0601465960153575,16.484790381135095,false_negative
365158,2025-08-31 14:00:00,development,49.10035522183284,0.05,0.7300000000000031,2.24,0.4622376851762173,2.866755256637629,4.042727018181219,4.0853030410362585,0.1621762851648854,0,0.0,4.0853030410362585,14,1,0,4.0853030410362585,0.0,1,0,-4.0853030410362585,4.0853030410362585,16.689700937100103,false_negative
312592,2025-09-01 09:00:00,development,48.110962349327785,0.29,0.9600000000000032,1.9800000000000004,0.3746424912311825,0.7766834085096228,4.048455379981842,4.094119756617079,0.1747449022325618,0,0.0,4.094119756617079,9,1,0,4.094119756617079,0.0,1,0,-4.094119756617079,4.094119756617079,16.761816581522293,false_negative
628103,2025-09-01 10:00:00,development,51.05459095768401,0.23,1.0800000000000032,2.0400000000000005,0.4588414696216839,1.2355248776014822,4.045059164427308,4.049228772001101,0.1935720193702332,0,0.0,4.049228772001101,10,1,0,4.049228772001101,0.0,1,0,-4.049228772001101,4.049228772001101,16.39625364800154,false_negative
365204,2025-09-02 12:00:00,development,50.43347828312229,0.15,1.5400000000000031,4.19,0.5321375619350932,2.2870618191753165,4.03435786278602,4.130659981252407,0.3625342766819997,0,0.0,4.130659981252407,12,1,0,4.130659981252407,0.0,1,0,-4.130659981252407,4.130659981252407,17.062351880720136,false_negative
312691,2025-09-05 12:00:00,development,51.021384326561694,0.01,0.0700000000000031,0.6100000000000004,0.5265658987909383,2.263115495972788,3.8193328631707417,4.099639194142945,0.0339906392344893,0,0.0,4.099639194142945,12,1,0,4.099639194142945,0.0,1,0,-4.099639194142945,4.099639194142945,16.807041522153018,false_negative
260106,2025-09-05 12:00:00,development,49.47381199433297,0.01,0.0700000000000031,0.6100000000000004,0.5265658987909383,2.263115495972788,3.8193328631707417,4.159639194142947,0.1491743256815386,0,0.0,4.159639194142947,12,1,0,4.159639194142947,0.0,1,0,-4.159639194142947,4.159639194142947,17.30259822545019,false_negative
628202,2025-09-05 13:00:00,development,52.10342468035949,0.02,0.0800000000000031,0.4400000000000005,0.5086236009032252,2.635453813377112,3.872150952350001,4.271422816732688,0.3007529180001613,0,0.0,4.271422816732688,13,1,0,4.271422816732688,0.0,1,0,-4.271422816732688,4.271422816732688,18.24505287930461,false_negative
102352,2025-09-05 13:00:00,development,47.39245395582425,0.02,0.0800000000000031,0.4400000000000005,0.5086236009032252,2.635453813377112,3.872150952350001,4.046396369871566,0.3822691566145117,0,0.0,4.046396369871566,13,1,0,4.046396369871566,0.0,1,0,-4.046396369871566,4.046396369871566,16.373323582109787,false_negative
680809,2025-09-06 11:00:00,development,49.7905454151152,0.07,0.4900000000000031,0.8400000000000004,0.4990036614289457,1.7037050698603695,3.966820572092199,4.336546200234778,0.2231807305969476,0,0.0,4.336546200234778,11,1,0,4.336546200234778,0.0,1,0,-4.336546200234778,4.336546200234778,18.805632946770693,false_negative
733394,2025-09-06 11:00:00,development,52.93162478618082,0.07,0.4900000000000031,0.8400000000000004,0.4990036614289457,1.7037050698603695,3.966820572092199,4.390276470533351,0.1056969844928328,0,0.0,4.390276470533351,11,1,0,4.390276470533351,0.0,1,0,-4.390276470533351,4.390276470533351,19.274527487718778,false_negative
260150,2025-09-07 08:00:00,development,47.12800377127215,0.07,0.3200000000000031,0.8700000000000004,0.2559011871792607,0.3883653912860167,3.920371208170344,4.026565540910159,0.0361721376085138,0,0.0,4.026565540910159,8,1,0,4.026565540910159,0.0,1,0,-4.026565540910159,4.026565540910159,16.213230055245123,false_negative
102395,2025-09-07 08:00:00,development,46.197253724818594,0.07,0.3200000000000031,0.8700000000000004,0.2559011871792607,0.3883653912860167,3.920371208170344,4.030911806234048,0.4217518255674092,0,0.0,4.030911806234048,8,1,0,4.030911806234048,0.0,1,0,-4.030911806234048,4.030911806234048,16.248249989637035,false_negative
523076,2025-09-07 09:00:00,development,49.53336319706102,0.06,0.3500000000000031,0.8300000000000005,0.3618989293242911,0.7502643200985055,3.916974104027325,4.029815538425947,0.1685773455727471,0,0.0,4.029815538425947,9,1,0,4.029815538425947,0.0,1,0,-4.029815538425947,4.029815538425947,16.239413273739203,false_negative
49816,2025-09-07 14:00:00,development,48.24469916446365,0.03,0.2900000000000031,0.7100000000000004,0.4432338575370078,2.7488952799890995,3.894567640412314,4.223112284222548,0.3767916034053488,0,0.0,4.223112284222548,14,1,0,4.223112284222548,0.0,1,0,-4.223112284222548,4.223112284222548,17.83467736515139,false_negative
154986,2025-09-07 14:00:00,development,47.78243001852305,0.03,0.2900000000000031,0.7100000000000004,0.4432338575370078,2.7488952799890995,3.894567640412314,4.158911130545423,0.427993904352346,0,0.0,4.158911130545423,14,1,0,4.158911130545423,0.0,1,0,-4.158911130545423,4.158911130545423,17.29654179177461,false_negative
260175,2025-09-08 09:00:00,development,47.67175717762287,0.07,0.3300000000000031,0.8200000000000005,0.3735865827082739,0.7744943705605318,3.911755044972586,4.308238254177446,0.3974860992545072,0,0.0,4.308238254177446,9,1,0,4.308238254177446,0.0,1,0,-4.308238254177446,4.308238254177446,18.56091685475793,false_negative
575713,2025-09-09 13:00:00,development,50.669173510083326,0.01,0.1200000000000031,0.2300000000000004,0.5140330658889548,2.6634831755609625,4.033260547782998,4.292409118342988,0.2709133553577634,0,0.0,4.292409118342988,13,1,0,4.292409118342988,0.0,1,0,-4.292409118342988,4.292409118342988,18.42477603923403,false_negative
680903,2025-09-10 09:00:00,development,50.83034276751762,0.0,0.0300000000000031,0.1400000000000004,0.4010341315780595,0.8313967676734766,4.093484132787867,4.236132355609932,0.299396084233457,0,0.0,4.236132355609932,9,1,0,4.236132355609932,0.0,1,0,-4.236132355609932,4.236132355609932,17.944817334245354,false_negative
312810,2025-09-10 11:00:00,development,50.6119119423167,0.0,0.0100000000000031,0.0900000000000004,0.54782281131267,1.8703840736275952,4.157568935172906,4.25224778957962,0.1512272946346141,0,0.0,4.25224778957962,11,1,0,4.25224778957962,0.0,1,0,-4.25224778957962,4.25224778957962,18.081611263984765,false_negative
628321,2025-09-10 12:00:00,development,49.70609343051594,0.0,0.0,0.0700000000000004,0.5671479076172878,2.437531980677736,4.192550653750965,4.456640691308991,0.389906694907971,0,0.0,4.456640691308991,12,1,0,4.456640691308991,0.0,1,0,-4.456640691308991,4.456640691308991,19.86164625143108,false_negative
575736,2025-09-10 12:00:00,development,50.33942019945051,0.0,0.0,0.0700000000000004,0.5671479076172878,2.437531980677736,4.192550653750965,4.0286698680004704,0.2446580262052419,0,0.0,4.0286698680004704,12,1,0,4.0286698680004704,0.0,1,0,-4.0286698680004704,4.0286698680004704,16.23018090533493,false_negative
312835,2025-09-11 12:00:00,mid,49.01863485976678,0.0,0.0800000000000031,0.0800000000000004,0.5755745166032921,2.473748510115964,4.344132590608327,4.085163172033422,0.299848991486223,0,0.0,4.085163172033422,12,1,0,4.085163172033422,0.0,1,0,-4.085163172033422,4.085163172033422,16.68855814213817,false_negative
628366,2025-09-12 09:00:00,mid,47.680074548900606,0.0,0.0700000000000031,0.1600000000000004,0.3990674326132533,0.8273195407404657,4.355492500354439,4.078921974287113,0.0774479788094477,0,0.0,4.078921974287113,9,1,0,4.078921974287113,0.0,1,0,-4.078921974287113,4.078921974287113,16.637604472322277,false_negative
575781,2025-09-12 09:00:00,mid,46.73443700496964,0.0,0.0700000000000031,0.1600000000000004,0.3990674326132533,0.8273195407404657,4.355492500354439,4.413037657105395,0.4078385858846213,0,0.0,4.413037657105395,9,1,0,4.413037657105395,0.0,1,0,-4.413037657105395,4.413037657105395,19.474901363030273,false_negative
733537,2025-09-12 10:00:00,mid,48.634982610645245,0.0,0.0600000000000031,0.1300000000000004,0.488755791305652,1.316075331481751,4.34578613843358,4.159781043024488,0.0927855589301176,0,0.0,4.159781043024488,10,1,0,4.159781043024488,0.0,1,0,-4.159781043024488,4.159781043024488,17.303778325905895,false_negative
523200,2025-09-12 13:00:00,mid,49.12582024569655,0.0,0.0200000000000031,0.1100000000000004,0.5451362505661661,2.8246455882373764,4.312926117110769,4.173850347148516,0.3465313949412135,0,0.0,4.173850347148516,13,1,0,4.173850347148516,0.0,1,0,-4.173850347148516,4.173850347148516,17.421026720391787,false_negative
628390,2025-09-13 09:00:00,mid,48.549256838468274,0.01,0.0500000000000031,0.1000000000000004,0.4067565156483763,0.8432600262961942,4.30273023004367,4.310009706601008,0.1690070455862563,0,0.0,4.310009706601008,9,1,0,4.310009706601008,0.0,1,0,-4.310009706601008,4.310009706601008,18.576183670994908,false_negative
680976,2025-09-13 10:00:00,mid,48.821825047535846,0.01,0.0500000000000031,0.1100000000000004,0.4981729563161791,1.341432982037133,4.312147395054197,4.330308317027928,0.146255870541784,0,0.0,4.330308317027928,10,1,0,4.330308317027928,0.0,1,0,-4.330308317027928,4.330308317027928,18.751570120521247,false_negative
681025,2025-09-15 11:00:00,mid,49.93336051202752,0.04,0.4000000000000031,1.2000000000000006,0.527729196216778,1.8017801803963056,4.308817817757235,4.2932547356409785,0.4194786062293386,0,0.0,4.2932547356409785,11,1,0,4.2932547356409785,0.0,1,0,-4.2932547356409785,4.2932547356409785,18.432036225103687,false_negative
733610,2025-09-15 11:00:00,mid,49.23996198652419,0.04,0.4000000000000031,1.2000000000000006,0.527729196216778,1.8017801803963056,4.308817817757235,4.321453811404687,0.3997149692091709,0,0.0,4.321453811404687,11,1,0,4.321453811404687,0.0,1,0,-4.321453811404687,4.321453811404687,18.6749630441041,false_negative
207763,2025-09-15 14:00:00,mid,47.5445579000363,0.07,0.3900000000000031,1.2300000000000004,0.4731490533314306,2.9344265500418905,4.204107752047775,4.101123236125726,0.2939733147386115,0,0.0,4.101123236125726,14,1,0,4.101123236125726,0.0,1,0,-4.101123236125726,4.101123236125726,16.81921179789035,false_negative
628464,2025-09-16 11:00:00,mid,48.25203926765281,0.03,0.3500000000000031,1.8200000000000005,0.5543656813553189,1.8927228292815672,4.240848482384052,4.363223173809793,0.2150684860907761,0,0.0,4.363223173809793,11,1,0,4.363223173809793,0.0,1,0,-4.363223173809793,4.363223173809793,19.0377164644708,false_negative
50029,2025-09-16 11:00:00,mid,47.41320526541236,0.03,0.3500000000000031,1.8200000000000005,0.5543656813553189,1.8927228292815672,4.240848482384052,4.005271327163545,0.3588878851982625,0,0.0,4.005271327163545,11,1,0,4.005271327163545,0.0,1,0,-4.005271327163545,4.005271327163545,16.042198404198423,false_negative
470732,2025-09-17 10:00:00,mid,47.3442040642211,0.09,0.2500000000000031,0.5200000000000005,0.5055398528161704,1.3612698636162088,4.382279965165167,4.142430517911947,0.4259911103584787,0,0.0,4.142430517911947,10,1,0,4.142430517911947,0.0,1,0,-4.142430517911947,4.142430517911947,17.15973059572824,false_negative
628488,2025-09-17 11:00:00,mid,50.5247826695293,0.13,0.3600000000000031,0.6200000000000004,0.5638564386925796,1.9251263017250413,4.391770722502428,4.102814849203433,0.2414062127990911,0,0.0,4.102814849203433,11,1,0,4.102814849203433,0.0,1,0,-4.102814849203433,4.102814849203433,16.83308968684419,false_negative
733659,2025-09-17 12:00:00,mid,48.77351223989339,0.13,0.4700000000000031,0.7100000000000004,0.5837471401286937,2.508873441269988,4.401596277507399,4.05336779943525,0.4092534918138424,0,0.0,4.05336779943525,12,1,0,4.05336779943525,0.0,1,0,-4.05336779943525,4.05336779943525,16.429790517498564,false_negative
102642,2025-09-17 15:00:00,mid,46.13114960529965,0.03,0.5100000000000031,0.8100000000000005,0.4127715614542286,3.1353112846004194,4.426543931662377,4.119187609850684,0.3582919587353551,0,0.0,4.119187609850684,15,1,0,4.119187609850684,0.0,1,0,-4.119187609850684,4.119187609850684,16.967706565147388,false_negative
681099,2025-09-18 13:00:00,mid,49.34332670380056,0.0,0.0300000000000031,0.7400000000000004,0.5607661785575958,2.905632693937296,4.41715940906452,4.236444333028054,0.1555427125299193,0,0.0,4.236444333028054,13,1,0,4.236444333028054,0.0,1,0,-4.236444333028054,4.236444333028054,17.947460586845512,false_negative
260420,2025-09-18 14:00:00,mid,48.2597604583254,0.0,0.0,0.7000000000000005,0.5027692013761944,3.1181279613133226,4.414388757624543,4.0081708261446565,0.3756869970274045,0,0.0,4.0081708261446565,14,1,0,4.0081708261446565,0.0,1,0,-4.0081708261446565,4.0081708261446565,16.065433371557138,false_negative
102666,2025-09-18 15:00:00,mid,46.65960728153311,0.0,0.0,0.6700000000000005,0.4105093340259585,3.118127961313323,4.412126530196274,4.004188183197076,0.4096066776287765,0,0.0,4.004188183197076,15,1,0,4.004188183197076,0.0,1,0,-4.004188183197076,4.004188183197076,16.033523006455102,false_negative
681122,2025-09-19 12:00:00,mid,49.6273335907896,0.0,0.0300000000000031,0.1700000000000004,0.6027264654778426,2.5904442482656407,4.505019749040118,4.229256260359861,0.3385472576938902,0,0.0,4.229256260359861,12,1,0,4.229256260359861,0.0,1,0,-4.229256260359861,4.229256260359861,17.88660851579308,false_negative
365638,2025-09-20 14:00:00,mid,48.1881834309665,0.08,0.8700000000000032,1.4100000000000006,0.4777531603182323,2.9629807946000857,4.265144599701181,4.004193563834399,0.3753648749531315,0,0.0,4.004193563834399,14,1,0,4.004193563834399,0.0,1,0,-4.004193563834399,4.004193563834399,16.033566096652823,false_negative
155346,2025-09-22 14:00:00,mid,47.31452274812006,0.0,0.0,0.0,0.531710106056686,3.2976167682309567,4.635040033089684,4.08416173350178,0.1063763028750716,0,0.0,4.08416173350178,14,1,0,4.08416173350178,0.0,1,0,-4.08416173350178,4.08416173350178,16.680377065400265,false_negative
50177,2025-09-22 15:00:00,mid,45.84154804100899,0.0,0.0,0.0,0.4341394837526675,3.2976167682309567,4.6487846141872655,4.0655420923886965,0.2886866019035693,0,0.0,4.0655420923886965,15,1,0,4.0655420923886965,0.0,1,0,-4.0655420923886965,4.0655420923886965,16.52863250498426,false_negative
418291,2025-09-23 10:00:00,late,50.02209855485852,0.0,0.0200000000000031,0.0400000000000004,0.467129489783897,1.257842073788915,4.489637795694702,4.02294400746473,0.1351913371458526,0,0.0,4.02294400746473,10,1,0,4.02294400746473,0.0,1,0,-4.02294400746473,4.02294400746473,16.18407848719638,false_negative
523464,2025-09-23 13:00:00,late,52.339082957230005,0.0,0.0,0.0400000000000004,0.5210152454857163,2.69966162227734,4.271005887564061,4.126360168322247,0.011370927076005,0,0.0,4.126360168322247,13,1,0,4.126360168322247,0.0,1,0,-4.126360168322247,4.126360168322247,17.0268482387164,false_negative
470880,2025-09-23 14:00:00,late,50.33212072356639,0.0,0.0,0.0400000000000004,0.467129489783897,2.897093775160116,4.206425271291272,4.118705221122301,0.0678982285482651,0,0.0,4.118705221122301,14,1,0,4.118705221122301,0.0,1,0,-4.118705221122301,4.118705221122301,16.963732698500102,false_negative
733824,2025-09-24 09:00:00,late,51.58338364592211,0.01,0.0100000000000031,0.0100000000000004,0.3832225308608191,0.7944709648617977,4.100867696994307,4.113754754211279,0.2054174300616728,0,0.0,4.113754754211279,9,1,0,4.113754754211279,0.0,1,0,-4.113754754211279,4.113754754211279,16.922978177795905,false_negative
681239,2025-09-24 09:00:00,late,49.6204433021537,0.01,0.0100000000000031,0.0100000000000004,0.3832225308608191,0.7944709648617977,4.100867696994307,4.111488629832813,0.3384327349797577,0,0.0,4.111488629832813,9,1,0,4.111488629832813,0.0,1,0,-4.111488629832813,4.111488629832813,16.904338753244502,false_negative
260559,2025-09-24 09:00:00,late,49.88451883823115,0.01,0.0100000000000031,0.0100000000000004,0.3832225308608191,0.7944709648617977,4.100867696994307,4.103400744756801,0.3320651686560375,0,0.0,4.103400744756801,9,1,0,4.103400744756801,0.0,1,0,-4.103400744756801,4.103400744756801,16.837897672070667,false_negative
470904,2025-09-24 14:00:00,late,52.43990106234802,0.01,0.0400000000000031,0.0400000000000004,0.4693498291516908,2.9108641140101725,4.11282513634159,4.10406348617984,0.0694794149453678,0,0.0,4.10406348617984,14,1,0,4.10406348617984,0.0,1,0,-4.10406348617984,4.10406348617984,16.843337098594624,false_negative
628704,2025-09-26 11:00:00,late,51.77290501917013,0.05,0.2500000000000031,0.4400000000000004,0.4732233526224835,1.6156855898221665,3.9224996456025054,4.24443216733723,0.383455047588032,0,0.0,4.24443216733723,11,1,0,4.24443216733723,0.0,1,0,-4.24443216733723,4.24443216733723,18.015204423127017,false_negative
733874,2025-09-26 11:00:00,late,50.914334972551465,0.05,0.2500000000000031,0.4400000000000004,0.4732233526224835,1.6156855898221665,3.9224996456025054,4.243304573412011,0.2650772095498009,0,0.0,4.243304573412011,11,1,0,4.243304573412011,0.0,1,0,-4.243304573412011,4.243304573412011,18.005633702739292,false_negative
208027,2025-09-26 14:00:00,late,50.24083231326778,0.04,0.2700000000000031,0.5600000000000005,0.4242804508691218,2.6313480095287978,3.789917578407109,4.03760171411977,0.3533938733582471,0,0.0,4.03760171411977,14,1,0,4.03760171411977,0.0,1,0,-4.03760171411977,4.03760171411977,16.302227601862906,false_negative
470975,2025-09-27 13:00:00,late,52.43440082962481,0.08,0.8600000000000031,3.2500000000000004,0.4562479389779283,2.364067197215276,3.628780707314226,4.233963212050686,0.0588802767276808,0,0.0,4.233963212050686,13,1,0,4.233963212050686,0.0,1,0,-4.233963212050686,4.233963212050686,17.92644448099856,false_negative
628751,2025-09-28 10:00:00,late,50.82310354191385,0.03,0.1700000000000031,0.6800000000000005,0.41367404781675,1.1139023195028708,3.600220789083836,4.048246795412695,0.0259535940552985,0,0.0,4.048246795412695,10,1,0,4.048246795412695,0.0,1,0,-4.048246795412695,4.048246795412695,16.38830211656915,false_negative
208099,2025-09-29 14:00:00,late,48.69097639128417,0.0,0.0,0.1200000000000004,0.4198423051536133,2.603823041384308,3.671920824476836,4.248592627730989,0.2130117940210173,0,0.0,4.248592627730989,14,1,0,4.248592627730989,0.0,1,0,-4.248592627730989,4.248592627730989,18.050539316410113,false_negative
50345,2025-09-29 15:00:00,late,49.15986588838711,0.0,0.0,0.1100000000000004,0.3427998067757012,2.603823041384308,3.676957185503975,4.043586372988404,0.0398722534068274,0,0.0,4.043586372988404,15,1,0,4.043586372988404,0.0,1,0,-4.043586372988404,4.043586372988404,16.350590755817517,false_negative
628801,2025-09-30 12:00:00,late,51.100973974697375,0.0,0.0,0.0,0.507387647249767,2.1806897286601945,3.7794745974427153,4.606517759056004,0.0260310446254418,0,0.0,4.606517759056004,12,1,0,4.606517759056004,0.0,1,0,-4.606517759056004,4.606517759056004,21.22000586449835,false_negative
681387,2025-09-30 13:00:00,late,52.59221915545783,0.0,0.0,0.0,0.4900988324358862,2.539466974362015,3.801300185588043,4.319323711587508,0.2410996533777275,0,0.0,4.319323711587508,13,1,0,4.319323711587508,0.0,1,0,-4.319323711587508,4.319323711587508,18.656557325482083,false_negative
208140,2025-10-01 07:00:00,initial,48.75419154291001,0.03,0.1500000000000031,0.2600000000000004,0.1106638495319958,0.1106638516698543,3.8333340789058896,4.23720039030264,0.3744098602863582,0,0.0,4.23720039030264,7,1,0,4.23720039030264,0.0,1,0,-4.23720039030264,4.23720039030264,17.95386714758084,false_negative
471068,2025-10-01 10:00:00,initial,52.93719582087299,0.02,0.1700000000000031,0.3500000000000004,0.3702884564684958,0.9970777057982366,3.667866272076511,4.143298057530554,0.1460149980160162,0,0.0,4.143298057530554,10,1,0,4.143298057530554,0.0,1,0,-4.143298057530554,4.143298057530554,17.166918793536464,false_negative
365899,2025-10-01 11:00:00,initial,52.0244926524975,0.01,0.1600000000000031,0.3600000000000004,0.4130031078464165,1.4100808132170808,3.590770547487041,4.0162919245396935,0.2883103248958803,0,0.0,4.0162919245396935,11,1,0,4.0162919245396935,0.0,1,0,-4.0162919245396935,4.0162919245396935,16.130600823122755,false_negative
733995,2025-10-01 12:00:00,initial,54.08993501922964,0.01,0.1400000000000031,0.3700000000000004,0.4275722799736486,1.8376530927631567,3.5109551802109222,4.127041902902128,0.3674586954220132,0,0.0,4.127041902902128,12,1,0,4.127041902902128,0.0,1,0,-4.127041902902128,4.127041902902128,17.03247486831002,false_negative
260731,2025-10-01 13:00:00,initial,52.70454375203972,0.01,0.1200000000000031,0.3800000000000004,0.4130031078464165,2.139992351077578,3.433859455621452,4.185477860742285,0.1139473773912681,0,0.0,4.185477860742285,13,1,0,4.185477860742285,0.0,1,0,-4.185477860742285,4.185477860742285,17.518224922763814,false_negative
681431,2025-10-02 09:00:00,initial,51.92980180972604,0.18,0.4100000000000031,0.5500000000000005,0.3119081565952429,0.6466268399247257,3.2675715013326534,4.346026418813061,0.0326884388822946,0,0.0,4.346026418813061,9,1,0,4.346026418813061,0.0,1,0,-4.346026418813061,4.346026418813061,18.88794563302108,false_negative
471094,2025-10-02 12:00:00,initial,53.64472171932879,0.05,0.4600000000000031,0.6900000000000004,0.4411047450890721,1.895813964121797,3.3058947825644784,4.1852709562243575,0.3806809466691779,0,0.0,4.1852709562243575,12,1,0,4.1852709562243575,0.0,1,0,-4.1852709562243575,4.1852709562243575,17.516492977015147,false_negative
734041,2025-10-03 10:00:00,initial,53.98170641714138,0.01,0.2400000000000031,1.1800000000000004,0.384550996253043,1.0354825229044982,3.3573709572883565,4.197860389837103,0.1515452354261887,0,0.0,4.197860389837103,10,1,0,4.197860389837103,0.0,1,0,-4.197860389837103,4.197860389837103,17.622031852563317,false_negative
628871,2025-10-03 10:00:00,initial,52.04479347898552,0.01,0.2400000000000031,1.1800000000000004,0.384550996253043,1.0354825229044982,3.3573709572883565,4.066127445080063,0.4176728272611009,0,0.0,4.066127445080063,10,1,0,4.066127445080063,0.0,1,0,-4.066127445080063,4.066127445080063,16.533392399633325,false_negative
681457,2025-10-03 11:00:00,initial,52.0408808170411,0.01,0.220000000000003,1.1600000000000004,0.4289109039278271,1.464393426388284,3.360207395820963,4.442815532495246,0.1020375992320983,0,0.0,4.442815532495246,11,1,0,4.442815532495246,0.0,1,0,-4.442815532495246,4.442815532495246,19.738609855781014,false_negative
418534,2025-10-03 13:00:00,initial,53.18007001641609,0.01,0.1600000000000031,1.0800000000000003,0.4289109039278271,2.222419241553618,3.36598033160347,4.122373951941661,0.2481234642233806,0,0.0,4.122373951941661,13,1,0,4.122373951941661,0.0,1,0,-4.122373951941661,4.122373951941661,16.99396699964711,false_negative
313364,2025-10-03 13:00:00,initial,52.090851326162486,0.01,0.1600000000000031,1.0800000000000003,0.4289109039278271,2.222419241553618,3.36598033160347,4.098922457495789,0.0903687786736117,0,0.0,4.098922457495789,13,1,0,4.098922457495789,0.0,1,0,-4.098922457495789,4.098922457495789,16.801165312563317,false_negative
471142,2025-10-04 12:00:00,initial,51.800262962975445,0.26,1.1600000000000033,2.8500000000000005,0.4200245428324877,1.8052138464638592,3.269607278012528,4.269192419620776,0.0766512529754847,0,0.0,4.269192419620776,12,1,0,4.269192419620776,0.0,1,0,-4.269192419620776,4.269192419620776,18.226003915747494,false_negative
734113,2025-10-06 10:00:00,initial,52.985221284365664,0.13,0.690000000000003,1.2400000000000004,0.3862234089834174,1.039985837602053,3.3668228180517947,4.129167977745176,0.0926292718431408,0,0.0,4.129167977745176,10,1,0,4.129167977745176,0.0,1,0,-4.129167977745176,4.129167977745176,17.050028188436187,false_negative
681529,2025-10-06 11:00:00,initial,53.75114052357272,0.14,0.7900000000000031,1.2400000000000009,0.4307762379483202,1.4707620751044008,3.370616515485441,4.047876432947568,0.1041167298902108,0,0.0,4.047876432947568,11,1,0,4.047876432947568,0.0,1,0,-4.047876432947568,4.047876432947568,16.385303616412326,false_negative
313437,2025-10-06 14:00:00,initial,51.6969104573203,0.07,0.6500000000000031,1.3800000000000003,0.3862234089834174,2.395321765073351,3.38173907357593,4.068940078139402,0.1297868988064532,0,0.0,4.068940078139402,14,1,0,4.068940078139402,0.0,1,0,-4.068940078139402,4.068940078139402,16.556273359489083,false_negative
471211,2025-10-07 09:00:00,initial,50.26257317185423,0.05,0.3200000000000031,1.4000000000000004,0.3271076639194348,0.6781374278386196,3.411871532173856,4.003564103121576,0.2725403075267364,0,0.0,4.003564103121576,9,1,0,4.003564103121576,0.0,1,0,-4.003564103121576,4.003564103121576,16.02852552780367,false_negative
628969,2025-10-07 12:00:00,initial,53.276965703163945,0.03,0.2800000000000031,1.1200000000000006,0.4626000944794299,1.9881983331217008,3.45896041369417,4.182005027951384,0.3854638356788605,0,0.0,4.182005027951384,12,1,0,4.182005027951384,0.0,1,0,-4.182005027951384,4.182005027951384,17.489166053810653,false_negative
50536,2025-10-07 14:00:00,initial,51.614071863538605,0.02,0.1900000000000031,1.0000000000000004,0.4006234336742443,2.484629382781765,3.489421578953884,4.006492492884977,0.2413566794164638,0,0.0,4.006492492884977,14,1,0,4.006492492884977,0.0,1,0,-4.006492492884977,4.006492492884977,16.05198209554368,false_negative
155707,2025-10-07 15:00:00,initial,51.68829267648136,0.01,0.1500000000000031,0.9500000000000004,0.3271076639194348,2.4846293827817645,3.5011791498822697,4.044661258922762,0.0263837067537889,0,0.0,4.044661258922762,15,1,0,4.044661258922762,0.0,1,0,-4.044661258922762,4.044661258922762,16.359284699430663,false_negative
681575,2025-10-08 09:00:00,initial,51.654740369440376,0.01,0.0100000000000031,0.1600000000000004,0.3171817692255854,0.6575597360290448,3.493218885912054,4.200767626878523,0.263324920480336,0,0.0,4.200767626878523,9,1,0,4.200767626878523,0.0,1,0,-4.200767626878523,4.200767626878523,17.64644865503062,false_negative
471236,2025-10-08 10:00:00,initial,52.17680124158632,0.01,0.0200000000000031,0.1300000000000004,0.3884667450571341,1.0460264806376165,3.481062197294944,4.165719945508695,0.2273069364381613,0,0.0,4.165719945508695,10,1,0,4.165719945508695,0.0,1,0,-4.165719945508695,4.165719945508695,17.35322266440896,false_negative
523822,2025-10-08 11:00:00,initial,53.54822724160721,0.0,0.0200000000000031,0.1000000000000004,0.4332783542152576,1.479304834404311,3.467503172992995,4.056761265162063,0.0787428477473458,0,0.0,4.056761265162063,11,1,0,4.056761265162063,0.0,1,0,-4.056761265162063,4.056761265162063,16.457311962519302,false_negative
260899,2025-10-08 13:00:00,initial,52.98462012281781,0.0,0.0200000000000031,0.0500000000000004,0.4332783542152576,2.2450493623232863,3.4399068138021307,4.23207867743999,0.2891693854734506,0,0.0,4.23207867743999,13,1,0,4.23207867743999,0.0,1,0,-4.23207867743999,4.23207867743999,17.910489932042214,false_negative
629014,2025-10-09 09:00:00,initial,51.35621229330534,0.0,0.0700000000000031,0.3900000000000004,0.3233634803766878,0.6703752404089189,3.4199879377481768,4.114825543590385,0.0485932743772703,0,0.0,4.114825543590385,9,1,0,4.114825543590385,0.0,1,0,-4.114825543590385,4.114825543590385,16.931789254183908,false_negative
681600,2025-10-09 10:00:00,initial,52.58256930360907,0.01,0.0600000000000031,0.3900000000000004,0.396037764083906,1.06641300403552,3.4275589567749485,4.300300653628888,0.2684197048737287,0,0.0,4.300300653628888,10,1,0,4.300300653628888,0.0,1,0,-4.300300653628888,4.300300653628888,18.49258571160104,false_negative
313507,2025-10-09 12:00:00,initial,52.200422522017874,0.0,0.0300000000000031,0.4000000000000004,0.4573050193354561,1.965440751139687,3.444745590987953,4.381358939046187,0.1999865601730102,0,0.0,4.381358939046187,12,1,0,4.381358939046187,0.0,1,0,-4.381358939046187,4.381358939046187,19.19630615275993,false_negative
523848,2025-10-09 13:00:00,initial,52.31101584958344,0.0,0.0200000000000031,0.4000000000000004,0.4417227286833211,2.28880423105907,3.453189965456016,4.152030606921223,0.0960955179909863,0,0.0,4.152030606921223,13,1,0,4.152030606921223,0.0,1,0,-4.152030606921223,4.152030606921223,17.23935816081062,false_negative
103188,2025-10-10 09:00:00,initial,50.71384519315421,0.02,0.0500000000000031,0.0700000000000004,0.3329864069748798,0.6903248393066845,3.49352608784109,4.048766048048826,0.4127112000925557,0,0.0,4.048766048048826,9,1,0,4.048766048048826,0.0,1,0,-4.048766048048826,4.048766048048826,16.392506511832906,false_negative
734210,2025-10-10 11:00:00,initial,52.6433960477484,0.01,0.0700000000000031,0.0700000000000004,0.4548678908702233,1.553016123314841,3.518456880023847,4.534249705811796,0.1178821066071846,0,0.0,4.534249705811796,11,1,0,4.534249705811796,0.0,1,0,-4.534249705811796,4.534249705811796,20.559420394654357,false_negative
208361,2025-10-10 12:00:00,initial,54.03227423623324,0.01,0.0700000000000031,0.0800000000000004,0.4709138926347032,2.0239300154786304,3.532065753323095,4.043539846488368,0.1695492200175089,0,0.0,4.043539846488368,12,1,0,4.043539846488368,0.0,1,0,-4.043539846488368,4.043539846488368,16.350214490139177,false_negative
471288,2025-10-10 14:00:00,initial,52.24214249272949,0.01,0.0700000000000031,0.1000000000000004,0.4078233940797611,2.529282869509549,3.556996545505852,4.032339482003454,0.1887412635346358,0,0.0,4.032339482003454,14,1,0,4.032339482003454,0.0,1,0,-4.032339482003454,4.032339482003454,16.259761698123885,false_negative
313533,2025-10-10 14:00:00,initial,53.40533012089005,0.01,0.0700000000000031,0.1000000000000004,0.4078233940797611,2.529282869509549,3.556996545505852,4.108339724622443,0.1352495025924557,0,0.0,4.108339724622443,14,1,0,4.108339724622443,0.0,1,0,-4.108339724622443,4.108339724622443,16.87845529291081,false_negative
629064,2025-10-11 11:00:00,initial,54.34668610343997,0.01,0.0900000000000031,0.5200000000000005,0.4578383247936614,1.5631578191103288,3.5870878402583832,4.16158637487522,0.0126133298840669,0,0.0,4.16158637487522,11,1,0,4.16158637487522,0.0,1,0,-4.16158637487522,4.16158637487522,17.318801155547078,false_negative
734236,2025-10-11 13:00:00,initial,53.77762407347053,0.0,0.0500000000000031,0.5100000000000005,0.4578383247936614,2.3723078458115494,3.59313349366813,4.21260113760961,0.0789337752225966,0,0.0,4.21260113760961,13,1,0,4.21260113760961,0.0,1,0,-4.21260113760961,4.21260113760961,17.746008344589782,false_negative
681651,2025-10-11 13:00:00,initial,52.87740886105456,0.0,0.0500000000000031,0.5100000000000005,0.4578383247936614,2.3723078458115494,3.59313349366813,4.20888809520531,0.4193275605588679,0,0.0,4.20888809520531,13,1,0,4.20888809520531,0.0,1,0,-4.20888809520531,4.20888809520531,17.714738997960986,false_negative
208388,2025-10-11 15:00:00,initial,51.25740231167925,0.0,0.0300000000000031,0.4900000000000004,0.3351609155281868,2.545799901791579,3.5979712204192054,4.006513492471239,0.0615137803269401,0,0.0,4.006513492471239,15,1,0,4.006513492471239,0.0,1,0,-4.006513492471239,4.006513492471239,16.052150365354084,false_negative
471331,2025-10-12 09:00:00,initial,52.61468665209528,0.01,0.0700000000000031,0.1900000000000004,0.3377956438147064,0.7002950230111848,3.605766895594529,4.186377916432029,0.1773619785783049,0,0.0,4.186377916432029,9,1,0,4.186377916432029,0.0,1,0,-4.186377916432029,4.186377916432029,17.52576005918978,false_negative
629089,2025-10-12 12:00:00,initial,52.95625842710734,0.01,0.06,0.1900000000000004,0.477715180595433,2.053161114970343,3.616318939794629,4.14423054018112,0.0279289631807648,0,0.0,4.14423054018112,12,1,0,4.14423054018112,0.0,1,0,-4.14423054018112,4.14423054018112,17.174646770169897,false_negative
681695,2025-10-13 09:00:00,initial,54.13677511692598,0.02,0.1200000000000031,0.2400000000000004,0.3447184054282267,0.7146468229595007,3.642958855543033,4.133074133100749,0.0058163933274294,0,0.0,4.133074133100749,9,1,0,4.133074133100749,0.0,1,0,-4.133074133100749,4.133074133100749,17.082301789706506,false_negative
629134,2025-10-14 09:00:00,initial,51.27100448972138,0.0,0.0300000000000031,0.0600000000000004,0.350817165068256,0.7272903578915164,3.715615023855405,4.733350150143288,0.1726860880411015,0,0.0,4.733350150143288,9,1,0,4.733350150143288,0.0,1,0,-4.733350150143288,4.733350150143288,22.404603643861485,false_negative
261043,2025-10-14 13:00:00,initial,53.20830413166992,0.0,0.0,0.0300000000000004,0.4792251593852802,2.483124596509816,3.748371518230849,4.165129336458875,0.2544250022536381,0,0.0,4.165129336458875,13,1,0,4.165129336458875,0.0,1,0,-4.165129336458875,4.165129336458875,17.34830238943035,false_negative
471406,2025-10-15 12:00:00,initial,52.69591726300181,0.03,0.160000000000003,0.1700000000000004,0.4865824882707288,2.0912717131947973,3.7274487589680487,4.173477623994071,0.185481295640492,0,0.0,4.173477623994071,12,1,0,4.173477623994071,0.0,1,0,-4.173477623994071,4.173477623994071,17.417915477979193,false_negative
734331,2025-10-15 12:00:00,initial,54.48410577872479,0.03,0.160000000000003,0.1700000000000004,0.4865824882707288,2.0912717131947973,3.7274487589680487,4.193375770923218,0.4064391223134258,0,0.0,4.193375770923218,12,1,0,4.193375770923218,0.0,1,0,-4.193375770923218,4.193375770923218,17.584400356165894,false_negative
366238,2025-10-15 14:00:00,initial,51.64682193909733,0.01,0.1700000000000031,0.2000000000000004,0.4213927959442844,2.613439041479217,3.709957463982347,4.140156163954501,0.2956177658438133,0,0.0,4.140156163954501,14,1,0,4.140156163954501,0.0,1,0,-4.140156163954501,4.140156163954501,17.14089306193045,false_negative
681791,2025-10-17 09:00:00,development,49.07683649225992,0.02,0.3700000000000031,0.6200000000000004,0.4369287355530151,0.9058110266400828,4.6654295813811695,4.407232807165272,0.4260977957446235,0,0.0,4.407232807165272,9,1,0,4.407232807165272,0.0,1,0,-4.407232807165272,4.407232807165272,19.423701016553885,false_negative
681843,2025-10-19 13:00:00,development,52.08562291998382,0.02,0.1700000000000031,0.1700000000000004,0.646942366803891,3.352158107883266,4.988245542598183,4.073190956790569,0.0186204085160094,0,0.0,4.073190956790569,13,1,0,4.073190956790569,0.0,1,0,-4.073190956790569,4.073190956790569,16.59088457048047,false_negative
471524,2025-10-20 10:00:00,development,50.14331745175602,0.14,1.0300000000000031,1.7200000000000004,0.4450784326555976,1.198465074404163,4.723970874100563,4.137559237794797,0.4017991887974166,0,0.0,4.137559237794797,10,1,0,4.137559237794797,0.0,1,0,-4.137559237794797,4.137559237794797,17.11939644626106,false_negative
418939,2025-10-20 10:00:00,development,51.74249535295638,0.14,1.0300000000000031,1.7200000000000004,0.4450784326555976,1.198465074404163,4.723970874100563,4.039422284186696,0.1984965106506137,0,0.0,4.039422284186696,10,1,0,4.039422284186696,0.0,1,0,-4.039422284186696,4.039422284186696,16.31693238998406,false_negative
366354,2025-10-20 10:00:00,development,48.202693632451634,0.14,1.0300000000000031,1.7200000000000004,0.4450784326555976,1.198465074404163,4.723970874100563,4.237422284186685,0.3203912306713219,0,0.0,4.237422284186685,10,1,0,4.237422284186685,0.0,1,0,-4.237422284186685,4.237422284186685,17.955747614521904,false_negative
524111,2025-10-20 12:00:00,development,48.906141368731234,0.2,1.1600000000000033,2.0200000000000005,0.5139323057289066,2.208817866190557,4.417617277684367,4.022146288734032,0.1208354664802897,0,0.0,4.022146288734032,12,1,0,4.022146288734032,0.0,1,0,-4.022146288734032,4.022146288734032,16.177660767976942,false_negative
471720,2025-10-28 14:00:00,development,50.45747634051877,0.06,0.4500000000000033,1.3100000000000005,0.5028019621492632,3.1183311405897403,4.36639362177173,4.037019696366325,0.2982305544921712,0,0.0,4.037019696366325,14,1,0,4.037019696366325,0.0,1,0,-4.037019696366325,4.037019696366325,16.29752802884966,false_negative
629494,2025-10-29 09:00:00,development,49.626190934538585,0.04,0.3100000000000033,0.8500000000000004,0.4206158491290468,0.8719922566741853,4.430882887515547,4.141864665276891,0.2708310056974953,0,0.0,4.141864665276891,9,1,0,4.141864665276891,0.0,1,0,-4.141864665276891,4.141864665276891,17.155042905469255,false_negative
734665,2025-10-29 10:00:00,development,50.03169417123498,0.02,0.3000000000000034,0.7800000000000005,0.5151471039131311,1.3871393599924755,4.443228029279416,4.401902152923604,0.2260617156993502,0,0.0,4.401902152923604,10,1,0,4.401902152923604,0.0,1,0,-4.401902152923604,4.401902152923604,19.37674256391346,false_negative
629518,2025-10-30 09:00:00,development,49.17718118117848,0.0,0.0,0.0300000000000004,0.4276169029803394,0.886506366780895,4.532777343479648,4.576036564678439,0.4077716343314115,0,0.0,4.576036564678439,9,1,0,4.576036564678439,0.0,1,0,-4.576036564678439,4.576036564678439,20.940110641274053,false_negative
471766,2025-10-30 12:00:00,development,52.48721217381736,0.0,0.0,0.0,0.604741623444284,2.5991051494579853,4.560816450989935,4.172919463764263,0.3629550336701228,0,0.0,4.172919463764263,12,1,0,4.172919463764263,0.0,1,0,-4.172919463764263,4.172919463764263,17.413256851062624,false_negative
734714,2025-10-31 11:00:00,mid,51.10224288944538,0.01,0.0700000000000033,0.1200000000000004,0.6077677652407802,2.075048948485253,4.674154105346938,4.374780070828038,0.2920063102587646,0,0.0,4.374780070828038,11,1,0,4.374780070828038,0.0,1,0,-4.374780070828038,4.374780070828038,19.138700668114172,false_negative
471791,2025-10-31 13:00:00,mid,50.31848413494396,0.01,0.06,0.1400000000000004,0.6077677652407802,3.1491733213069293,4.722252185358666,4.14636199006193,0.0290764612845531,0,0.0,4.14636199006193,13,1,0,4.14636199006193,0.0,1,0,-4.14636199006193,4.14636199006193,17.192317752630327,false_negative
682151,2025-11-01 09:00:00,mid,47.54814579136561,0.02,0.1000000000000033,0.2200000000000004,0.4351247258547448,0.9020710760625804,4.759004957103095,4.38158158770873,0.2161649278765575,0,0.0,4.38158158770873,9,1,0,4.38158158770873,0.0,1,0,-4.38158158770873,4.38158158770873,19.198257209748157,false_negative
629567,2025-11-01 10:00:00,mid,48.07853682447914,0.02,0.1000000000000033,0.2300000000000004,0.532916776267971,1.434987851715192,4.747012062216715,4.504074231960871,0.407622345358,0,0.0,4.504074231960871,10,1,0,4.504074231960871,0.0,1,0,-4.504074231960871,4.504074231960871,20.28668468701391,false_negative
682175,2025-11-02 09:00:00,mid,47.58376666093396,0.0,0.0400000000000033,0.1500000000000004,0.4456759028866909,0.9239450608154296,4.695991840368092,4.699284125042617,0.221251948583411,0,0.0,4.699284125042617,9,1,0,4.699284125042617,0.0,1,0,-4.699284125042617,4.699284125042617,22.08327128787755,false_negative
471837,2025-11-02 11:00:00,mid,50.05202066241137,0.0,0.0200000000000033,0.1100000000000004,0.6088046049670874,2.078588940743593,4.723327516181763,4.011161124236367,0.403175990502969,0,0.0,4.011161124236367,11,1,0,4.011161124236367,0.0,1,0,-4.011161124236367,4.011161124236367,16.089413564585158,false_negative
366667,2025-11-02 11:00:00,mid,47.75960857180332,0.0,0.0200000000000033,0.1100000000000004,0.6088046049670874,2.078588940743593,4.723327516181763,4.022694810780592,0.1721192110263769,0,0.0,4.022694810780592,11,1,0,4.022694810780592,0.0,1,0,-4.022694810780592,4.022694810780592,16.182073540681106,false_negative
682227,2025-11-04 13:00:00,mid,52.62525163079738,0.01,0.0500000000000033,0.0500000000000004,0.6338685952101311,3.2844158302130806,4.9024905577762885,4.05907020255939,4.844038579063194e-05,0,0.0,4.05907020255939,13,1,0,4.05907020255939,0.0,1,0,-4.05907020255939,4.05907020255939,16.476050909305528,false_negative
629663,2025-11-05 10:00:00,mid,48.99793617404821,0.0,0.1900000000000033,0.4500000000000004,0.555774176221157,1.4965360947341435,4.950796510767766,4.571098995482572,0.3061483155735824,0,0.0,4.571098995482572,10,1,0,4.571098995482572,0.0,1,0,-4.571098995482572,4.571098995482572,20.894946026501778,false_negative
261591,2025-11-06 09:00:00,mid,47.89623181183983,0.0,0.0,0.0,0.4846667317984374,1.0047782033676014,4.938612312165319,4.062854636041905,0.1302972837552592,0,0.0,4.062854636041905,9,1,0,4.062854636041905,0.0,1,0,-4.062854636041905,4.062854636041905,16.506787793607202,false_negative
156421,2025-11-06 09:00:00,mid,46.717205361880346,0.0,0.0,0.0,0.4846667317984374,1.0047782033676014,4.938612312165319,4.133962080464634,0.4072983584427442,0,0.0,4.133962080464634,9,1,0,4.133962080464634,0.0,1,0,-4.133962080464634,4.133962080464634,17.089642482719487,false_negative
734857,2025-11-06 10:00:00,mid,50.47943425612905,0.0,0.0,0.0,0.5935930939502139,1.598371296632393,4.976431229894375,4.0771883800915845,0.0743565370900715,0,0.0,4.0771883800915845,10,1,0,4.0771883800915845,0.0,1,0,-4.0771883800915845,4.0771883800915845,16.62346508675384,false_negative
524517,2025-11-06 10:00:00,mid,48.19922161423409,0.0,0.0,0.0,0.5935930939502139,1.598371296632393,4.976431229894375,4.179071632042412,0.3820915752716964,0,0.0,4.179071632042412,10,1,0,4.179071632042412,0.0,1,0,-4.179071632042412,4.179071632042412,17.464639705741625,false_negative
419347,2025-11-06 10:00:00,mid,49.75573320025214,0.0,0.0,0.0,0.5935930939502139,1.598371296632393,4.976431229894375,4.225083423246026,0.3480013596072573,0,0.0,4.225083423246026,10,1,0,4.225083423246026,0.0,1,0,-4.225083423246026,4.225083423246026,17.85132993338836,false_negative
314177,2025-11-06 10:00:00,mid,48.9119164390692,0.0,0.0,0.0,0.5935930939502139,1.598371296632393,4.976431229894375,4.238229649304202,0.3689070134958668,0,0.0,4.238229649304202,10,1,0,4.238229649304202,0.0,1,0,-4.238229649304202,4.238229649304202,17.962590560241217,false_negative
261614,2025-11-07 08:00:00,mid,46.58809017817727,0.0,0.0,0.0200000000000004,0.3351890072528141,0.5086956078297588,5.19488313553004,4.0263166432763065,0.3661134153085111,0,0.0,4.0263166432763065,8,1,0,4.0263166432763065,0.0,1,0,-4.0263166432763065,4.0263166432763065,16.211225711923785,false_negative
156444,2025-11-07 08:00:00,mid,46.435479291133696,0.0,0.0,0.0200000000000004,0.3351890072528141,0.5086956078297588,5.19488313553004,4.176544367821922,0.3437539464946373,0,0.0,4.176544367821922,8,1,0,4.176544367821922,0.0,1,0,-4.176544367821922,4.176544367821922,17.44352285638502,false_negative
314200,2025-11-07 09:00:00,mid,47.891521888103895,0.02,0.0200000000000033,0.0400000000000004,0.4740288397376238,0.9827244468970048,5.184245243469226,4.02711300556237,0.1355791853444085,0,0.0,4.02711300556237,9,1,0,4.02711300556237,0.0,1,0,-4.02711300556237,4.02711300556237,16.217639159569586,false_negative
629735,2025-11-08 10:00:00,mid,50.04045475548407,0.01,0.0900000000000033,0.3900000000000004,0.5939923578355588,1.599446396630391,5.128184126938261,5.011678843664505,0.3891511774316548,0,0.0,5.011678843664505,10,1,0,5.011678843664505,0.0,1,0,-5.011678843664505,5.011678843664505,25.116924832034393,false_negative
314247,2025-11-09 08:00:00,mid,47.90598961371457,0.0,0.0800000000000033,0.2100000000000004,0.3516442488844651,0.5336687094609968,5.223008270964631,4.004072379267875,0.1157767086188737,0,0.0,4.004072379267875,8,1,0,4.004072379267875,0.0,1,0,-4.004072379267875,4.004072379267875,16.0325956184159,false_negative
419418,2025-11-09 09:00:00,mid,48.55693968338864,0.0,0.0700000000000033,0.2100000000000004,0.497300065611599,1.0309687743693072,5.235315607180436,4.030361788225086,0.0056823784409234,0,0.0,4.030361788225086,9,1,0,4.030361788225086,0.0,1,0,-4.030361788225086,4.030361788225086,16.243816143984915,false_negative
261688,2025-11-10 10:00:00,mid,48.66702253668015,0.0,0.0300000000000033,0.0400000000000004,0.5732298902700845,1.5435391892485293,5.2455112161887225,4.066260847709813,0.1418824321403886,0,0.0,4.066260847709813,10,1,0,4.066260847709813,0.0,1,0,-4.066260847709813,4.066260847709813,16.53447728161773,false_negative
629808,2025-11-11 11:00:00,mid,51.77564724760021,0.19,1.4700000000000033,2.4400000000000004,0.5771495464405467,1.970511810519824,4.815314734066591,4.024966590816135,0.132782259196296,0,0.0,4.024966590816135,11,1,0,4.024966590816135,0.0,1,0,-4.024966590816135,4.024966590816135,16.20035605718606,false_negative
682464,2025-11-14 10:00:00,late,51.08113044151333,0.0,0.0500000000000033,0.1000000000000004,0.4816500568401005,1.2969416823086333,4.167897453044689,4.445390198355618,0.2660270005437438,0,0.0,4.445390198355618,10,1,0,4.445390198355618,0.0,1,0,-4.445390198355618,4.445390198355618,19.7614940156362,false_negative
261786,2025-11-14 12:00:00,late,51.74231109414468,0.0,0.0200000000000033,0.1000000000000004,0.5561615798576228,2.3903140946470915,4.189024912042257,4.069484607034489,0.2374374366206622,0,0.0,4.069484607034489,12,1,0,4.069484607034489,0.0,1,0,-4.069484607034489,4.069484607034489,16.560704966890654,false_negative
209203,2025-11-14 14:00:00,late,49.99279769194834,0.0,0.0,0.1000000000000004,0.4816500568401006,2.987148985439783,4.208712569625381,4.0452931334893165,0.3774122334938526,0,0.0,4.0452931334893165,14,1,0,4.0452931334893165,0.0,1,0,-4.0452931334893165,4.0452931334893165,16.364396535855814,false_negative
104034,2025-11-14 15:00:00,late,48.74276389470532,0.0,0.0,0.1000000000000004,0.3932656247156446,2.9871489854397835,4.216311721807307,4.140111677278654,0.1614062245739817,0,0.0,4.140111677278654,15,1,0,4.140111677278654,0.0,1,0,-4.140111677278654,4.140111677278654,17.140524700339068,false_negative
735072,2025-11-15 09:00:00,late,50.717107395531286,0.0,0.0100000000000033,0.0100000000000004,0.3975857624992352,0.8242478427313568,4.233422833397768,4.089760352727957,0.1199200284735753,0,0.0,4.089760352727957,9,1,0,4.089760352727957,0.0,1,0,-4.089760352727957,4.089760352727957,16.726139742745506,false_negative
682488,2025-11-15 10:00:00,late,52.0574791754044,0.0,0.0100000000000033,0.0100000000000004,0.4869411234328851,1.3111889656019706,4.238713899990552,4.281942649297932,0.0355617816235255,0,0.0,4.281942649297932,10,1,0,4.281942649297932,0.0,1,0,-4.281942649297932,4.281942649297932,18.33503285187659,false_negative
209250,2025-11-16 13:00:00,late,50.162610563637145,0.0,0.0,0.0,0.5475567117801557,2.8371873061702693,4.295093657136151,4.020307092918706,0.2150599526784913,0,0.0,4.020307092918706,13,1,0,4.020307092918706,0.0,1,0,-4.020307092918706,4.020307092918706,16.16286912137246,false_negative
682536,2025-11-17 10:00:00,late,51.12444362757982,0.0,0.0,0.0100000000000004,0.4939908128497732,1.3301717019730113,4.314076393543291,4.336434787806361,0.3576726434110222,0,0.0,4.336434787806361,10,1,0,4.336434787806361,0.0,1,0,-4.336434787806361,4.336434787806361,18.8046666688972,false_negative
367026,2025-11-17 10:00:00,late,50.27669716214671,0.0,0.0,0.0100000000000004,0.4939908128497732,1.3301717019730113,4.314076393543291,4.324150870483628,0.4250917858163633,0,0.0,4.324150870483628,10,1,0,4.324150870483628,0.0,1,0,-4.324150870483628,4.324150870483628,18.698280750704317,false_negative
629953,2025-11-17 12:00:00,late,51.80636412488517,0.0,0.0,0.0100000000000004,0.5704114574637944,2.4515583166908863,4.321033876512167,4.346000444610752,0.2500340710542915,0,0.0,4.346000444610752,12,1,0,4.346000444610752,0.0,1,0,-4.346000444610752,4.346000444610752,18.887719864556853,false_negative
261858,2025-11-17 12:00:00,late,49.982664039463785,0.0,0.0,0.0100000000000004,0.5704114574637944,2.4515583166908863,4.321033876512167,4.331334540105754,0.3370026717481912,0,0.0,4.331334540105754,12,1,0,4.331334540105754,0.0,1,0,-4.331334540105754,4.331334540105754,18.76045889831312,false_negative
735144,2025-11-18 09:00:00,late,51.61722152081768,0.0,0.0,0.0,0.4157183648564469,0.8618391243760712,4.358363418085768,4.489864315494422,0.3020881647170054,0,0.0,4.489864315494422,9,1,0,4.489864315494422,0.0,1,0,-4.489864315494422,4.489864315494422,20.1588815715502,false_negative
577413,2025-11-19 09:00:00,late,50.3581593192261,0.08,0.1000000000000033,0.1000000000000004,0.3915710456197698,0.8117785395516464,4.4155937817056445,4.175266509787477,0.2393052519758881,0,0.0,4.175266509787477,9,1,0,4.175266509787477,0.0,1,0,-4.175266509787477,4.175266509787477,17.4328504277529,false_negative
682584,2025-11-19 10:00:00,late,52.36859802349365,0.04,0.1400000000000033,0.1400000000000004,0.4795746297837991,1.2913531687816806,4.386019476320344,4.019510363333183,0.0853939773070342,0,0.0,4.019510363333183,10,1,0,4.019510363333183,0.0,1,0,-4.019510363333183,4.019510363333183,16.156463560942854,false_negative
367074,2025-11-19 10:00:00,late,51.49549905927689,0.04,0.1400000000000033,0.1400000000000004,0.4795746297837991,1.2913531687816806,4.386019476320344,4.164647949393832,0.3301660319327181,0,0.0,4.164647949393832,10,1,0,4.164647949393832,0.0,1,0,-4.164647949393832,4.164647949393832,17.344292542390253,false_negative
472246,2025-11-19 12:00:00,late,54.33627235235705,0.03,0.1800000000000033,0.1800000000000004,0.5537650831187155,2.380014246293215,4.318884158476934,4.006334335465294,0.2789409697959256,0,0.0,4.006334335465294,12,1,0,4.006334335465294,0.0,1,0,-4.006334335465294,4.006334335465294,16.050714807528134,false_negative
419661,2025-11-19 12:00:00,late,51.59949587026532,0.03,0.1800000000000033,0.1800000000000004,0.5537650831187155,2.380014246293215,4.318884158476934,4.033386826750352,0.3412423974611375,0,0.0,4.033386826750352,12,1,0,4.033386826750352,0.0,1,0,-4.033386826750352,4.033386826750352,16.268209294203274,false_negative
630002,2025-11-19 13:00:00,late,52.11408759430879,0.07,0.2400000000000033,0.2500000000000004,0.5348959955003489,2.77158529135922,4.28589830697884,4.23986780679509,0.0543203742559691,0,0.0,4.23986780679509,13,1,0,4.23986780679509,0.0,1,0,-4.23986780679509,4.23986780679509,17.976479019097404,false_negative
524832,2025-11-19 13:00:00,late,50.94690027907096,0.07,0.2400000000000033,0.2500000000000004,0.5348959955003489,2.77158529135922,4.28589830697884,4.34590491472246,0.263708309843415,0,0.0,4.34590491472246,13,1,0,4.34590491472246,0.0,1,0,-4.34590491472246,4.34590491472246,18.886889527808837,false_negative
209322,2025-11-19 13:00:00,late,50.16968743620844,0.07,0.2400000000000033,0.2500000000000004,0.5348959955003489,2.77158529135922,4.28589830697884,4.020447826735506,0.1300685080433112,0,0.0,4.020447826735506,13,1,0,4.020447826735506,0.0,1,0,-4.020447826735506,4.020447826735506,16.164000727502252,false_negative
735192,2025-11-20 09:00:00,initial,52.15741146786588,0.07,0.1200000000000033,1.3600000000000003,0.3361020504636326,0.6967839801174156,4.091268856918656,4.334910783384686,0.1203200692016757,0,0.0,4.334910783384686,9,1,0,4.334910783384686,0.0,1,0,-4.334910783384686,4.334910783384686,18.79145149990483,false_negative
156762,2025-11-20 14:00:00,initial,50.53113720224156,0.16,0.7100000000000033,1.7600000000000005,0.4116392624627054,2.5529485313459968,3.7254090041140095,4.034439257102136,0.0276366351819817,0,0.0,4.034439257102136,14,1,0,4.034439257102136,0.0,1,0,-4.034439257102136,4.034439257102136,16.276700119246833,false_negative
51592,2025-11-20 14:00:00,initial,49.993256511055854,0.16,0.7100000000000033,1.7600000000000005,0.4116392624627054,2.5529485313459968,3.7254090041140095,4.058799350176145,0.1719326275996493,0,0.0,4.058799350176145,14,1,0,4.058799350176145,0.0,1,0,-4.058799350176145,4.058799350176145,16.473852164990294,false_negative
262047,2025-11-25 09:00:00,initial,52.55964892181312,0.0,0.0100000000000035,0.0100000000000004,0.3685036486009623,0.7639567762403497,3.719309217242325,4.0472029672699215,0.1898694989961906,0,0.0,4.0472029672699215,9,1,0,4.0472029672699215,0.0,1,0,-4.0472029672699215,4.0472029672699215,16.379851858278457,false_negative
630144,2025-11-25 11:00:00,initial,52.8823130193766,0.0,0.0100000000000035,0.0100000000000004,0.503385345185417,1.7186650739794738,3.790785347628249,4.536098535625143,0.0935441565260696,0,0.0,4.536098535625143,11,1,0,4.536098535625143,0.0,1,0,-4.536098535625143,4.536098535625143,20.576189924900568,false_negative
735336,2025-11-26 09:00:00,initial,52.29776050627853,0.07,0.1100000000000035,0.1500000000000004,0.3741496948561736,0.7756617764812179,3.970178011383918,4.490905507138656,0.2083919737066139,0,0.0,4.490905507138656,9,1,0,4.490905507138656,0.0,1,0,-4.490905507138656,4.490905507138656,20.16823227404831,false_negative
314685,2025-11-27 14:00:00,initial,53.47853196373013,0.02,0.1700000000000035,1.2300000000000004,0.4284296650745017,2.6570810512422907,3.8081366588743775,4.016592686809538,0.0102257368371424,0,0.0,4.016592686809538,14,1,0,4.016592686809538,0.0,1,0,-4.016592686809538,4.016592686809538,16.133016811731867,false_negative
682799,2025-11-28 09:00:00,initial,52.13461960784653,0.01,0.06,0.2800000000000004,0.3505734419935442,0.7267850877397575,3.759259970033969,4.252797797732065,0.0238443547616291,0,0.0,4.252797797732065,9,1,0,4.252797797732065,0.0,1,0,-4.252797797732065,4.252797797732065,18.0862891083947,false_negative
525044,2025-11-28 09:00:00,initial,52.38291168221284,0.01,0.06,0.2800000000000004,0.3505734419935442,0.7267850877397575,3.759259970033969,4.13622246042328,0.2540215225447204,0,0.0,4.13622246042328,9,1,0,4.13622246042328,0.0,1,0,-4.13622246042328,4.13622246042328,17.108336242110013,false_negative
419874,2025-11-28 09:00:00,initial,52.560890150034616,0.01,0.06,0.2800000000000004,0.3505734419935442,0.7267850877397575,3.759259970033969,4.016867125224547,0.4002544158173152,0,0.0,4.016867125224547,9,1,0,4.016867125224547,0.0,1,0,-4.016867125224547,4.016867125224547,16.135221501709715,false_negative
262123,2025-11-28 13:00:00,initial,53.66099180139504,0.0,0.0400000000000035,0.1700000000000004,0.4788922274738615,2.481399496310012,3.7633531366920137,4.063158518261805,0.0622706555758249,0,0.0,4.063158518261805,13,1,0,4.063158518261805,0.0,1,0,-4.063158518261805,4.063158518261805,16.509257144523463,false_negative
577657,2025-11-29 13:00:00,initial,54.07801100368545,0.0,0.0,0.0,0.4920310751352122,2.549478968263332,3.8374664156788287,4.288902831319064,0.1513227867906537,0,0.0,4.288902831319064,13,1,0,4.288902831319064,0.0,1,0,-4.288902831319064,4.288902831319064,18.39468749649668,false_negative
262148,2025-11-29 14:00:00,initial,52.73429938490342,0.0,0.0,0.0,0.4411429935633911,2.7359279355264885,3.849246384225955,4.108737856645099,0.0586137847868024,0,0.0,4.108737856645099,14,1,0,4.108737856645099,0.0,1,0,-4.108737856645099,4.108737856645099,16.881726774628564,false_negative
682873,2025-12-01 11:00:00,initial,55.12022827556357,0.0,0.0,0.0300000000000004,0.5108233349022768,1.7440599593674797,3.934133114703716,4.089529616384077,0.0353514634060021,0,0.0,4.089529616384077,11,1,0,4.089529616384077,0.0,1,0,-4.089529616384077,4.089529616384077,16.724252483282495,false_negative
525118,2025-12-01 11:00:00,initial,52.83844065315044,0.0,0.0,0.0300000000000004,0.5108233349022768,1.7440599593674797,3.934133114703716,4.04178859591358,0.1583590569130464,0,0.0,4.04178859591358,11,1,0,4.04178859591358,0.0,1,0,-4.04178859591358,4.04178859591358,16.33605505405707,false_negative
472533,2025-12-01 11:00:00,initial,53.57382765422444,0.0,0.0,0.0300000000000004,0.5108233349022768,1.7440599593674797,3.934133114703716,4.032442305812726,0.0626900953439731,0,0.0,4.032442305812726,11,1,0,4.032442305812726,0.0,1,0,-4.032442305812726,4.032442305812726,16.260590949708252,false_negative
630289,2025-12-01 12:00:00,initial,54.63983140891765,0.0,0.0,0.0200000000000004,0.5288432310033143,2.2729031898419505,3.9534054297600014,4.110038186502521,0.1132811141151967,0,0.0,4.110038186502521,12,1,0,4.110038186502521,0.0,1,0,-4.110038186502521,4.110038186502521,16.892413894508934,false_negative
157025,2025-12-01 13:00:00,initial,52.70455145615539,0.0,0.0,0.0100000000000004,0.5108233349022768,2.6468518242950494,3.972021056605904,4.031925750566554,0.3470592695378064,0,0.0,4.031925750566554,13,1,0,4.031925750566554,0.0,1,0,-4.031925750566554,4.031925750566554,16.25642525808167,false_negative
51855,2025-12-01 13:00:00,initial,53.10986518870293,0.0,0.0,0.0100000000000004,0.5108233349022768,2.6468518242950494,3.972021056605904,4.015637077076384,0.1225882251209995,0,0.0,4.015637077076384,13,1,0,4.015637077076384,0.0,1,0,-4.015637077076384,4.015637077076384,16.125341134790567,false_negative
525143,2025-12-02 12:00:00,initial,54.649426119965405,0.0,0.0,0.0,0.5151353389352344,2.213988355008123,3.958048320625773,4.51599757885155,0.2939804676659973,0,0.0,4.51599757885155,12,1,0,4.51599757885155,0.0,1,0,-4.51599757885155,4.51599757885155,20.394234132193063,false_negative
157050,2025-12-02 14:00:00,initial,52.95413725148291,0.0,0.0,0.0,0.446120289974035,2.7667966662826524,3.932936130887635,4.164467146377959,0.1866504410062089,0,0.0,4.164467146377959,14,1,0,4.164467146377959,0.0,1,0,-4.164467146377959,4.164467146377959,17.342786613261378,false_negative
682923,2025-12-03 13:00:00,initial,54.71353290605036,0.02,0.1300000000000035,0.1600000000000004,0.4959495568627862,2.56978274023389,3.903942518686266,4.119658339686367,0.3360631741461447,0,0.0,4.119658339686367,13,1,0,4.119658339686367,0.0,1,0,-4.119658339686367,4.119658339686367,16.971584835747436,false_negative
419998,2025-12-03 13:00:00,initial,52.67914259949351,0.02,0.1300000000000035,0.1600000000000004,0.4959495568627862,2.56978274023389,3.903942518686266,4.20359613625331,0.2848111228707498,0,0.0,4.20359613625331,13,1,0,4.20359613625331,0.0,1,0,-4.20359613625331,4.20359613625331,17.670220476723756,false_negative
104514,2025-12-04 15:00:00,initial,49.99638582177544,0.04,0.5500000000000036,0.7500000000000004,0.378041588068178,2.871510946496867,4.044852802621155,4.075060866456592,0.3239320481935011,0,0.0,4.075060866456592,15,1,0,4.075060866456592,0.0,1,0,-4.075060866456592,4.075060866456592,16.606121065325954,false_negative
682969,2025-12-05 11:00:00,development,53.42301599309496,0.05,0.7200000000000035,1.4800000000000006,0.587326626578654,2.0052585355799506,4.303039176010391,4.614301451473828,0.2136717979647947,0,0.0,4.614301451473828,11,1,0,4.614301451473828,0.0,1,0,-4.614301451473828,4.614301451473828,21.29177788507348,false_negative
262310,2025-12-06 08:00:00,development,48.48911385070771,0.01,0.0300000000000035,0.3700000000000004,0.3086907349429579,0.4684808202101456,4.625646832918213,4.115692252966188,0.1017028063629241,0,0.0,4.115692252966188,8,1,0,4.115692252966188,0.0,1,0,-4.115692252966188,4.115692252966188,16.938922721125895,false_negative
314896,2025-12-06 09:00:00,development,49.08281226111769,0.0,0.0300000000000035,0.3500000000000004,0.4365546236795216,0.9050354432722858,4.632248525141201,4.060088422402163,0.0479474622572337,0,0.0,4.060088422402163,9,1,0,4.060088422402163,0.0,1,0,-4.060088422402163,4.060088422402163,16.484317997724087,false_negative
104603,2025-12-08 08:00:00,development,47.59493577860202,0.0,0.0,0.0,0.3150197356668027,0.4780859528383252,4.932897728675488,4.089653620513243,0.2283035210758583,0,0.0,4.089653620513243,8,1,0,4.089653620513243,0.0,1,0,-4.089653620513243,4.089653620513243,16.725266735777076,false_negative
52042,2025-12-09 08:00:00,development,48.06226764873805,0.0,0.0400000000000035,0.0500000000000004,0.3221452855640224,0.488899958839881,4.79643891715542,4.000864005799471,0.2114476945150041,0,0.0,4.000864005799471,8,1,0,4.000864005799471,0.0,1,0,-4.000864005799471,4.000864005799471,16.00691279290179,false_negative
209845,2025-12-11 08:00:00,development,48.120525513117606,0.0,0.0,0.0,0.3391959278095301,0.514776663126977,5.026269944696626,4.113759913529375,0.3616596253905774,0,0.0,4.113759913529375,8,1,0,4.113759913529375,0.0,1,0,-4.113759913529375,4.113759913529375,16.923020626161208,false_negative
157260,2025-12-11 08:00:00,development,47.74593840565776,0.0,0.0,0.0,0.3391959278095301,0.514776663126977,5.026269944696626,4.113759913529375,0.0327110178313902,0,0.0,4.113759913529375,8,1,0,4.113759913529375,0.0,1,0,-4.113759913529375,4.113759913529375,16.923020626161208,false_negative
420186,2025-12-11 09:00:00,development,49.29325061159359,0.0,0.0,0.0,0.4796954811289637,0.9944721435775488,5.039366363936569,4.009054922202964,0.1133660476060101,0,0.0,4.009054922202964,9,1,0,4.009054922202964,0.0,1,0,-4.009054922202964,4.009054922202964,16.072521369239812,false_negative
367601,2025-12-11 09:00:00,development,48.27699341885567,0.0,0.0,0.0,0.4796954811289637,0.9944721435775488,5.039366363936569,4.009054922202964,0.1992210900643484,0,0.0,4.009054922202964,9,1,0,4.009054922202964,0.0,1,0,-4.009054922202964,4.009054922202964,16.072521369239812,false_negative
525357,2025-12-11 10:00:00,development,51.91260557255096,0.0,0.0,0.0,0.587504580189954,1.581976723089111,5.055406136230121,4.081319221985652,0.1659197414419597,0,0.0,4.081319221985652,10,1,0,4.081319221985652,0.0,1,0,-4.081319221985652,4.081319221985652,16.657166591749565,false_negative
209850,2025-12-11 13:00:00,development,50.90799593752892,0.0,0.0,0.0,0.6552762130544546,3.395340270178022,5.1097073526772885,4.162425340725726,0.315096587620887,0,0.0,4.162425340725726,13,1,0,4.162425340725726,0.0,1,0,-4.162425340725726,4.162425340725726,17.325784717115674,false_negative
315039,2025-12-12 08:00:00,development,48.06095894212461,0.0,0.0,0.0,0.3432678320389799,0.5209563401217607,5.159077410352548,4.065457508318655,0.2345594013377168,0,0.0,4.065457508318655,8,1,0,4.065457508318655,0.0,1,0,-4.065457508318655,4.065457508318655,16.527944751944528,false_negative
262454,2025-12-12 08:00:00,development,48.529764162494565,0.0,0.0,0.0,0.3432678320389799,0.5209563401217607,5.159077410352548,4.065457508318655,0.2073871698659725,0,0.0,4.065457508318655,8,1,0,4.065457508318655,0.0,1,0,-4.065457508318655,4.065457508318655,16.527944751944528,false_negative
630576,2025-12-13 11:00:00,development,52.396863150755145,0.0,0.0,0.0,0.6521899968156732,2.2267159341180487,5.1773618195216775,5.081527171994182,0.4011911039303708,0,0.0,5.081527171994182,11,1,0,5.081527171994182,0.0,1,0,-5.081527171994182,5.081527171994182,25.821918399715187,false_negative
262528,2025-12-15 10:00:00,development,51.48540364105074,0.0,0.0,0.0,0.5690861652249958,1.5323813586728217,5.055660157436499,4.060612526816829,0.4172335992464992,0,0.0,4.060612526816829,10,1,0,4.060612526816829,0.0,1,0,-4.060612526816829,4.060612526816829,16.488574092941754,false_negative
104775,2025-12-15 12:00:00,development,50.06838109202156,0.0,0.0,0.0,0.657124101267829,2.8242385991403824,5.031642750869413,4.008769614904605,0.3039314793197452,0,0.0,4.008769614904605,12,1,0,4.008769614904605,0.0,1,0,-4.008769614904605,4.008769614904605,16.070233825382413,false_negative
52282,2025-12-19 08:00:00,development,48.15629514781519,0.01,0.0500000000000035,0.0500000000000004,0.3241604830282281,0.4919582992889103,4.905666983009303,4.075577457797298,0.4280282954871475,0,0.0,4.075577457797298,8,1,0,4.075577457797298,0.0,1,0,-4.075577457797298,4.075577457797298,16.610331614505487,false_negative
735889,2025-12-19 10:00:00,development,51.58374766142736,0.01,0.06,0.0700000000000004,0.5614624259363561,1.511852875144015,4.909997260177853,4.89070079390239,0.2807686164622751,0,0.0,4.89070079390239,10,1,0,4.89070079390239,0.0,1,0,-4.89070079390239,4.89070079390239,23.918954255477466,false_negative
262648,2025-12-20 10:00:00,mid,49.1712288817567,0.0,0.0300000000000035,0.0700000000000004,0.5853401040811854,1.5761484267026438,4.988782201696488,4.15685675334824,0.093897631555772,0,0.0,4.15685675334824,10,1,0,4.15685675334824,0.0,1,0,-4.15685675334824,4.15685675334824,17.279458067856872,false_negative
157500,2025-12-21 08:00:00,mid,46.03280150199571,0.01,0.0100000000000035,0.0100000000000004,0.3199259799190161,0.4855318560393172,5.106565225744149,4.07037928342282,0.2211799675467228,0,0.0,4.07037928342282,8,1,0,4.07037928342282,0.0,1,0,-4.07037928342282,4.07037928342282,16.56798751091767,false_negative
735938,2025-12-21 11:00:00,mid,51.327251379229445,0.22,0.6700000000000036,0.6700000000000005,0.618049532412984,2.1101530974372773,5.015056117544922,4.218048079408376,0.2783180593571517,0,0.0,4.218048079408376,11,1,0,4.218048079408376,0.0,1,0,-4.218048079408376,4.218048079408376,17.791929600200692,false_negative
630769,2025-12-21 12:00:00,mid,51.38015420877954,0.16,0.8300000000000036,0.8300000000000005,0.6398519591981804,2.7500050559956053,4.979015543530151,4.165660520900893,0.2449478828685836,0,0.0,4.165660520900893,12,1,0,4.165660520900893,0.0,1,0,-4.165660520900893,4.165660520900893,17.3527275753923,false_negative
420450,2025-12-22 09:00:00,mid,47.193483440921085,0.07,0.2000000000000035,1.0900000000000003,0.4654643610154214,0.9649691503629452,4.887151796656309,4.257380304273703,0.2959565858515736,0,0.0,4.257380304273703,9,1,0,4.257380304273703,0.0,1,0,-4.257380304273703,4.257380304273703,18.125287055217644,false_negative
683378,2025-12-22 12:00:00,mid,52.02227091191821,0.01,0.1900000000000035,0.5600000000000005,0.658266011876673,2.8291463905484937,4.939299495792898,4.754931239653772,0.2327807719322619,0,0.0,4.754931239653772,12,1,0,4.754931239653772,0.0,1,0,-4.754931239653772,4.754931239653772,22.60937109383536,false_negative
210115,2025-12-22 14:00:00,mid,47.51076338004283,0.0,0.1600000000000035,0.4400000000000004,0.5700750888212587,3.5355528334594384,4.973033142250996,4.282850122397701,0.3641901197605871,0,0.0,4.282850122397701,14,1,0,4.282850122397701,0.0,1,0,-4.282850122397701,4.282850122397701,18.342805170922,false_negative
735986,2025-12-23 11:00:00,mid,51.08805641542884,0.0,0.2400000000000035,0.5600000000000005,0.6228542519379244,2.12655743601559,4.955703834382643,4.460771258184927,0.3925381131192075,0,0.0,4.460771258184927,11,1,0,4.460771258184927,0.0,1,0,-4.460771258184927,4.460771258184927,19.898480217848736,false_negative
262744,2025-12-24 10:00:00,mid,48.99072787138652,0.19,0.8300000000000035,1.0000000000000004,0.5500602498280539,1.4811501745964468,4.8753880398256,4.275197861147664,0.1687919921349613,0,0.0,4.275197861147664,10,1,0,4.275197861147664,0.0,1,0,-4.275197861147664,4.275197861147664,18.27731675196156,false_negative
736010,2025-12-24 11:00:00,mid,51.575995387595526,0.1,0.8800000000000036,1.1000000000000003,0.6135124892857435,2.0946626632470355,4.866046277173418,4.065540048993995,0.2792703992846705,0,0.0,4.065540048993995,11,1,0,4.065540048993995,0.0,1,0,-4.065540048993995,4.065540048993995,16.528615889974095,false_negative
683426,2025-12-24 12:00:00,mid,51.25808001275181,0.06,0.8800000000000036,1.1600000000000004,0.6351548665192207,2.7298175291311013,4.856374972816912,4.026206494474664,0.1902841069043949,0,0.0,4.026206494474664,12,1,0,4.026206494474664,0.0,1,0,-4.026206494474664,4.026206494474664,16.210338736149964,false_negative
315376,2025-12-26 09:00:00,mid,47.80591879542143,0.0,0.0,0.0,0.4742456549789146,0.9831739335531208,4.984789733980875,4.009467928043414,0.1587168969109604,0,0.0,4.009467928043414,9,1,0,4.009467928043414,0.0,1,0,-4.009467928043414,4.009467928043414,16.075833066008745,false_negative
262791,2025-12-26 09:00:00,mid,48.29586216317768,0.0,0.0,0.0,0.4742456549789146,0.9831739335531208,4.984789733980875,4.009467928043414,0.3612343228454031,0,0.0,4.009467928043414,9,1,0,4.009467928043414,0.0,1,0,-4.009467928043414,4.009467928043414,16.075833066008745,false_negative
630888,2025-12-26 11:00:00,mid,51.25674326441535,0.0,0.0,0.0,0.6478316120900999,2.211835477866289,5.017534423295038,4.321159411161396,0.1828192070065604,0,0.0,4.321159411161396,11,1,0,4.321159411161396,0.0,1,0,-4.321159411161396,4.321159411161396,18.672418656668704,false_negative
315399,2025-12-27 08:00:00,mid,48.0696178575887,0.0,0.0,0.0,0.3457120553705134,0.5246657865725759,5.110093107389905,4.057446254173197,0.031114848398866,0,0.0,4.057446254173197,8,1,0,4.057446254173197,0.0,1,0,-4.057446254173197,4.057446254173197,16.462870105504106,false_negative
262814,2025-12-27 08:00:00,mid,46.29930863256949,0.0,0.0,0.0,0.3457120553705134,0.5246657865725759,5.110093107389905,4.057446254173197,0.0541419270747196,0,0.0,4.057446254173197,8,1,0,4.057446254173197,0.0,1,0,-4.057446254173197,4.057446254173197,16.462870105504106,false_negative
683496,2025-12-27 10:00:00,mid,52.10116319635241,0.0,0.0,0.0,0.5987908441846368,1.6123673064688258,5.142719040125651,4.035130228921794,0.0340570442271284,0,0.0,4.035130228921794,10,1,0,4.035130228921794,0.0,1,0,-4.035130228921794,4.035130228921794,16.28227596435845,false_negative
630911,2025-12-27 10:00:00,mid,49.77395413754018,0.0,0.0,0.0,0.5987908441846368,1.6123673064688258,5.142719040125651,4.065780708862704,0.1906882895589265,0,0.0,4.065780708862704,10,1,0,4.065780708862704,0.0,1,0,-4.065780708862704,4.065780708862704,16.53057277256011,false_negative
262818,2025-12-27 12:00:00,mid,49.47553840134783,0.0,0.0,0.0,0.691424110049603,2.9716558199749867,5.183491306034673,4.0026942822240095,0.0589211719671439,0,0.0,4.0026942822240095,12,1,0,4.0026942822240095,0.0,1,0,-4.0026942822240095,4.0026942822240095,16.02156151694878,false_negative
315403,2025-12-27 12:00:00,mid,49.64559811232768,0.0,0.0,0.0,0.691424110049603,2.9716558199749867,5.183491306034673,4.0026942822240095,0.105944059849897,0,0.0,4.0026942822240095,12,1,0,4.0026942822240095,0.0,1,0,-4.0026942822240095,4.0026942822240095,16.02156151694878,false_negative
368008,2025-12-28 08:00:00,mid,47.52862723462203,0.0,0.0,0.0,0.3550576020883509,0.538848944329137,5.266070696701525,4.1078946445765325,0.0980602000757126,0,0.0,4.1078946445765325,8,1,0,4.1078946445765325,0.0,1,0,-4.1078946445765325,4.1078946445765325,16.874798410940556,false_negative
473179,2025-12-28 09:00:00,mid,48.73753324837693,0.0,0.0,0.0,0.5021272760028764,1.040976219621898,5.27928729560994,4.082390623300682,0.0947751543998301,0,0.0,4.082390623300682,9,1,0,4.082390623300682,0.0,1,0,-4.082390623300682,4.082390623300682,16.665913201213336,false_negative
736105,2025-12-28 10:00:00,mid,51.1027726070181,0.0,0.0,0.0,0.614977805910757,1.65595402482254,5.29547425733606,4.06568973887974,0.0692074672599469,0,0.0,4.06568973887974,10,1,0,4.06568973887974,0.0,1,0,-4.06568973887974,4.06568973887974,16.52983305283201,false_negative
473184,2025-12-28 14:00:00,mid,50.08072613343532,0.0,0.0,0.0,0.6149778059107571,3.814035320677153,5.36646073218653,4.010170698479296,0.0077248507084834,0,0.0,4.010170698479296,14,1,0,4.010170698479296,0.0,1,0,-4.010170698479296,4.010170698479296,16.081469030941925,false_negative
525769,2025-12-28 14:00:00,mid,50.91665246250887,0.0,0.0,0.0,0.6149778059107571,3.814035320677153,5.36646073218653,4.073649121552474,0.0011326662334742,0,0.0,4.073649121552474,14,1,0,4.073649121552474,0.0,1,0,-4.073649121552474,4.073649121552474,16.594617165525246,false_negative
525814,2025-12-30 11:00:00,mid,50.440605809436136,0.0,0.1700000000000035,0.6300000000000004,0.6875412280442984,2.3474125873200435,5.38515390066569,4.182353943826421,0.3417762582645236,0,0.0,4.182353943826421,11,1,0,4.182353943826421,0.0,1,0,-4.182353943826421,4.182353943826421,17.492084511440414,false_negative
736177,2025-12-31 10:00:00,mid,50.25438624807603,0.0,0.0,0.0,0.5906390427353705,1.5904169071377878,5.3371657858902175,5.063109226752644,0.1656918430048769,0,0.0,5.063109226752644,10,1,0,5.063109226752644,0.0,1,0,-5.063109226752644,5.063109226752644,25.635075042027758,false_negative
210330,2025-12-31 13:00:00,mid,49.740794899299736,0.0,0.0,0.0,0.6587722517509658,3.413455136452557,5.249843997413333,4.184632769856542,0.1212794248017155,0,0.0,4.184632769856542,13,1,0,4.184632769856542,0.0,1,0,-4.184632769856542,4.184632769856542,17.511151418557233,false_negative
