id,timestamp,crop_stage,soil_moisture_percent,precipitation_mm,rain_6h,rain_24h,etc,etc_6h,etc_24h,irrigation_depth_mm,irrigation_probability,predicted_irrigation_event,predicted_irrigation_depth_mm,absolute_error_mm,analysis_hour,analysis_real_event,analysis_predicted_event,real_depth_mm,predicted_depth_mm,real_event,predicted_event,depth_error_mm,absolute_depth_error_mm,squared_depth_error_mm,error_type
201616,2025-01-02 11:00:00,development,50.71655431687435,0.0,0.0,0.0,0.6601693196880578,2.25395904650886,5.191072615683479,0.0,0.9741314483979968,1,4.717491334994366,4.717491334994366,11,0,1,0.0,4.717491334994366,0,1,4.717491334994366,4.717491334994366,22.254724495746927,false_positive
43906,2025-01-04 08:00:00,mid,46.78694710888061,0.0,0.0,0.0,0.3624329117669611,0.5500419952905721,5.292275138394181,0.0,0.5029447580198882,1,4.285444692508176,4.285444692508176,8,0,1,0.0,4.285444692508176,0,1,4.285444692508176,4.285444692508176,18.365036212546496,false_positive
201663,2025-01-04 10:00:00,mid,49.367375266003485,0.0,0.0,0.0,0.627752216984866,1.690351749796665,5.341429354336563,0.0,0.7566849128243839,1,4.436527258378625,4.436527258378625,10,0,1,0.0,4.436527258378625,0,1,4.436527258378625,4.436527258378625,19.68277411433656,false_positive
96497,2025-01-04 14:00:00,mid,47.24742679631551,0.0,0.0,0.0,0.6277522169848662,3.89326103349023,5.460098129086594,0.0,0.6102061143883174,1,4.18058093104744,4.18058093104744,14,0,1,0.0,4.18058093104744,0,1,4.18058093104744,4.18058093104744,17.47725692103748,false_positive
517199,2025-01-05 12:00:00,mid,50.4402254680865,0.0,0.0,0.0,0.7127654816047261,3.063378411169386,5.453896787725119,0.0,0.5855372343444125,1,4.530437134477953,4.530437134477953,12,0,1,0.0,4.530437134477953,0,1,4.530437134477953,4.530437134477953,20.524860629456807,false_positive
517222,2025-01-06 11:00:00,mid,50.54221692404802,0.0,0.0,0.0,0.664165163891129,2.267601711990812,5.330980131562361,0.0,0.7426449266992634,1,4.518172237293506,4.518172237293506,11,0,1,0.0,4.518172237293506,0,1,4.518172237293506,4.518172237293506,20.413880365849803,false_positive
96542,2025-01-06 11:00:00,mid,47.66185293190896,0.0,0.0,0.0,0.664165163891129,2.267601711990812,5.330980131562361,0.0,0.767579040111751,1,4.412078335254591,4.412078335254591,11,0,1,0.0,4.412078335254591,0,1,4.412078335254591,4.412078335254591,19.466435236422928,false_positive
43957,2025-01-06 11:00:00,mid,48.9165324217656,0.0,0.0,0.0,0.664165163891129,2.267601711990812,5.330980131562361,0.0,0.8522343407159183,1,4.425946066774348,4.425946066774348,11,0,1,0.0,4.425946066774348,0,1,4.425946066774348,4.425946066774348,19.588998585995324,false_positive
359470,2025-01-06 14:00:00,mid,48.86381166619967,0.0,0.0,0.0,0.5954741954843757,3.6930757375312537,5.259696782444036,0.0,0.6233873792515114,1,4.173923549393579,4.173923549393579,14,0,1,0.0,4.173923549393579,0,1,4.173923549393579,4.173923549393579,17.421637796182292,false_positive
149130,2025-01-06 14:00:00,mid,47.43205061660287,0.0,0.0,0.0,0.5954741954843757,3.6930757375312537,5.259696782444036,0.0,0.8450109472260664,1,4.168627308866792,4.168627308866792,14,0,1,0.0,4.168627308866792,0,1,4.168627308866792,4.168627308866792,17.377453640229987,false_positive
96565,2025-01-07 10:00:00,mid,48.60000286770951,0.0,0.0,0.0,0.6097509801022699,1.6418797230324265,5.261240979883132,0.0,0.464234773133824,1,4.433231624298729,4.433231624298729,10,0,1,0.0,4.433231624298729,0,1,4.433231624298729,4.433231624298729,19.65354263468235,false_positive
149152,2025-01-07 12:00:00,mid,48.87935211902345,0.0,0.0,0.0,0.704079784892446,3.026048354536369,5.293650074893716,0.0,0.7227584823064589,1,4.265613474188275,4.265613474188275,12,0,1,0.0,4.265613474188275,0,1,4.265613474188275,4.265613474188275,18.19545831117657,false_positive
201760,2025-01-08 11:00:00,mid,49.94447687095308,0.0,0.0,0.0,0.679402232735751,2.319624319131723,5.345672682112789,0.0,0.9659876686844736,1,4.646937649084028,4.646937649084028,11,0,1,0.0,4.646937649084028,0,1,4.646937649084028,4.646937649084028,21.59402951447459,false_positive
149175,2025-01-08 11:00:00,mid,48.56317675184099,0.0,0.0,0.0,0.679402232735751,2.319624319131723,5.345672682112789,0.0,0.7150219797287283,1,4.465246560021862,4.465246560021862,11,0,1,0.0,4.465246560021862,0,1,4.465246560021862,4.465246560021862,19.938426841787074,false_positive
201783,2025-01-09 10:00:00,mid,48.39729265434534,0.0,0.0,0.0,0.6093561216069349,1.6408164854516536,5.343211992798034,0.0,0.4460707805518772,1,4.336960847457572,4.336960847457572,10,0,1,0.0,4.336960847457572,0,1,4.336960847457572,4.336960847457572,18.8092293923799,false_positive
149393,2025-01-17 13:00:00,late,52.11107444174396,0.03,0.4000000000000031,0.6699999999999999,0.5482992181745371,2.8410346331622818,4.327234622758361,0.0,0.5934060323460532,1,4.192292620353844,4.192292620353844,13,0,1,0.0,4.192292620353844,0,1,4.192292620353844,4.192292620353844,17.5753174146733,false_positive
149412,2025-01-18 08:00:00,late,48.592428643391685,0.11,0.6100000000000031,1.26,0.2686578482771252,0.4077253861863332,4.28865087359151,0.0,0.735153601411936,1,4.2280631331352,4.2280631331352,8,0,1,0.0,4.2280631331352,0,1,4.2280631331352,4.2280631331352,17.876517857777046,false_positive
570119,2025-01-19 11:00:00,late,51.97498213706859,0.03,0.2800000000000031,0.6799999999999999,0.4971124002689119,1.697247900352731,4.006564709513769,0.0,0.8419009058750775,1,4.406286056116139,4.406286056116139,11,0,1,0.0,4.406286056116139,0,1,4.406286056116139,4.406286056116139,19.41535680832352,false_positive
307196,2025-01-19 13:00:00,late,51.14494917826301,0.01,0.2100000000000031,0.61,0.4971124002689119,2.575808060497426,3.9620029330609263,0.0,0.5372614398832743,1,4.199697007077028,4.199697007077028,13,0,1,0.0,4.199697007077028,0,1,4.199697007077028,4.199697007077028,17.637454951251748,false_positive
254611,2025-01-19 13:00:00,late,50.12102415687555,0.01,0.2100000000000031,0.61,0.4971124002689119,2.575808060497426,3.9620029330609263,0.0,0.9000803966975811,1,4.224848956539073,4.224848956539073,13,0,1,0.0,4.224848956539073,0,1,4.224848956539073,4.224848956539073,17.849348705569298,false_positive
412388,2025-01-20 11:00:00,late,53.47685130409964,0.01,0.0400000000000031,0.32,0.5537613477728467,1.890659505366476,4.102556038698963,0.0,0.472248905530322,1,4.355551346665114,4.355551346665114,11,0,1,0.0,4.355551346665114,0,1,4.355551346665114,4.355551346665114,18.970827533436285,false_positive
570167,2025-01-21 11:00:00,late,53.2639894333049,0.0,0.0,0.01,0.5830576632496608,1.9906833830734008,4.454638827888904,0.0,0.653388084213418,1,4.501513790633278,4.501513790633278,11,0,1,0.0,4.501513790633278,0,1,4.501513790633278,4.501513790633278,20.263626407261583,false_positive
307243,2025-01-21 12:00:00,late,51.318438020752005,0.0,0.0,0.0,0.6036257105466437,2.5943090930164194,4.48496860547476,0.0,0.6676728764589414,1,4.392564748480033,4.392564748480033,12,0,1,0.0,4.392564748480033,0,1,4.392564748480033,4.392564748480033,19.294625069589454,false_positive
202094,2025-01-22 09:00:00,late,51.25528824333792,0.0,0.0,0.0,0.4344326611165169,0.9006363343758337,4.600758296512892,0.0,0.8290246030514975,1,4.50696978391915,4.50696978391915,9,0,1,0.0,4.50696978391915,0,1,4.50696978391915,4.50696978391915,20.31277663316023,false_positive
570191,2025-01-22 11:00:00,late,53.18310260641055,0.0,0.0,0.0,0.5934460510939594,2.0261515577704072,4.62046065809487,0.0,0.6896238057902679,1,4.434649604241097,4.434649604241097,11,0,1,0.0,4.434649604241097,0,1,4.434649604241097,4.434649604241097,19.66611711239572,false_positive
412436,2025-01-22 11:00:00,late,53.03959426481062,0.0,0.0,0.0,0.5934460510939594,2.0261515577704072,4.62046065809487,0.0,0.9353429485434804,1,4.555859771398094,4.555859771398094,11,0,1,0.0,4.555859771398094,0,1,4.555859771398094,4.555859771398094,20.755858256643492,false_positive
44341,2025-01-22 11:00:00,late,50.665926324083486,0.0,0.0,0.0,0.5934460510939594,2.0261515577704072,4.62046065809487,0.0,0.4833241815400785,1,4.376878624703048,4.376878624703048,11,0,1,0.0,4.376878624703048,0,1,4.376878624703048,4.376878624703048,19.157066495382445,false_positive
149533,2025-01-23 09:00:00,late,49.33602834251428,0.0,0.0,0.0,0.4303596013533483,0.8921923430668792,4.658239692001339,0.0,0.6699669283883283,1,4.481979616414641,4.481979616414641,9,0,1,0.0,4.481979616414641,0,1,4.481979616414641,4.481979616414641,20.088141281956332,false_positive
44365,2025-01-23 11:00:00,late,50.03055508868879,0.0,0.0,0.0,0.5878821479884472,2.0071552043129435,4.647687329841308,0.0,0.4937411904453495,1,4.37306862995618,4.37306862995618,11,0,1,0.0,4.37306862995618,0,1,4.37306862995618,4.37306862995618,19.12372924230682,false_positive
412484,2025-01-24 11:00:00,initial,53.114807735017,0.06,0.1600000000000031,0.16,0.484976243877048,1.6558124705720594,4.271588065619901,0.0,0.6683351365671898,1,4.348364263948361,4.348364263948361,11,0,1,0.0,4.348364263948361,0,1,4.348364263948361,4.348364263948361,18.908271771983173,false_positive
44389,2025-01-24 11:00:00,initial,51.85523795534283,0.06,0.1600000000000031,0.16,0.484976243877048,1.6558124705720594,4.271588065619901,0.0,0.8503124310682414,1,4.361813089450354,4.361813089450354,11,0,1,0.0,4.361813089450354,0,1,4.361813089450354,4.361813089450354,19.025413427300446,false_positive
307314,2025-01-24 11:00:00,initial,53.22160696484986,0.06,0.1600000000000031,0.16,0.484976243877048,1.6558124705720594,4.271588065619901,0.0,0.452021303393194,1,4.33134704482889,4.33134704482889,11,0,1,0.0,4.33134704482889,0,1,4.33134704482889,4.33134704482889,18.76056722274796,false_positive
675434,2025-01-25 12:00:00,initial,54.273621285647295,0.0,0.0300000000000031,0.2699999999999999,0.5280942628717682,2.269684216892158,3.925496693671304,0.0,0.5043835661957964,1,4.370299619417975,4.370299619417975,12,0,1,0.0,4.370299619417975,0,1,4.370299619417975,4.370299619417975,19.099518763484895,false_positive
412509,2025-01-25 12:00:00,initial,51.91026759483708,0.0,0.0300000000000031,0.2699999999999999,0.5280942628717682,2.269684216892158,3.925496693671304,0.0,0.7430092100734971,1,4.416613966034076,4.416613966034076,12,0,1,0.0,4.416613966034076,0,1,4.416613966034076,4.416613966034076,19.506478924967247,false_positive
97000,2025-01-25 13:00:00,initial,52.57097916857042,0.01,0.0400000000000031,0.24,0.5100998872409235,2.643103250901077,3.950620337035179,0.0,0.6062849902003578,1,4.240800702475561,4.240800702475561,13,0,1,0.0,4.240800702475561,0,1,4.240800702475561,4.240800702475561,17.984390598117216,false_positive
517701,2025-01-26 10:00:00,initial,53.9364928777222,0.02,0.9100000000000033,1.94,0.4429576177306351,1.1927543447206843,3.9725384545797535,0.0,0.4799420079029811,1,4.532592433869598,4.532592433869598,10,0,1,0.0,4.532592433869598,0,1,4.532592433869598,4.532592433869598,20.544394171571927,false_positive
359946,2025-01-26 10:00:00,initial,53.3871762523213,0.02,0.9100000000000033,1.94,0.4429576177306351,1.1927543447206843,3.9725384545797535,0.0,0.4742973987025663,1,4.463397373090436,4.463397373090436,10,0,1,0.0,4.463397373090436,0,1,4.463397373090436,4.463397373090436,19.921916110110608,false_positive
202193,2025-01-26 12:00:00,initial,51.70546446426238,0.01,0.4700000000000031,1.95,0.5114833995936284,2.198292768694392,3.939882729463736,0.0,0.7068819170651227,1,4.348359913973548,4.348359913973548,12,0,1,0.0,4.348359913973548,0,1,4.348359913973548,4.348359913973548,18.90823394145204,false_positive
412554,2025-01-27 09:00:00,initial,51.38530281176867,0.01,0.0300000000000031,0.14,0.3735601708503321,0.7744396152876218,3.909745032297775,0.0,0.6004571367591146,1,4.326416758066778,4.326416758066778,9,0,1,0.0,4.326416758066778,0,1,4.326416758066778,4.326416758066778,18.71788196448105,false_positive
307384,2025-01-27 09:00:00,initial,51.755283301586246,0.01,0.0300000000000031,0.14,0.3735601708503321,0.7744396152876218,3.909745032297775,0.0,0.9275365760041132,1,4.470179625279885,4.470179625279885,9,0,1,0.0,4.470179625279885,0,1,4.470179625279885,4.470179625279885,19.98250588226741,false_positive
202218,2025-01-27 13:00:00,initial,52.49701124716496,0.02,0.0600000000000031,0.14,0.5102926830302399,2.644102230101521,3.9735890932744025,0.0,0.5271924057502532,1,4.227597657820334,4.227597657820334,13,0,1,0.0,4.227597657820334,0,1,4.227597657820334,4.227597657820334,17.87258195640797,false_positive
44483,2025-01-28 09:00:00,initial,51.73053020950525,0.01,0.3300000000000031,0.59,0.3732137761967308,0.7737214933806154,4.0120721447577,0.0,0.8455154034530075,1,4.3434803358779694,4.3434803358779694,9,0,1,0.0,4.3434803358779694,0,1,4.3434803358779694,4.3434803358779694,18.865821428158597,false_positive
359996,2025-01-28 12:00:00,initial,53.32599953178691,0.02,0.2200000000000031,0.63,0.5278039837432702,2.268436632885352,4.010684839769106,0.0,0.604625250959018,1,4.34049025788342,4.34049025788342,12,0,1,0.0,4.34049025788342,0,1,4.34049025788342,4.34049025788342,18.839855678780882,false_positive
97093,2025-01-29 10:00:00,initial,51.60241033088595,0.02,0.0900000000000031,0.2,0.4451269913916044,1.198595828772139,3.976851966528126,0.0,0.6158250933273263,1,4.590908258046843,4.590908258046843,10,0,1,0.0,4.590908258046843,0,1,4.590908258046843,4.590908258046843,21.0764386338027,false_positive
44508,2025-01-29 10:00:00,initial,51.66180476358942,0.02,0.0900000000000031,0.2,0.4451269913916044,1.198595828772139,3.976851966528126,0.0,0.6828466347859481,1,4.592148486271234,4.592148486271234,10,0,1,0.0,4.592148486271234,0,1,4.592148486271234,4.592148486271234,21.087827719963183,false_positive
570359,2025-01-29 11:00:00,initial,54.27990318715426,0.02,0.1000000000000031,0.19,0.4964746473178236,1.6950704755759742,3.9635071147120846,0.0,0.5076176452461844,1,4.517454698043906,4.517454698043906,11,0,1,0.0,4.517454698043906,0,1,4.517454698043906,4.517454698043906,20.407396948878958,false_positive
254873,2025-01-30 11:00:00,initial,53.067687676214994,0.0,0.0200000000000031,0.15,0.5163473861313248,1.7629202500077277,3.97197910788853,0.0,0.5106630652381092,1,4.382631176636501,4.382631176636501,11,0,1,0.0,4.382631176636501,0,1,4.382631176636501,4.382631176636501,19.20745603042624,false_positive
97118,2025-01-30 11:00:00,initial,52.494974354303295,0.0,0.0200000000000031,0.15,0.5163473861313248,1.7629202500077277,3.97197910788853,0.0,0.7022906432989169,1,4.459555249657409,4.459555249657409,11,0,1,0.0,4.459555249657409,0,1,4.459555249657409,4.459555249657409,19.887633024746957,false_positive
44533,2025-01-30 11:00:00,initial,52.641558687168335,0.0,0.0200000000000031,0.15,0.5163473861313248,1.7629202500077277,3.97197910788853,0.0,0.5413720327987501,1,4.471423753235006,4.471423753235006,11,0,1,0.0,4.471423753235006,0,1,4.471423753235006,4.471423753235006,19.993630380994226,false_positive
360064,2025-01-31 08:00:00,initial,50.88190343288554,0.0,0.0400000000000031,0.05,0.2607017247156726,0.3956508699477706,4.050417582709231,0.0,0.7678248221771128,1,4.136992280758506,4.136992280758506,8,0,1,0.0,4.136992280758506,0,1,4.136992280758506,4.136992280758506,17.114705131055462,false_positive
517820,2025-01-31 09:00:00,initial,51.24523603127195,0.0,0.0300000000000031,0.05,0.368687914610989,0.7643387840373562,4.041112976173468,0.0,0.68232878187204,1,4.347256614753232,4.347256614753232,9,0,1,0.0,4.347256614753232,0,1,4.347256614753232,4.347256614753232,18.898640074515733,false_positive
202310,2025-01-31 09:00:00,initial,52.92018511941867,0.0,0.0300000000000031,0.05,0.368687914610989,0.7643387840373562,4.041112976173468,0.0,0.4638044281780919,1,4.350070296739895,4.350070296739895,9,0,1,0.0,4.350070296739895,0,1,4.350070296739895,4.350070296739895,18.92311158657872,false_positive
307483,2025-01-31 12:00:00,initial,53.24961260457468,0.0,0.0,0.05,0.521403448909942,2.240927921065846,4.003848177396213,0.0,0.6912592082449591,1,4.506280507053119,4.506280507053119,12,0,1,0.0,4.506280507053119,0,1,4.506280507053119,4.506280507053119,20.306564008246916,false_positive
254898,2025-01-31 12:00:00,initial,51.99713497390922,0.0,0.0,0.05,0.521403448909942,2.240927921065846,4.003848177396213,0.0,0.5239092733791957,1,4.443543324000838,4.443543324000838,12,0,1,0.0,4.443543324000838,0,1,4.443543324000838,4.443543324000838,19.745077272272415,false_positive
149748,2025-02-01 08:00:00,initial,49.8882418914077,0.0,0.0,0.0,0.2679261964709579,0.4066150035299675,3.971416533625544,0.0,0.6939221379347471,1,4.190828755225386,4.190828755225386,8,0,1,0.0,4.190828755225386,0,1,4.190828755225386,4.190828755225386,17.56304565562396,false_positive
675627,2025-02-02 13:00:00,initial,53.772059485424464,0.02,0.0600000000000031,0.06,0.5143180482407733,2.664959823173287,4.052352582687266,0.0,0.4721222468759719,1,4.182281429964174,4.182281429964174,13,0,1,0.0,4.182281429964174,0,1,4.182281429964174,4.182281429964174,17.49147795942318,false_positive
570457,2025-02-02 13:00:00,initial,53.85523802459972,0.02,0.0600000000000031,0.06,0.5143180482407733,2.664959823173287,4.052352582687266,0.0,0.8515553707094953,1,4.189364913885166,4.189364913885166,13,0,1,0.0,4.189364913885166,0,1,4.189364913885166,4.189364913885166,17.550778381692066,false_positive
149799,2025-02-03 11:00:00,initial,51.843288031436686,0.0,1.210000000000003,2.9600000000000004,0.4887639164422792,1.66874439362424,3.957197280856215,0.0,0.6029480390311611,1,4.399974220268777,4.399974220268777,11,0,1,0.0,4.399974220268777,0,1,4.399974220268777,4.399974220268777,19.35977313902983,false_positive
517915,2025-02-04 08:00:00,initial,51.31050999036147,0.0,0.0,0.0,0.2670266310468472,0.4052497887696414,3.8647775025800977,0.0,0.6492876977909381,1,4.198565310705844,4.198565310705844,8,0,1,0.0,4.198565310705844,0,1,4.198565310705844,4.198565310705844,17.627950668262457,false_positive
44651,2025-02-04 09:00:00,initial,51.756704045430446,0.17,0.1700000000000031,0.17,0.3776326829200359,0.782882471155624,3.884610165622452,0.0,0.583252222602897,1,4.403270207972394,4.403270207972394,9,0,1,0.0,4.403270207972394,0,1,4.403270207972394,4.403270207972394,19.38878852441725,false_positive
149824,2025-02-04 12:00:00,initial,54.03228024813011,0.02,0.2700000000000031,0.27,0.5340532615596414,2.295295260641806,3.964039660534452,0.0,0.8492101329683621,1,4.350028217462496,4.350028217462496,12,0,1,0.0,4.350028217462496,0,1,4.350028217462496,4.350028217462496,18.92274549271994,false_positive
360164,2025-02-04 12:00:00,initial,52.95066719325449,0.02,0.2700000000000031,0.27,0.5340532615596414,2.295295260641806,3.964039660534452,0.0,0.6535452557552026,1,4.319877767041567,4.319877767041567,12,0,1,0.0,4.319877767041567,0,1,4.319877767041567,4.319877767041567,18.661343922180038,false_positive
44676,2025-02-05 10:00:00,initial,51.9975958485222,0.02,0.4000000000000031,0.6900000000000001,0.4513862163900421,1.2154500773788552,4.02660118180363,0.0,0.6754515749193214,1,4.549620368894447,4.549620368894447,10,0,1,0.0,4.549620368894447,0,1,4.549620368894447,4.549620368894447,20.69904550105925,false_positive
517968,2025-02-06 13:00:00,initial,53.13568009434499,0.1,0.8000000000000032,1.59,0.4204135801354141,2.17839001374656,3.506489575859974,0.0,0.4606253485994503,1,4.112790752356612,4.112790752356612,13,0,1,0.0,4.112790752356612,0,1,4.112790752356612,4.112790752356612,16.915047772670068,false_positive
412819,2025-02-07 10:00:00,initial,51.82452459601818,0.02,0.0800000000000031,1.28,0.4148450448202768,1.1170554693928474,3.408094967748968,0.0,0.6530026630235363,1,4.360395287108597,4.360395287108597,10,0,1,0.0,4.360395287108597,0,1,4.360395287108597,4.360395287108597,19.013047059838865,false_positive
307649,2025-02-07 10:00:00,initial,50.99541281769408,0.02,0.0800000000000031,1.28,0.4148450448202768,1.1170554693928474,3.408094967748968,0.0,0.6285533193251772,1,4.36055016244021,4.36055016244021,10,0,1,0.0,4.36055016244021,0,1,4.36055016244021,4.36055016244021,19.01439771915734,false_positive
149895,2025-02-07 11:00:00,initial,52.59476296958776,0.09,0.1600000000000031,1.26,0.46269952463408,1.5797549935479058,3.450380912247633,0.0,0.4666441132301187,1,4.2483158465867845,4.2483158465867845,11,0,1,0.0,4.2483158465867845,0,1,4.2483158465867845,4.2483158465867845,18.048187532360387,false_positive
44750,2025-02-08 12:00:00,development,47.9971865795171,0.04,0.2900000000000031,2.3600000000000003,0.6336663741286016,2.723420171834356,4.30317517221304,0.0,0.8594517775105067,1,4.310022805189773,4.310022805189773,12,0,1,0.0,4.310022805189773,0,1,4.310022805189773,4.310022805189773,18.576296581255917,false_positive
97359,2025-02-09 12:00:00,development,49.02451879302775,0.08,0.2200000000000031,0.77,0.6359977504225235,2.733440140521719,4.82319394648146,0.0,0.6418118349161611,1,4.231405501711138,4.231405501711138,12,0,1,0.0,4.231405501711138,0,1,4.231405501711138,4.231405501711138,17.90479251991129,false_positive
44774,2025-02-09 12:00:00,development,49.3484643334517,0.08,0.2200000000000031,0.77,0.6359977504225235,2.733440140521719,4.82319394648146,0.0,0.7855944676238176,1,4.222292161722177,4.222292161722177,12,0,1,0.0,4.222292161722177,0,1,4.222292161722177,4.222292161722177,17.82775109894054,false_positive
412890,2025-02-10 09:00:00,development,49.27218808972662,0.09,0.6600000000000031,1.4900000000000002,0.4395054890123099,0.9111529771835924,4.809709985324925,0.0,0.6947482321102086,1,4.331652452555614,4.331652452555614,9,0,1,0.0,4.331652452555614,0,1,4.331652452555614,4.331652452555614,18.763212969731068,false_positive
202550,2025-02-10 09:00:00,development,48.33219485312031,0.09,0.6600000000000031,1.4900000000000002,0.4395054890123099,0.9111529771835924,4.809709985324925,0.0,0.9215319535545616,1,4.356100661739663,4.356100661739663,9,0,1,0.0,4.356100661739663,0,1,4.356100661739663,4.356100661739663,18.975612975208726,false_positive
149965,2025-02-10 09:00:00,development,48.78429307020519,0.09,0.6600000000000031,1.4900000000000002,0.4395054890123099,0.9111529771835924,4.809709985324925,0.0,0.9095816172395508,1,4.335423716943531,4.335423716943531,9,0,1,0.0,4.335423716943531,0,1,4.335423716943531,4.335423716943531,18.79589880543646,false_positive
465480,2025-02-10 14:00:00,development,50.37012221564984,0.03,0.3600000000000031,1.4400000000000002,0.5382820934765877,3.3383756247386813,4.742348647993967,0.0,0.4598071793807054,1,4.098899620871754,4.098899620871754,14,0,1,0.0,4.098899620871754,0,1,4.098899620871754,4.098899620871754,16.80097810198261,false_positive
202598,2025-02-12 09:00:00,development,50.22651532270256,0.05,0.1000000000000031,0.17,0.4535837721355266,0.9403391191136496,4.81906558865279,0.0,0.6575481494829593,1,4.545470964179247,4.545470964179247,9,0,1,0.0,4.545470964179247,0,1,4.545470964179247,4.545470964179247,20.66130628619661,false_positive
150013,2025-02-12 09:00:00,development,48.36179694630387,0.05,0.1000000000000031,0.17,0.4535837721355266,0.9403391191136496,4.81906558865279,0.0,0.6998303191101375,1,4.537303598309386,4.537303598309386,9,0,1,0.0,4.537303598309386,0,1,4.537303598309386,4.537303598309386,20.587123943231298,false_positive
518110,2025-02-12 11:00:00,development,51.42493006655396,0.05,0.1800000000000031,0.27,0.6196069552467094,2.115470471602702,4.835006605960972,0.0,0.8086090263461103,1,4.494573870363265,4.494573870363265,11,0,1,0.0,4.494573870363265,0,1,4.494573870363265,4.494573870363265,20.20119427615222,false_positive
44845,2025-02-12 11:00:00,development,49.87613185725724,0.05,0.1800000000000031,0.27,0.6196069552467094,2.115470471602702,4.835006605960972,0.0,0.6586475192844562,1,4.39099238029113,4.39099238029113,11,0,1,0.0,4.39099238029113,0,1,4.39099238029113,4.39099238029113,19.280814083774764,false_positive
518134,2025-02-13 11:00:00,development,52.412716312937775,0.01,0.0700000000000031,0.5,0.621709572860111,2.122649257180491,4.879584057813071,0.0,0.5416146585012521,1,4.422170773495811,4.422170773495811,11,0,1,0.0,4.422170773495811,0,1,4.422170773495811,4.422170773495811,19.55559434996054,false_positive
255209,2025-02-13 11:00:00,development,50.743381145724605,0.01,0.0700000000000031,0.5,0.621709572860111,2.122649257180491,4.879584057813071,0.0,0.5772685146939773,1,4.52729514826675,4.52729514826675,11,0,1,0.0,4.52729514826675,0,1,4.52729514826675,4.52729514826675,20.496401359519652,false_positive
97454,2025-02-13 11:00:00,development,50.39774201066858,0.01,0.0700000000000031,0.5,0.621709572860111,2.122649257180491,4.879584057813071,0.0,0.8647824729209053,1,4.456269112892238,4.456269112892238,11,0,1,0.0,4.456269112892238,0,1,4.456269112892238,4.456269112892238,19.858334406517372,false_positive
44869,2025-02-13 11:00:00,development,50.39334654590205,0.01,0.0700000000000031,0.5,0.621709572860111,2.122649257180491,4.879584057813071,0.0,0.9357862053132002,1,4.443176010745066,4.443176010745066,11,0,1,0.0,4.443176010745066,0,1,4.443176010745066,4.443176010745066,19.74181306246044,false_positive
150061,2025-02-14 09:00:00,development,48.23570207828883,0.01,0.0500000000000031,0.11,0.4669814838084012,0.968114346462051,4.913523848159825,0.0,0.7239684991821392,1,4.584834816711037,4.584834816711037,9,0,1,0.0,4.584834816711037,0,1,4.584834816711037,4.584834816711037,21.02071029652573,false_positive
97501,2025-02-15 10:00:00,development,48.12794118877016,0.0,0.1700000000000031,0.49,0.5645782331911087,1.520242825991815,4.996519041855851,0.0,0.8632638952647184,1,4.398962110114835,4.398962110114835,10,0,1,0.0,4.398962110114835,0,1,4.398962110114835,4.398962110114835,19.350867646225957,false_positive
44916,2025-02-15 10:00:00,development,48.728818142924766,0.0,0.1700000000000031,0.49,0.5645782331911087,1.520242825991815,4.996519041855851,0.0,0.8550265880553356,1,4.385014959620992,4.385014959620992,10,0,1,0.0,4.385014959620992,0,1,4.385014959620992,4.385014959620992,19.228356196099895,false_positive
202694,2025-02-16 09:00:00,development,48.85224236984371,0.05,0.0500000000000031,0.07,0.4380837253922698,0.9082054732555708,4.904355718562336,0.0,0.7710615588621108,1,4.612547555127967,4.612547555127967,9,0,1,0.0,4.612547555127967,0,1,4.612547555127967,4.612547555127967,21.275594948316986,false_positive
97525,2025-02-16 10:00:00,development,49.262851732203096,0.13,0.1800000000000031,0.2,0.5365407957750644,1.4447462684110914,4.876318281146292,0.0,0.8960481301769879,1,4.5076583113288216,4.5076583113288216,10,0,1,0.0,4.5076583113288216,0,1,4.5076583113288216,4.5076583113288216,20.318983451691803,false_positive
44940,2025-02-16 10:00:00,development,48.42932106714366,0.13,0.1800000000000031,0.2,0.5365407957750644,1.4447462684110914,4.876318281146292,0.0,0.9153011432012688,1,4.529091220461541,4.529091220461541,10,0,1,0.0,4.529091220461541,0,1,4.529091220461541,4.529091220461541,20.51266728326181,false_positive
360476,2025-02-17 12:00:00,development,50.45188913253564,0.02,0.7100000000000031,4.99,0.6421864783297738,2.760038532212895,4.80321830524107,0.0,0.6526940171611847,1,4.320804558318022,4.320804558318022,12,0,1,0.0,4.320804558318022,0,1,4.320804558318022,4.320804558318022,18.669352031181795,false_positive
413081,2025-02-18 08:00:00,development,48.458907933315785,0.0,0.0,0.12,0.327773863916897,0.4974421037923667,4.8880293646471324,0.0,0.6009415943971135,1,4.108312073385132,4.108312073385132,8,0,1,0.0,4.108312073385132,0,1,4.108312073385132,4.108312073385132,16.878228092322047,false_positive
97576,2025-02-18 13:00:00,development,50.26729028663027,0.0,0.0200000000000031,0.03,0.6332104800689056,3.281005779921463,4.948221574765586,0.0,0.59688593248865,1,4.208943049473441,4.208943049473441,13,0,1,0.0,4.208943049473441,0,1,4.208943049473441,4.208943049473441,17.715201593710788,false_positive
97623,2025-02-20 12:00:00,development,50.0135862610162,0.08,0.4500000000000031,0.7999999999999999,0.6480906678888113,2.7854140130651475,4.922185075946349,0.0,0.5088444264868254,1,4.18108766781396,4.18108766781396,12,0,1,0.0,4.18108766781396,0,1,4.18108766781396,4.18108766781396,17.481494085945982,false_positive
570910,2025-02-21 10:00:00,development,51.99006967254869,0.34,1.7800000000000031,3.85,0.5465400461393942,1.4716713033097055,4.883092837331669,0.0,0.5591815001065142,1,4.283651937628346,4.283651937628346,10,0,1,0.0,4.283651937628346,0,1,4.283651937628346,4.283651937628346,18.349673922747087,false_positive
150252,2025-02-22 08:00:00,development,47.44613017124979,0.03,0.4900000000000031,2.81,0.3200919688505872,0.4857837671659107,4.800505710111628,0.0,0.5787651080546079,1,4.116159524142192,4.116159524142192,8,0,1,0.0,4.116159524142192,0,1,4.116159524142192,4.116159524142192,16.94276922818648,false_positive
45083,2025-02-22 09:00:00,development,48.51939490786945,0.01,0.4100000000000031,2.46,0.4526784032900339,0.9384621698157608,4.806936034272958,0.0,0.6465147535607422,1,4.32179901682091,4.32179901682091,9,0,1,0.0,4.32179901682091,0,1,4.32179901682091,4.32179901682091,18.677946741794187,false_positive
570935,2025-02-22 11:00:00,development,52.36786585478153,0.0,0.2700000000000031,1.8,0.6183701984044401,2.111247919615157,4.823595526964505,0.0,0.4985410528492189,1,4.3700983768956005,4.3700983768956005,11,0,1,0.0,4.3700983768956005,0,1,4.3700983768956005,4.3700983768956005,19.097759823745562,false_positive
728691,2025-02-22 12:00:00,development,53.296262095972686,0.0,0.1300000000000031,1.49,0.6401839370609907,2.751431856035964,4.832689378600146,0.0,0.7033447657162204,1,4.473692382432392,4.473692382432392,12,0,1,0.0,4.473692382432392,0,1,4.473692382432392,4.473692382432392,20.013923532633612,false_positive
308034,2025-02-23 11:00:00,mid,48.47432722708408,0.02,0.5900000000000031,2.24,0.65432592076076,2.23400843462528,4.9854402985668,0.0,0.7319261362668213,1,4.495485942141365,4.495485942141365,11,0,1,0.0,4.495485942141365,0,1,4.495485942141365,4.495485942141365,20.20939385599064,false_positive
97694,2025-02-23 11:00:00,mid,48.76697205104615,0.02,0.5900000000000031,2.24,0.65432592076076,2.23400843462528,4.9854402985668,0.0,0.9340393324171378,1,4.497338325528362,4.497338325528362,11,0,1,0.0,4.497338325528362,0,1,4.497338325528362,4.497338325528362,20.226052014266248,false_positive
45109,2025-02-23 11:00:00,mid,48.8712502725581,0.02,0.5900000000000031,2.24,0.65432592076076,2.23400843462528,4.9854402985668,0.0,0.9730887014613888,1,4.548555659209343,4.548555659209343,11,0,1,0.0,4.548555659209343,0,1,4.548555659209343,4.548555659209343,20.689358584925337,false_positive
45136,2025-02-24 14:00:00,mid,46.45127591556952,0.15,0.8300000000000032,3.76,0.5639301119595093,3.497442256833432,4.984592712024285,0.0,0.9040984858766286,1,4.15714593439226,4.15714593439226,14,0,1,0.0,4.15714593439226,0,1,4.15714593439226,4.15714593439226,17.2818623198341,false_positive
97743,2025-02-25 12:00:00,mid,48.03364353817192,0.02,1.200000000000003,6.27,0.6368536584148234,2.737118727845639,4.884598671751108,0.0,0.6126619880878298,1,4.334093401253144,4.334093401253144,12,0,1,0.0,4.334093401253144,0,1,4.334093401253144,4.334093401253144,18.784365610786043,false_positive
45180,2025-02-26 10:00:00,mid,47.929544883659325,0.06,0.3500000000000031,0.9000000000000001,0.569629331127503,1.53384394440154,4.886116075608317,0.0,0.5909869141142711,1,4.343622926293981,4.343622926293981,10,0,1,0.0,4.343622926293981,0,1,4.343622926293981,4.343622926293981,18.867060125826686,false_positive
465885,2025-02-27 11:00:00,mid,51.347254813632176,0.23,0.8800000000000032,1.3199999999999998,0.5997543306485782,2.047689371397915,4.874623580741736,0.0,0.5091670470119454,1,4.347077656756477,4.347077656756477,11,0,1,0.0,4.347077656756477,0,1,4.347077656756477,4.347077656756477,18.897084153871386,false_positive
202963,2025-02-27 14:00:00,mid,47.7164380491891,0.16,1.350000000000003,1.85,0.5377250222503013,3.334920720654715,4.770294716523672,0.0,0.541508753344887,1,4.087148962909655,4.087148962909655,14,0,1,0.0,4.087148962909655,0,1,4.087148962909655,4.087148962909655,16.70478664501347,false_positive
97793,2025-02-27 14:00:00,mid,47.48065213023224,0.16,1.350000000000003,1.85,0.5377250222503013,3.334920720654715,4.770294716523672,0.0,0.7612923623072088,1,4.084741640728277,4.084741640728277,14,0,1,0.0,4.084741640728277,0,1,4.084741640728277,4.084741640728277,16.685114271499536,false_positive
203010,2025-03-01 13:00:00,mid,49.54552380293627,0.08,1.190000000000003,3.29,0.615277369505202,3.188084640326491,4.740963686395647,0.0,0.6629504541629313,1,4.173684615189999,4.173684615189999,13,0,1,0.0,4.173684615189999,0,1,4.173684615189999,4.173684615189999,17.419643267073692,false_positive
571127,2025-03-02 11:00:00,mid,49.33432525636621,0.08,0.2800000000000031,0.96,0.6323303441463641,2.158910838577311,4.896581191894683,0.0,0.5803703504122233,1,4.346272558590944,4.346272558590944,11,0,1,0.0,4.346272558590944,0,1,4.346272558590944,4.346272558590944,18.890085153560673,false_positive
45299,2025-03-03 09:00:00,mid,47.038768809906415,0.25,1.130000000000003,2.09,0.4571568730998942,0.947746629742874,4.960556238684874,0.0,0.842384886760121,1,4.397027477241937,4.397027477241937,9,0,1,0.0,4.397027477241937,0,1,4.397027477241937,4.397027477241937,19.333850635620593,false_positive
413398,2025-03-03 13:00:00,mid,49.69459917627095,0.35,2.250000000000003,3.27,0.6244879019324726,3.2358093875965306,4.929720919305384,0.0,0.7599116581881544,1,4.177105780258146,4.177105780258146,13,0,1,0.0,4.177105780258146,0,1,4.177105780258146,4.177105780258146,17.448212699466016,false_positive
203078,2025-03-04 09:00:00,mid,47.584386494675925,0.09,0.5600000000000032,3.32,0.4746625179734635,0.9840381456461592,4.947079104891201,0.0,0.431649824153605,1,4.394673797375948,4.394673797375948,9,0,1,0.0,4.394673797375948,0,1,4.394673797375948,4.394673797375948,19.31315778534274,false_positive
97908,2025-03-04 09:00:00,mid,45.35850432670758,0.09,0.5600000000000032,3.32,0.4746625179734635,0.9840381456461592,4.947079104891201,0.0,0.9837810679359228,1,4.465849922944628,4.465849922944628,9,0,1,0.0,4.465849922944628,0,1,4.465849922944628,4.465849922944628,19.943815534264537,false_positive
45324,2025-03-04 10:00:00,mid,48.16529266397835,0.07,0.5400000000000031,3.0,0.5813404843789519,1.565378629353837,4.968519053664943,0.0,0.5046063493322276,1,4.457925794086874,4.457925794086874,10,0,1,0.0,4.457925794086874,0,1,4.457925794086874,4.457925794086874,19.873102385585085,false_positive
203126,2025-03-06 09:00:00,mid,48.07910685466605,0.05,0.1700000000000031,0.51,0.4724342128889686,0.9794185746451836,5.111566445133418,0.0,0.5435146584541303,1,4.481245584655616,4.481245584655616,9,0,1,0.0,4.481245584655616,0,1,4.481245584655616,4.481245584655616,20.081561989995453,false_positive
97956,2025-03-06 09:00:00,mid,45.750410092457926,0.05,0.1700000000000031,0.51,0.4724342128889686,0.9794185746451836,5.111566445133418,0.0,0.9037982359966624,1,4.532774951846672,4.532774951846672,9,0,1,0.0,4.532774951846672,0,1,4.532774951846672,4.532774951846672,20.546048764088596,false_positive
308321,2025-03-07 10:00:00,late,51.1402989788436,0.15,0.6900000000000032,1.53,0.4791178025579359,1.290123067669014,4.806990169517554,0.0,0.4590562029622093,1,4.312614310122124,4.312614310122124,10,0,1,0.0,4.312614310122124,0,1,4.312614310122124,4.312614310122124,18.598642187870126,false_positive
413492,2025-03-07 11:00:00,late,51.61685541947249,0.07,0.6700000000000031,1.5499999999999998,0.5343864709371752,1.8245095380529512,4.696019504276041,0.0,0.8743754609948221,1,4.356407050682325,4.356407050682325,11,0,1,0.0,4.356407050682325,0,1,4.356407050682325,4.356407050682325,18.97828239123467,false_positive
571248,2025-03-07 12:00:00,late,52.36595719840924,0.04,0.6300000000000031,1.5599999999999998,0.5532375844751465,2.3777471219748603,4.581134217831297,0.0,0.4350590170370774,1,4.33959677155333,4.33959677155333,12,0,1,0.0,4.33959677155333,0,1,4.33959677155333,4.33959677155333,18.832100139676083,false_positive
45419,2025-03-08 09:00:00,late,49.65540165722445,0.02,0.4200000000000031,1.07,0.4062969822128293,0.8423073527383405,4.233558753826104,0.0,0.8141824877889181,1,4.338963042093641,4.338963042093641,9,0,1,0.0,4.338963042093641,0,1,4.338963042093641,4.338963042093641,18.826600280654503,false_positive
360930,2025-03-08 10:00:00,late,50.84158359405922,0.03,0.4200000000000031,0.95,0.497610145097906,1.3399174972616557,4.252051096366074,0.0,0.9018714401196034,1,4.401558629558883,4.401558629558883,10,0,1,0.0,4.401558629558883,0,1,4.401558629558883,4.401558629558883,19.373718369444273,false_positive
98028,2025-03-09 09:00:00,late,50.656865655374816,0.0,0.0900000000000031,0.2,0.4036018261150392,0.8367199378735235,4.358862285119938,0.0,0.6860214931224526,1,4.315699564930606,4.315699564930606,9,0,1,0.0,4.315699564930606,0,1,4.315699564930606,4.315699564930606,18.625262734742222,false_positive
466126,2025-03-09 12:00:00,late,52.24016437166181,0.0,0.0500000000000031,0.15,0.5707791760540116,2.4531387259836057,4.348068228512447,0.0,0.7039959197726859,1,4.341182986810281,4.341182986810281,12,0,1,0.0,4.341182986810281,0,1,4.341182986810281,4.341182986810281,18.845869724971035,false_positive
413565,2025-03-10 12:00:00,late,52.85314188324227,0.02,0.0900000000000031,0.11,0.5541083143444344,2.381489411903845,4.263848969136876,0.0,0.7460966627065853,1,4.247929631008312,4.247929631008312,12,0,1,0.0,4.247929631008312,0,1,4.247929631008312,4.247929631008312,18.04490614999842,false_positive
98100,2025-03-12 09:00:00,late,50.64308098287518,0.0,0.0,0.0,0.41327851149029,0.8567809858225329,4.491575055702452,0.0,0.5663720521585984,1,4.43622677243389,4.43622677243389,9,0,1,0.0,4.43622677243389,0,1,4.43622677243389,4.43622677243389,19.680107976459208,false_positive
45539,2025-03-13 09:00:00,late,49.05486179799493,0.01,0.0500000000000031,0.1,0.4152798578850263,0.8609300414578507,4.443594472313305,0.0,0.5198816007462604,1,4.377233323349502,4.377233323349502,9,0,1,0.0,4.377233323349502,0,1,4.377233323349502,4.377233323349502,19.160171567041328,false_positive
466221,2025-03-13 11:00:00,late,52.46963121264972,0.02,0.0700000000000031,0.14,0.5672828353359728,1.9368247516241568,4.448779501061448,0.0,0.4590933946624979,1,4.400299614803153,4.400299614803153,11,0,1,0.0,4.400299614803153,0,1,4.400299614803153,4.400299614803153,19.362636700036774,false_positive
98148,2025-03-14 09:00:00,late,50.32567673234952,0.0,0.0700000000000031,0.33,0.4164691703652627,0.8633956434452212,4.463409518660765,0.0,0.7373096716825491,1,4.378880449914512,4.378880449914512,9,0,1,0.0,4.378880449914512,0,1,4.378880449914512,4.378880449914512,19.174593994643523,false_positive
571485,2025-03-17 09:00:00,initial,52.23482607087306,0.0,0.0,0.19,0.3611013712738927,0.7486108768304136,3.988783535201398,0.0,0.5014288306139225,1,4.388078174204662,4.388078174204662,9,0,1,0.0,4.388078174204662,0,1,4.388078174204662,4.388078174204662,19.255230062931325,false_positive
98220,2025-03-17 09:00:00,initial,51.626308057074034,0.0,0.0,0.19,0.3611013712738927,0.7486108768304136,3.988783535201398,0.0,0.4512637504467111,1,4.405483707077256,4.405483707077256,9,0,1,0.0,4.405483707077256,0,1,4.405483707077256,4.405483707077256,19.40828669332316,false_positive
45635,2025-03-17 09:00:00,initial,51.63371459071468,0.0,0.0,0.19,0.3611013712738927,0.7486108768304136,3.988783535201398,0.0,0.7854843147840375,1,4.44788106218336,4.44788106218336,9,0,1,0.0,4.44788106218336,0,1,4.44788106218336,4.44788106218336,19.78364594332938,false_positive
45660,2025-03-18 10:00:00,initial,52.61161675922359,0.0,0.0,0.0,0.427707960211352,1.151691510414292,3.8397811927162655,0.0,0.6568527225325755,1,4.565390992509692,4.565390992509692,10,0,1,0.0,4.565390992509692,0,1,4.565390992509692,4.565390992509692,20.842794914488632,false_positive
203415,2025-03-18 10:00:00,initial,51.9645705402419,0.0,0.0,0.0,0.427707960211352,1.151691510414292,3.8397811927162655,0.0,0.4705226592977549,1,4.466834267861252,4.466834267861252,10,0,1,0.0,4.466834267861252,0,1,4.466834267861252,4.466834267861252,19.952608376539565,false_positive
98245,2025-03-18 10:00:00,initial,51.06230020412513,0.0,0.0,0.0,0.427707960211352,1.151691510414292,3.8397811927162655,0.0,0.8025348557718764,1,4.549731790769855,4.549731790769855,10,0,1,0.0,4.549731790769855,0,1,4.549731790769855,4.549731790769855,20.700059367941876,false_positive
361171,2025-03-18 11:00:00,initial,52.233482447378265,0.0,0.0,0.0,0.4770462425500125,1.6287377524704296,3.823553788951665,0.0,0.792867976110481,1,4.456733727208097,4.456733727208097,11,0,1,0.0,4.456733727208097,0,1,4.456733727208097,4.456733727208097,19.862475515234177,false_positive
413757,2025-03-18 12:00:00,initial,53.70881530079215,0.0,0.0,0.0,0.493874611848737,2.1226123638252923,3.8067539443648686,0.0,0.5791935900533034,1,4.300074665559272,4.300074665559272,12,0,1,0.0,4.300074665559272,0,1,4.300074665559272,4.300074665559272,18.490642129384685,false_positive
150854,2025-03-19 10:00:00,initial,52.35466459362148,0.0,0.0,0.0,0.4505645791658491,1.2132376504338998,3.8128962623737928,0.0,0.6717022884037488,1,4.592160494093019,4.592160494093019,10,0,1,0.0,4.592160494093019,0,1,4.592160494093019,4.592160494093019,21.087938003508636,false_positive
98270,2025-03-19 11:00:00,initial,52.65108498274233,0.0,0.0,0.0,0.5025394884186473,1.71577713833228,3.838389508242428,0.0,0.7944457067923621,1,4.628056220535568,4.628056220535568,11,0,1,0.0,4.628056220535568,0,1,4.628056220535568,4.628056220535568,21.41890438043797,false_positive
361244,2025-03-21 12:00:00,initial,52.40760450534969,0.0,0.0,0.0,0.535870684789161,2.3031063222447523,4.05099155172246,0.0,0.4951885071507736,1,4.229827525860431,4.229827525860431,12,0,1,0.0,4.229827525860431,0,1,4.229827525860431,4.229827525860431,17.891440898526575,false_positive
624170,2025-03-21 13:00:00,initial,53.170709456584746,0.0,0.0,0.0,0.5176113340073185,2.682024116919329,4.056659157027807,0.0,0.5747804243005272,1,4.147379373422628,4.147379373422628,13,0,1,0.0,4.147379373422628,0,1,4.147379373422628,4.147379373422628,17.20075566709147,false_positive
150929,2025-03-22 13:00:00,initial,52.68045799168414,0.1,0.8900000000000031,1.61,0.4711661447701415,2.441366485478767,3.817239383905908,0.0,0.6511552982104268,1,4.124287800350461,4.124287800350461,13,0,1,0.0,4.124287800350461,0,1,4.124287800350461,4.124287800350461,17.009749860119648,false_positive
45779,2025-03-23 09:00:00,initial,50.03421100225935,0.14,0.8500000000000032,2.37,0.3397360560790956,0.7043177541393791,3.694368841583181,0.0,0.7822553441619248,1,4.23972043614074,4.23972043614074,9,0,1,0.0,4.23972043614074,0,1,4.23972043614074,4.23972043614074,17.975229376629425,false_positive
413876,2025-03-23 11:00:00,initial,52.53641160207078,0.18,0.8600000000000031,2.37,0.464088083009719,1.5844958283898765,3.6809447632571146,0.0,0.7791289236177551,1,4.331107210727311,4.331107210727311,11,0,1,0.0,4.331107210727311,0,1,4.331107210727311,4.331107210727311,18.75848967081411,false_positive
308706,2025-03-23 11:00:00,initial,51.58784483987642,0.18,0.8600000000000031,2.37,0.464088083009719,1.5844958283898765,3.6809447632571146,0.0,0.6714059041802058,1,4.33778622035191,4.33778622035191,11,0,1,0.0,4.33778622035191,0,1,4.33778622035191,4.33778622035191,18.816389293474913,false_positive
624238,2025-03-24 09:00:00,initial,51.7081736198326,0.03,0.3200000000000031,1.92,0.3609486997811203,0.7482943686441716,3.6934276146247895,0.0,0.4363932672714843,1,4.36896848596243,4.36896848596243,9,0,1,0.0,4.36896848596243,0,1,4.36896848596243,4.36896848596243,19.08788563133285,false_positive
98391,2025-03-24 12:00:00,initial,50.971326874524834,0.0,0.1400000000000031,1.44,0.5104585463399562,2.1938880754075507,3.7783839097729386,0.0,0.7304140890865881,1,4.331667051115453,4.331667051115453,12,0,1,0.0,4.331667051115453,0,1,4.331667051115453,4.331667051115453,18.763339441719243,false_positive
413921,2025-03-25 08:00:00,initial,50.92642390013828,0.02,0.1900000000000031,0.37,0.25675581777749,0.3896624112426066,3.8796343529893673,0.0,0.496065384659853,1,4.1113720161763725,4.1113720161763725,8,0,1,0.0,4.1113720161763725,0,1,4.1113720161763725,4.1113720161763725,16.90337985539817,false_positive
729436,2025-03-25 13:00:00,initial,54.14907641117741,0.0,0.0800000000000031,0.38,0.4960141504039785,2.5701174342869244,3.893388468245796,0.0,0.6623945335458694,1,4.192100352975579,4.192100352975579,13,0,1,0.0,4.192100352975579,0,1,4.192100352975579,4.192100352975579,17.573705369417976,false_positive
466512,2025-03-25 14:00:00,initial,52.69627089273531,0.0,0.0600000000000031,0.38,0.4447141211535926,2.7580757376630265,3.8960325206217217,0.0,0.6072909986558879,1,4.10157694822312,4.10157694822312,14,0,1,0.0,4.10157694822312,0,1,4.10157694822312,4.10157694822312,16.822933462195284,false_positive
98417,2025-03-25 14:00:00,initial,50.98224031594842,0.0,0.0600000000000031,0.38,0.4447141211535926,2.7580757376630265,3.8960325206217217,0.0,0.7449015391229817,1,4.1221994883876985,4.1221994883876985,14,0,1,0.0,4.1221994883876985,0,1,4.1221994883876985,4.1221994883876985,16.9925286220638,false_positive
361342,2025-03-25 14:00:00,initial,51.86633678939492,0.0,0.0600000000000031,0.38,0.4447141211535926,2.7580757376630265,3.8960325206217217,0.0,0.6751130226730344,1,4.099331621884365,4.099331621884365,14,0,1,0.0,4.099331621884365,0,1,4.099331621884365,4.099331621884365,16.804519746181096,false_positive
519116,2025-03-26 09:00:00,initial,51.78905185900481,0.0,0.0,0.04,0.372149613483359,0.7715153434035688,3.919253495441428,0.0,0.6875697479015921,1,4.525973421182188,4.525973421182188,9,0,1,0.0,4.525973421182188,0,1,4.525973421182188,4.525973421182188,20.484435409247602,false_positive
203610,2025-03-26 13:00:00,initial,52.23809230328113,0.0,0.0,0.0,0.5083658258341895,2.634118141403816,3.967818450894684,0.0,0.6989161598893836,1,4.197600773026081,4.197600773026081,13,0,1,0.0,4.197600773026081,0,1,4.197600773026081,4.197600773026081,17.61985224970915,false_positive
203611,2025-03-26 14:00:00,initial,52.62064268172791,0.0,0.0,0.0,0.4557883303858231,2.826756956325454,3.978892660126914,0.0,0.689628722055545,1,4.128809144526137,4.128809144526137,14,0,1,0.0,4.128809144526137,0,1,4.128809144526137,4.128809144526137,17.047064951922653,false_positive
466555,2025-03-27 09:00:00,initial,52.49908485061098,0.0,0.0200000000000031,0.14,0.3713877403256769,0.7699358796352813,3.996058569560735,0.0,0.6056677911718062,1,4.411893943317439,4.411893943317439,9,0,1,0.0,4.411893943317439,0,1,4.411893943317439,4.411893943317439,19.464808167081106,false_positive
413971,2025-03-27 10:00:00,initial,52.11587428696333,0.0,0.0100000000000031,0.14,0.4548552301435432,1.224791109253603,3.995125469318455,0.0,0.4447459710719719,1,4.448239269422614,4.448239269422614,10,0,1,0.0,4.448239269422614,0,1,4.448239269422614,4.448239269422614,19.78683259803343,false_positive
151048,2025-03-27 12:00:00,initial,52.49036740262229,0.0,0.0100000000000031,0.14,0.5252215790501157,2.257337775000004,3.9930072798790377,0.0,0.6954808051812011,1,4.426892437371601,4.426892437371601,12,0,1,0.0,4.426892437371601,0,1,4.426892437371601,4.426892437371601,19.59737665205787,false_positive
45879,2025-03-27 13:00:00,initial,51.45041844748759,0.0,0.0,0.14,0.5073250877467287,2.62872551480046,3.991966541791577,0.0,0.6245789118537887,1,4.255126003329125,4.255126003329125,13,0,1,0.0,4.255126003329125,0,1,4.255126003329125,4.255126003329125,18.106097304207694,false_positive
571730,2025-03-27 14:00:00,initial,52.49809250269994,0.0,0.0,0.14,0.4548552301435432,2.820969955156334,3.9910334415492974,0.0,0.4457456611215619,1,4.0870338258287084,4.0870338258287084,14,0,1,0.0,4.0870338258287084,0,1,4.0870338258287084,4.0870338258287084,16.703845493468048,false_positive
361409,2025-03-28 09:00:00,initial,51.60579637475307,0.0,0.0,0.0,0.3713652636892409,0.7698892825967512,3.9894073807391206,0.0,0.5456251720809194,1,4.38585568057273,4.38585568057273,9,0,1,0.0,4.38585568057273,0,1,4.38585568057273,4.38585568057273,19.235730050812084,false_positive
256239,2025-03-28 09:00:00,initial,50.82500083433038,0.0,0.0,0.0,0.3713652636892409,0.7698892825967512,3.9894073807391206,0.0,0.8078903842081275,1,4.463583571744,4.463583571744,9,0,1,0.0,4.463583571744,0,1,4.463583571744,4.463583571744,19.92357830194292,false_positive
466580,2025-03-28 10:00:00,initial,52.64071937589638,0.0,0.0,0.0,0.4548277019983492,1.2247169840699106,3.989379852593927,0.0,0.8125383137275057,1,4.817039295954579,4.817039295954579,10,0,1,0.0,4.817039295954579,0,1,4.817039295954579,4.817039295954579,23.20386757877059,false_positive
413996,2025-03-28 11:00:00,initial,50.78666120600669,0.0,0.0,0.0,0.5072943840903772,1.732011367635098,3.989349148937575,0.0,0.9898419545842452,1,4.696584260176516,4.696584260176516,11,0,1,0.0,4.696584260176516,0,1,4.696584260176516,4.696584260176516,22.057903712937797,false_positive
151073,2025-03-28 13:00:00,initial,52.86727238760937,0.0,0.0,0.0,0.5072943840903772,2.628566422560004,3.9892866585171527,0.0,0.6063555757844389,1,4.189232144022989,4.189232144022989,13,0,1,0.0,4.189232144022989,0,1,4.189232144022989,4.189232144022989,17.549665956515447,false_positive
45903,2025-03-28 13:00:00,initial,51.68175904680611,0.0,0.0,0.0,0.5072943840903772,2.628566422560004,3.9892866585171527,0.0,0.5968001173383726,1,4.232405658484684,4.232405658484684,13,0,1,0.0,4.232405658484684,0,1,4.232405658484684,4.232405658484684,17.91325765797317,false_positive
203677,2025-03-29 08:00:00,initial,49.57888970145101,0.0,0.0200000000000031,0.02,0.2608063811371056,0.3958097005202601,3.986498214410162,0.0,0.8501866846840564,1,4.222636711924309,4.222636711924309,8,0,1,0.0,4.222636711924309,0,1,4.222636711924309,4.222636711924309,17.830660800890943,false_positive
98507,2025-03-29 08:00:00,initial,48.63427667682821,0.0,0.0200000000000031,0.02,0.2608063811371056,0.3958097005202601,3.986498214410162,0.0,0.9186074684505016,1,4.193447066273133,4.193447066273133,8,0,1,0.0,4.193447066273133,0,1,4.193447066273133,4.193447066273133,17.584998297634744,false_positive
729530,2025-03-29 11:00:00,initial,53.88014945387487,0.01,0.0500000000000031,0.05,0.5038392379165753,1.7202147606992726,3.977415926376046,0.0,0.4613395897499088,1,4.5907978907651135,4.5907978907651135,11,0,1,0.0,4.5907978907651135,0,1,4.5907978907651135,4.5907978907651135,21.075425273853416,false_positive
519191,2025-03-29 12:00:00,initial,53.34887336948529,0.0,0.0400000000000031,0.05,0.5216127617525986,2.2418275219302584,3.9738388958426,0.0,0.7027090808729897,1,4.458874374448197,4.458874374448197,12,0,1,0.0,4.458874374448197,0,1,4.458874374448197,4.458874374448197,19.8815606871108,false_positive
203703,2025-03-30 10:00:00,development,49.55011732446498,0.0,0.3200000000000031,0.66,0.5645549419479672,1.5201801095369245,4.265846875772898,0.0,0.8405196625652206,1,4.394779368691391,4.394779368691391,10,0,1,0.0,4.394779368691391,0,1,4.394779368691391,4.394779368691391,19.314085699475502,false_positive
571799,2025-03-30 11:00:00,development,53.50468848884387,0.0,0.2400000000000031,0.65,0.6296792176517694,2.149859326536802,4.391686855508093,0.0,0.4619685482499413,1,4.416701309992657,4.416701309992657,11,0,1,0.0,4.416701309992657,0,1,4.416701309992657,4.416701309992657,19.50725046169085,false_positive
151140,2025-03-31 08:00:00,development,47.75434669089065,0.02,0.1600000000000031,0.27,0.3136759944642219,0.4760466399938654,4.932989206549052,0.0,0.6131846162192474,1,4.139199142623442,4.139199142623442,8,0,1,0.0,4.139199142623442,0,1,4.139199142623442,4.139199142623442,17.132969542294635,false_positive
45970,2025-03-31 08:00:00,development,46.88494208523936,0.02,0.1600000000000031,0.27,0.3136759944642219,0.4760466399938654,4.932989206549052,0.0,0.8023898537048758,1,4.143167546126804,4.143167546126804,8,0,1,0.0,4.143167546126804,0,1,4.143167546126804,4.143167546126804,17.165837315278406,false_positive
308895,2025-03-31 08:00:00,development,46.52775201779485,0.02,0.1600000000000031,0.27,0.3136759944642219,0.4760466399938654,4.932989206549052,0.0,0.8307323873952869,1,4.141145179612119,4.141145179612119,8,0,1,0.0,4.141145179612119,0,1,4.141145179612119,4.141145179612119,17.149083398624686,false_positive
203727,2025-03-31 10:00:00,development,50.55642268113849,0.01,0.1200000000000031,0.2799999999999999,0.5433027590674727,1.462954243108947,4.894384689004879,0.0,0.4791270857259732,1,4.460830030924908,4.460830030924908,10,0,1,0.0,4.460830030924908,0,1,4.460830030924908,4.460830030924908,19.899004564801512,false_positive
98557,2025-03-31 10:00:00,development,48.354045123211,0.01,0.1200000000000031,0.2799999999999999,0.5433027590674727,1.462954243108947,4.894384689004879,0.0,0.6936648107438396,1,4.507629236564768,4.507629236564768,10,0,1,0.0,4.507629236564768,0,1,4.507629236564768,4.507629236564768,20.318721334333475,false_positive
571823,2025-03-31 11:00:00,development,50.85764656997581,0.01,0.1000000000000031,0.29,0.6059754876951986,2.068929730176793,4.8706809590483084,0.0,0.8029650547242396,1,4.473133143419437,4.473133143419437,11,0,1,0.0,4.473133143419437,0,1,4.473133143419437,4.473133143419437,20.008920118757455,false_positive
256361,2025-04-02 11:00:00,development,51.63727300206649,0.01,0.1600000000000031,0.47,0.6030829058384648,2.059053837963515,4.776767100089741,0.0,0.8268261338421766,1,4.4301572607968,4.4301572607968,11,0,1,0.0,4.4301572607968,0,1,4.4301572607968,4.4301572607968,19.626293355390604,false_positive
46042,2025-04-03 08:00:00,development,48.101589421962885,0.01,0.06,0.16,0.32147013791265,0.4878753290415942,4.756566114639728,0.0,0.5678981481908624,1,4.114839614726772,4.114839614726772,8,0,1,0.0,4.114839614726772,0,1,4.114839614726772,4.114839614726772,16.931905054924766,false_positive
98629,2025-04-03 10:00:00,development,49.335693326477774,0.01,0.06,0.16,0.5568026115102189,1.499305367933637,4.7857994852771455,0.0,0.590813697012474,1,4.390303014989344,4.390303014989344,10,0,1,0.0,4.390303014989344,0,1,4.390303014989344,4.390303014989344,19.274760563424525,false_positive
203799,2025-04-03 10:00:00,development,49.272141405710975,0.01,0.06,0.16,0.5568026115102189,1.499305367933637,4.7857994852771455,0.0,0.8881973651091031,1,4.617203319049624,4.617203319049624,10,0,1,0.0,4.617203319049624,0,1,4.617203319049624,4.617203319049624,21.318566489442865,false_positive
256408,2025-04-04 10:00:00,development,50.43266478564766,0.16,0.2900000000000031,0.3,0.5475368722008994,1.4743554621732158,4.858666344186084,0.0,0.6925151240123772,1,4.48584300271211,4.48584300271211,10,0,1,0.0,4.48584300271211,0,1,4.48584300271211,4.48584300271211,20.122787444981196,false_positive
203823,2025-04-04 10:00:00,development,49.47236659237832,0.16,0.2900000000000031,0.3,0.5475368722008994,1.4743554621732158,4.858666344186084,0.0,0.9786787669812244,1,4.568572381631975,4.568572381631975,10,0,1,0.0,4.568572381631975,0,1,4.568572381631975,4.568572381631975,20.87185360621046,false_positive
98653,2025-04-04 10:00:00,development,49.50628954450816,0.16,0.2900000000000031,0.3,0.5475368722008994,1.4743554621732158,4.858666344186084,0.0,0.9840082501347291,1,4.556491246584446,4.556491246584446,10,0,1,0.0,4.556491246584446,0,1,4.556491246584446,4.556491246584446,20.761612480200675,false_positive
46114,2025-04-06 08:00:00,development,46.324220162493255,0.0,0.0,0.01,0.3194373121790377,0.4847902352592918,4.709379266936297,0.0,0.780585859493177,1,4.146493288694862,4.146493288694862,8,0,1,0.0,4.146493288694862,0,1,4.146493288694862,4.146493288694862,17.193406593191533,false_positive
151285,2025-04-06 09:00:00,development,48.72785338884069,0.01,0.0100000000000031,0.01,0.4517525789469729,0.93654281356739,4.724205720536975,0.0,0.7768732869553455,1,4.585558196868894,4.585558196868894,9,0,1,0.0,4.585558196868894,0,1,4.585558196868894,4.585558196868894,21.027343976871506,false_positive
46138,2025-04-07 08:00:00,development,48.433763580053125,0.01,0.1100000000000031,0.17,0.3202076826189992,0.4859593787894514,4.853903704645893,0.0,0.558580670913601,1,4.109592030583348,4.109592030583348,8,0,1,0.0,4.109592030583348,0,1,4.109592030583348,4.109592030583348,16.88874665783417,false_positive
203895,2025-04-07 10:00:00,development,49.85306923670715,0.0,0.0800000000000031,0.15,0.5546159748011797,1.49341739958038,4.856327493711033,0.0,0.955531310580918,1,4.651439379535991,4.651439379535991,10,0,1,0.0,4.651439379535991,0,1,4.651439379535991,4.651439379535991,21.635888301498163,false_positive
98725,2025-04-07 10:00:00,development,47.51167803039882,0.0,0.0800000000000031,0.15,0.5546159748011797,1.49341739958038,4.856327493711033,0.0,0.9283543111690378,1,4.548493455541655,4.548493455541655,10,0,1,0.0,4.548493455541655,0,1,4.548493455541655,4.548493455541655,20.68879271510526,false_positive
361650,2025-04-07 10:00:00,development,50.180852151226645,0.0,0.0800000000000031,0.15,0.5546159748011797,1.49341739958038,4.856327493711033,0.0,0.8506031573305846,1,4.553047207416493,4.553047207416493,10,0,1,0.0,4.553047207416493,0,1,4.553047207416493,4.553047207416493,20.730238872963128,false_positive
46162,2025-04-08 08:00:00,development,47.81193341425778,0.01,0.0300000000000031,0.03,0.2998040531309918,0.4549940533171076,4.833472324405235,0.0,0.7998534199851427,1,4.152067526690307,4.152067526690307,8,0,1,0.0,4.152067526690307,0,1,4.152067526690307,4.152067526690307,17.239664746196166,false_positive
151333,2025-04-08 09:00:00,development,48.89020248471915,0.03,0.0600000000000031,0.06,0.4239869577439068,0.8789810104614064,4.804617234878561,0.0,0.6541443896376736,1,4.51573930405649,4.51573930405649,9,0,1,0.0,4.51573930405649,0,1,4.51573930405649,4.51573930405649,20.391901462200593,false_positive
98749,2025-04-08 10:00:00,development,48.97511178101644,0.03,0.0900000000000031,0.09,0.5192758518990134,1.3982568617608115,4.769277111976396,0.0,0.7799557723037485,1,4.4550941304396,4.4550941304396,10,0,1,0.0,4.4550941304396,0,1,4.4550941304396,4.4550941304396,19.84786371107738,false_positive
46186,2025-04-09 08:00:00,development,47.5920887162862,0.01,0.1500000000000031,0.29,0.3166611234182089,0.4805769854253707,4.5800586766538505,0.0,0.5262846015454502,1,4.169718667310545,4.169718667310545,8,0,1,0.0,4.169718667310545,0,1,4.169718667310545,4.169718667310545,17.386553764518027,false_positive
203943,2025-04-09 10:00:00,development,50.62245695016215,0.0,0.1000000000000031,0.23,0.5484731540785526,1.4768765933892798,4.633095476241484,0.0,0.6097706412523997,1,4.521202603872918,4.521202603872918,10,0,1,0.0,4.521202603872918,0,1,4.521202603872918,4.521202603872918,20.44127298526725,false_positive
98773,2025-04-09 10:00:00,development,47.94187713709376,0.0,0.1000000000000031,0.23,0.5484731540785526,1.4768765933892798,4.633095476241484,0.0,0.9187688133794928,1,4.520876117225959,4.520876117225959,10,0,1,0.0,4.520876117225959,0,1,4.520876117225959,4.520876117225959,20.438320867304064,false_positive
361698,2025-04-09 10:00:00,development,50.93282763018077,0.0,0.1000000000000031,0.23,0.5484731540785526,1.4768765933892798,4.633095476241484,0.0,0.5681912930733919,1,4.449120125477022,4.449120125477022,10,0,1,0.0,4.449120125477022,0,1,4.449120125477022,4.449120125477022,19.794669890924673,false_positive
151381,2025-04-10 09:00:00,development,49.21884036965839,0.0,0.0,0.0,0.4533749023283263,0.939906104392714,4.822062731146719,0.0,0.4883519167108527,1,4.518208735951272,4.518208735951272,9,0,1,0.0,4.518208735951272,0,1,4.518208735951272,4.518208735951272,20.41421018162639,false_positive
361722,2025-04-10 10:00:00,development,49.9064559946917,0.0,0.0,0.0,0.5552685863001808,1.495174690051726,4.828858163368348,0.0,0.981228863068254,1,4.753473514020286,4.753473514020286,10,0,1,0.0,4.753473514020286,0,1,4.753473514020286,4.753473514020286,22.59551044849237,false_positive
151405,2025-04-11 09:00:00,development,48.9136544710818,0.04,0.0900000000000031,0.09,0.4370683017082982,0.9061003657293084,4.83635585013324,0.0,0.9347548092931872,1,4.616643130641111,4.616643130641111,9,0,1,0.0,4.616643130641111,0,1,4.616643130641111,4.616643130641111,21.31339379569576,false_positive
98820,2025-04-11 09:00:00,development,48.28323404674045,0.04,0.0900000000000031,0.09,0.4370683017082982,0.9061003657293084,4.83635585013324,0.0,0.8378285976429293,1,4.582076599314709,4.582076599314709,9,0,1,0.0,4.582076599314709,0,1,4.582076599314709,4.582076599314709,20.995425961987447,false_positive
361746,2025-04-11 10:00:00,development,50.75128272563055,0.06,0.1400000000000031,0.15,0.5352971608261533,1.441397525937354,4.816384424659212,0.0,0.452459166012893,1,4.46245748051762,4.46245748051762,10,0,1,0.0,4.46245748051762,0,1,4.46245748051762,4.46245748051762,19.913526765427665,false_positive
204040,2025-04-13 11:00:00,development,50.1163930203947,0.22,1.380000000000003,3.46,0.5534444663991327,1.8895776046818296,4.2146665505329,0.0,0.8261964957570962,1,4.384378579600457,4.384378579600457,11,0,1,0.0,4.384378579600457,0,1,4.384378579600457,4.384378579600457,19.222775529259323,false_positive
98870,2025-04-13 11:00:00,development,51.06728136303471,0.22,1.380000000000003,3.46,0.5534444663991327,1.8895776046818296,4.2146665505329,0.0,0.842523594663112,1,4.372674889457738,4.372674889457738,11,0,1,0.0,4.372674889457738,0,1,4.372674889457738,4.372674889457738,19.12028568889424,false_positive
256626,2025-04-13 12:00:00,development,51.42283457847338,0.17,1.3200000000000032,3.11,0.5729678732225785,2.46254547733144,4.246648977276859,0.0,0.6256167881066546,1,4.262440399781824,4.262440399781824,12,0,1,0.0,4.262440399781824,0,1,4.262440399781824,4.262440399781824,18.168398161692238,false_positive
46288,2025-04-13 14:00:00,development,47.09425927289775,0.09,1.220000000000003,2.77,0.4962047338398577,3.0774157424260946,4.305239223296564,0.0,0.8315080018350617,1,4.077129943205807,4.077129943205807,14,0,1,0.0,4.077129943205807,0,1,4.077129943205807,4.077129943205807,16.62298857378539,false_positive
729913,2025-04-14 10:00:00,mid,48.31454912090037,0.0,0.4100000000000031,1.6,0.56934596288703,1.5330809172259117,4.549070867681417,0.0,0.7533657149632891,1,4.425896852142947,4.425896852142947,10,0,1,0.0,4.425896852142947,0,1,4.425896852142947,4.425896852142947,19.58856294580885,false_positive
98895,2025-04-14 12:00:00,mid,48.61349849467256,0.0,0.1400000000000031,1.21,0.6574240897680032,2.825527912832965,4.715105524981607,0.0,0.4720828662084646,1,4.332142470646522,4.332142470646522,12,0,1,0.0,4.332142470646522,0,1,4.332142470646522,4.332142470646522,18.76745838597935,false_positive
414406,2025-04-14 13:00:00,mid,48.29677563942488,0.0,0.0500000000000031,1.09,0.6350229071538982,3.2903969443584447,4.7966839657363725,0.0,0.867897676136746,1,4.247765748306131,4.247765748306131,13,0,1,0.0,4.247765748306131,0,1,4.247765748306131,4.247765748306131,18.043513852482747,false_positive
519577,2025-04-14 14:00:00,mid,49.202954979682325,0.0,0.0,1.0,0.5693459628870301,3.531030862032761,4.869825194783545,0.0,0.5925187791238928,1,4.160950779746124,4.160950779746124,14,0,1,0.0,4.160950779746124,0,1,4.160950779746124,4.160950779746124,17.31351139146988,false_positive
256653,2025-04-14 15:00:00,mid,47.59002271714397,0.0,0.0,0.96,0.4648690321829036,3.531030862032761,4.929544758240912,0.0,0.515344494547317,1,4.128973573851544,4.128973573851544,15,0,1,0.0,4.128973573851544,0,1,4.128973573851544,4.128973573851544,17.048422773564393,false_positive
204088,2025-04-15 11:00:00,mid,49.61293972802333,0.0,0.0,0.0,0.6596845890691927,2.252304072654535,5.077831993529784,0.0,0.4463486989646585,1,4.492869846588979,4.492869846588979,11,0,1,0.0,4.492869846588979,0,1,4.492869846588979,4.492869846588979,20.185879458388477,false_positive
98918,2025-04-15 11:00:00,mid,49.472896210822185,0.0,0.0,0.0,0.6596845890691927,2.252304072654535,5.077831993529784,0.0,0.9475702124574836,1,4.656079640862103,4.656079640862103,11,0,1,0.0,4.656079640862103,0,1,4.656079640862103,4.656079640862103,21.67907762205057,false_positive
256674,2025-04-15 12:00:00,mid,48.60215123399654,0.0,0.0,0.0,0.682955741622857,2.935259813594437,5.103363645384638,0.0,0.8125392646434285,1,4.282397097387745,4.282397097387745,12,0,1,0.0,4.282397097387745,0,1,4.282397097387745,4.282397097387745,18.338924899714986,false_positive
467036,2025-04-16 10:00:00,mid,50.01187235086092,0.01,0.0500000000000031,0.1,0.583884698772427,1.5722294490491056,5.167173859181533,0.0,0.4863902322388574,1,4.27411744425766,4.27411744425766,10,0,1,0.0,4.27411744425766,0,1,4.27411744425766,4.27411744425766,18.268079927307635,false_positive
414475,2025-04-17 10:00:00,mid,48.73213271227355,0.0,0.0800000000000031,0.32,0.5896224820468137,1.5876796087385414,5.1365985597225645,0.0,0.8968114767703267,1,4.382488534869511,4.382488534869511,10,0,1,0.0,4.382488534869511,0,1,4.382488534869511,4.382488534869511,19.206205758262712,false_positive
361913,2025-04-18 09:00:00,mid,47.79859028869332,0.03,0.0600000000000031,0.07,0.4672580948671813,0.9686877977522624,5.142104142521781,0.0,0.9230580339939104,1,4.622871935018631,4.622871935018631,9,0,1,0.0,4.622871935018631,0,1,4.622871935018631,4.622871935018631,21.370944927582904,false_positive
414499,2025-04-18 10:00:00,mid,49.05033830265979,0.04,0.1000000000000031,0.11,0.5722719551562728,1.5409597522477327,5.12475361563124,0.0,0.8882938418266718,1,4.530288009793968,4.530288009793968,10,0,1,0.0,4.530288009793968,0,1,4.530288009793968,4.530288009793968,20.52350945168299,false_positive
46427,2025-04-19 09:00:00,mid,46.19744577664674,0.01,0.1100000000000031,1.14,0.4715089574437465,0.9775003977972356,5.02810770006902,0.0,0.7116527789686229,1,4.3761626051927225,4.3761626051927225,9,0,1,0.0,4.3761626051927225,0,1,4.3761626051927225,4.3761626051927225,19.150799147087156,false_positive
151600,2025-04-19 12:00:00,mid,48.98399616496204,0.0,0.0400000000000031,0.97,0.6668143621211414,2.865886148948497,5.0451323359777644,0.0,0.6660004562015607,1,4.335058812155684,4.335058812155684,12,0,1,0.0,4.335058812155684,0,1,4.335058812155684,4.335058812155684,18.79273490484865,false_positive
519697,2025-04-19 14:00:00,mid,48.17541104718309,0.0,0.0100000000000031,0.8400000000000001,0.5774781772945605,3.5814661016260123,5.056145344381436,0.0,0.7122959108007447,1,4.184417651617462,4.184417651617462,14,0,1,0.0,4.184417651617462,0,1,4.184417651617462,4.184417651617462,17.509351083167797,false_positive
624886,2025-04-20 09:00:00,mid,48.96498945297631,0.0,0.0,0.0,0.48165765942467,0.9985399985659272,5.085997545270545,0.0,0.6853452489818943,1,4.186016739278836,4.186016739278836,9,0,1,0.0,4.186016739278836,0,1,4.186016739278836,4.186016739278836,17.522736141522618,false_positive
151623,2025-04-20 11:00:00,mid,49.34721867787789,0.0,0.0,0.0,0.6579565984521283,2.2464043436494743,5.112290500685863,0.0,0.4434766228275097,1,4.465325265488108,4.465325265488108,11,0,1,0.0,4.465325265488108,0,1,4.465325265488108,4.465325265488108,19.939129726606442,false_positive
151647,2025-04-21 11:00:00,mid,48.14055515518674,0.08,0.440000000000003,0.64,0.6351858110333232,2.168660012357318,5.096231157455288,0.0,0.4883958874113408,1,4.360523619087505,4.360523619087505,11,0,1,0.0,4.360523619087505,0,1,4.360523619087505,4.360523619087505,19.014166232619996,false_positive
204233,2025-04-21 12:00:00,mid,47.695503167328766,0.1,0.5000000000000031,0.74,0.6575927402740622,2.8262527519737874,5.07265710363225,0.0,0.8848288658125827,1,4.32481094074431,4.32481094074431,12,0,1,0.0,4.32481094074431,0,1,4.32481094074431,4.32481094074431,18.703989673181685,false_positive
46481,2025-04-21 15:00:00,mid,44.18176375652366,0.09,0.5800000000000031,1.03,0.4649882860994379,3.5319366854594656,5.01280121340412,0.0,0.4706238980175327,1,4.10803158281106,4.10803158281106,15,0,1,0.0,4.10803158281106,0,1,4.10803158281106,4.10803158281106,16.875923485373146,false_positive
519884,2025-04-27 09:00:00,late,50.1875296971673,0.0,0.0300000000000031,0.07,0.3993640797367402,0.8279345294413931,4.342099718063294,0.0,0.6808751963983275,1,4.328063440310904,4.328063440310904,9,0,1,0.0,4.328063440310904,0,1,4.328063440310904,4.328063440310904,18.73213314335586,false_positive
46620,2025-04-27 10:00:00,late,50.65890880872858,0.0,0.0200000000000031,0.07,0.4891191083486614,1.3170536372252686,4.334735698526844,0.0,0.7531246662606346,1,4.318112113255387,4.318112113255387,10,0,1,0.0,4.318112113255387,0,1,4.318112113255387,4.318112113255387,18.6460922226429,false_positive
572472,2025-04-27 12:00:00,late,52.317425829180806,0.0,0.0,0.07,0.5647860976544061,2.4273812118227576,4.3180189646680525,0.0,0.8023724348223394,1,4.288060715969963,4.288060715969963,12,0,1,0.0,4.288060715969963,0,1,4.288060715969963,4.288060715969963,18.38746470384483,false_positive
414718,2025-04-27 13:00:00,late,51.984912574771954,0.0,0.0,0.07,0.5455414780726553,2.826745290994712,4.30980546813132,0.0,0.5730250620225202,1,4.200842292998963,4.200842292998963,13,0,1,0.0,4.200842292998963,0,1,4.200842292998963,4.200842292998963,17.647075970648782,false_positive
730249,2025-04-28 10:00:00,late,53.600740080387446,0.0,0.0,0.0,0.4978081330161685,1.3404506203873388,4.3133733165455705,0.0,0.553134113831072,1,4.423603823356626,4.423603823356626,10,0,1,0.0,4.423603823356626,0,1,4.423603823356626,4.423603823356626,19.56827078601536,false_positive
46644,2025-04-28 10:00:00,late,51.57197086213114,0.0,0.0,0.0,0.4978081330161685,1.3404506203873388,4.3133733165455705,0.0,0.6681285632318382,1,4.387117226251052,4.387117226251052,10,0,1,0.0,4.387117226251052,0,1,4.387117226251052,4.387117226251052,19.24679755686872,false_positive
362154,2025-04-28 10:00:00,late,51.80309718683054,0.0,0.0,0.0,0.4978081330161685,1.3404506203873388,4.3133733165455705,0.0,0.4719640224144237,1,4.3779141980780025,4.3779141980780025,10,0,1,0.0,4.3779141980780025,0,1,4.3779141980780025,4.3779141980780025,19.16613272573296,false_positive
362178,2025-04-29 10:00:00,late,51.895247525371005,0.0,0.0,0.0,0.4971123182912301,1.3385769963586047,4.364312592633915,0.0,0.5005814552025237,1,4.387727265662254,4.387727265662254,10,0,1,0.0,4.387727265662254,0,1,4.387727265662254,4.387727265662254,19.25215055783596,false_positive
46668,2025-04-29 10:00:00,late,50.01596051197982,0.0,0.0,0.0,0.4971123182912301,1.3385769963586047,4.364312592633915,0.0,0.9290187277354924,1,4.404469402384474,4.404469402384474,10,0,1,0.0,4.404469402384474,0,1,4.404469402384474,4.404469402384474,19.399350716541043,false_positive
572519,2025-04-29 11:00:00,late,51.8252369951717,0.0,0.0,0.0,0.5544567453198012,1.8930337411043896,4.363536512151619,0.0,0.8732487373652643,1,4.453063710454523,4.453063710454523,11,0,1,0.0,4.453063710454523,0,1,4.453063710454523,4.453063710454523,19.829776409367003,false_positive
414765,2025-04-29 12:00:00,late,52.18130055745466,0.0,0.0,0.0,0.5740158614770409,2.467049602007415,4.362733054514245,0.0,0.8724256562662024,1,4.357841036185241,4.357841036185241,12,0,1,0.0,4.357841036185241,0,1,4.357841036185241,4.357841036185241,18.990778496660056,false_positive
46692,2025-04-30 10:00:00,late,50.48502671416416,0.0,0.0,0.0,0.4833751613287412,1.3015868803852917,4.323093233947376,0.0,0.6046619552454383,1,4.3169529514015546,4.3169529514015546,10,0,1,0.0,4.3169529514015546,0,1,4.3169529514015546,4.3169529514015546,18.636082784614594,false_positive
572543,2025-04-30 11:00:00,late,51.63826094323991,0.0,0.0,0.0,0.5391349376334612,1.8407218174606,4.307771426261036,0.0,0.4674716145857728,1,4.3057568272543785,4.3057568272543785,11,0,1,0.0,4.3057568272543785,0,1,4.3057568272543785,4.3057568272543785,18.53954185544769,false_positive
414789,2025-04-30 12:00:00,late,52.291303264771614,0.0,0.0,0.0,0.5581535589391086,2.398875375841554,4.291909123723103,0.0,0.6668121410733994,1,4.27117293974625,4.27117293974625,12,0,1,0.0,4.27117293974625,0,1,4.27117293974625,4.27117293974625,18.24291828122062,false_positive
99807,2025-05-22 12:00:00,development,48.79972714925811,0.16,0.7600000000000036,0.8900000000000002,0.5142120980045917,2.210020378993248,3.8884490242693657,0.0,0.9220625391684198,1,4.2949116208918205,4.2949116208918205,12,0,1,0.0,4.2949116208918205,0,1,4.2949116208918205,4.2949116208918205,18.446265831271607,false_positive
362757,2025-05-23 13:00:00,development,51.13022979585303,0.05,0.3800000000000036,1.2400000000000002,0.4947721571258859,2.5636819957521704,3.895373338055504,0.0,0.6104689762525528,1,4.18706973454287,4.18706973454287,13,0,1,0.0,4.18706973454287,0,1,4.18706973454287,4.18706973454287,17.531552961924902,false_positive
99852,2025-05-24 09:00:00,development,47.24556601567721,0.16,0.6200000000000037,1.6300000000000003,0.3620725347059962,0.7506242270037671,3.8904806086354737,0.0,0.8831694587083182,1,4.258773152498077,4.258773152498077,9,0,1,0.0,4.258773152498077,0,1,4.258773152498077,4.258773152498077,18.137148764438408,false_positive
99880,2025-05-25 13:00:00,development,48.8229886984694,0.07,0.7200000000000036,1.87,0.4919393901740911,2.549003898919348,3.874889373557192,0.0,0.874309528332908,1,4.178071955967624,4.178071955967624,13,0,1,0.0,4.178071955967624,0,1,4.178071955967624,4.178071955967624,17.45628526924313,false_positive
47295,2025-05-25 13:00:00,development,48.978866105963455,0.07,0.7200000000000036,1.87,0.4919393901740911,2.549003898919348,3.874889373557192,0.0,0.6329611151789217,1,4.166202663338549,4.166202663338549,13,0,1,0.0,4.166202663338549,0,1,4.166202663338549,4.166202663338549,17.357244632009216,false_positive
205071,2025-05-26 10:00:00,development,49.69593345733728,0.03,0.4500000000000037,1.2400000000000004,0.4407345831889391,1.186768367728898,3.867587034943627,0.0,0.5236210488577028,1,4.301721225496977,4.301721225496977,10,0,1,0.0,4.301721225496977,0,1,4.301721225496977,4.301721225496977,18.504805501891216,false_positive
257657,2025-05-26 11:00:00,development,50.25896301615606,0.01,0.3900000000000037,1.1100000000000003,0.491575552552807,1.6783439197727883,3.867223197322343,0.0,0.5646783509559266,1,4.304628748566382,4.304628748566382,11,0,1,0.0,4.304628748566382,0,1,4.304628748566382,4.304628748566382,18.52982866298418,false_positive
520583,2025-05-26 12:00:00,development,51.28447961971886,0.01,0.3100000000000036,1.0200000000000002,0.5089164604118935,2.1872603796757657,3.866846524899504,0.0,0.5454628848142697,1,4.249561765502365,4.249561765502365,12,0,1,0.0,4.249561765502365,0,1,4.249561765502365,4.249561765502365,18.058775198819582,false_positive
47338,2025-05-27 08:00:00,development,48.43531893952997,0.03,0.2100000000000036,0.4900000000000002,0.2682867414632381,0.4071621803467166,3.886590980791216,0.0,0.5271647574547779,1,4.163956459942279,4.163956459942279,8,0,1,0.0,4.163956459942279,0,1,4.163956459942279,4.163956459942279,17.338533400295034,false_positive
205096,2025-05-27 11:00:00,development,49.58065598314055,0.0,0.1300000000000036,0.4200000000000002,0.5182901843605531,1.769553378076114,3.956813764024824,0.0,0.5547247791312506,1,4.260450396991899,4.260450396991899,11,0,1,0.0,4.260450396991899,0,1,4.260450396991899,4.260450396991899,18.151437585228432,false_positive
152512,2025-05-27 12:00:00,development,50.08313142338537,0.0,0.1000000000000036,0.4100000000000002,0.536573482389903,2.306126859929444,3.984470786002834,0.0,0.8073367000077902,1,4.282978880230792,4.282978880230792,12,0,1,0.0,4.282978880230792,0,1,4.282978880230792,4.282978880230792,18.34390808850301,false_positive
573193,2025-05-27 13:00:00,development,50.46726842728807,0.0,0.0400000000000036,0.4100000000000002,0.5182901843605531,2.6855416075528096,4.01118541781058,0.0,0.5182668760538153,1,4.176800918282656,4.176800918282656,13,0,1,0.0,4.176800918282656,0,1,4.176800918282656,4.176800918282656,17.44566591096684,false_positive
99948,2025-05-28 09:00:00,development,48.05353820439082,0.01,0.1100000000000036,0.3500000000000002,0.3522709953907567,0.7303043403326535,4.019407656653467,0.0,0.4444477885597619,1,4.288709299393692,4.288709299393692,9,0,1,0.0,4.288709299393692,0,1,4.288709299393692,4.288709299393692,18.393027454705933,false_positive
205122,2025-05-28 13:00:00,development,49.09717460435988,0.0,0.0300000000000036,0.3500000000000002,0.4812111285378557,2.4934149762073177,3.873618309738341,0.0,0.5690811024393797,1,4.189097876641831,4.189097876641831,13,0,1,0.0,4.189097876641831,0,1,4.189097876641831,4.189097876641831,17.5485410200851,false_positive
152538,2025-05-28 14:00:00,development,48.514081718504535,0.0,0.0100000000000036,0.3500000000000002,0.4314420948328746,2.6757638612381376,3.840374137752591,0.0,0.4470622028207799,1,4.11059052020921,4.11059052020921,14,0,1,0.0,4.11059052020921,0,1,4.11059052020921,4.11059052020921,16.896954424833826,false_positive
152557,2025-05-29 09:00:00,development,49.2273665005097,0.2,1.5700000000000038,2.0500000000000003,0.3621629330897807,0.7508116348031622,3.804608844526466,0.0,0.5650918076492899,1,4.239744143578302,4.239744143578302,9,0,1,0.0,4.239744143578302,0,1,4.239744143578302,4.239744143578302,17.97543040300651,false_positive
415486,2025-05-29 13:00:00,development,50.20247200888535,0.14,1.590000000000004,3.0,0.494723766722255,2.563431258913468,3.85773853330344,0.0,0.6881431338475369,1,4.123186913467327,4.123186913467327,13,0,1,0.0,4.123186913467327,0,1,4.123186913467327,4.123186913467327,17.000670323388224,false_positive
47391,2025-05-29 13:00:00,development,47.977242880958286,0.14,1.590000000000004,3.0,0.494723766722255,2.563431258913468,3.85773853330344,0.0,0.7391130938891626,1,4.134110362062439,4.134110362062439,13,0,1,0.0,4.134110362062439,0,1,4.134110362062439,4.134110362062439,17.090868485712033,false_positive
415487,2025-05-29 14:00:00,development,48.234648157320414,0.11,1.2600000000000036,3.1100000000000003,0.4435571947947353,2.7509005876759964,3.869853633265301,0.0,0.8652548057541157,1,4.079321253513354,4.079321253513354,14,0,1,0.0,4.079321253513354,0,1,4.079321253513354,4.079321253513354,16.64086188936576,false_positive
310362,2025-05-31 11:00:00,development,50.76591106859527,0.0,0.2900000000000037,3.12,0.4859521510457619,1.659144426065712,3.8082977185151528,0.0,0.4972600891349231,1,4.338212661237944,4.338212661237944,11,0,1,0.0,4.338212661237944,0,1,4.338212661237944,4.338212661237944,18.820089094125205,false_positive
362948,2025-05-31 12:00:00,development,49.97535486871723,0.0,0.2200000000000037,2.4300000000000006,0.503094686778973,2.1622391123415903,3.811342437043448,0.0,0.5007922677439207,1,4.238740240222234,4.238740240222234,12,0,1,0.0,4.238740240222234,0,1,4.238740240222234,4.238740240222234,17.966918824079244,false_positive
678459,2025-05-31 13:00:00,development,50.78150181277713,0.0,0.1100000000000036,1.8500000000000003,0.4859521510457619,2.5179807765861826,3.814283409303812,0.0,0.4710316777542345,1,4.211354894060491,4.211354894060491,13,0,1,0.0,4.211354894060491,0,1,4.211354894060491,4.211354894060491,17.735510043727245,false_positive
573289,2025-05-31 13:00:00,development,48.91464555967654,0.0,0.1100000000000036,1.8500000000000003,0.4859521510457619,2.5179807765861826,3.814283409303812,0.0,0.7160210941128765,1,4.213713000554073,4.213713000554073,13,0,1,0.0,4.213713000554073,0,1,4.213713000554073,4.213713000554073,17.755377251038407,false_positive
362949,2025-05-31 13:00:00,development,49.20176214259225,0.0,0.1100000000000036,1.8500000000000003,0.4859521510457619,2.5179807765861826,3.814283409303812,0.0,0.6331376945462048,1,4.208719109621046,4.208719109621046,13,0,1,0.0,4.208719109621046,0,1,4.208719109621046,4.208719109621046,17.71331654368937,false_positive
573290,2025-05-31 14:00:00,development,50.84084492726125,0.0,0.0300000000000036,1.41,0.4356927793269676,2.7021262122721166,3.816920212897097,0.0,0.5246561320560693,1,4.088681235716456,4.088681235716456,14,0,1,0.0,4.088681235716456,0,1,4.088681235716456,4.088681235716456,16.71731424729985,false_positive
100048,2025-06-01 13:00:00,development,48.65105467144173,0.19,2.750000000000004,5.27,0.4905007762195332,2.5415496623762843,3.8461712307129408,0.0,0.7671207670713343,1,4.112597673706391,4.112597673706391,13,0,1,0.0,4.112597673706391,0,1,4.112597673706391,4.112597673706391,16.91345962577522,false_positive
415582,2025-06-02 13:00:00,development,50.52595718458616,0.26,2.540000000000004,4.890000000000001,0.4778470858914617,2.4759840528190624,3.78819642757014,0.0,0.6016705442835804,1,4.094836070079727,4.094836070079727,13,0,1,0.0,4.094836070079727,0,1,4.094836070079727,4.094836070079727,16.767682440825983,false_positive
47533,2025-06-04 11:00:00,mid,47.02583575852089,0.06,0.8400000000000036,2.78,0.4983064877892149,1.701324770162406,3.8338610628853935,0.0,0.9490864138480748,1,4.377422880285578,4.377422880285578,11,0,1,0.0,4.377422880285578,0,1,4.377422880285578,4.377422880285578,19.161831072847686,false_positive
731162,2025-06-05 11:00:00,mid,47.926528419781455,0.03,0.2400000000000035,0.6600000000000003,0.50588420174986,1.7271967039589102,3.9444063171769086,0.0,0.4629735070297287,1,4.362270269447223,4.362270269447223,11,0,1,0.0,4.362270269447223,0,1,4.362270269447223,4.362270269447223,19.02940190370315,false_positive
257897,2025-06-05 11:00:00,mid,50.24157184898602,0.03,0.2400000000000035,0.6600000000000003,0.50588420174986,1.7271967039589102,3.9444063171769086,0.0,0.4326010087007925,1,4.412139794310901,4.412139794310901,11,0,1,0.0,4.412139794310901,0,1,4.412139794310901,4.412139794310901,19.466977564541843,false_positive
100167,2025-06-06 12:00:00,mid,47.88617094913034,0.18,1.5900000000000034,3.3500000000000005,0.5022666415749218,2.1586802758560584,3.8858769859494897,0.0,0.870918639950765,1,4.236005521726737,4.236005521726737,12,0,1,0.0,4.236005521726737,0,1,4.236005521726737,4.236005521726737,17.943742780099406,false_positive
205359,2025-06-07 10:00:00,mid,45.86923622864701,0.0,0.0800000000000035,0.9400000000000002,0.4630429530986099,1.2468382346152975,3.890670836956147,0.0,0.6657376404354123,1,4.339926761142286,4.339926761142286,10,0,1,0.0,4.339926761142286,0,1,4.339926761142286,4.339926761142286,18.834964292078975,false_positive
100192,2025-06-07 13:00:00,mid,47.54586837901621,0.0,0.0100000000000035,0.4000000000000002,0.5164573060688402,2.676044474358886,3.985690113076264,0.0,0.6588982848578296,1,4.197067354245416,4.197067354245416,13,0,1,0.0,4.197067354245416,0,1,4.197067354245416,4.197067354245416,17.615374376072616,false_positive
152797,2025-06-08 09:00:00,mid,46.88356439260471,0.0,0.0200000000000035,0.0400000000000002,0.3685761706631085,0.7641071240619086,4.041578875290156,0.0,0.571393225194605,1,4.264080467365183,4.264080467365183,9,0,1,0.0,4.264080467365183,0,1,4.264080467365183,4.264080467365183,18.182382232165278,false_positive
468308,2025-06-08 10:00:00,mid,46.64280073874748,0.0,0.0100000000000035,0.0400000000000002,0.4514117746196459,1.2155188981603091,4.029947696811192,0.0,0.9317175419189972,1,4.564602943156151,4.564602943156151,10,0,1,0.0,4.564602943156151,0,1,4.564602943156151,4.564602943156151,20.8356000286698,false_positive
257968,2025-06-08 10:00:00,mid,46.959796214583,0.0,0.0100000000000035,0.0400000000000002,0.4514117746196459,1.2155188981603091,4.029947696811192,0.0,0.5219251037577173,1,4.479988494847206,4.479988494847206,10,0,1,0.0,4.479988494847206,0,1,4.479988494847206,4.479988494847206,20.07029691396334,false_positive
47628,2025-06-08 10:00:00,mid,44.96690450138114,0.0,0.0100000000000035,0.0400000000000002,0.4514117746196459,1.2155188981603091,4.029947696811192,0.0,0.5210965900428932,1,4.445292555888616,4.445292555888616,10,0,1,0.0,4.445292555888616,0,1,4.445292555888616,4.445292555888616,19.760625907438747,false_positive
205384,2025-06-08 11:00:00,mid,46.78370993814379,0.0,0.0,0.0400000000000002,0.5034844121646059,1.7190033098036694,4.016974802906957,0.0,0.6867395021641511,1,4.295582070037769,4.295582070037769,11,0,1,0.0,4.295582070037769,0,1,4.295582070037769,4.295582070037769,18.452025320429964,false_positive
520896,2025-06-08 13:00:00,mid,49.29377578242081,0.0,0.0,0.0400000000000002,0.5034844121646059,2.608824898527689,3.990571380953156,0.0,0.7545245922188315,1,4.179253564690779,4.179253564690779,13,0,1,0.0,4.179253564690779,0,1,4.179253564690779,4.179253564690779,17.46616035798058,false_positive
310556,2025-06-08 13:00:00,mid,47.91760722218225,0.0,0.0,0.0400000000000002,0.5034844121646059,2.608824898527689,3.990571380953156,0.0,0.7721260606475477,1,4.194055634225761,4.194055634225761,13,0,1,0.0,4.194055634225761,0,1,4.194055634225761,4.194055634225761,17.590102662980854,false_positive
100217,2025-06-08 14:00:00,mid,45.79126260585185,0.0,0.0,0.0400000000000002,0.4514117746196459,2.7996139633350112,3.978940202474192,0.0,0.5133338639457609,1,4.1220251742077645,4.1220251742077645,14,0,1,0.0,4.1220251742077645,0,1,4.1220251742077645,4.1220251742077645,16.99109153680255,false_positive
520915,2025-06-09 08:00:00,mid,45.49368218602888,0.0,0.0,0.0,0.2618054546385968,0.3973259325299939,3.96104702306149,0.0,0.6814909412385292,1,4.1626135928222014,4.1626135928222014,8,0,1,0.0,4.1626135928222014,0,1,4.1626135928222014,4.1626135928222014,17.327351923148157,false_positive
626087,2025-06-09 10:00:00,mid,49.12436952198483,0.0,0.0,0.0,0.4534603487494089,1.221035104668452,3.964768250964416,0.0,0.5492150982400206,1,4.44698787880647,4.44698787880647,10,0,1,0.0,4.44698787880647,0,1,4.44698787880647,4.44698787880647,19.77570119425167,false_positive
573502,2025-06-09 10:00:00,mid,47.14187632451884,0.0,0.0,0.0,0.4534603487494089,1.221035104668452,3.964768250964416,0.0,0.5750525112531759,1,4.373730519645589,4.373730519645589,10,0,1,0.0,4.373730519645589,0,1,4.373730519645589,4.373730519645589,19.129518658479274,false_positive
678673,2025-06-09 11:00:00,mid,49.32544408441248,0.01,0.0100000000000035,0.0100000000000002,0.505769299709616,1.7268044038544572,3.967053138509426,0.0,0.4998074069179443,1,4.2923541954165945,4.2923541954165945,11,0,1,0.0,4.2923541954165945,0,1,4.2923541954165945,4.2923541954165945,18.42430453891044,false_positive
468333,2025-06-09 11:00:00,mid,48.55439071477144,0.01,0.0100000000000035,0.0100000000000002,0.505769299709616,1.7268044038544572,3.967053138509426,0.0,0.4365497062818441,1,4.258514101271389,4.258514101271389,11,0,1,0.0,4.258514101271389,0,1,4.258514101271389,4.258514101271389,18.13494235072727,false_positive
415748,2025-06-09 11:00:00,mid,47.48293478473627,0.01,0.0100000000000035,0.0100000000000002,0.505769299709616,1.7268044038544572,3.967053138509426,0.0,0.643506012170251,1,4.259777998212268,4.259777998212268,11,0,1,0.0,4.259777998212268,0,1,4.259777998212268,4.259777998212268,18.145708594053318,false_positive
363163,2025-06-09 11:00:00,mid,48.38401718174297,0.01,0.0100000000000035,0.0100000000000002,0.505769299709616,1.7268044038544572,3.967053138509426,0.0,0.8015529788715388,1,4.321345598136523,4.321345598136523,11,0,1,0.0,4.321345598136523,0,1,4.321345598136523,4.321345598136523,18.674027778533908,false_positive
257993,2025-06-09 11:00:00,mid,48.69186477960537,0.01,0.0100000000000035,0.0100000000000002,0.505769299709616,1.7268044038544572,3.967053138509426,0.0,0.8734383436574286,1,4.389476687116904,4.389476687116904,11,0,1,0.0,4.389476687116904,0,1,4.389476687116904,4.389476687116904,19.26750558674279,false_positive
47653,2025-06-09 11:00:00,mid,48.51089633216876,0.01,0.0100000000000035,0.0100000000000002,0.505769299709616,1.7268044038544572,3.967053138509426,0.0,0.7206773714366177,1,4.27040402804948,4.27040402804948,11,0,1,0.0,4.27040402804948,0,1,4.27040402804948,4.27040402804948,18.236350562781226,false_positive
731259,2025-06-09 12:00:00,mid,49.16107446268372,0.02,0.0300000000000035,0.0300000000000002,0.5236109087535828,2.250415312084429,3.969418628159608,0.0,0.9656025884644152,1,4.33711594509414,4.33711594509414,12,0,1,0.0,4.33711594509414,0,1,4.33711594509414,4.33711594509414,18.810574721189834,false_positive
205409,2025-06-09 12:00:00,mid,48.21156878728812,0.02,0.0300000000000035,0.0300000000000002,0.5236109087535828,2.250415312084429,3.969418628159608,0.0,0.7063528762194135,1,4.238833966331302,4.238833966331302,12,0,1,0.0,4.238833966331302,0,1,4.238833966331302,4.238833966331302,17.967713394123955,false_positive
100241,2025-06-09 14:00:00,mid,47.73341616459996,0.01,0.0600000000000035,0.0600000000000002,0.453460348749409,2.812319030107901,3.97375208983438,0.0,0.5359853953279112,1,4.118597358260339,4.118597358260339,14,0,1,0.0,4.118597358260339,0,1,4.118597358260339,4.118597358260339,16.962844199469043,false_positive
100260,2025-06-10 09:00:00,mid,46.3468499546853,0.0,1.3900000000000037,2.4200000000000004,0.3826805056870888,0.7933472750260631,4.002992240875956,0.0,0.5447523122059478,1,4.245004948618961,4.245004948618961,9,0,1,0.0,4.245004948618961,0,1,4.245004948618961,4.245004948618961,18.020067013799466,false_positive
573529,2025-06-10 13:00:00,mid,48.95878097245374,0.0,0.0100000000000035,2.370000000000001,0.5227512921035486,2.708657018226411,4.069762915735307,0.0,0.6475387062059486,1,4.188551575623646,4.188551575623646,13,0,1,0.0,4.188551575623646,0,1,4.188551575623646,4.188551575623646,17.543964301659326,false_positive
678719,2025-06-11 09:00:00,mid,48.34168975807504,0.0,0.0,0.0,0.3941058609647391,0.8170335468403382,4.134447344101129,0.0,0.689262292421356,1,4.261224248882442,4.261224248882442,9,0,1,0.0,4.261224248882442,0,1,4.261224248882442,4.261224248882442,18.158032099263732,false_positive
152873,2025-06-11 13:00:00,mid,48.30527818336136,0.0,0.0,0.0,0.5383586176541675,2.789527008462713,4.195813032860755,0.0,0.8919754404589989,1,4.207730095098711,4.207730095098711,13,0,1,0.0,4.207730095098711,0,1,4.207730095098711,4.207730095098711,17.704992553199407,false_positive
626158,2025-06-12 09:00:00,mid,45.90818302369735,0.03,0.0300000000000035,0.0300000000000002,0.369818735601327,0.7666831254341463,4.183142028456421,0.0,0.4950077945741249,1,4.273691342620137,4.273691342620137,9,0,1,0.0,4.273691342620137,0,1,4.273691342620137,4.273691342620137,18.26443769198631,false_positive
100382,2025-06-15 11:00:00,late,50.518925280886,0.07,0.1700000000000035,0.1700000000000002,0.4393070849620294,1.499888208699974,3.775038199885616,0.0,0.8521657261687706,1,4.279770994615295,4.279770994615295,11,0,1,0.0,4.279770994615295,0,1,4.279770994615295,4.279770994615295,18.316439766350392,false_positive
521086,2025-06-16 11:00:00,late,50.76732754446729,0.36,1.3100000000000036,2.81,0.411615886838966,1.405344544435721,3.360036918897072,0.0,0.5876171635918372,1,4.276200541950221,4.276200541950221,11,0,1,0.0,4.276200541950221,0,1,4.276200541950221,4.276200541950221,18.285891074975364,false_positive
152992,2025-06-16 12:00:00,late,50.30584206236378,0.33,1.5400000000000036,3.06,0.4261361231077213,1.8314806671173067,3.33136888107426,0.0,0.6590614545732553,1,4.165527976654253,4.165527976654253,12,0,1,0.0,4.165527976654253,0,1,4.165527976654253,4.165527976654253,17.35162332428927,false_positive
153109,2025-06-21 09:00:00,late,48.94405652499988,0.01,0.1100000000000035,0.5700000000000002,0.3047223759266741,0.6317297667066679,3.2043409016038944,0.0,0.6187049566682141,1,4.259357300480142,4.259357300480142,9,0,1,0.0,4.259357300480142,0,1,4.259357300480142,4.259357300480142,18.14212461315348,false_positive
47939,2025-06-21 09:00:00,late,48.4745393616195,0.01,0.1100000000000035,0.5700000000000002,0.3047223759266741,0.6317297667066679,3.2043409016038944,0.0,0.8149311623310284,1,4.313719096687209,4.313719096687209,9,0,1,0.0,4.313719096687209,0,1,4.313719096687209,4.313719096687209,18.608172445123913,false_positive
100549,2025-06-22 10:00:00,late,48.49901804931869,0.0,0.0,0.0400000000000002,0.392165467437208,1.0559860501588512,3.324382516974981,0.0,0.9605626260533682,1,4.415554721521271,4.415554721521271,10,0,1,0.0,4.415554721521271,0,1,4.415554721521271,4.415554721521271,19.497123498748792,false_positive
731572,2025-06-22 13:00:00,late,51.71427997772032,0.0,0.0,0.0100000000000002,0.4374037429800073,2.266425231497299,3.388564149713578,0.0,0.4453306978081196,1,4.214353969399987,4.214353969399987,13,0,1,0.0,4.214353969399987,0,1,4.214353969399987,4.214353969399987,17.760779379397427,false_positive
468665,2025-06-23 07:00:00,initial,48.83039738095667,0.01,0.0500000000000035,0.0500000000000002,0.09734186717664,0.0973418690571379,3.419753153276832,0.0,0.5504708588862404,1,4.133918164360252,4.133918164360252,7,0,1,0.0,4.133918164360252,0,1,4.133918164360252,4.133918164360252,17.089279389627634,false_positive
205742,2025-06-23 09:00:00,initial,51.329406102898034,0.0,0.0400000000000035,0.0500000000000002,0.2659429261787774,0.5513348411034793,3.327127524288735,0.0,0.5958230802597312,1,4.243206226786674,4.243206226786674,9,0,1,0.0,4.243206226786674,0,1,4.243206226786674,4.243206226786674,18.0047990830412,false_positive
416083,2025-06-23 10:00:00,initial,49.81606787661839,0.0,0.0300000000000035,0.0500000000000002,0.325712234835803,0.8770470755631823,3.26067429168733,0.0,0.6321648537643002,1,4.288580405485425,4.288580405485425,10,0,1,0.0,4.288580405485425,0,1,4.288580405485425,4.288580405485425,18.391921894313533,false_positive
573839,2025-06-23 11:00:00,initial,52.23111061596404,0.0,0.0200000000000035,0.0500000000000002,0.3632847929793174,1.2403318681663995,3.18655534168664,0.0,0.7229271387504229,1,4.291931218302551,4.291931218302551,11,0,1,0.0,4.291931218302551,0,1,4.291931218302551,4.291931218302551,18.42067358264002,false_positive
731595,2025-06-23 12:00:00,initial,52.23790332944585,0.0,0.0100000000000035,0.0500000000000002,0.3761000928634281,1.6164319606537276,3.1098217582366265,0.0,0.5534280796065614,1,4.210533629091623,4.210533629091623,12,0,1,0.0,4.210533629091623,0,1,4.210533629091623,4.210533629091623,17.728593441711475,false_positive
47991,2025-06-23 13:00:00,initial,51.23819451684026,0.0,0.0,0.0500000000000002,0.3632847929793174,1.882374886456405,3.035702808235937,0.0,0.448714833831864,1,4.135874812740003,4.135874812740003,13,0,1,0.0,4.135874812740003,0,1,4.135874812740003,4.135874812740003,17.105460466657153,false_positive
100622,2025-06-25 11:00:00,initial,52.03444560593401,0.63,2.1300000000000034,2.88,0.3757303173213954,1.2828235461992836,2.938066458016891,0.0,0.5511863256162899,1,4.1807206026017285,4.1807206026017285,11,0,1,0.0,4.1807206026017285,0,1,4.1807206026017285,4.1807206026017285,17.47842475701856,false_positive
416133,2025-06-25 12:00:00,initial,50.76721281081056,0.64,2.6900000000000035,3.45,0.3889846477670409,1.67180819357734,2.941920753098074,0.0,0.5423203481166814,1,4.121499827778272,4.121499827778272,12,0,1,0.0,4.121499827778272,0,1,4.121499827778272,4.121499827778272,16.986760830376323,false_positive
416134,2025-06-25 13:00:00,initial,50.12390392174471,0.5,3.070000000000004,3.89,0.3757303173213954,1.9468618755158216,2.945643716259259,0.0,0.6150988132310462,1,4.098896611096704,4.098896611096704,13,0,1,0.0,4.098896611096704,0,1,4.098896611096704,4.098896611096704,16.800953428460044,false_positive
48132,2025-06-29 10:00:00,initial,50.9189584184457,0.01,0.1000000000000035,2.6300000000000003,0.3453911189768884,0.9300365120668076,2.92441390984245,0.0,0.7790162393355763,1,4.259146300592011,4.259146300592011,10,0,1,0.0,4.259146300592011,0,1,4.259146300592011,4.259146300592011,18.140327209846614,false_positive
468837,2025-06-30 11:00:00,initial,51.517706044316526,0.27,1.3500000000000036,2.06,0.3668139175854982,1.2523810532695745,2.966474616390406,0.0,0.4894708482261106,1,4.186469878334655,4.186469878334655,11,0,1,0.0,4.186469878334655,0,1,4.186469878334655,4.186469878334655,17.526530042203376,false_positive
258497,2025-06-30 11:00:00,initial,52.68456030837817,0.27,1.3500000000000036,2.06,0.3668139175854982,1.2523810532695745,2.966474616390406,0.0,0.759441324906791,1,4.20577440788111,4.20577440788111,11,0,1,0.0,4.20577440788111,0,1,4.20577440788111,4.20577440788111,17.688538369987704,false_positive
521423,2025-06-30 12:00:00,initial,53.74190370667272,0.16,1.3700000000000034,2.2,0.3797537115057773,1.632134764395598,2.9474050169238564,0.0,0.4781416870929579,1,4.164718862150656,4.164718862150656,12,0,1,0.0,4.164718862150656,0,1,4.164718862150656,4.164718862150656,17.344883200753458,false_positive
679202,2025-07-01 12:00:00,initial,53.85849093213723,0.22,1.3300000000000034,2.28,0.3786601268716797,1.6274346720856578,2.8798157299046263,0.0,0.4467964635061877,1,4.152730186320962,4.152730186320962,12,0,1,0.0,4.152730186320962,0,1,4.152730186320962,4.152730186320962,17.245168000381334,false_positive
311107,2025-07-01 12:00:00,initial,52.44585999694435,0.22,1.3300000000000034,2.28,0.3786601268716797,1.6274346720856578,2.8798157299046263,0.0,0.6303129237828529,1,4.151031566026944,4.151031566026944,12,0,1,0.0,4.151031566026944,0,1,4.151031566026944,4.151031566026944,17.231063062152103,false_positive
48182,2025-07-01 12:00:00,initial,50.08348987426474,0.22,1.3300000000000034,2.28,0.3786601268716797,1.6274346720856578,2.8798157299046263,0.0,0.4720335782973444,1,4.168939494142346,4.168939494142346,12,0,1,0.0,4.168939494142346,0,1,4.168939494142346,4.168939494142346,17.380056505819837,false_positive
153352,2025-07-01 12:00:00,initial,50.21136801611987,0.22,1.3300000000000034,2.28,0.3786601268716797,1.6274346720856578,2.8798157299046263,0.0,0.6324707046755609,1,4.164196618930697,4.164196618930697,12,0,1,0.0,4.164196618930697,0,1,4.164196618930697,4.164196618930697,17.34053348111385,false_positive
205957,2025-07-02 08:00:00,initial,49.94276751912593,0.04,0.2100000000000035,1.9800000000000004,0.1880826730342394,0.285441430390449,2.874316134729396,0.0,0.6728763523852436,1,4.149298813491341,4.149298813491341,8,0,1,0.0,4.149298813491341,0,1,4.149298813491341,4.149298813491341,17.21668064364065,false_positive
100789,2025-07-02 10:00:00,initial,51.2525109859891,0.03,0.2100000000000035,1.4200000000000002,0.3257687454432953,0.8771992419780067,2.8703915141606102,0.0,0.5152653561972036,1,4.2418828837050375,4.2418828837050375,10,0,1,0.0,4.2418828837050375,0,1,4.2418828837050375,4.2418828837050375,17.993570399069764,false_positive
153565,2025-07-10 09:00:00,development,47.17226307815948,0.08,0.3000000000000034,0.4400000000000002,0.3207338385540279,0.6649236452968137,3.588028078197303,0.0,0.7400736103409258,1,4.301531813496738,4.301531813496738,9,0,1,0.0,4.301531813496738,0,1,4.301531813496738,4.301531813496738,18.503175942524535,false_positive
416492,2025-07-10 11:00:00,development,49.35882887926704,0.13,0.4300000000000034,0.6300000000000002,0.4381305711520749,1.495871339290559,3.545381195640508,0.0,0.7313790498721853,1,4.36785963860994,4.36785963860994,11,0,1,0.0,4.36785963860994,0,1,4.36785963860994,4.36785963860994,19.078197822597758,false_positive
574249,2025-07-10 13:00:00,development,49.86668125106441,0.11,0.6100000000000034,0.8600000000000002,0.4381305711520749,2.270191321144622,3.499615453383538,0.0,0.6289154987367865,1,4.161122836077411,4.161122836077411,13,0,1,0.0,4.161122836077411,0,1,4.161122836077411,4.161122836077411,17.314943256924913,false_positive
311346,2025-07-11 11:00:00,development,50.10977551897284,0.29,1.1600000000000033,2.4400000000000004,0.4539022771270281,1.5497193117742256,3.499176800359413,0.0,0.6550614692059982,1,4.318763390173513,4.318763390173513,11,0,1,0.0,4.318763390173513,0,1,4.318763390173513,4.318763390173513,18.651717220303013,false_positive
101007,2025-07-11 12:00:00,development,48.45999808199901,0.3,1.3100000000000034,2.5900000000000003,0.4699142157269318,2.019633527031244,3.5155048718791373,0.0,0.9713484992695852,1,4.212808005032634,4.212808005032634,12,0,1,0.0,4.212808005032634,0,1,4.212808005032634,4.212808005032634,17.74775128726704,false_positive
48423,2025-07-11 13:00:00,development,48.971342525058944,0.23,1.3600000000000034,2.71,0.4539022771270281,2.3519130552154355,3.531276577854091,0.0,0.8781995545628936,1,4.114788452688373,4.114788452688373,13,0,1,0.0,4.114788452688373,0,1,4.114788452688373,4.114788452688373,16.931484010377574,false_positive
679490,2025-07-13 12:00:00,development,48.532079462722905,0.13,0.7900000000000034,1.38,0.4537718437116673,1.950255596684092,3.56641327648825,0.0,0.6657436971066727,1,4.1942599939752325,4.1942599939752325,12,0,1,0.0,4.1942599939752325,0,1,4.1942599939752325,4.1942599939752325,17.59181689706112,false_positive
521783,2025-07-15 12:00:00,development,49.790726498401575,0.01,0.2200000000000033,2.49,0.4540910359227814,1.951627445565352,3.364797789035307,0.0,0.7711408077899282,1,4.225850853861221,4.225850853861221,12,0,1,0.0,4.225850853861221,0,1,4.225850853861221,4.225850853861221,17.857815439079612,false_positive
416614,2025-07-15 13:00:00,development,49.750458789759946,0.01,0.1200000000000033,2.0400000000000005,0.4386182590996443,2.272718296021284,3.389508039387399,0.0,0.4469727869334849,1,4.187430266943025,4.187430266943025,13,0,1,0.0,4.187430266943025,0,1,4.187430266943025,4.187430266943025,17.534572240510535,false_positive
469247,2025-07-17 13:00:00,development,49.72902859665476,0.09,0.8200000000000033,2.1500000000000004,0.4438647975985629,2.29990344800686,3.504199554711375,0.0,0.6086144285247748,1,4.137287475010477,4.137287475010477,13,0,1,0.0,4.137287475010477,0,1,4.137287475010477,4.137287475010477,17.117147650878568,false_positive
101152,2025-07-17 13:00:00,development,48.42794810595057,0.09,0.8200000000000033,2.1500000000000004,0.4438647975985629,2.29990344800686,3.504199554711375,0.0,0.4604739135786161,1,4.139715130713661,4.139715130713661,13,0,1,0.0,4.139715130713661,0,1,4.139715130713661,4.139715130713661,17.137241363459623,false_positive
258927,2025-07-18 09:00:00,development,49.12990967038323,0.06,0.2500000000000033,2.28,0.3369048682331417,0.6984483274785103,3.515243285083101,0.0,0.5303692759615674,1,4.217047803358407,4.217047803358407,9,0,1,0.0,4.217047803358407,0,1,4.217047803358407,4.217047803358407,17.783492175809968,false_positive
48611,2025-07-19 09:00:00,development,47.41759619291229,0.0,0.0500000000000033,0.3500000000000002,0.3467173278009893,0.7187908532768345,3.6393808536316095,0.0,0.8609754101224751,1,4.3142213660979785,4.3142213660979785,9,0,1,0.0,4.3142213660979785,0,1,4.3142213660979785,4.3142213660979785,18.612505995696306,false_positive
48636,2025-07-20 10:00:00,development,47.72876360601757,0.0,0.0,0.0,0.440011967477359,1.1848225765401916,3.76583540490578,0.0,0.7219693261623532,1,4.363490078687818,4.363490078687818,10,0,1,0.0,4.363490078687818,0,1,4.363490078687818,4.363490078687818,19.040045666807018,false_positive
469317,2025-07-20 11:00:00,development,51.05420050745917,0.0,0.0,0.0,0.4907695794541381,1.6755921554862476,3.782980306830984,0.0,0.6490567020362631,1,4.297198758832428,4.297198758832428,11,0,1,0.0,4.297198758832428,0,1,4.297198758832428,4.297198758832428,18.46591717291096,false_positive
153807,2025-07-20 11:00:00,development,50.19282857454287,0.0,0.0,0.0,0.4907695794541381,1.6755921554862476,3.782980306830984,0.0,0.7598049322344969,1,4.349694228816778,4.349694228816778,11,0,1,0.0,4.349694228816778,0,1,4.349694228816778,4.349694228816778,18.919839884201988,false_positive
732243,2025-07-20 12:00:00,development,51.59244592338571,0.0,0.0,0.0,0.5080820556608197,2.1836742106389853,3.800730015408989,0.0,0.5178877657816524,1,4.270295664724862,4.270295664724862,12,0,1,0.0,4.270295664724862,0,1,4.270295664724862,4.270295664724862,18.23542506416795,false_positive
627073,2025-07-20 12:00:00,development,51.01034095934826,0.0,0.0,0.0,0.5080820556608197,2.1836742106389853,3.800730015408989,0.0,0.6866650287207917,1,4.2864339325483005,4.2864339325483005,12,0,1,0.0,4.2864339325483005,0,1,4.2864339325483005,4.2864339325483005,18.373515858101488,false_positive
521926,2025-07-21 11:00:00,development,49.18058985995698,0.0,0.1100000000000033,0.5400000000000003,0.4538281270198103,1.5494661474723126,3.73314036397882,0.0,0.6449984833014679,1,4.310797748342084,4.310797748342084,11,0,1,0.0,4.310797748342084,0,1,4.310797748342084,4.310797748342084,18.582977227111183,false_positive
416756,2025-07-21 11:00:00,development,50.31000490792446,0.0,0.1100000000000033,0.5400000000000003,0.4538281270198103,1.5494661474723126,3.73314036397882,0.0,0.5084684882797825,1,4.349063191217442,4.349063191217442,11,0,1,0.0,4.349063191217442,0,1,4.349063191217442,4.349063191217442,18.91435064120244,false_positive
206417,2025-07-21 12:00:00,development,47.90251825929639,0.0,0.0600000000000033,0.5400000000000003,0.4698374498871571,2.019303596889632,3.694895758205158,0.0,0.7752733486713832,1,4.256388640491684,4.256388640491684,12,0,1,0.0,4.256388640491684,0,1,4.256388640491684,4.256388640491684,18.116844258906646,false_positive
416781,2025-07-22 12:00:00,development,49.97636505711095,0.02,0.0900000000000033,0.0900000000000002,0.4945440721115509,2.1254896217301256,3.674955775013439,0.0,0.802671843840449,1,4.266572178826052,4.266572178826052,12,0,1,0.0,4.266572178826052,0,1,4.266572178826052,4.266572178826052,18.20363815713248,false_positive
153878,2025-07-23 10:00:00,mid,46.58880091298763,0.24,0.5400000000000033,0.8500000000000002,0.4310653114215534,1.160731867961898,3.763914386655612,0.0,0.4304116435784499,1,4.356858302313093,4.356858302313093,10,0,1,0.0,4.356858302313093,0,1,4.356858302313093,4.356858302313093,18.982214266434525,false_positive
574585,2025-07-24 13:00:00,mid,49.46551729456776,0.03,0.3500000000000033,1.2000000000000002,0.4971474890517008,2.5759898744483385,3.8699320165913815,0.0,0.4766483228746386,1,4.182194872133301,4.182194872133301,13,0,1,0.0,4.182194872133301,0,1,4.182194872133301,4.182194872133301,17.490753948498075,false_positive
48758,2025-07-25 12:00:00,mid,47.9614593150979,0.04,0.3400000000000033,1.0200000000000002,0.4905628442750933,2.108378793948886,3.8057465009071656,0.0,0.7746396555158974,1,4.314051866126846,4.314051866126846,12,0,1,0.0,4.314051866126846,0,1,4.314051866126846,4.314051866126846,18.611043503632523,false_positive
522024,2025-07-25 13:00:00,mid,48.579925946159655,0.04,0.3200000000000033,1.0300000000000002,0.4738473207198505,2.4552591073870844,3.782446332575315,0.0,0.6462071571695093,1,4.159177804966437,4.159177804966437,13,0,1,0.0,4.159177804966437,0,1,4.159177804966437,4.159177804966437,17.29876001332543,false_positive
259119,2025-07-26 09:00:00,mid,46.08088091960815,0.13,0.4000000000000033,1.2800000000000002,0.3563035868647436,0.7386644355286098,3.7457304405169896,0.0,0.8754310334272049,1,4.235934255593994,4.235934255593994,9,0,1,0.0,4.235934255593994,0,1,4.235934255593994,4.235934255593994,17.943139017714646,false_positive
48802,2025-07-27 08:00:00,mid,44.157542642730775,0.07,0.2700000000000033,0.8000000000000003,0.2642762432499044,0.4010756954615089,3.846134568589965,0.0,0.4628975973814894,1,4.169118335738057,4.169118335738057,8,0,1,0.0,4.169118335738057,0,1,4.169118335738057,4.169118335738057,17.381547697387266,false_positive
732408,2025-07-27 09:00:00,mid,47.98900474635524,0.0,0.2400000000000033,0.6700000000000002,0.3737430471980923,0.7748187421310487,3.863574028923314,0.0,0.5253328934327695,1,4.345309382611108,4.345309382611108,9,0,1,0.0,4.345309382611108,0,1,4.345309382611108,4.345309382611108,18.881713630608132,false_positive
416898,2025-07-27 09:00:00,mid,46.51337166593648,0.0,0.2400000000000033,0.6700000000000002,0.3737430471980923,0.7748187421310487,3.863574028923314,0.0,0.4485436428435757,1,4.367649542746751,4.367649542746751,9,0,1,0.0,4.367649542746751,0,1,4.367649542746751,4.367649542746751,19.076362528255903,false_positive
574728,2025-07-30 12:00:00,mid,47.47493839174685,0.0,0.0,0.0200000000000002,0.5401174498614568,2.3213583964199622,4.085493774959043,0.0,0.8462710983718343,1,4.2031965116522105,4.2031965116522105,12,0,1,0.0,4.2031965116522105,0,1,4.2031965116522105,4.2031965116522105,17.666860915565312,false_positive
364409,2025-07-31 09:00:00,mid,46.38701385231152,0.02,0.1000000000000033,0.1100000000000002,0.3596578592066506,0.7456182854964029,4.056445513940234,0.0,0.8912251260640148,1,4.294676697020836,4.294676697020836,9,0,1,0.0,4.294676697020836,0,1,4.294676697020836,4.294676697020836,18.444247931933795,false_positive
48899,2025-07-31 09:00:00,mid,45.201216266456456,0.02,0.1000000000000033,0.1100000000000002,0.3596578592066506,0.7456182854964029,4.056445513940234,0.0,0.9784736561805626,1,4.35757625643723,4.35757625643723,9,0,1,0.0,4.35757625643723,0,1,4.35757625643723,4.35757625643723,18.9884708306655,false_positive
101485,2025-07-31 10:00:00,mid,46.197018419185234,0.02,0.1100000000000033,0.1300000000000002,0.4404891184047108,1.1861074033924806,4.029179199665295,0.0,0.4789215217216803,1,4.446260197173055,4.446260197173055,10,0,1,0.0,4.446260197173055,0,1,4.446260197173055,4.446260197173055,19.769229740965375,false_positive
259289,2025-08-02 11:00:00,mid,48.12126006559724,0.09,0.3900000000000033,1.4700000000000004,0.5007984257870068,1.709832778677731,3.865718645999084,0.0,0.6627960514505843,1,4.465635582859914,4.465635582859914,11,0,1,0.0,4.465635582859914,0,1,4.465635582859914,4.465635582859914,19.941901158904603,false_positive
364482,2025-08-03 10:00:00,mid,47.90332428160927,0.04,0.1100000000000033,0.5600000000000003,0.4681292130781706,1.2605340340465858,3.989629925192263,0.0,0.5146372626773554,1,4.3405534768037,4.3405534768037,10,0,1,0.0,4.3405534768037,0,1,4.3405534768037,4.3405534768037,18.840404484992693,false_positive
364506,2025-08-04 10:00:00,late,49.21457419403965,0.11,0.4000000000000033,1.1700000000000002,0.3994681054173273,1.075649902478028,3.9209935791461374,0.0,0.8367122857418309,1,4.273103973568445,4.273103973568445,10,0,1,0.0,4.273103973568445,0,1,4.273103973568445,4.273103973568445,18.259417568926438,false_positive
522262,2025-08-04 11:00:00,late,51.56494020343571,0.07,0.4000000000000033,1.2100000000000004,0.4455487772865875,1.5211986793033494,3.8444120645006272,0.0,0.5779660884786774,1,4.2759577156072215,4.2759577156072215,11,0,1,0.0,4.2759577156072215,0,1,4.2759577156072215,4.2759577156072215,18.28381438566093,false_positive
574870,2025-08-05 10:00:00,late,51.11462403543905,0.12,0.5700000000000034,1.0200000000000002,0.3763573014766949,1.0134193171877215,3.441432814576263,0.0,0.6468526990125243,1,4.290800358245416,4.290800358245416,10,0,1,0.0,4.290800358245416,0,1,4.290800358245416,4.290800358245416,18.410967714318993,false_positive
417138,2025-08-06 09:00:00,late,49.69005172903128,0.02,0.0600000000000033,0.4700000000000002,0.3232796812078348,0.6702015136544307,3.334102164265917,0.0,0.9164085713251658,1,4.316322998881961,4.316322998881961,9,0,1,0.0,4.316322998881961,0,1,4.316322998881961,4.316322998881961,18.630644230677362,false_positive
101628,2025-08-06 09:00:00,late,49.263529463394704,0.02,0.0600000000000033,0.4700000000000002,0.3232796812078348,0.6702015136544307,3.334102164265917,0.0,0.9613622197591302,1,4.307697737150474,4.307697737150474,9,0,1,0.0,4.307697737150474,0,1,4.307697737150474,4.307697737150474,18.556259794651314,false_positive
311969,2025-08-06 10:00:00,late,49.71582299422781,0.03,0.0900000000000033,0.3800000000000002,0.3959351314816531,1.0661366446788971,3.3536799942708755,0.0,0.6050715849470075,1,4.320853805181868,4.320853805181868,10,0,1,0.0,4.320853805181868,0,1,4.320853805181868,4.320853805181868,18.669777605754632,false_positive
574896,2025-08-06 12:00:00,late,51.195781406963526,0.03,0.1400000000000033,0.2600000000000002,0.4571865094143977,1.964931410068817,3.398122757099733,0.0,0.8174411169810832,1,4.297269893230018,4.297269893230018,12,0,1,0.0,4.297269893230018,0,1,4.297269893230018,4.297269893230018,18.46652853526113,false_positive
206822,2025-08-07 09:00:00,late,50.16351044673418,0.03,0.1700000000000033,0.4700000000000002,0.3227306456611894,0.669063290388938,3.4715380933980686,0.0,0.9518792972294202,1,4.32592331515069,4.32592331515069,9,0,1,0.0,4.32592331515069,0,1,4.32592331515069,4.32592331515069,18.713612528564337,false_positive
259409,2025-08-07 11:00:00,late,50.93268494604895,0.01,0.1600000000000033,0.4400000000000002,0.4408582603858812,1.5051842528738613,3.470115668424264,0.0,0.6628154083444545,1,4.351739787278803,4.351739787278803,11,0,1,0.0,4.351739787278803,0,1,4.351739787278803,4.351739787278803,18.937639176185364,false_positive
49091,2025-08-08 09:00:00,late,47.71082686375676,0.0,0.0400000000000033,0.0800000000000002,0.3263189765378848,0.6765023746396679,3.474217650937696,0.0,0.9147654533755714,1,4.290664872301746,4.290664872301746,9,0,1,0.0,4.290664872301746,0,1,4.290664872301746,4.290664872301746,18.40980504640416,false_positive
522360,2025-08-08 13:00:00,late,50.96753460634661,0.0,0.0,0.0500000000000002,0.4457600115187737,2.309723575787629,3.4934906092304314,0.0,0.4385349130644684,1,4.197342855868546,4.197342855868546,13,0,1,0.0,4.197342855868546,0,1,4.197342855868546,4.197342855868546,17.61768704971072,false_positive
417190,2025-08-08 13:00:00,late,50.8050661487938,0.0,0.0,0.0500000000000002,0.4457600115187737,2.309723575787629,3.4934906092304314,0.0,0.8052075358012856,1,4.209618575217285,4.209618575217285,13,0,1,0.0,4.209618575217285,0,1,4.209618575217285,4.209618575217285,17.720888548814408,false_positive
469776,2025-08-08 14:00:00,late,49.64716984906524,0.0,0.0,0.0500000000000002,0.3996574928488103,2.478638707361481,3.49788539906738,0.0,0.497520077634944,1,4.104510513949148,4.104510513949148,14,0,1,0.0,4.104510513949148,0,1,4.104510513949148,4.104510513949148,16.847006559119095,false_positive
522379,2025-08-09 08:00:00,late,48.660997250945954,0.0,0.0,0.0,0.2458370869816466,0.3730917293922559,3.52823281425289,0.0,0.9628170482112918,1,4.206022147003872,4.206022147003872,8,0,1,0.0,4.206022147003872,0,1,4.206022147003872,4.206022147003872,17.69062230108706,false_positive
574965,2025-08-09 09:00:00,late,51.2634335186321,0.0,0.0,0.0,0.3476661423400808,0.7207578712406625,3.5495799800550856,0.0,0.446789495308272,1,4.365849398431497,4.365849398431497,9,0,1,0.0,4.365849398431497,0,1,4.365849398431497,4.365849398431497,19.060640969784668,false_positive
49116,2025-08-09 10:00:00,late,50.33932507382304,0.0,0.0,0.0,0.4258023246770109,1.1465601954259992,3.5757248118832865,0.0,0.753285204833735,1,4.39427591231007,4.39427591231007,10,0,1,0.0,4.39427591231007,0,1,4.39427591231007,4.39427591231007,19.309660793508495,false_positive
417215,2025-08-09 14:00:00,late,50.24352069925799,0.0,0.0,0.0,0.4258023246770109,2.640786529750363,3.690380636641771,0.0,0.8262425638480411,1,4.11324147279607,4.11324147279607,14,0,1,0.0,4.11324147279607,0,1,4.11324147279607,4.11324147279607,16.918755413529585,false_positive
101705,2025-08-09 14:00:00,late,49.58867416241533,0.0,0.0,0.0,0.4258023246770109,2.640786529750363,3.690380636641771,0.0,0.4797308686969271,1,4.1120733175886,4.1120733175886,14,0,1,0.0,4.1120733175886,0,1,4.1120733175886,4.1120733175886,16.909146969224118,false_positive
469818,2025-08-10 08:00:00,late,49.295222232337885,0.0,0.0,0.0,0.2526100199268412,0.3833705904730052,3.7449149944547218,0.0,0.4818841370361822,1,4.16672356646554,4.16672356646554,8,0,1,0.0,4.16672356646554,0,1,4.16672356646554,4.16672356646554,17.361585279339312,false_positive
49141,2025-08-10 11:00:00,late,48.96999921227474,0.0,0.0,0.0,0.4880050839826742,1.6661535775470555,3.779308733735019,0.0,0.4830375001102924,1,4.2792260271109965,4.2792260271109965,11,0,1,0.0,4.2792260271109965,0,1,4.2792260271109965,4.2792260271109965,18.311775391104163,false_positive
680163,2025-08-10 13:00:00,late,52.60553527681528,0.0,0.0,0.0,0.4880050839826742,2.5286181318476864,3.8059389013022153,0.0,0.6199314668403684,1,4.172597699374146,4.172597699374146,13,0,1,0.0,4.172597699374146,0,1,4.172597699374146,4.172597699374146,17.410571560822415,false_positive
364653,2025-08-10 13:00:00,late,49.5528572611507,0.0,0.0,0.0,0.4880050839826742,2.5286181318476864,3.8059389013022153,0.0,0.878455060437852,1,4.206933824097377,4.206933824097377,13,0,1,0.0,4.206933824097377,0,1,4.206933824097377,4.206933824097377,17.69829220033458,false_positive
732749,2025-08-10 14:00:00,late,50.12964715428698,0.0,0.0,0.0,0.4375333886444288,2.713541500565274,3.817669965269632,0.0,0.4415603323123415,1,4.115755903506802,4.115755903506802,14,0,1,0.0,4.115755903506802,0,1,4.115755903506802,4.115755903506802,16.93944665725109,false_positive
417257,2025-08-11 08:00:00,late,46.3374250516971,0.0,0.0,0.0,0.2492655220762178,0.3782948531123078,3.832451462619236,0.0,0.6152306764278078,1,4.205527348168037,4.205527348168037,8,0,1,0.0,4.205527348168037,0,1,4.205527348168037,4.205527348168037,17.68646027618928,false_positive
101747,2025-08-11 08:00:00,late,48.76166075697751,0.0,0.0,0.0,0.2492655220762178,0.3782948531123078,3.832451462619236,0.0,0.61632994006336,1,4.196191989579447,4.196191989579447,8,0,1,0.0,4.196191989579447,0,1,4.196191989579447,4.196191989579447,17.608027213410715,false_positive
522429,2025-08-11 10:00:00,late,50.782268211901695,0.0,0.0100000000000033,0.0100000000000002,0.4317405484462409,1.1625500823071857,3.82192878820414,0.0,0.4301200582446653,1,4.336663959330847,4.336663959330847,10,0,1,0.0,4.336663959330847,0,1,4.336663959330847,4.336663959330847,18.806654296159103,false_positive
732791,2025-08-12 08:00:00,initial,51.99221347618239,0.0,0.0500000000000033,0.2000000000000002,0.2208948301670265,0.3352384101711118,3.743662790221914,0.0,0.4418743111716993,1,4.122215343887865,4.122215343887865,8,0,1,0.0,4.122215343887865,0,1,4.122215343887865,4.122215343887865,16.992659341384545,false_positive
49191,2025-08-12 13:00:00,initial,52.57792584230886,0.01,0.0100000000000033,0.1700000000000002,0.4267360422924547,2.211150107796688,3.48804377342746,0.0,0.4398836967865628,1,4.180256130574602,4.180256130574602,13,0,1,0.0,4.180256130574602,0,1,4.180256130574602,4.180256130574602,17.47454131720654,false_positive
680232,2025-08-13 10:00:00,initial,52.45698572132539,0.02,0.1800000000000033,0.3800000000000002,0.3629755787277874,0.9773862808209935,3.302879971600995,0.0,0.5337216425695194,1,4.3905964600951615,4.3905964600951615,10,0,1,0.0,4.3905964600951615,0,1,4.3905964600951615,4.3905964600951615,19.277337275400164,false_positive
206990,2025-08-14 09:00:00,initial,50.2264097217526,0.0,0.0700000000000033,0.2800000000000002,0.3083403086266479,0.6392302194501345,3.208413483672191,0.0,0.4365872982360569,1,4.174283694880373,4.174283694880373,9,0,1,0.0,4.174283694880373,0,1,4.174283694880373,4.174283694880373,17.424644365344136,false_positive
49235,2025-08-14 09:00:00,initial,51.143178785490456,0.0,0.0700000000000033,0.2800000000000002,0.3083403086266479,0.6392302194501345,3.208413483672191,0.0,0.8476067812088899,1,4.309870361022999,4.309870361022999,9,0,1,0.0,4.309870361022999,0,1,4.309870361022999,4.309870361022999,18.574982528824517,false_positive
575112,2025-08-15 12:00:00,initial,53.22791486603085,0.07,0.4200000000000033,0.6000000000000003,0.4131185384754031,1.7755326887746508,3.2136018183957087,0.0,0.5312045751903305,1,4.219901969386278,4.219901969386278,12,0,1,0.0,4.219901969386278,0,1,4.219901969386278,4.219901969386278,17.807572631230187,false_positive
154432,2025-08-15 12:00:00,initial,51.80297518951912,0.07,0.4200000000000033,0.6000000000000003,0.4131185384754031,1.7755326887746508,3.2136018183957087,0.0,0.6479322740861075,1,4.219157131478494,4.219157131478494,12,0,1,0.0,4.219157131478494,0,1,4.219157131478494,4.219157131478494,17.801286900105833,false_positive
49262,2025-08-15 12:00:00,initial,50.558822272974126,0.07,0.4200000000000033,0.6000000000000003,0.4131185384754031,1.7755326887746508,3.2136018183957087,0.0,0.6553093142267801,1,4.223112602029715,4.223112602029715,12,0,1,0.0,4.223112602029715,0,1,4.223112602029715,4.223112602029715,17.834680049422193,false_positive
732960,2025-08-19 09:00:00,initial,50.88078072685264,0.01,0.0700000000000033,0.3200000000000002,0.3009534680838475,0.6239163225345838,3.047954813051019,0.0,0.6803206168932906,1,4.311467303107554,4.311467303107554,9,0,1,0.0,4.311467303107554,0,1,4.311467303107554,4.311467303107554,18.588750305765522,false_positive
207157,2025-08-21 08:00:00,initial,49.85905799008006,0.0,0.0,0.0300000000000002,0.2047108091366534,0.3106769232576526,3.0865023797693647,0.0,0.802910026459515,1,4.136679821412826,4.136679821412826,8,0,1,0.0,4.136679821412826,0,1,4.136679821412826,4.136679821412826,17.112119944884046,false_positive
417503,2025-08-21 14:00:00,initial,51.43265103472933,0.02,0.1100000000000033,0.1100000000000002,0.3545695219835015,2.199007293406185,3.10485649903539,0.0,0.6495909274631618,1,4.0813305438702905,4.0813305438702905,14,0,1,0.0,4.0813305438702905,0,1,4.0813305438702905,4.0813305438702905,16.657259008328563,false_positive
207184,2025-08-22 11:00:00,initial,52.49136459930749,0.02,0.1600000000000033,0.3900000000000002,0.3989890321847672,1.3622337659914396,3.1218775494192794,0.0,0.8588891294026328,1,4.339809901238519,4.339809901238519,11,0,1,0.0,4.339809901238519,0,1,4.339809901238519,4.339809901238519,18.833949978887887,false_positive
364986,2025-08-24 10:00:00,initial,52.31847918531781,0.08,0.4300000000000033,1.4200000000000004,0.3444270106163427,0.9274404523315356,3.0272416121441426,0.0,0.649141742047411,1,4.227399458307957,4.227399458307957,10,0,1,0.0,4.227399458307957,0,1,4.227399458307957,4.227399458307957,17.87090618010241,false_positive
522742,2025-08-24 11:00:00,initial,52.955178777182994,0.07,0.4700000000000033,1.15,0.3841584130584498,1.3115988649922754,3.026079333922671,0.0,0.4434704046942334,1,4.2267085378725175,4.2267085378725175,11,0,1,0.0,4.2267085378725175,0,1,4.2267085378725175,4.2267085378725175,17.865065064124437,false_positive
207233,2025-08-24 12:00:00,initial,51.09659492042782,0.05,0.4900000000000033,0.9500000000000002,0.3977100545295212,1.709308919124087,3.024876054965014,0.0,0.9744183410830558,1,4.261826503744262,4.261826503744262,12,0,1,0.0,4.261826503744262,0,1,4.261826503744262,4.261826503744262,18.163165148017043,false_positive
575329,2025-08-24 13:00:00,initial,52.62380685697811,0.04,0.4800000000000033,0.8600000000000003,0.3841584130584498,1.990532395346759,3.023713776743543,0.0,0.5015088003958221,1,4.148281581778308,4.148281581778308,13,0,1,0.0,4.148281581778308,0,1,4.148281581778308,4.148281581778308,17.20824008172114,false_positive
154696,2025-08-26 12:00:00,initial,52.687330391864975,0.04,0.1300000000000031,1.3600000000000003,0.4201299789291612,1.805666997844844,3.093175606924543,0.0,0.9350109363175282,1,4.275987091504513,4.275987091504513,12,0,1,0.0,4.275987091504513,0,1,4.275987091504513,4.275987091504513,18.284065606713224,false_positive
365062,2025-08-27 14:00:00,development,49.95599528132303,0.03,0.7300000000000031,3.8400000000000007,0.4340879670054214,2.69217331508037,3.688404388090861,0.0,0.5320058574117354,1,4.085482230125786,4.085482230125786,14,0,1,0.0,4.085482230125786,0,1,4.085482230125786,4.085482230125786,16.691165052673565,false_positive
102157,2025-08-28 10:00:00,development,48.58446335717351,0.02,0.2800000000000031,0.9600000000000004,0.4676487563664246,1.25924030569099,3.897677339299333,0.0,0.4742843724357456,1,4.279434971498231,4.279434971498231,10,0,1,0.0,4.279434971498231,0,1,4.279434971498231,4.279434971498231,18.31356367528207,false_positive
207351,2025-08-29 10:00:00,development,49.4548382022298,0.05,0.2100000000000031,0.4800000000000005,0.4634127512272527,1.2478339920127386,4.090257397408403,0.0,0.561201611024069,1,4.292084003268851,4.292084003268851,10,0,1,0.0,4.292084003268851,0,1,4.292084003268851,4.292084003268851,18.421985091116365,false_positive
49597,2025-08-29 11:00:00,development,50.246988962344,0.05,0.2400000000000031,0.5100000000000005,0.5168697622870596,1.7647037537646957,4.085532747593455,0.0,0.5229033952141794,1,4.284426109757748,4.284426109757748,11,0,1,0.0,4.284426109757748,0,1,4.284426109757748,4.284426109757748,18.356307089973907,false_positive
102207,2025-08-30 12:00:00,development,49.464394491905466,0.01,0.0600000000000031,0.2600000000000004,0.5259168168719015,2.260325821684156,4.025029581805789,0.0,0.6765599434777791,1,4.284204709177021,4.284204709177021,12,0,1,0.0,4.284204709177021,0,1,4.284204709177021,4.284204709177021,18.354409990134563,false_positive
102326,2025-09-04 11:00:00,development,49.14904210660545,0.22,1.2600000000000031,4.69,0.4558055117239659,1.5562173611525632,3.665144754571976,0.0,0.9687282209885028,1,4.344996612467903,4.344996612467903,11,0,1,0.0,4.344996612467903,0,1,4.344996612467903,4.344996612467903,18.878995562357552,false_positive
207496,2025-09-04 11:00:00,development,49.407617491411074,0.22,1.2600000000000031,4.69,0.4558055117239659,1.5562173611525632,3.665144754571976,0.0,0.8456104089564235,1,4.327914908477058,4.327914908477058,11,0,1,0.0,4.327914908477058,0,1,4.327914908477058,4.327914908477058,18.73084745501798,false_positive
523031,2025-09-05 12:00:00,development,50.5559046335034,0.01,0.0700000000000031,0.6100000000000004,0.5265658987909383,2.263115495972788,3.8193328631707417,0.0,0.6033982561039353,1,4.309305829135354,4.309305829135354,12,0,1,0.0,4.309305829135354,0,1,4.309305829135354,4.309305829135354,18.570116729019944,false_positive
417885,2025-09-06 12:00:00,development,48.86446652999019,0.08,0.5300000000000031,0.9100000000000004,0.5166066045965813,2.220311673940344,3.956861277897842,0.0,0.8069784919891415,1,4.324306592056368,4.324306592056368,12,0,1,0.0,4.324306592056368,0,1,4.324306592056368,4.324306592056368,18.699627502102164,false_positive
680859,2025-09-08 13:00:00,development,51.632042412306895,0.0,0.2200000000000031,0.7200000000000005,0.5103287622991358,2.644289176296362,3.9745295392848,0.0,0.8578085211611988,1,4.239738425057936,4.239738425057936,13,0,1,0.0,4.239738425057936,0,1,4.239738425057936,4.239738425057936,17.975381912912752,false_positive
102444,2025-09-09 09:00:00,development,48.73263353088084,0.03,0.0900000000000031,0.2500000000000004,0.3762983211437087,0.7801161628033142,4.018695775591456,0.0,0.5619354126311324,1,4.31150360400479,4.31150360400479,9,0,1,0.0,4.31150360400479,0,1,4.31150360400479,4.31150360400479,18.589063327346295,false_positive
523125,2025-09-09 10:00:00,development,50.51212126698808,0.03,0.1100000000000031,0.2200000000000004,0.4608694388144208,1.2409856010855689,4.022016963331948,0.0,0.5566056866975866,1,4.312996663485657,4.312996663485657,10,0,1,0.0,4.312996663485657,0,1,4.312996663485657,4.312996663485657,18.601940219238408,false_positive
207615,2025-09-09 10:00:00,development,48.61817762742268,0.03,0.1100000000000031,0.2200000000000004,0.4608694388144208,1.2409856010855689,4.022016963331948,0.0,0.7318397259819664,1,4.34610418307956,4.34610418307956,10,0,1,0.0,4.34610418307956,0,1,4.34610418307956,4.34610418307956,18.88862157018165,false_positive
312785,2025-09-09 10:00:00,development,49.542028603862505,0.03,0.1100000000000031,0.2200000000000004,0.4608694388144208,1.2409856010855689,4.022016963331948,0.0,0.7868187045455135,1,4.389042271124274,4.389042271124274,10,0,1,0.0,4.389042271124274,0,1,4.389042271124274,4.389042271124274,19.263692057715726,false_positive
365373,2025-09-09 13:00:00,development,50.31214177222855,0.01,0.1200000000000031,0.2300000000000004,0.5140330658889548,2.6634831755609625,4.033260547782998,0.0,0.5010621571343515,1,4.206410968546904,4.206410968546904,13,0,1,0.0,4.206410968546904,0,1,4.206410968546904,4.206410968546904,17.693893236311702,false_positive
207639,2025-09-10 10:00:00,development,50.50229724060242,0.0,0.0200000000000031,0.1100000000000004,0.4911644957757445,1.322561262882073,4.123779189749191,0.0,0.4874019404121474,1,4.262633862638726,4.262633862638726,10,0,1,0.0,4.262633862638726,0,1,4.262633862638726,4.262633862638726,18.170047446914346,false_positive
155058,2025-09-10 14:00:00,development,48.7505661454129,0.0,0.0,0.0600000000000004,0.4911644957757446,3.0461566533721736,4.256635456136004,0.0,0.6630232706765359,1,4.171855754153113,4.171855754153113,14,0,1,0.0,4.171855754153113,0,1,4.171855754153113,4.171855754153113,17.40438043346044,false_positive
102517,2025-09-12 10:00:00,mid,46.20431556185663,0.0,0.0600000000000031,0.1300000000000004,0.488755791305652,1.316075331481751,4.34578613843358,0.0,0.6598934844851065,1,4.252321762239183,4.252321762239183,10,0,1,0.0,4.252321762239183,0,1,4.252321762239183,4.252321762239183,18.08224036961295,false_positive
523223,2025-09-13 12:00:00,mid,49.41783125078975,0.0,0.0300000000000031,0.1100000000000004,0.5752405807752854,2.472313294981909,4.333524883313983,0.0,0.8745731773033243,1,4.285803837831128,4.285803837831128,12,0,1,0.0,4.285803837831128,0,1,4.285803837831128,4.285803837831128,18.368114536368022,false_positive
102565,2025-09-14 10:00:00,mid,47.78979231875408,0.04,0.1100000000000031,0.1200000000000004,0.5051699356058135,1.3602737855667997,4.38822682023673,0.0,0.5704645535754516,1,4.341302933342347,4.341302933342347,10,0,1,0.0,4.341302933342347,0,1,4.341302933342347,4.341302933342347,18.84691115904687,false_positive
470662,2025-09-14 12:00:00,mid,49.93244294860741,0.04,0.1700000000000031,0.2000000000000004,0.5833199965268048,2.5070376305829303,4.404110352324244,0.0,0.5198655999092819,1,4.302602648681172,4.302602648681172,12,0,1,0.0,4.302602648681172,0,1,4.302602648681172,4.302602648681172,18.51238955243824,false_positive
418101,2025-09-15 12:00:00,mid,48.12518948685697,0.04,0.3800000000000031,1.2000000000000004,0.5463454665309163,2.3481256463808764,4.271843287761346,0.0,0.5632701716589285,1,4.255525434095206,4.255525434095206,12,0,1,0.0,4.255525434095206,0,1,4.255525434095206,4.255525434095206,18.10949672023119,false_positive
207805,2025-09-17 08:00:00,mid,45.564307684397896,0.01,0.1200000000000031,0.3800000000000004,0.2918735703562203,0.4429584505133042,4.36682306834745,0.0,0.8137475846091322,1,4.208058497758578,4.208058497758578,8,0,1,0.0,4.208058497758578,0,1,4.208058497758578,4.208058497758578,17.70775632055818,false_positive
102641,2025-09-17 14:00:00,mid,46.27091463924247,0.04,0.5600000000000032,0.7900000000000005,0.5055398528161704,3.1353112846004194,4.419596215086562,0.0,0.9672291027287108,1,4.124781758893557,4.124781758893557,14,0,1,0.0,4.124781758893557,0,1,4.124781758893557,4.124781758893557,17.013824558501028,false_positive
207830,2025-09-18 09:00:00,mid,47.53039596267574,0.0,0.4200000000000031,1.1800000000000006,0.4105093340259585,0.8510401148799518,4.429309853483369,0.0,0.6587992477793727,1,4.347445083616279,4.347445083616279,9,0,1,0.0,4.347445083616279,0,1,4.347445083616279,4.347445083616279,18.900278755059354,false_positive
523341,2025-09-18 10:00:00,mid,48.59229394564742,0.0,0.2800000000000031,1.0900000000000003,0.5027692013761943,1.353809315675598,4.426539202043394,0.0,0.7632866704635816,1,4.350509160505337,4.350509160505337,10,0,1,0.0,4.350509160505337,0,1,4.350509160505337,4.350509160505337,18.92692995564085,false_positive
575927,2025-09-18 11:00:00,mid,50.0323978723788,0.0,0.1700000000000031,0.9600000000000004,0.5607661785575958,1.914575493652646,4.4234489419084095,0.0,0.9060898782614868,1,4.426025755198735,4.426025755198735,11,0,1,0.0,4.426025755198735,0,1,4.426025755198735,4.426025755198735,19.58970398568253,false_positive
155247,2025-09-18 11:00:00,mid,48.78898224009166,0.0,0.1700000000000031,0.9600000000000004,0.5607661785575958,1.914575493652646,4.4234489419084095,0.0,0.4855811296368816,1,4.330328010746935,4.330328010746935,11,0,1,0.0,4.330328010746935,0,1,4.330328010746935,4.330328010746935,18.751740680659506,false_positive
50077,2025-09-18 11:00:00,mid,46.73699125267027,0.0,0.1700000000000031,0.9600000000000004,0.5607661785575958,1.914575493652646,4.4234489419084095,0.0,0.5415821446540143,1,4.320747440840439,4.320747440840439,11,0,1,0.0,4.320747440840439,0,1,4.320747440840439,4.320747440840439,18.6688584475292,false_positive
50101,2025-09-19 11:00:00,mid,46.96654204651672,0.01,0.0400000000000031,0.1700000000000004,0.582189059213512,1.9877177833905249,4.482841150982062,0.0,0.6722046225512857,1,4.409691070214191,4.409691070214191,11,0,1,0.0,4.409691070214191,0,1,4.409691070214191,4.409691070214191,19.44537533472678,false_positive
102688,2025-09-19 13:00:00,mid,47.64829536473167,0.0,0.0200000000000031,0.1700000000000004,0.582189059213512,3.016636218779431,4.526442629696034,0.0,0.4325564250944447,1,4.314255282559629,4.314255282559629,13,0,1,0.0,4.314255282559629,0,1,4.314255282559629,4.314255282559629,18.612798643093665,false_positive
207879,2025-09-20 10:00:00,mid,47.77777365590519,0.28,0.5400000000000031,0.9800000000000004,0.4777531603182323,1.2864484882166156,4.459081802070442,0.0,0.5570325162712939,1,4.406320058864321,4.406320058864321,10,0,1,0.0,4.406320058864321,0,1,4.406320058864321,4.406320058864321,19.41565646115008,false_positive
470832,2025-09-21 14:00:00,mid,49.02980460078428,0.0,0.0600000000000031,2.150000000000001,0.5148765008523657,3.1932163098623345,4.453050945117035,0.0,0.6123830857814582,1,4.155290703471926,4.155290703471926,14,0,1,0.0,4.155290703471926,0,1,4.155290703471926,4.155290703471926,17.266440830360214,false_positive
523417,2025-09-21 14:00:00,mid,49.376348965937495,0.0,0.0600000000000031,2.150000000000001,0.5148765008523657,3.1932163098623345,4.453050945117035,0.0,0.6940893791311109,1,4.152232513621625,4.152232513621625,14,0,1,0.0,4.152232513621625,0,1,4.152232513621625,4.152232513621625,17.241034847176557,false_positive
102779,2025-09-23 08:00:00,late,47.06185099113759,0.0,0.0400000000000031,0.0400000000000004,0.2696973369011204,0.4093029537257615,4.606948264362112,0.0,0.7176470601233954,1,4.382250776447352,4.382250776447352,8,0,1,0.0,4.382250776447352,0,1,4.382250776447352,4.382250776447352,19.204121867673418,false_positive
313121,2025-09-23 10:00:00,late,50.44795361871715,0.0,0.0200000000000031,0.0400000000000004,0.467129489783897,1.257842073788915,4.489637795694702,0.0,0.7631628098674713,1,4.400332639542321,4.400332639542321,10,0,1,0.0,4.400332639542321,0,1,4.400332639542321,4.400332639542321,19.36292733862149,false_positive
207951,2025-09-23 10:00:00,late,50.50995989136386,0.0,0.0200000000000031,0.0400000000000004,0.467129489783897,1.257842073788915,4.489637795694702,0.0,0.4352633537146227,1,4.3697677290366,4.3697677290366,10,0,1,0.0,4.3697677290366,0,1,4.3697677290366,4.3697677290366,19.09487000572969,false_positive
365752,2025-09-25 08:00:00,late,47.92047238518813,0.02,0.1100000000000031,0.3100000000000004,0.2683666867109027,0.4072835083004194,4.112618590408474,0.0,0.867087320237782,1,4.188047745474681,4.188047745474681,8,0,1,0.0,4.188047745474681,0,1,4.188047745474681,4.188047745474681,17.53974391837556,false_positive
102828,2025-09-25 09:00:00,late,49.37685533378481,0.03,0.1200000000000031,0.3300000000000004,0.3795278078133678,0.7868113155770537,4.108923867361023,0.0,0.8439120694377347,1,4.372180585646355,4.372180585646355,9,0,1,0.0,4.372180585646355,0,1,4.372180585646355,4.372180585646355,19.1159630735029,false_positive
418339,2025-09-25 10:00:00,late,50.76198899720044,0.02,0.1200000000000031,0.3400000000000004,0.4648247360492867,1.2516360510896072,4.104398774258619,0.0,0.7465456460309801,1,4.281353472265309,4.281353472265309,10,0,1,0.0,4.281353472265309,0,1,4.281353472265309,4.281353472265309,18.329987554478215,false_positive
628680,2025-09-25 11:00:00,late,54.53131903301496,0.01,0.1200000000000031,0.3500000000000004,0.5184446267192205,1.7700806772720945,4.099351688717765,0.0,0.4412896809415456,1,4.517633268404049,4.517633268404049,11,0,1,0.0,4.517633268404049,0,1,4.517633268404049,4.517633268404049,20.409010347791053,false_positive
50246,2025-09-25 12:00:00,late,49.770627137851015,0.01,0.1100000000000031,0.3600000000000004,0.5367333728850721,2.306814049620433,4.094126561277011,0.0,0.5606920977905854,1,4.24450421290842,4.24450421290842,12,0,1,0.0,4.24450421290842,0,1,4.24450421290842,4.24450421290842,18.015816013397323,false_positive
102853,2025-09-26 10:00:00,late,50.11274782768481,0.04,0.2200000000000031,0.4000000000000004,0.4242804508691218,1.1424622376895994,3.967720919699244,0.0,0.5111259330064212,1,4.268320266744325,4.268320266744325,10,0,1,0.0,4.268320266744325,0,1,4.268320266744325,4.268320266744325,18.21855789950035,false_positive
418365,2025-09-26 12:00:00,late,51.13692737152204,0.05,0.2600000000000031,0.4800000000000004,0.4899168649665762,2.1056024542988254,3.875683137684011,0.0,0.4936263273721215,1,4.335742394866951,4.335742394866951,12,0,1,0.0,4.335742394866951,0,1,4.335742394866951,4.335742394866951,18.798662114646607,false_positive
208026,2025-09-26 13:00:00,late,50.76126675875383,0.05,0.2600000000000031,0.5300000000000005,0.4732233526224835,2.4520259913879223,3.830461863587274,0.0,0.6751374578487799,1,4.188869012114811,4.188869012114811,13,0,1,0.0,4.188869012114811,0,1,4.188869012114811,4.188869012114811,17.54662360065571,false_positive
313217,2025-09-27 10:00:00,late,49.16295358619785,0.14,1.140000000000003,3.1000000000000005,0.4090607113636891,1.1014799637790036,3.680305776001533,0.0,0.4959224424695524,1,4.201943310464978,4.201943310464978,10,0,1,0.0,4.201943310464978,0,1,4.201943310464978,4.201943310464978,17.656327584361378,false_positive
155462,2025-09-27 10:00:00,late,48.33632229093124,0.14,1.140000000000003,3.1000000000000005,0.4090607113636891,1.1014799637790036,3.680305776001533,0.0,0.7545611347344592,1,4.222589910491275,4.222589910491275,10,0,1,0.0,4.222589910491275,0,1,4.222589910491275,4.222589910491275,17.830265552182716,false_positive
50292,2025-09-27 10:00:00,late,48.11454365194796,0.14,1.140000000000003,3.1000000000000005,0.4090607113636891,1.1014799637790036,3.680305776001533,0.0,0.5870355166083815,1,4.228772492235357,4.228772492235357,10,0,1,0.0,4.228772492235357,0,1,4.228772492235357,4.228772492235357,17.88251679108643,false_positive
102900,2025-09-28 09:00:00,late,49.24352013951976,0.04,0.1500000000000031,0.7900000000000005,0.337763445748563,0.7002282721637904,3.5956074526307744,0.0,0.826737573235154,1,4.310678886796037,4.310678886796037,9,0,1,0.0,4.310678886796037,0,1,4.310678886796037,4.310678886796037,18.58195246506912,false_positive
576166,2025-09-28 10:00:00,late,49.50889537988248,0.03,0.1700000000000031,0.6800000000000005,0.41367404781675,1.1139023195028708,3.600220789083836,0.0,0.6759536510159047,1,4.388834542035796,4.388834542035796,10,0,1,0.0,4.388834542035796,0,1,4.388834542035796,4.388834542035796,19.261868637366554,false_positive
418412,2025-09-28 11:00:00,late,49.763376232178494,0.02,0.1800000000000031,0.5800000000000005,0.4613934471874649,1.575295766212666,3.605366297293372,0.0,0.4719281560823281,1,4.294062462875307,4.294062462875307,11,0,1,0.0,4.294062462875307,0,1,4.294062462875307,4.294062462875307,18.43897243507475,false_positive
208072,2025-09-28 11:00:00,late,50.24621040742487,0.02,0.1800000000000031,0.5800000000000005,0.4613934471874649,1.575295766212666,3.605366297293372,0.0,0.5239903396487544,1,4.292324563422197,4.292324563422197,11,0,1,0.0,4.292324563422197,0,1,4.292324563422197,4.292324563422197,18.424050157757552,false_positive
102925,2025-09-29 10:00:00,late,49.19223256832106,0.0,0.0400000000000031,0.2000000000000004,0.4198423051536132,1.1305116190010742,3.64487048286715,0.0,0.7375556963433312,1,4.346130072368956,4.346130072368956,10,0,1,0.0,4.346130072368956,0,1,4.346130072368956,4.346130072368956,18.888846605949784,false_positive
418438,2025-09-29 13:00:00,late,49.46756835627283,0.0,0.0100000000000031,0.1400000000000004,0.4682732442905586,2.4263768043332234,3.665752567139973,0.0,0.7291415526156123,1,4.205470818911028,4.205470818911028,13,0,1,0.0,4.205470818911028,0,1,4.205470818911028,4.205470818911028,17.685984808712192,false_positive
471043,2025-09-30 09:00:00,late,50.51547464799839,0.0,0.0,0.0,0.3587772462092085,0.7437926583440112,3.715485210768807,0.0,0.4573793859895296,1,4.373500050506385,4.373500050506385,9,0,1,0.0,4.373500050506385,0,1,4.373500050506385,4.373500050506385,19.127502691779352,false_positive
365874,2025-09-30 10:00:00,late,50.16955636561247,0.0,0.0,0.0,0.4394105921526927,1.183203249989316,3.735053497767886,0.0,0.860241691677795,1,4.331797629497077,4.331797629497077,10,0,1,0.0,4.331797629497077,0,1,4.331797629497077,4.331797629497077,18.76447070291649,false_positive
260705,2025-09-30 11:00:00,late,51.38972985523088,0.0,0.0,0.0,0.4900988324358862,1.6733020819178148,3.756879085913214,0.0,0.7873229898335263,1,4.300387062836046,4.300387062836046,11,0,1,0.0,4.300387062836046,0,1,4.300387062836046,4.300387062836046,18.49332889020764,false_positive
102950,2025-09-30 11:00:00,late,49.7742705463968,0.0,0.0,0.0,0.4900988324358862,1.6733020819178148,3.756879085913214,0.0,0.6698885376919911,1,4.265637185812179,4.265637185812179,11,0,1,0.0,4.265637185812179,0,1,4.265637185812179,4.265637185812179,18.195660600983643,false_positive
576216,2025-09-30 12:00:00,late,51.983184274679815,0.0,0.0,0.0,0.507387647249767,2.1806897286601945,3.7794745974427153,0.0,0.7130613649482839,1,4.319182917080512,4.319182917080512,12,0,1,0.0,4.319182917080512,0,1,4.319182917080512,4.319182917080512,18.655341071200116,false_positive
418463,2025-09-30 14:00:00,late,49.935582321029045,0.0,0.0,0.0,0.4394105921526928,2.7251837426361307,3.820868472587122,0.0,0.6522333188066778,1,4.1201094111515655,4.1201094111515655,14,0,1,0.0,4.1201094111515655,0,1,4.1201094111515655,4.1201094111515655,16.975301559859698,false_positive
260730,2025-10-01 12:00:00,initial,50.58345846065859,0.01,0.1400000000000031,0.3700000000000004,0.4275722799736486,1.8376530927631567,3.5109551802109222,0.0,0.8712765806994758,1,4.300604946171045,4.300604946171045,12,0,1,0.0,4.300604946171045,0,1,4.300604946171045,4.300604946171045,18.49520290303086,false_positive
365926,2025-10-02 14:00:00,initial,50.72434178418929,0.06,0.4700000000000031,0.7700000000000005,0.3820079150360924,2.369177662546939,3.3306855986808794,0.0,0.7205241396190757,1,4.121988172946852,4.121988172946852,14,0,1,0.0,4.121988172946852,0,1,4.121988172946852,4.121988172946852,16.99078649791373,false_positive
103020,2025-10-03 09:00:00,initial,49.8850579114512,0.03,0.2700000000000031,1.2700000000000005,0.3139845737144435,0.6509315270954964,3.3548278760714063,0.0,0.7403936113905828,1,4.360256681648696,4.360256681648696,9,0,1,0.0,4.360256681648696,0,1,4.360256681648696,4.360256681648696,19.0118383298621,false_positive
103092,2025-10-06 09:00:00,initial,51.3884322457589,0.11,0.5900000000000031,1.3100000000000007,0.3153500929910485,0.6537624290646079,3.363421481983553,0.0,0.7806542283142267,1,4.2480792051535,4.2480792051535,9,0,1,0.0,4.2480792051535,0,1,4.2480792051535,4.2480792051535,18.046176933257595,false_positive
50508,2025-10-06 10:00:00,initial,50.43298808276881,0.13,0.690000000000003,1.2400000000000004,0.3862234089834174,1.039985837602053,3.3668228180517947,0.0,0.8535754633524412,1,4.332851630596663,4.332851630596663,10,0,1,0.0,4.332851630596663,0,1,4.332851630596663,4.332851630596663,18.773603252764158,false_positive
418604,2025-10-06 11:00:00,initial,52.420293127440935,0.14,0.7900000000000031,1.2400000000000009,0.4307762379483202,1.4707620751044008,3.370616515485441,0.0,0.5390460487347325,1,4.361056119941545,4.361056119941545,11,0,1,0.0,4.361056119941545,0,1,4.361056119941545,4.361056119941545,19.018810481279605,false_positive
208264,2025-10-06 11:00:00,initial,52.0359216875543,0.14,0.7900000000000031,1.2400000000000009,0.4307762379483202,1.4707620751044008,3.370616515485441,0.0,0.8671075845375686,1,4.389767988327032,4.389767988327032,11,0,1,0.0,4.389767988327032,0,1,4.389767988327032,4.389767988327032,19.270062991340755,false_positive
418605,2025-10-06 12:00:00,initial,52.0221405683146,0.11,0.8300000000000032,1.2800000000000005,0.4459723782188298,1.9167344528772583,3.374544040074041,0.0,0.4819979548067866,1,4.224888667081398,4.224888667081398,12,0,1,0.0,4.224888667081398,0,1,4.224888667081398,4.224888667081398,17.849684249232833,false_positive
418606,2025-10-06 13:00:00,initial,51.8505566019289,0.09,0.7800000000000031,1.3300000000000003,0.4307762379483202,2.2320845454223344,3.378337737507689,0.0,0.5178298501668248,1,4.155170916766417,4.155170916766417,13,0,1,0.0,4.155170916766417,0,1,4.155170916766417,4.155170916766417,17.265445347541462,false_positive
576385,2025-10-07 13:00:00,initial,53.39174232928877,0.02,0.2400000000000031,1.0500000000000005,0.446837378517207,2.315305996578535,3.4750215542630563,0.0,0.7308324750834544,1,4.196157656633856,4.196157656633856,13,0,1,0.0,4.196157656633856,0,1,4.196157656633856,4.196157656633856,17.607739079326933,false_positive
576386,2025-10-07 14:00:00,initial,52.0003551820642,0.02,0.1900000000000031,1.0000000000000004,0.4006234336742443,2.484629382781765,3.489421578953884,0.0,0.5258322336873871,1,4.084745683845208,4.084745683845208,14,0,1,0.0,4.084745683845208,0,1,4.084745683845208,4.084745683845208,16.685147301692055,false_positive
418650,2025-10-08 09:00:00,initial,50.73145608733021,0.01,0.0100000000000031,0.1600000000000004,0.3171817692255854,0.6575597360290448,3.493218885912054,0.0,0.8542674227797299,1,4.469182399670793,4.469182399670793,9,0,1,0.0,4.469182399670793,0,1,4.469182399670793,4.469182399670793,19.97359132152719,false_positive
208335,2025-10-09 10:00:00,initial,52.61359746268664,0.01,0.0600000000000031,0.3900000000000004,0.396037764083906,1.06641300403552,3.4275589567749485,0.0,0.6457858751182959,1,4.383057099685636,4.383057099685636,10,0,1,0.0,4.383057099685636,0,1,4.383057099685636,4.383057099685636,19.211189539104655,false_positive
471287,2025-10-10 13:00:00,initial,51.752737952867946,0.01,0.0700000000000031,0.0900000000000004,0.4548678908702233,2.3569164219825964,3.5452109155099967,0.0,0.5301465128346303,1,4.182741595258711,4.182741595258711,13,0,1,0.0,4.182741595258711,0,1,4.182741595258711,4.182741595258711,17.495327252707384,false_positive
681650,2025-10-11 12:00:00,initial,53.84249442658003,0.01,0.0700000000000031,0.5200000000000005,0.4739891121210123,2.037146930757352,3.590163059744692,0.0,0.4654751551700968,1,4.199205557284887,4.199205557284887,12,0,1,0.0,4.199205557284887,0,1,4.199205557284887,4.199205557284887,17.633327312332277,false_positive
50655,2025-10-12 13:00:00,initial,50.76977258355564,0.01,0.06,0.2000000000000004,0.4614374305637528,2.3909567583073343,3.61991804556472,0.0,0.6468585979151547,1,4.217986938824233,4.217986938824233,13,0,1,0.0,4.217986938824233,0,1,4.217986938824233,4.217986938824233,17.791413816091826,false_positive
576549,2025-10-14 09:00:00,initial,52.93819199872289,0.0,0.0300000000000031,0.0600000000000004,0.350817165068256,0.7272903578915164,3.715615023855405,0.0,0.4426796056322716,1,4.442124657031079,4.442124657031079,9,0,1,0.0,4.442124657031079,0,1,4.442124657031079,4.442124657031079,19.73247146860348,false_positive
50722,2025-10-15 08:00:00,initial,50.17934407394057,0.01,0.0300000000000031,0.0300000000000004,0.2432912443786556,0.369228061663467,3.7612393460932094,0.0,0.7867477623264498,1,4.154437347454312,4.154437347454312,8,0,1,0.0,4.154437347454312,0,1,4.154437347454312,4.154437347454312,17.25934967392322,false_positive
103380,2025-10-18 09:00:00,development,48.02300802327661,0.0,0.0,0.0200000000000004,0.443539803212389,0.9195166438184657,4.707202178326892,0.0,0.485762450436111,1,4.575121159453538,4.575121159453538,9,0,1,0.0,4.575121159453538,0,1,4.575121159453538,4.575121159453538,20.931733623679484,false_positive
155966,2025-10-18 10:00:00,development,47.722275511403865,0.0,0.0,0.0100000000000004,0.5432230991014346,1.4627397422926405,4.715299049535032,0.0,0.8042171434545404,1,4.55575292776158,4.55575292776158,10,0,1,0.0,4.55575292776158,0,1,4.55575292776158,4.55575292776158,20.754884738808205,false_positive
261159,2025-10-19 09:00:00,development,50.17836078060912,0.02,0.0200000000000031,0.0200000000000004,0.4735946822487718,0.9818243810311084,4.826820509604882,0.0,0.5114519028878594,1,4.611444096787945,4.611444096787945,9,0,1,0.0,4.611444096787945,0,1,4.611444096787945,4.611444096787945,21.26541665780039,false_positive
103428,2025-10-20 09:00:00,development,48.62286128160182,0.1,1.000000000000003,1.6200000000000006,0.363405018602275,0.7533866422624977,4.858925099496952,0.0,0.6698978239420403,1,4.256220554201164,4.256220554201164,9,0,1,0.0,4.256220554201164,0,1,4.256220554201164,4.256220554201164,18.115413406004464,false_positive
50845,2025-10-20 11:00:00,development,49.0092300311378,0.19,1.110000000000003,1.8600000000000003,0.4964204870853519,1.6948855609755826,4.573448994382025,0.0,0.7902015995891389,1,4.393892157829949,4.393892157829949,11,0,1,0.0,4.393892157829949,0,1,4.393892157829949,4.393892157829949,19.30628829463953,false_positive
208794,2025-10-28 13:00:00,development,50.01581008260078,0.06,0.4500000000000033,1.3100000000000005,0.560802718451985,2.9058220268818102,4.3406404224645545,0.0,0.5998268323838903,1,4.185779248483835,4.185779248483835,13,0,1,0.0,4.185779248483835,0,1,4.185779248483835,4.185779248483835,17.5207479170379,false_positive
261399,2025-10-29 09:00:00,development,50.062092156711415,0.04,0.3100000000000033,0.8500000000000004,0.4206158491290468,0.8719922566741853,4.430882887515547,0.0,0.4594259726953485,1,4.348854814874474,4.348854814874474,9,0,1,0.0,4.348854814874474,0,1,4.348854814874474,4.348854814874474,18.912538200856893,false_positive
103645,2025-10-29 10:00:00,development,50.09768158159656,0.02,0.3000000000000034,0.7800000000000005,0.5151471039131311,1.3871393599924755,4.443228029279416,0.0,0.9006048086690378,1,4.487616363129125,4.487616363129125,10,0,1,0.0,4.487616363129125,0,1,4.487616363129125,4.487616363129125,20.138700622624274,false_positive
103669,2025-10-30 10:00:00,development,48.58653787377985,0.0,0.0,0.0100000000000004,0.5237216087096128,1.4102279748857662,4.541351848276129,0.0,0.7603630390499915,1,4.502581587591764,4.502581587591764,10,0,1,0.0,4.502581587591764,0,1,4.502581587591764,4.502581587591764,20.273240952920368,false_positive
156255,2025-10-30 11:00:00,development,50.53839858614674,0.0,0.0,0.0,0.5841355523374185,1.9943635266184432,4.550915465686634,0.0,0.818322128530156,1,4.4430320328516375,4.4430320328516375,11,0,1,0.0,4.4430320328516375,0,1,4.4430320328516375,4.4430320328516375,19.740533644945753,false_positive
51085,2025-10-30 11:00:00,development,50.25141543696583,0.0,0.0,0.0,0.5841355523374185,1.9943635266184432,4.550915465686634,0.0,0.9141018786671388,1,4.499683339965361,4.499683339965361,11,0,1,0.0,4.499683339965361,0,1,4.499683339965361,4.499683339965361,20.247150159961826,false_positive
419181,2025-10-30 12:00:00,development,51.32348993578617,0.0,0.0,0.0,0.604741623444284,2.5991051494579853,4.560816450989935,0.0,0.4790871577942198,1,4.368669288196286,4.368669288196286,12,0,1,0.0,4.368669288196286,0,1,4.368669288196286,4.368669288196286,19.085271349629444,false_positive
261448,2025-10-31 10:00:00,mid,48.1437027019826,0.01,0.0700000000000033,0.1100000000000004,0.5449096711543506,1.46728118387368,4.650521892443576,0.0,0.760181451077326,1,4.582352930976348,4.582352930976348,10,0,1,0.0,4.582352930976348,0,1,4.582352930976348,4.582352930976348,20.997958384027527,false_positive
103694,2025-10-31 11:00:00,mid,47.782699248822105,0.01,0.0700000000000033,0.1200000000000004,0.6077677652407802,2.075048948485253,4.674154105346938,0.0,0.981503282537046,1,4.555081056594358,4.555081056594358,11,0,1,0.0,4.555081056594358,0,1,4.555081056594358,4.555081056594358,20.748763432144774,false_positive
156280,2025-10-31 12:00:00,mid,49.24325523144804,0.01,0.06,0.1300000000000004,0.629207490552651,2.704256438408696,4.6986199724553055,0.0,0.6295610116601991,1,4.265196227345829,4.265196227345829,12,0,1,0.0,4.265196227345829,0,1,4.265196227345829,4.265196227345829,18.19189885776509,false_positive
51110,2025-10-31 12:00:00,mid,47.88823345184501,0.01,0.06,0.1300000000000004,0.629207490552651,2.704256438408696,4.6986199724553055,0.0,0.7178143989097712,1,4.264922490873746,4.264922490873746,12,0,1,0.0,4.264922490873746,0,1,4.264922490873746,4.264922490873746,18.18956385316072,false_positive
419207,2025-10-31 14:00:00,mid,48.52877340378127,0.01,0.06,0.1500000000000004,0.5449096711543507,3.379479246870351,4.743440247803405,0.0,0.6967702614575507,1,4.161813475583874,4.161813475583874,14,0,1,0.0,4.161813475583874,0,1,4.161813475583874,4.161813475583874,17.320691405551525,false_positive
366643,2025-11-01 11:00:00,mid,48.369689058754965,0.02,0.1000000000000033,0.2400000000000004,0.5943914291070839,2.0293792802069164,4.733635726083019,0.0,0.6614363455806556,1,4.51423479561901,4.51423479561901,11,0,1,0.0,4.51423479561901,0,1,4.51423479561901,4.51423479561901,20.378315789977403,false_positive
103718,2025-11-01 11:00:00,mid,47.33642422875457,0.02,0.1000000000000033,0.2400000000000004,0.5943914291070839,2.0293792802069164,4.733635726083019,0.0,0.7622137111432207,1,4.4731931428953065,4.4731931428953065,11,0,1,0.0,4.4731931428953065,0,1,4.4731931428953065,4.4731931428953065,20.009456893645588,false_positive
419229,2025-11-01 12:00:00,mid,49.216648602647965,0.01,0.0900000000000033,0.2400000000000004,0.615359288372765,2.644738567964322,4.7197875239031335,0.0,0.5376784939892766,1,4.3513601865295,4.3513601865295,12,0,1,0.0,4.3513601865295,0,1,4.3513601865295,4.3513601865295,18.934335472914043,false_positive
208889,2025-11-01 12:00:00,mid,48.80465225205877,0.01,0.0900000000000033,0.2400000000000004,0.615359288372765,2.644738567964322,4.7197875239031335,0.0,0.5301576503823221,1,4.282706043476925,4.282706043476925,12,0,1,0.0,4.282706043476925,0,1,4.282706043476925,4.282706043476925,18.34157105483378,false_positive
261520,2025-11-03 10:00:00,mid,48.98111211863325,0.0,0.0,0.0,0.5378346147986977,1.4482301418110493,4.765904599802492,0.0,0.4546246630088227,1,4.6478560402814,4.6478560402814,10,0,1,0.0,4.6478560402814,0,1,4.6478560402814,4.6478560402814,21.6025657711803,false_positive
156350,2025-11-03 10:00:00,mid,48.33357608089617,0.0,0.0,0.0,0.5378346147986977,1.4482301418110493,4.765904599802492,0.0,0.5596686150424864,1,4.626838068915038,4.626838068915038,10,0,1,0.0,4.626838068915038,0,1,4.626838068915038,4.626838068915038,21.40763051596144,false_positive
103765,2025-11-03 10:00:00,mid,47.41187627755125,0.0,0.0,0.0,0.5378346147986977,1.4482301418110493,4.765904599802492,0.0,0.911485354550422,1,4.6600979778037726,4.6600979778037726,10,0,1,0.0,4.6600979778037726,0,1,4.6600979778037726,4.6600979778037726,21.71651316273081,false_positive
51180,2025-11-03 10:00:00,mid,47.71807211162613,0.0,0.0,0.0,0.5378346147986977,1.4482301418110493,4.765904599802492,0.0,0.8292445565599222,1,4.592618662507945,4.592618662507945,10,0,1,0.0,4.592618662507945,0,1,4.592618662507945,4.592618662507945,21.092146179216268,false_positive
419276,2025-11-03 11:00:00,mid,49.8348601106968,0.0,0.0,0.0,0.5998765652532325,2.048106706443244,4.756976560088637,0.0,0.8508954683856074,1,4.483100241837009,4.483100241837009,11,0,1,0.0,4.483100241837009,0,1,4.483100241837009,4.483100241837009,20.09818777835905,false_positive
314106,2025-11-03 11:00:00,mid,49.75133963169464,0.0,0.0,0.0,0.5998765652532325,2.048106706443244,4.756976560088637,0.0,0.443486690919317,1,4.4123186542926085,4.4123186542926085,11,0,1,0.0,4.4123186542926085,0,1,4.4123186542926085,4.4123186542926085,19.468555907018537,false_positive
103812,2025-11-05 09:00:00,mid,46.08745257371454,0.0,0.2400000000000033,0.4600000000000004,0.4537877147702621,0.9407619191547394,4.963333369657503,0.0,0.4334023668664916,1,4.459725106110601,4.459725106110601,9,0,1,0.0,4.459725106110601,0,1,4.459725106110601,4.459725106110601,19.88914802207321,false_positive
51227,2025-11-05 09:00:00,mid,47.21604257348578,0.0,0.2400000000000033,0.4600000000000004,0.4537877147702621,0.9407619191547394,4.963333369657503,0.0,0.5378599813992018,1,4.451421703063388,4.451421703063388,9,0,1,0.0,4.451421703063388,0,1,4.451421703063388,4.451421703063388,19.81515517850375,false_positive
419323,2025-11-05 10:00:00,mid,49.674973177748896,0.0,0.1900000000000033,0.4500000000000004,0.555774176221157,1.4965360947341435,4.950796510767766,0.0,0.6034872320758198,1,4.527553160233445,4.527553160233445,10,0,1,0.0,4.527553160233445,0,1,4.527553160233445,4.527553160233445,20.49873761873986,false_positive
103841,2025-11-06 14:00:00,mid,47.4361881585957,0.0,0.0200000000000033,0.0200000000000004,0.593593093950214,3.681409320265271,5.14228271565613,0.0,0.5629537092915126,1,4.176472833493808,4.176472833493808,14,0,1,0.0,4.176472833493808,0,1,4.176472833493808,4.176472833493808,17.442925328911794,false_positive
419370,2025-11-07 09:00:00,mid,47.17495265427239,0.02,0.0200000000000033,0.0400000000000004,0.4740288397376238,0.9827244468970048,5.184245243469226,0.0,0.4459880639639129,1,4.296488281326075,4.296488281326075,9,0,1,0.0,4.296488281326075,0,1,4.296488281326075,4.296488281326075,18.459811551572294,false_positive
261618,2025-11-07 12:00:00,mid,49.02387806577376,0.04,0.1100000000000033,0.1100000000000004,0.6703780138352504,2.8812022858934982,5.141640657715196,0.0,0.6590625760406097,1,4.313811122075897,4.313811122075897,12,0,1,0.0,4.313811122075897,0,1,4.313811122075897,4.313811122075897,18.60896639694571,false_positive
314223,2025-11-08 08:00:00,mid,46.26135082786632,0.0,0.1500000000000033,0.4200000000000004,0.3429416479828288,0.5204613107708043,5.103792269654227,0.0,0.6091020738545393,1,4.190706480096479,4.190706480096479,8,0,1,0.0,4.190706480096479,0,1,4.190706480096479,4.190706480096479,17.562020802322618,false_positive
366808,2025-11-08 08:00:00,mid,45.82896295121531,0.0,0.1500000000000033,0.4200000000000004,0.3429416479828288,0.5204613107708043,5.103792269654227,0.0,0.6242252800986634,1,4.191215558967739,4.191215558967739,8,0,1,0.0,4.191215558967739,0,1,4.191215558967739,4.191215558967739,17.566287861733258,false_positive
51324,2025-11-09 10:00:00,mid,47.86835659423615,0.0,0.0500000000000033,0.2000000000000004,0.6090657047424461,1.6400344784084648,5.250388954087324,0.0,0.5425400497647285,1,4.275442912489673,4.275442912489673,10,0,1,0.0,4.275442912489673,0,1,4.275442912489673,4.275442912489673,18.27941209795818,false_positive
577223,2025-11-11 11:00:00,mid,50.372785885886486,0.19,1.4700000000000033,2.4400000000000004,0.5771495464405467,1.970511810519824,4.815314734066591,0.0,0.5504056453686546,1,4.367496537965163,4.367496537965163,11,0,1,0.0,4.367496537965163,0,1,4.367496537965163,4.367496537965163,19.075026009137687,false_positive
314300,2025-11-11 13:00:00,mid,47.77991492520263,0.14,1.1800000000000033,2.7400000000000007,0.5771495464405467,2.990523778988024,4.688709730384899,0.0,0.4466717128035739,1,4.188499444064392,4.188499444064392,13,0,1,0.0,4.188499444064392,0,1,4.188499444064392,4.188499444064392,17.543527592927717,false_positive
156615,2025-11-14 11:00:00,late,50.48925700337527,0.0,0.0400000000000033,0.1000000000000004,0.5372108335931587,1.8341525153456304,4.17827808796849,0.0,0.7840880278624857,1,4.237133680892335,4.237133680892335,11,0,1,0.0,4.237133680892335,0,1,4.237133680892335,4.237133680892335,17.95330182975223,false_positive
524735,2025-11-15 12:00:00,late,53.323247445415504,0.0,0.0100000000000033,0.0100000000000004,0.5622711772999665,2.4165723933285514,4.250724915390894,0.0,0.6085160797414496,1,4.313624332462142,4.313624332462142,12,0,1,0.0,4.313624332462142,0,1,4.313624332462142,4.313624332462142,18.60735488160946,false_positive
419565,2025-11-15 12:00:00,late,51.21225604304154,0.0,0.0100000000000033,0.0100000000000004,0.5622711772999665,2.4165723933285514,4.250724915390894,0.0,0.581556450531258,1,4.290770397910303,4.290770397910303,12,0,1,0.0,4.290770397910303,0,1,4.290770397910303,4.290770397910303,18.41071060758334,false_positive
209226,2025-11-15 13:00:00,late,49.15010274442247,0.0,0.0100000000000033,0.0100000000000004,0.5431122515511563,2.8141581552655155,4.256626333348891,0.0,0.8060247696331517,1,4.26394922952605,4.26394922952605,13,0,1,0.0,4.26394922952605,0,1,4.26394922952605,4.26394922952605,18.181263031975796,false_positive
156663,2025-11-16 11:00:00,late,51.28687878785031,0.0,0.0,0.0,0.5475567117801557,1.869475552994032,4.28604795309745,0.0,0.66817113762677,1,4.288162512261326,4.288162512261326,11,0,1,0.0,4.288162512261326,0,1,4.288162512261326,4.288162512261326,18.388337731563364,false_positive
51493,2025-11-16 11:00:00,late,50.63862342851706,0.0,0.0,0.0,0.5475567117801557,1.869475552994032,4.28604795309745,0.0,0.7874706691176905,1,4.297989434190341,4.297989434190341,11,0,1,0.0,4.297989434190341,0,1,4.297989434190341,4.297989434190341,18.472713176411805,false_positive
524759,2025-11-16 12:00:00,late,52.54394310708561,0.0,0.0,0.0,0.5668724211096673,2.4363479735368263,4.290649196907151,0.0,0.7845990428936839,1,4.301792652647308,4.301792652647308,12,0,1,0.0,4.301792652647308,0,1,4.301792652647308,4.301792652647308,18.50542002637036,false_positive
419589,2025-11-16 12:00:00,late,51.63876720159229,0.0,0.0,0.0,0.5668724211096673,2.4363479735368263,4.290649196907151,0.0,0.6401250806123121,1,4.296530305380943,4.296530305380943,12,0,1,0.0,4.296530305380943,0,1,4.296530305380943,4.296530305380943,18.460172665056863,false_positive
51517,2025-11-17 11:00:00,late,51.19020011934492,0.0,0.0,0.0100000000000004,0.5509751583949036,1.8811468597975032,4.317494840158039,0.0,0.8467945519130973,1,4.346654396912991,4.346654396912991,11,0,1,0.0,4.346654396912991,0,1,4.346654396912991,4.346654396912991,18.89340444620304,false_positive
419613,2025-11-17 12:00:00,late,51.80128262671956,0.0,0.0,0.0100000000000004,0.5704114574637944,2.4515583166908863,4.321033876512167,0.0,0.663535751636509,1,4.343463692252691,4.343463692252691,12,0,1,0.0,4.343463692252691,0,1,4.343463692252691,4.343463692252691,18.865676845917374,false_positive
51541,2025-11-18 11:00:00,late,49.93230814040718,0.0,0.0,0.0,0.5678818469984428,1.9388699053677847,4.390428229008633,0.0,0.6113211593962761,1,4.4201214579117245,4.4201214579117245,11,0,1,0.0,4.4201214579117245,0,1,4.4201214579117245,4.4201214579117245,19.53747370269167,false_positive
209297,2025-11-18 12:00:00,late,51.074874563452845,0.0,0.0,0.0,0.5879145494640318,2.526784454243902,4.407931321008871,0.0,0.9439835359312092,1,4.456137161878868,4.456137161878868,12,0,1,0.0,4.456137161878868,0,1,4.456137161878868,4.456137161878868,19.85715840547785,false_positive
419686,2025-11-20 13:00:00,initial,52.98634152239995,0.16,0.5700000000000034,1.6900000000000004,0.4591239390233823,2.378969308076047,3.793344371435104,0.0,0.445723594681977,1,4.130563053116644,4.130563053116644,13,0,1,0.0,4.130563053116644,0,1,4.130563053116644,4.130563053116644,17.06155113577229,false_positive
419804,2025-11-25 11:00:00,initial,53.6991290088267,0.0,0.0100000000000035,0.0100000000000004,0.503385345185417,1.7186650739794738,3.790785347628249,0.0,0.5090358751779733,1,4.5731519564597125,4.5731519564597125,11,0,1,0.0,4.5731519564597125,0,1,4.5731519564597125,4.5731519564597125,20.913718816871295,false_positive
524998,2025-11-26 11:00:00,initial,54.187477403878525,0.12,0.3300000000000035,0.3900000000000004,0.5110979877980549,1.7449976830099256,3.984805620189471,0.0,0.4933645088529211,1,4.399447156586088,4.399447156586088,11,0,1,0.0,4.399447156586088,0,1,4.399447156586088,4.399447156586088,19.35513528359342,false_positive
367244,2025-11-26 12:00:00,initial,52.84432896280078,0.09,0.4100000000000036,0.4800000000000004,0.529127572604184,2.274125255084982,3.992790335374069,0.0,0.9334773684722132,1,4.303022245398305,4.303022245398305,12,0,1,0.0,4.303022245398305,0,1,4.303022245398305,4.303022245398305,18.516000444392667,false_positive
51755,2025-11-27 09:00:00,initial,51.13455408885386,0.02,0.7500000000000036,1.5300000000000005,0.349811356792122,0.725205184376767,3.968666352202316,0.0,0.8754130224028325,1,4.336491112958263,4.336491112958263,9,0,1,0.0,4.336491112958263,0,1,4.336491112958263,4.336491112958263,18.805155172765993,false_positive
156925,2025-11-27 09:00:00,initial,49.54017564245372,0.02,0.7500000000000036,1.5300000000000005,0.349811356792122,0.725205184376767,3.968666352202316,0.0,0.8753456930123794,1,4.266018767182301,4.266018767182301,9,0,1,0.0,4.266018767182301,0,1,4.266018767182301,4.266018767182301,18.198916121951598,false_positive
735361,2025-11-27 10:00:00,initial,52.65770455740413,0.04,0.6600000000000036,1.4500000000000004,0.4284296650745016,1.1536348489565609,3.938858097487909,0.0,0.5935244490221051,1,4.416540598367454,4.416540598367454,10,0,1,0.0,4.416540598367454,0,1,4.416540598367454,4.416540598367454,19.505830857027945,false_positive
472439,2025-11-27 13:00:00,initial,53.12477184331061,0.02,0.3600000000000035,1.2600000000000005,0.4778511997292652,2.476005368836462,3.837944913588784,0.0,0.6249187254387781,1,4.146038276415107,4.146038276415107,13,0,1,0.0,4.146038276415107,0,1,4.146038276415107,4.146038276415107,17.18963338949915,false_positive
104362,2025-11-28 07:00:00,initial,48.8036457374103,0.01,0.06,0.4900000000000004,0.128318785976103,0.1283187884550286,3.757959009218464,0.0,0.4999212099070039,1,4.169915340444566,4.169915340444566,7,0,1,0.0,4.169915340444566,0,1,4.169915340444566,4.169915340444566,17.388193946474924,false_positive
104387,2025-11-29 08:00:00,initial,49.91896984995459,0.0,0.0,0.0300000000000004,0.2546940263002339,0.3865333579441782,3.7761881117429854,0.0,0.4347326241726851,1,4.190651166868241,4.190651166868241,8,0,1,0.0,4.190651166868241,0,1,4.190651166868241,4.190651166868241,17.56155720237415,false_positive
525068,2025-11-29 09:00:00,initial,51.83448696230896,0.0,0.0,0.0200000000000004,0.3601917460382051,0.7467251034729954,3.785806415787648,0.0,0.6774349115373656,1,4.460687017685228,4.460687017685228,9,0,1,0.0,4.460687017685228,0,1,4.460687017685228,4.460687017685228,19.89772866974553,false_positive
367313,2025-11-29 09:00:00,initial,52.11768078017024,0.0,0.0,0.0200000000000004,0.3601917460382051,0.7467251034729954,3.785806415787648,0.0,0.4649227510510689,1,4.405268887033263,4.405268887033263,9,0,1,0.0,4.405268887033263,0,1,4.405268887033263,4.405268887033263,19.406393967063284,false_positive
630239,2025-11-29 10:00:00,initial,53.14954694143898,0.0,0.0,0.0100000000000004,0.4411429935633911,1.1878680965269983,3.797586384334774,0.0,0.6817902591128797,1,4.708668332265999,4.708668332265999,10,0,1,0.0,4.708668332265999,0,1,4.708668332265999,4.708668332265999,22.171557463284664,false_positive
51805,2025-11-29 11:00:00,initial,51.82676814506982,0.0,0.0,0.0,0.4920310751352122,1.6798991711528226,3.8107252319961247,0.0,0.4640194421273578,1,4.565566436352706,4.565566436352706,11,0,1,0.0,4.565566436352706,0,1,4.565566436352706,4.565566436352706,20.844396884750353,false_positive
735411,2025-11-29 12:00:00,initial,53.843955611223,0.0,0.0,0.0,0.50938805209108,2.1892872227345146,3.8243275680174778,0.0,0.4448448802807521,1,4.384755060795239,4.384755060795239,12,0,1,0.0,4.384755060795239,0,1,4.384755060795239,4.384755060795239,19.226076943169463,false_positive
209582,2025-11-30 09:00:00,initial,48.98080934694708,0.01,0.0400000000000035,0.0400000000000004,0.3603210503108339,0.7469931683229541,3.86945446485069,0.0,0.8163909651372706,1,4.422508348559616,4.422508348559616,9,0,1,0.0,4.422508348559616,0,1,4.422508348559616,4.422508348559616,19.558580093079506,false_positive
104412,2025-11-30 09:00:00,initial,50.73528598749439,0.01,0.0400000000000035,0.0400000000000004,0.3603210503108339,0.7469931683229541,3.86945446485069,0.0,0.4562721797766205,1,4.448695291610484,4.448695291610484,9,0,1,0.0,4.448695291610484,0,1,4.448695291610484,4.448695291610484,19.79088979759729,false_positive
577680,2025-11-30 12:00:00,initial,53.635334471087184,0.01,0.0500000000000035,0.0600000000000004,0.5095709159470284,2.190073149105745,3.869972326372511,0.0,0.824201606437832,1,4.404479931132804,4.404479931132804,12,0,1,0.0,4.404479931132804,0,1,4.404479931132804,4.404479931132804,19.39944346375163,false_positive
577681,2025-11-30 13:00:00,initial,54.0306880276505,0.01,0.0500000000000035,0.0700000000000004,0.492207708056374,2.550394198907008,3.870148959293672,0.0,0.5700771829405653,1,4.187400127179143,4.187400127179143,13,0,1,0.0,4.187400127179143,0,1,4.187400127179143,4.187400127179143,17.534319825099903,false_positive
577682,2025-11-30 14:00:00,initial,52.29093304808995,0.01,0.0500000000000035,0.0800000000000004,0.4413013583081011,2.7369100989868094,3.8703073240383823,0.0,0.6071398313301878,1,4.069768876126547,4.069768876126547,14,0,1,0.0,4.069768876126547,0,1,4.069768876126547,4.069768876126547,16.56301870508834,false_positive
262172,2025-11-30 14:00:00,initial,51.17420527726224,0.01,0.0500000000000035,0.0800000000000004,0.4413013583081011,2.7369100989868094,3.8703073240383823,0.0,0.4347505517905182,1,4.089470461860791,4.089470461860791,14,0,1,0.0,4.089470461860791,0,1,4.089470461860791,4.089470461860791,16.72376865843191,false_positive
209607,2025-12-01 10:00:00,initial,51.533712248961166,0.0,0.0,0.0400000000000004,0.4579916727391639,1.233236624994046,3.915517487857813,0.0,0.9118982069069131,1,4.71178674354731,4.71178674354731,10,0,1,0.0,4.71178674354731,0,1,4.71178674354731,4.71178674354731,22.200934316668164,false_positive
104437,2025-12-01 10:00:00,initial,52.42167818351391,0.0,0.0,0.0400000000000004,0.4579916727391639,1.233236624994046,3.915517487857813,0.0,0.845648825080514,1,4.371296024457005,4.371296024457005,10,0,1,0.0,4.371296024457005,0,1,4.371296024457005,4.371296024457005,19.10822893343362,false_positive
262214,2025-12-02 08:00:00,initial,49.52689419272759,0.0,0.0,0.0,0.2575676697251848,0.3908945086893123,4.006561345873117,0.0,0.785917471680377,1,4.194112599559605,4.194112599559605,8,0,1,0.0,4.194112599559605,0,1,4.194112599559605,4.194112599559605,17.59058049778463,false_positive
314801,2025-12-02 10:00:00,initial,52.38491184458512,0.0,0.0,0.0,0.4461202899740349,1.2012704891738908,3.984997019666861,0.0,0.7328788351656471,1,4.673747556089141,4.673747556089141,10,0,1,0.0,4.673747556089141,0,1,4.673747556089141,4.673747556089141,21.843916218049216,false_positive
419972,2025-12-02 11:00:00,initial,52.53869193862764,0.0,0.0,0.0,0.4975825279292683,1.698853016588024,3.971756212693853,0.0,0.5761019862835115,1,4.63831583856658,4.63831583856658,11,0,1,0.0,4.63831583856658,0,1,4.63831583856658,4.63831583856658,21.513973818297597,false_positive
209632,2025-12-02 11:00:00,initial,51.98375491876622,0.0,0.0,0.0,0.4975825279292683,1.698853016588024,3.971756212693853,0.0,0.4972010853192618,1,4.601843091440134,4.601843091440134,11,0,1,0.0,4.601843091440134,0,1,4.601843091440134,4.601843091440134,21.17695983823529,false_positive
104462,2025-12-02 11:00:00,initial,52.06283778206205,0.0,0.0,0.0,0.4975825279292683,1.698853016588024,3.971756212693853,0.0,0.9407326744727674,1,4.647696978104518,4.647696978104518,11,0,1,0.0,4.647696978104518,0,1,4.647696978104518,4.647696978104518,21.60108720028187,false_positive
262239,2025-12-03 09:00:00,initial,51.16014258019021,0.02,0.0700000000000035,0.0700000000000004,0.3630602737524065,0.7526719406167176,3.9103631186727417,0.0,0.741873141989992,1,4.434971857610903,4.434971857610903,9,0,1,0.0,4.434971857610903,0,1,4.434971857610903,4.434971857610903,19.668975377800706,false_positive
262264,2025-12-04 10:00:00,initial,52.47672527627682,0.12,0.2100000000000035,0.4200000000000004,0.463004496039077,1.246734681085553,3.949406710697101,0.0,0.53203028557132,1,4.335963034994746,4.335963034994746,10,0,1,0.0,4.335963034994746,0,1,4.335963034994746,4.335963034994746,18.800575440840852,false_positive
420022,2025-12-04 13:00:00,initial,54.63470659595821,0.08,0.5000000000000036,0.6700000000000005,0.5164144127924546,2.67582222110792,4.0115232004352,0.0,0.557943335071602,1,4.15546041922318,4.15546041922318,13,0,1,0.0,4.15546041922318,0,1,4.15546041922318,4.15546041922318,17.26785129573049,false_positive
51948,2025-12-05 10:00:00,development,48.634129502280125,0.03,0.7400000000000037,1.5700000000000005,0.5265826476045135,1.417931909609342,4.232126962224192,0.0,0.8161747462352442,1,4.433149177030357,4.433149177030357,10,0,1,0.0,4.433149177030357,0,1,4.433149177030357,4.433149177030357,19.65281162580493,false_positive
51972,2025-12-06 10:00:00,development,50.59864004347197,0.0,0.0300000000000035,0.3200000000000004,0.5346680362950259,1.43970347894993,4.6403339138317135,0.0,0.4976649817120563,1,4.4911374812557865,4.4911374812557865,10,0,1,0.0,4.4911374812557865,0,1,4.4911374812557865,4.4911374812557865,20.17031587554057,false_positive
262314,2025-12-06 12:00:00,development,50.4578918227778,0.0,0.0200000000000035,0.2200000000000004,0.6173814692685345,2.653429652843507,4.65868819578536,0.0,0.5522097443961234,1,4.399551892619633,4.399551892619633,12,0,1,0.0,4.399551892619633,0,1,4.399551892619633,4.399551892619633,19.356056855852994,false_positive
104579,2025-12-07 08:00:00,development,46.33812987250538,0.0,0.0,0.0,0.3257901186000299,0.4944314963204386,4.715428520657333,0.0,0.8953210886026935,1,4.154124371087317,4.154124371087317,8,0,1,0.0,4.154124371087317,0,1,4.154124371087317,4.154124371087317,17.256749290461595,false_positive
209774,2025-12-08 09:00:00,development,48.15592096606039,0.0,0.0,0.0,0.445505182334209,0.9235911345424948,4.917666107068288,0.0,0.7788140644814192,1,4.654657869288896,4.654657869288896,9,0,1,0.0,4.654657869288896,0,1,4.654657869288896,4.654657869288896,21.66583988013305,false_positive
262384,2025-12-09 10:00:00,development,51.355893610287154,0.0,0.0200000000000035,0.0500000000000004,0.5579720015440182,1.5024541907276383,4.818857780896951,0.0,0.6948472696463294,1,4.705954400628448,4.705954400628448,10,0,1,0.0,4.705954400628448,0,1,4.705954400628448,4.705954400628448,22.146006820794256,false_positive
367577,2025-12-10 09:00:00,development,49.43418546941014,0.0,0.0,0.0,0.4665990618890207,0.9673215352706196,4.916712106616141,0.0,0.5277494699402926,1,4.617773217278431,4.617773217278431,9,0,1,0.0,4.617773217278431,0,1,4.617773217278431,4.617773217278431,21.323829486213995,false_positive
420209,2025-12-12 08:00:00,development,47.51719646110419,0.0,0.0,0.0,0.3432678320389799,0.5209563401217607,5.159077410352548,0.0,0.4581617864870572,1,4.159907459073372,4.159907459073372,8,0,1,0.0,4.159907459073372,0,1,4.159907459073372,4.159907459073372,17.304830068054276,false_positive
209872,2025-12-12 11:00:00,development,50.78849017324048,0.0,0.0,0.0,0.6631425279616684,2.2641102145283387,5.17975501244536,0.0,0.6329965633343444,1,4.386397800533072,4.386397800533072,11,0,1,0.0,4.386397800533072,0,1,4.386397800533072,4.386397800533072,19.240485664521376,false_positive
157287,2025-12-12 11:00:00,development,50.44028134257104,0.0,0.0,0.0,0.6631425279616684,2.2641102145283387,5.17975501244536,0.0,0.4749087100256731,1,4.378063483162189,4.378063483162189,11,0,1,0.0,4.378063483162189,0,1,4.378063483162189,4.378063483162189,19.167439862598243,false_positive
420233,2025-12-13 08:00:00,development,47.799497905567925,0.0,0.0,0.0,0.3375983847281864,0.5123521708816648,5.206151930725888,0.0,0.504195598917924,1,4.146383819492441,4.146383819492441,8,0,1,0.0,4.146383819492441,0,1,4.146383819492441,4.146383819492441,17.192498778548725,false_positive
315066,2025-12-13 11:00:00,development,52.7167114363896,0.0,0.0,0.0,0.6521899968156732,2.2267159341180487,5.1773618195216775,0.0,0.4628929372943092,1,4.415488535950878,4.415488535950878,11,0,1,0.0,4.415488535950878,0,1,4.415488535950878,4.415488535950878,19.49653901111363,false_positive
209965,2025-12-16 08:00:00,development,47.76653229467595,0.0,0.0,0.0,0.3091677152324764,0.4692047036700718,4.961919522627252,0.0,0.8016192858511995,1,4.121741686850316,4.121741686850316,8,0,1,0.0,4.121741686850316,0,1,4.121741686850316,4.121741686850316,16.98875453311969,false_positive
157428,2025-12-18 08:00:00,development,48.21865709766556,0.0,0.0,0.0,0.322784159661039,0.4898695385100863,4.926432330536932,0.0,0.4872507923034649,1,4.105895517289027,4.105895517289027,8,0,1,0.0,4.105895517289027,0,1,4.105895517289027,4.105895517289027,16.858377998894127,false_positive
104871,2025-12-19 12:00:00,development,51.13942262573076,0.0,0.0500000000000035,0.0800000000000004,0.6483209654081356,2.7864038034899794,4.915408759478301,0.0,0.4849680875994595,1,4.374370124019381,4.374370124019381,12,0,1,0.0,4.374370124019381,0,1,4.374370124019381,4.374370124019381,19.13511398191334,false_positive
52287,2025-12-19 13:00:00,development,49.70762381742388,0.0,0.0400000000000035,0.0800000000000004,0.6262299642344707,3.244835954057049,4.918067612047122,0.0,0.5388194393122114,1,4.164262526356535,4.164262526356535,13,0,1,0.0,4.164262526356535,0,1,4.164262526356535,4.164262526356535,17.341082388417313,false_positive
52334,2025-12-21 12:00:00,mid,48.72561159117176,0.16,0.8300000000000036,0.8300000000000005,0.6398519591981804,2.7500050559956053,4.979015543530151,0.0,0.9735819618062448,1,4.3492474049714405,4.3492474049714405,12,0,1,0.0,4.3492474049714405,0,1,4.3492474049714405,4.3492474049714405,18.91595298965081,false_positive
104919,2025-12-21 12:00:00,mid,47.99590967638592,0.16,0.8300000000000036,0.8300000000000005,0.6398519591981804,2.7500050559956053,4.979015543530151,0.0,0.434390765239648,1,4.277348865812482,4.277348865812482,12,0,1,0.0,4.277348865812482,0,1,4.277348865812482,4.277348865812482,18.29571331986733,false_positive
683401,2025-12-23 11:00:00,mid,49.76532724696659,0.0,0.2400000000000035,0.5600000000000005,0.6228542519379244,2.12655743601559,4.955703834382643,0.0,0.470868376250697,1,4.489932469140388,4.489932469140388,11,0,1,0.0,4.489932469140388,0,1,4.489932469140388,4.489932469140388,20.159493577441104,false_positive
104966,2025-12-23 11:00:00,mid,47.71138155423845,0.0,0.2400000000000035,0.5600000000000005,0.6228542519379244,2.12655743601559,4.955703834382643,0.0,0.819536373116711,1,4.526835726434067,4.526835726434067,11,0,1,0.0,4.526835726434067,0,1,4.526835726434067,4.526835726434067,20.492241694119844,false_positive
52381,2025-12-23 11:00:00,mid,48.27638201240553,0.0,0.2400000000000035,0.5600000000000005,0.6228542519379244,2.12655743601559,4.955703834382643,0.0,0.766171158548911,1,4.44286386234377,4.44286386234377,11,0,1,0.0,4.44286386234377,0,1,4.44286386234377,4.44286386234377,19.7390392993202,false_positive
210161,2025-12-24 12:00:00,mid,49.85109382741597,0.06,0.8800000000000036,1.1600000000000004,0.6351548665192207,2.7298175291311013,4.856374972816912,0.0,0.4777867020096056,1,4.300798410215494,4.300798410215494,12,0,1,0.0,4.300798410215494,0,1,4.300798410215494,4.300798410215494,18.49686696531212,false_positive
525740,2025-12-27 09:00:00,mid,47.68474118556737,0.0,0.0,0.0,0.4889106770944614,1.013576462975613,5.124758129505451,0.0,0.5057515689826827,1,4.132059904402269,4.132059904402269,9,0,1,0.0,4.132059904402269,0,1,4.132059904402269,4.132059904402269,17.073919053568886,false_positive
736081,2025-12-27 10:00:00,mid,50.2860679707395,0.0,0.0,0.0,0.5987908441846368,1.6123673064688258,5.142719040125651,0.0,0.6004860201238151,1,4.5720091503052425,4.5720091503052425,10,0,1,0.0,4.5720091503052425,0,1,4.5720091503052425,4.5720091503052425,20.903267670474865,false_positive
210231,2025-12-27 10:00:00,mid,49.72443973660338,0.0,0.0,0.0,0.5987908441846368,1.6123673064688258,5.142719040125651,0.0,0.7018429031041284,1,4.283084637418037,4.283084637418037,10,0,1,0.0,4.283084637418037,0,1,4.283084637418037,4.283084637418037,18.3448140112864,false_positive
105112,2025-12-29 13:00:00,mid,47.96969313057909,0.02,0.1700000000000035,0.1700000000000004,0.682716778629553,3.537524673453241,5.376412116074231,0.0,0.8604419952917045,1,4.191196986109526,4.191196986109526,13,0,1,0.0,4.191196986109526,0,1,4.191196986109526,4.191196986109526,17.566132176373575,false_positive
157716,2025-12-30 08:00:00,mid,46.2140351404878,0.02,0.4500000000000035,0.7600000000000005,0.3558975285654223,0.540123648751242,5.372472226146975,0.0,0.598918639292057,1,4.32069241177692,4.32069241177692,8,0,1,0.0,4.32069241177692,0,1,4.32069241177692,4.32069241177692,18.668382917186662,false_positive
105157,2025-12-31 10:00:00,mid,48.15412790655114,0.0,0.0,0.0,0.5906390427353705,1.5904169071377878,5.3371657858902175,0.0,0.5031405692952208,1,4.334732517088692,4.334732517088692,10,0,1,0.0,4.334732517088692,0,1,4.334732517088692,4.334732517088692,18.789905994706064,false_positive
52572,2025-12-31 10:00:00,mid,49.23832615457324,0.0,0.0,0.0,0.5906390427353705,1.5904169071377878,5.3371657858902175,0.0,0.4964382798475574,1,4.348270611419375,4.348270611419375,10,0,1,0.0,4.348270611419375,0,1,4.348270611419375,4.348270611419375,18.907457310133424,false_positive
