timestamp,crop_stage,soil_moisture_percent,real_depth_mm,predicted_depth_mm,water_difference_mm,absolute_depth_error_mm,detected
2025-01-01 08:00:00,development,47.8868451388045,4.1512414568812375,4.1834113441482685,0.03216988726703107,0.03216988726703107,True
2025-01-01 08:00:00,development,48.12344937490547,4.1512414568812375,4.1887831765330805,0.03754171965184305,0.03754171965184305,True
2025-01-01 09:00:00,development,48.25292202235868,5.161555486935622,4.82770884221852,-0.33384664471710224,0.33384664471710224,True
2025-01-01 09:00:00,development,47.52815830463693,5.14754096410439,4.9265467231858695,-0.22099424091852082,0.22099424091852082,True
2025-01-01 09:00:00,development,50.21727290636451,4.087486125343521,0.0,-4.087486125343521,4.087486125343521,False
2025-01-01 09:00:00,development,50.52788699099334,4.087486125343521,0.0,-4.087486125343521,4.087486125343521,False
2025-01-01 09:00:00,development,47.2778702309406,5.14754096410439,4.9191988897894925,-0.22834207431489784,0.22834207431489784,True
2025-01-01 10:00:00,development,51.84462134011774,5.256561077562687,4.925813962902193,-0.3307471146604941,0.3307471146604941,True
2025-01-01 10:00:00,development,51.9078087039729,5.2384934828699485,4.647988491699,-0.5905049911709481,0.5905049911709481,True
2025-01-01 10:00:00,development,50.479058368888,5.22945968552358,4.918870245062777,-0.31058944046080317,0.31058944046080317,True
2025-01-01 10:00:00,development,49.27903823957096,5.208681951626929,4.848230616212493,-0.3604513354144361,0.3604513354144361,True
2025-01-01 10:00:00,development,49.73800675625308,5.200551534015212,4.925158503861816,-0.27539303015339645,0.27539303015339645,True
2025-01-01 11:00:00,development,48.91153955662758,4.43509725410323,4.421035477791291,-0.014061776311939056,0.014061776311939056,True
2025-01-01 11:00:00,development,48.504204080373846,4.43509725410323,4.797567359325028,0.36247010522179846,0.36247010522179846,True
2025-01-01 13:00:00,development,49.43475041375529,4.193074532898883,4.219385209141369,0.02631067624248562,0.02631067624248562,True
2025-01-01 13:00:00,development,49.638087679926734,4.193074532898883,4.222310711317365,0.029236178418481806,0.029236178418481806,True
2025-01-02 08:00:00,development,48.48749080910154,4.00017176870789,0.0,-4.00017176870789,4.00017176870789,False
2025-01-02 08:00:00,development,49.44804322199313,4.00017176870789,0.0,-4.00017176870789,4.00017176870789,False
2025-01-02 08:00:00,development,48.527471772397725,4.070921187374236,0.0,-4.070921187374236,4.070921187374236,False
2025-01-02 08:00:00,development,47.70926518554384,4.070921187374236,0.0,-4.070921187374236,4.070921187374236,False
2025-01-02 09:00:00,development,48.20500560025295,5.1912519496178575,4.944656884925247,-0.2465950646926105,0.2465950646926105,True
2025-01-02 10:00:00,development,50.85464281259552,5.191653332768269,4.867025737283267,-0.3246275954850013,0.3246275954850013,True
2025-01-02 10:00:00,development,52.03221771500809,5.19157700012267,4.727696973617067,-0.46388002650560356,0.46388002650560356,True
2025-01-02 10:00:00,development,48.88618342898354,5.191538833799882,4.896707254757168,-0.2948315790427136,0.2948315790427136,True
2025-01-02 10:00:00,development,50.53230527759207,5.191451051257452,4.987791541475641,-0.20365950978181147,0.20365950978181147,True
2025-01-02 10:00:00,development,49.1560542027263,5.191416701566944,4.925319316632942,-0.26609738493400226,0.26609738493400226,True
2025-01-02 10:00:00,development,48.82944000020128,4.351853123021147,4.819459906563496,0.4676067835423492,0.4676067835423492,True
2025-01-02 10:00:00,development,46.68603858697704,4.351853123021147,4.423335401620065,0.07148227859891776,0.07148227859891776,True
2025-01-02 12:00:00,development,52.847390682173256,4.127439922255888,0.0,-4.127439922255888,4.127439922255888,False
2025-01-02 12:00:00,development,49.18940803405029,4.612789187879564,4.453119898999613,-0.15966928887995113,0.15966928887995113,True
2025-01-02 12:00:00,development,51.96152170428203,4.127439922255888,0.0,-4.127439922255888,4.127439922255888,False
2025-01-02 12:00:00,development,50.445932174519605,4.612789187879564,4.509979084774616,-0.10281010310494754,0.10281010310494754,True
2025-01-02 13:00:00,development,50.10193242781294,4.511947715200357,4.211141574380358,-0.3008061408199989,0.3008061408199989,True
2025-01-02 13:00:00,development,50.69666291390478,4.511947715200357,4.231064868970953,-0.28088284622940396,0.28088284622940396,True
2025-01-03 09:00:00,development,48.57642002838456,5.250734421589101,4.818035645556875,-0.4326987760322263,0.4326987760322263,True
2025-01-03 09:00:00,development,48.32502948650165,4.34813149932948,4.848079975699119,0.4999484763696387,0.4999484763696387,True
2025-01-03 09:00:00,development,48.32969847809392,4.34813149932948,5.022019765476748,0.6738882661472676,0.6738882661472676,True
2025-01-03 10:00:00,development,49.72713911526443,5.27447806413338,5.118085440865857,-0.15639262326752235,0.15639262326752235,True
2025-01-03 10:00:00,development,50.90625993986194,5.308580766346857,5.13732610625563,-0.17125466009122725,0.17125466009122725,True
2025-01-03 10:00:00,development,50.47663112749987,5.297579894665084,5.12200383011745,-0.1755760645476343,0.1755760645476343,True
2025-01-03 10:00:00,development,50.17354116729903,5.29207945882419,4.880405151322249,-0.4116743075019418,0.4116743075019418,True
2025-01-03 10:00:00,development,49.284578589716176,5.279428456390157,5.065537808740635,-0.2138906476495217,0.2138906476495217,True
2025-01-03 11:00:00,development,51.34114506277045,4.474069939875896,4.450037703803791,-0.02403223607210503,0.02403223607210503,True
2025-01-03 11:00:00,development,49.103632018131485,4.494278464247849,4.645289174112599,0.1510107098647504,0.1510107098647504,True
2025-01-03 11:00:00,development,50.13074527358464,4.494278464247849,4.8137581526229045,0.3194796883750559,0.3194796883750559,True
2025-01-03 11:00:00,development,49.92922087300288,4.474069939875896,4.643361531827016,0.16929159195111954,0.16929159195111954,True
2025-01-03 12:00:00,development,51.03069892887547,4.725409008560803,4.352934184058668,-0.37247482450213454,0.37247482450213454,True
2025-01-03 12:00:00,development,51.14224857784506,4.725409008560803,4.4667286688780585,-0.2586803396827442,0.2586803396827442,True
2025-01-04 09:00:00,mid,49.12145121136362,4.351078033809063,0.0,-4.351078033809063,4.351078033809063,False
2025-01-04 09:00:00,mid,44.71110472367801,4.672367033473,4.889786500532897,0.217419467059897,0.217419467059897,True
2025-01-04 09:00:00,mid,44.7237634987404,4.672367033473,4.741108573387876,0.06874153991487653,0.06874153991487653,True
2025-01-04 10:00:00,mid,50.11862371782401,4.324083679731977,4.512261529169106,0.18817784943712912,0.18817784943712912,True
2025-01-04 10:00:00,mid,50.58364326184844,4.095115917385719,0.0,-4.095115917385719,4.095115917385719,False
2025-01-04 10:00:00,mid,50.722345839427575,4.17820347984911,0.0,-4.17820347984911,4.17820347984911,False
2025-01-04 10:00:00,mid,49.15975820485602,4.239304873514904,4.508176122832825,0.2688712493179217,0.2688712493179217,True
2025-01-04 11:00:00,mid,50.36370777518456,5.398510431361309,4.770426414921753,-0.6280840164395567,0.6280840164395567,True
2025-01-04 11:00:00,mid,48.82529166291076,4.522517734927071,4.663921989961382,0.14140425503431153,0.14140425503431153,True
2025-01-04 11:00:00,mid,50.25427006962985,4.522517734927071,4.600753779924268,0.0782360449971975,0.0782360449971975,True
2025-01-04 11:00:00,mid,47.07086133018687,4.6772456397794535,4.6164951185932495,-0.060750521186204054,0.060750521186204054,True
2025-01-04 11:00:00,mid,47.11714322197419,4.6772456397794535,4.550750653530695,-0.12649498624875832,0.12649498624875832,True
2025-01-04 12:00:00,mid,49.56635471635064,4.643464197488779,4.541723182401256,-0.10174101508752287,0.10174101508752287,True
2025-01-04 12:00:00,mid,48.891702358130594,4.643464197488779,4.4596701415937545,-0.1837940558950244,0.1837940558950244,True
2025-01-04 14:00:00,mid,50.36216139030924,4.093470564730328,0.0,-4.093470564730328,4.093470564730328,False
2025-01-05 08:00:00,mid,44.730325592565215,4.574204213980842,4.354456780446925,-0.21974743353391712,0.21974743353391712,True
2025-01-05 08:00:00,mid,43.11645425732375,4.574204213980842,4.356223323506976,-0.21798089047386604,0.21798089047386604,True
2025-01-05 09:00:00,mid,48.926073470876645,4.025093495370715,0.0,-4.025093495370715,4.025093495370715,False
2025-01-05 10:00:00,mid,48.72939666406376,5.379442634015128,4.652440235860382,-0.7270023981547453,0.7270023981547453,True
2025-01-05 10:00:00,mid,47.77138755192021,5.385992135814526,4.616695179673653,-0.7692969561408729,0.7692969561408729,True
2025-01-05 10:00:00,mid,47.82438100826536,5.401055989953132,4.9568781087408,-0.44417788121233226,0.44417788121233226,True
2025-01-05 10:00:00,mid,49.12321376591967,4.363050518313777,4.489748005810987,0.12669748749720977,0.12669748749720977,True
2025-01-05 10:00:00,mid,47.18059327475084,4.487390925460389,4.92488330337005,0.43749237790966156,0.43749237790966156,True
2025-01-05 10:00:00,mid,46.27625769574304,4.487390925460389,4.82123229727618,0.3338413718157911,0.3338413718157911,True
2025-01-05 10:00:00,mid,48.58911176558565,4.363050518313777,4.494380510376512,0.1313299920627351,0.1313299920627351,True
2025-01-05 11:00:00,mid,49.476088714746304,5.341811788115741,4.758654213169908,-0.5831575749458331,0.5831575749458331,True
2025-01-05 11:00:00,mid,48.356547765705855,4.577388744051113,4.565817517962953,-0.011571226088159747,0.011571226088159747,True
2025-01-05 11:00:00,mid,48.30086103381071,4.577388744051113,4.628770074953627,0.05138133090251351,0.05138133090251351,True
2025-01-05 12:00:00,mid,49.515951453739184,4.651997526705415,4.493301037714982,-0.15869648899043298,0.15869648899043298,True
2025-01-05 13:00:00,mid,48.986989011842496,4.082748569736683,0.0,-4.082748569736683,4.082748569736683,False
2025-01-05 13:00:00,mid,46.2565596614577,4.082748569736683,4.246352902870467,0.16360433313378397,0.16360433313378397,True
2025-01-05 14:00:00,mid,49.67566975600287,4.088852715499755,0.0,-4.088852715499755,4.088852715499755,False
2025-01-06 09:00:00,mid,48.31539630215343,4.104467512300637,0.0,-4.104467512300637,4.104467512300637,False
2025-01-06 09:00:00,mid,47.00279015177229,4.301073066304603,4.370716796101658,0.06964372979705491,0.06964372979705491,True
2025-01-06 09:00:00,mid,46.7243133080507,4.301073066304603,4.279668826516618,-0.021404239787985446,0.021404239787985446,True
2025-01-06 09:00:00,mid,47.24091361123392,4.104467512300637,4.244659477363528,0.14019196506289067,0.14019196506289067,True
2025-01-06 10:00:00,mid,48.69518847721768,5.150929629888694,4.745812971239047,-0.4051166586496464,0.4051166586496464,True
2025-01-06 10:00:00,mid,50.7486651705581,5.164553891527106,4.680036651152888,-0.48451724037421773,0.48451724037421773,True
2025-01-06 10:00:00,mid,46.25607328903853,5.195889693295449,4.912958154371244,-0.2829315389242044,0.2829315389242044,True
2025-01-06 10:00:00,mid,49.57542839804685,4.248295206779478,4.378940572201151,0.1306453654216737,0.1306453654216737,True
2025-01-06 10:00:00,mid,48.9109312394681,4.248295206779478,4.629341371213289,0.381046164433811,0.381046164433811,True
2025-01-06 11:00:00,mid,49.19128616092629,5.072650013222976,4.826961134062474,-0.24568887916050208,0.24568887916050208,True
2025-01-06 11:00:00,mid,49.74226597848235,4.317500184104766,4.49284477966983,0.17534459556506388,0.17534459556506388,True
2025-01-06 12:00:00,mid,50.58100696573107,4.474726602424255,4.435995653717504,-0.038730948706750645,0.038730948706750645,True
2025-01-06 12:00:00,mid,47.55168432402766,4.615009378618296,4.455120553098709,-0.15988882551958739,0.15988882551958739,True
2025-01-06 12:00:00,mid,46.707752663502845,4.615009378618296,4.452114135358158,-0.16289524326013805,0.16289524326013805,True
2025-01-07 08:00:00,mid,46.415420502155065,4.078290844807242,0.0,-4.078290844807242,4.078290844807242,False
2025-01-07 08:00:00,mid,44.85158255503298,4.078290844807242,0.0,-4.078290844807242,4.078290844807242,False
2025-01-07 08:00:00,mid,45.300264215174565,4.279534972764633,4.276029245322589,-0.0035057274420440265,0.0035057274420440265,True
2025-01-07 08:00:00,mid,45.35461822375742,4.279534972764633,4.290676107234278,0.011141134469644598,0.011141134469644598,True
2025-01-07 09:00:00,mid,46.91953903357263,4.212224277801337,0.0,-4.212224277801337,4.212224277801337,False
2025-01-07 09:00:00,mid,49.0047337719721,4.212224277801337,0.0,-4.212224277801337,4.212224277801337,False
2025-01-07 10:00:00,mid,50.60590130678368,4.0189251132353405,0.0,-4.0189251132353405,4.0189251132353405,False
2025-01-07 10:00:00,mid,50.07217708962339,5.39508583567585,4.986314740592319,-0.40877109508353104,0.40877109508353104,True
2025-01-07 10:00:00,mid,48.31932125306832,5.386162845289661,4.710371492299065,-0.6757913529905961,0.6757913529905961,True
2025-01-07 10:00:00,mid,48.55091570616688,5.365639967401439,4.938819762417605,-0.42682020498383366,0.42682020498383366,True
2025-01-07 10:00:00,mid,49.397975441818105,4.260388053798444,4.353552734581364,0.0931646807829205,0.0931646807829205,True
2025-01-07 11:00:00,mid,50.09485628777836,4.538907989563786,4.765656955989646,0.22674896642585995,0.22674896642585995,True
2025-01-07 11:00:00,mid,46.01174562851454,4.569868284275607,4.479147188225431,-0.09072109605017609,0.09072109605017609,True
2025-01-07 11:00:00,mid,45.51949315876612,4.569868284275607,4.759287190253565,0.1894189059779583,0.1894189059779583,True
2025-01-07 12:00:00,mid,50.96420661074568,4.251978664085321,0.0,-4.251978664085321,4.251978664085321,False
2025-01-07 12:00:00,mid,50.24207174382298,4.251978664085321,4.308778584299059,0.05679992021373792,0.05679992021373792,True
2025-01-07 13:00:00,mid,46.87589471737904,4.320039394908942,4.225243997912616,-0.094795396996326,0.094795396996326,True
2025-01-07 13:00:00,mid,48.287077164629146,4.320039394908942,4.2136067814679565,-0.10643261344098587,0.10643261344098587,True
2025-01-08 08:00:00,mid,45.20646307860638,4.191829924373653,4.2388267819940495,0.04699685762039607,0.04699685762039607,True
2025-01-08 08:00:00,mid,47.36798349341502,4.191829924373653,0.0,-4.191829924373653,4.191829924373653,False
2025-01-08 09:00:00,mid,48.37319728228991,4.041785879043481,0.0,-4.041785879043481,4.041785879043481,False
2025-01-08 10:00:00,mid,48.7275577746095,5.339818521658245,4.967552119919749,-0.37226640173849557,0.37226640173849557,True
2025-01-08 10:00:00,mid,48.94518481316631,5.340588024686298,4.845730242758461,-0.4948577819278368,0.4948577819278368,True
2025-01-08 10:00:00,mid,49.881315088324506,5.340972776200317,4.728135283862813,-0.612837492337504,0.612837492337504,True
2025-01-08 10:00:00,mid,46.36995791371212,5.341857704682571,4.527231136829284,-0.8146265678532867,0.8146265678532867,True
2025-01-08 10:00:00,mid,49.17734884118234,4.187334524583225,0.0,-4.187334524583225,4.187334524583225,False
2025-01-08 10:00:00,mid,46.2742538846456,4.480017589735006,4.60593040025732,0.12591281052231373,0.12591281052231373,True
2025-01-08 10:00:00,mid,45.081542397575696,4.480017589735006,4.887694665524557,0.40767707578955115,0.40767707578955115,True
2025-01-08 11:00:00,mid,49.18979955800101,4.518205136436876,4.701003676497121,0.18279854006024454,0.18279854006024454,True
2025-01-08 11:00:00,mid,48.42561865359646,4.518205136436876,4.552418111977051,0.034212975540174995,0.034212975540174995,True
2025-01-08 12:00:00,mid,49.8612372617835,4.071843644602573,0.0,-4.071843644602573,4.071843644602573,False
2025-01-08 12:00:00,mid,50.652975301435895,4.071843644602573,0.0,-4.071843644602573,4.071843644602573,False
2025-01-08 12:00:00,mid,46.52959190533282,4.746353349129617,4.524025582662317,-0.22232776646730024,0.22232776646730024,True
2025-01-08 12:00:00,mid,46.73802320352845,4.746353349129617,4.5244444710634415,-0.22190887806617532,0.22190887806617532,True
2025-01-09 09:00:00,mid,45.5367063884735,5.344106463215752,4.574366243420032,-0.7697402197957199,0.7697402197957199,True
2025-01-09 09:00:00,mid,44.59180541631461,4.440910628501527,4.489570223593516,0.048659595091988805,0.048659595091988805,True
2025-01-09 09:00:00,mid,44.7328884645888,4.440910628501527,4.465725370777573,0.024814742276046076,0.024814742276046076,True
2025-01-09 10:00:00,mid,49.3604136584165,5.345557397023477,4.626537762900661,-0.7190196341228159,0.7190196341228159,True
2025-01-09 10:00:00,mid,49.539912946620966,5.345281467114596,4.585483990805877,-0.7597974763087185,0.7597974763087185,True
2025-01-09 10:00:00,mid,49.40935767276935,5.3451435021601625,4.867408332614895,-0.4777351695452676,0.4777351695452676,True
2025-01-09 10:00:00,mid,49.1268234671084,5.344826182764958,4.883009348309063,-0.4618168344558953,0.4618168344558953,True
2025-01-09 10:00:00,mid,47.16454390788409,5.344702014306002,4.866245089419793,-0.47845692488620895,0.47845692488620895,True
2025-01-09 10:00:00,mid,49.722517500303205,4.313579204418218,4.570728390546933,0.2571491861287152,0.2571491861287152,True
2025-01-09 10:00:00,mid,46.96000708515055,4.313579204418218,4.538594197445034,0.22501499302681616,0.22501499302681616,True
2025-01-09 11:00:00,mid,48.94531326265087,4.533346966889578,4.548553840527606,0.015206873638027751,0.015206873638027751,True
2025-01-09 11:00:00,mid,48.09707149139852,4.557067474739164,4.615607555982322,0.05854008124315779,0.05854008124315779,True
2025-01-09 11:00:00,mid,48.127767956975134,4.533346966889578,4.536083649067791,0.0027366821782131012,0.0027366821782131012,True
2025-01-09 11:00:00,mid,46.48469786551913,4.557067474739164,4.511909597610116,-0.045157877129048174,0.045157877129048174,True
2025-01-17 11:00:00,late,50.40816649084931,4.29280867731794,4.328584058892248,0.035775381574307374,0.035775381574307374,True
2025-01-17 12:00:00,late,51.13001997055862,4.327768345449485,4.252055277433781,-0.07571306801570366,0.07571306801570366,True
2025-01-18 09:00:00,late,49.24974540432539,4.394239806580163,4.2995580430412295,-0.09468176353893387,0.09468176353893387,True
2025-01-18 09:00:00,late,46.93296483884415,4.673889464396272,4.436950135111041,-0.23693932928523065,0.23693932928523065,True
2025-01-18 12:00:00,late,50.37643153016788,4.346524998670247,4.265004748299414,-0.08152025037083366,0.08152025037083366,True
2025-01-18 12:00:00,late,49.71375715607783,4.132136812476368,4.279281081693529,0.1471442692171614,0.1471442692171614,True
2025-01-18 13:00:00,late,49.58727171970511,4.176892553059208,4.226581924159004,0.0496893710997961,0.0496893710997961,True
2025-01-18 14:00:00,late,51.4577296080696,4.045103200098971,4.121255363542812,0.07615216344384113,0.07615216344384113,True
2025-01-19 09:00:00,late,50.298103826925846,4.108968478298621,4.300324291273586,0.1913558129749653,0.1913558129749653,True
2025-01-19 09:00:00,late,49.60282724944455,4.299857653098044,4.385267956439173,0.08541030334112865,0.08541030334112865,True
2025-01-19 10:00:00,late,48.57247492286291,4.495673587528955,4.513311299276161,0.017637711747205742,0.017637711747205742,True
2025-01-19 10:00:00,late,47.56033708705874,4.285835168073412,4.470051278820276,0.18421611074686428,0.18421611074686428,True
2025-01-19 10:00:00,late,49.0655938743803,4.345945703677181,4.415593244303114,0.06964754062593315,0.06964754062593315,True
2025-01-19 11:00:00,late,51.87199353572608,4.052705264143306,0.0,-4.052705264143306,4.052705264143306,False
2025-01-19 12:00:00,late,52.21842096359428,4.559310668074637,4.333394039988134,-0.22591662808650348,0.22591662808650348,True
2025-01-19 12:00:00,late,51.46971191186124,4.45464487577005,4.340594037338895,-0.11405083843115538,0.11405083843115538,True
2025-01-19 12:00:00,late,50.25737121720745,4.223655957125647,4.288610071763179,0.06495411463753165,0.06495411463753165,True
2025-01-19 13:00:00,late,49.448518310297175,4.028976389393918,4.23997019723123,0.21099380783731192,0.21099380783731192,True
2025-01-19 14:00:00,late,49.288904322893536,4.131932726403363,4.11236584157789,-0.01956688482547353,0.01956688482547353,True
2025-01-20 08:00:00,late,48.07093802733257,4.046443637570476,0.0,-4.046443637570476,4.046443637570476,False
2025-01-20 08:00:00,late,47.576800364945726,4.453223567978736,4.258779128768437,-0.19444443921029908,0.19444443921029908,True
2025-01-20 09:00:00,late,50.043441631336215,4.135978727441859,0.0,-4.135978727441859,4.135978727441859,False
2025-01-20 09:00:00,late,50.8399904622729,4.053038911874076,0.0,-4.053038911874076,4.053038911874076,False
2025-01-20 09:00:00,late,49.28427168577588,4.796480708751407,4.398040623333809,-0.39844008541759734,0.39844008541759734,True
2025-01-20 10:00:00,late,51.9380961184518,4.168920568030078,0.0,-4.168920568030078,4.168920568030078,False
2025-01-20 10:00:00,late,49.90466545839698,4.019672290212817,4.357518928748245,0.33784663853542796,0.33784663853542796,True
2025-01-20 10:00:00,late,49.83128024173963,4.045172290212818,4.384464544110706,0.339292253897888,0.339292253897888,True
2025-01-20 11:00:00,late,53.7384753560608,4.500451105928285,4.395467195352726,-0.10498391057555878,0.10498391057555878,True
2025-01-20 12:00:00,late,51.73905526676538,4.513396838387315,4.339639601945975,-0.17375723644134045,0.17375723644134045,True
2025-01-20 12:00:00,late,51.33475452234385,4.3924367697745765,4.369022708290786,-0.023414061483790327,0.023414061483790327,True
2025-01-20 12:00:00,late,50.91975636411806,4.256814874663309,4.356396932671513,0.09958205800820341,0.09958205800820341,True
2025-01-20 13:00:00,late,50.14053045354663,4.100935039427711,4.27061791849417,0.1696828790664595,0.1696828790664595,True
2025-01-20 13:00:00,late,48.66206738908917,4.209055779394781,4.278898199979512,0.069842420584731,0.069842420584731,True
2025-01-20 14:00:00,late,51.284379289654666,4.010711692442435,0.0,-4.010711692442435,4.010711692442435,False
2025-01-21 08:00:00,late,45.918869673591296,4.405437596237071,4.362044396911521,-0.043393199325550746,0.043393199325550746,True
2025-01-21 09:00:00,late,50.28865028884896,4.574732079380112,4.445583771913845,-0.12914830746626738,0.12914830746626738,True
2025-01-21 09:00:00,late,49.818179301540944,4.531839296556676,4.450274860948938,-0.08156443560773763,0.08156443560773763,True
2025-01-21 09:00:00,late,48.35199757934799,4.4958081115861575,4.471485645216258,-0.024322466369899765,0.024322466369899765,True
2025-01-21 10:00:00,late,51.77712574852652,4.576615601822738,4.5345208683281495,-0.042094733494588255,0.042094733494588255,True
2025-01-21 10:00:00,late,51.18135142420274,4.505274765008011,4.535266618974677,0.02999185396666615,0.02999185396666615,True
2025-01-21 10:00:00,late,49.71794006346034,4.506774765008011,4.560056468277232,0.05328170326922166,0.05328170326922166,True
2025-01-21 11:00:00,late,51.37163437885253,4.759537179830069,4.493059496757081,-0.2664776830729876,0.2664776830729876,True
2025-01-21 12:00:00,late,54.38383104899314,4.769310270342153,4.416238987503854,-0.35307128283829936,0.35307128283829936,True
2025-01-21 12:00:00,late,52.804178197827255,4.70675510407132,4.4897303459075,-0.21702475816382005,0.21702475816382005,True
2025-01-21 12:00:00,late,49.01234617717617,4.636617493404046,4.482370798728693,-0.15424669467535246,0.15424669467535246,True
2025-01-21 12:00:00,late,52.70375411629773,4.155596890184008,4.320948010867957,0.16535112068394842,0.16535112068394842,True
2025-01-21 12:00:00,late,50.10593403093845,4.062101209983137,4.464713286744405,0.402612076761268,0.402612076761268,True
2025-01-21 13:00:00,late,51.46234933719374,4.407335775085727,4.291349117005059,-0.11598665808066766,0.11598665808066766,True
2025-01-22 08:00:00,late,45.96391913059147,4.607269210078478,4.427706811554907,-0.17956239852357037,0.17956239852357037,True
2025-01-22 09:00:00,late,50.09995381022307,4.667300539007222,4.492732111004952,-0.1745684280022699,0.1745684280022699,True
2025-01-22 09:00:00,late,48.89698555287388,4.652090883579977,4.519947282151064,-0.13214360142891302,0.13214360142891302,True
2025-01-22 09:00:00,late,49.110642461112015,4.638782435081112,4.558602688605103,-0.08017974647600923,0.08017974647600923,True
2025-01-22 10:00:00,late,52.896775055666936,4.667702482752485,4.610139309138787,-0.05756317361369856,0.05756317361369856,True
2025-01-22 10:00:00,late,49.37224291241327,4.642671178332474,4.664181655223043,0.021510476890568953,0.021510476890568953,True
2025-01-22 10:00:00,late,48.52412787368882,4.642671178332474,4.638236992938774,-0.0044341853937002185,0.0044341853937002185,True
2025-01-22 11:00:00,late,52.221378386819126,4.730837278940527,4.5951134417922175,-0.13572383714830938,0.13572383714830938,True
2025-01-22 12:00:00,late,50.82339822504977,4.684989761020994,4.508129905638417,-0.17685985538257665,0.17685985538257665,True
2025-01-22 12:00:00,late,52.35212114059325,4.732042231904593,4.396233916867121,-0.33580831503747177,0.33580831503747177,True
2025-01-22 12:00:00,late,53.07785299839532,4.709860352773752,4.419170030954585,-0.29069032181916743,0.29069032181916743,True
2025-01-22 12:00:00,late,51.46172576559877,4.679612335777154,4.437583641800972,-0.24202869397618176,0.24202869397618176,True
2025-01-22 12:00:00,late,48.63818708135123,4.659446991112745,4.497183414826202,-0.1622635762865423,0.1622635762865423,True
2025-01-22 12:00:00,late,50.24116589601424,4.18911088536392,4.307559556866407,0.11844867150248639,0.11844867150248639,True
2025-01-22 15:00:00,late,49.6099208287628,4.068287580780957,4.079050493892924,0.010762913111967087,0.010762913111967087,True
2025-01-23 09:00:00,late,51.134069840355686,4.622600419073606,4.517865382591069,-0.10473503648253768,0.10473503648253768,True
2025-01-23 09:00:00,late,51.64274332525145,4.63074653859994,4.539290109080831,-0.09145642951910915,0.09145642951910915,True
2025-01-23 09:00:00,late,50.22281684659556,4.637874393185488,4.563987218683872,-0.07388717450161586,0.07388717450161586,True
2025-01-23 10:00:00,late,50.12647713786384,4.622385142546985,4.628688296239713,0.006303153692727825,0.006303153692727825,True
2025-01-23 10:00:00,late,50.09444149088245,4.635791626256005,4.599170827384819,-0.0366207988711853,0.0366207988711853,True
2025-01-23 10:00:00,late,51.76104658371971,4.635791626256005,4.538984829869657,-0.09680679638634793,0.09680679638634793,True
2025-01-23 11:00:00,late,51.95714836279273,4.588570859345239,4.589616478156413,0.0010456188111733766,0.0010456188111733766,True
2025-01-23 12:00:00,late,53.47380228281703,4.587925500157738,4.42542662454958,-0.1624988756081578,0.1624988756081578,True
2025-01-23 12:00:00,late,52.29229624283382,4.599805863890012,4.459565301996122,-0.14024056189389,0.14024056189389,True
2025-01-23 12:00:00,late,51.99098734500817,4.6131262717110495,4.462646633080544,-0.15047963863050562,0.15047963863050562,True
2025-01-23 12:00:00,late,49.61135729056145,4.616006359888569,4.404311792605791,-0.21169456728277858,0.21169456728277858,True
2025-01-23 12:00:00,late,48.74011809672295,4.626806690554279,4.447781243866545,-0.17902544668773412,0.17902544668773412,True
2025-01-23 12:00:00,late,50.6833505904989,4.616006359888569,4.490101543605046,-0.1259048162835228,0.1259048162835228,True
2025-01-23 13:00:00,late,50.44012176792506,4.072666318773678,4.267481109171663,0.19481479039798533,0.19481479039798533,True
2025-01-24 08:00:00,initial,50.79348705536491,4.101337013251541,4.152977338718425,0.051640325466883574,0.051640325466883574,True
2025-01-24 08:00:00,initial,49.675119530797694,4.215142506014264,4.215639768132144,0.0004972621178795933,0.0004972621178795933,True
2025-01-24 09:00:00,initial,51.17275414052813,5.183598814736982,4.451838393267762,-0.7317604214692199,0.7317604214692199,True
2025-01-24 09:00:00,initial,50.90931833857152,4.113489043080566,4.332700093982683,0.2192110509021168,0.2192110509021168,True
2025-01-24 09:00:00,initial,51.87874109796377,4.116489043080566,4.416127464421607,0.299638421341041,0.299638421341041,True
2025-01-24 10:00:00,initial,51.20438269195805,4.847367216713842,4.524826628397116,-0.32254058831672605,0.32254058831672605,True
2025-01-24 11:00:00,initial,52.67078081511038,4.7762128344362935,4.418432942114428,-0.35777989232186513,0.35777989232186513,True
2025-01-24 12:00:00,initial,54.7801029980816,4.532401740401653,4.299370129928552,-0.23303161047310095,0.23303161047310095,True
2025-01-24 12:00:00,initial,52.94674939407437,4.552132305053476,4.267730157116515,-0.2844021479369614,0.2844021479369614,True
2025-01-24 12:00:00,initial,52.28096635494305,4.498496877541861,4.279118367950671,-0.21937850959118954,0.21937850959118954,True
2025-01-24 12:00:00,initial,51.50271853328789,4.451764893215028,4.27980728465702,-0.17195760855800835,0.17195760855800835,True
2025-01-24 12:00:00,initial,49.54826490751624,4.47514495198941,4.322941880146398,-0.15220307184301252,0.15220307184301252,True
2025-01-24 12:00:00,initial,52.42028249886408,4.467514893215029,4.288752612095072,-0.1787622811199565,0.1787622811199565,True
2025-01-24 13:00:00,initial,51.14508049541584,4.342018131869725,4.211273811787066,-0.13074432008265902,0.13074432008265902,True
2025-01-25 09:00:00,initial,51.00332549587706,4.756908938402411,4.591673696919122,-0.16523524148328939,0.16523524148328939,True
2025-01-25 09:00:00,initial,49.612098127450935,4.577249437568288,4.585755247707316,0.008505810139027403,0.008505810139027403,True
2025-01-25 10:00:00,initial,53.6673810714947,4.946444162363044,4.656724127347878,-0.28972003501516674,0.28972003501516674,True
2025-01-25 10:00:00,initial,50.69386964559872,4.409286232344126,4.660656386534767,0.25137015419064124,0.25137015419064124,True
2025-01-25 10:00:00,initial,50.22040911036655,4.441536232344127,4.608847407878842,0.16731117553471453,0.16731117553471453,True
2025-01-25 11:00:00,initial,53.58025063161355,4.636520912517032,4.573422414464153,-0.06309849805287904,0.06309849805287904,True
2025-01-25 12:00:00,initial,54.722724901657934,4.681709998823202,4.402264676655948,-0.2794453221672537,0.2794453221672537,True
2025-01-25 13:00:00,initial,54.104553371734674,4.332242211299551,4.209704209073291,-0.12253800222626055,0.12253800222626055,True
2025-01-25 13:00:00,initial,53.170081585136415,4.315710172614352,4.227109082586131,-0.08860109002822103,0.08860109002822103,True
2025-01-25 13:00:00,initial,52.64646332016281,4.297174250452127,4.261212559355164,-0.035961691096962234,0.035961691096962234,True
2025-01-25 13:00:00,initial,52.35509995443438,4.2931664834981405,4.250023856296761,-0.04314262720137929,0.04314262720137929,True
2025-01-25 13:00:00,initial,53.401829324515866,4.314166483498141,4.219426474595434,-0.09474000890270684,0.09474000890270684,True
2025-01-25 13:00:00,initial,49.72730002419855,4.309637357420648,4.305559171298492,-0.004078186122155714,0.004078186122155714,True
2025-01-25 14:00:00,initial,50.23420185472411,4.167426243358548,4.146156714721683,-0.021269528636865154,0.021269528636865154,True
2025-01-26 11:00:00,initial,50.82324466822425,4.562229465639046,4.398991440199684,-0.1632380254393615,0.1632380254393615,True
2025-01-26 11:00:00,initial,51.76307816246095,4.4981164816234696,0.0,-4.4981164816234696,4.4981164816234696,False
2025-01-26 12:00:00,initial,53.920107267700566,4.275804962053648,0.0,-4.275804962053648,4.275804962053648,False
2025-01-26 12:00:00,initial,52.918162190459896,4.138568112567306,0.0,-4.138568112567306,4.138568112567306,False
2025-01-26 13:00:00,initial,50.71618019446788,4.418623828303311,4.264122093256057,-0.15450173504725395,0.15450173504725395,True
2025-01-27 09:00:00,initial,50.386944037216416,4.93126148673921,4.49624953731201,-0.43501194942720023,0.43501194942720023,True
2025-01-27 09:00:00,initial,51.332050105787005,4.12910310803565,4.394075691585988,0.26497258355033804,0.26497258355033804,True
2025-01-27 09:00:00,initial,51.35376790072157,4.013758733774775,4.455129409336408,0.44137067556163245,0.44137067556163245,True
2025-01-27 09:00:00,initial,49.08369350947005,4.461615076267989,4.57864478030816,0.11702970404017066,0.11702970404017066,True
2025-01-27 10:00:00,initial,54.398970245336976,4.7955025517258605,4.610862492649852,-0.1846400590760089,0.1846400590760089,True
2025-01-27 10:00:00,initial,52.82138428403152,4.548697885505838,4.726197754542282,0.17749986903644377,0.17749986903644377,True
2025-01-27 10:00:00,initial,52.00890949355368,4.657152352412076,4.747149791987767,0.08999743957569084,0.08999743957569084,True
2025-01-27 10:00:00,initial,50.5607097771556,4.778752815306969,4.715538242471235,-0.06321457283573473,0.06321457283573473,True
2025-01-27 10:00:00,initial,50.81135454890823,4.805044807284244,4.600355790650394,-0.20468901663385086,0.20468901663385086,True
2025-01-27 12:00:00,initial,55.24010086023261,4.026442962104042,0.0,-4.026442962104042,4.026442962104042,False
2025-01-27 12:00:00,initial,52.39157737735698,4.615946967151107,4.4753064788758286,-0.1406404882752783,0.1406404882752783,True
2025-01-27 12:00:00,initial,51.38703064573776,4.566529007026244,4.377142627979293,-0.189386379046951,0.189386379046951,True
2025-01-27 13:00:00,initial,50.400975654891845,4.384726610705602,4.310611178003629,-0.07411543270197285,0.07411543270197285,True
2025-01-27 14:00:00,initial,51.16032665437121,4.207218069152457,4.148052483390966,-0.059165585761491,0.059165585761491,True
2025-01-28 10:00:00,initial,51.73046108033312,4.642889881012952,4.467127484267894,-0.1757623967450579,0.1757623967450579,True
2025-01-28 10:00:00,initial,52.44339773210675,4.501930496091806,4.590802657960317,0.08887216186851177,0.08887216186851177,True
2025-01-28 10:00:00,initial,50.90469681594372,4.32243395729051,4.607867779092399,0.28543382180188903,0.28543382180188903,True
2025-01-28 10:00:00,initial,49.899908665497655,4.368183957290508,4.590200115760542,0.22201615847003353,0.22201615847003353,True
2025-01-28 11:00:00,initial,53.57617903758166,4.67556810469577,4.430180217656817,-0.24538788703895342,0.24538788703895342,True
2025-01-28 11:00:00,initial,55.64940277267334,4.610188609886414,0.0,-4.610188609886414,4.610188609886414,False
2025-01-28 11:00:00,initial,51.91433027810806,4.502312443450975,4.399101342410823,-0.10321110104015219,0.10321110104015219,True
2025-01-28 11:00:00,initial,51.77491737559924,4.381360378053664,4.473618202517691,0.09225782446402686,0.09225782446402686,True
2025-01-28 11:00:00,initial,50.71925121134401,4.355208580129919,4.454973927083185,0.09976534695326578,0.09976534695326578,True
2025-01-28 13:00:00,initial,52.501152208459246,4.011802404675713,4.222901083630931,0.21109867895521806,0.21109867895521806,True
2025-01-28 13:00:00,initial,52.2075923297302,4.0921325357716825,4.238189192263718,0.14605665649203559,0.14605665649203559,True
2025-01-28 15:00:00,initial,49.88053071288329,4.035240916363197,0.0,-4.035240916363197,4.035240916363197,False
2025-01-29 08:00:00,initial,48.648436166804686,4.051707077387981,4.211960803166392,0.16025372577841157,0.16025372577841157,True
2025-01-29 09:00:00,initial,52.05756391036747,4.606355892264212,0.0,-4.606355892264212,4.606355892264212,False
2025-01-29 11:00:00,initial,52.31942781385537,4.59325885894437,4.5687567880048485,-0.024502070939521836,0.024502070939521836,True
2025-01-29 11:00:00,initial,52.1147133665595,4.526800064826631,4.563426225740108,0.03662616091347726,0.03662616091347726,True
2025-01-29 11:00:00,initial,49.8999418777742,4.444706960251338,4.526487410634781,0.08178045038344273,0.08178045038344273,True
2025-01-29 11:00:00,initial,50.838478385852696,4.461206960251339,4.536050179819633,0.07484321956829465,0.07484321956829465,True
2025-01-29 12:00:00,initial,53.86410488390013,4.387914813547063,0.0,-4.387914813547063,4.387914813547063,False
2025-01-29 12:00:00,initial,53.20936936765237,4.382703716805011,4.394082793679856,0.011379076874844962,0.011379076874844962,True
2025-01-29 12:00:00,initial,54.37180513676569,4.374105407180622,4.392653265185761,0.018547858005138806,0.018547858005138806,True
2025-01-29 12:00:00,initial,52.1786272668919,4.3644648782078335,4.428052352630669,0.0635874744228353,0.0635874744228353,True
2025-01-29 12:00:00,initial,52.72225252425201,4.362380439511014,4.415300276960442,0.052919837449428186,0.052919837449428186,True
2025-01-30 08:00:00,initial,50.13441927072412,4.176758542610731,4.281092665019939,0.10433412240920781,0.10433412240920781,True
2025-01-30 08:00:00,initial,49.869430724679,4.165136310683565,4.202999910362865,0.03786359967930064,0.03786359967930064,True
2025-01-30 09:00:00,initial,51.25106185817561,4.842738850600412,4.523385698475375,-0.31935315212503745,0.31935315212503745,True
2025-01-30 09:00:00,initial,48.875456342552745,4.595227789723143,4.660000178779235,0.06477238905609184,0.06477238905609184,True
2025-01-30 10:00:00,initial,52.85018394571453,5.153856041143577,4.612006858800843,-0.5418491823427338,0.5418491823427338,True
2025-01-30 11:00:00,initial,54.75341998732745,4.010566679297103,0.0,-4.010566679297103,4.010566679297103,False
2025-01-30 12:00:00,initial,54.19821553322128,4.128274220552711,4.377105543915083,0.24883132336237157,0.24883132336237157,True
2025-01-30 12:00:00,initial,55.53485045792507,4.102557004137211,0.0,-4.102557004137211,4.102557004137211,False
2025-01-30 12:00:00,initial,53.54055094597855,4.060123597051636,0.0,-4.060123597051636,4.060123597051636,False
2025-01-30 12:00:00,initial,51.64912373785581,4.012546746682983,4.3408846451646665,0.32833789848168315,0.32833789848168315,True
2025-01-30 12:00:00,initial,51.92658564700049,4.59356001808786,4.394810024127257,-0.198749993960603,0.198749993960603,True
2025-01-30 12:00:00,initial,50.59325109928157,4.5165209511964335,4.353622412346368,-0.16289853885006522,0.16289853885006522,True
2025-01-30 12:00:00,initial,50.50363748093717,4.527770951196434,4.421959857466484,-0.10581109372995012,0.10581109372995012,True
2025-01-30 12:00:00,initial,53.68009232346591,4.0022598601167765,0.0,-4.0022598601167765,4.0022598601167765,False
2025-01-31 08:00:00,initial,50.91425576852922,4.001139856373769,4.1114498074732335,0.11030995109946495,0.11030995109946495,True
2025-01-31 09:00:00,initial,50.0950399139205,4.899889694888991,4.618779823437255,-0.2811098714517355,0.2811098714517355,True
2025-01-31 10:00:00,initial,51.21547183504155,4.959165359894705,4.8228588885615125,-0.1363064713331923,0.1363064713331923,True
2025-01-31 10:00:00,initial,50.33606262991373,4.7201079981699365,4.78326468126157,0.06315668309163325,0.06315668309163325,True
2025-01-31 11:00:00,initial,54.094108888121646,4.859415001279331,4.696240051260139,-0.1631749500191919,0.1631749500191919,True
2025-01-31 12:00:00,initial,52.67241424354381,4.541569715498834,4.484128513118499,-0.057441202380335454,0.057441202380335454,True
2025-01-31 13:00:00,initial,53.5980595801508,4.185687493158795,0.0,-4.185687493158795,4.185687493158795,False
2025-01-31 13:00:00,initial,53.806917111307385,4.24947049628296,4.239709340537632,-0.009761155745327876,0.009761155745327876,True
2025-01-31 13:00:00,initial,53.28189260600017,4.320984772513107,4.247230810344963,-0.07375396216814423,0.07375396216814423,True
2025-01-31 13:00:00,initial,54.6031811788344,4.147031127628999,0.0,-4.147031127628999,4.147031127628999,False
2025-01-31 13:00:00,initial,51.77919289072523,4.336447318725028,4.286968148224261,-0.04947917050076711,0.04947917050076711,True
2025-01-31 13:00:00,initial,50.1516838285872,4.4000568670197175,4.316697592673723,-0.08335927434599455,0.08335927434599455,True
2025-01-31 13:00:00,initial,50.377895769173314,4.396306867019717,4.330100029387814,-0.0662068376319036,0.0662068376319036,True
2025-01-31 13:00:00,initial,51.6116710289052,4.3401973187250285,4.309125429773908,-0.031071888951120563,0.031071888951120563,True
2025-02-01 09:00:00,initial,51.398908033294056,4.032718209213471,4.437352398205014,0.404634188991543,0.404634188991543,True
2025-02-01 09:00:00,initial,49.083856774552366,4.7640323695610896,4.617407220458737,-0.14662514910235291,0.14662514910235291,True
2025-02-01 10:00:00,initial,52.65209986789252,4.078610408544417,4.284574135838184,0.2059637272937671,0.2059637272937671,True
2025-02-01 10:00:00,initial,52.34803811366972,4.03794266413027,4.376472422826043,0.3385297586957732,0.3385297586957732,True
2025-02-01 11:00:00,initial,53.87393416399881,4.130223556622688,0.0,-4.130223556622688,4.130223556622688,False
2025-02-01 12:00:00,initial,53.07812540168812,4.1119550207486455,4.251421915586372,0.13946689483772623,0.13946689483772623,True
2025-02-01 13:00:00,initial,53.19882460182352,4.167351987608541,0.0,-4.167351987608541,4.167351987608541,False
2025-02-01 13:00:00,initial,54.886213112385065,4.138566484256188,4.135752526574556,-0.0028139576816323952,0.0028139576816323952,True
2025-02-01 13:00:00,initial,52.79671798690029,4.106291828982322,4.1325528841234265,0.026261055141104883,0.026261055141104883,True
2025-02-01 13:00:00,initial,54.00916708337158,4.184797747216024,0.0,-4.184797747216024,4.184797747216024,False
2025-02-01 13:00:00,initial,52.37077956253093,4.09931352513933,0.0,-4.09931352513933,4.09931352513933,False
2025-02-01 13:00:00,initial,53.2135983473957,4.073144885728105,4.138038183469916,0.06489329774181041,0.06489329774181041,True
2025-02-01 13:00:00,initial,51.87350065435471,4.073144885728105,4.232778331119833,0.1596334453917274,0.1596334453917274,True
2025-02-01 13:00:00,initial,53.52278674048903,4.09931352513933,4.14049144521276,0.04117792007343013,0.04117792007343013,True
2025-02-02 09:00:00,initial,51.83313567371913,4.047992232360393,4.23019318751465,0.18220095515425694,0.18220095515425694,True
2025-02-02 09:00:00,initial,49.83700390901748,4.051589109116982,4.367353494308704,0.3157643851917218,0.3157643851917218,True
2025-02-02 10:00:00,initial,53.59518717010585,4.030471330358161,4.449357147150612,0.41888581679245096,0.41888581679245096,True
2025-02-02 10:00:00,initial,51.04987258578763,4.040016052470467,4.252287622275303,0.21227156980483652,0.21227156980483652,True
2025-02-02 11:00:00,initial,54.3476302441438,4.012357721333473,0.0,-4.012357721333473,4.012357721333473,False
2025-02-02 12:00:00,initial,53.74634014657143,4.0121453478253954,0.0,-4.0121453478253954,4.0121453478253954,False
2025-02-02 13:00:00,initial,51.36568132994109,4.012254088898899,4.263813104255498,0.25155901535659897,0.25155901535659897,True
2025-02-02 13:00:00,initial,52.23745132865378,4.007754088898899,4.204979851152173,0.19722576225327426,0.19722576225327426,True
2025-02-02 13:00:00,initial,51.94095751043218,4.003862307621496,0.0,-4.003862307621496,4.003862307621496,False
2025-02-02 14:00:00,initial,52.88342892267746,4.036800029891317,0.0,-4.036800029891317,4.036800029891317,False
2025-02-02 14:00:00,initial,52.39877288770516,4.167383940083546,0.0,-4.167383940083546,4.167383940083546,False
2025-02-02 14:00:00,initial,51.23158693167893,4.195618299044028,0.0,-4.195618299044028,4.195618299044028,False
2025-02-03 11:00:00,initial,53.11204944608312,4.750329513225168,4.382000394376018,-0.3683291188491502,0.3683291188491502,True
2025-02-03 11:00:00,initial,51.45405774872722,4.786366698824885,0.0,-4.786366698824885,4.786366698824885,False
2025-02-03 12:00:00,initial,52.33377300093451,4.327391358966604,4.295717188204711,-0.03167417076189327,0.03167417076189327,True
2025-02-03 12:00:00,initial,52.70632767768733,4.521639405687914,4.31103584491692,-0.21060356077099396,0.21060356077099396,True
2025-02-03 14:00:00,initial,52.06339589939334,4.0423093980229865,4.112118900574077,0.06980950255109075,0.06980950255109075,True
2025-02-04 09:00:00,initial,50.76198348716548,4.981575056514743,4.504970260434139,-0.47660479608060413,0.47660479608060413,True
2025-02-04 10:00:00,initial,51.9360976344121,4.628885022931602,4.612069613182404,-0.016815409749197485,0.016815409749197485,True
2025-02-04 10:00:00,initial,52.53005317436914,5.01595786138661,4.53280279283755,-0.48315506854906065,0.48315506854906065,True
2025-02-04 10:00:00,initial,50.60750329933677,4.3045415233594255,4.561436824512686,0.25689530115326065,0.25689530115326065,True
2025-02-04 10:00:00,initial,53.23021329650902,4.325514604575737,4.515411165699817,0.1898965611240797,0.1898965611240797,True
2025-02-04 10:00:00,initial,49.06321286453052,4.5407915233594345,4.599391975392469,0.05860045203303432,0.05860045203303432,True
2025-02-04 11:00:00,initial,54.701986592585605,4.064468705752873,0.0,-4.064468705752873,4.064468705752873,False
2025-02-04 11:00:00,initial,54.29655932815091,4.030603803840016,4.380661051181461,0.3500572473414447,0.3500572473414447,True
2025-02-04 11:00:00,initial,52.19541180327304,4.783754740856914,4.464196791981188,-0.3195579488757261,0.3195579488757261,True
2025-02-04 11:00:00,initial,50.73075081322374,4.657189555485452,4.45184640807153,-0.205343147413922,0.205343147413922,True
2025-02-04 11:00:00,initial,50.14120110531909,4.629824109999717,4.454960338698871,-0.17486377130084563,0.17486377130084563,True
2025-02-04 13:00:00,initial,51.99260747959891,4.382146485775927,4.208489834536967,-0.1736566512389599,0.1736566512389599,True
2025-02-04 13:00:00,initial,52.07953285198641,4.367371189595264,4.198365578909714,-0.16900561068555042,0.16900561068555042,True
2025-02-04 15:00:00,initial,51.643981127978265,4.007020520292297,0.0,-4.007020520292297,4.007020520292297,False
2025-02-05 10:00:00,initial,52.29426688060087,4.542941224282295,4.496533452690381,-0.046407771591914226,0.046407771591914226,True
2025-02-05 11:00:00,initial,53.724884733995125,4.456388960907525,0.0,-4.456388960907525,4.456388960907525,False
2025-02-05 11:00:00,initial,53.34654629648502,4.3784489122571735,0.0,-4.3784489122571735,4.3784489122571735,False
2025-02-05 11:00:00,initial,52.636865063104494,4.309342050950821,4.425645317027217,0.11630326607639585,0.11630326607639585,True
2025-02-05 11:00:00,initial,52.30551716976518,4.205556649499314,4.457373201076117,0.2518165515768027,0.2518165515768027,True
2025-02-05 11:00:00,initial,49.4887203407866,4.2595566494993164,4.461857413642985,0.2023007641436685,0.2023007641436685,True
2025-02-05 12:00:00,initial,53.780546291404896,4.13974288993353,0.0,-4.13974288993353,4.13974288993353,False
2025-02-05 12:00:00,initial,54.19432451533738,4.133042803646838,4.401584613698548,0.2685418100517101,0.2685418100517101,True
2025-02-05 12:00:00,initial,54.403160494090805,4.121987661273792,0.0,-4.121987661273792,4.121987661273792,False
2025-02-05 12:00:00,initial,53.8287070298248,4.109592501643377,0.0,-4.109592501643377,4.109592501643377,False
2025-02-05 12:00:00,initial,52.37224387330554,4.106912467128698,4.368395396906795,0.2614829297780972,0.2614829297780972,True
2025-02-06 09:00:00,initial,49.78217418475748,4.142878629119437,4.1977194413186405,0.05484081219920345,0.05484081219920345,True
2025-02-06 10:00:00,initial,51.21928386155282,4.469515543738439,4.277826893076815,-0.19168865066162333,0.19168865066162333,True
2025-02-06 10:00:00,initial,51.33887447988599,4.176795212663787,4.2261055749709335,0.04931036230714625,0.04931036230714625,True
2025-02-07 09:00:00,initial,50.64630609853514,4.407295966184041,4.318839647058828,-0.08845631912521235,0.08845631912521235,True
2025-02-07 09:00:00,initial,50.370631230574666,4.445657080492598,4.390798309667944,-0.05485877082465418,0.05485877082465418,True
2025-02-07 09:00:00,initial,50.19868580081192,4.249907080492601,4.332089729555073,0.08218264906247175,0.08218264906247175,True
2025-02-07 09:00:00,initial,51.226815802866994,4.0389014338704925,0.0,-4.0389014338704925,4.0389014338704925,False
2025-02-07 10:00:00,initial,54.17938517501916,4.309839998204744,0.0,-4.309839998204744,4.309839998204744,False
2025-02-07 10:00:00,initial,51.25184166185714,4.635530329115806,4.362165521628781,-0.27336480748702474,0.27336480748702474,True
2025-02-07 11:00:00,initial,53.62199343103127,4.261682085557702,4.272077733186553,0.010395647628850924,0.010395647628850924,True
2025-02-07 11:00:00,initial,52.946550812649576,4.334827563517507,4.342284009820801,0.0074564463032942285,0.0074564463032942285,True
2025-02-07 11:00:00,initial,53.16045236067512,4.455517602151176,4.333562436272765,-0.12195516587841126,0.12195516587841126,True
2025-02-07 11:00:00,initial,50.91297122068956,4.590836736376804,4.318562776216794,-0.2722739601600104,0.2722739601600104,True
2025-02-07 11:00:00,initial,51.86843196944571,4.620094927560729,4.359831960904726,-0.26026296665600235,0.26026296665600235,True
2025-02-07 12:00:00,initial,52.40526003116817,4.036012750722112,4.270286295835353,0.23427354511324072,0.23427354511324072,True
2025-02-07 12:00:00,initial,51.28316944314992,4.417900727514208,4.272065958049508,-0.14583476946470064,0.14583476946470064,True
2025-02-07 14:00:00,initial,52.05265946929742,4.00405475066945,0.0,-4.00405475066945,4.00405475066945,False
2025-02-08 12:00:00,development,52.854731579474894,4.248632528169633,4.3304240332790345,0.08179150510940136,0.08179150510940136,True
2025-02-08 12:00:00,development,52.88933839408183,4.135127198176832,4.295224065714466,0.16009686753763397,0.16009686753763397,True
2025-02-08 13:00:00,development,48.86706414960487,4.307373536752412,4.2876079246976655,-0.019765612054746917,0.019765612054746917,True
2025-02-08 13:00:00,development,48.673010205214325,4.511373536752419,4.296395962644249,-0.2149775741081701,0.2149775741081701,True
2025-02-08 14:00:00,development,50.01217002179625,4.031910333619319,0.0,-4.031910333619319,4.031910333619319,False
2025-02-09 09:00:00,development,50.57891734747714,4.51611700631765,0.0,-4.51611700631765,4.51611700631765,False
2025-02-09 09:00:00,development,48.77204863126856,4.218495291955158,4.430258420148642,0.21176312819348464,0.21176312819348464,True
2025-02-09 09:00:00,development,50.15337541924899,4.119487135982546,4.423455041267989,0.30396790528544315,0.30396790528544315,True
2025-02-09 09:00:00,development,49.70371032319901,4.001766408782228,4.432816586249722,0.43105017746749485,0.43105017746749485,True
2025-02-09 09:00:00,development,48.04592225496713,4.463442347274143,4.48606404142324,0.022621694149096427,0.022621694149096427,True
2025-02-09 09:00:00,development,47.41303308851668,4.374985893107478,4.435135764807189,0.060149871699710644,0.060149871699710644,True
2025-02-09 10:00:00,development,49.931223874872686,4.890916675305462,4.4599391288268375,-0.4309775464786245,0.4309775464786245,True
2025-02-09 10:00:00,development,48.39139580172537,5.009229639417718,4.561192641887273,-0.448036997530445,0.448036997530445,True
2025-02-09 10:00:00,development,52.30413372532979,4.701030030388949,4.450287174252727,-0.25074285613622216,0.25074285613622216,True
2025-02-09 12:00:00,development,50.2484502008297,4.376930736465454,4.284213333802995,-0.09271740266245843,0.09271740266245843,True
2025-02-09 12:00:00,development,51.052475499187175,4.400560139804099,4.389515072438469,-0.011045067365630601,0.011045067365630601,True
2025-02-09 13:00:00,development,49.88730982067504,4.260424207088974,4.238732114425997,-0.02169209266297667,0.02169209266297667,True
2025-02-09 13:00:00,development,49.23008390831416,4.406107216559196,4.307316644512433,-0.098790572046763,0.098790572046763,True
2025-02-09 13:00:00,development,46.83278585201809,4.345357216559197,4.323655848281381,-0.021701368277816435,0.021701368277816435,True
2025-02-10 10:00:00,development,50.55288010702463,5.174925076339079,4.3549745662282255,-0.8199505101108535,0.8199505101108535,True
2025-02-10 10:00:00,development,49.14593990869332,4.78356093453727,4.588916401031057,-0.1946445335062137,0.1946445335062137,True
2025-02-10 10:00:00,development,48.98543521336827,4.739279048963695,4.356363695952173,-0.3829153530115219,0.3829153530115219,True
2025-02-10 10:00:00,development,48.01286011343874,4.709965277816529,4.417727094351398,-0.2922381834651313,0.2922381834651313,True
2025-02-10 10:00:00,development,46.97304349272329,4.82846527781653,4.527027501695466,-0.30143777612106426,0.30143777612106426,True
2025-02-10 10:00:00,development,47.993373424990935,4.961310934537263,4.40878948116787,-0.5525214533693932,0.5525214533693932,True
2025-02-10 11:00:00,development,51.10167926677485,4.891672983471338,4.506915821882522,-0.3847571615888157,0.3847571615888157,True
2025-02-10 11:00:00,development,51.11405871725433,4.829691165764906,4.504167802868423,-0.3255233628964831,0.3255233628964831,True
2025-02-10 11:00:00,development,49.55075046027496,4.727421166549291,4.516449266148297,-0.21097190040099445,0.21097190040099445,True
2025-02-10 13:00:00,development,50.50649445074237,4.186734324828329,4.258855474595407,0.07212114976707795,0.07212114976707795,True
2025-02-10 13:00:00,development,49.33214253083997,4.325759021830482,4.263371200797281,-0.06238782103320073,0.06238782103320073,True
2025-02-10 14:00:00,development,48.90900631632216,4.187521888952453,4.14896669130964,-0.0385551976428129,0.0385551976428129,True
2025-02-10 14:00:00,development,47.85828511621229,4.3007718889524575,4.154020108120704,-0.1467517808317531,0.1467517808317531,True
2025-02-11 09:00:00,development,48.06487336796337,5.081081689640669,4.538168768814991,-0.5429129208256782,0.5429129208256782,True
2025-02-11 10:00:00,development,50.55082676839808,4.544244097908482,4.531544084857392,-0.012700013051090586,0.012700013051090586,True
2025-02-11 10:00:00,development,49.94985935434737,4.48984492479039,4.594262701937597,0.10441777714720679,0.10441777714720679,True
2025-02-11 10:00:00,development,48.14221891248347,4.484991701707969,4.5455600475791424,0.060568345871173435,0.060568345871173435,True
2025-02-11 10:00:00,development,47.99911644486744,4.49328525554311,4.570799214207281,0.07751395866417088,0.07751395866417088,True
2025-02-11 10:00:00,development,48.32333848748785,4.529285255543112,4.601918352576006,0.07263309703289433,0.07263309703289433,True
2025-02-11 10:00:00,development,49.85283470702072,4.5438449247903705,4.517608669999696,-0.026236254790674707,0.026236254790674707,True
2025-02-11 11:00:00,development,51.89528865616125,4.611791501208892,4.546068221047642,-0.06572328016124995,0.06572328016124995,True
2025-02-11 11:00:00,development,52.97508823292218,4.598258833763445,4.429653314911182,-0.1686055188522637,0.1686055188522637,True
2025-02-11 11:00:00,development,50.34371427903678,4.575929932478445,4.591361355817028,0.015431423338583272,0.015431423338583272,True
2025-02-11 12:00:00,development,50.79180924219408,4.189583445470618,4.3571857377128165,0.1676022922421989,0.1676022922421989,True
2025-02-11 12:00:00,development,51.69905777223504,4.129087698202802,4.309464749987415,0.18037705178461216,0.18037705178461216,True
2025-02-11 13:00:00,development,49.26348255632893,4.253305128295558,4.333210802151854,0.07990567385629532,0.07990567385629532,True
2025-02-11 13:00:00,development,49.36937349134198,4.275805128295559,4.325161337781453,0.04935620948589392,0.04935620948589392,True
2025-02-12 09:00:00,development,47.60843886242927,4.761512294805712,4.503901077986259,-0.25761121681945287,0.25761121681945287,True
2025-02-12 10:00:00,development,51.51579606007006,4.760540212770252,4.6848355702331,-0.07570464253715148,0.07570464253715148,True
2025-02-12 10:00:00,development,49.59681248342484,4.7240307419558825,4.744856721678434,0.020825979722551402,0.020825979722551402,True
2025-02-12 10:00:00,development,49.3270846769525,4.720262812513962,4.674082119801351,-0.046180692712610494,0.046180692712610494,True
2025-02-12 10:00:00,development,48.389608795801536,4.7209769536300925,4.709758195258488,-0.011218758371604132,0.011218758371604132,True
2025-02-12 10:00:00,development,47.75051931405597,4.737476953630093,4.693335637964023,-0.044141315666069936,0.044141315666069936,True
2025-02-12 10:00:00,development,49.32869500272179,4.7487807419558585,4.740216803118536,-0.008563938837322205,0.008563938837322205,True
2025-02-12 11:00:00,development,51.57105206215126,4.752186414219523,4.5367303149110425,-0.2154560993084802,0.2154560993084802,True
2025-02-12 11:00:00,development,51.66087535371229,4.741679966189096,4.66111432806092,-0.08056563812817608,0.08056563812817608,True
2025-02-12 11:00:00,development,50.1361550026979,4.724344326938912,4.684282670747688,-0.040061656191223705,0.040061656191223705,True
2025-02-12 12:00:00,development,50.04669220060667,4.71044447335554,4.435498556451629,-0.2749459169039117,0.2749459169039117,True
2025-02-12 12:00:00,development,50.23947242468117,4.702865737660389,4.350875550077166,-0.35199018758322254,0.35199018758322254,True
2025-02-12 12:00:00,development,49.591646885188695,4.119945597935693,4.253336426601623,0.13339082866593,0.13339082866593,True
2025-02-12 12:00:00,development,51.02952375053167,4.143945597935694,4.315806213779863,0.17186061584416912,0.17186061584416912,True
2025-02-13 09:00:00,development,49.86689863219085,4.55887022665279,4.61121056523078,0.052340338577990586,0.052340338577990586,True
2025-02-13 10:00:00,development,49.8339695044457,4.569976549772441,4.666680564081093,0.09670401430865194,0.09670401430865194,True
2025-02-13 10:00:00,development,49.29460475737593,4.542657217098423,4.661779866603187,0.1191226495047637,0.1191226495047637,True
2025-02-13 10:00:00,development,48.55960457159009,4.541714639408546,4.657773559445924,0.11605892003737761,0.11605892003737761,True
2025-02-13 10:00:00,development,48.74827509783295,4.560079484028783,4.69877074167858,0.13869125764979717,0.13869125764979717,True
2025-02-13 10:00:00,development,48.403445175405984,4.600579484028785,4.688921674518627,0.08834219048984249,0.08834219048984249,True
2025-02-13 10:00:00,development,49.08328528265373,4.603407217098408,4.602720145610475,-0.0006870714879330109,0.0006870714879330109,True
2025-02-13 11:00:00,development,50.83766482974477,4.583174369955486,4.702903383027261,0.1197290130717743,0.1197290130717743,True
2025-02-13 11:00:00,development,52.11779755693416,4.580546097938736,4.534999415367,-0.045546682571735886,0.045546682571735886,True
2025-02-13 11:00:00,development,53.18501323313138,4.57620944911109,4.584727399483656,0.008517950372565863,0.008517950372565863,True
2025-02-13 12:00:00,development,50.31318519139676,4.62045417978285,4.43169258218276,-0.18876159760008981,0.18876159760008981,True
2025-02-13 12:00:00,development,48.409894928726885,4.645974921315069,4.438980347346236,-0.20699457396883325,0.20699457396883325,True
2025-02-13 12:00:00,development,47.49166062034433,4.611474921315068,4.4551846417825605,-0.15629027953250763,0.15629027953250763,True
2025-02-13 12:00:00,development,49.06390860945243,4.63280640243682,4.445608361978371,-0.18719804045844946,0.18719804045844946,True
2025-02-14 09:00:00,development,48.95247152703848,4.925023247302889,4.719432062310327,-0.2055911849925618,0.2055911849925618,True
2025-02-14 10:00:00,development,47.60634209452763,4.936915587814205,4.818064165323296,-0.11885142249090919,0.11885142249090919,True
2025-02-14 10:00:00,development,50.38409129346793,4.995129175098171,4.7446498595775966,-0.25047931552057445,0.25047931552057445,True
2025-02-14 10:00:00,development,47.562833101022576,4.948165587814188,4.848700475241202,-0.09946511257298596,0.09946511257298596,True
2025-02-14 10:00:00,development,47.52199785068115,4.918880152900595,4.70817680418139,-0.21070334871920515,0.21070334871920515,True
2025-02-14 10:00:00,development,47.66522614301986,4.926380152900595,4.836567764517814,-0.08981238838278127,0.08981238838278127,True
2025-02-14 10:00:00,development,49.02228250717777,4.929653776176345,4.90255028101791,-0.027103495158434576,0.027103495158434576,True
2025-02-14 11:00:00,development,52.4197253769065,5.038737064038472,4.647757181562396,-0.39097988247607596,0.39097988247607596,True
2025-02-14 11:00:00,development,51.44941525340178,5.005326632978864,4.784106358458336,-0.22122027452052784,0.22122027452052784,True
2025-02-14 11:00:00,development,52.05608128882282,4.213910696875782,4.788523814494188,0.5746131176184059,0.5746131176184059,True
2025-02-14 11:00:00,development,50.982476982987095,5.058985810135219,4.4014323446153085,-0.6575534655199107,0.6575534655199107,True
2025-02-14 11:00:00,development,51.21069821964564,4.229808916724078,4.335866832650411,0.10605791592633285,0.10605791592633285,True
2025-02-14 11:00:00,development,49.24133922322682,4.237557433264307,4.442696617972278,0.20513918470797154,0.20513918470797154,True
2025-02-14 11:00:00,development,49.191012323520425,4.243557433264307,4.457675902809774,0.21411846954546654,0.21411846954546654,True
2025-02-15 09:00:00,development,49.48852387197088,4.69109127487177,4.563248077384146,-0.12784319748762396,0.12784319748762396,True
2025-02-15 10:00:00,development,51.06015240732904,4.638163281946468,4.537215980707804,-0.1009473012386648,0.1009473012386648,True
2025-02-15 10:00:00,development,49.88954669711573,4.64736932190764,4.663384874867464,0.016015552959823154,0.016015552959823154,True
2025-02-15 10:00:00,development,48.93367587537828,4.651046793902459,4.671313250012178,0.020266456109718334,0.020266456109718334,True
2025-02-15 10:00:00,development,47.06773962610389,4.676776737892098,4.71746748648328,0.04069074859118249,0.04069074859118249,True
2025-02-15 10:00:00,development,48.2518023544998,4.713526737892099,4.580579288038157,-0.13294744985394225,0.13294744985394225,True
2025-02-15 10:00:00,development,48.63666899488289,4.702494321907633,4.529675909415939,-0.1728184124916936,0.1728184124916936,True
2025-02-15 11:00:00,development,51.20924416840831,4.588779818180825,4.668145720877013,0.07936590269618815,0.07936590269618815,True
2025-02-15 11:00:00,development,52.964420120869896,4.599034035780292,4.489033468852719,-0.11000056692757276,0.11000056692757276,True
2025-02-15 11:00:00,development,51.72366296535008,4.615953494819408,4.65867674550531,0.04272325068590188,0.04272325068590188,True
2025-02-15 11:00:00,development,50.19127753720747,4.638942892739163,4.654218016530909,0.015275123791746559,0.015275123791746559,True
2025-02-15 11:00:00,development,48.12242754176821,4.67577548441821,4.609133929173958,-0.06664155524425208,0.06664155524425208,True
2025-02-15 11:00:00,development,47.175760237233646,4.709531810817396,4.692394207775223,-0.0171376030421726,0.0171376030421726,True
2025-02-15 11:00:00,development,47.29377723623914,4.672781810817394,4.735124535443527,0.06234272462613255,0.06234272462613255,True
2025-02-16 09:00:00,development,48.523681676076514,4.723333549336253,4.646560946630235,-0.07677260270601849,0.07677260270601849,True
2025-02-16 10:00:00,development,51.804024311310606,4.5109907037558585,0.0,-4.5109907037558585,4.5109907037558585,False
2025-02-16 10:00:00,development,46.51586483527108,4.608631094066084,4.623015812234151,0.014384718168066968,0.014384718168066968,True
2025-02-16 10:00:00,development,48.13317133276224,4.622649812774107,4.634373377161266,0.011723564387159158,0.011723564387159158,True
2025-02-16 10:00:00,development,48.12464096877784,4.658187250190142,4.636219221962788,-0.021968028227353997,0.021968028227353997,True
2025-02-16 10:00:00,development,48.657807634241706,4.673187250190143,4.652715596187293,-0.020471654002849782,0.020471654002849782,True
2025-02-16 10:00:00,development,48.751973464622495,4.631131094066081,4.603170204761568,-0.027960889304512904,0.027960889304512904,True
2025-02-16 11:00:00,development,51.81548751650337,4.219534791729657,0.0,-4.219534791729657,4.219534791729657,False
2025-02-16 11:00:00,development,51.56761560681576,4.258624414247571,0.0,-4.258624414247571,4.258624414247571,False
2025-02-16 11:00:00,development,52.608699459918974,4.323122291402136,4.497292534527937,0.17417024312580143,0.17417024312580143,True
2025-02-16 11:00:00,development,51.19101567385695,4.35796262153519,4.474816694135219,0.11685407260002911,0.11685407260002911,True
2025-02-16 11:00:00,development,46.974848250995215,4.521458375844347,4.481403910124632,-0.04005446571971483,0.04005446571971483,True
2025-02-16 11:00:00,development,49.717209221296926,4.445573942067476,4.480340804958375,0.03476686289089859,0.03476686289089859,True
2025-02-16 11:00:00,development,47.18272297170109,4.486958375844349,4.505414540924707,0.018456165080357856,0.018456165080357856,True
2025-02-17 12:00:00,development,52.27724602088765,4.563747328108576,4.313131092484824,-0.25061623562375246,0.25061623562375246,True
2025-02-17 13:00:00,development,51.59160795120209,4.083568798062796,4.305034977724596,0.2214661796618005,0.2214661796618005,True
2025-02-17 14:00:00,development,51.28891651371975,4.284281587343397,4.101023653573519,-0.18325793376987765,0.18325793376987765,True
2025-02-18 08:00:00,development,46.94188528359855,4.07603871866619,4.114283904569966,0.03824518590377579,0.03824518590377579,True
2025-02-18 08:00:00,development,46.73289005970224,4.497805650524352,4.137310211150557,-0.36049543937379536,0.36049543937379536,True
2025-02-18 08:00:00,development,48.38247591285305,4.07557487585175,0.0,-4.07557487585175,4.07557487585175,False
2025-02-18 08:00:00,development,45.3615861094662,4.482074875851748,4.150290802206353,-0.3317840736453954,0.3317840736453954,True
2025-02-18 09:00:00,development,49.073750128219125,5.047294822840122,4.778431266239357,-0.2688635566007651,0.2688635566007651,True
2025-02-18 09:00:00,development,49.73652147737375,4.053581361719708,0.0,-4.053581361719708,4.053581361719708,False
2025-02-18 09:00:00,development,49.56911546294301,4.33308269219167,4.717407629519184,0.3843249373275137,0.3843249373275137,True
2025-02-18 09:00:00,development,47.41087889062227,5.107664393979654,4.809636975118774,-0.2980274188608796,0.2980274188608796,True
2025-02-18 09:00:00,development,47.58632608556829,4.840213014079602,4.745623886070994,-0.09458912800860819,0.09458912800860819,True
2025-02-18 10:00:00,development,51.76410156155336,5.274999198543917,4.859459673848356,-0.41553952469556066,0.41553952469556066,True
2025-02-18 10:00:00,development,50.008235141590966,5.313389839076741,4.831627315738827,-0.48176252333791414,0.48176252333791414,True
2025-02-18 11:00:00,development,51.17976124933675,4.201728883013526,4.358051524706744,0.15632264169321797,0.15632264169321797,True
2025-02-18 12:00:00,development,50.32431284440044,4.096254020531333,4.363088035876405,0.2668340153450721,0.2668340153450721,True
2025-02-18 12:00:00,development,50.66815309159623,4.475477206916708,4.40535142581846,-0.0701257810982483,0.0701257810982483,True
2025-02-18 13:00:00,development,50.19879804300204,4.314946688688607,4.214418807263835,-0.10052788142477276,0.10052788142477276,True
2025-02-18 13:00:00,development,51.20945525644345,4.010260072536589,0.0,-4.010260072536589,4.010260072536589,False
2025-02-18 14:00:00,development,48.66121584985662,4.13881409463556,4.17095515003328,0.032141055397720386,0.032141055397720386,True
2025-02-18 14:00:00,development,49.072619184921,4.14031409463556,0.0,-4.14031409463556,4.14031409463556,False
2025-02-19 09:00:00,development,50.49486766262811,4.777028003914637,4.538603573932259,-0.2384244299823779,0.2384244299823779,True
2025-02-19 09:00:00,development,48.25139493988022,4.775778077226473,4.673634444069502,-0.10214363315697117,0.10214363315697117,True
2025-02-19 09:00:00,development,47.94049570996025,4.787810714609321,4.653775887404081,-0.13403482720524007,0.13403482720524007,True
2025-02-19 09:00:00,development,50.49334971686208,4.788245586467188,4.722583099933796,-0.0656624865333919,0.0656624865333919,True
2025-02-19 09:00:00,development,48.519307183055815,4.808941264140863,4.729414387123715,-0.07952687701714822,0.07952687701714822,True
2025-02-19 10:00:00,development,49.910966574119485,4.738442083540029,4.722079959224612,-0.016362124315417503,0.016362124315417503,True
2025-02-19 10:00:00,development,51.06653911167234,4.746695877052275,4.757136107310931,0.010440230258655703,0.010440230258655703,True
2025-02-19 11:00:00,development,51.924607173377325,4.768040343288575,4.492148524445159,-0.27589181884341674,0.27589181884341674,True
2025-02-19 11:00:00,development,51.754742958619474,4.018926995494088,4.377590550288837,0.35866355479474965,0.35866355479474965,True
2025-02-19 11:00:00,development,49.24720188059978,4.0634799587018655,4.509378071952663,0.44589811325079776,0.44589811325079776,True
2025-02-19 12:00:00,development,49.87181068648995,4.213856828787275,4.375161586751412,0.16130475796413712,0.16130475796413712,True
2025-02-19 12:00:00,development,51.433504670085824,4.208894109526554,4.358063907330976,0.1491697978044222,0.1491697978044222,True
2025-02-19 13:00:00,development,49.471578747922045,4.362101870636888,4.39970365293341,0.037601782296522224,0.037601782296522224,True
2025-02-19 13:00:00,development,48.3868441787782,4.382351870636889,4.418832623715546,0.03648075307865728,0.03648075307865728,True
2025-02-20 09:00:00,development,50.782147493015415,4.580746972000661,0.0,-4.580746972000661,4.580746972000661,False
2025-02-20 09:00:00,development,49.66477807942229,4.559201745904446,4.546029788696496,-0.01317195720794917,0.01317195720794917,True
2025-02-20 09:00:00,development,49.06268723899274,4.580510135692855,4.50321799167385,-0.07729214401900464,0.07729214401900464,True
2025-02-20 09:00:00,development,47.85834744879629,4.558927903923568,4.538552228682459,-0.020375675241108837,0.020375675241108837,True
2025-02-20 09:00:00,development,47.20570073069142,4.601618694846625,4.504957161004323,-0.09666153384230203,0.09666153384230203,True
2025-02-20 10:00:00,development,51.39966366830744,4.509021810463594,0.0,-4.509021810463594,4.509021810463594,False
2025-02-20 10:00:00,development,50.40109054229435,4.508840520430319,4.536852425837619,0.028011905407300475,0.028011905407300475,True
2025-02-20 11:00:00,development,51.17687455110461,4.512393511039399,4.482459827737714,-0.029933683301684333,0.029933683301684333,True
2025-02-20 11:00:00,development,48.99278730968048,4.539333775109618,4.506662053612216,-0.03267172149740194,0.03267172149740194,True
2025-02-20 11:00:00,development,49.509400974835565,4.539576418419259,4.494223629822823,-0.045352788596435545,0.045352788596435545,True
2025-02-20 12:00:00,development,49.66170072113215,4.442771215903512,4.273669441760171,-0.16910177414334182,0.16910177414334182,True
2025-02-20 12:00:00,development,50.71567285719573,4.412938684462723,4.366790607250491,-0.046148077212232685,0.046148077212232685,True
2025-02-20 13:00:00,development,47.72082247401516,4.394771463944618,4.333937431180204,-0.060834032764414125,0.060834032764414125,True
2025-02-20 13:00:00,development,48.59725020746708,4.460771463944617,4.344375632583096,-0.11639583136152165,0.11639583136152165,True
2025-02-21 11:00:00,development,52.30345992935478,4.513331147319608,4.328082133861977,-0.18524901345763123,0.18524901345763123,True
2025-02-21 11:00:00,development,51.03771664686411,4.438321906928394,4.326641279392156,-0.11168062753623786,0.11168062753623786,True
2025-02-21 11:00:00,development,51.243201569017565,4.088401561870168,0.0,-4.088401561870168,4.088401561870168,False
2025-02-21 11:00:00,development,50.39116280047145,4.815964959261834,4.345984425793049,-0.4699805334687843,0.4699805334687843,True
2025-02-21 11:00:00,development,50.176043560950816,4.332993108884615,4.34862870909802,0.01563560021340482,0.01563560021340482,True
2025-02-21 12:00:00,development,52.68312407652645,4.003307104287224,0.0,-4.003307104287224,4.003307104287224,False
2025-02-21 13:00:00,development,52.56117144041411,4.171010626767135,4.172247030523439,0.001236403756304405,0.001236403756304405,True
2025-02-22 09:00:00,development,49.5865230092959,4.137507439573941,0.0,-4.137507439573941,4.137507439573941,False
2025-02-22 09:00:00,development,46.30841072574216,4.8238294243726685,4.482511450578514,-0.34131797379415474,0.34131797379415474,True
2025-02-22 09:00:00,development,46.795028153282864,4.563835758438486,4.425283854436337,-0.13855190400214923,0.13855190400214923,True
2025-02-22 10:00:00,development,48.980802275807214,4.298393177878239,4.296453098042567,-0.0019400798356725701,0.0019400798356725701,True
2025-02-22 10:00:00,development,49.33712106574673,4.609943293091725,4.423840991087885,-0.1861023020038397,0.1861023020038397,True
2025-02-22 10:00:00,development,47.347938424424925,4.177869784177691,4.340867579448149,0.1629977952704582,0.1629977952704582,True
2025-02-22 10:00:00,development,47.63373963461071,4.606869784177682,4.43174151493621,-0.17512826924147173,0.17512826924147173,True
2025-02-22 12:00:00,development,51.6095173261136,4.651509556131941,4.41601571213451,-0.235493843997431,0.235493843997431,True
2025-02-22 12:00:00,development,50.608391800558266,4.540025326714464,4.5244879999212575,-0.015537326793206852,0.015537326793206852,True
2025-02-22 12:00:00,development,52.00056405600486,4.590314106507609,4.397183154669854,-0.1931309518377553,0.1931309518377553,True
2025-02-22 12:00:00,development,49.74735808005616,4.4692680880863485,4.382265428456687,-0.08700265962966114,0.08700265962966114,True
2025-02-22 12:00:00,development,50.744680866942495,4.588969225680259,4.338642950597555,-0.25032627508270444,0.25032627508270444,True
2025-02-22 13:00:00,development,52.32589228877179,4.126948234964665,4.237624349048437,0.11067611408377154,0.11067611408377154,True
2025-02-22 13:00:00,development,51.90929765486313,4.366035777407426,4.243700811636555,-0.12233496577087077,0.12233496577087077,True
2025-02-23 10:00:00,mid,47.77315945744281,4.002059717368443,4.43189970680552,0.42983998943707746,0.42983998943707746,True
2025-02-23 10:00:00,mid,49.868801596524726,4.003020969575299,0.0,-4.003020969575299,4.003020969575299,False
2025-02-23 11:00:00,mid,49.38236015738159,5.040295063996666,4.567021601448675,-0.47327346254799085,0.47327346254799085,True
2025-02-23 12:00:00,mid,47.42156960444574,4.561692242448356,4.466589117822255,-0.09510312462610138,0.09510312462610138,True
2025-02-23 12:00:00,mid,45.99169636913752,4.554073816070225,4.53921185901635,-0.014861957053875052,0.014861957053875052,True
2025-02-23 12:00:00,mid,46.386015224138,4.722823816070225,4.505950659656114,-0.21687315641411065,0.21687315641411065,True
2025-02-23 12:00:00,mid,49.9515305320226,4.500309729737655,4.457509665838808,-0.04280006389884683,0.04280006389884683,True
2025-02-24 10:00:00,mid,47.8859372467226,4.494528256269412,4.6068268651949404,0.11229860892552868,0.11229860892552868,True
2025-02-24 11:00:00,mid,50.57499841903081,4.588138545906688,4.379881232701638,-0.20825731320505003,0.20825731320505003,True
2025-02-24 11:00:00,mid,50.73948718989126,4.496865884296149,4.44785113447348,-0.04901474982266851,0.04901474982266851,True
2025-02-24 11:00:00,mid,49.127283547160026,4.810541799318049,4.474848789255467,-0.3356930100625819,0.3356930100625819,True
2025-02-24 11:00:00,mid,46.66866190600182,4.8227696460529685,4.550760502429036,-0.2720091436239329,0.2720091436239329,True
2025-02-24 11:00:00,mid,46.52056015419432,4.123626425082158,4.479943423322663,0.356316998240505,0.356316998240505,True
2025-02-24 11:00:00,mid,47.93538103407212,4.187121033473215,4.438274317255153,0.2511532837819379,0.2511532837819379,True
2025-02-24 12:00:00,mid,50.30257144133366,4.458080167155828,4.320903459394476,-0.13717670776135193,0.13717670776135193,True
2025-02-24 12:00:00,mid,51.609036328371246,4.617079910427407,4.3011091535671,-0.31597075686030696,0.31597075686030696,True
2025-02-24 13:00:00,mid,50.17684110576572,4.145985542834339,0.0,-4.145985542834339,4.145985542834339,False
2025-02-24 15:00:00,mid,45.27933576940857,4.079495504816126,4.106377894945506,0.026882390129379985,0.026882390129379985,True
2025-02-25 13:00:00,mid,48.69402634600859,4.04938995319041,0.0,-4.04938995319041,4.04938995319041,False
2025-02-25 13:00:00,mid,46.77257778069837,4.476519596903749,4.2470015220521535,-0.2295180748515957,0.2295180748515957,True
2025-02-25 13:00:00,mid,46.23602144182747,4.530992410152937,4.311483470739427,-0.2195089394135099,0.2195089394135099,True
2025-02-26 09:00:00,mid,44.86469485358844,4.650122378111579,4.4947092970699805,-0.15541308104159857,0.15541308104159857,True
2025-02-26 09:00:00,mid,47.22119722553152,4.23616208394802,4.42151812665712,0.1853560427090999,0.1853560427090999,True
2025-02-26 10:00:00,mid,50.66714778777017,4.282539528237194,0.0,-4.282539528237194,4.282539528237194,False
2025-02-26 10:00:00,mid,48.35115983330314,4.094859435877176,0.0,-4.094859435877176,4.094859435877176,False
2025-02-26 10:00:00,mid,48.01608426185274,4.40124548669284,4.555273614782739,0.15402812808989896,0.15402812808989896,True
2025-02-26 10:00:00,mid,47.40712180630939,4.232113200341519,4.444730942688588,0.21261774234706898,0.21261774234706898,True
2025-02-26 10:00:00,mid,46.403153684877374,5.051113200341483,4.624817196563301,-0.426296003778182,0.426296003778182,True
2025-02-26 11:00:00,mid,51.00919488659733,4.421337601491452,4.396056807531563,-0.02528079395988847,0.02528079395988847,True
2025-02-26 11:00:00,mid,51.80126393921984,4.441126902027904,4.398374697037916,-0.042752204989987774,0.042752204989987774,True
2025-02-26 11:00:00,mid,50.84741477015205,4.632521136150327,4.489003829011495,-0.14351730713883182,0.14351730713883182,True
2025-02-26 11:00:00,mid,45.43059361074086,4.431778607041064,4.475236340679384,0.04345773363831995,0.04345773363831995,True
2025-02-26 13:00:00,mid,45.64505374255364,4.448034331508456,4.340168833605025,-0.10786549790343081,0.10786549790343081,True
2025-02-26 13:00:00,mid,48.57295197265261,4.432594898615236,4.231611022782331,-0.20098387583290567,0.20098387583290567,True
2025-02-26 13:00:00,mid,45.10140621983655,4.430371960290039,4.351835267830156,-0.07853669245988293,0.07853669245988293,True
2025-02-27 09:00:00,mid,48.087490623529305,4.284888606280031,0.0,-4.284888606280031,4.284888606280031,False
2025-02-27 09:00:00,mid,46.87471289721409,4.3469383654018685,4.391145934047546,0.04420756864567732,0.04420756864567732,True
2025-02-27 10:00:00,mid,48.217968485013024,4.01685412853006,4.358319624192703,0.34146549566264284,0.34146549566264284,True
2025-02-27 10:00:00,mid,47.611568820376775,4.030311669065185,4.374375493723266,0.3440638246580816,0.3440638246580816,True
2025-02-27 10:00:00,mid,47.325745910664814,4.157436669065167,4.377304285808503,0.21986761674333533,0.21986761674333533,True
2025-02-27 11:00:00,mid,49.92883768719959,4.9575562899091565,0.0,-4.9575562899091565,4.9575562899091565,False
2025-02-27 11:00:00,mid,48.61605677208047,4.863251603097634,4.392232396920537,-0.4710192061770968,0.4710192061770968,True
2025-02-27 11:00:00,mid,47.822727393392185,4.088213919879461,4.428542288877337,0.3403283689978762,0.3403283689978762,True
2025-02-27 12:00:00,mid,48.44514806116231,4.523139235500388,4.3441584678834735,-0.17898076761691417,0.17898076761691417,True
2025-02-27 12:00:00,mid,51.14439929152385,4.341366801495532,0.0,-4.341366801495532,4.341366801495532,False
2025-02-27 12:00:00,mid,49.67070959027541,4.359401289947606,4.332620714675183,-0.02678057527242217,0.02678057527242217,True
2025-02-27 15:00:00,mid,45.63811941122948,4.093717847031055,0.0,-4.093717847031055,4.093717847031055,False
2025-03-01 14:00:00,mid,48.06554281119336,4.134905664238477,0.0,-4.134905664238477,4.134905664238477,False
2025-03-01 14:00:00,mid,46.46162103016545,4.068360818822384,4.099877797881386,0.03151697905900175,0.03151697905900175,True
2025-03-02 09:00:00,mid,46.72860322381376,4.472095534208052,4.512407018332059,0.04031148412400665,0.04031148412400665,True
2025-03-02 09:00:00,mid,46.50844103625278,4.5350253322268586,4.537700239521581,0.0026749072947227504,0.0026749072947227504,True
2025-03-02 09:00:00,mid,45.67101903976878,4.73751880790817,4.568944188936157,-0.16857461897201365,0.16857461897201365,True
2025-03-02 09:00:00,mid,47.2454892060147,4.007978591120565,4.44876457651856,0.4407859853979943,0.4407859853979943,True
2025-03-02 10:00:00,mid,48.94517674740408,4.319559095240809,0.0,-4.319559095240809,4.319559095240809,False
2025-03-02 11:00:00,mid,50.10916960434349,4.530028957709533,4.403877355446583,-0.12615160226294986,0.12615160226294986,True
2025-03-02 11:00:00,mid,48.95323540620612,4.45673235347321,4.391321932450128,-0.06541042102308214,0.06541042102308214,True
2025-03-02 11:00:00,mid,49.31669684571844,4.54976977973288,4.608979376780843,0.05920959704796225,0.05920959704796225,True
2025-03-02 12:00:00,mid,51.06947081046434,4.117668950453684,4.353076205505413,0.23540725505172944,0.23540725505172944,True
2025-03-02 12:00:00,mid,50.295200597871,4.075512486921461,4.289657505327495,0.2141450184060334,0.2141450184060334,True
2025-03-02 12:00:00,mid,50.15951050335268,4.622201563932812,4.372590086896963,-0.24961147703584885,0.24961147703584885,True
2025-03-02 13:00:00,mid,46.52384095124928,4.098053217849156,4.2680753572806704,0.17002213943151467,0.17002213943151467,True
2025-03-02 13:00:00,mid,48.90524506511123,4.168553217849155,4.235411471409691,0.06685825356053599,0.06685825356053599,True
2025-03-02 13:00:00,mid,46.752685598715296,4.141873576866779,4.263256089885043,0.12138251301826397,0.12138251301826397,True
2025-03-03 10:00:00,mid,47.607893425256094,4.375968457852245,4.439527132857247,0.06355867500500167,0.06355867500500167,True
2025-03-03 10:00:00,mid,46.52854735303628,4.561968457852249,4.417304396618474,-0.14466406123377507,0.14466406123377507,True
2025-03-03 10:00:00,mid,45.6635820883262,4.473088589701337,4.451832898777013,-0.021255690924324,0.021255690924324,True
2025-03-03 10:00:00,mid,48.03062153530024,4.703469756025815,4.4479091598120215,-0.2555605962137939,0.2555605962137939,True
2025-03-03 11:00:00,mid,50.30371601817475,4.274515968005602,4.326941262281999,0.052425294276397416,0.052425294276397416,True
2025-03-03 13:00:00,mid,51.03828168137096,4.060066437502314,0.0,-4.060066437502314,4.060066437502314,False
2025-03-03 13:00:00,mid,50.92036857813025,4.210662695675442,4.172769964517738,-0.03789273115770353,0.03789273115770353,True
2025-03-03 14:00:00,mid,49.96901984964005,4.011064299773327,4.131960527228145,0.12089622745481776,0.12089622745481776,True
2025-03-04 09:00:00,mid,47.35493311262559,4.218318843319114,4.413241639675931,0.19492279635681697,0.19492279635681697,True
2025-03-04 10:00:00,mid,49.48719677780248,4.607426509919584,4.421796031556733,-0.1856304783628513,0.1856304783628513,True
2025-03-04 10:00:00,mid,48.70044400797339,4.758599631696185,4.647569373350838,-0.1110302583453473,0.1110302583453473,True
2025-03-04 10:00:00,mid,49.575624312523146,4.5158064361155965,4.590721072183026,0.07491463606742954,0.07491463606742954,True
2025-03-04 10:00:00,mid,47.64931731318628,4.752282210117283,4.576914538306756,-0.17536767181052682,0.17536767181052682,True
2025-03-04 10:00:00,mid,42.81293285333204,4.796898337413767,4.681313603773991,-0.11558473363977573,0.11558473363977573,True
2025-03-04 11:00:00,mid,50.85590858033181,4.064422459858346,4.464075727740046,0.39965326788170064,0.39965326788170064,True
2025-03-04 11:00:00,mid,47.199664651385945,4.293922459858344,4.418195864029944,0.12427340417160071,0.12427340417160071,True
2025-03-04 11:00:00,mid,47.67329995814263,4.452922720820904,4.51074238552703,0.057819664706125984,0.057819664706125984,True
2025-03-04 11:00:00,mid,47.19605757542249,4.24273398124873,4.485702652181492,0.2429686709327621,0.2429686709327621,True
2025-03-04 12:00:00,mid,50.21986817103779,4.353513690192489,4.384041080792129,0.030527390599639936,0.030527390599639936,True
2025-03-04 13:00:00,mid,51.97079436617227,4.038342196729943,0.0,-4.038342196729943,4.038342196729943,False
2025-03-04 13:00:00,mid,51.38037722444574,4.052814735510477,0.0,-4.052814735510477,4.052814735510477,False
2025-03-04 14:00:00,mid,48.51891092228,4.04136677789116,4.161192427346739,0.11982564945557872,0.11982564945557872,True
2025-03-05 09:00:00,mid,46.85076750407294,4.453739260706293,4.512168069891051,0.05842880918475846,0.05842880918475846,True
2025-03-05 10:00:00,mid,49.49089699770924,4.3601077790113365,4.545685881710966,0.1855781026996297,0.1855781026996297,True
2025-03-05 10:00:00,mid,49.95963440582314,4.357043321945326,0.0,-4.357043321945326,4.357043321945326,False
2025-03-05 10:00:00,mid,49.92028225530273,4.351986967786406,4.404277024733727,0.05229005694732081,0.05229005694732081,True
2025-03-05 10:00:00,mid,45.85432210416686,4.38587025378888,4.667153768733105,0.2812835149442243,0.2812835149442243,True
2025-03-05 10:00:00,mid,47.04168677878397,4.388015373735087,4.625144846171364,0.23712947243627713,0.23712947243627713,True
2025-03-05 11:00:00,mid,50.01969272619401,4.361848907962365,4.488846184437867,0.1269972764755023,0.1269972764755023,True
2025-03-05 11:00:00,mid,47.96062079201669,4.451098907962358,4.447008373969722,-0.004090533992635592,0.004090533992635592,True
2025-03-05 11:00:00,mid,46.495054545494,4.490596971367314,4.601840188329458,0.11124321696214423,0.11124321696214423,True
2025-03-05 11:00:00,mid,49.08700773294255,4.497091091054351,4.536927974258819,0.03983688320446799,0.03983688320446799,True
2025-03-05 12:00:00,mid,51.83290868918817,4.015508474120203,0.0,-4.015508474120203,4.015508474120203,False
2025-03-05 12:00:00,mid,50.31297414503287,4.428108147519406,4.425364767978777,-0.0027433795406297534,0.0027433795406297534,True
2025-03-05 13:00:00,mid,50.62940634047336,4.478153341260633,4.255179909567096,-0.22297343169353656,0.22297343169353656,True
2025-03-05 13:00:00,mid,50.17737180750738,4.167368662795088,4.242721520515696,0.07535285772060796,0.07535285772060796,True
2025-03-06 09:00:00,mid,45.256912074414,4.829011444928842,4.748855533158151,-0.08015591177069048,0.08015591177069048,True
2025-03-06 10:00:00,mid,49.29372486467805,4.707091146197264,4.669146533401707,-0.03794461279555694,0.03794461279555694,True
2025-03-06 10:00:00,mid,49.85800264467584,4.71356698479255,4.696430626734964,-0.017136358057586065,0.017136358057586065,True
2025-03-06 10:00:00,mid,48.32497785656921,4.724252118474773,4.688626440234711,-0.03562567824006191,0.03562567824006191,True
2025-03-06 10:00:00,mid,44.83514292635808,4.768786513207088,4.749250845027123,-0.019535668179964993,0.019535668179964993,True
2025-03-06 10:00:00,mid,46.05826136889574,4.764253426190383,4.7342433906009855,-0.030010035589397077,0.030010035589397077,True
2025-03-06 10:00:00,mid,46.72576351095964,4.00237473357593,4.502937053828465,0.5005623202525351,0.5005623202525351,True
2025-03-06 11:00:00,mid,47.18496240273434,4.723980192811062,4.557185890439569,-0.1667943023714935,0.1667943023714935,True
2025-03-06 11:00:00,mid,48.4482260177648,4.782966049043203,4.584189241030397,-0.1987768080128065,0.1987768080128065,True
2025-03-06 11:00:00,mid,47.98758198881691,4.765230192811064,4.606633433935016,-0.15859675887604752,0.15859675887604752,True
2025-03-06 12:00:00,mid,51.460800329849,4.718281783093538,4.433094123365351,-0.2851876597281864,0.2851876597281864,True
2025-03-06 12:00:00,mid,48.3379317763596,4.730246029991584,4.389336298891633,-0.34090973109995026,0.34090973109995026,True
2025-03-06 12:00:00,mid,49.81838607808001,4.267349769142459,4.317979402462373,0.05062963331991366,0.05062963331991366,True
2025-03-06 12:00:00,mid,48.575028896124174,4.2096771755858775,4.415884328940828,0.2062071533549501,0.2062071533549501,True
2025-03-07 08:00:00,late,47.60846150273825,4.378931727051768,4.461597949788103,0.08266622273633484,0.08266622273633484,True
2025-03-07 09:00:00,late,50.73537797841076,4.006855720793737,4.327813877327276,0.3209581565335382,0.3209581565335382,True
2025-03-07 09:00:00,late,51.56816957324869,4.027662381068993,0.0,-4.027662381068993,4.027662381068993,False
2025-03-07 09:00:00,late,49.199875728322105,4.043925707046174,4.323255822677263,0.27933011563108856,0.27933011563108856,True
2025-03-07 09:00:00,late,48.27256548689648,4.057912372024536,4.337715429821534,0.27980305779699854,0.27980305779699854,True
2025-03-07 09:00:00,late,47.82607286207003,4.161412372024532,4.361239384492472,0.19982701246793955,0.19982701246793955,True
2025-03-07 10:00:00,late,50.64448095147655,5.148862888915126,4.466069472464743,-0.6827934164503828,0.6827934164503828,True
2025-03-07 10:00:00,late,51.54577624279179,4.053436365235129,4.314237331191756,0.2608009659566273,0.2608009659566273,True
2025-03-07 11:00:00,late,52.46785435684946,4.045703133507352,0.0,-4.045703133507352,4.045703133507352,False
2025-03-07 11:00:00,late,51.71595298474447,4.0131759334727874,0.0,-4.0131759334727874,4.0131759334727874,False
2025-03-07 11:00:00,late,51.49214529098427,4.558526510689262,4.424270146899182,-0.13425636379008044,0.13425636379008044,True
2025-03-07 11:00:00,late,49.17906854551252,4.674776510689259,4.437938526504087,-0.236837984185172,0.236837984185172,True
2025-03-07 12:00:00,late,50.84314287570158,4.642781507954453,4.295211825174,-0.34756968278045264,0.34756968278045264,True
2025-03-07 12:00:00,late,50.334952801017685,4.51220778560759,4.323905024955562,-0.18830276065202778,0.18830276065202778,True
2025-03-08 09:00:00,late,47.58331746169421,4.411880465523012,4.377124032446732,-0.0347564330762804,0.0347564330762804,True
2025-03-08 10:00:00,late,50.59062419525186,5.160547433227634,4.429921979268408,-0.7306254539592265,0.7306254539592265,True
2025-03-08 10:00:00,late,50.82370473826681,4.808057360768252,4.455246627052966,-0.3528107337152866,0.3528107337152866,True
2025-03-08 10:00:00,late,49.59604341384178,4.443611239635789,4.472317828883813,0.028706589248023384,0.028706589248023384,True
2025-03-08 10:00:00,late,49.00431238568767,4.350500654457843,4.455770708812536,0.10527005435469317,0.10527005435469317,True
2025-03-08 10:00:00,late,47.56845235557644,4.433000654457846,4.44577929947451,0.012778645016664036,0.012778645016664036,True
2025-03-08 11:00:00,late,51.044628955241926,4.906571186734055,4.355374908325193,-0.5511962784088622,0.5511962784088622,True
2025-03-08 11:00:00,late,49.91708293350155,4.682534077416577,4.488836920374326,-0.19369715704225055,0.19369715704225055,True
2025-03-08 12:00:00,late,51.27251467757952,4.659054351698678,0.0,-4.659054351698678,4.659054351698678,False
2025-03-08 12:00:00,late,51.769480820979375,4.578645888855753,4.362794046269927,-0.21585184258582668,0.21585184258582668,True
2025-03-08 12:00:00,late,49.086217592744205,4.454436368157516,4.326092228277244,-0.12834413988027205,0.12834413988027205,True
2025-03-08 12:00:00,late,51.60167775446603,4.521936368157519,4.307418810894254,-0.2145175572632647,0.2145175572632647,True
2025-03-08 13:00:00,late,53.02751655323095,4.376270930966868,4.211680604892979,-0.16459032607388924,0.16459032607388924,True
2025-03-08 13:00:00,late,51.46926743310805,4.30966381375023,4.247127180929158,-0.06253663282107258,0.06253663282107258,True
2025-03-09 09:00:00,late,47.69437940452243,4.244429238777666,4.320324430992941,0.07589519221527485,0.07589519221527485,True
2025-03-09 10:00:00,late,51.19429674967196,4.212114571307616,4.309590691897978,0.09747612059036204,0.09747612059036204,True
2025-03-09 10:00:00,late,52.19301843929968,4.223048731695002,4.303024214376951,0.07997548268194876,0.07997548268194876,True
2025-03-09 10:00:00,late,49.86676129504101,4.242008331386128,4.3163172170891535,0.07430888570302585,0.07430888570302585,True
2025-03-09 10:00:00,late,48.92374135603741,4.244896600167699,4.355632515973211,0.11073591580551145,0.11073591580551145,True
2025-03-09 10:00:00,late,49.515833849154085,4.2576466001677,4.3593068315187455,0.10166023135104574,0.10166023135104574,True
2025-03-09 11:00:00,late,52.18465056487776,4.215364270173168,0.0,-4.215364270173168,4.215364270173168,False
2025-03-09 11:00:00,late,50.84944321482081,4.249471496340316,4.381472722290637,0.1320012259503205,0.1320012259503205,True
2025-03-09 12:00:00,late,52.80761307728724,4.224717373346934,4.33244404289392,0.10772666954698629,0.10772666954698629,True
2025-03-09 12:00:00,late,51.77993191435311,4.232340425956192,4.345432449539334,0.11309202358314252,0.11309202358314252,True
2025-03-09 12:00:00,late,51.27038521858989,4.246541360141631,4.329934798623625,0.08339343848199388,0.08339343848199388,True
2025-03-09 12:00:00,late,51.845027796997385,4.23529136014163,4.333681403470104,0.09839004332847345,0.09839004332847345,True
2025-03-09 13:00:00,late,51.45968936000186,4.237231356952126,4.247480879105853,0.01024952215372732,0.01024952215372732,True
2025-03-09 13:00:00,late,49.84693423713853,4.230353318340352,4.244986945609353,0.014633627269001082,0.014633627269001082,True
2025-03-10 09:00:00,late,47.27770066746008,4.238301758676684,4.384709420480774,0.1464076618040897,0.1464076618040897,True
2025-03-10 10:00:00,late,53.37174956596386,4.098600380670696,0.0,-4.098600380670696,4.098600380670696,False
2025-03-10 10:00:00,late,50.6665358324876,4.146424234203344,4.237744786993927,0.09132055279058271,0.09132055279058271,True
2025-03-10 10:00:00,late,49.87313705515382,4.204091782608835,4.243378527889355,0.03928674528052056,0.03928674528052056,True
2025-03-10 10:00:00,late,48.67534383166437,4.216724498636328,4.260340062881837,0.04361556424550894,0.04361556424550894,True
2025-03-10 10:00:00,late,48.53812891533804,4.221974498636328,4.360983350436615,0.13900885180028677,0.13900885180028677,True
2025-03-10 11:00:00,late,51.707832144568,4.072180932043267,4.254191775850409,0.1820108438071424,0.1820108438071424,True
2025-03-10 11:00:00,late,50.64651346148123,4.152755751484744,4.393761580511828,0.24100582902708467,0.24100582902708467,True
2025-03-10 12:00:00,late,52.52667225691141,4.051978929178084,0.0,-4.051978929178084,4.051978929178084,False
2025-03-10 12:00:00,late,52.12392235426812,4.085320652597229,4.276449950730302,0.191129298133073,0.191129298133073,True
2025-03-10 12:00:00,late,52.03239112543335,4.11870509144379,4.251323577628777,0.13261848618498728,0.13261848618498728,True
2025-03-10 12:00:00,late,50.82746700022143,4.12695509144379,4.226955408568115,0.10000031712432467,0.10000031712432467,True
2025-03-10 13:00:00,late,50.5624449254116,4.080609980054426,4.194255505104029,0.1136455250496029,0.1136455250496029,True
2025-03-10 13:00:00,late,50.29894879908738,4.090732073902839,4.181571137469826,0.09083906356698623,0.09083906356698623,True
2025-03-11 09:00:00,late,49.702531576964255,4.293760062947658,4.392543589255348,0.09878352630768994,0.09878352630768994,True
2025-03-11 10:00:00,late,52.23382971220048,4.580561425238663,4.4026835054223135,-0.17787791981634982,0.17787791981634982,True
2025-03-11 10:00:00,late,50.9818478637315,4.469083333061434,4.379755902949631,-0.089327430111803,0.089327430111803,True
2025-03-11 10:00:00,late,50.43035167257887,4.34527835904612,4.455801312058767,0.11052295301264703,0.11052295301264703,True
2025-03-11 10:00:00,late,49.83788602872399,4.315831315829499,4.461415306606055,0.14558399077655615,0.14558399077655615,True
2025-03-11 10:00:00,late,49.19030912907329,4.324831315829499,4.451510298366084,0.1266789825365846,0.1266789825365846,True
2025-03-11 11:00:00,late,51.89950022100972,4.625175107094847,4.495818091551399,-0.12935701554344803,0.12935701554344803,True
2025-03-11 11:00:00,late,52.05244123032974,4.472205562130593,4.446184054399442,-0.026021507731151416,0.026021507731151416,True
2025-03-11 12:00:00,late,53.97250438860937,4.667911267707304,4.410215446871919,-0.25769582083538456,0.25769582083538456,True
2025-03-11 12:00:00,late,51.09187487419094,4.590191229648674,4.402703684993123,-0.18748754465555084,0.18748754465555084,True
2025-03-11 12:00:00,late,53.32710103645919,4.158554781972622,4.413344553435859,0.254789771463237,0.254789771463237,True
2025-03-11 12:00:00,late,51.15653931412813,4.084737579635526,4.408795605815043,0.3240580261795172,0.3240580261795172,True
2025-03-11 12:00:00,late,50.63100357031666,4.505756186832723,4.425255667517954,-0.08050051931476965,0.08050051931476965,True
2025-03-11 12:00:00,late,49.62864293648196,4.499756186832723,4.428478054985351,-0.07127813184737253,0.07127813184737253,True
2025-03-12 09:00:00,late,48.761698731985184,4.4705280918594745,4.51724388327144,0.046715791411965135,0.046715791411965135,True
2025-03-12 10:00:00,late,52.400034975334094,4.405958056605719,0.0,-4.405958056605719,4.405958056605719,False
2025-03-12 10:00:00,late,51.19055613566269,4.430354298283817,4.434154838755401,0.0038005404715839575,0.0038005404715839575,True
2025-03-12 10:00:00,late,48.45904217109677,4.458432991535986,4.439309069348917,-0.019123922187069375,0.019123922187069375,True
2025-03-12 10:00:00,late,49.01324372570004,4.464877281790574,4.466157988238419,0.001280706447844615,0.001280706447844615,True
2025-03-12 10:00:00,late,49.71711921253871,4.464877281790574,4.5103501725480575,0.045472890757483064,0.045472890757483064,True
2025-03-12 11:00:00,late,54.46355626820736,4.39898490100056,0.0,-4.39898490100056,4.39898490100056,False
2025-03-12 11:00:00,late,50.796339822894936,4.434923260089516,4.5260905087605074,0.0911672486709918,0.0911672486709918,True
2025-03-12 12:00:00,late,52.19952631796563,4.414871318769059,4.429764632533199,0.014893313764139826,0.014893313764139826,True
2025-03-12 12:00:00,late,52.28465627375298,4.410087673852804,0.0,-4.410087673852804,4.410087673852804,False
2025-03-12 12:00:00,late,49.99017427308701,4.424970124703396,4.418935624076936,-0.006034500626459938,0.006034500626459938,True
2025-03-12 12:00:00,late,51.90825451542332,4.393079158594958,0.0,-4.393079158594958,4.393079158594958,False
2025-03-12 12:00:00,late,52.19419459368833,4.429222253517853,4.425802880007778,-0.003419373510075374,0.003419373510075374,True
2025-03-12 12:00:00,late,50.26554106661456,4.429222253517853,4.397157793644106,-0.032064459873747175,0.032064459873747175,True
2025-03-13 09:00:00,late,47.44434410194849,4.398099184694889,4.4435994460672825,0.0455002613723936,0.0455002613723936,True
2025-03-13 10:00:00,late,52.73221829177104,4.395588960075067,0.0,-4.395588960075067,4.395588960075067,False
2025-03-13 10:00:00,late,49.936012008794776,4.3874695630246805,4.465808612455504,0.07833904943082359,0.07833904943082359,True
2025-03-13 10:00:00,late,49.89700198461914,4.3826245966081885,4.515078333530607,0.13245373692241813,0.13245373692241813,True
2025-03-13 10:00:00,late,49.005596081463054,4.380479850217519,4.424908208801957,0.0444283585844385,0.0444283585844385,True
2025-03-13 10:00:00,late,48.7087055372491,4.389479850217519,4.447740064672964,0.05826021445544516,0.05826021445544516,True
2025-03-13 11:00:00,late,52.88974127300032,4.385159719960939,4.44683854525056,0.06167882528962121,0.06167882528962121,True
2025-03-13 11:00:00,late,50.59360056617727,4.3889489511411846,4.423983013934458,0.03503406279327326,0.03503406279327326,True
2025-03-13 12:00:00,late,53.620378153988,4.380375230390811,4.379348648852454,-0.0010265815383574406,0.0010265815383574406,True
2025-03-13 12:00:00,late,52.34183058806119,4.374714567964265,4.409708526759861,0.03499395879559586,0.03499395879559586,True
2025-03-13 12:00:00,late,51.86382064971639,4.379122506656849,4.383229037494901,0.004106530838051903,0.004106530838051903,True
2025-03-13 12:00:00,late,51.87943072109494,4.363761488341094,4.406480619648471,0.04271913130737737,0.04271913130737737,True
2025-03-13 12:00:00,late,50.82284963785786,4.374346322734457,4.390409643465058,0.016063320730601127,0.016063320730601127,True
2025-03-13 12:00:00,late,50.62222748514654,4.3623463227344565,4.398209026187441,0.03586270345298459,0.03586270345298459,True
2025-03-14 09:00:00,late,49.6625694173272,4.294322112341597,4.490061741819995,0.19573962947839796,0.19573962947839796,True
2025-03-14 10:00:00,late,50.46886017939311,4.282717544348976,4.421107489778109,0.1383899454291333,0.1383899454291333,True
2025-03-14 10:00:00,late,51.16896027739067,4.27789254240556,4.486183489241435,0.20829094683587535,0.20829094683587535,True
2025-03-14 10:00:00,late,49.48296090257296,4.283964238282,4.493094520178506,0.20913028189650618,0.20913028189650618,True
2025-03-14 10:00:00,late,50.193184926111776,4.282689709466759,4.472200827960953,0.18951111849419444,0.18951111849419444,True
2025-03-14 10:00:00,late,49.53435494999879,4.30593970946676,4.466507821325574,0.16056811185881337,0.16056811185881337,True
2025-03-14 11:00:00,late,52.62909686730171,4.29684667027297,4.428888715361373,0.13204204508840345,0.13204204508840345,True
2025-03-14 11:00:00,late,51.31708476123779,4.32236390938359,4.5140597726208185,0.19169586323722854,0.19169586323722854,True
2025-03-14 12:00:00,late,54.28127332249654,4.320889687009277,0.0,-4.320889687009277,4.320889687009277,False
2025-03-14 12:00:00,late,52.48513014271122,4.3175258033317725,4.377719852410403,0.06019404907863013,0.06019404907863013,True
2025-03-14 12:00:00,late,52.81475769106367,4.326704711047526,4.422860355726732,0.09615564467920557,0.09615564467920557,True
2025-03-14 12:00:00,late,50.55888195324331,4.304457405114,4.444131356156979,0.13967395104297875,0.13967395104297875,True
2025-03-14 12:00:00,late,50.9622236014105,4.303616434194627,4.431917094538424,0.12830066034379684,0.12830066034379684,True
2025-03-14 12:00:00,late,50.89814100224951,4.323866434194628,4.430677302670498,0.10681086847587018,0.10681086847587018,True
2025-03-15 08:00:00,initial,48.466878847834806,4.274283135909219,4.222857178289249,-0.05142595761997004,0.05142595761997004,True
2025-03-15 09:00:00,initial,51.92742224413143,4.110721582340126,4.306945512702648,0.19622393036252195,0.19622393036252195,True
2025-03-15 09:00:00,initial,52.196399111410834,4.166445989762693,4.386793264850897,0.22034727508820406,0.22034727508820406,True
2025-03-15 09:00:00,initial,51.351105150395945,4.1909589869848745,4.338446942766391,0.14748795578151697,0.14748795578151697,True
2025-03-15 09:00:00,initial,51.23474284838129,4.211339019134233,4.331227321050266,0.11988830191603306,0.11988830191603306,True
2025-03-15 09:00:00,initial,49.893503528886,4.211339019134233,4.401164889683134,0.18982587054890132,0.18982587054890132,True
2025-03-15 10:00:00,initial,53.96668137820295,4.203209806846104,0.0,-4.203209806846104,4.203209806846104,False
2025-03-15 10:00:00,initial,52.32707013586949,4.196275177999912,4.369011435517554,0.17273625751764232,0.17273625751764232,True
2025-03-15 11:00:00,initial,53.88300252595657,4.37837670713521,4.467474963138208,0.08909825600299737,0.08909825600299737,True
2025-03-15 11:00:00,initial,52.07169256923753,4.338664246044612,4.619150228643189,0.28048598259857727,0.28048598259857727,True
2025-03-15 11:00:00,initial,53.01783028437408,4.28374511636288,4.594235630564198,0.3104905142013177,0.3104905142013177,True
2025-03-15 11:00:00,initial,52.30562982866948,4.278915842590337,4.533309389836939,0.2543935472466021,0.2543935472466021,True
2025-03-15 11:00:00,initial,53.282849256949234,4.218987727317689,4.515732472646364,0.2967447453286747,0.2967447453286747,True
2025-03-15 11:00:00,initial,50.80719297216442,4.218987727317689,4.577213420448424,0.35822569313073505,0.35822569313073505,True
2025-03-16 08:00:00,initial,50.44240298067027,4.005846513765835,4.167338993113653,0.1614924793478174,0.1614924793478174,True
2025-03-16 09:00:00,initial,52.96883763091189,4.017549962995034,0.0,-4.017549962995034,4.017549962995034,False
2025-03-16 09:00:00,initial,51.54423788780177,4.013313117026854,4.441231524679155,0.42791840765230127,0.42791840765230127,True
2025-03-16 09:00:00,initial,50.87174613876572,4.008436747138923,4.474168709091031,0.4657319619521081,0.4657319619521081,True
2025-03-16 09:00:00,initial,50.83382048210307,4.007317580279409,4.449128103655358,0.44181052337594906,0.44181052337594906,True
2025-03-16 09:00:00,initial,50.10332069521373,4.007317580279409,4.585368891457461,0.5780513111780516,0.5780513111780516,True
2025-03-16 10:00:00,initial,53.987314027494754,4.020212592743569,4.37901533570149,0.3588027429579208,0.3588027429579208,True
2025-03-16 10:00:00,initial,52.27263709253703,4.013359123388192,4.422659841254038,0.40930071786584676,0.40930071786584676,True
2025-03-16 11:00:00,initial,55.18371185700232,4.022561902428741,0.0,-4.022561902428741,4.022561902428741,False
2025-03-16 11:00:00,initial,54.4471993721121,4.019067478747381,4.538619310008536,0.5195518312611549,0.5195518312611549,True
2025-03-16 11:00:00,initial,54.90531520243268,4.018084672086975,0.0,-4.018084672086975,4.018084672086975,False
2025-03-16 11:00:00,initial,53.60691578358145,4.016009858026159,4.567205672693137,0.5511958146669782,0.5511958146669782,True
2025-03-16 11:00:00,initial,52.998286629029536,4.015136252105819,4.5914041217509975,0.5762678696451786,0.5762678696451786,True
2025-03-16 11:00:00,initial,54.06580549531781,4.015136252105819,0.0,-4.015136252105819,4.015136252105819,False
2025-03-17 09:00:00,initial,49.32560180948123,4.601624264354882,4.537212707391494,-0.06441155696338807,0.06441155696338807,True
2025-03-17 10:00:00,initial,53.90491870844045,5.037586815481987,4.782248649201653,-0.25533816628033357,0.25533816628033357,True
2025-03-17 10:00:00,initial,51.89510405918053,4.810724609144437,4.721978247842511,-0.0887463613019257,0.0887463613019257,True
2025-03-17 10:00:00,initial,51.47083855263594,4.556744050906843,4.732099831388273,0.1753557804814294,0.1753557804814294,True
2025-03-17 10:00:00,initial,49.89233621588379,4.511068185081829,4.647359993446935,0.13629180836510635,0.13629180836510635,True
2025-03-17 10:00:00,initial,50.349413134858445,4.496818185081828,4.657593867716899,0.16077568263507036,0.16077568263507036,True
2025-03-17 11:00:00,initial,53.48159165028215,4.6782314999518135,4.6198390828932085,-0.058392417058604984,0.058392417058604984,True
2025-03-17 11:00:00,initial,52.09038487355866,4.544292561011126,4.6508007303107055,0.10650816929957951,0.10650816929957951,True
2025-03-17 12:00:00,initial,53.60655282444664,4.353463902721273,4.424932829818254,0.07146892709698083,0.07146892709698083,True
2025-03-17 12:00:00,initial,53.8745153219943,4.3532745722158985,4.417382000679981,0.0641074284640828,0.0641074284640828,True
2025-03-17 12:00:00,initial,53.39018508921137,4.360346323011264,0.0,-4.360346323011264,4.360346323011264,False
2025-03-17 12:00:00,initial,50.80432714597109,4.34598390802369,4.430546491362049,0.08456258333835898,0.08456258333835898,True
2025-03-17 12:00:00,initial,51.97353752076508,4.345936575397342,4.430800098300959,0.08486352290361676,0.08486352290361676,True
2025-03-17 12:00:00,initial,52.5264961504555,4.360186575397343,4.429644616749158,0.06945804135181533,0.06945804135181533,True
2025-03-18 10:00:00,initial,50.89100405345855,4.51516130640276,4.556327413571322,0.041166107168561616,0.041166107168561616,True
2025-03-18 11:00:00,initial,53.0049269787914,4.686462580552806,4.45017279417907,-0.2362897863737361,0.2362897863737361,True
2025-03-18 11:00:00,initial,53.260562647940645,4.571223388198774,4.51062867566773,-0.06059471253104398,0.06059471253104398,True
2025-03-18 11:00:00,initial,49.821252932845184,4.4385896007724135,4.505983733450578,0.06739413267816463,0.06739413267816463,True
2025-03-18 11:00:00,initial,50.10790245285649,4.408149059395878,4.4679044042764975,0.05975534488061918,0.05975534488061918,True
2025-03-18 11:00:00,initial,50.85013951755917,4.408149059395878,4.509647432812739,0.10149837341686041,0.10149837341686041,True
2025-03-18 12:00:00,initial,53.72582190104659,4.323062452682819,0.0,-4.323062452682819,4.323062452682819,False
2025-03-18 12:00:00,initial,53.68920992797069,4.320433228471007,4.336864790801156,0.01643156233014942,0.01643156233014942,True
2025-03-18 13:00:00,initial,53.25531656988358,4.056809743187625,0.0,-4.056809743187625,4.056809743187625,False
2025-03-18 13:00:00,initial,53.17675954086311,4.075725613498207,0.0,-4.075725613498207,4.075725613498207,False
2025-03-18 13:00:00,initial,51.53196569523805,4.115659117487262,0.0,-4.115659117487262,4.115659117487262,False
2025-03-18 13:00:00,initial,51.72932282519015,4.132473224430022,4.1338130927683645,0.0013398683383423204,0.0013398683383423204,True
2025-03-18 13:00:00,initial,52.147652700142416,4.132473224430022,4.118116582081128,-0.014356642348894333,0.014356642348894333,True
2025-03-19 09:00:00,initial,50.92350069413308,4.948752115989031,4.631543694529355,-0.317208421459676,0.317208421459676,True
2025-03-19 11:00:00,initial,53.11068994976514,4.109255245596685,4.632064947878668,0.5228097022819824,0.5228097022819824,True
2025-03-19 11:00:00,initial,53.29340962391508,4.024808868656827,4.695349939275696,0.670541070618869,0.670541070618869,True
2025-03-19 11:00:00,initial,51.16082303982655,4.577346099517964,4.651168399491157,0.07382229997319278,0.07382229997319278,True
2025-03-19 12:00:00,initial,53.67353571665944,4.112212216652559,4.4120683580036495,0.29985614135109007,0.29985614135109007,True
2025-03-19 12:00:00,initial,51.20656880913815,4.509929888573616,4.447108659361987,-0.0628212292116288,0.0628212292116288,True
2025-03-19 12:00:00,initial,50.2925778228769,4.472111584005042,4.48058440243517,0.00847281843012837,0.00847281843012837,True
2025-03-19 12:00:00,initial,50.31536864581248,4.472111584005042,4.485928276364,0.013816692358957994,0.013816692358957994,True
2025-03-19 13:00:00,initial,51.844054971036215,4.062354713932564,4.235063574424459,0.1727088604918956,0.1727088604918956,True
2025-03-19 13:00:00,initial,54.9791837910657,4.048014763131452,0.0,-4.048014763131452,4.048014763131452,False
2025-03-19 13:00:00,initial,54.57713309090142,4.017741533662431,0.0,-4.017741533662431,4.017741533662431,False
2025-03-19 13:00:00,initial,52.29310081225429,4.004994910728115,0.0,-4.004994910728115,4.004994910728115,False
2025-03-19 13:00:00,initial,53.72189861100006,4.004994910728115,4.22645838255276,0.2214634718246451,0.2214634718246451,True
2025-03-19 13:00:00,initial,51.64085253864436,4.410645929718818,4.261884377448689,-0.14876155227012866,0.14876155227012866,True
2025-03-20 09:00:00,initial,52.4555638698175,4.026332017635561,0.0,-4.026332017635561,4.026332017635561,False
2025-03-20 11:00:00,initial,54.17403597793024,4.083849582257464,4.531366763185557,0.44751718092809245,0.44751718092809245,True
2025-03-20 11:00:00,initial,54.68327632039383,4.052698036318965,0.0,-4.052698036318965,4.052698036318965,False
2025-03-20 11:00:00,initial,53.99273205618245,4.016844370238811,4.551582623538298,0.5347382532994871,0.5347382532994871,True
2025-03-20 12:00:00,initial,54.40700584305037,4.084940383580438,0.0,-4.084940383580438,4.084940383580438,False
2025-03-20 12:00:00,initial,52.31900702630589,4.027741466066427,4.328821783570396,0.3010803175039687,0.3010803175039687,True
2025-03-20 12:00:00,initial,52.587318987630006,4.01922247835158,0.0,-4.01922247835158,4.01922247835158,False
2025-03-20 12:00:00,initial,52.581139810738,4.01922247835158,0.0,-4.01922247835158,4.01922247835158,False
2025-03-20 13:00:00,initial,54.21902376542103,4.061258492243379,4.164045820787554,0.10278732854417516,0.10278732854417516,True
2025-03-20 13:00:00,initial,54.67792144561198,4.0665483774027535,0.0,-4.0665483774027535,4.0665483774027535,False
2025-03-20 13:00:00,initial,52.89462103338622,4.050090956906953,4.17465835061233,0.1245673937053775,0.1245673937053775,True
2025-03-20 13:00:00,initial,54.18458322439481,4.045388836765291,0.0,-4.045388836765291,4.045388836765291,False
2025-03-20 13:00:00,initial,52.5486070485029,4.045388836765291,0.0,-4.045388836765291,4.045388836765291,False
2025-03-20 13:00:00,initial,52.61919704156576,4.050090956906953,4.207120413493757,0.15702945658680445,0.15702945658680445,True
2025-03-21 09:00:00,initial,52.3260884166641,4.070678505361819,0.0,-4.070678505361819,4.070678505361819,False
2025-03-21 11:00:00,initial,55.13776425892021,4.105342321319384,0.0,-4.105342321319384,4.105342321319384,False
2025-03-21 11:00:00,initial,54.74859329981423,4.086568378745419,4.425333345617516,0.33876496687209734,0.33876496687209734,True
2025-03-21 11:00:00,initial,52.03727123296465,4.0649606335187976,4.351278876493765,0.2863182429749678,0.2863182429749678,True
2025-03-21 12:00:00,initial,54.537493850485056,4.105999708963566,0.0,-4.105999708963566,4.105999708963566,False
2025-03-21 12:00:00,initial,52.86424455985053,4.07152793042582,4.239176764682624,0.16764883425680477,0.16764883425680477,True
2025-03-21 12:00:00,initial,51.05338838796091,4.066393835749977,4.2464841136737626,0.18009027792378518,0.18009027792378518,True
2025-03-21 12:00:00,initial,52.53006227938143,4.066393835749977,0.0,-4.066393835749977,4.066393835749977,False
2025-03-21 13:00:00,initial,53.92026001653343,4.094915492838894,4.129966599432887,0.03505110659399335,0.03505110659399335,True
2025-03-21 13:00:00,initial,53.7001385977485,4.091727464854628,0.0,-4.091727464854628,4.091727464854628,False
2025-03-21 13:00:00,initial,53.85737180113637,4.084997183554556,0.0,-4.084997183554556,4.084997183554556,False
2025-03-21 13:00:00,initial,53.48221862328364,4.082163380901879,0.0,-4.082163380901879,4.082163380901879,False
2025-03-21 13:00:00,initial,52.5123126768681,4.082163380901879,4.144657835488261,0.06249445458638192,0.06249445458638192,True
2025-03-21 13:00:00,initial,52.74290217475395,4.084997183554556,4.1635507743086375,0.07855359075408153,0.07855359075408153,True
2025-03-22 10:00:00,initial,52.03013087450396,4.06507535535583,4.302361970542541,0.23728661518671057,0.23728661518671057,True
2025-03-22 14:00:00,initial,51.47735273606891,4.083293773129814,0.0,-4.083293773129814,4.083293773129814,False
2025-03-23 10:00:00,initial,52.400053920262536,4.104000039547117,4.347843840297388,0.24384380075027146,0.24384380075027146,True
2025-03-23 10:00:00,initial,50.01180779641894,4.398829848669418,4.4383069585006885,0.03947710983127006,0.03947710983127006,True
2025-03-23 10:00:00,initial,49.3766276387528,4.130329848669419,4.367234065867184,0.23690421719776555,0.23690421719776555,True
2025-03-23 10:00:00,initial,50.67910240715579,4.025521742655389,4.347678465735507,0.3221567230801181,0.3221567230801181,True
2025-03-23 11:00:00,initial,52.46452088137422,4.627028392660947,4.354637298039228,-0.2723910946217183,0.2723910946217183,True
2025-03-23 11:00:00,initial,52.57413628827921,4.093055800166269,4.2546516751208046,0.16159587495453565,0.16159587495453565,True
2025-03-23 11:00:00,initial,51.60539174304626,4.183376286224725,4.355277375865449,0.17190108964072426,0.17190108964072426,True
2025-03-23 11:00:00,initial,53.08876911590232,4.29761466072592,4.33336607835659,0.0357514176306708,0.0357514176306708,True
2025-03-23 12:00:00,initial,52.7317201416097,4.5188202109005005,0.0,-4.5188202109005005,4.5188202109005005,False
2025-03-23 12:00:00,initial,52.37290141732071,4.334930273288471,4.292689333872598,-0.0422409394158727,0.0422409394158727,True
2025-03-23 12:00:00,initial,53.05597413448078,4.416914280162246,4.280374339597452,-0.13653994056479402,0.13653994056479402,True
2025-03-23 12:00:00,initial,51.557872783802765,4.353506271324537,4.300515787179833,-0.0529904841447042,0.0529904841447042,True
2025-03-24 10:00:00,initial,52.3232936035724,5.1072285413087,4.511514655534437,-0.5957138857742628,0.5957138857742628,True
2025-03-24 11:00:00,initial,51.12153565555733,4.357892019843092,4.373819251677367,0.015927231834274913,0.015927231834274913,True
2025-03-24 12:00:00,initial,54.3056487412772,4.2782513828539095,4.364208387264402,0.08595700441049292,0.08595700441049292,True
2025-03-24 12:00:00,initial,51.71011501402082,4.036148785330767,0.0,-4.036148785330767,4.036148785330767,False
2025-03-24 13:00:00,initial,53.91768719816975,4.039789073914072,4.169778908693954,0.1299898347798818,0.1299898347798818,True
2025-03-24 13:00:00,initial,54.8122788762775,4.031203591296119,0.0,-4.031203591296119,4.031203591296119,False
2025-03-24 13:00:00,initial,51.83224242834454,4.417409277308988,4.182071789387812,-0.2353374879211767,0.2353374879211767,True
2025-03-24 13:00:00,initial,51.22657294869208,4.350056063955485,4.240576252408966,-0.1094798115465192,0.1094798115465192,True
2025-03-24 13:00:00,initial,52.8050619517888,4.056793391722309,0.0,-4.056793391722309,4.056793391722309,False
2025-03-24 14:00:00,initial,52.378896698877085,4.194897345618685,0.0,-4.194897345618685,4.194897345618685,False
2025-03-25 09:00:00,initial,51.45378636702289,4.3544589097986375,4.455295779821472,0.10083687002283437,0.10083687002283437,True
2025-03-25 09:00:00,initial,50.10020514916231,4.493074522048985,4.492706447281605,-0.00036807476738065503,0.00036807476738065503,True
2025-03-25 09:00:00,initial,49.19841403497559,4.551750411263367,4.517090862801531,-0.0346595484618355,0.0346595484618355,True
2025-03-25 10:00:00,initial,50.39848227581866,5.176686128018986,4.598010906819605,-0.5786752211993811,0.5786752211993811,True
2025-03-25 11:00:00,initial,51.99081837868095,4.624462129724783,4.498558724066748,-0.12590340565803526,0.12590340565803526,True
2025-03-25 12:00:00,initial,50.94202306389143,4.272960853884076,4.372021125067777,0.09906027118370098,0.09906027118370098,True
2025-03-25 13:00:00,initial,53.93428447875897,4.038578916141084,4.188625260130828,0.15004634398974392,0.15004634398974392,True
2025-03-25 13:00:00,initial,50.62932485581679,4.149037022090983,4.249158180697221,0.10012115860623805,0.10012115860623805,True
2025-03-25 15:00:00,initial,50.66030189995345,4.0183587810583,0.0,-4.0183587810583,4.0183587810583,False
2025-03-25 15:00:00,initial,49.46330942330165,4.132071623020167,0.0,-4.132071623020167,4.132071623020167,False
2025-03-26 08:00:00,initial,49.46295375279792,4.029275734512524,4.21878837235779,0.18951263784526606,0.18951263784526606,True
2025-03-26 08:00:00,initial,52.45498936137192,4.141160404636107,0.0,-4.141160404636107,4.141160404636107,False
2025-03-26 09:00:00,initial,48.48106616544038,4.900473376078995,4.531519322124164,-0.3689540539548313,0.3689540539548313,True
2025-03-26 09:00:00,initial,53.02143967548498,4.335410934937848,0.0,-4.335410934937848,4.335410934937848,False
2025-03-26 10:00:00,initial,54.88029812721889,4.021398416225807,0.0,-4.021398416225807,4.021398416225807,False
2025-03-26 10:00:00,initial,51.062889591763714,4.976637029263216,4.8394812741234405,-0.13715575513977551,0.13715575513977551,True
2025-03-26 10:00:00,initial,49.40101254566676,4.812945680224281,4.710936706392529,-0.10200897383175267,0.10200897383175267,True
2025-03-26 10:00:00,initial,50.54597903620794,4.766605294784579,4.708922844306849,-0.05768245047773046,0.05768245047773046,True
2025-03-26 11:00:00,initial,53.9568398845728,4.0447565401182,0.0,-4.0447565401182,4.0447565401182,False
2025-03-26 12:00:00,initial,51.76380276166127,4.000222659226587,4.407077186233481,0.4068545270068942,0.4068545270068942,True
2025-03-26 13:00:00,initial,53.04920464183687,4.058140077478093,4.194609022113136,0.1364689446350429,0.1364689446350429,True
2025-03-26 13:00:00,initial,52.12922167195836,4.000241598898988,4.241224769344502,0.24098317044551365,0.24098317044551365,True
2025-03-26 15:00:00,initial,52.78394026591217,4.019581903023152,0.0,-4.019581903023152,4.019581903023152,False
2025-03-26 15:00:00,initial,50.246038641602986,4.011670105793332,0.0,-4.011670105793332,4.011670105793332,False
2025-03-27 09:00:00,initial,49.03365010550807,4.77653019492082,4.672742792975253,-0.10378740194556713,0.10378740194556713,True
2025-03-27 09:00:00,initial,49.87019406909888,4.835899307351557,4.58534967527712,-0.2505496320744367,0.2505496320744367,True
2025-03-27 10:00:00,initial,51.88047221759061,5.240410976718728,4.829005125469008,-0.41140585124971984,0.41140585124971984,True
2025-03-27 10:00:00,initial,51.93022929189109,4.883904802789186,4.849180753201296,-0.034724049587889994,0.034724049587889994,True
2025-03-27 11:00:00,initial,51.08801510355668,4.896357657323662,4.651264553709038,-0.24509310361462422,0.24509310361462422,True
2025-03-27 11:00:00,initial,51.99017327798237,4.766323669251278,4.682780981974619,-0.08354268727665914,0.08354268727665914,True
2025-03-27 11:00:00,initial,51.18023886880616,4.670884343869723,4.656599604861492,-0.014284739008230574,0.014284739008230574,True
2025-03-27 11:00:00,initial,51.19130701760744,4.645115965189273,4.647558400805626,0.0024424356163530447,0.0024424356163530447,True
2025-03-27 12:00:00,initial,53.2794526096362,4.582794150920442,4.492521615854548,-0.09027253506589439,0.09027253506589439,True
2025-03-27 13:00:00,initial,51.65957020935017,4.36042356833207,4.292611922957558,-0.0678116453745119,0.0678116453745119,True
2025-03-27 14:00:00,initial,50.88551485972355,4.232856458247177,4.1725583226408105,-0.06029813560636654,0.06029813560636654,True
2025-03-28 08:00:00,initial,49.04539032235406,4.319902220513079,4.289980790702215,-0.029921429810864097,0.029921429810864097,True
2025-03-28 08:00:00,initial,48.24021879312972,4.4157625979561,4.229984064800576,-0.18577853315552328,0.18577853315552328,True
2025-03-28 09:00:00,initial,52.185583615430346,4.895580327158626,4.6209831653128735,-0.2745971618457528,0.2745971618457528,True
2025-03-28 10:00:00,initial,49.48125081074316,4.819714910264512,4.747093843996112,-0.07262106626840037,0.07262106626840037,True
2025-03-28 10:00:00,initial,51.199483115854406,4.861434891100849,4.847050390238581,-0.014384500862267835,0.014384500862267835,True
2025-03-28 11:00:00,initial,52.84412563337502,5.053840247369401,4.749810072992393,-0.30403017437700797,0.30403017437700797,True
2025-03-28 11:00:00,initial,51.93303177756791,4.821141501730359,4.72674397161185,-0.09439753011850982,0.09439753011850982,True
2025-03-28 12:00:00,initial,52.30723569850023,4.682020546279702,4.532489676124658,-0.1495308701550444,0.1495308701550444,True
2025-03-28 12:00:00,initial,52.52512590064912,4.635125696863998,4.49869258004561,-0.1364331168183881,0.1364331168183881,True
2025-03-28 12:00:00,initial,49.843678674074056,4.603862463920219,4.537396211339838,-0.06646625258038075,0.06646625258038075,True
2025-03-28 12:00:00,initial,50.91768872008955,4.594930111650562,4.449836203101231,-0.14509390854933102,0.14509390854933102,True
2025-03-28 13:00:00,initial,52.87655208897645,4.339748790366166,4.195600237435661,-0.14414855293050444,0.14414855293050444,True
2025-03-28 14:00:00,initial,52.61574194769065,4.260373510396189,4.08452216911911,-0.17585134127707924,0.17585134127707924,True
2025-03-28 15:00:00,initial,51.27379342440776,4.141463232118678,0.0,-4.141463232118678,4.141463232118678,False
2025-03-29 09:00:00,initial,49.35075290037679,4.709177722127183,4.664689505668556,-0.04448821645862733,0.04448821645862733,True
2025-03-29 09:00:00,initial,47.69413585946207,4.616216825483303,4.668631322801459,0.05241449731815617,0.05241449731815617,True
2025-03-29 10:00:00,initial,52.21689234932786,4.997865197210466,4.867159105175105,-0.13070609203536065,0.13070609203536065,True
2025-03-29 11:00:00,initial,51.93400680839948,4.677137222098459,4.695924725294178,0.018787503195719424,0.018787503195719424,True
2025-03-29 11:00:00,initial,51.598963666621245,4.703517990057563,4.649990447538312,-0.05352754251925074,0.05352754251925074,True
2025-03-29 12:00:00,initial,52.60576510018517,4.619286450789744,4.498003936698367,-0.12128251409137736,0.12128251409137736,True
2025-03-29 12:00:00,initial,52.91522953916797,4.559498649913653,4.477492664125896,-0.08200598578775686,0.08200598578775686,True
2025-03-29 13:00:00,initial,53.19090288865493,4.24564168654539,4.232791054927752,-0.012850631617638442,0.012850631617638442,True
2025-03-29 13:00:00,initial,52.78524590888656,4.303561891765245,4.2442484599678005,-0.059313431797444416,0.059313431797444416,True
2025-03-29 13:00:00,initial,54.38710956183209,4.339050361911852,0.0,-4.339050361911852,4.339050361911852,False
2025-03-29 13:00:00,initial,52.35986810785912,4.349725639096583,4.275102623705322,-0.07462301539126148,0.07462301539126148,True
2025-03-29 15:00:00,initial,52.31937038265036,4.008900638498705,0.0,-4.008900638498705,4.008900638498705,False
2025-03-30 09:00:00,development,47.87576277852936,4.133870260446852,4.421204751280217,0.2873344908333655,0.2873344908333655,True
2025-03-30 10:00:00,development,51.46873955457087,4.687969269109821,4.456682734728147,-0.2312865343816748,0.2312865343816748,True
2025-03-30 11:00:00,development,48.50875768358155,4.658207533896466,4.511467142197528,-0.1467403916989376,0.1467403916989376,True
2025-03-30 11:00:00,development,48.96587617820997,4.579969649449964,4.466451586580348,-0.11351806286961619,0.11351806286961619,True
2025-03-30 12:00:00,development,50.75669377615674,4.640352559808633,4.430158946802719,-0.21019361300591388,0.21019361300591388,True
2025-03-30 13:00:00,development,49.36576611859668,4.523912877279365,4.307461142427459,-0.21645173485190572,0.21645173485190572,True
2025-03-30 13:00:00,development,49.00042344201436,4.461207867146957,4.298880672422385,-0.1623271947245719,0.1623271947245719,True
2025-03-31 09:00:00,development,50.33778467310159,4.32905541797826,0.0,-4.32905541797826,4.32905541797826,False
2025-03-31 09:00:00,development,47.68759464085901,4.941302823005007,4.585677718743676,-0.355625104261331,0.355625104261331,True
2025-03-31 09:00:00,development,48.6432331827005,4.699965605053251,4.6491222671387264,-0.050843337914524334,0.050843337914524334,True
2025-03-31 09:00:00,development,46.85114673235197,4.880082801360384,4.6765403542571775,-0.20354244710320657,0.20354244710320657,True
2025-03-31 09:00:00,development,48.30707306841924,4.845762978860169,4.674353117865716,-0.17140986099445232,0.17140986099445232,True
2025-03-31 09:00:00,development,44.82261136953849,4.728336993393217,4.6982560788400285,-0.03008091455318862,0.03008091455318862,True
2025-03-31 10:00:00,development,49.88837989788016,5.222360786579152,4.642201768517734,-0.5801590180614182,0.5801590180614182,True
2025-03-31 10:00:00,development,49.34467629794549,5.158035837981707,4.628978819330371,-0.5290570186513364,0.5290570186513364,True
2025-03-31 10:00:00,development,52.01385132940521,4.540428088800567,4.595509885291219,0.05508179649065159,0.05508179649065159,True
2025-03-31 11:00:00,development,48.333200608897215,4.634458667912302,4.635276739816516,0.0008180719042139017,0.0008180719042139017,True
2025-03-31 11:00:00,development,48.42490454522585,4.613717904200303,4.623423229181612,0.009705324981308827,0.009705324981308827,True
2025-03-31 12:00:00,development,51.30747224890403,4.4754429820273245,4.479187127125832,0.003744145098507623,0.003744145098507623,True
2025-03-31 12:00:00,development,50.977310178307775,4.0372393023084605,0.0,-4.0372393023084605,4.0372393023084605,False
2025-03-31 12:00:00,development,50.43349900609842,4.047325687633101,4.387600819239138,0.3402751316060364,0.3402751316060364,True
2025-04-01 09:00:00,development,50.71102430009346,4.192463580098465,0.0,-4.192463580098465,4.192463580098465,False
2025-04-01 09:00:00,development,50.04918855134559,4.1543219643196885,4.354571028535552,0.2002490642158632,0.2002490642158632,True
2025-04-01 09:00:00,development,48.44240936758289,4.108026435631402,4.421743377602941,0.3137169419715393,0.3137169419715393,True
2025-04-01 09:00:00,development,48.26967866165683,4.10626342743474,4.399179890656376,0.2929164632216361,0.2929164632216361,True
2025-04-01 09:00:00,development,47.19446238675243,4.223112411041402,4.410937802548492,0.18782539150709,0.18782539150709,True
2025-04-01 09:00:00,development,46.93741627684869,4.220027146697248,4.490216962666138,0.27018981596889,0.27018981596889,True
2025-04-01 10:00:00,development,51.63432958259581,4.116075485030088,4.327001163182055,0.21092567815196706,0.21092567815196706,True
2025-04-01 10:00:00,development,51.4613735140322,4.154626440971924,0.0,-4.154626440971924,4.154626440971924,False
2025-04-01 10:00:00,development,52.71901745168663,4.121473573146382,0.0,-4.121473573146382,4.121473573146382,False
2025-04-01 11:00:00,development,50.26971367970366,4.120514650003063,4.394972110814901,0.2744574608118384,0.2744574608118384,True
2025-04-01 11:00:00,development,49.48025725375484,4.116300100533159,4.348078095782394,0.23177799524923426,0.23177799524923426,True
2025-04-01 12:00:00,development,51.649237208092096,4.089982067556875,4.419783413778394,0.3298013462215188,0.3298013462215188,True
2025-04-01 12:00:00,development,51.50123001799376,4.207825693338531,4.308154190407525,0.10032849706899416,0.10032849706899416,True
2025-04-01 12:00:00,development,50.641553332028806,4.162207423237287,0.0,-4.162207423237287,4.162207423237287,False
2025-04-02 09:00:00,development,49.48634257034629,4.435294348720859,4.385928860810191,-0.04936548791066819,0.04936548791066819,True
2025-04-02 09:00:00,development,49.50446080577057,4.458343836189929,4.440763286800422,-0.017580549389506928,0.017580549389506928,True
2025-04-02 09:00:00,development,49.120797900548574,4.425295531957911,4.44298373297304,0.01768820101512958,0.01768820101512958,True
2025-04-02 09:00:00,development,46.77274875901285,4.428117298597062,4.498507882492311,0.07039058389524921,0.07039058389524921,True
2025-04-02 09:00:00,development,47.030729672046256,4.49338583187534,4.473376438965754,-0.0200093929095857,0.0200093929095857,True
2025-04-02 09:00:00,development,47.46972228442513,4.49832392349386,4.453633495507376,-0.044690427986483705,0.044690427986483705,True
2025-04-02 10:00:00,development,51.37707265639281,4.392287495265393,4.416280301164975,0.023992805899582414,0.023992805899582414,True
2025-04-02 10:00:00,development,51.980619772165866,4.400927355812051,4.424224654661424,0.02329729884937315,0.02329729884937315,True
2025-04-02 10:00:00,development,50.7150889017299,4.423997286085381,4.4508707529650735,0.026873466879692387,0.026873466879692387,True
2025-04-02 11:00:00,development,48.39987461509892,4.4677848657115256,4.515245649075425,0.04746078336389914,0.04746078336389914,True
2025-04-02 11:00:00,development,48.42060623521781,4.474530424306074,4.504812543756626,0.03028211945055137,0.03028211945055137,True
2025-04-02 12:00:00,development,51.51899359466126,4.423548696795336,4.470480236768912,0.04693153997357591,0.04693153997357591,True
2025-04-02 12:00:00,development,51.57644599579125,4.479745712947597,4.332414963222411,-0.14733074972518612,0.14733074972518612,True
2025-04-02 12:00:00,development,49.47858021017973,4.4926301322982845,4.402743467530309,-0.08988666476797569,0.08988666476797569,True
2025-04-03 09:00:00,development,49.32778227556484,4.761010585189339,4.593881273886298,-0.1671293113030412,0.1671293113030412,True
2025-04-03 09:00:00,development,49.271394241185625,4.762401891580144,4.550953541023148,-0.21144835055699573,0.21144835055699573,True
2025-04-03 09:00:00,development,48.33383822252933,4.733406716142017,4.685592632573114,-0.0478140835689036,0.0478140835689036,True
2025-04-03 09:00:00,development,47.514946954479214,4.72683666601683,4.646063159969913,-0.08077350604691702,0.08077350604691702,True
2025-04-03 09:00:00,development,48.88030900635375,4.731696565766427,4.745487937960396,0.013791372193969309,0.013791372193969309,True
2025-04-03 09:00:00,development,45.78688396532151,4.720198978047346,4.744678831839965,0.02447985379261919,0.02447985379261919,True
2025-04-03 10:00:00,development,51.883087538351965,4.854790483139475,4.7083585291636325,-0.14643195397584208,0.14643195397584208,True
2025-04-03 10:00:00,development,51.975898429534936,4.834673895155682,4.703129470561543,-0.1315444245941384,0.1315444245941384,True
2025-04-03 10:00:00,development,50.24319665822756,4.830615601163743,4.6907991938305305,-0.1398164073332122,0.1398164073332122,True
2025-04-03 11:00:00,development,52.60132113336887,4.059454589884297,4.661939619329687,0.6024850294453907,0.6024850294453907,True
2025-04-03 11:00:00,development,51.51890608033726,4.084018075700179,4.456229578875891,0.37221150317571183,0.37221150317571183,True
2025-04-03 11:00:00,development,51.38436346996398,4.080055451011749,4.408246073858727,0.32819062284697864,0.32819062284697864,True
2025-04-03 11:00:00,development,48.02433171944787,4.770573183622837,4.618935604487708,-0.15163757913512832,0.15163757913512832,True
2025-04-03 11:00:00,development,48.30713559996882,4.75486718672229,4.719720699590365,-0.03514648713192514,0.03514648713192514,True
2025-04-04 08:00:00,development,46.60962853700936,4.041539571204861,4.103032106072997,0.061492534868135884,0.061492534868135884,True
2025-04-04 09:00:00,development,48.96447414929576,4.72686533333782,4.618249321836957,-0.10861601150086297,0.10861601150086297,True
2025-04-04 09:00:00,development,47.80042263247446,4.736745895850962,4.688500278726774,-0.048245617124187845,0.048245617124187845,True
2025-04-04 09:00:00,development,47.98022477009192,4.734479861156462,4.645153942400536,-0.0893259187559261,0.0893259187559261,True
2025-04-04 09:00:00,development,47.98730413219317,4.738262583390359,4.699699364190789,-0.03856321919956951,0.03856321919956951,True
2025-04-04 09:00:00,development,46.94109667421471,4.762703027858148,4.702055498558674,-0.06064752929947392,0.06064752929947392,True
2025-04-04 10:00:00,development,51.452532047527335,4.568967864024579,0.0,-4.568967864024579,4.568967864024579,False
2025-04-04 10:00:00,development,50.68621868235825,4.5805500381612205,4.56401842246775,-0.016531615693470947,0.016531615693470947,True
2025-04-04 10:00:00,development,51.05591308606421,4.597591125229549,4.56408298920388,-0.033508136025669266,0.033508136025669266,True
2025-04-04 11:00:00,development,51.54989824063336,4.454010070380406,4.508429174843847,0.05441910446344167,0.05441910446344167,True
2025-04-04 11:00:00,development,50.52310965923285,4.534158808206062,4.521208415617743,-0.012950392588319204,0.012950392588319204,True
2025-04-04 11:00:00,development,50.52501799747802,4.520576102871068,4.509958652681482,-0.01061745018958593,0.01061745018958593,True
2025-04-04 11:00:00,development,48.29648122902727,4.512160692201068,4.445113553442938,-0.06704713875812995,0.06704713875812995,True
2025-04-04 11:00:00,development,48.35381755117093,4.521203457864818,4.521367647793158,0.00016418992834044133,0.00016418992834044133,True
2025-04-05 09:00:00,development,48.97252112702221,4.317011721301999,4.367232788234532,0.05022106693253292,0.05022106693253292,True
2025-04-05 10:00:00,development,50.0832301097434,4.57887022756476,4.32250339117263,-0.25636683639213054,0.25636683639213054,True
2025-04-05 10:00:00,development,49.91624285731347,4.612585888708189,4.390824467206763,-0.22176142150142564,0.22176142150142564,True
2025-04-05 10:00:00,development,49.22744194675057,4.341513395566601,4.327933152884306,-0.013580242682294852,0.013580242682294852,True
2025-04-05 10:00:00,development,49.9068659436771,4.297482872138559,4.324328245428006,0.02684537328944714,0.02684537328944714,True
2025-04-05 10:00:00,development,50.76340722842734,4.459171825282457,4.510905846292337,0.05173402100987978,0.05173402100987978,True
2025-04-05 11:00:00,development,52.17030527712423,4.576498690873137,4.376520279572387,-0.19997841130075056,0.19997841130075056,True
2025-04-05 11:00:00,development,51.464167463845286,4.514854547906793,4.332356828302288,-0.18249771960450545,0.18249771960450545,True
2025-04-05 11:00:00,development,51.71893142510851,4.561282476423607,4.418702357035326,-0.1425801193882803,0.1425801193882803,True
2025-04-05 12:00:00,development,51.804668144634704,4.2463218310774735,4.440131366831775,0.19380953575430127,0.19380953575430127,True
2025-04-05 12:00:00,development,50.78279645825536,4.3647970115750425,4.450139849633198,0.08534283805815512,0.08534283805815512,True
2025-04-05 12:00:00,development,50.16596208839446,4.288213186863082,4.425130334236285,0.13691714737320293,0.13691714737320293,True
2025-04-05 12:00:00,development,49.50054279828132,4.281905465240115,4.3838959393817705,0.10199047414165552,0.10199047414165552,True
2025-04-05 12:00:00,development,50.70865102956463,4.43777642393102,4.453346528634367,0.015570104703347631,0.015570104703347631,True
2025-04-06 09:00:00,development,45.16791713734664,4.757875161238744,4.706413494070173,-0.0514616671685717,0.0514616671685717,True
2025-04-06 10:00:00,development,49.3635745074352,4.852935048815201,4.70050777188446,-0.15242727693074087,0.15242727693074087,True
2025-04-06 10:00:00,development,49.43857989585461,4.843470823375657,4.6574855817552585,-0.18598524162039887,0.18598524162039887,True
2025-04-06 10:00:00,development,49.09861462332853,4.8204074585588295,4.7488582771189805,-0.07154918143984901,0.07154918143984901,True
2025-04-06 10:00:00,development,47.886981072494194,4.795419524053365,4.720111215845097,-0.07530830820826839,0.07530830820826839,True
2025-04-06 10:00:00,development,48.46593257473597,4.811328147057008,4.758210335748608,-0.05311781130840032,0.05311781130840032,True
2025-04-06 11:00:00,development,51.07285015387187,4.965059098550178,4.664362153379792,-0.3006969451703858,0.3006969451703858,True
2025-04-06 11:00:00,development,53.14195450137896,4.939742458226583,4.721233596129908,-0.21850886209667486,0.21850886209667486,True
2025-04-06 11:00:00,development,50.6615837859807,4.927834138064775,4.64356903614864,-0.2842651019161355,0.2842651019161355,True
2025-04-06 11:00:00,development,52.83676122718806,4.126100909064796,4.437504956244694,0.3114040471798978,0.3114040471798978,True
2025-04-06 11:00:00,development,50.9669545476125,4.130204038180306,4.35052217371911,0.22031813553880397,0.22031813553880397,True
2025-04-06 11:00:00,development,51.18536133499387,4.129854714745836,0.0,-4.129854714745836,4.129854714745836,False
2025-04-06 11:00:00,development,50.17508400703297,4.129906067876888,4.418604646733316,0.2886985788564278,0.2886985788564278,True
2025-04-06 11:00:00,development,48.32988419793125,4.130607251866561,4.510321783509403,0.3797145316428425,0.3797145316428425,True
2025-04-07 09:00:00,development,46.58317311937115,4.77385302731896,4.737517461622564,-0.03633556569639662,0.03633556569639662,True
2025-04-07 10:00:00,development,50.73821268130733,4.775334158716394,4.623740727610605,-0.1515934311057885,0.1515934311057885,True
2025-04-07 10:00:00,development,49.87029565086015,4.767374097418717,4.673609749809192,-0.09376434760952446,0.09376434760952446,True
2025-04-07 10:00:00,development,48.38938228270882,4.780208603299297,4.680280887954789,-0.09992771534450817,0.09992771534450817,True
2025-04-07 10:00:00,development,49.57273605063935,4.76670693704795,4.659849262845887,-0.10685767420206282,0.10685767420206282,True
2025-04-07 10:00:00,development,48.33716251520103,4.7822476163064,4.716872994996504,-0.06537462130989535,0.06537462130989535,True
2025-04-07 11:00:00,development,52.02183615398894,4.778003300056973,4.707989281596237,-0.07001401846073563,0.07001401846073563,True
2025-04-07 11:00:00,development,51.13424654695957,4.776142998299342,4.50274669301963,-0.2733963052797117,0.2733963052797117,True
2025-04-07 11:00:00,development,51.44143435832784,4.780837847420521,4.713320496448878,-0.06751735097164335,0.06751735097164335,True
2025-04-07 11:00:00,development,51.10018766735217,4.773073500399256,4.563671596871657,-0.20940190352759913,0.20940190352759913,True
2025-04-07 11:00:00,development,46.83503305889023,4.771722368808145,4.663039357194554,-0.10868301161359106,0.10868301161359106,True
2025-04-07 11:00:00,development,48.88650092131962,4.780137821444601,4.73360724853196,-0.04653057291264151,0.04653057291264151,True
2025-04-07 11:00:00,development,47.347395538483454,4.773024580038481,4.683182246921604,-0.08984233311687717,0.08984233311687717,True
2025-04-07 11:00:00,development,49.57134372711282,4.786506942147636,4.506104351525919,-0.28040259062171646,0.28040259062171646,True
2025-04-08 09:00:00,development,44.76671254564783,4.697372624871058,4.599425070058908,-0.09794755481214956,0.09794755481214956,True
2025-04-08 10:00:00,development,50.49587987602284,4.47673128238678,4.534617966655326,0.057886684268546595,0.057886684268546595,True
2025-04-08 10:00:00,development,50.24984061059389,4.499985101519254,4.497510811677165,-0.0024742898420893056,0.0024742898420893056,True
2025-04-08 10:00:00,development,48.939693394566014,4.535201497465582,4.63177560087089,0.09657410340530781,0.09657410340530781,True
2025-04-08 10:00:00,development,49.33819548681423,4.598336681818822,4.576079295180268,-0.02225738663855381,0.02225738663855381,True
2025-04-08 10:00:00,development,47.28713472841908,4.552871558916667,4.554028163569053,0.001156604652385873,0.001156604652385873,True
2025-04-08 11:00:00,development,50.50746824439346,4.290202964416508,4.448574909667863,0.15837194525135434,0.15837194525135434,True
2025-04-08 11:00:00,development,50.99482252684075,4.318963455233359,4.422101156559845,0.10313770132648603,0.10313770132648603,True
2025-04-08 11:00:00,development,51.93607592847829,4.371500084112149,4.439601453569906,0.06810136945775636,0.06810136945775636,True
2025-04-08 11:00:00,development,52.54081438093474,4.24093198278279,4.445983106095473,0.20505112331268283,0.20505112331268283,True
2025-04-08 11:00:00,development,46.98181770059657,4.5603912652386285,4.558279692479349,-0.002111572759279312,0.002111572759279312,True
2025-04-08 11:00:00,development,49.17270349259817,4.4750264001345705,4.382840793250025,-0.09218560688454591,0.09218560688454591,True
2025-04-08 11:00:00,development,47.72445979285795,4.525901578095031,4.4657356306129605,-0.06016594748207016,0.06016594748207016,True
2025-04-08 11:00:00,development,51.10824532394768,4.490609792788064,4.393325767858821,-0.09728402492924282,0.09728402492924282,True
2025-04-09 09:00:00,development,47.80540719196821,4.529976854758186,4.614254075911371,0.0842772211531857,0.0842772211531857,True
2025-04-09 10:00:00,development,49.07007399997264,4.692177265953369,4.544713708149115,-0.14746355780425358,0.14746355780425358,True
2025-04-09 10:00:00,development,51.9581710049082,4.684378783477396,4.579099597466974,-0.10527918601042163,0.10527918601042163,True
2025-04-09 10:00:00,development,48.992173033588784,4.632456987139182,4.593527144673383,-0.03892984246579889,0.03892984246579889,True
2025-04-09 10:00:00,development,47.41957013419575,4.617858336049412,4.61429132349872,-0.003567012550692361,0.003567012550692361,True
2025-04-09 10:00:00,development,48.66730371859184,4.614536033869872,4.627196994970987,0.012660961101114587,0.012660961101114587,True
2025-04-09 11:00:00,development,51.08313910671647,4.877792775320579,4.480138999428849,-0.39765377589172957,0.39765377589172957,True
2025-04-09 11:00:00,development,51.94928780854227,4.837086076494877,4.619255437046819,-0.21783063944805825,0.21783063944805825,True
2025-04-09 11:00:00,development,51.74084981700133,4.824607727082004,4.618239068767042,-0.20636865831496198,0.20636865831496198,True
2025-04-09 11:00:00,development,51.95412035316644,4.769920023432441,4.659583250879057,-0.11033677255338414,0.11033677255338414,True
2025-04-09 11:00:00,development,49.5409253296402,4.7182376306049,4.664477667228821,-0.0537599633760788,0.0537599633760788,True
2025-04-09 11:00:00,development,49.27564414780797,4.694079951074627,4.60115220489608,-0.09292774617854782,0.09292774617854782,True
2025-04-09 11:00:00,development,49.06267501040664,4.653639592014045,4.677909728954099,0.02427013694005442,0.02427013694005442,True
2025-04-09 11:00:00,development,46.893562303634,4.625144902836045,4.54576507891966,-0.07937982391638432,0.07937982391638432,True
2025-04-10 08:00:00,development,47.902699714565536,4.034677612659738,4.1191815545371,0.08450394187736165,0.08450394187736165,True
2025-04-10 10:00:00,development,49.54974829736102,4.874727330864317,4.789254405226234,-0.08547292563808373,0.08547292563808373,True
2025-04-10 10:00:00,development,51.47113989534305,4.8709049002396725,4.765650611255139,-0.1052542889845336,0.1052542889845336,True
2025-04-10 10:00:00,development,49.33182254777414,4.862835324476492,4.791980989750533,-0.07085433472595959,0.07085433472595959,True
2025-04-10 10:00:00,development,49.894658938235146,4.019457802452482,4.616492539155893,0.597034736703411,0.597034736703411,True
2025-04-10 10:00:00,development,47.38730512959352,4.852642176144041,4.754512539850122,-0.09812963629391902,0.09812963629391902,True
2025-04-10 10:00:00,development,49.511522523158455,4.068872314183313,4.671287612452578,0.602415298269265,0.602415298269265,True
2025-04-10 10:00:00,development,48.633640940260285,4.859437608365678,4.738618881205858,-0.12081872715981934,0.12081872715981934,True
2025-04-10 11:00:00,development,50.80493610649593,4.90749360620562,4.472977898060106,-0.434515708145514,0.434515708145514,True
2025-04-10 11:00:00,development,51.38309543235598,4.902756531335911,4.772558547308219,-0.13019798402769212,0.13019798402769212,True
2025-04-10 11:00:00,development,50.7094124276277,4.891861259135574,4.770856403942161,-0.12100485519341309,0.12100485519341309,True
2025-04-10 11:00:00,development,51.71365888991927,4.916967755945059,4.807396793183909,-0.10957096276115053,0.10957096276115053,True
2025-04-10 11:00:00,development,49.2506430453711,4.87433408211761,4.740138214558535,-0.13419586755907442,0.13419586755907442,True
2025-04-10 11:00:00,development,49.59945374348209,4.870544422221837,4.64545231743483,-0.2250921047870067,0.2250921047870067,True
2025-04-10 14:00:00,development,50.33099992900672,4.059770088366225,0.0,-4.059770088366225,4.059770088366225,False
2025-04-11 10:00:00,development,49.340071941303805,4.591577302709517,4.521661831320333,-0.06991547138918364,0.06991547138918364,True
2025-04-11 10:00:00,development,50.19109479577647,4.608436229538668,4.557684130829801,-0.05075209870886699,0.05075209870886699,True
2025-04-11 10:00:00,development,49.95002842800396,4.620902297289074,4.600195804082815,-0.020706493206259502,0.020706493206259502,True
2025-04-11 10:00:00,development,48.70460120652696,4.630888010026091,4.621001998314509,-0.009886011711581766,0.009886011711581766,True
2025-04-11 10:00:00,development,48.27568509209624,4.656484435500108,4.598022837626437,-0.05846159787367089,0.05846159787367089,True
2025-04-11 10:00:00,development,48.999252191342485,4.667734435500108,4.621192217560677,-0.046542217939431474,0.046542217939431474,True
2025-04-11 10:00:00,development,46.34905795395846,4.673959432789889,4.614171134060818,-0.05978829872907099,0.05978829872907099,True
2025-04-11 11:00:00,development,52.04762880757219,4.432278906272444,4.463492636406113,0.031213730133669237,0.031213730133669237,True
2025-04-11 11:00:00,development,51.66624867920708,4.455200925452353,4.409554983175022,-0.04564594227733032,0.04564594227733032,True
2025-04-11 11:00:00,development,51.934329050308335,4.478221569566202,4.523541428195863,0.045319858629660814,0.045319858629660814,True
2025-04-11 11:00:00,development,51.58427163661345,4.404434867912585,4.493691542184865,0.08925667427228046,0.08925667427228046,True
2025-04-11 11:00:00,development,50.745416731292266,4.558870655875854,4.5654104919035365,0.0065398360276827106,0.0065398360276827106,True
2025-04-11 11:00:00,development,50.62753332363297,4.556733040531903,4.53592105014249,-0.020811990389412394,0.020811990389412394,True
2025-04-11 13:00:00,development,48.194037657461045,4.056421130329362,4.269957467570371,0.21353633724100884,0.21353633724100884,True
2025-04-13 11:00:00,development,50.33920162450866,4.167154754546779,4.334903934292374,0.167749179745595,0.167749179745595,True
2025-04-13 11:00:00,development,48.237271024059055,4.464883870819399,4.421870508001118,-0.043013362818281387,0.043013362818281387,True
2025-04-13 12:00:00,development,50.42941574177708,4.433613483212415,4.25497787710203,-0.17863560611038487,0.17863560611038487,True
2025-04-13 12:00:00,development,51.82299828814367,4.014814736518673,0.0,-4.014814736518673,4.014814736518673,False
2025-04-13 12:00:00,development,50.367043716236246,4.311183667924023,4.298206217870717,-0.012977450053305972,0.012977450053305972,True
2025-04-13 12:00:00,development,49.25323401508056,4.278221794577146,4.287436764984926,0.009214970407779965,0.009214970407779965,True
2025-04-13 12:00:00,development,49.6482484532888,4.214897122072152,4.248827633627627,0.03393051155547511,0.03393051155547511,True
2025-04-13 13:00:00,development,49.437471837183374,4.385068516014087,4.151577559482247,-0.23349095653184015,0.23349095653184015,True
2025-04-13 13:00:00,development,50.27961561168341,4.275525522702601,4.16344982374892,-0.11207569895368152,0.11207569895368152,True
2025-04-13 15:00:00,development,46.22530667477191,4.060704664882394,0.0,-4.060704664882394,4.060704664882394,False
2025-04-14 10:00:00,mid,48.41537344049245,4.178381672538947,0.0,-4.178381672538947,4.178381672538947,False
2025-04-14 10:00:00,mid,49.01777455568701,4.690569447669681,4.492155748552185,-0.19841369911749585,0.19841369911749585,True
2025-04-14 10:00:00,mid,48.04502138704486,4.435513830470388,4.620446271565525,0.18493244109513718,0.18493244109513718,True
2025-04-14 11:00:00,mid,48.56607031110036,5.276596562266839,4.502405999994105,-0.7741905622727341,0.7741905622727341,True
2025-04-14 12:00:00,mid,49.73161560138331,4.05519731779906,0.0,-4.05519731779906,4.05519731779906,False
2025-04-14 12:00:00,mid,48.40066039166295,4.127502079995217,4.326861374755945,0.19935929476072722,0.19935929476072722,True
2025-04-14 13:00:00,mid,49.85306241684195,4.025153601792098,4.256957658092228,0.23180405630012935,0.23180405630012935,True
2025-04-14 13:00:00,mid,47.82895442415606,4.04132105089511,4.257621576441964,0.21630052554685353,0.21630052554685353,True
2025-04-14 13:00:00,mid,47.34890413865189,4.087022896205205,4.328334386350787,0.2413114901455815,0.2413114901455815,True
2025-04-14 14:00:00,mid,48.03807376536124,4.129989843344795,4.223206482985344,0.09321663964054938,0.09321663964054938,True
2025-04-15 08:00:00,mid,46.22734319184038,4.38103003631786,4.183300644726353,-0.1977293915915066,0.1977293915915066,True
2025-04-15 08:00:00,mid,44.7766520515872,4.575512568732325,4.249281921796392,-0.32623064693593307,0.32623064693593307,True
2025-04-15 08:00:00,mid,46.01274564081546,4.29928003631786,4.186254059122063,-0.11302597719579754,0.11302597719579754,True
2025-04-15 09:00:00,mid,47.03430887684095,5.350566468799357,4.84666280048662,-0.5039036683127369,0.5039036683127369,True
2025-04-15 10:00:00,mid,48.76567836613693,5.260461490773551,4.932435830926989,-0.3280256598465616,0.3280256598465616,True
2025-04-15 10:00:00,mid,48.02058144252762,5.246642078829609,4.922290143853401,-0.3243519349762085,0.3243519349762085,True
2025-04-15 10:00:00,mid,47.123912721086015,5.214857431358546,4.946111702917207,-0.26874572844133837,0.26874572844133837,True
2025-04-15 11:00:00,mid,48.71236196411517,5.339862363879746,4.664570425906347,-0.675291937973399,0.675291937973399,True
2025-04-15 11:00:00,mid,51.48071191561447,4.434394743187891,0.0,-4.434394743187891,4.434394743187891,False
2025-04-15 11:00:00,mid,46.49484978809555,4.428319651315945,4.718273838693871,0.28995418737792544,0.28995418737792544,True
2025-04-15 12:00:00,mid,47.892265157467655,4.467043669022839,4.500949661127812,0.03390599210497314,0.03390599210497314,True
2025-04-15 12:00:00,mid,48.77227755555069,4.708004910575529,4.582636919804746,-0.12536799077078253,0.12536799077078253,True
2025-04-15 12:00:00,mid,48.41742653758121,4.6361056588720935,4.567322914267524,-0.06878274460456968,0.06878274460456968,True
2025-04-15 12:00:00,mid,46.094056477113305,4.594164428711757,4.573743748865381,-0.02042067984637619,0.02042067984637619,True
2025-04-15 13:00:00,mid,49.38343322410287,4.50863480873371,0.0,-4.50863480873371,4.50863480873371,False
2025-04-15 13:00:00,mid,47.628969568926095,4.50863480873371,4.277844615655382,-0.23079019307832827,0.23079019307832827,True
2025-04-15 14:00:00,mid,46.911093198142765,4.324356871074382,4.24667691728707,-0.07767995378731207,0.07767995378731207,True
2025-04-16 09:00:00,mid,45.55449059350174,5.079012444241613,4.469622397231017,-0.6093900470105957,0.6093900470105957,True
2025-04-16 10:00:00,mid,50.35941870852864,5.032433328948038,4.369158513584013,-0.6632748153640247,0.6632748153640247,True
2025-04-16 10:00:00,mid,49.0433058924526,5.0409160309635865,4.3903968468175245,-0.650519184146062,0.650519184146062,True
2025-04-16 10:00:00,mid,48.73083361487143,5.04805124559941,4.582002859300528,-0.46604838629888246,0.46604838629888246,True
2025-04-16 10:00:00,mid,47.43760041459888,4.189689654073671,4.336430598425653,0.14674094435198182,0.14674094435198182,True
2025-04-16 11:00:00,mid,50.11186765852198,4.253437380117976,4.50418449052722,0.250747110409244,0.250747110409244,True
2025-04-16 11:00:00,mid,48.82015478600312,5.050219462438573,4.757685402862915,-0.29253405957565803,0.29253405957565803,True
2025-04-16 11:00:00,mid,50.21580309509779,5.00524109575376,4.842319157264728,-0.16292193848903214,0.16292193848903214,True
2025-04-16 11:00:00,mid,48.93023420797466,4.264687380117959,4.5281563862215854,0.26346900610362667,0.26346900610362667,True
2025-04-16 11:00:00,mid,46.64058584147278,4.304762852616555,4.639079365263671,0.33431651264711526,0.33431651264711526,True
2025-04-16 11:00:00,mid,46.95311543207663,4.332515211574073,4.551114614087517,0.21859940251344412,0.21859940251344412,True
2025-04-16 12:00:00,mid,49.26214087338932,4.491922916124029,4.512181128093906,0.020258211969877316,0.020258211969877316,True
2025-04-16 12:00:00,mid,49.56401319845275,4.499422916124029,4.473139964083928,-0.026282952040101115,0.026282952040101115,True
2025-04-16 12:00:00,mid,48.42486784023343,4.06357440734574,4.438505891959398,0.3749314846136578,0.3749314846136578,True
2025-04-17 09:00:00,mid,46.374779354533736,4.964483719329465,4.578605460290127,-0.3858782590393375,0.3858782590393375,True
2025-04-17 09:00:00,mid,46.617383686639,4.020366224612236,4.366016172676441,0.3456499480642057,0.3456499480642057,True
2025-04-17 10:00:00,mid,49.29768838999773,4.9863902779199165,4.60883267034417,-0.3775576075757465,0.3775576075757465,True
2025-04-17 10:00:00,mid,48.48353971664812,4.994804163373431,4.786626196485872,-0.20817796688755852,0.20817796688755852,True
2025-04-17 10:00:00,mid,49.43310066928756,4.974556099916491,4.773965513318644,-0.2005905865978468,0.2005905865978468,True
2025-04-17 10:00:00,mid,47.92557686285543,4.009278410213888,4.309178571894793,0.29990016168090516,0.29990016168090516,True
2025-04-17 10:00:00,mid,47.33565640284292,4.077702827079353,4.695959001689212,0.6182561746098587,0.6182561746098587,True
2025-04-17 10:00:00,mid,46.27171208137774,4.131617070250876,4.730540170804703,0.5989231005538276,0.5989231005538276,True
2025-04-17 11:00:00,mid,47.90885506121556,5.002596156757004,4.847270595856077,-0.15532556090092697,0.15532556090092697,True
2025-04-17 11:00:00,mid,46.23811545070001,4.97099655376871,4.776190810487987,-0.19480574328072375,0.19480574328072375,True
2025-04-17 11:00:00,mid,48.92504038599978,5.006994673186895,4.862471362987626,-0.14452331019926934,0.14452331019926934,True
2025-04-17 11:00:00,mid,51.07516696792542,4.190205273180641,4.6648981038122725,0.47469283063163115,0.47469283063163115,True
2025-04-17 11:00:00,mid,49.63619907652602,4.214205273180642,4.607401668289437,0.3931963951087951,0.3931963951087951,True
2025-04-17 11:00:00,mid,48.01609845624878,4.257280679970904,4.566400645735254,0.3091199657643502,0.3091199657643502,True
2025-04-18 08:00:00,mid,45.51088827725978,4.125264241749139,4.183124390285292,0.057860148536152956,0.057860148536152956,True
2025-04-18 09:00:00,mid,46.54264500664326,5.004479282783855,4.749780033152416,-0.25469924963143864,0.25469924963143864,True
2025-04-18 09:00:00,mid,46.0991218877499,4.18927514412842,4.750822050710774,0.561546906582354,0.561546906582354,True
2025-04-18 09:00:00,mid,47.37778711052095,4.082206305346247,4.46516554417315,0.38295923882690275,0.38295923882690275,True
2025-04-18 10:00:00,mid,49.91312927712254,4.891967426032423,4.502383983315848,-0.3895834427165745,0.3895834427165745,True
2025-04-18 10:00:00,mid,48.59082338914957,4.906936505338997,4.694466372469132,-0.21247013286986505,0.21247013286986505,True
2025-04-18 10:00:00,mid,46.53098437493016,4.927752887744166,4.783500169201094,-0.14425271854307198,0.14425271854307198,True
2025-04-18 10:00:00,mid,49.4411047525551,4.012841072861331,4.359992774397768,0.34715170153643715,0.34715170153643715,True
2025-04-18 10:00:00,mid,48.32497575492034,4.021091072861331,4.37876951020473,0.35767843734339877,0.35767843734339877,True
2025-04-18 10:00:00,mid,46.02337091418763,4.185278205002334,4.785801818920113,0.6005236139177796,0.6005236139177796,True
2025-04-18 10:00:00,mid,47.63254428166571,4.980250981178525,4.745136316575633,-0.2351146646028921,0.2351146646028921,True
2025-04-18 11:00:00,mid,49.42527764261309,4.890036128850053,4.52841294714029,-0.3616231817097626,0.3616231817097626,True
2025-04-18 11:00:00,mid,48.32204861885413,4.791411637011251,4.709381055976203,-0.08203058103504812,0.08203058103504812,True
2025-04-18 11:00:00,mid,47.04449115844535,4.900266626666074,4.520946861037522,-0.3793197656285523,0.3793197656285523,True
2025-04-18 14:00:00,mid,48.14371504173232,4.222474651049453,0.0,-4.222474651049453,4.222474651049453,False
2025-04-19 09:00:00,mid,48.56599110697251,4.372801022460827,4.32716647304933,-0.04563454941149647,0.04563454941149647,True
2025-04-19 09:00:00,mid,46.59644859024304,4.358985719086981,4.46196861882884,0.10298289974185959,0.10298289974185959,True
2025-04-19 09:00:00,mid,45.83197788922435,4.355266214332488,4.608310189411727,0.2530439750792386,0.2530439750792386,True
2025-04-19 10:00:00,mid,50.079973813097226,4.38087225475379,0.0,-4.38087225475379,4.38087225475379,False
2025-04-19 10:00:00,mid,51.83734274432044,4.418868365917327,0.0,-4.418868365917327,4.418868365917327,False
2025-04-19 10:00:00,mid,48.55911333380321,4.370134421593576,0.0,-4.370134421593576,4.370134421593576,False
2025-04-19 10:00:00,mid,48.650314035284985,4.4818450328987325,4.637690409757544,0.15584537685881195,0.15584537685881195,True
2025-04-19 10:00:00,mid,48.10759190480554,4.355491921829596,4.491169421284046,0.13567749945444962,0.13567749945444962,True
2025-04-19 10:00:00,mid,47.84211321560653,4.4379919218295925,4.393470336998405,-0.04452158483118751,0.04452158483118751,True
2025-04-19 10:00:00,mid,45.5319043787005,4.469480255320296,4.691629689678077,0.22214943435778078,0.22214943435778078,True
2025-04-19 11:00:00,mid,50.30624269871935,4.437817812542427,4.480542900490084,0.04272508794765706,0.04272508794765706,True
2025-04-19 11:00:00,mid,48.60350072750151,4.490050198489751,4.5370348975796935,0.04698469908994252,0.04698469908994252,True
2025-04-19 11:00:00,mid,48.16387502451699,4.405154639799612,4.53289886782359,0.12774422802397822,0.12774422802397822,True
2025-04-19 13:00:00,mid,48.907157217535264,4.289041572115927,4.295724380258259,0.006682808142332242,0.006682808142332242,True
2025-04-20 08:00:00,mid,44.301739358481015,4.14610042565473,4.198865383971494,0.05276495831676442,0.05276495831676442,True
2025-04-20 08:00:00,mid,44.51385969134165,4.26066029070252,4.221472227993695,-0.03918806270882502,0.03918806270882502,True
2025-04-20 09:00:00,mid,45.92616532187628,5.154501283641771,4.685314974127868,-0.46918630951390305,0.46918630951390305,True
2025-04-20 09:00:00,mid,46.269567142758525,4.077327037561481,4.226748282265444,0.14942124470396223,0.14942124470396223,True
2025-04-20 09:00:00,mid,48.02194895607604,4.077327037561481,4.1796019932618655,0.10227495570038414,0.10227495570038414,True
2025-04-20 09:00:00,mid,45.55672467286515,4.256990508567522,4.581415054039754,0.32442454547223143,0.32442454547223143,True
2025-04-20 09:00:00,mid,48.05865448068672,4.029416778626537,4.22669960379544,0.1972828251689034,0.1972828251689034,True
2025-04-20 10:00:00,mid,48.93687225927554,5.214954341274691,4.605329392331754,-0.6096249489429368,0.6096249489429368,True
2025-04-20 10:00:00,mid,48.431451327161874,5.207185859587696,4.2445226947787695,-0.9626631648089266,0.9626631648089266,True
2025-04-20 10:00:00,mid,47.693706466164414,5.189318351707595,4.894184127817863,-0.29513422388973165,0.29513422388973165,True
2025-04-20 10:00:00,mid,47.54994207459608,4.11906133295356,0.0,-4.11906133295356,4.11906133295356,False
2025-04-20 10:00:00,mid,49.26151489156745,4.183406573522483,4.441446354680469,0.2580397811579864,0.2580397811579864,True
2025-04-20 11:00:00,mid,51.35756846689431,5.259588963294732,4.966406818207389,-0.29318214508734286,0.29318214508734286,True
2025-04-20 12:00:00,mid,47.17675900397219,4.612307250189662,4.557519716561935,-0.054787533627727036,0.054787533627727036,True
2025-04-20 13:00:00,mid,47.70222703259987,4.179451602140258,4.259616812533598,0.08016521039334012,0.08016521039334012,True
2025-04-20 14:00:00,mid,47.0135592784746,4.313029566750657,4.239251850902571,-0.07377771584808634,0.07377771584808634,True
2025-04-21 08:00:00,mid,46.108680504994894,4.105168504741775,4.206038434632863,0.100869929891088,0.100869929891088,True
2025-04-21 09:00:00,mid,47.66672797359263,4.756899404412859,4.670138633469084,-0.08676077094377543,0.08676077094377543,True
2025-04-21 09:00:00,mid,46.6419003685412,4.819820807732015,4.693888216242538,-0.12593259148947666,0.12593259148947666,True
2025-04-21 09:00:00,mid,45.56534278704264,4.811280494394637,4.702357965807672,-0.10892252858696505,0.10892252858696505,True
2025-04-21 09:00:00,mid,45.60777968227531,4.777530494394636,4.691783953416138,-0.08574654097849788,0.08574654097849788,True
2025-04-21 10:00:00,mid,48.60688682821127,4.57060448096076,4.567359085908838,-0.0032453950519224506,0.0032453950519224506,True
2025-04-21 10:00:00,mid,49.25564153724599,4.604364311888304,4.523808449001998,-0.0805558628863059,0.0805558628863059,True
2025-04-21 10:00:00,mid,47.801342421716,4.612711923021692,4.631662956983022,0.018951033961330133,0.018951033961330133,True
2025-04-21 10:00:00,mid,48.698859965190266,4.677679618691272,4.564912215008476,-0.11276740368279548,0.11276740368279548,True
2025-04-21 10:00:00,mid,47.1901051598752,4.659923297453627,4.654697761442487,-0.005225536011139731,0.005225536011139731,True
2025-04-21 11:00:00,mid,49.26319290707376,4.446291541130499,4.488098430890105,0.04180688975960578,0.04180688975960578,True
2025-04-21 12:00:00,mid,47.0589162955177,4.601647915251608,4.406983969049051,-0.19466394620255656,0.19466394620255656,True
2025-04-21 13:00:00,mid,46.63758359051029,4.466188560247623,4.293173212093135,-0.17301534815448782,0.17301534815448782,True
2025-04-21 13:00:00,mid,46.09706026894046,4.074833483698559,4.277474948748238,0.20264146504967862,0.20264146504967862,True
2025-04-22 13:00:00,mid,45.96950298912236,4.169514983672784,0.0,-4.169514983672784,4.169514983672784,False
2025-04-26 11:00:00,late,51.4210645442256,4.115945305254915,4.418900462813882,0.3029551575589675,0.3029551575589675,True
2025-04-27 08:00:00,late,47.77134826775433,4.045305832082949,4.271479548712974,0.22617371663002483,0.22617371663002483,True
2025-04-27 09:00:00,late,50.81761796558212,4.006064838606875,4.342117298147578,0.33605245954070284,0.33605245954070284,True
2025-04-27 09:00:00,late,49.85245197378257,4.013402596576274,4.379705627476729,0.3663030309004549,0.3663030309004549,True
2025-04-27 10:00:00,late,49.13837532638668,4.85747563680485,4.344730713983398,-0.5127449228214518,0.5127449228214518,True
2025-04-27 11:00:00,late,51.91676912060182,4.82707481736184,4.363859828744059,-0.4632149886177812,0.4632149886177812,True
2025-04-27 11:00:00,late,48.929289236603005,4.308063274589831,4.390172829415951,0.08210955482612015,0.08210955482612015,True
2025-04-27 11:00:00,late,50.571024146341855,4.248704719306449,4.343171949544794,0.09446723023834469,0.09446723023834469,True
2025-04-27 12:00:00,late,52.37017111532834,4.200560135822094,4.288333013181647,0.0877728773595523,0.0877728773595523,True
2025-04-27 12:00:00,late,50.53208114975425,4.29313531434709,4.306488654135183,0.013353339788093166,0.013353339788093166,True
2025-04-27 13:00:00,late,52.4933737562674,4.315081294967165,4.206706462230058,-0.10837483273710635,0.10837483273710635,True
2025-04-27 14:00:00,late,51.42358420660288,4.12747417945635,4.131279894260332,0.003805714803982063,0.003805714803982063,True
2025-04-28 08:00:00,late,48.11960657649534,4.320164481251194,4.285108786446109,-0.035055694805084414,0.035055694805084414,True
2025-04-28 08:00:00,late,49.03290396414834,4.023026221470001,4.235060610112873,0.21203438864287172,0.21203438864287172,True
2025-04-28 08:00:00,late,47.74172774689647,4.17733035376008,4.268579198687546,0.09124884492746599,0.09124884492746599,True
2025-04-28 09:00:00,late,49.46920124962581,4.34858187528501,4.363566058836496,0.014984183551486119,0.014984183551486119,True
2025-04-28 09:00:00,late,51.29497658358083,4.235503734261584,4.385155965522412,0.14965223126082794,0.14965223126082794,True
2025-04-28 09:00:00,late,48.56352268588338,4.3295152481486525,4.395774999032105,0.06625975088345282,0.06625975088345282,True
2025-04-28 10:00:00,late,50.604291402594434,4.372024233051231,4.415956310230494,0.04393207717926284,0.04393207717926284,True
2025-04-28 11:00:00,late,53.62351383520783,4.407863956907683,4.419991215981677,0.0121272590739947,0.0121272590739947,True
2025-04-28 11:00:00,late,50.49988472803632,4.371521402922209,4.45024426608361,0.07872286316140098,0.07872286316140098,True
2025-04-28 11:00:00,late,48.8390970115439,4.348504452064788,4.419465970853422,0.07096151878863388,0.07096151878863388,True
2025-04-28 12:00:00,late,51.26028527657189,4.427159336922649,4.375149184252985,-0.05201015266966458,0.05201015266966458,True
2025-04-28 12:00:00,late,52.26773158666818,4.00165062028028,4.353801781122486,0.35215116084220544,0.35215116084220544,True
2025-04-28 12:00:00,late,50.56206671223714,4.378247382305055,4.352028175041934,-0.026219207263121547,0.026219207263121547,True
2025-04-28 13:00:00,late,50.75295345183884,4.184238712382967,4.23597964702886,0.0517409346458928,0.0517409346458928,True
2025-04-28 14:00:00,late,52.04512109628949,4.034153004694119,0.0,-4.034153004694119,4.034153004694119,False
2025-04-29 08:00:00,late,48.09412561392871,4.364170486836045,4.268616312508158,-0.09555417432788715,0.09555417432788715,True
2025-04-29 08:00:00,late,48.71339983238697,4.364521999552746,4.309095554280728,-0.05542644527201812,0.05542644527201812,True
2025-04-29 09:00:00,late,51.91886161936895,4.358972022453699,4.398264128972616,0.0392921065189169,0.0392921065189169,True
2025-04-29 09:00:00,late,51.03868883721466,4.3614931008552205,4.455482882989654,0.09398978213443332,0.09398978213443332,True
2025-04-29 09:00:00,late,48.4914407541756,4.363019951154772,4.493788929743116,0.13076897858834347,0.13076897858834347,True
2025-04-29 10:00:00,late,49.81701661589943,4.359615843240583,4.390091353599387,0.030475510358804137,0.030475510358804137,True
2025-04-29 11:00:00,late,51.98498805599864,4.356745807931574,4.424965601680752,0.06821979374917753,0.06821979374917753,True
2025-04-29 11:00:00,late,48.59845387889408,4.361499300885576,4.5022932780425045,0.1407939771569282,0.1407939771569282,True
2025-04-29 11:00:00,late,50.86869980208272,4.359656109740122,4.442398640518592,0.08274253077846971,0.08274253077846971,True
2025-04-29 12:00:00,late,52.88325614571115,4.355200639163911,4.371088978447594,0.015888339283683273,0.015888339283683273,True
2025-04-29 12:00:00,late,51.14256982307846,4.356857770540991,4.374892131384211,0.0180343608432203,0.0180343608432203,True
2025-04-29 12:00:00,late,49.38301542957551,4.359117495146048,4.372216124120924,0.013098628974876014,0.013098628974876014,True
2025-04-29 13:00:00,late,50.87802479723013,4.358076571620451,4.259976606375789,-0.09809996524466236,0.09809996524466236,True
2025-04-29 13:00:00,late,50.8033247476088,4.119067596382113,4.233014505907259,0.11394690952514619,0.11394690952514619,True
2025-04-30 08:00:00,late,46.60422269700207,4.320287703135161,4.297590804916031,-0.022696898219130013,0.022696898219130013,True
2025-04-30 08:00:00,late,47.21896475692044,4.327227460502449,4.294737251336201,-0.03249020916624801,0.03249020916624801,True
2025-04-30 09:00:00,late,50.91027895226539,4.217656760406342,4.360061895973939,0.14240513556759637,0.14240513556759637,True
2025-04-30 09:00:00,late,50.08455967372733,4.267429276675443,4.372663386818371,0.10523411014292794,0.10523411014292794,True
2025-04-30 09:00:00,late,48.01635039554082,4.297573194979279,4.384275452436947,0.08670225745766835,0.08670225745766835,True
2025-04-30 10:00:00,late,51.11680196826076,4.230367424450567,4.334365535041357,0.10399811059078967,0.10399811059078967,True
2025-04-30 11:00:00,late,52.66822657007279,4.173705609005573,4.30420652747685,0.13050091847127732,0.13050091847127732,True
2025-04-30 11:00:00,late,49.05831147931188,4.267551681084377,4.319763255903532,0.05221157481915473,0.05221157481915473,True
2025-04-30 11:00:00,late,50.300163323757445,4.231162387829329,4.361271707566876,0.1301093197375467,0.1301093197375467,True
2025-04-30 12:00:00,late,54.29511540903098,4.143200037430006,4.261662807989582,0.11846277055957621,0.11846277055957621,True
2025-04-30 12:00:00,late,52.30449455966095,4.175916036414492,4.304972055604822,0.1290560191903305,0.1290560191903305,True
2025-04-30 12:00:00,late,50.35357481246513,4.2205287623023935,0.0,-4.2205287623023935,4.2205287623023935,False
2025-04-30 13:00:00,late,50.901068649516944,4.199978277605055,4.20580146431408,0.005823186709024597,0.005823186709024597,True
2025-04-30 13:00:00,late,51.616338894528745,4.207639181448222,0.0,-4.207639181448222,4.207639181448222,False
2025-05-21 14:00:00,development,47.43880208840693,4.2145341601591895,4.121337317632865,-0.0931968425263241,0.0931968425263241,True
2025-05-22 11:00:00,development,49.67505134308556,4.115094819187132,4.356213063248393,0.24111824406126026,0.24111824406126026,True
2025-05-22 13:00:00,development,49.74008270463572,4.302532581260934,4.156280424833511,-0.14625215642742262,0.14625215642742262,True
2025-05-23 09:00:00,development,47.376624411510335,4.13081919520706,4.283023897792764,0.15220470258570362,0.15220470258570362,True
2025-05-23 11:00:00,development,49.94811106263023,4.184797275761603,4.348231220917077,0.16343394515547338,0.16343394515547338,True
2025-05-23 12:00:00,development,51.1126249815505,4.027461785235879,4.235102168946523,0.2076403837106442,0.2076403837106442,True
2025-05-23 13:00:00,development,48.73847853443246,4.101561121824592,4.201559707572318,0.09999858574772524,0.09999858574772524,True
2025-05-24 10:00:00,development,47.42975246962865,4.416163505038298,4.431098104743117,0.014934599704818474,0.014934599704818474,True
2025-05-24 10:00:00,development,46.03670485509952,4.729742155053732,4.40544642506791,-0.32429572998582223,0.32429572998582223,True
2025-05-24 11:00:00,development,48.40619991699626,4.07883241634498,4.265404169732276,0.18657175338729637,0.18657175338729637,True
2025-05-25 09:00:00,development,47.93384532572517,4.050193117619664,0.0,-4.050193117619664,4.050193117619664,False
2025-05-25 09:00:00,development,49.21791400370884,4.165115021369765,4.227964448156474,0.06284942678670902,0.06284942678670902,True
2025-05-25 10:00:00,development,48.0549034588426,4.207301761104809,4.390886229102633,0.18358446799782424,0.18358446799782424,True
2025-05-25 10:00:00,development,50.00106623276779,4.020282493392383,4.298223254532475,0.27794076114009236,0.27794076114009236,True
2025-05-25 11:00:00,development,49.780535311631326,4.207054353374485,4.346749167070243,0.1396948136957583,0.1396948136957583,True
2025-05-25 13:00:00,development,50.43171457752131,4.253602374637538,4.161170634236724,-0.09243174040081392,0.09243174040081392,True
2025-05-25 14:00:00,development,49.394946409567375,4.037276646137581,0.0,-4.037276646137581,4.037276646137581,False
2025-05-25 14:00:00,development,47.2661169757141,4.22093618103273,4.101203971659839,-0.11973220937289142,0.11973220937289142,True
2025-05-25 15:00:00,development,48.5435400475535,4.053974374643364,0.0,-4.053974374643364,4.053974374643364,False
2025-05-26 11:00:00,development,50.23103163967031,4.486502539112557,4.331986124402874,-0.1545164147096827,0.1545164147096827,True
2025-05-26 11:00:00,development,48.6912275616514,4.408301614548083,4.446899638163116,0.03859802361503295,0.03859802361503295,True
2025-05-26 12:00:00,development,49.61891937593243,4.46467955991951,4.253357996665807,-0.2113215632537031,0.2113215632537031,True
2025-05-26 12:00:00,development,49.581550486028114,4.444073890583674,4.296360030711773,-0.14771385987190122,0.14771385987190122,True
2025-05-26 13:00:00,development,50.194031256862814,4.235404566690505,4.224016889141492,-0.011387677549013375,0.011387677549013375,True
2025-05-26 13:00:00,development,50.569134675032906,4.235463965005341,4.210936325472097,-0.024527639533244106,0.024527639533244106,True
2025-05-27 09:00:00,development,48.23564278052263,4.255411981502409,4.441593671807189,0.18618169030477993,0.18618169030477993,True
2025-05-27 09:00:00,development,47.903579883355725,4.450946333428199,4.461659396392735,0.01071306296453578,0.01071306296453578,True
2025-05-27 09:00:00,development,46.12874016518364,4.417279133545129,4.408406704289587,-0.008872429255542436,0.008872429255542436,True
2025-05-27 09:00:00,development,46.98577831362452,4.563204777088366,4.431321990564802,-0.13188278652356367,0.13188278652356367,True
2025-05-27 12:00:00,development,49.93833537510138,4.428127930681658,4.283384126716646,-0.14474380396501196,0.14474380396501196,True
2025-05-27 12:00:00,development,48.90571062517211,4.398880000844546,4.310530165235643,-0.08834983560890297,0.08834983560890297,True
2025-05-27 13:00:00,development,50.66255550425732,4.314317728132352,4.200541168541902,-0.11377655959045008,0.11377655959045008,True
2025-05-27 13:00:00,development,48.92900736335061,4.3203190041836805,4.232840841062532,-0.08747816312114853,0.08747816312114853,True
2025-05-27 14:00:00,development,50.030866689532935,4.046159597699713,4.094654888407672,0.04849529070795899,0.04849529070795899,True
2025-05-27 14:00:00,development,50.366974315365,4.04836900592348,0.0,-4.04836900592348,4.04836900592348,False
2025-05-27 14:00:00,development,49.48703254342098,4.078869229148953,4.096002132612146,0.017132903463192406,0.017132903463192406,True
2025-05-28 09:00:00,development,50.628180580851776,4.036393753162422,0.0,-4.036393753162422,4.036393753162422,False
2025-05-28 10:00:00,development,47.874378411016,4.48786148485102,4.487377525414845,-0.0004839594361749633,0.0004839594361749633,True
2025-05-28 10:00:00,development,46.599909447264,4.377421536502787,4.49252699565088,0.11510545914809267,0.11510545914809267,True
2025-05-28 10:00:00,development,47.37704243102339,4.403671536502788,4.485583799333065,0.08191226283027664,0.08191226283027664,True
2025-05-28 10:00:00,development,48.00248704584929,4.527236484851009,4.41666609209234,-0.1105703927586692,0.1105703927586692,True
2025-05-28 14:00:00,development,47.436295873082,4.127134344925143,4.112610802325779,-0.01452354259936417,0.01452354259936417,True
2025-05-28 14:00:00,development,48.86679792060179,4.245390732482157,4.111702938085803,-0.13368779439635414,0.13368779439635414,True
2025-05-29 10:00:00,development,50.58130188868794,4.104311178078607,0.0,-4.104311178078607,4.104311178078607,False
2025-05-29 10:00:00,development,49.74906540460425,4.3634351249988725,4.25933526933422,-0.10409985566465263,0.10409985566465263,True
2025-05-29 10:00:00,development,47.37711759604112,4.540168114564672,4.287861963796696,-0.2523061507679758,0.2523061507679758,True
2025-05-29 11:00:00,development,51.74333946209943,4.139822662558309,0.0,-4.139822662558309,4.139822662558309,False
2025-05-29 11:00:00,development,50.5982859054831,4.405351555194059,4.3441839868924825,-0.06116756830157666,0.06116756830157666,True
2025-05-29 11:00:00,development,49.992852599654746,4.5732952959939865,4.326615017019173,-0.24668027897481348,0.24668027897481348,True
2025-05-29 11:00:00,development,49.19360841073242,4.668524202298187,4.328814195525489,-0.33971000677269814,0.33971000677269814,True
2025-05-29 13:00:00,development,49.77526050901206,4.05975556893199,4.118778333530307,0.05902276459831679,0.05902276459831679,True
2025-05-29 14:00:00,development,47.34265837342007,4.160956541679706,4.084326832652671,-0.07662970902703492,0.07662970902703492,True
2025-05-29 15:00:00,development,47.641563899970336,4.02220953779398,0.0,-4.02220953779398,4.02220953779398,False
2025-05-30 11:00:00,development,49.342566009949486,4.059164782062382,4.2631655381165885,0.20400075605420653,0.20400075605420653,True
2025-05-31 11:00:00,development,48.58509729302203,4.146336928129834,0.0,-4.146336928129834,4.146336928129834,False
2025-05-31 11:00:00,development,49.35477105830271,4.074795439456231,4.370464507465206,0.29566906800897463,0.29566906800897463,True
2025-05-31 11:00:00,development,47.796868501323374,4.292851506545539,4.3957920249336695,0.1029405183881309,0.1029405183881309,True
2025-05-31 11:00:00,development,48.27496344453225,4.317025483205203,4.390347351243192,0.07332186803798901,0.07332186803798901,True
2025-05-31 12:00:00,development,50.0128956246939,4.554097660336851,4.277733072557354,-0.27636458777949624,0.27636458777949624,True
2025-05-31 13:00:00,development,51.67837360294605,4.178964570259659,4.193706288093333,0.014741717833674173,0.014741717833674173,True
2025-05-31 13:00:00,development,49.97945898513813,4.196507801612629,0.0,-4.196507801612629,4.196507801612629,False
2025-05-31 14:00:00,development,48.96873822119768,4.016058203083929,4.1202183815741416,0.1041601784902122,0.1041601784902122,True
2025-05-31 14:00:00,development,49.69166800381343,4.127354551505121,4.105012378847674,-0.022342172657447534,0.022342172657447534,True
2025-06-01 12:00:00,development,52.04244876306306,4.22101169335275,0.0,-4.22101169335275,4.22101169335275,False
2025-06-01 12:00:00,development,50.3352436169946,4.194034186438103,0.0,-4.194034186438103,4.194034186438103,False
2025-06-01 14:00:00,development,47.06395274123764,4.04675986107484,4.109254471957858,0.062494610883018,0.062494610883018,True
2025-06-02 12:00:00,development,51.88332918066595,4.084501004378993,0.0,-4.084501004378993,4.084501004378993,False
2025-06-02 14:00:00,development,49.19146482866285,4.019212180946603,0.0,-4.019212180946603,4.019212180946603,False
2025-06-04 10:00:00,mid,44.10462792611166,4.456306922253184,4.381147195037586,-0.07515972721559727,0.07515972721559727,True
2025-06-04 11:00:00,mid,46.77658801617319,4.166195586106873,4.352281908430306,0.18608632232343236,0.18608632232343236,True
2025-06-04 11:00:00,mid,46.65906322013051,4.345347642852293,4.31012062917958,-0.03522701367271264,0.03522701367271264,True
2025-06-04 12:00:00,mid,45.611759617921805,4.3159023668486185,4.262006049514039,-0.05389631733457989,0.05389631733457989,True
2025-06-04 12:00:00,mid,45.22745240072795,4.44090249995673,4.310669980012748,-0.13023251994398155,0.13023251994398155,True
2025-06-04 12:00:00,mid,47.45059337417205,4.331358637722914,4.30088752731403,-0.030471110408884172,0.030471110408884172,True
2025-06-05 09:00:00,mid,47.96575205785612,4.1747353537814185,4.345231245776985,0.17049589199556614,0.17049589199556614,True
2025-06-05 09:00:00,mid,45.94850136456928,4.450689322103536,4.404184628136718,-0.04650469396681878,0.04650469396681878,True
2025-06-05 09:00:00,mid,45.67174751619571,4.20894802258332,4.390623548211471,0.18167552562815104,0.18167552562815104,True
2025-06-05 10:00:00,mid,49.0855378657613,4.082800003865156,4.496142272720681,0.4133422688555246,0.4133422688555246,True
2025-06-05 10:00:00,mid,47.17940062384214,4.907326545587104,4.550261719305887,-0.35706482628121705,0.35706482628121705,True
2025-06-05 11:00:00,mid,48.9851245984173,4.7481961993188975,4.428975824929622,-0.31922037438927564,0.31922037438927564,True
2025-06-05 11:00:00,mid,46.50778982036294,4.286860097074598,4.487743538038258,0.2008834409636604,0.2008834409636604,True
2025-06-05 11:00:00,mid,47.48330682663843,4.271614699894823,4.427949900635599,0.15633520074077634,0.15633520074077634,True
2025-06-05 12:00:00,mid,48.05371565548084,4.237318322192188,4.2772513488245405,0.039933026632352764,0.039933026632352764,True
2025-06-05 12:00:00,mid,49.82104504106724,4.651099829596035,4.368549718486452,-0.2825501111095825,0.2825501111095825,True
2025-06-05 12:00:00,mid,48.56641065197048,4.194416374669558,4.274984826777586,0.08056845210802788,0.08056845210802788,True
2025-06-05 13:00:00,mid,46.60301140972179,4.015133321148177,4.19176302733604,0.176629706187863,0.176629706187863,True
2025-06-05 13:00:00,mid,46.518637583167134,4.074883877284112,4.188477416695816,0.11359353941170447,0.11359353941170447,True
2025-06-05 13:00:00,mid,47.73475319326175,4.05113236777229,4.194292631669748,0.1431602638974585,0.1431602638974585,True
2025-06-06 12:00:00,mid,48.97071807931629,4.195606914197722,4.227505700022414,0.03189878582469241,0.03189878582469241,True
2025-06-06 13:00:00,mid,48.23317782807068,4.101393959732175,0.0,-4.101393959732175,4.101393959732175,False
2025-06-06 13:00:00,mid,47.26393379770303,4.019607618050628,4.135628969124152,0.11602135107352396,0.11602135107352396,True
2025-06-07 09:00:00,mid,47.82989378831677,4.337159157255343,4.344186162416614,0.007027005161271305,0.007027005161271305,True
2025-06-07 09:00:00,mid,47.09058945589711,4.298301577031314,4.30418133228044,0.005879755249126539,0.005879755249126539,True
2025-06-07 09:00:00,mid,44.10850727461604,4.354976523849015,4.3774665306587695,0.02249000680975488,0.02249000680975488,True
2025-06-07 10:00:00,mid,48.71393564711287,4.424972018526361,4.376533242445165,-0.04843877608119662,0.04843877608119662,True
2025-06-07 10:00:00,mid,46.42025294643,4.6124024813755895,4.423769253575795,-0.1886332277997944,0.1886332277997944,True
2025-06-07 10:00:00,mid,47.55210129689125,4.236753598718465,0.0,-4.236753598718465,4.236753598718465,False
2025-06-07 10:00:00,mid,45.407287167119485,4.339162761031496,4.495647756524073,0.1564849954925771,0.1564849954925771,True
2025-06-07 10:00:00,mid,45.78822518972159,4.154786381073496,4.363487859268938,0.20870147819544194,0.20870147819544194,True
2025-06-07 10:00:00,mid,47.48343458629388,4.053038415526778,4.404073711090506,0.3510352955637277,0.3510352955637277,True
2025-06-07 11:00:00,mid,47.937720925793045,4.761190237532105,4.45385759302832,-0.30733264450378517,0.30733264450378517,True
2025-06-07 11:00:00,mid,46.692746523318526,4.532707829968299,4.501822544180801,-0.030885285787498162,0.030885285787498162,True
2025-06-07 13:00:00,mid,47.05950291400892,4.254629419208001,4.199268591175059,-0.05536082803294207,0.05536082803294207,True
2025-06-07 14:00:00,mid,47.78622194748196,4.094240911528495,0.0,-4.094240911528495,4.094240911528495,False
2025-06-07 14:00:00,mid,46.04764892763547,4.150695975964471,4.135495516469437,-0.015200459495034124,0.015200459495034124,True
2025-06-08 10:00:00,mid,47.09396601648233,5.110705031730902,4.59768670595359,-0.5130183257773115,0.5130183257773115,True
2025-06-08 10:00:00,mid,45.73824722399496,5.003780526146009,4.54741492502984,-0.4563656011161692,0.4563656011161692,True
2025-06-08 10:00:00,mid,44.36866048285726,4.728676402638257,4.662471539208644,-0.06620486342961307,0.06620486342961307,True
2025-06-08 11:00:00,mid,47.04987372495146,4.710139404305803,4.568201218194192,-0.14193818611161113,0.14193818611161113,True
2025-06-08 11:00:00,mid,48.057325801263325,4.88707078771953,4.439512669855274,-0.44755811786425603,0.44755811786425603,True
2025-06-08 11:00:00,mid,47.65927226334671,4.761163636946673,4.560679811117286,-0.20048382582938729,0.20048382582938729,True
2025-06-08 11:00:00,mid,47.55235750758073,4.714639404305796,4.568712196871404,-0.1459272074343918,0.1459272074343918,True
2025-06-08 11:00:00,mid,46.77314052754426,4.692918674772805,4.519855187653189,-0.1730634871196166,0.1730634871196166,True
2025-06-08 11:00:00,mid,43.39909478402244,4.618590939024056,4.510587251772477,-0.10800368725157927,0.10800368725157927,True
2025-06-08 12:00:00,mid,48.55051888295766,4.5635939230026,4.273135626972732,-0.2904582960298674,0.2904582960298674,True
2025-06-08 12:00:00,mid,47.379829170956896,4.530978617631337,4.312336010273646,-0.21864260735769125,0.21864260735769125,True
2025-06-08 15:00:00,mid,44.85050919031477,4.075541069244128,4.066482745101025,-0.009058324143103036,0.009058324143103036,True
2025-06-09 08:00:00,mid,45.18398446836985,4.209304519130633,4.166408481651057,-0.04289603747957571,0.04289603747957571,True
2025-06-09 09:00:00,mid,44.177943413302806,4.962757788715731,4.637913836476497,-0.3248439522392337,0.3248439522392337,True
2025-06-09 11:00:00,mid,48.48486218821451,4.940165895211294,4.512673083468915,-0.4274928117423791,0.4274928117423791,True
2025-06-09 11:00:00,mid,47.1191009104282,4.861651952894466,4.5477079021815845,-0.31394405071288123,0.31394405071288123,True
2025-06-09 11:00:00,mid,46.72914839403406,4.655538888488927,4.535903749375345,-0.1196351391135817,0.1196351391135817,True
2025-06-09 12:00:00,mid,47.72730008476807,4.660224952784702,4.312595766962203,-0.34762918582249913,0.34762918582249913,True
2025-06-09 12:00:00,mid,47.20323085626983,4.598321744907306,4.330057432474545,-0.26826431243276083,0.26826431243276083,True
2025-06-09 12:00:00,mid,47.36033553511275,4.572171530207896,4.390453783895925,-0.18171774631197124,0.18171774631197124,True
2025-06-09 12:00:00,mid,48.26806836107456,4.575546530207895,4.36719231802647,-0.20835421218142436,0.20835421218142436,True
2025-06-09 12:00:00,mid,47.01904223299461,4.564358281913407,4.374697388852962,-0.1896608930604451,0.1896608930604451,True
2025-06-09 12:00:00,mid,46.66471727392928,4.527746100809075,4.381346317532691,-0.14639978327638392,0.14639978327638392,True
2025-06-09 13:00:00,mid,49.54532588280614,4.278879159310286,4.162178495981442,-0.1167006633288441,0.1167006633288441,True
2025-06-09 13:00:00,mid,46.55827945450127,4.391021509990974,4.197057694368497,-0.19396381562247722,0.19396381562247722,True
2025-06-10 10:00:00,mid,45.705094496815256,4.445572207810557,4.467099210504943,0.021527002694386788,0.021527002694386788,True
2025-06-10 10:00:00,mid,46.20618051736209,4.230139445739486,4.329969002439077,0.09982955669959104,0.09982955669959104,True
2025-06-10 11:00:00,mid,48.082802202764704,4.571821176333788,4.434481623612045,-0.1373395527217438,0.1373395527217438,True
2025-06-10 14:00:00,mid,46.26174098216397,4.172787514915616,4.132039121668363,-0.04074839324725321,0.04074839324725321,True
2025-06-11 08:00:00,mid,44.47364906046188,4.362786214583105,4.210658379305179,-0.15212783527792606,0.15212783527792606,True
2025-06-11 09:00:00,mid,46.82248911620645,4.7551548475004,4.299630409147024,-0.4555244383533754,0.4555244383533754,True
2025-06-11 09:00:00,mid,46.35146871526008,4.825296040696188,4.311981216320496,-0.5133148243756915,0.5133148243756915,True
2025-06-11 09:00:00,mid,46.6082727842008,4.508911544571003,4.291860568871235,-0.2170509756997676,0.2170509756997676,True
2025-06-11 09:00:00,mid,45.6510088447685,4.483448788820255,4.329096725303212,-0.15435206351704345,0.15435206351704345,True
2025-06-11 09:00:00,mid,43.24379674229606,4.727451312714678,4.44844241662353,-0.2790088960911472,0.2790088960911472,True
2025-06-11 09:00:00,mid,45.0967642190443,4.336007692447787,4.325321291997408,-0.010686400450378386,0.010686400450378386,True
2025-06-11 09:00:00,mid,45.09378144632153,4.752323788820252,4.347083684630534,-0.40524010418971823,0.40524010418971823,True
2025-06-11 10:00:00,mid,49.82824294275287,4.8753008267065,0.0,-4.8753008267065,4.8753008267065,False
2025-06-11 10:00:00,mid,47.49572809610004,5.229917751420111,4.31129612460296,-0.918621626817151,0.918621626817151,True
2025-06-11 10:00:00,mid,45.664488386950026,4.211409643121865,4.307763797282082,0.09635415416021686,0.09635415416021686,True
2025-06-11 10:00:00,mid,46.2967602027871,4.185172495728434,4.3909505720426845,0.2057780763142505,0.2057780763142505,True
2025-06-11 11:00:00,mid,49.102342242058086,4.269397262394929,4.308998038262047,0.03960077586711819,0.03960077586711819,True
2025-06-11 14:00:00,mid,46.340093646023725,4.258782186604996,4.145881411398061,-0.11290077520693576,0.11290077520693576,True
2025-06-12 08:00:00,mid,45.35621680507881,4.162348477313429,4.1620322696427134,-0.00031620767071594,0.00031620767071594,True
2025-06-12 09:00:00,mid,47.77476183847577,4.015990440270311,0.0,-4.015990440270311,4.015990440270311,False
2025-06-12 09:00:00,mid,47.43262086407712,4.04258140163936,4.260073077934359,0.21749167629499855,0.21749167629499855,True
2025-06-12 09:00:00,mid,45.58071712434214,4.056974964321068,4.274945932932528,0.2179709686114606,0.2179709686114606,True
2025-06-12 09:00:00,mid,45.79469513014735,4.080137089684474,4.301534508311173,0.22139741862669915,0.22139741862669915,True
2025-06-12 09:00:00,mid,47.11355458087354,4.045956401639359,4.31123147206673,0.26527507042737053,0.26527507042737053,True
2025-06-12 10:00:00,mid,47.31436446159577,5.10881834164833,4.565840707398231,-0.5429776342500992,0.5429776342500992,True
2025-06-12 10:00:00,mid,46.88254825877485,5.021628467281513,4.556206154989743,-0.46542231229176956,0.46542231229176956,True
2025-06-12 10:00:00,mid,46.83384627611258,4.033314474151798,4.527580876992101,0.494266402840303,0.494266402840303,True
2025-06-12 11:00:00,mid,48.87601237741721,4.786665679533172,4.545284442956687,-0.24138123657648514,0.24138123657648514,True
2025-06-12 11:00:00,mid,48.059752547168,4.814793998981614,4.527730154666751,-0.2870638443148623,0.2870638443148623,True
2025-06-12 11:00:00,mid,46.18259303204077,4.676965233684257,4.524171367262426,-0.15279386642183113,0.15279386642183113,True
2025-06-12 12:00:00,mid,47.92892180883794,4.407569699350926,4.346374450109795,-0.0611952492411314,0.0611952492411314,True
2025-06-14 09:00:00,mid,44.09956106115721,4.625238968575751,4.336239996855224,-0.2889989717205266,0.2889989717205266,True
2025-06-14 09:00:00,mid,45.50685836587104,4.086748480734814,4.304483613224774,0.21773513248996057,0.21773513248996057,True
2025-06-14 10:00:00,mid,47.442091790589416,4.127225970159969,4.383319214861779,0.25609324470180983,0.25609324470180983,True
2025-06-14 10:00:00,mid,47.00784692678603,4.338107989315656,4.481453207150542,0.14334521783488618,0.14334521783488618,True
2025-06-14 11:00:00,mid,48.248276704586864,4.159105714835945,4.338840159228398,0.17973444439245245,0.17973444439245245,True
2025-06-14 11:00:00,mid,46.9704672398416,4.721350937309609,4.488356021720333,-0.2329949155892761,0.2329949155892761,True
2025-06-14 11:00:00,mid,46.951030407307385,4.263341382256936,4.400390554686549,0.137049172429613,0.137049172429613,True
2025-06-14 12:00:00,mid,48.96578984428775,4.537273839675052,4.257484330841567,-0.27978950883348475,0.27978950883348475,True
2025-06-14 12:00:00,mid,48.54605554449382,4.112402264659998,4.243225606307704,0.13082334164770604,0.13082334164770604,True
2025-06-14 12:00:00,mid,47.11230670756944,4.069125389610683,4.237984856672186,0.16885946706150268,0.16885946706150268,True
2025-06-15 07:00:00,late,44.85562218928276,4.550065385041332,4.279465684009656,-0.2705997010316761,0.2705997010316761,True
2025-06-15 08:00:00,late,47.930021907209,4.763297219651676,4.251389694040031,-0.5119075256116448,0.5119075256116448,True
2025-06-15 08:00:00,late,47.66255697988451,4.810521853080118,4.30088376164459,-0.5096380914355283,0.5096380914355283,True
2025-06-15 08:00:00,late,46.77858230344029,4.813899945968007,4.254256347218989,-0.5596435987490178,0.5596435987490178,True
2025-06-15 08:00:00,late,47.06755979393386,4.260080019202267,4.297469771812301,0.037389752610033966,0.037389752610033966,True
2025-06-15 08:00:00,late,47.88603423155249,4.238631700813112,4.283714911858298,0.045083211045185756,0.045083211045185756,True
2025-06-15 09:00:00,late,49.44655840797355,4.22268242172095,4.2606330116062034,0.03795058988525302,0.03795058988525302,True
2025-06-15 09:00:00,late,49.2704591227856,4.237440962195464,4.262177082193843,0.024736119998379102,0.024736119998379102,True
2025-06-15 10:00:00,late,48.3661864212637,4.184699447521791,4.376403072912925,0.19170362539113395,0.19170362539113395,True
2025-06-15 10:00:00,late,48.96967932748157,4.10092761426197,4.333216663082351,0.23228904882038126,0.23228904882038126,True
2025-06-15 10:00:00,late,49.159403303385474,4.064633947742323,4.311192302292001,0.24655835454967878,0.24655835454967878,True
2025-06-15 11:00:00,late,50.44346131568923,4.45565669656753,4.318185168492838,-0.1374715280746921,0.1374715280746921,True
2025-06-15 11:00:00,late,50.15084733744696,4.428741386453368,4.343482184181294,-0.08525920227207351,0.08525920227207351,True
2025-06-15 12:00:00,late,47.99024987979542,4.404751534472382,4.298568021063696,-0.10618351340868593,0.10618351340868593,True
2025-06-15 13:00:00,late,51.44975751994048,4.102751064829228,0.0,-4.102751064829228,4.102751064829228,False
2025-06-16 11:00:00,late,49.69560474763339,4.354815500093281,4.273698533981885,-0.08111696611139596,0.08111696611139596,True
2025-06-16 11:00:00,late,50.04518859431743,4.171405733539785,4.289162534816678,0.11775680127689281,0.11775680127689281,True
2025-06-16 12:00:00,late,49.97902953482127,4.308401976881129,4.161601732098986,-0.14680024478214282,0.14680024478214282,True
2025-06-16 13:00:00,late,50.14038161918951,4.117811398930527,4.116601344132737,-0.0012100547977906828,0.0012100547977906828,True
2025-06-16 14:00:00,late,48.10948489878422,4.077419682602624,4.061629608773576,-0.015790073829047735,0.015790073829047735,True
2025-06-19 10:00:00,late,49.41989495544688,4.079014955240996,4.203511638618015,0.12449668337701869,0.12449668337701869,True
2025-06-19 12:00:00,late,50.267070721626425,4.10552165279087,4.161660565077277,0.056138912286407106,0.056138912286407106,True
2025-06-20 11:00:00,late,49.971360573934,4.136990255099992,4.295301774636613,0.15831151953662115,0.15831151953662115,True
2025-06-20 13:00:00,late,49.73546512145631,4.019424519920225,0.0,-4.019424519920225,4.019424519920225,False
2025-06-21 09:00:00,late,49.073836528892656,4.12491973572892,4.269552657669277,0.14463292194035748,0.14463292194035748,True
2025-06-21 09:00:00,late,48.07599693702425,4.229466710436029,4.415385340435232,0.18591862999920306,0.18591862999920306,True
2025-06-21 10:00:00,late,48.94985428217837,4.819068442005396,4.3750298050972285,-0.4440386369081679,0.4440386369081679,True
2025-06-21 10:00:00,late,50.1262989758613,4.059462074050678,0.0,-4.059462074050678,4.059462074050678,False
2025-06-21 10:00:00,late,49.50743395730464,4.055917113806739,4.372869998026531,0.3169528842197922,0.3169528842197922,True
2025-06-21 10:00:00,late,48.50199375823126,4.575223275800752,4.44004051133598,-0.13518276446477184,0.13518276446477184,True
2025-06-21 10:00:00,late,47.626641146180646,4.488035541594336,4.452733254573542,-0.03530228702079352,0.03530228702079352,True
2025-06-21 12:00:00,late,50.41438200135194,4.496283962520657,4.239348570627077,-0.25693539189358017,0.25693539189358017,True
2025-06-21 12:00:00,late,51.81380441773218,4.362913861267447,4.237465975362407,-0.1254478859050403,0.1254478859050403,True
2025-06-21 12:00:00,late,49.83354326651442,4.424763236906482,4.240945709949034,-0.18381752695744868,0.18381752695744868,True
2025-06-21 13:00:00,late,49.89753663307447,4.262014893601076,4.165945875204216,-0.09606901839686,0.09606901839686,True
2025-06-21 13:00:00,late,49.28269449995951,4.23938212295019,4.186553502393697,-0.05282862055649229,0.05282862055649229,True
2025-06-21 14:00:00,late,50.89311822590878,4.036184694731663,0.0,-4.036184694731663,4.036184694731663,False
2025-06-22 09:00:00,late,47.4817870488052,4.425696660403375,4.423117641290078,-0.00257901911329661,0.00257901911329661,True
2025-06-22 10:00:00,late,49.69255078377126,4.102930141545254,4.413997902142148,0.31106776059689345,0.31106776059689345,True
2025-06-22 11:00:00,late,49.04943035232169,4.299506299626074,4.290097919974949,-0.009408379651125287,0.009408379651125287,True
2025-06-22 11:00:00,late,51.51409697945781,4.205723721680116,0.0,-4.205723721680116,4.205723721680116,False
2025-06-22 11:00:00,late,50.04331064531225,4.061769139767009,0.0,-4.061769139767009,4.061769139767009,False
2025-06-22 11:00:00,late,47.51789549580042,4.453282015487581,4.4122475428906345,-0.04103447259694626,0.04103447259694626,True
2025-06-22 12:00:00,late,49.43937542053946,4.47231271880386,4.239012234801409,-0.2333004840024504,0.2333004840024504,True
2025-06-22 12:00:00,late,48.102007163364505,4.402639523170002,4.285563003065973,-0.11707652010402914,0.11707652010402914,True
2025-06-23 08:00:00,initial,49.97568541500518,4.220843130867301,0.0,-4.220843130867301,4.220843130867301,False
2025-06-23 08:00:00,initial,50.181892041638655,4.052237807113954,0.0,-4.052237807113954,4.052237807113954,False
2025-06-23 08:00:00,initial,48.62613215762264,4.66467645210097,4.180281653582759,-0.48439479851821066,0.48439479851821066,True
2025-06-23 08:00:00,initial,49.78736059642025,4.703928466473581,4.169708318965415,-0.534220147508166,0.534220147508166,True
2025-06-23 08:00:00,initial,50.4139727697851,4.395402909305002,4.149714039955834,-0.24568886934916812,0.24568886934916812,True
2025-06-23 08:00:00,initial,47.87256100267612,4.564754048833375,4.187172315019896,-0.3775817338134795,0.3775817338134795,True
2025-06-23 10:00:00,initial,50.80461286719078,4.44212640913759,4.404683381707355,-0.03744302743023464,0.03744302743023464,True
2025-06-23 11:00:00,initial,50.64184898761849,4.447680712377196,4.3606771063606,-0.08700360601659618,0.08700360601659618,True
2025-06-23 12:00:00,initial,52.89652239887533,4.3962484960299975,4.181590827643127,-0.21465766838687017,0.21465766838687017,True
2025-06-23 12:00:00,initial,51.61361628210492,4.382497493072584,4.197798793695756,-0.18469869937682848,0.18469869937682848,True
2025-06-23 12:00:00,initial,50.88724584920385,4.071733352994048,4.193250537959515,0.12151718496546682,0.12151718496546682,True
2025-06-23 12:00:00,initial,52.29437949459893,4.229887183967168,4.187850969941928,-0.042036214025240604,0.042036214025240604,True
2025-06-23 14:00:00,initial,50.78263041743577,4.127643740880004,4.075804280580342,-0.051839460299662576,0.051839460299662576,True
2025-06-23 14:00:00,initial,49.36963907355391,4.1388750021729415,0.0,-4.1388750021729415,4.1388750021729415,False
2025-06-24 10:00:00,initial,49.65378973774517,4.9196049853308566,4.320709284578412,-0.5988957007524442,0.5988957007524442,True
2025-06-24 10:00:00,initial,51.80858634300599,4.737751707048041,4.302685084351681,-0.4350666226963602,0.4350666226963602,True
2025-06-24 10:00:00,initial,51.24406397210749,4.36148482265417,4.277319849856215,-0.08416497279795454,0.08416497279795454,True
2025-06-24 10:00:00,initial,52.16145452745732,4.28527584742692,4.241952010663478,-0.043323836763442536,0.043323836763442536,True
2025-06-24 10:00:00,initial,51.81492309439688,4.039773921745123,0.0,-4.039773921745123,4.039773921745123,False
2025-06-24 10:00:00,initial,50.58162666740674,4.028523921745123,0.0,-4.028523921745123,4.028523921745123,False
2025-06-24 14:00:00,initial,50.72301707847884,4.133871209600443,4.069259398995337,-0.0646118106051059,0.0646118106051059,True
2025-06-29 10:00:00,initial,50.00396501610928,4.350930381341811,4.304772634464148,-0.04615774687766372,0.04615774687766372,True
2025-06-29 11:00:00,initial,49.33452862598877,4.4037872139695295,4.25270770770166,-0.1510795062678696,0.1510795062678696,True
2025-06-29 11:00:00,initial,49.80807957530804,4.351705900268961,4.309847274413056,-0.041858625855904386,0.041858625855904386,True
2025-06-29 14:00:00,initial,49.80345574808038,4.154296096687286,4.093800460838823,-0.06049563584846318,0.06049563584846318,True
2025-06-30 10:00:00,initial,52.32789063105773,4.241912035449836,0.0,-4.241912035449836,4.241912035449836,False
2025-06-30 11:00:00,initial,51.2131984722453,4.298929319267188,4.215138075810288,-0.0837912434568997,0.0837912434568997,True
2025-06-30 12:00:00,initial,53.676644739297615,4.209654401200758,4.169492874771693,-0.04016152642906512,0.04016152642906512,True
2025-06-30 12:00:00,initial,52.37497475908592,4.336367940791305,4.176092665140576,-0.1602752756507293,0.1602752756507293,True
2025-06-30 12:00:00,initial,51.48113116020166,4.258369931977867,4.177998138577833,-0.08037179340003409,0.08037179340003409,True
2025-07-01 10:00:00,initial,49.52839767740595,4.136825434409445,4.174528324204493,0.03770288979504777,0.03770288979504777,True
2025-07-01 11:00:00,initial,50.094549701444414,4.082200051973313,4.200571918607674,0.11837186663436139,0.11837186663436139,True
2025-07-01 12:00:00,initial,51.44598926036854,4.045920208986303,0.0,-4.045920208986303,4.045920208986303,False
2025-07-01 13:00:00,initial,53.2197668393606,4.132307255452815,0.0,-4.132307255452815,4.132307255452815,False
2025-07-01 13:00:00,initial,49.42552834095872,4.077135162821918,4.104239521473402,0.027104358651484084,0.027104358651484084,True
2025-07-01 13:00:00,initial,49.1220612550907,4.094176785552673,4.102810924238207,0.008634138685533976,0.008634138685533976,True
2025-07-01 14:00:00,initial,51.48764379997004,4.06916264732082,4.062157412896629,-0.007005234424190654,0.007005234424190654,True
2025-07-02 09:00:00,initial,50.30635508678232,4.330190679139701,4.226904268230356,-0.10328641090934454,0.10328641090934454,True
2025-07-02 11:00:00,initial,52.20030360467184,4.233330256249815,4.190112454514692,-0.04321780173512302,0.04321780173512302,True
2025-07-02 11:00:00,initial,49.8287615583208,4.399053851772553,4.304102650686053,-0.09495120108650035,0.09495120108650035,True
2025-07-02 12:00:00,initial,50.49478069786807,4.010688541353542,4.195993340307404,0.18530479895386254,0.18530479895386254,True
2025-07-02 13:00:00,initial,50.900169299637625,4.184639072670265,0.0,-4.184639072670265,4.184639072670265,False
2025-07-02 13:00:00,initial,51.54118377371999,4.212324010583568,4.1338943658006455,-0.07842964478292291,0.07842964478292291,True
2025-07-08 13:00:00,development,49.263056885623335,4.060742433806283,0.0,-4.060742433806283,4.060742433806283,False
2025-07-08 14:00:00,development,47.50859006798201,4.055379728610966,4.130833104678454,0.0754533760674887,0.0754533760674887,True
2025-07-09 08:00:00,development,45.42259325143133,4.385811194889882,4.168668618280253,-0.21714257660962932,0.21714257660962932,True
2025-07-09 10:00:00,development,49.960961923843584,4.058123025001024,4.492420482220584,0.4342974572195608,0.4342974572195608,True
2025-07-09 11:00:00,development,50.2672928957344,4.273997288420155,4.493939359856076,0.21994207143592082,0.21994207143592082,True
2025-07-09 12:00:00,development,48.32871982570495,4.042973576397433,4.256632855080312,0.21365927868287926,0.21365927868287926,True
2025-07-09 14:00:00,development,49.49121044321692,4.036111415922964,0.0,-4.036111415922964,4.036111415922964,False
2025-07-10 08:00:00,development,45.6010588079057,4.150166851244883,4.128980696476392,-0.021186154768490617,0.021186154768490617,True
2025-07-10 09:00:00,development,48.622850916514935,4.282544715720444,0.0,-4.282544715720444,4.282544715720444,False
2025-07-10 09:00:00,development,46.49523800776334,4.654455813413037,4.321862198928182,-0.33259361448485514,0.33259361448485514,True
2025-07-10 09:00:00,development,47.41423858718607,4.502103834670564,4.33045766363223,-0.17164617103833368,0.17164617103833368,True
2025-07-10 09:00:00,development,46.20608557402293,4.484727428489535,4.309728566956006,-0.1749988615335285,0.1749988615335285,True
2025-07-10 10:00:00,development,47.02698326213613,4.7347961233487865,4.3954820261201215,-0.339314097228665,0.339314097228665,True
2025-07-10 10:00:00,development,48.38394371672069,4.346030419454678,4.38699952340137,0.04096910394669173,0.04096910394669173,True
2025-07-10 10:00:00,development,49.71685708234131,4.595288737943832,0.0,-4.595288737943832,4.595288737943832,False
2025-07-10 10:00:00,development,45.82604955694109,4.595885202605974,4.444875609931282,-0.15100959267469172,0.15100959267469172,True
2025-07-10 12:00:00,development,49.54914983733232,4.265690829774158,4.2291334255864,-0.0365574041877581,0.0365574041877581,True
2025-07-10 12:00:00,development,48.68994612179196,4.335329394648493,4.27147227165479,-0.06385712299370283,0.06385712299370283,True
2025-07-11 10:00:00,development,47.5528689954312,4.426022971130976,4.292720876216205,-0.13330209491477163,0.13330209491477163,True
2025-07-11 10:00:00,development,48.40263555119692,4.207112153757837,4.288038327725252,0.08092617396741453,0.08092617396741453,True
2025-07-11 12:00:00,development,48.032458117022,4.074967294744599,4.1958678871935255,0.12090059244892615,0.12090059244892615,True
2025-07-11 12:00:00,development,48.079712911652734,4.297351100996064,4.202587991073851,-0.09476310992221304,0.09476310992221304,True
2025-07-11 12:00:00,development,49.07498838526016,4.007690596851777,4.199294629403191,0.1916040325514139,0.1916040325514139,True
2025-07-11 13:00:00,development,48.37519442239186,4.075698961692783,4.11717665066678,0.04147768897399651,0.04147768897399651,True
2025-07-11 13:00:00,development,46.93804511786519,4.226836489259469,4.128246644306211,-0.09858984495325807,0.09858984495325807,True
2025-07-11 14:00:00,development,47.66241026707075,4.149486137656925,4.074959482980913,-0.0745266546760126,0.0745266546760126,True
2025-07-12 10:00:00,development,50.46277414795908,4.094851984958922,0.0,-4.094851984958922,4.094851984958922,False
2025-07-12 10:00:00,development,49.49477812538432,4.055367863852148,4.3290966189003175,0.27372875504816907,0.27372875504816907,True
2025-07-12 10:00:00,development,50.71439465429945,4.232125803298708,0.0,-4.232125803298708,4.232125803298708,False
2025-07-12 10:00:00,development,46.67992427845464,4.459292494650246,4.391102953662449,-0.06818954098779706,0.06818954098779706,True
2025-07-12 12:00:00,development,50.8215828350747,4.134436219611327,4.251543663477329,0.11710744386600158,0.11710744386600158,True
2025-07-12 12:00:00,development,50.31865280999018,4.387640489860651,4.2449109782138805,-0.1427295116467704,0.1427295116467704,True
2025-07-13 09:00:00,development,48.50858138792925,4.159783290535277,4.263563328651832,0.10378003811655567,0.10378003811655567,True
2025-07-13 10:00:00,development,48.83905040806519,4.50623339940444,4.313113456888967,-0.19311994251547304,0.19311994251547304,True
2025-07-13 10:00:00,development,49.58373490219103,4.07658713639125,4.260284616813884,0.18369748042263367,0.18369748042263367,True
2025-07-13 11:00:00,development,49.25256386494245,4.48615200005624,4.289471559957997,-0.19668044009824293,0.19668044009824293,True
2025-07-13 11:00:00,development,48.23700672522799,4.261234210115269,4.362128033715041,0.10089382359977161,0.10089382359977161,True
2025-07-13 11:00:00,development,47.67400276372037,4.287010656687791,4.319049731220541,0.0320390745327499,0.0320390745327499,True
2025-07-13 11:00:00,development,46.0022349451415,4.185746282989651,4.3382480819278015,0.1525017989381503,0.1525017989381503,True
2025-07-13 11:00:00,development,47.4678519010628,4.241768284701131,4.344642809595463,0.10287452489433235,0.10287452489433235,True
2025-07-13 13:00:00,development,50.93559998251644,4.095891031629279,0.0,-4.095891031629279,4.095891031629279,False
2025-07-13 13:00:00,development,50.59333468656078,4.078509128547886,4.1421529151309215,0.06364378658303593,0.06364378658303593,True
2025-07-13 13:00:00,development,49.07583774947465,4.129818177007145,0.0,-4.129818177007145,4.129818177007145,False
2025-07-13 13:00:00,development,46.84628846719875,4.176814184065332,4.163462987424922,-0.013351196640409846,0.013351196640409846,True
2025-07-15 13:00:00,development,50.809347183081286,4.1807606850654615,4.190820351411438,0.010059666345976659,0.010059666345976659,True
2025-07-15 14:00:00,development,49.36904286447159,4.044593695559339,0.0,-4.044593695559339,4.044593695559339,False
2025-07-16 09:00:00,development,46.39172825056144,4.454700230460443,4.328495538506012,-0.12620469195443018,0.12620469195443018,True
2025-07-16 09:00:00,development,47.20859591792739,4.183155890208678,4.339613794077325,0.1564579038686471,0.1564579038686471,True
2025-07-16 09:00:00,development,47.19263549603426,4.510024931450555,4.287352986657719,-0.22267194479283603,0.22267194479283603,True
2025-07-16 10:00:00,development,49.52557726426922,4.19552864458101,4.404672720654786,0.20914407607377594,0.20914407607377594,True
2025-07-16 10:00:00,development,49.010436002768905,4.26224248650983,0.0,-4.26224248650983,4.26224248650983,False
2025-07-16 10:00:00,development,49.95698405608797,4.321701026571581,4.363238212342601,0.041537185771019836,0.041537185771019836,True
2025-07-16 10:00:00,development,48.70913694269692,4.037141071084648,4.349395467726273,0.3122543966416256,0.3122543966416256,True
2025-07-16 11:00:00,development,47.434396067423286,4.527539668565073,4.368558288020208,-0.15898138054486477,0.15898138054486477,True
2025-07-16 11:00:00,development,46.77521914261325,4.234633539570321,4.4191921294262295,0.18455858985590812,0.18455858985590812,True
2025-07-16 12:00:00,development,51.77924278839081,4.160217058878672,0.0,-4.160217058878672,4.160217058878672,False
2025-07-16 12:00:00,development,50.6780283984076,4.126315473728802,4.244550730636696,0.11823525690789438,0.11823525690789438,True
2025-07-16 12:00:00,development,49.53435078030131,4.4558646811538125,4.276094001108369,-0.1797706800454435,0.1797706800454435,True
2025-07-17 11:00:00,development,50.77179550487797,4.663082548346008,4.373474824833922,-0.28960772351208597,0.28960772351208597,True
2025-07-17 11:00:00,development,49.03647903233906,4.4012161646665575,4.357051290809613,-0.04416487385694445,0.04416487385694445,True
2025-07-17 12:00:00,development,49.31738915195734,4.251550708085535,4.211284137016751,-0.040266571068784174,0.040266571068784174,True
2025-07-17 13:00:00,development,47.81612279259068,4.215493384626452,4.151187041393797,-0.06430634323265494,0.06430634323265494,True
2025-07-17 13:00:00,development,47.7327230315917,4.297332556772371,4.149280993855243,-0.14805156291712862,0.14805156291712862,True
2025-07-18 10:00:00,development,49.11663759204033,4.392744391753816,4.320370711860125,-0.07237367989369048,0.07237367989369048,True
2025-07-18 10:00:00,development,48.26795929877621,4.703003727948396,4.390097224390468,-0.3129065035579277,0.3129065035579277,True
2025-07-18 10:00:00,development,47.53665279162483,4.686892732240292,4.393870408517692,-0.2930223237225995,0.2930223237225995,True
2025-07-18 10:00:00,development,49.41754743725584,4.262284737126805,4.402976202581502,0.14069146545469646,0.14069146545469646,True
2025-07-18 10:00:00,development,47.20991249709321,4.50849162589795,4.42762002463626,-0.08087160126168946,0.08087160126168946,True
2025-07-18 11:00:00,development,52.07695268389503,4.037054673121773,0.0,-4.037054673121773,4.037054673121773,False
2025-07-18 11:00:00,development,49.16117433254622,4.387872273603122,4.419732783646874,0.03186051004375212,0.03186051004375212,True
2025-07-18 12:00:00,development,50.89446751493502,4.479829966323514,4.220732068733171,-0.2590978975903431,0.2590978975903431,True
2025-07-18 12:00:00,development,51.02826205597348,4.493610244408778,4.219120815566412,-0.27448942884236605,0.27448942884236605,True
2025-07-19 09:00:00,development,48.88834620420639,4.2170556294492165,4.34973620038857,0.13268057093935326,0.13268057093935326,True
2025-07-19 09:00:00,development,48.90804352370747,4.297063701595043,4.310129731382808,0.013066029787765387,0.013066029787765387,True
2025-07-19 09:00:00,development,48.64211929408982,4.07650177602709,0.0,-4.07650177602709,4.07650177602709,False
2025-07-19 10:00:00,development,47.43664001077795,4.618089481923363,4.552420422204305,-0.0656690597190579,0.0656690597190579,True
2025-07-19 10:00:00,development,47.27055291522363,4.43476801934419,4.436980422902022,0.002212403557831699,0.002212403557831699,True
2025-07-19 11:00:00,development,49.01029329702322,4.339349205935204,4.379698004078348,0.040348798143143405,0.040348798143143405,True
2025-07-19 11:00:00,development,49.10595617733111,4.386226645070877,4.476801103849252,0.09057445877837456,0.09057445877837456,True
2025-07-19 11:00:00,development,47.62164623619833,4.111153982005483,4.434966082596349,0.3238121005908656,0.3238121005908656,True
2025-07-19 11:00:00,development,49.57537333299804,4.186280879111024,4.424567050194502,0.2382861710834776,0.2382861710834776,True
2025-07-19 11:00:00,development,48.0197477877708,4.236408047231663,4.386949280868846,0.15054123363718297,0.15054123363718297,True
2025-07-19 12:00:00,development,49.526043034703584,4.280612741961718,4.271855504872339,-0.008757237089379366,0.008757237089379366,True
2025-07-19 12:00:00,development,48.89293981095446,4.144012852945387,0.0,-4.144012852945387,4.144012852945387,False
2025-07-19 13:00:00,development,51.18728819079234,4.001102488937917,4.19707590005281,0.19597341111489275,0.19597341111489275,True
2025-07-19 13:00:00,development,49.28942795817058,4.0046409341360985,4.22159117125074,0.21695023711464145,0.21695023711464145,True
2025-07-20 10:00:00,development,48.99272886828481,4.820214491657914,4.539515602873011,-0.28069888878490357,0.28069888878490357,True
2025-07-20 10:00:00,development,48.52539702232356,4.656948872224277,4.577690448919302,-0.07925842330497446,0.07925842330497446,True
2025-07-20 10:00:00,development,47.43964156503609,4.656948872224277,4.515932098847061,-0.14101677337721608,0.14101677337721608,True
2025-07-20 11:00:00,development,48.34175614944082,4.488057571171087,4.461977662861724,-0.02607990830936302,0.02607990830936302,True
2025-07-20 11:00:00,development,48.12898539291029,4.43019442446829,4.502365034044224,0.07217060957593358,0.07217060957593358,True
2025-07-20 12:00:00,development,50.28178915069961,4.5430319400812,4.290236798364031,-0.25279514171716855,0.25279514171716855,True
2025-07-20 12:00:00,development,50.054539871709714,4.504267389682834,4.272014945745784,-0.2322524439370497,0.2322524439370497,True
2025-07-20 12:00:00,development,49.08804305298225,4.446120564085273,4.3088950067258205,-0.13722555735945274,0.13722555735945274,True
2025-07-20 12:00:00,development,48.7431707416426,4.411663185953387,4.289473281942661,-0.12218990401072549,0.12218990401072549,True
2025-07-20 12:00:00,development,46.55464219887935,4.38151298008799,4.280064784352278,-0.10144819573571251,0.10144819573571251,True
2025-07-20 13:00:00,development,51.87015162643296,4.000039500289468,0.0,-4.000039500289468,4.000039500289468,False
2025-07-20 13:00:00,development,50.537835906598026,4.295325378112189,4.23862342905575,-0.056701949056439105,0.056701949056439105,True
2025-07-20 13:00:00,development,48.523021796048354,4.293467140534066,4.233252208308857,-0.06021493222520924,0.06021493222520924,True
2025-07-21 09:00:00,development,48.11121680828853,4.021574690731995,0.0,-4.021574690731995,4.021574690731995,False
2025-07-21 11:00:00,development,48.94300027824951,4.009490741145186,4.402939837747994,0.3934490966028079,0.3934490966028079,True
2025-07-21 12:00:00,development,48.67175142677028,4.571069399586229,4.276678426359397,-0.2943909732268315,0.2943909732268315,True
2025-07-21 12:00:00,development,49.49720105328991,4.498624805369097,4.262569276298083,-0.23605552907101401,0.23605552907101401,True
2025-07-21 13:00:00,development,47.46721418753842,4.203510857365611,4.235763059522595,0.03225220215698421,0.03225220215698421,True
2025-07-21 13:00:00,development,47.37430905608208,4.27633462824565,4.255600599557786,-0.02073402868786367,0.02073402868786367,True
2025-07-21 15:00:00,development,47.01347233411363,4.102216176834592,0.0,-4.102216176834592,4.102216176834592,False
2025-07-22 08:00:00,development,46.9769911164472,4.142236285553107,4.152930674946663,0.010694389393555603,0.010694389393555603,True
2025-07-22 08:00:00,development,46.018958450065305,4.42329630491086,4.152222391258036,-0.27107391365282396,0.27107391365282396,True
2025-07-22 09:00:00,development,49.38910376920092,4.460499911165943,0.0,-4.460499911165943,4.460499911165943,False
2025-07-22 09:00:00,development,47.1695180315652,4.679934823262478,4.4021816305584345,-0.27775319270404353,0.27775319270404353,True
2025-07-22 09:00:00,development,45.97237582333102,4.493098754883263,4.4200661786926005,-0.07303257619066272,0.07303257619066272,True
2025-07-22 10:00:00,development,50.1285057910404,4.873225337632455,4.543897745338151,-0.3293275922943044,0.3293275922943044,True
2025-07-22 10:00:00,development,49.73574389049927,4.908361331843764,4.442528717670349,-0.46583261417341504,0.46583261417341504,True
2025-07-22 10:00:00,development,48.114503918720615,5.012128805722945,4.4732252857885655,-0.5389035199343795,0.5389035199343795,True
2025-07-22 12:00:00,development,47.4456005745784,4.3011229503593,4.305875254015636,0.004752303656336387,0.004752303656336387,True
2025-07-22 13:00:00,development,50.352961415986606,4.133672897458744,4.21507944897828,0.08140655151953524,0.08140655151953524,True
2025-07-22 13:00:00,development,50.65539328641368,4.115425874623028,4.22477895874895,0.10935308412592182,0.10935308412592182,True
2025-07-22 15:00:00,development,48.38150488707639,4.016339426825123,0.0,-4.016339426825123,4.016339426825123,False
2025-07-22 15:00:00,development,47.52316564741191,4.119455504228238,0.0,-4.119455504228238,4.119455504228238,False
2025-07-23 10:00:00,mid,44.8436045893445,4.299143825792402,4.429396281787818,0.13025245599541524,0.13025245599541524,True
2025-07-23 11:00:00,mid,46.915580186675164,4.54914826709879,4.383922280785982,-0.16522598631280783,0.16522598631280783,True
2025-07-23 11:00:00,mid,46.382554367667865,4.457254422152634,4.364634267650743,-0.09262015450189054,0.09262015450189054,True
2025-07-23 12:00:00,mid,48.0631190145723,4.143777967071443,4.268955983827817,0.1251780167563732,0.1251780167563732,True
2025-07-23 12:00:00,mid,47.31597929344301,4.272465102107983,4.283200412514732,0.010735310406748688,0.010735310406748688,True
2025-07-23 12:00:00,mid,48.59474643223211,4.127370804662743,4.243463474271791,0.1160926696090483,0.1160926696090483,True
2025-07-24 10:00:00,mid,47.11309562709497,4.533151302866003,0.0,-4.533151302866003,4.533151302866003,False
2025-07-24 10:00:00,mid,48.02327293856676,4.711348159139675,4.408823135980028,-0.3025250231596468,0.3025250231596468,True
2025-07-24 10:00:00,mid,48.73489013809933,4.890821587276484,0.0,-4.890821587276484,4.890821587276484,False
2025-07-24 10:00:00,mid,46.89753928891403,4.128893480950019,4.389936748841989,0.26104326789196985,0.26104326789196985,True
2025-07-24 11:00:00,mid,48.88137364732864,4.122735748540222,4.507287795579546,0.3845520470393238,0.3845520470393238,True
2025-07-24 11:00:00,mid,45.95949613278639,4.198690202838037,4.461978287937272,0.2632880850992345,0.2632880850992345,True
2025-07-24 11:00:00,mid,45.46017531714202,4.3014955757239655,4.466689884889326,0.1651943091653605,0.1651943091653605,True
2025-07-24 11:00:00,mid,46.065926359487385,4.15351609490498,4.442470844747718,0.2889547498427385,0.2889547498427385,True
2025-07-24 12:00:00,mid,47.32514397519671,4.04361919771738,0.0,-4.04361919771738,4.04361919771738,False
2025-07-24 13:00:00,mid,48.21992240245481,4.083953980050026,4.187714461727911,0.10376048167788454,0.10376048167788454,True
2025-07-24 13:00:00,mid,46.8041404399064,4.12347237224748,4.190246800771108,0.0667744285236278,0.0667744285236278,True
2025-07-25 09:00:00,mid,46.92859123898036,4.132807341605204,0.0,-4.132807341605204,4.132807341605204,False
2025-07-25 09:00:00,mid,46.00423836052748,4.226902210078439,4.364107923870969,0.13720571379252977,0.13720571379252977,True
2025-07-25 10:00:00,mid,46.64075339314631,4.746496680746429,4.494935923041443,-0.2515607577049854,0.2515607577049854,True
2025-07-25 12:00:00,mid,47.82697740860942,4.567175313068439,4.32535751344141,-0.24181779962702965,0.24181779962702965,True
2025-07-25 12:00:00,mid,49.10301019443642,4.511134563708225,4.297991221206604,-0.21314334250162137,0.21314334250162137,True
2025-07-25 12:00:00,mid,48.13814611704041,4.525864189028091,4.306134523316427,-0.21972966571166452,0.21972966571166452,True
2025-07-25 12:00:00,mid,46.788410812704754,4.443241940947463,4.356541423899691,-0.08670051704777126,0.08670051704777126,True
2025-07-25 13:00:00,mid,45.93221193338778,4.150365833303649,4.170407465563451,0.020041632259801823,0.020041632259801823,True
2025-07-25 13:00:00,mid,47.74630406141457,4.046728186013283,0.0,-4.046728186013283,4.046728186013283,False
2025-07-25 14:00:00,mid,47.12498999931235,4.041042335621221,4.076473148913471,0.035430813292250285,0.035430813292250285,True
2025-07-25 14:00:00,mid,47.63289038271377,4.124455642080491,4.077901439738126,-0.046554202342365514,0.046554202342365514,True
2025-07-26 09:00:00,mid,46.64954978616427,4.069625744362416,4.294655297522496,0.22502955316007967,0.22502955316007967,True
2025-07-26 09:00:00,mid,45.48937916137261,4.468475803525591,4.283157188845967,-0.1853186146796233,0.1853186146796233,True
2025-07-26 10:00:00,mid,44.41162394442034,4.579261149351911,4.443617616638256,-0.13564353271365537,0.13564353271365537,True
2025-07-26 11:00:00,mid,46.332207168861466,4.695962698466584,4.441226410337934,-0.2547362881286501,0.2547362881286501,True
2025-07-26 11:00:00,mid,46.77168512858543,4.348233648523085,4.428728030758338,0.08049438223525307,0.08049438223525307,True
2025-07-26 12:00:00,mid,47.31720303955616,4.388804978662385,4.334353264572849,-0.054451714089536196,0.054451714089536196,True
2025-07-27 09:00:00,mid,48.01854451072434,4.1298811946608325,0.0,-4.1298811946608325,4.1298811946608325,False
2025-07-27 09:00:00,mid,46.33003859852985,4.701455433699607,4.468224566770003,-0.23323086692960437,0.23323086692960437,True
2025-07-27 09:00:00,mid,45.96772177986846,4.35184214103861,4.4786221998116975,0.12678005877308784,0.12678005877308784,True
2025-07-27 09:00:00,mid,43.80097663569855,4.569933380370143,4.5336234743761255,-0.03630990599401773,0.03630990599401773,True
2025-07-27 10:00:00,mid,48.18046475161661,5.2353290106172565,4.613623686264092,-0.6217053243531643,0.6217053243531643,True
2025-07-27 10:00:00,mid,48.02732463992994,4.981182058023215,4.453652432171612,-0.5275296258516029,0.5275296258516029,True
2025-07-27 10:00:00,mid,46.6156008140352,4.859857067132598,4.601571884501524,-0.2582851826310737,0.2582851826310737,True
2025-07-27 10:00:00,mid,48.11488796097123,5.194300305467557,4.557408037653697,-0.6368922678138604,0.6368922678138604,True
2025-07-27 10:00:00,mid,45.06794803619464,4.324590935595719,4.516172629281388,0.19158169368566913,0.19158169368566913,True
2025-07-27 10:00:00,mid,45.29039050051311,4.185584178966444,4.54203159463848,0.3564474156720365,0.3564474156720365,True
2025-07-27 11:00:00,mid,47.07324652127948,4.419827193229029,4.430631360879455,0.010804167650426244,0.010804167650426244,True
2025-07-27 12:00:00,mid,48.11361230119872,4.437398198380173,4.36925998483745,-0.06813821354272243,0.06813821354272243,True
2025-07-27 12:00:00,mid,48.00378342409656,4.3323054580019615,0.0,-4.3323054580019615,4.3323054580019615,False
2025-07-27 13:00:00,mid,49.282100685141984,4.237612310985735,4.181191638161451,-0.056420672824284424,0.056420672824284424,True
2025-07-28 09:00:00,mid,48.875923286392215,4.010175397171373,0.0,-4.010175397171373,4.010175397171373,False
2025-07-28 09:00:00,mid,46.78652845386922,4.00948627001474,4.385667911835131,0.3761816418203905,0.3761816418203905,True
2025-07-28 09:00:00,mid,45.24830499663168,4.0101214154886335,4.465958181194825,0.45583676570619147,0.45583676570619147,True
2025-07-28 09:00:00,mid,47.71033906366121,4.010433163488074,4.431533642278573,0.4211004787904997,0.4211004787904997,True
2025-07-28 10:00:00,mid,48.73646216876509,4.010520720015258,4.476858274131043,0.4663375541157855,0.4663375541157855,True
2025-07-28 10:00:00,mid,49.27235745935158,4.010319766455581,0.0,-4.010319766455581,4.010319766455581,False
2025-07-28 10:00:00,mid,48.601621587111794,4.010272763980293,0.0,-4.010272763980293,4.010272763980293,False
2025-07-28 10:00:00,mid,48.71307458618216,4.009616428996747,0.0,-4.009616428996747,4.009616428996747,False
2025-07-28 10:00:00,mid,46.57871578123655,4.010500284725133,4.669663011834119,0.6591627271089866,0.6591627271089866,True
2025-07-28 10:00:00,mid,47.325681281371146,4.009609617233362,4.547258703835464,0.5376490866021015,0.5376490866021015,True
2025-07-28 11:00:00,mid,49.4629303119861,4.010548806874514,4.576628881344274,0.5660800744697605,0.5660800744697605,True
2025-07-28 12:00:00,mid,48.84576536625606,4.011076159220767,0.0,-4.011076159220767,4.011076159220767,False
2025-07-28 12:00:00,mid,48.91601214165839,4.0100129036230285,4.240428516450464,0.23041561282743572,0.23041561282743572,True
2025-07-28 13:00:00,mid,48.33973970982936,4.010668050265654,4.167775826242746,0.15710777597709225,0.15710777597709225,True
2025-07-29 09:00:00,mid,48.008302726835424,4.033556532086415,0.0,-4.033556532086415,4.033556532086415,False
2025-07-29 09:00:00,mid,45.79758189491158,4.020886222364378,4.359478501260417,0.33859227889603893,0.33859227889603893,True
2025-07-29 09:00:00,mid,46.7849357115524,4.010568098475556,4.315589870087344,0.3050217716117878,0.3050217716117878,True
2025-07-29 09:00:00,mid,46.53033732013853,4.010486692873741,4.393930280034739,0.3834435871609978,0.3834435871609978,True
2025-07-29 10:00:00,mid,49.58728180996506,4.055710615420239,0.0,-4.055710615420239,4.055710615420239,False
2025-07-29 10:00:00,mid,46.94910514572498,4.049007052049063,0.0,-4.049007052049063,4.049007052049063,False
2025-07-29 10:00:00,mid,48.62055723509004,4.036804568969604,4.358621101377216,0.3218165324076123,0.3218165324076123,True
2025-07-29 10:00:00,mid,47.321919813819534,4.025544580249964,4.50151071646105,0.4759661362110865,0.4759661362110865,True
2025-07-29 10:00:00,mid,46.15659616366899,4.023125304204541,4.469959306591085,0.44683400238654425,0.44683400238654425,True
2025-07-29 10:00:00,mid,47.48879916405557,4.014682809844718,4.379048329293775,0.3643655194490574,0.3643655194490574,True
2025-07-29 11:00:00,mid,48.30415411955803,4.035378481739677,4.29653023802755,0.2611517562878731,0.2611517562878731,True
2025-07-29 12:00:00,mid,47.8898569759577,4.052970306825095,0.0,-4.052970306825095,4.052970306825095,False
2025-07-29 12:00:00,mid,48.72805756515158,4.038770485711144,4.146618529700993,0.1078480439898497,0.1078480439898497,True
2025-07-29 13:00:00,mid,48.6487490911088,4.060625371205717,4.16190024361075,0.10127487240503363,0.10127487240503363,True
2025-07-30 09:00:00,mid,46.60301153975488,4.090896846871331,0.0,-4.090896846871331,4.090896846871331,False
2025-07-30 09:00:00,mid,45.630324530223504,4.069932473351543,4.2775321530682975,0.20759967971675408,0.20759967971675408,True
2025-07-30 09:00:00,mid,45.8687425313738,4.07864314879799,4.248765003182503,0.17012185438451244,0.17012185438451244,True
2025-07-30 09:00:00,mid,45.77254159025276,4.07164166956866,4.2279802480255295,0.15633857845686983,0.15633857845686983,True
2025-07-30 10:00:00,mid,47.460908014057615,4.110273675338419,4.288895361922334,0.17862168658391475,0.17862168658391475,True
2025-07-30 10:00:00,mid,49.20154779128497,4.104658751613883,0.0,-4.104658751613883,4.104658751613883,False
2025-07-30 10:00:00,mid,48.86182885461137,4.093617411792344,0.0,-4.093617411792344,4.093617411792344,False
2025-07-30 10:00:00,mid,47.62446586716364,4.085006518577998,4.244415652597311,0.15940913401931311,0.15940913401931311,True
2025-07-30 10:00:00,mid,46.88103866335888,4.080518610108548,4.2322394468647655,0.15172083675621728,0.15172083675621728,True
2025-07-30 10:00:00,mid,45.83119451218426,4.07508816350137,4.259532459625288,0.18444429612391833,0.18444429612391833,True
2025-07-30 11:00:00,mid,48.50251664951767,4.091602411750166,4.182451168316081,0.09084875656591507,0.09084875656591507,True
2025-07-30 12:00:00,mid,48.00711777186941,4.106337374420129,4.153333610754767,0.04699623633463812,0.04699623633463812,True
2025-07-30 12:00:00,mid,48.728862616824046,4.096084574567112,4.151907168267877,0.05582259370076503,0.05582259370076503,True
2025-07-30 13:00:00,mid,47.83106437637164,4.114390288747163,4.18901761234168,0.07462732359451696,0.07462732359451696,True
2025-07-31 10:00:00,mid,47.09090676969812,4.931408191952521,4.497800633424005,-0.4336075585285162,0.4336075585285162,True
2025-07-31 10:00:00,mid,44.12639074825329,4.62392405618796,4.516131152682082,-0.107792903505878,0.107792903505878,True
2025-07-31 10:00:00,mid,43.83338319700265,4.582426700227208,4.546699299126237,-0.035727401100970724,0.035727401100970724,True
2025-07-31 10:00:00,mid,45.803620051354535,4.721526666406401,4.5479633883293005,-0.1735632780771006,0.1735632780771006,True
2025-07-31 11:00:00,mid,49.67488630918832,4.639227904462302,0.0,-4.639227904462302,4.639227904462302,False
2025-07-31 11:00:00,mid,47.61172533541357,4.583418763324136,4.405161081009404,-0.17825768231473216,0.17825768231473216,True
2025-07-31 11:00:00,mid,47.677045832081774,4.536212669232068,4.570570935830623,0.0343582665985549,0.0343582665985549,True
2025-07-31 11:00:00,mid,47.20123682286738,4.668660828813785,4.535649738395925,-0.13301109041785963,0.13301109041785963,True
2025-07-31 11:00:00,mid,44.97238993870678,4.518893160010279,4.537183617229099,0.01829045721881961,0.01829045721881961,True
2025-07-31 11:00:00,mid,45.03301849315642,4.486290112964241,4.539181299102719,0.052891186138477764,0.052891186138477764,True
2025-07-31 12:00:00,mid,47.03020691341575,4.336038925960658,4.349441718994711,0.013402793034053673,0.013402793034053673,True
2025-07-31 13:00:00,mid,47.224911547998914,4.015912916377399,4.175147051184261,0.15923413480686222,0.15923413480686222,True
2025-07-31 13:00:00,mid,46.85796063645319,4.079539372497191,4.185640712863282,0.10610134036609153,0.10610134036609153,True
2025-08-01 12:00:00,mid,48.79240567308069,4.193030943713342,4.188984549190975,-0.004046394522367436,0.004046394522367436,True
2025-08-02 09:00:00,mid,45.82681263164196,4.134597046073328,4.296670272269498,0.1620732261961706,0.1620732261961706,True
2025-08-02 10:00:00,mid,48.61557716773363,4.369035183777562,0.0,-4.369035183777562,4.369035183777562,False
2025-08-02 10:00:00,mid,46.39087978312576,4.762355933615396,4.488413646027135,-0.27394228758826067,0.27394228758826067,True
2025-08-02 10:00:00,mid,45.349558646703954,4.324334233550516,4.498586401337395,0.1742521677868787,0.1742521677868787,True
2025-08-02 10:00:00,mid,46.9709805670783,4.096188173243238,4.374667875586154,0.2784797023429162,0.2784797023429162,True
2025-08-02 11:00:00,mid,49.35239339902913,4.142186381437305,0.0,-4.142186381437305,4.142186381437305,False
2025-08-02 11:00:00,mid,48.50550547913601,4.332132665668617,4.507165253973299,0.17503258830468216,0.17503258830468216,True
2025-08-02 11:00:00,mid,48.47579731531421,4.100638521822852,0.0,-4.100638521822852,4.100638521822852,False
2025-08-02 11:00:00,mid,51.17488752696621,4.154057198470014,0.0,-4.154057198470014,4.154057198470014,False
2025-08-02 11:00:00,mid,45.85439985516168,4.292958969460674,4.4691286268021,0.17616965734142642,0.17616965734142642,True
2025-08-02 12:00:00,mid,48.07342844377944,4.175130641653446,4.274091354781644,0.09896071312819821,0.09896071312819821,True
2025-08-02 12:00:00,mid,47.2863140978566,4.514479379800367,4.335430512078964,-0.17904886772140305,0.17904886772140305,True
2025-08-02 13:00:00,mid,46.53081180214683,4.076968507928367,4.194763174656223,0.11779466672785599,0.11779466672785599,True
2025-08-03 09:00:00,mid,45.91843062828488,4.4216360444505405,4.298560373686226,-0.12307567076431436,0.12307567076431436,True
2025-08-03 10:00:00,mid,46.9440522806776,4.353371727702584,4.443510422074305,0.0901386943717215,0.0901386943717215,True
2025-08-03 11:00:00,mid,47.26062588564719,4.797618901777234,4.527037643847946,-0.27058125792928855,0.27058125792928855,True
2025-08-03 11:00:00,mid,44.60486101161729,4.413703690985511,4.492116568198308,0.07841287721279677,0.07841287721279677,True
2025-08-03 11:00:00,mid,46.85841271865408,4.457953690985509,4.488623645942679,0.03066995495717073,0.03066995495717073,True
2025-08-03 11:00:00,mid,46.78789406020485,4.567643751211715,4.485974752871422,-0.08166899834029362,0.08166899834029362,True
2025-08-03 12:00:00,mid,48.50046218146932,4.635986273457675,4.380374187888793,-0.25561208556888193,0.25561208556888193,True
2025-08-03 12:00:00,mid,49.263017641408766,4.586297987830434,4.292386182839517,-0.29391180499091707,0.29391180499091707,True
2025-08-03 12:00:00,mid,48.88728127476764,4.501827588013207,4.3637609762171765,-0.13806661179603008,0.13806661179603008,True
2025-08-03 12:00:00,mid,48.224004305754846,4.412388988135128,4.366372840645098,-0.04601614749003069,0.04601614749003069,True
2025-08-03 12:00:00,mid,45.90265300134196,4.337856245443341,4.362832320706293,0.02497607526295198,0.02497607526295198,True
2025-08-03 13:00:00,mid,47.89936901058456,4.307857421427233,4.227475363946199,-0.08038205748103433,0.08038205748103433,True
2025-08-03 13:00:00,mid,47.24235405864193,4.301671703630461,4.230308255804686,-0.07136344782577542,0.07136344782577542,True
2025-08-03 14:00:00,mid,46.83319763145091,4.101370786273815,0.0,-4.101370786273815,4.101370786273815,False
2025-08-04 09:00:00,late,49.14895204715476,4.828454531776146,4.263335188340427,-0.5651193434357182,0.5651193434357182,True
2025-08-04 10:00:00,late,48.726119206281226,4.176508171536415,4.33803865382693,0.16153048229051503,0.16153048229051503,True
2025-08-04 11:00:00,late,51.21607666092143,4.092235067063363,0.0,-4.092235067063363,4.092235067063363,False
2025-08-04 11:00:00,late,50.01105015046474,4.548323811352383,4.271320166582507,-0.27700364476987627,0.27700364476987627,True
2025-08-04 11:00:00,late,49.53295328276074,4.050376763241328,4.261958634736815,0.21158187149548713,0.21158187149548713,True
2025-08-04 11:00:00,late,48.91804336547583,4.141126763241328,4.329007658980676,0.1878808957393483,0.1878808957393483,True
2025-08-04 11:00:00,late,49.14708507442259,4.326254491273069,4.324131236195647,-0.002123255077421504,0.002123255077421504,True
2025-08-04 12:00:00,late,51.15359924506551,4.494100753067833,4.32444831652876,-0.16965243653907347,0.16965243653907347,True
2025-08-04 12:00:00,late,51.31025524469683,4.297968675237552,4.334177272480019,0.03620859724246728,0.03620859724246728,True
2025-08-04 12:00:00,late,50.27143523516444,4.090963956684067,4.279572264539435,0.1886083078553673,0.1886083078553673,True
2025-08-04 13:00:00,late,50.11047858835999,4.172824410016588,4.19327883444419,0.02045442442760148,0.02045442442760148,True
2025-08-04 13:00:00,late,51.01344541689347,4.002055715980895,0.0,-4.002055715980895,4.002055715980895,False
2025-08-04 13:00:00,late,48.63585107206636,4.255302096686979,4.193593370974556,-0.06170872571242292,0.06170872571242292,True
2025-08-05 09:00:00,late,47.11603082507317,4.309873806904712,4.272898279662619,-0.03697552724209263,0.03697552724209263,True
2025-08-05 11:00:00,late,50.60313067190291,4.161054123596188,4.358185772670077,0.19713164907388858,0.19713164907388858,True
2025-08-05 13:00:00,late,48.664877233080745,4.112604631610239,0.0,-4.112604631610239,4.112604631610239,False
2025-08-06 08:00:00,late,47.42085899883478,4.103004890643273,4.191155879167638,0.0881509885243652,0.0881509885243652,True
2025-08-06 08:00:00,late,47.11751860595225,4.199004890643266,4.203861520886002,0.004856630242735527,0.004856630242735527,True
2025-08-06 09:00:00,late,49.89514136904902,4.1037743093897845,0.0,-4.1037743093897845,4.1037743093897845,False
2025-08-06 09:00:00,late,48.61996303765733,4.659783419685116,4.2974553123739145,-0.36232810731120146,0.36232810731120146,True
2025-08-06 10:00:00,late,50.20169677027267,4.974544044883146,4.470408442293763,-0.5041356025893826,0.5041356025893826,True
2025-08-06 10:00:00,late,50.54512707694981,4.453445762387609,0.0,-4.453445762387609,4.453445762387609,False
2025-08-06 10:00:00,late,48.31968170156674,4.673314387586565,4.427468704003106,-0.24584568358345926,0.24584568358345926,True
2025-08-06 10:00:00,late,49.67995696472622,4.432639784536576,4.374598310038518,-0.058041474498057966,0.058041474498057966,True
2025-08-06 10:00:00,late,48.96967705279904,4.739268471052608,4.48793662537347,-0.2513318456791378,0.2513318456791378,True
2025-08-06 10:00:00,late,49.75356132732111,4.516362811832401,4.4124671358365,-0.10389567599590155,0.10389567599590155,True
2025-08-06 10:00:00,late,48.26578961345864,4.562513397716636,4.481564876245572,-0.0809485214710639,0.0809485214710639,True
2025-08-06 11:00:00,late,50.18276756538644,4.43818268390007,4.336240621664432,-0.10194206223563818,0.10194206223563818,True
2025-08-06 13:00:00,late,51.14663341133038,4.198113438953229,4.214908904980748,0.0167954660275198,0.0167954660275198,True
2025-08-07 08:00:00,late,48.79712541811803,4.035564915737357,4.193401546855831,0.15783663111847446,0.15783663111847446,True
2025-08-07 10:00:00,late,50.82880048444107,4.202652237195139,0.0,-4.202652237195139,4.202652237195139,False
2025-08-07 10:00:00,late,48.42887116123557,4.467423545884014,4.44692077178858,-0.02050277409543355,0.02050277409543355,True
2025-08-07 10:00:00,late,48.7603453320493,4.505673545884015,4.495472792093612,-0.01020075379040275,0.01020075379040275,True
2025-08-07 11:00:00,late,51.961147821966605,4.089407169921579,0.0,-4.089407169921579,4.089407169921579,False
2025-08-07 11:00:00,late,51.078753900307845,4.033253258791291,0.0,-4.033253258791291,4.033253258791291,False
2025-08-07 11:00:00,late,48.0463486752404,4.633051952686049,4.504908168298614,-0.12814378438743557,0.12814378438743557,True
2025-08-07 12:00:00,late,49.80636410706346,4.4943397210258205,4.31542179178035,-0.17891792924547012,0.17891792924547012,True
2025-08-07 12:00:00,late,49.52118305785696,4.477947576041412,4.319248746513112,-0.1586988295283005,0.1586988295283005,True
2025-08-07 12:00:00,late,50.19272613941804,4.370883603296484,4.290728537615525,-0.08015506568095887,0.08015506568095887,True
2025-08-07 12:00:00,late,50.00147974423904,4.3758961410880985,4.3036222094897605,-0.07227393159833806,0.07227393159833806,True
2025-08-07 12:00:00,late,48.71371645009478,4.244880657806625,4.292171660534603,0.04729100272797737,0.04729100272797737,True
2025-08-07 13:00:00,late,51.47120748715874,4.083509000440529,0.0,-4.083509000440529,4.083509000440529,False
2025-08-08 09:00:00,late,48.83058968729407,4.092239727085854,4.274670023628684,0.18243029654283038,0.18243029654283038,True
2025-08-08 10:00:00,late,46.31220200190872,4.588918509210082,4.520717536446251,-0.06820097276383041,0.06820097276383041,True
2025-08-08 11:00:00,late,50.16420883952932,4.330223901728871,4.321278348529913,-0.0089455531989584,0.0089455531989584,True
2025-08-08 11:00:00,late,48.9967487633816,4.0651130320676,4.279450376180509,0.2143373441129084,0.2143373441129084,True
2025-08-08 11:00:00,late,49.06791569183236,4.0696130320676005,4.282088779695631,0.21247574762803012,0.21247574762803012,True
2025-08-08 12:00:00,late,52.007389950966406,4.132280069585555,0.0,-4.132280069585555,4.132280069585555,False
2025-08-08 12:00:00,late,51.76597010313476,4.106496992457366,0.0,-4.106496992457366,4.106496992457366,False
2025-08-08 12:00:00,late,49.35198179188192,4.021881222508711,4.248993640805544,0.2271124182968336,0.2271124182968336,True
2025-08-08 14:00:00,late,50.19227482412264,4.018368547217037,4.100079271104968,0.0817107238879311,0.0817107238879311,True
2025-08-08 14:00:00,late,49.36690554163047,4.050494828741844,4.106307837974499,0.0558130092326552,0.0558130092326552,True
2025-08-08 14:00:00,late,48.40770518385808,4.155030884459869,4.1221992690815,-0.03283161537836854,0.03283161537836854,True
2025-08-09 08:00:00,late,47.97124279815766,4.052555224183937,4.172522414815406,0.11996719063146877,0.11996719063146877,True
2025-08-09 08:00:00,late,48.42175730770517,4.03327192865159,4.198368427702998,0.16509649905140744,0.16509649905140744,True
2025-08-09 09:00:00,late,48.48657983531562,4.967245195177743,4.536172792674939,-0.43107240250280476,0.43107240250280476,True
2025-08-09 10:00:00,late,51.07482640636642,4.702854287999429,4.476133190016154,-0.22672109798327522,0.22672109798327522,True
2025-08-09 11:00:00,late,49.20835478657302,4.248211728964822,4.331765103213956,0.08355337424913412,0.08355337424913412,True
2025-08-09 12:00:00,late,50.57396891925384,4.498308673215831,4.2933913591905135,-0.20491731402531776,0.20491731402531776,True
2025-08-09 12:00:00,late,50.37298348794005,4.257259322963414,4.3386218045719,0.08136248160848591,0.08136248160848591,True
2025-08-09 12:00:00,late,49.84102611985298,4.257259322963414,4.337223330546669,0.07996400758325528,0.07996400758325528,True
2025-08-09 13:00:00,late,52.06786479173425,4.252753955998664,0.0,-4.252753955998664,4.252753955998664,False
2025-08-09 13:00:00,late,50.22600223028647,4.235958880743802,4.18751871345458,-0.04844016728922185,0.04844016728922185,True
2025-08-09 13:00:00,late,49.47213783815224,4.177176117351799,4.212590315959961,0.035414198608162195,0.035414198608162195,True
2025-08-10 08:00:00,late,48.55073181512838,4.059271736736285,4.188809329972431,0.12953759323614555,0.12953759323614555,True
2025-08-10 08:00:00,late,49.07347721858264,4.13279547319727,4.174747126919591,0.04195165372232168,0.04195165372232168,True
2025-08-10 08:00:00,late,46.29340010326891,4.408509484925965,4.264764807160895,-0.14374467776506972,0.14374467776506972,True
2025-08-10 09:00:00,late,48.56995266727359,4.791492977237034,4.374079957970121,-0.4174130192669132,0.4174130192669132,True
2025-08-10 09:00:00,late,47.6299997172373,4.603492940831661,4.372872319131605,-0.23062062170005593,0.23062062170005593,True
2025-08-10 10:00:00,late,48.8284616571806,4.798630669276029,4.476937157996377,-0.3216935112796522,0.3216935112796522,True
2025-08-10 11:00:00,late,51.09356517403947,4.709087193449982,4.357845771833042,-0.3512414216169395,0.3512414216169395,True
2025-08-10 12:00:00,late,48.56688076400677,4.364064322855857,4.347705766011102,-0.016358556844754624,0.016358556844754624,True
2025-08-10 13:00:00,late,52.5871771040443,4.248755150566247,0.0,-4.248755150566247,4.248755150566247,False
2025-08-10 13:00:00,late,49.97069312421148,4.268017870383236,4.228294892122064,-0.03972297826117188,0.03972297826117188,True
2025-08-10 13:00:00,late,49.89401882718306,4.268017870383236,4.203079187352227,-0.06493868303100925,0.06493868303100925,True
2025-08-10 14:00:00,late,50.03536313656343,4.05653532170718,4.118339617512012,0.06180429580483171,0.06180429580483171,True
2025-08-11 09:00:00,late,48.39093275639357,4.407957115438386,4.33180188046665,-0.07615523497173537,0.07615523497173537,True
2025-08-11 09:00:00,late,49.872412627116255,4.5609647411216585,4.313140172517747,-0.2478245686039111,0.2478245686039111,True
2025-08-11 09:00:00,late,49.26058197164706,4.678114453459234,4.4118520004105255,-0.2662624530487081,0.2662624530487081,True
2025-08-11 09:00:00,late,48.63377344999191,4.628912122549806,4.479089315569945,-0.14982280697986106,0.14982280697986106,True
2025-08-11 09:00:00,late,48.67552096540022,4.441215881639444,4.470185049759194,0.028969168119750144,0.028969168119750144,True
2025-08-11 10:00:00,late,49.17378082367777,4.7147813778410566,4.379269883912948,-0.33551149392810853,0.33551149392810853,True
2025-08-11 10:00:00,late,48.5686022236096,4.588319323024923,4.359503211395722,-0.22881611162920024,0.22881611162920024,True
2025-08-11 11:00:00,late,50.72473251062444,4.588544494595059,4.395131725345492,-0.19341276924956663,0.19341276924956663,True
2025-08-11 12:00:00,late,51.57835449352359,4.371844838260365,4.298061656594126,-0.0737831816662391,0.0737831816662391,True
2025-08-11 13:00:00,late,48.77763929647642,4.207173152824463,4.226217161255362,0.019044008430898707,0.019044008430898707,True
2025-08-11 14:00:00,late,49.146170261774905,4.007132319191239,4.117472202744447,0.11033988355320812,0.11033988355320812,True
2025-08-11 14:00:00,late,49.15359012077331,4.010882319191243,4.11396563731083,0.10308331811958737,0.10308331811958737,True
2025-08-12 08:00:00,initial,49.81548946825102,4.242891420033331,4.133780022247769,-0.10911139778556223,0.10911139778556223,True
2025-08-12 08:00:00,initial,50.04027775760427,4.674379959888878,4.153889317349758,-0.5204906425391194,0.5204906425391194,True
2025-08-12 09:00:00,initial,50.435094349400416,4.706269786269935,4.378946811540654,-0.32732297472928096,0.32732297472928096,True
2025-08-12 09:00:00,initial,49.07986757408165,4.381804486731635,4.274151030285716,-0.10765345644591928,0.10765345644591928,True
2025-08-12 09:00:00,initial,49.8035998144462,4.856117014709447,4.34822176757217,-0.5078952471372773,0.5078952471372773,True
2025-08-12 09:00:00,initial,49.792480494565496,4.316115595355829,4.416744934517797,0.10062933916196837,0.10062933916196837,True
2025-08-12 09:00:00,initial,49.0885990642105,4.184219752696532,4.380143164926843,0.19592341223031084,0.19592341223031084,True
2025-08-12 10:00:00,initial,52.3397825214415,4.343475561975279,4.418830732069075,0.075355170093796,0.075355170093796,True
2025-08-12 10:00:00,initial,52.8516209350185,4.212148434122703,4.289143896201786,0.0769954620790827,0.0769954620790827,True
2025-08-12 11:00:00,initial,51.519573260833454,4.321639341208144,0.0,-4.321639341208144,4.321639341208144,False
2025-08-12 12:00:00,initial,52.583136445159575,4.319555372667139,4.287824987847129,-0.031730384820010116,0.031730384820010116,True
2025-08-12 14:00:00,initial,52.8613368312913,4.216419620293497,0.0,-4.216419620293497,4.216419620293497,False
2025-08-12 15:00:00,initial,51.00159035731021,4.025578464312471,0.0,-4.025578464312471,4.025578464312471,False
2025-08-12 15:00:00,initial,52.558077744230935,4.039078464312471,0.0,-4.039078464312471,4.039078464312471,False
2025-08-13 09:00:00,initial,51.335624840908565,4.079290953912803,4.211345288982447,0.13205433506964415,0.13205433506964415,True
2025-08-13 10:00:00,initial,51.89592489168783,4.5087772475572905,4.34671951378615,-0.16205773377114063,0.16205773377114063,True
2025-08-13 11:00:00,initial,52.33686880312919,4.702085706017243,4.307627092048551,-0.3944586139686921,0.3944586139686921,True
2025-08-13 11:00:00,initial,52.14734938984162,4.2975986331952,4.32806750885969,0.03046887566449019,0.03046887566449019,True
2025-08-13 11:00:00,initial,52.61586888214896,4.817653441109272,4.313333414847468,-0.5043200262618042,0.5043200262618042,True
2025-08-13 11:00:00,initial,50.146146130677096,4.281371539158389,4.241182344759588,-0.040189194398800865,0.040189194398800865,True
2025-08-13 11:00:00,initial,50.89150547605156,4.093019936520342,4.310849900745851,0.21782996422550926,0.21782996422550926,True
2025-08-13 12:00:00,initial,51.28909016062197,4.116615702663388,4.223715285056886,0.1070995823934977,0.1070995823934977,True
2025-08-13 12:00:00,initial,51.89169568251515,4.023476343832261,4.22853867552377,0.20506233169150878,0.20506233169150878,True
2025-08-14 09:00:00,initial,50.16322654931576,4.538410632008723,4.238223754987319,-0.300186877021404,0.300186877021404,True
2025-08-14 10:00:00,initial,53.06011343498997,4.12916325429746,0.0,-4.12916325429746,4.12916325429746,False
2025-08-14 10:00:00,initial,51.88795507011348,4.780322919789732,4.445884514773031,-0.3344384050167015,0.3344384050167015,True
2025-08-14 10:00:00,initial,50.06452413167384,4.398060925086167,4.484420890620839,0.08635996553467251,0.08635996553467251,True
2025-08-14 10:00:00,initial,50.96371227788975,4.443810925086169,4.490312500429854,0.04650157534368571,0.04650157534368571,True
2025-08-14 10:00:00,initial,49.17124754728554,4.509565775010433,4.469910705342652,-0.03965506966778065,0.03965506966778065,True
2025-08-14 12:00:00,initial,51.01401320911231,4.309253193909321,4.338219863594357,0.028966669685036806,0.028966669685036806,True
2025-08-14 13:00:00,initial,52.71356720831955,4.097009041361865,0.0,-4.097009041361865,4.097009041361865,False
2025-08-14 13:00:00,initial,52.23069018341907,4.025460108205987,0.0,-4.025460108205987,4.025460108205987,False
2025-08-14 13:00:00,initial,53.87337215123748,4.11745159369211,0.0,-4.11745159369211,4.11745159369211,False
2025-08-14 13:00:00,initial,52.75105154429798,4.035283087273893,0.0,-4.035283087273893,4.035283087273893,False
2025-08-14 14:00:00,initial,48.8687372512161,4.258905952703529,4.148039361392492,-0.11086659131103715,0.11086659131103715,True
2025-08-15 09:00:00,initial,49.46000367350058,4.187912096965029,4.253891818782917,0.06597972181788858,0.06597972181788858,True
2025-08-15 09:00:00,initial,49.61455547610575,4.358740081464742,4.24674379897762,-0.11199628248712123,0.11199628248712123,True
2025-08-15 11:00:00,initial,52.33664849537323,4.329616741879089,4.301770210322849,-0.027846531556240173,0.027846531556240173,True
2025-08-15 12:00:00,initial,52.603386814840384,4.021314419657955,4.2184044519709465,0.1970900323129916,0.1970900323129916,True
2025-08-15 13:00:00,initial,52.037308247206376,4.205667645265443,0.0,-4.205667645265443,4.205667645265443,False
2025-08-15 13:00:00,initial,51.69319590096789,4.148816213969269,4.153938681487453,0.005122467518184237,0.005122467518184237,True
2025-08-15 13:00:00,initial,53.0365662985696,4.198316213969271,4.16436170899203,-0.03395450497724095,0.03395450497724095,True
2025-08-15 13:00:00,initial,52.16913865320824,4.179588016622596,4.145365636358751,-0.034222380263844165,0.034222380263844165,True
2025-08-18 10:00:00,initial,50.132689325597084,4.072048350065433,4.246335157819825,0.17428680775439176,0.17428680775439176,True
2025-08-18 12:00:00,initial,52.15891131661956,4.256090664081114,0.0,-4.256090664081114,4.256090664081114,False
2025-08-18 14:00:00,initial,51.18669347236473,4.114958605302231,0.0,-4.114958605302231,4.114958605302231,False
2025-08-19 09:00:00,initial,51.60892878467703,4.063838265043479,0.0,-4.063838265043479,4.063838265043479,False
2025-08-19 09:00:00,initial,50.09163358102178,4.816600206980173,4.383245422140371,-0.4333547848398016,0.4333547848398016,True
2025-08-19 09:00:00,initial,50.33959535666127,4.589919880330335,4.368340218837277,-0.22157966149305786,0.22157966149305786,True
2025-08-19 10:00:00,initial,50.9213123868433,4.994396525148765,4.354420767655131,-0.6399757574936347,0.6399757574936347,True
2025-08-19 10:00:00,initial,50.29475121240437,4.089101966821904,4.465301042450626,0.37619907562872257,0.37619907562872257,True
2025-08-19 10:00:00,initial,50.643660919805946,4.115746284853284,4.4555967363431845,0.3398504514899008,0.3398504514899008,True
2025-08-19 10:00:00,initial,50.12527886515968,4.504527991469914,4.453036018488175,-0.05149197298173824,0.05149197298173824,True
2025-08-19 11:00:00,initial,54.76703011196362,4.0042571983207225,0.0,-4.0042571983207225,4.0042571983207225,False
2025-08-19 11:00:00,initial,51.2257291146706,4.474410190136066,4.364494504618896,-0.10991568551717013,0.10991568551717013,True
2025-08-19 12:00:00,initial,49.88550035283992,4.177398933929208,4.273051439059959,0.09565250513075085,0.09565250513075085,True
2025-08-19 12:00:00,initial,52.37876605486731,4.169014281186882,0.0,-4.169014281186882,4.169014281186882,False
2025-08-19 13:00:00,initial,51.25714392061984,4.1060107166879405,4.145461978186026,0.03945126149808509,0.03945126149808509,True
2025-08-20 09:00:00,initial,50.890548603604046,4.470163868329312,4.359462175452431,-0.11070169287688092,0.11070169287688092,True
2025-08-20 09:00:00,initial,50.51087606623704,4.1003447161876245,4.303823482602563,0.20347876641493823,0.20347876641493823,True
2025-08-20 11:00:00,initial,51.871673876682586,4.444786763523119,4.340938761485657,-0.10384800203746192,0.10384800203746192,True
2025-08-20 11:00:00,initial,53.24862418382048,4.726539770417176,0.0,-4.726539770417176,4.726539770417176,False
2025-08-20 11:00:00,initial,51.318940678179146,4.327467015856708,4.33080925522234,0.003342239365631272,0.003342239365631272,True
2025-08-20 12:00:00,initial,53.56758822301624,4.312686670665919,0.0,-4.312686670665919,4.312686670665919,False
2025-08-20 12:00:00,initial,50.930614886941626,4.083531161622506,4.240691895316493,0.15716073369398664,0.15716073369398664,True
2025-08-20 12:00:00,initial,51.99629133608016,4.058493017288871,4.224480312244519,0.1659872949556478,0.1659872949556478,True
2025-08-20 12:00:00,initial,51.302213289535146,4.025756515996953,4.236302431568599,0.21054591557164581,0.21054591557164581,True
2025-08-21 09:00:00,initial,51.59177019073793,4.383274924756137,4.448080360361872,0.06480543560573526,0.06480543560573526,True
2025-08-21 09:00:00,initial,52.520250639262215,4.626485485012012,4.448750248735139,-0.17773523627687293,0.17773523627687293,True
2025-08-21 09:00:00,initial,48.79802854742296,4.545331792401079,4.462329404352975,-0.08300238804810434,0.08300238804810434,True
2025-08-21 09:00:00,initial,49.14588076597223,4.349420282068184,4.458640149098865,0.10921986703068054,0.10921986703068054,True
2025-08-21 10:00:00,initial,50.66766785839511,4.541215239688491,4.428316209512087,-0.11289903017640324,0.11289903017640324,True
2025-08-21 11:00:00,initial,51.75363650767433,4.287305331672215,0.0,-4.287305331672215,4.287305331672215,False
2025-08-21 11:00:00,initial,50.24758411787031,4.081463185952831,4.230854429890451,0.14939124393761993,0.14939124393761993,True
2025-08-22 08:00:00,initial,50.470885064502816,4.029697603303077,0.0,-4.029697603303077,4.029697603303077,False
2025-08-22 08:00:00,initial,48.97957808376137,4.065393971910854,4.165886087483972,0.10049211557311732,0.10049211557311732,True
2025-08-22 09:00:00,initial,51.41355638520197,4.627287757079991,4.275411571059814,-0.3518761860201769,0.3518761860201769,True
2025-08-22 09:00:00,initial,51.29634503154206,4.279751346291619,0.0,-4.279751346291619,4.279751346291619,False
2025-08-22 09:00:00,initial,50.279072462565104,4.29943084155401,4.2665649017084295,-0.03286593984558017,0.03286593984558017,True
2025-08-22 09:00:00,initial,49.72241283961525,4.45610495902249,4.300807395927081,-0.15529756309540854,0.15529756309540854,True
2025-08-22 10:00:00,initial,50.52276095938996,4.631331978727424,4.42021494885489,-0.21111702987253356,0.21111702987253356,True
2025-08-22 11:00:00,initial,52.77839557323339,4.571904995905662,4.305217984377348,-0.26668701152831353,0.26668701152831353,True
2025-08-22 11:00:00,initial,49.93464566846595,4.352936536487803,4.31703860871761,-0.035897927770193405,0.035897927770193405,True
2025-08-22 11:00:00,initial,52.41394262796887,4.193589134497145,4.312452193278557,0.1188630587814119,0.1188630587814119,True
2025-08-22 12:00:00,initial,52.91401942065292,4.084027014865249,4.2285047612519175,0.14447774638666822,0.14447774638666822,True
2025-08-22 12:00:00,initial,50.12640842923004,4.447438462917418,4.245432213960797,-0.20200624895662145,0.20200624895662145,True
2025-08-22 15:00:00,initial,50.59006159778722,4.0183339342067335,0.0,-4.0183339342067335,4.0183339342067335,False
2025-08-23 10:00:00,initial,49.819865003539725,4.190538348856929,4.229644964912522,0.039106616055592625,0.039106616055592625,True
2025-08-23 14:00:00,initial,52.63711017979926,4.051546703421408,0.0,-4.051546703421408,4.051546703421408,False
2025-08-23 14:00:00,initial,49.03073826986913,4.059070948588737,4.095936916857961,0.0368659682692245,0.0368659682692245,True
2025-08-24 09:00:00,initial,49.25570311534693,4.097895221127885,0.0,-4.097895221127885,4.097895221127885,False
2025-08-24 09:00:00,initial,49.7484633080474,4.259072781667115,4.234727218556102,-0.024345563111013213,0.024345563111013213,True
2025-08-24 10:00:00,initial,50.29038121144022,4.68524941906098,4.253714546574034,-0.4315348724869468,0.4315348724869468,True
2025-08-24 10:00:00,initial,51.82234961278833,4.43005892855302,4.250101742637151,-0.1799571859158693,0.1799571859158693,True
2025-08-24 11:00:00,initial,51.04449126986127,4.482676085503492,4.2183739684746,-0.26430211702889217,0.26430211702889217,True
2025-08-24 11:00:00,initial,51.9473928599265,4.147540981054885,4.268891723146891,0.12135074209200614,0.12135074209200614,True
2025-08-24 12:00:00,initial,52.88868231644652,4.30746307673261,4.22793948243203,-0.07952359430057943,0.07952359430057943,True
2025-08-24 12:00:00,initial,52.22646352104735,4.31002103204311,4.234397629895133,-0.07562340214797736,0.07562340214797736,True
2025-08-24 13:00:00,initial,51.2144658579837,4.176579704348661,4.153493207293431,-0.023086497055230026,0.023086497055230026,True
2025-08-26 10:00:00,initial,52.845786212298925,4.272783585228034,4.35038779094357,0.07760420571553617,0.07760420571553617,True
2025-08-26 10:00:00,initial,51.20405992926271,4.395412753122212,4.34495705341737,-0.05045569970484198,0.05045569970484198,True
2025-08-26 10:00:00,initial,49.60532323552641,4.215919067489924,4.379178804677289,0.16325973718736453,0.16325973718736453,True
2025-08-26 11:00:00,initial,49.97218351378713,4.0673011159335,4.359829133142377,0.2925280172088769,0.2925280172088769,True
2025-08-26 12:00:00,initial,52.86919874912195,4.029717817895325,0.0,-4.029717817895325,4.029717817895325,False
2025-08-26 13:00:00,initial,52.68486184269986,4.118190618132154,0.0,-4.118190618132154,4.118190618132154,False
2025-08-26 13:00:00,initial,52.19743379848521,4.260366453459646,0.0,-4.260366453459646,4.260366453459646,False
2025-08-28 09:00:00,development,45.78523562918405,4.278698120516317,4.325085051675257,0.046386931158939326,0.046386931158939326,True
2025-08-28 09:00:00,development,46.12147843207169,4.905210995312821,4.431745671334608,-0.47346532397821317,0.47346532397821317,True
2025-08-28 10:00:00,development,49.92855327691475,4.820471042700156,4.499308933084256,-0.32116210961589964,0.32116210961589964,True
2025-08-28 10:00:00,development,50.74037761922301,4.152737349777972,0.0,-4.152737349777972,4.152737349777972,False
2025-08-28 10:00:00,development,50.493649336396935,4.312859946104208,4.449551302412481,0.13669135630827345,0.13669135630827345,True
2025-08-28 10:00:00,development,48.71125528185015,4.372831497224535,4.532874845950064,0.16004334872552928,0.16004334872552928,True
2025-08-28 11:00:00,development,51.74582503031144,4.0706796248905945,4.264645378084645,0.19396575319405063,0.19396575319405063,True
2025-08-28 11:00:00,development,50.60391751374027,4.994835665174506,4.484920432458261,-0.5099152327162448,0.5099152327162448,True
2025-08-28 11:00:00,development,49.29157932346416,4.57200443844852,4.4945628563509725,-0.07744158209754737,0.07744158209754737,True
2025-08-28 11:00:00,development,47.62183360247877,4.403720980820406,4.422941085878887,0.01922010505848082,0.01922010505848082,True
2025-08-28 11:00:00,development,46.60008062995229,4.248482282565362,4.426790479296177,0.1783081967308151,0.1783081967308151,True
2025-08-28 12:00:00,development,50.89626924539868,4.0459593399333045,4.326204910732958,0.2802455707996536,0.2802455707996536,True
2025-08-28 12:00:00,development,49.786172542270094,4.009739195373637,0.0,-4.009739195373637,4.009739195373637,False
2025-08-28 14:00:00,development,49.1375742791813,4.005649602755732,0.0,-4.005649602755732,4.005649602755732,False
2025-08-29 10:00:00,development,47.496528262914566,4.7033018561741855,4.449960806830676,-0.25334104934350954,0.25334104934350954,True
2025-08-29 10:00:00,development,47.2537188168094,4.606262285934268,4.5390619528599165,-0.0672003330743518,0.0672003330743518,True
2025-08-29 11:00:00,development,51.8633586327965,4.730699090201426,4.366274885329219,-0.3644242048722077,0.3644242048722077,True
2025-08-29 11:00:00,development,51.58526165728823,4.719810961500976,4.317929959080359,-0.401881002420617,0.401881002420617,True
2025-08-29 11:00:00,development,48.61520100843701,4.621368949659736,4.4662956010376105,-0.15507334862212563,0.15507334862212563,True
2025-08-29 11:00:00,development,48.91345694236899,4.461400680417672,4.475079704077078,0.013679023659405765,0.013679023659405765,True
2025-08-29 12:00:00,development,50.52872229875091,4.419913950554118,4.396017521214269,-0.02389642933984959,0.02389642933984959,True
2025-08-29 12:00:00,development,50.47330131961114,4.375166907997631,4.409280868102339,0.03411396010470824,0.03411396010470824,True
2025-08-29 12:00:00,development,50.01361485504436,4.377674136015688,4.34770031157507,-0.029973824440618024,0.029973824440618024,True
2025-08-29 12:00:00,development,49.20185220736821,4.332095621361045,4.333949921199817,0.0018542998387722776,0.0018542998387722776,True
2025-08-29 12:00:00,development,49.343304253633335,4.372595621361047,4.3775381221119725,0.004942500750925838,0.004942500750925838,True
2025-08-29 13:00:00,development,49.29031600742374,4.156303296876999,4.241564263760015,0.08526096688301621,0.08526096688301621,True
2025-08-29 13:00:00,development,49.2118163669852,4.238325413143123,4.260436512944833,0.022111099801709777,0.022111099801709777,True
2025-08-30 09:00:00,development,48.27658393701296,4.6892100236605785,4.382167875563211,-0.3070421480973673,0.3070421480973673,True
2025-08-30 11:00:00,development,48.27804836326021,4.600754903906939,4.428385536733473,-0.17236936717346563,0.17236936717346563,True
2025-08-30 11:00:00,development,47.61903433111969,4.541337961563468,4.463513373811901,-0.07782458775156709,0.07782458775156709,True
2025-08-30 12:00:00,development,52.125962079588575,4.460073671789843,0.0,-4.460073671789843,4.460073671789843,False
2025-08-30 12:00:00,development,52.17635067586471,4.46529426267427,0.0,-4.46529426267427,4.46529426267427,False
2025-08-30 12:00:00,development,50.25959614783509,4.4472001535045855,4.364389431456932,-0.08281072204765394,0.08281072204765394,True
2025-08-30 12:00:00,development,49.213819010427336,4.417797226103854,4.283283026633497,-0.13451419947035692,0.13451419947035692,True
2025-08-30 13:00:00,development,52.28922825127409,4.0601465960153575,0.0,-4.0601465960153575,4.0601465960153575,False
2025-08-30 13:00:00,development,51.12017222295974,4.149936272193877,4.211563104236483,0.06162683204260677,0.06162683204260677,True
2025-08-30 13:00:00,development,48.65829794295147,4.247922789703921,4.218206407879856,-0.02971638182406533,0.02971638182406533,True
2025-08-30 13:00:00,development,47.49852704685951,4.287872134710611,4.242020424797412,-0.0458517099131992,0.0458517099131992,True
2025-08-30 13:00:00,development,46.82736092952732,4.309622134710612,4.248771606752127,-0.060850527958484335,0.060850527958484335,True
2025-08-30 14:00:00,development,49.00762252565696,4.088670244343618,4.105788523884454,0.01711827954083578,0.01711827954083578,True
2025-08-31 09:00:00,development,49.64617397486353,4.025877718230035,4.228145855709203,0.20226813747916772,0.20226813747916772,True
2025-08-31 11:00:00,development,48.90120355505437,4.382782812483381,4.361435272022789,-0.021347540460591397,0.021347540460591397,True
2025-08-31 14:00:00,development,49.10035522183284,4.0853030410362585,0.0,-4.0853030410362585,4.0853030410362585,False
2025-09-01 09:00:00,development,48.110962349327785,4.094119756617079,0.0,-4.094119756617079,4.094119756617079,False
2025-09-01 10:00:00,development,51.05459095768401,4.049228772001101,0.0,-4.049228772001101,4.049228772001101,False
2025-09-01 10:00:00,development,50.985183661864816,4.1833794665015525,4.32992984627786,0.1465503797763077,0.1465503797763077,True
2025-09-01 10:00:00,development,49.40471748026851,4.073068176209894,4.334040958073479,0.2609727818635852,0.2609727818635852,True
2025-09-01 10:00:00,development,47.51461755652132,4.401374345064792,4.373280830209966,-0.028093514854826473,0.028093514854826473,True
2025-09-01 10:00:00,development,49.211932403427774,4.019778611286842,4.339007403114814,0.3192287918279719,0.3192287918279719,True
2025-09-01 10:00:00,development,47.88958758757061,4.017109113008399,4.407687469233943,0.3905783562255447,0.3905783562255447,True
2025-09-01 10:00:00,development,48.39054657581212,4.313359113008406,4.421693389847962,0.10833427683955588,0.10833427683955588,True
2025-09-01 11:00:00,development,51.8180333134943,4.403266904855272,4.333321503307589,-0.0699454015476828,0.0699454015476828,True
2025-09-01 11:00:00,development,50.45663739628474,4.719418688977889,4.365021451092478,-0.35439723788541144,0.35439723788541144,True
2025-09-01 11:00:00,development,48.97571344549572,4.390763793274729,4.351576310632602,-0.039187482642127236,0.039187482642127236,True
2025-09-01 11:00:00,development,49.67862443077958,4.477893721263698,4.330783566017298,-0.14711015524639937,0.14711015524639937,True
2025-09-02 12:00:00,development,49.43689621963099,4.499970610528621,4.242003542445033,-0.2579670680835875,0.2579670680835875,True
2025-09-02 12:00:00,development,50.43347828312229,4.130659981252407,0.0,-4.130659981252407,4.130659981252407,False
2025-09-03 12:00:00,development,49.82716069121753,4.063776727986387,4.215894407921985,0.1521176799355981,0.1521176799355981,True
2025-09-03 12:00:00,development,48.38882956374995,4.035908837585712,4.21382113321102,0.1779122956253083,0.1779122956253083,True
2025-09-04 11:00:00,development,50.57723499871289,4.019709495572435,4.331259170590727,0.31154967501829134,0.31154967501829134,True
2025-09-04 11:00:00,development,48.723759121175775,4.360597623193488,4.3419457747871935,-0.018651848406294746,0.018651848406294746,True
2025-09-04 12:00:00,development,49.43096720145744,4.330271318958943,4.211277090463405,-0.11899422849553787,0.11899422849553787,True
2025-09-04 12:00:00,development,49.71277361350956,4.304185079860627,4.198030414165242,-0.10615466569538512,0.10615466569538512,True
2025-09-04 12:00:00,development,49.455382207901984,4.1100747047127655,4.204724110252424,0.09464940553965828,0.09464940553965828,True
2025-09-04 12:00:00,development,47.91469374342472,4.26179494132596,4.21894024733635,-0.04285469398960995,0.04285469398960995,True
2025-09-04 12:00:00,development,47.62123365858828,4.250382211720474,4.224511531600572,-0.025870680119902012,0.025870680119902012,True
2025-09-05 09:00:00,development,47.89777167553068,4.273019122189126,4.376729549638342,0.10371042744921599,0.10371042744921599,True
2025-09-05 10:00:00,development,49.45680625360221,5.143529254607827,4.528488383426894,-0.6150408711809332,0.6150408711809332,True
2025-09-05 10:00:00,development,47.76200838812223,5.21321889832641,4.534429385531644,-0.6787895127947658,0.6787895127947658,True
2025-09-05 10:00:00,development,47.20530308799897,4.716243287783694,4.543631571730722,-0.17261171605297232,0.17261171605297232,True
2025-09-05 11:00:00,development,49.47643725528655,4.367762667252645,4.288070869377244,-0.07969179787540082,0.07969179787540082,True
2025-09-05 11:00:00,development,49.27390085483997,4.350621718782843,4.4168673794394655,0.06624566065662219,0.06624566065662219,True
2025-09-05 11:00:00,development,47.3285721045086,4.334930244312165,4.360139430054455,0.025209185742290252,0.025209185742290252,True
2025-09-05 12:00:00,development,51.021384326561694,4.099639194142945,0.0,-4.099639194142945,4.099639194142945,False
2025-09-05 12:00:00,development,49.47381199433297,4.159639194142947,0.0,-4.159639194142947,4.159639194142947,False
2025-09-05 13:00:00,development,52.10342468035949,4.271422816732688,0.0,-4.271422816732688,4.271422816732688,False
2025-09-05 13:00:00,development,50.83127434875427,4.197944793267833,4.221339490713916,0.0233946974460828,0.0233946974460828,True
2025-09-05 13:00:00,development,49.9147477174615,4.200904099168351,4.231054101450967,0.030150002282615773,0.030150002282615773,True
2025-09-05 13:00:00,development,48.3511789436422,4.078543005137433,4.21418770740264,0.13564470226520697,0.13564470226520697,True
2025-09-05 13:00:00,development,47.39245395582425,4.046396369871566,0.0,-4.046396369871566,4.046396369871566,False
2025-09-06 10:00:00,development,49.37066886998102,4.471307874342152,4.307436609046963,-0.1638712652951888,0.1638712652951888,True
2025-09-06 11:00:00,development,49.7905454151152,4.336546200234778,0.0,-4.336546200234778,4.336546200234778,False
2025-09-06 11:00:00,development,52.93162478618082,4.390276470533351,0.0,-4.390276470533351,4.390276470533351,False
2025-09-06 11:00:00,development,48.99279422171416,4.244115254189726,4.365712278930777,0.12159702474105138,0.12159702474105138,True
2025-09-06 12:00:00,development,49.72337508648452,4.028367689615521,4.326219946593568,0.2978522569780466,0.2978522569780466,True
2025-09-06 12:00:00,development,49.06316987151428,4.021382561383838,4.301798436573199,0.2804158751893606,0.2804158751893606,True
2025-09-06 13:00:00,development,48.4685297391728,4.309581140746342,4.21076494243812,-0.09881619830822252,0.09881619830822252,True
2025-09-07 08:00:00,development,47.12800377127215,4.026565540910159,0.0,-4.026565540910159,4.026565540910159,False
2025-09-07 08:00:00,development,46.197253724818594,4.030911806234048,0.0,-4.030911806234048,4.030911806234048,False
2025-09-07 09:00:00,development,48.028970169909,4.167473166189112,4.361541036966682,0.19406787077757048,0.19406787077757048,True
2025-09-07 09:00:00,development,49.53336319706102,4.029815538425947,0.0,-4.029815538425947,4.029815538425947,False
2025-09-07 09:00:00,development,47.09967141825659,4.719954309887086,4.416441558252442,-0.30351275163464386,0.30351275163464386,True
2025-09-07 09:00:00,development,45.93411472476468,4.506670721057475,4.42662660483536,-0.0800441162221146,0.0800441162221146,True
2025-09-07 10:00:00,development,49.68719625142965,4.855280674666339,4.425994798015394,-0.42928587665094486,0.42928587665094486,True
2025-09-07 11:00:00,development,51.42014897431822,4.208760176070314,4.421307161360001,0.21254698528968685,0.21254698528968685,True
2025-09-07 12:00:00,development,51.688746649731954,4.033211680880342,4.3549810317469575,0.3217693508666155,0.3217693508666155,True
2025-09-07 12:00:00,development,50.92119861875823,4.0172132903581215,4.331383636250959,0.31417034589283777,0.31417034589283777,True
2025-09-07 12:00:00,development,50.4730879927498,4.053468923530332,4.338345952181205,0.2848770286508735,0.2848770286508735,True
2025-09-07 14:00:00,development,48.24469916446365,4.223112284222548,0.0,-4.223112284222548,4.223112284222548,False
2025-09-07 14:00:00,development,47.78243001852305,4.158911130545423,0.0,-4.158911130545423,4.158911130545423,False
2025-09-08 09:00:00,development,48.399426470249054,4.385385384529428,4.3320068339365685,-0.053378550592859675,0.053378550592859675,True
2025-09-08 09:00:00,development,47.67175717762287,4.308238254177446,0.0,-4.308238254177446,4.308238254177446,False
2025-09-08 09:00:00,development,47.02906536593133,4.054578137560522,4.309034021618035,0.2544558840575126,0.2544558840575126,True
2025-09-08 10:00:00,development,50.21638024666968,4.4661334743724055,4.393681196105931,-0.07245227826647405,0.07245227826647405,True
2025-09-08 10:00:00,development,49.49477638253963,4.486936217856552,4.362101592822421,-0.12483462503413101,0.12483462503413101,True
2025-09-08 10:00:00,development,47.91626926856463,4.238725243919888,4.458439788633678,0.21971454471378937,0.21971454471378937,True
2025-09-08 10:00:00,development,48.36314357360942,4.176075922170227,4.3673823436437855,0.19130642147355825,0.19130642147355825,True
2025-09-08 11:00:00,development,49.68038891697699,4.513478617477261,4.278063982165777,-0.23541463531148477,0.23541463531148477,True
2025-09-08 12:00:00,development,49.987608720647344,4.208757873254832,4.394598109188944,0.18584023593411203,0.18584023593411203,True
2025-09-08 13:00:00,development,50.52206193021776,4.062524612418908,4.184826152602813,0.12230154018390493,0.12230154018390493,True
2025-09-09 08:00:00,development,47.42417728310258,4.276885396533306,4.236274797186036,-0.04061059934726963,0.04061059934726963,True
2025-09-09 08:00:00,development,47.255391954837926,4.121878479125908,4.2067700789468105,0.08489159982090211,0.08489159982090211,True
2025-09-09 09:00:00,development,48.35972287722929,4.461195898338843,4.323852873258888,-0.13734302507995544,0.13734302507995544,True
2025-09-09 09:00:00,development,49.7444428616995,4.630575964217606,4.368196051648999,-0.2623799125686066,0.2623799125686066,True
2025-09-09 10:00:00,development,47.75094496125781,4.737479494936608,4.56455180770614,-0.1729276872304677,0.1729276872304677,True
2025-09-09 10:00:00,development,48.0330837694049,4.714838066883534,4.560093968524051,-0.15474409835948233,0.15474409835948233,True
2025-09-09 10:00:00,development,47.77935127057057,4.540682711684486,4.554090091041053,0.01340737935656744,0.01340737935656744,True
2025-09-09 11:00:00,development,48.70567220059366,4.77332252922232,4.3536612646219055,-0.4196612646004141,0.4196612646004141,True
2025-09-09 11:00:00,development,48.9576925292377,4.750549820888878,4.378725976659564,-0.371823844229314,0.371823844229314,True
2025-09-09 11:00:00,development,48.01188105965221,4.589746881073474,4.476926907789544,-0.1128199732839299,0.1128199732839299,True
2025-09-09 11:00:00,development,47.85371819541505,4.637231695888527,4.4981718080570685,-0.13905988783145862,0.13905988783145862,True
2025-09-09 12:00:00,development,50.3848452688771,4.610964939936821,4.380110822234813,-0.23085411770200803,0.23085411770200803,True
2025-09-09 13:00:00,development,50.669173510083326,4.292409118342988,0.0,-4.292409118342988,4.292409118342988,False
2025-09-09 14:00:00,development,49.6894400671126,4.126083369173827,4.099377733953498,-0.026705635220329427,0.026705635220329427,True
2025-09-10 08:00:00,development,48.22957290765253,4.040716329926326,4.222722544435044,0.1820062145087178,0.1820062145087178,True
2025-09-10 08:00:00,development,47.391560518833785,4.025411828033118,4.230724629001077,0.20531280096795967,0.20531280096795967,True
2025-09-10 09:00:00,development,50.22040179545944,4.267052118652863,4.3050172179054265,0.037965099252563306,0.037965099252563306,True
2025-09-10 09:00:00,development,50.83034276751762,4.236132355609932,0.0,-4.236132355609932,4.236132355609932,False
2025-09-10 10:00:00,development,49.84878189217378,4.205129474555811,4.292684718998169,0.08755524444235796,0.08755524444235796,True
2025-09-10 10:00:00,development,49.17716799655551,4.198231946075151,4.288829788171239,0.09059784209608779,0.09059784209608779,True
2025-09-10 10:00:00,development,48.37730212129354,4.137303714272651,4.341573715885922,0.20427000161327058,0.20427000161327058,True
2025-09-10 11:00:00,development,51.44319771762371,4.331649716782998,4.325950017080354,-0.005699699702644168,0.005699699702644168,True
2025-09-10 11:00:00,development,49.65368272618021,4.316017984982146,4.269076085117631,-0.0469418998645148,0.0469418998645148,True
2025-09-10 11:00:00,development,50.6119119423167,4.25224778957962,0.0,-4.25224778957962,4.25224778957962,False
2025-09-10 11:00:00,development,51.26203189977294,4.221833044155897,4.3537575260735215,0.13192448191762463,0.13192448191762463,True
2025-09-10 12:00:00,development,49.70609343051594,4.456640691308991,0.0,-4.456640691308991,4.456640691308991,False
2025-09-10 12:00:00,development,50.33942019945051,4.0286698680004704,0.0,-4.0286698680004704,4.0286698680004704,False
2025-09-10 13:00:00,development,50.1584118822562,4.16873782285149,4.246610982858834,0.07787316000734368,0.07787316000734368,True
2025-09-11 09:00:00,mid,45.600953995446886,4.332268390958227,4.395410807741735,0.06314241678350818,0.06314241678350818,True
2025-09-11 09:00:00,mid,45.66774661729458,4.3242770373441,4.417498388747465,0.09322135140336485,0.09322135140336485,True
2025-09-11 10:00:00,mid,50.30775453425178,4.187493701104401,4.3188882024556055,0.13139450135120434,0.13139450135120434,True
2025-09-11 10:00:00,mid,48.99612289384289,4.109278728164966,4.291017729664885,0.18173900149991873,0.18173900149991873,True
2025-09-11 11:00:00,mid,48.016991477403984,4.156517766859164,4.34903200457524,0.19251423771607623,0.19251423771607623,True
2025-09-11 11:00:00,mid,47.97778785689365,4.230118869466747,4.273000982513088,0.04288211304634171,0.04288211304634171,True
2025-09-11 11:00:00,mid,45.31645498139647,4.305623004245184,4.347598432588647,0.041975428343462795,0.041975428343462795,True
2025-09-11 12:00:00,mid,49.01863485976678,4.085163172033422,0.0,-4.085163172033422,4.085163172033422,False
2025-09-11 12:00:00,mid,48.65386046346369,4.160411466742794,4.256327792876228,0.09591632613343481,0.09591632613343481,True
2025-09-11 13:00:00,mid,49.54006325024165,4.268184273709586,4.243369115859765,-0.024815157849821468,0.024815157849821468,True
2025-09-11 13:00:00,mid,47.77674467554642,4.36698081663263,4.268652053898752,-0.09832876273387825,0.09832876273387825,True
2025-09-12 09:00:00,mid,47.680074548900606,4.078921974287113,0.0,-4.078921974287113,4.078921974287113,False
2025-09-12 09:00:00,mid,46.73443700496964,4.413037657105395,0.0,-4.413037657105395,4.413037657105395,False
2025-09-12 09:00:00,mid,44.90574232861487,4.243754260721545,4.44746784484536,0.20371358412381557,0.20371358412381557,True
2025-09-12 09:00:00,mid,45.23564729597664,4.250688820629765,4.4302419292225945,0.17955310859282925,0.17955310859282925,True
2025-09-12 09:00:00,mid,45.29685472440637,4.673026425762636,4.365544168963118,-0.3074822567995179,0.3074822567995179,True
2025-09-12 10:00:00,mid,48.634982610645245,4.159781043024488,0.0,-4.159781043024488,4.159781043024488,False
2025-09-12 10:00:00,mid,48.7042821546066,4.171913995425562,4.244392867945418,0.07247887251985574,0.07247887251985574,True
2025-09-12 11:00:00,mid,47.64862548267187,4.204329898467126,4.255584956974658,0.051255058507532425,0.051255058507532425,True
2025-09-12 11:00:00,mid,47.95221797202904,4.218742918464329,4.249257675559605,0.030514757095275513,0.030514757095275513,True
2025-09-12 11:00:00,mid,45.00384419630088,4.234541743453836,4.307082147293286,0.07254040383944993,0.07254040383944993,True
2025-09-12 12:00:00,mid,48.10730278920253,4.196816421102259,4.23908767418232,0.0422712530800613,0.0422712530800613,True
2025-09-12 12:00:00,mid,46.74858518505615,4.212524362436231,4.248150346928763,0.035625984492531515,0.035625984492531515,True
2025-09-12 13:00:00,mid,49.12582024569655,4.173850347148516,0.0,-4.173850347148516,4.173850347148516,False
2025-09-12 13:00:00,mid,49.26791440013063,4.184064994645361,4.20631488153119,0.022249886885829184,0.022249886885829184,True
2025-09-13 09:00:00,mid,48.549256838468274,4.310009706601008,0.0,-4.310009706601008,4.310009706601008,False
2025-09-13 09:00:00,mid,46.838036655496246,4.295206649738017,4.3018702642300655,0.006663614492048886,0.006663614492048886,True
2025-09-13 09:00:00,mid,46.46775099378677,4.288675645219289,4.334349758530755,0.04567411331146598,0.04567411331146598,True
2025-09-13 09:00:00,mid,46.4021763782889,4.277142020666606,4.377700826513451,0.10055880584684562,0.10055880584684562,True
2025-09-13 09:00:00,mid,44.25596388635447,4.270414073010878,4.370906479702763,0.10049240669188464,0.10049240669188464,True
2025-09-13 10:00:00,mid,48.821825047535846,4.330308317027928,0.0,-4.330308317027928,4.330308317027928,False
2025-09-13 10:00:00,mid,47.10078507746641,4.34207977329109,4.371751639972957,0.029671866681867165,0.029671866681867165,True
2025-09-13 11:00:00,mid,46.63942205101237,4.305043291577054,4.284337600237097,-0.020705691339956367,0.020705691339956367,True
2025-09-13 11:00:00,mid,46.50267966316013,4.308041550200155,4.240693755822509,-0.06734779437764615,0.06734779437764615,True
2025-09-13 11:00:00,mid,47.09910964802992,4.284222520036746,4.270872506102155,-0.013350013934591232,0.013350013934591232,True
2025-09-13 12:00:00,mid,47.94144148763901,4.312332908090912,4.249187576543351,-0.06314533154756141,0.06314533154756141,True
2025-09-13 12:00:00,mid,46.93707401307999,4.305583902584914,4.264769891173129,-0.040814011411784534,0.040814011411784534,True
2025-09-13 13:00:00,mid,48.06476908870719,4.348926874655994,4.249058905192927,-0.09986796946306775,0.09986796946306775,True
2025-09-13 13:00:00,mid,47.89981468563722,4.347143665606982,4.244502988275645,-0.10264067733133686,0.10264067733133686,True
2025-09-14 09:00:00,mid,46.79738420129188,4.377218675544654,4.360799842852691,-0.016418832691963203,0.016418832691963203,True
2025-09-14 09:00:00,mid,47.06593149352947,4.365631224146494,4.349651247330884,-0.015979976815609476,0.015979976815609476,True
2025-09-14 09:00:00,mid,44.766749572619545,4.34897649132636,4.4183563101446,0.06937981881823951,0.06937981881823951,True
2025-09-14 09:00:00,mid,45.537637636573,4.353975374786113,4.365015914066073,0.011040539279959738,0.011040539279959738,True
2025-09-14 09:00:00,mid,46.69939352543621,4.36254488928855,4.318382380107584,-0.04416250918096587,0.04416250918096587,True
2025-09-14 10:00:00,mid,48.34285024373319,4.386069725189103,4.373305356549342,-0.012764368639761159,0.012764368639761159,True
2025-09-14 10:00:00,mid,48.72849973083128,4.377323501077065,4.321033150219968,-0.05629035085709688,0.05629035085709688,True
2025-09-14 11:00:00,mid,48.66857236380364,4.333051518252706,4.3593264576224495,0.026274939369743677,0.026274939369743677,True
2025-09-14 11:00:00,mid,46.76314648371512,4.320516741954712,4.383658551137834,0.06314180918312129,0.06314180918312129,True
2025-09-14 11:00:00,mid,47.75869253764797,4.341149460084708,4.330592321123103,-0.010557138961604373,0.010557138961604373,True
2025-09-14 12:00:00,mid,47.78113801407017,4.312967723206089,4.327743700618452,0.014775977412362806,0.014775977412362806,True
2025-09-14 12:00:00,mid,47.72439848971575,4.312388307454558,4.337321752399209,0.024933444944650773,0.024933444944650773,True
2025-09-14 13:00:00,mid,48.82718515517736,4.320592253928215,4.256422787714136,-0.0641694662140786,0.0641694662140786,True
2025-09-14 13:00:00,mid,49.19984177008476,4.325202438489217,4.255744523054912,-0.06945791543430513,0.06945791543430513,True
2025-09-15 10:00:00,mid,48.11728669830523,4.636648276931375,4.4400034944076525,-0.1966447825237223,0.1966447825237223,True
2025-09-15 10:00:00,mid,46.91903500572258,4.502921455410188,4.397704943269793,-0.1052165121403954,0.1052165121403954,True
2025-09-15 10:00:00,mid,45.74287966402185,4.411080754853895,4.419655022568355,0.008574267714459793,0.008574267714459793,True
2025-09-15 10:00:00,mid,45.763415471532845,4.357986167840981,4.458863222638386,0.10087705479740539,0.10087705479740539,True
2025-09-15 10:00:00,mid,46.99111126423704,4.502100046876038,4.392462427870398,-0.10963761900563984,0.10963761900563984,True
2025-09-15 11:00:00,mid,49.93336051202752,4.2932547356409785,0.0,-4.2932547356409785,4.2932547356409785,False
2025-09-15 11:00:00,mid,49.23996198652419,4.321453811404687,0.0,-4.321453811404687,4.321453811404687,False
2025-09-15 12:00:00,mid,49.59230022774035,4.080720560225426,4.258115445036103,0.17739488481067678,0.17739488481067678,True
2025-09-15 12:00:00,mid,48.12434663189981,4.066280028584874,4.276542787720735,0.210262759135861,0.210262759135861,True
2025-09-15 13:00:00,mid,47.25052618177927,4.388319213308986,4.2262126875318895,-0.16210652577709617,0.16210652577709617,True
2025-09-15 14:00:00,mid,47.5445579000363,4.101123236125726,0.0,-4.101123236125726,4.101123236125726,False
2025-09-16 09:00:00,mid,45.47946222938581,4.248342267267152,4.3746260372264185,0.12628376995926693,0.12628376995926693,True
2025-09-16 10:00:00,mid,47.43753750633732,4.654247827301699,4.447187631337084,-0.20706019596461456,0.20706019596461456,True
2025-09-16 10:00:00,mid,46.572875916530855,4.800730239410196,4.401043241457471,-0.3996869979527249,0.3996869979527249,True
2025-09-16 11:00:00,mid,48.25203926765281,4.363223173809793,0.0,-4.363223173809793,4.363223173809793,False
2025-09-16 11:00:00,mid,47.91793673919343,4.176724271025464,4.313077771800891,0.13635350077542618,0.13635350077542618,True
2025-09-16 11:00:00,mid,47.74363981829071,4.07633587668445,4.300653823513927,0.22431794682947714,0.22431794682947714,True
2025-09-16 11:00:00,mid,47.41320526541236,4.005271327163545,0.0,-4.005271327163545,4.005271327163545,False
2025-09-16 11:00:00,mid,48.24027398879763,4.198160818720282,4.303145489052906,0.10498467033262404,0.10498467033262404,True
2025-09-16 12:00:00,mid,50.40573457747861,4.062073713510323,4.295181737889953,0.2331080243796304,0.2331080243796304,True
2025-09-16 12:00:00,mid,49.61280510469614,4.119814199643997,4.326405388049161,0.20659118840516388,0.20659118840516388,True
2025-09-16 14:00:00,mid,47.93532488705398,4.046029382101537,4.137915129738285,0.09188574763674762,0.09188574763674762,True
2025-09-16 14:00:00,mid,46.36297930205964,4.068369620770252,4.161931256066452,0.09356163529619987,0.09356163529619987,True
2025-09-17 09:00:00,mid,45.96445809658072,4.550110076817312,4.415988803600857,-0.13412127321645428,0.13412127321645428,True
2025-09-17 09:00:00,mid,47.34833093208072,4.118160509514436,4.343554793840244,0.22539428432580877,0.22539428432580877,True
2025-09-17 09:00:00,mid,45.35824162480794,4.562677975728409,4.423930525721488,-0.138747450006921,0.138747450006921,True
2025-09-17 10:00:00,mid,47.48882310254829,4.127716931798005,4.345138887781792,0.21742195598378622,0.21742195598378622,True
2025-09-17 10:00:00,mid,47.3442040642211,4.142430517911947,0.0,-4.142430517911947,4.142430517911947,False
2025-09-17 11:00:00,mid,50.5247826695293,4.102814849203433,0.0,-4.102814849203433,4.102814849203433,False
2025-09-17 11:00:00,mid,49.7950022688778,4.065921885531161,4.314369141499361,0.24844725596820005,0.24844725596820005,True
2025-09-17 11:00:00,mid,49.43349230311594,4.113724509188728,4.334673851840805,0.22094934265207655,0.22094934265207655,True
2025-09-17 11:00:00,mid,49.253725718331175,4.099488373182833,4.381295651223636,0.2818072780408025,0.2818072780408025,True
2025-09-17 11:00:00,mid,46.45440744378816,4.09118396051273,4.358629771578693,0.2674458110659632,0.2674458110659632,True
2025-09-17 12:00:00,mid,48.77351223989339,4.05336779943525,0.0,-4.05336779943525,4.05336779943525,False
2025-09-17 12:00:00,mid,48.66134928769966,4.041085855679029,4.300328927862084,0.25924307218305565,0.25924307218305565,True
2025-09-17 14:00:00,mid,46.32751947747326,4.013512526175127,4.111428485415132,0.09791595924000518,0.09791595924000518,True
2025-09-17 15:00:00,mid,46.13114960529965,4.119187609850684,0.0,-4.119187609850684,4.119187609850684,False
2025-09-18 10:00:00,mid,46.34438288084788,4.629817254469391,4.5202873747398185,-0.10952987972957295,0.10952987972957295,True
2025-09-18 10:00:00,mid,46.954036734657805,4.58481843450841,4.365856915745636,-0.21896151876277425,0.21896151876277425,True
2025-09-18 10:00:00,mid,45.83301134579048,4.539070794586447,4.537814215734255,-0.0012565788521916588,0.0012565788521916588,True
2025-09-18 11:00:00,mid,48.54303945164309,4.715893271126056,4.339230453098534,-0.3766628180275218,0.3766628180275218,True
2025-09-18 11:00:00,mid,48.36412784937652,4.706083079355608,4.377254766727322,-0.3288283126282856,0.3288283126282856,True
2025-09-18 12:00:00,mid,48.445218268358936,4.57404681069125,4.292163592378083,-0.2818832183131672,0.2818832183131672,True
2025-09-18 12:00:00,mid,49.55515241220152,4.514052881895907,4.298880698855923,-0.21517218303998398,0.21517218303998398,True
2025-09-18 12:00:00,mid,45.70649293528315,4.583453952964234,4.330434795640363,-0.25301915732387137,0.25301915732387137,True
2025-09-18 12:00:00,mid,46.6099483887302,4.558416809873425,4.350254072609105,-0.20816273726431955,0.20816273726431955,True
2025-09-18 12:00:00,mid,46.80632143809832,4.543811809737122,4.332667366285945,-0.21114444345117622,0.21114444345117622,True
2025-09-18 13:00:00,mid,49.34332670380056,4.236444333028054,0.0,-4.236444333028054,4.236444333028054,False
2025-09-18 13:00:00,mid,49.07399850160433,4.207718131064183,4.2563069800468245,0.04858884898264115,0.04858884898264115,True
2025-09-18 14:00:00,mid,48.2597604583254,4.0081708261446565,0.0,-4.0081708261446565,4.0081708261446565,False
2025-09-18 15:00:00,mid,46.65960728153311,4.004188183197076,0.0,-4.004188183197076,4.004188183197076,False
2025-09-19 10:00:00,mid,48.41913955678641,4.455454417034016,4.476994040671052,0.021539623637035987,0.021539623637035987,True
2025-09-19 10:00:00,mid,46.88463737841039,4.445850802363228,4.467067330125625,0.021216527762396353,0.021216527762396353,True
2025-09-19 10:00:00,mid,47.62744492879869,4.432643573021643,4.503992502524517,0.07134892950287419,0.07134892950287419,True
2025-09-19 11:00:00,mid,48.68128469499963,4.51977022504056,4.478528986506854,-0.04124123853370598,0.04124123853370598,True
2025-09-19 11:00:00,mid,47.61271030416757,4.525445595409494,4.4898704606754665,-0.03557513473402718,0.03557513473402718,True
2025-09-19 12:00:00,mid,50.1718573753262,4.281706619010166,4.358586416942528,0.07687979793236277,0.07687979793236277,True
2025-09-19 12:00:00,mid,49.6273335907896,4.229256260359861,0.0,-4.229256260359861,4.229256260359861,False
2025-09-19 12:00:00,mid,50.03109650385545,4.597082482048094,4.381899282501356,-0.21518319954673792,0.21518319954673792,True
2025-09-19 12:00:00,mid,47.914820237310856,4.558825747339668,4.405398915520991,-0.15342683181867667,0.15342683181867667,True
2025-09-19 12:00:00,mid,46.37591503150643,4.493394842243308,4.398420924661092,-0.09497391758221596,0.09497391758221596,True
2025-09-19 12:00:00,mid,46.56202296311521,4.473988568942509,4.45637227980636,-0.0176162891361491,0.0176162891361491,True
2025-09-19 12:00:00,mid,48.4035740193336,4.526662739330391,4.428694054991158,-0.09796868433923223,0.09796868433923223,True
2025-09-19 13:00:00,mid,47.26102336888668,4.285437788587782,4.328461116703365,0.043023328115583404,0.043023328115583404,True
2025-09-19 14:00:00,mid,44.4875645105163,4.325741653827638,4.183029600124725,-0.14271205370291273,0.14271205370291273,True
2025-09-20 11:00:00,mid,47.1901195847542,4.326011110247503,4.3831022064058685,0.057091096158365495,0.057091096158365495,True
2025-09-20 11:00:00,mid,46.20294863843335,4.320567120459231,4.408651057574601,0.08808393711537033,0.08808393711537033,True
2025-09-20 11:00:00,mid,46.51053832458519,4.352054140882661,4.419430363450957,0.06737622256829567,0.06737622256829567,True
2025-09-20 12:00:00,mid,50.06321456706842,4.075031762070672,4.252752727983288,0.17772096591261555,0.17772096591261555,True
2025-09-20 12:00:00,mid,47.39654694431362,4.011360196395465,4.239990396253971,0.22863019985850563,0.22863019985850563,True
2025-09-20 13:00:00,mid,46.02665295666621,4.009919034457454,4.229680571940916,0.21976153748346228,0.21976153748346228,True
2025-09-20 14:00:00,mid,46.09707790427708,4.191653521573812,4.077487104956059,-0.11416641661775362,0.11416641661775362,True
2025-09-20 14:00:00,mid,48.1881834309665,4.004193563834399,0.0,-4.004193563834399,4.004193563834399,False
2025-09-21 10:00:00,mid,47.92157097956791,4.374260254248938,4.378977980198758,0.004717725949819673,0.004717725949819673,True
2025-09-21 10:00:00,mid,48.93256907449536,4.48407271003078,4.425937689084252,-0.058135020946528115,0.058135020946528115,True
2025-09-21 10:00:00,mid,48.713982877044,4.671728937921664,4.437516208815946,-0.23421272910571744,0.23421272910571744,True
2025-09-21 10:00:00,mid,48.70717077852518,4.665263262070859,4.469284258041074,-0.19597900402978485,0.19597900402978485,True
2025-09-21 10:00:00,mid,46.06029789050247,4.317613322566647,4.504636960201392,0.18702363763474494,0.18702363763474494,True
2025-09-21 10:00:00,mid,46.62761053730636,4.688070556555953,4.49386216693384,-0.19420838962211295,0.19420838962211295,True
2025-09-21 13:00:00,mid,48.311046950396666,4.1519823769057815,4.32333714649816,0.17135476959237828,0.17135476959237828,True
2025-09-21 13:00:00,mid,47.75039531886208,4.181373817701164,4.320181988311295,0.1388081706101305,0.1388081706101305,True
2025-09-21 13:00:00,mid,48.90735955283348,4.131279523837577,4.292219044904352,0.16093952106677456,0.16093952106677456,True
2025-09-22 08:00:00,mid,45.57232854575269,4.064028554789534,4.228657938204145,0.16462938341461086,0.16462938341461086,True
2025-09-22 08:00:00,mid,45.06194523921956,4.504538597717108,4.266004004754119,-0.2385345929629894,0.2385345929629894,True
2025-09-22 09:00:00,mid,46.53170605841396,5.049955418082519,4.606781307237023,-0.4431741108454954,0.4431741108454954,True
2025-09-22 09:00:00,mid,46.88754647007147,5.203061738604102,4.612859571999937,-0.5902021666041657,0.5902021666041657,True
2025-09-22 09:00:00,mid,44.80362865392082,4.877795310900609,4.605137433655299,-0.2726578772453099,0.2726578772453099,True
2025-09-22 10:00:00,mid,49.68231197014812,4.727324816318841,4.618926636887664,-0.10839817943117769,0.10839817943117769,True
2025-09-22 10:00:00,mid,48.151066677559534,4.706282809813445,4.621751404063489,-0.08453140574995555,0.08453140574995555,True
2025-09-22 10:00:00,mid,49.01150476016415,4.696511806560736,4.618805434220604,-0.07770637234013122,0.07770637234013122,True
2025-09-22 10:00:00,mid,48.31136819874365,4.671563499079529,4.625509921492015,-0.046053577587513495,0.046053577587513495,True
2025-09-22 10:00:00,mid,45.41104700607306,4.593405974684309,4.611740776396695,0.018334801712385662,0.018334801712385662,True
2025-09-22 10:00:00,mid,46.62087259742516,4.625718984442411,4.63510425484592,0.00938527040350845,0.00938527040350845,True
2025-09-22 12:00:00,mid,48.79348260888259,4.223640010516299,4.393574261871278,0.16993425135497908,0.16993425135497908,True
2025-09-22 12:00:00,mid,48.69142528758016,4.2037920959164765,4.331482824475097,0.12769072855862085,0.12769072855862085,True
2025-09-22 12:00:00,mid,46.819313459091845,4.164096266716836,4.33419753168741,0.1701012649705742,0.1701012649705742,True
2025-09-22 14:00:00,mid,47.31452274812006,4.08416173350178,0.0,-4.08416173350178,4.08416173350178,False
2025-09-22 15:00:00,mid,45.84154804100899,4.0655420923886965,0.0,-4.0655420923886965,4.0655420923886965,False
2025-09-23 08:00:00,late,47.19354153402294,4.7828229969655,4.474814772788011,-0.3080082241774891,0.3080082241774891,True
2025-09-23 08:00:00,late,47.579683054795154,4.838824289361497,4.367282705659718,-0.47154158370177957,0.47154158370177957,True
2025-09-23 08:00:00,late,47.28530733907987,4.829598046351709,4.474181082815611,-0.355416963536098,0.355416963536098,True
2025-09-23 09:00:00,late,49.07799129846687,4.950065762237749,4.558286258352664,-0.3917795038850844,0.3917795038850844,True
2025-09-23 09:00:00,late,48.929237859234405,4.837941355611044,4.519796632765254,-0.31814472284579054,0.31814472284579054,True
2025-09-23 09:00:00,late,49.802895292614245,4.783379152297684,4.524950687097836,-0.25842846519984786,0.25842846519984786,True
2025-09-23 09:00:00,late,48.81252262601752,4.847936084676995,4.551536868621601,-0.2963992160553941,0.2963992160553941,True
2025-09-23 09:00:00,late,49.51989114442258,4.673656169766925,4.582366939656453,-0.09128923011047263,0.09128923011047263,True
2025-09-23 09:00:00,late,45.55013792536686,4.653969559826869,4.614527813987483,-0.039441745839386755,0.039441745839386755,True
2025-09-23 10:00:00,late,50.02209855485852,4.02294400746473,0.0,-4.02294400746473,4.02294400746473,False
2025-09-23 11:00:00,late,49.38600982209512,4.709863381531868,4.351686401598458,-0.35817697993340936,0.35817697993340936,True
2025-09-23 11:00:00,late,50.60320270776809,4.654314081676507,4.429684980156958,-0.2246291015195485,0.2246291015195485,True
2025-09-23 12:00:00,late,50.02123337228031,4.0894359247332055,4.264504120836195,0.1750681961029894,0.1750681961029894,True
2025-09-23 12:00:00,late,51.31179923524313,4.4241765212432185,4.248937742109191,-0.17523877913402774,0.17523877913402774,True
2025-09-23 13:00:00,late,52.339082957230005,4.126360168322247,0.0,-4.126360168322247,4.126360168322247,False
2025-09-23 14:00:00,late,50.33212072356639,4.118705221122301,0.0,-4.118705221122301,4.118705221122301,False
2025-09-24 08:00:00,late,48.72776418988347,4.105464365155399,4.194799157804587,0.08933479264918809,0.08933479264918809,True
2025-09-24 09:00:00,late,51.58338364592211,4.113754754211279,0.0,-4.113754754211279,4.113754754211279,False
2025-09-24 09:00:00,late,49.6204433021537,4.111488629832813,0.0,-4.111488629832813,4.111488629832813,False
2025-09-24 09:00:00,late,49.175042773667045,4.110730567643579,4.3498472507901305,0.23911668314655188,0.23911668314655188,True
2025-09-24 09:00:00,late,50.36797587175303,4.107749524608344,4.4101117141644695,0.30236218955612504,0.30236218955612504,True
2025-09-24 09:00:00,late,49.88451883823115,4.103400744756801,0.0,-4.103400744756801,4.103400744756801,False
2025-09-24 09:00:00,late,49.8939774717857,4.099626558189097,4.352127792530356,0.25250123434125893,0.25250123434125893,True
2025-09-24 10:00:00,late,51.28954903092974,4.10143973320109,4.281271617788741,0.1798318845876512,0.1798318845876512,True
2025-09-24 11:00:00,late,50.30693173585711,4.103958603621084,4.275167463475602,0.1712088598545174,0.1712088598545174,True
2025-09-24 11:00:00,late,50.02547467988701,4.102232136846723,4.247185670767319,0.14495353392059585,0.14495353392059585,True
2025-09-24 12:00:00,late,49.98062997824827,4.104358376239773,4.232857895526318,0.12849951928654502,0.12849951928654502,True
2025-09-24 12:00:00,late,51.74514823039395,4.1066017249198765,4.209520281087479,0.10291855616760248,0.10291855616760248,True
2025-09-24 13:00:00,late,52.12942300631307,4.10932094770072,4.1939348902269895,0.08461394252626953,0.08461394252626953,True
2025-09-24 14:00:00,late,52.43990106234802,4.10406348617984,0.0,-4.10406348617984,4.10406348617984,False
2025-09-25 09:00:00,late,48.94444162225373,4.856389185119227,4.53934909174111,-0.31704009337811634,0.31704009337811634,True
2025-09-25 10:00:00,late,50.36830277683098,5.217647033537851,4.315395476724557,-0.9022515568132938,0.9022515568132938,True
2025-09-25 10:00:00,late,51.76355599257669,5.115644277052276,4.36178682780229,-0.7538574492499857,0.7538574492499857,True
2025-09-25 10:00:00,late,49.39847524010023,5.077767898809427,4.309766703730833,-0.7680011950785932,0.7680011950785932,True
2025-09-25 10:00:00,late,49.35295767308728,4.947339728851055,4.378439449474139,-0.5689002793769165,0.5689002793769165,True
2025-09-25 10:00:00,late,50.56449658172092,4.744083526758441,4.36777297183823,-0.37631055492021126,0.37631055492021126,True
2025-09-25 10:00:00,late,47.76868880576426,4.5779543920300405,4.439245731270243,-0.13870866075979738,0.13870866075979738,True
2025-09-25 11:00:00,late,49.65900881099287,4.645192388815506,4.38922446788118,-0.2559679209343262,0.2559679209343262,True
2025-09-25 12:00:00,late,49.5134137411354,4.46617253441535,4.295461358674597,-0.17071117574075245,0.17071117574075245,True
2025-09-25 12:00:00,late,48.89563098300264,4.46643087379033,4.344393981967938,-0.12203689182239152,0.12203689182239152,True
2025-09-25 13:00:00,late,50.2050684472396,4.341272630373108,4.199956914164535,-0.14131571620857297,0.14131571620857297,True
2025-09-25 13:00:00,late,47.17520570008861,4.361847269778892,4.287184065421938,-0.07466320435695373,0.07466320435695373,True
2025-09-26 09:00:00,late,48.349796849984,4.449687139145606,4.339543555734772,-0.11014358341083419,0.11014358341083419,True
2025-09-26 09:00:00,late,48.7960628719034,4.446441059985151,4.471591729711472,0.02515066972632063,0.02515066972632063,True
2025-09-26 10:00:00,late,50.37300688794186,4.43580887102728,4.329040874736385,-0.10676799629089562,0.10676799629089562,True
2025-09-26 11:00:00,late,51.84960729964526,4.232806302695508,4.406003808120369,0.17319750542486112,0.17319750542486112,True
2025-09-26 11:00:00,late,51.77290501917013,4.24443216733723,0.0,-4.24443216733723,4.24443216733723,False
2025-09-26 11:00:00,late,50.39395825388458,4.215484156013289,4.298475922855845,0.08299176684255549,0.08299176684255549,True
2025-09-26 11:00:00,late,50.914334972551465,4.243304573412011,0.0,-4.243304573412011,4.243304573412011,False
2025-09-26 11:00:00,late,49.56523133151685,4.22561304690112,4.353972838069859,0.1283597911687382,0.1283597911687382,True
2025-09-26 11:00:00,late,49.663136529818544,4.192990640826345,4.439403735906005,0.24641309507966014,0.24641309507966014,True
2025-09-26 13:00:00,late,49.07581084144096,4.315283492707884,4.24081548563233,-0.0744680070755539,0.0744680070755539,True
2025-09-26 14:00:00,late,50.24083231326778,4.03760171411977,0.0,-4.03760171411977,4.03760171411977,False
2025-09-27 11:00:00,late,48.11804235117728,4.39191218249227,4.298289041758872,-0.09362314073339739,0.09362314073339739,True
2025-09-27 11:00:00,late,50.46093704900624,4.422963601260655,4.365646679200125,-0.05731692206052941,0.05731692206052941,True
2025-09-27 11:00:00,late,47.16164323521247,4.477385703034283,4.35015115086605,-0.12723455216823343,0.12723455216823343,True
2025-09-27 13:00:00,late,52.43440082962481,4.233963212050686,0.0,-4.233963212050686,4.233963212050686,False
2025-09-27 13:00:00,late,50.568994313161056,4.166739437837556,4.194548704737204,0.02780926689964769,0.02780926689964769,True
2025-09-28 09:00:00,late,47.4188792504322,4.465517491665821,4.430766447357847,-0.034751044307974155,0.034751044307974155,True
2025-09-28 10:00:00,late,50.82310354191385,4.048246795412695,0.0,-4.048246795412695,4.048246795412695,False
2025-09-28 10:00:00,late,49.5209825675777,4.441206340837098,4.417286123189059,-0.023920217648039532,0.023920217648039532,True
2025-09-28 10:00:00,late,47.06740029994901,4.412986287347827,4.460688587642422,0.04770230029459466,0.04770230029459466,True
2025-09-28 11:00:00,late,50.06490004575211,4.752378914403266,4.435185990194521,-0.31719292420874545,0.31719292420874545,True
2025-09-28 11:00:00,late,51.49179422747455,4.76716629619704,4.421574586419372,-0.3455917097776675,0.3455917097776675,True
2025-09-28 11:00:00,late,50.06533774765057,4.7915654761567765,4.345502771902226,-0.4460627042545502,0.4460627042545502,True
2025-09-28 12:00:00,late,49.18231128486438,4.465832552870669,4.318990322119671,-0.14684223075099823,0.14684223075099823,True
2025-09-28 12:00:00,late,50.84547196090982,4.367807818591572,4.34924094719075,-0.01856687140082247,0.01856687140082247,True
2025-09-28 13:00:00,late,50.06349093421741,4.172334177077399,4.232945836758154,0.0606116596807551,0.0606116596807551,True
2025-09-28 13:00:00,late,47.40489096458071,4.236938668867843,4.200385912691411,-0.036552756176432055,0.036552756176432055,True
2025-09-28 13:00:00,late,50.26060556966638,4.2324363491845,4.214467932633241,-0.017968416551259025,0.017968416551259025,True
2025-09-29 09:00:00,late,48.71062165081055,4.326635572908078,4.414485895338128,0.0878503224300502,0.0878503224300502,True
2025-09-29 09:00:00,late,48.4188118473198,4.412200147271882,4.411538776233731,-0.0006613710381513371,0.0006613710381513371,True
2025-09-29 10:00:00,late,49.03629449317073,4.348188827709144,4.403857607501459,0.05566877979231499,0.05566877979231499,True
2025-09-29 11:00:00,late,50.9392833906873,4.470886696303509,4.314642257092441,-0.15624443921106845,0.15624443921106845,True
2025-09-29 11:00:00,late,51.46257854173407,4.246340111289864,4.281625397282157,0.03528528599229297,0.03528528599229297,True
2025-09-29 11:00:00,late,49.3451536140696,4.136466617901451,4.326678832330132,0.19021221442868086,0.19021221442868086,True
2025-09-29 12:00:00,late,50.813411377555454,4.241155120685519,4.316491792962451,0.07533667227693197,0.07533667227693197,True
2025-09-29 12:00:00,late,51.80193263976527,4.192895325586619,4.293272371244582,0.10037704565796268,0.10037704565796268,True
2025-09-29 12:00:00,late,51.160514655262986,4.270403481351522,4.282059678384748,0.011656197033225624,0.011656197033225624,True
2025-09-29 14:00:00,late,50.18734430700048,4.1558516169809785,4.117571015875606,-0.0382806011053729,0.0382806011053729,True
2025-09-29 14:00:00,late,48.69097639128417,4.248592627730989,0.0,-4.248592627730989,4.248592627730989,False
2025-09-29 15:00:00,late,49.15986588838711,4.043586372988404,0.0,-4.043586372988404,4.043586372988404,False
2025-09-30 08:00:00,late,47.28597095673161,4.157381297354597,4.288243574854998,0.13086227750040091,0.13086227750040091,True
2025-09-30 08:00:00,late,47.24467181963654,4.380830920663463,4.255501037336924,-0.12532988332653883,0.12532988332653883,True
2025-09-30 10:00:00,late,50.75334432078845,4.807018604216196,4.407967000525363,-0.39905160369083337,0.39905160369083337,True
2025-09-30 10:00:00,late,50.42064689554471,4.752675037441634,4.434504535953199,-0.31817050148843506,0.31817050148843506,True
2025-09-30 11:00:00,late,48.50486132506623,4.576434966615139,4.3972490690887085,-0.17918589752643044,0.17918589752643044,True
2025-09-30 12:00:00,late,52.640108651913806,4.019551907443621,4.297594135753722,0.2780422283101016,0.2780422283101016,True
2025-09-30 12:00:00,late,51.100973974697375,4.606517759056004,0.0,-4.606517759056004,4.606517759056004,False
2025-09-30 12:00:00,late,49.84568877133563,4.440281546479419,4.300663304614852,-0.13961824186456706,0.13961824186456706,True
2025-09-30 12:00:00,late,48.71469875131655,4.366942040930905,4.325353877410095,-0.041588163520810184,0.041588163520810184,True
2025-09-30 13:00:00,late,52.59221915545783,4.319323711587508,0.0,-4.319323711587508,4.319323711587508,False
2025-09-30 13:00:00,late,49.5191505772422,4.308378649611527,4.212846975273525,-0.09553167433800169,0.09553167433800169,True
2025-10-01 07:00:00,initial,48.75419154291001,4.23720039030264,0.0,-4.23720039030264,4.23720039030264,False
2025-10-01 07:00:00,initial,48.379854358210345,4.2866682904378735,4.167827969910235,-0.11884032052763871,0.11884032052763871,True
2025-10-01 08:00:00,initial,48.34066924904356,4.673955300413915,4.165425640576032,-0.5085296598378832,0.5085296598378832,True
2025-10-01 08:00:00,initial,48.25073202027461,4.301499502355036,4.236939165934887,-0.06456033642014969,0.06456033642014969,True
2025-10-01 08:00:00,initial,49.29109811256445,4.328966818677085,4.220722304452049,-0.10824451422503589,0.10824451422503589,True
2025-10-01 10:00:00,initial,52.35467101275676,4.19129185620816,4.417341706321087,0.22604985011292733,0.22604985011292733,True
2025-10-01 10:00:00,initial,52.93719582087299,4.143298057530554,0.0,-4.143298057530554,4.143298057530554,False
2025-10-01 11:00:00,initial,52.0244926524975,4.0162919245396935,0.0,-4.0162919245396935,4.0162919245396935,False
2025-10-01 12:00:00,initial,54.08993501922964,4.127041902902128,0.0,-4.127041902902128,4.127041902902128,False
2025-10-01 13:00:00,initial,51.237924060214034,4.270093568277957,4.161778263661657,-0.10831530461630035,0.10831530461630035,True
2025-10-01 13:00:00,initial,52.70454375203972,4.185477860742285,0.0,-4.185477860742285,4.185477860742285,False
2025-10-01 13:00:00,initial,51.39840591673423,4.148198872123544,4.1797780694439055,0.03157919732036163,0.03157919732036163,True
2025-10-02 09:00:00,initial,51.92980180972604,4.346026418813061,0.0,-4.346026418813061,4.346026418813061,False
2025-10-02 09:00:00,initial,51.218189547147865,4.513544687734388,4.288267325721068,-0.22527736201331994,0.22527736201331994,True
2025-10-02 09:00:00,initial,49.92670274375198,4.116051974996619,4.348373144046501,0.23232116904988231,0.23232116904988231,True
2025-10-02 10:00:00,initial,50.02982658113757,4.353152549288158,4.476363315825257,0.12321076653709895,0.12321076653709895,True
2025-10-02 10:00:00,initial,50.52834463249857,4.269041661870418,4.492313639051607,0.22327197718118974,0.22327197718118974,True
2025-10-02 10:00:00,initial,51.53412697113279,4.1784448870349244,4.482934449933213,0.3044895628982882,0.3044895628982882,True
2025-10-02 10:00:00,initial,50.27196757827927,4.4999829872596,4.500547641503553,0.000564654243952134,0.000564654243952134,True
2025-10-02 12:00:00,initial,52.62673766902342,4.1984801185734,4.280644755348142,0.08216463677474195,0.08216463677474195,True
2025-10-02 12:00:00,initial,53.64472171932879,4.1852709562243575,0.0,-4.1852709562243575,4.1852709562243575,False
2025-10-03 09:00:00,initial,49.01849656260272,4.404265142429249,4.375309951211878,-0.028955191217371556,0.028955191217371556,True
2025-10-03 10:00:00,initial,53.98170641714138,4.197860389837103,0.0,-4.197860389837103,4.197860389837103,False
2025-10-03 10:00:00,initial,52.04479347898552,4.066127445080063,0.0,-4.066127445080063,4.066127445080063,False
2025-10-03 10:00:00,initial,49.42826470078796,4.24039662858949,4.465326141979908,0.22492951339041767,0.22492951339041767,True
2025-10-03 10:00:00,initial,51.03332956974192,4.253798919351944,4.368543168709734,0.11474424935779037,0.11474424935779037,True
2025-10-03 11:00:00,initial,52.0408808170411,4.442815532495246,0.0,-4.442815532495246,4.442815532495246,False
2025-10-03 11:00:00,initial,52.66397350606539,4.201497366121807,4.383454551493194,0.1819571853713864,0.1819571853713864,True
2025-10-03 12:00:00,initial,51.22170986914092,4.29479681869428,4.2996380048697125,0.004841186175432277,0.004841186175432277,True
2025-10-03 13:00:00,initial,53.18007001641609,4.122373951941661,0.0,-4.122373951941661,4.122373951941661,False
2025-10-03 13:00:00,initial,52.090851326162486,4.098922457495789,0.0,-4.098922457495789,4.098922457495789,False
2025-10-03 13:00:00,initial,51.32874485806149,4.188144468604033,4.178011623560846,-0.010132845043187011,0.010132845043187011,True
2025-10-03 13:00:00,initial,50.84091741830668,4.147104353323769,4.19806930192292,0.050964948599150794,0.050964948599150794,True
2025-10-04 12:00:00,initial,51.68031300754287,4.108459805851382,4.208782655966695,0.1003228501153135,0.1003228501153135,True
2025-10-04 12:00:00,initial,51.800262962975445,4.269192419620776,0.0,-4.269192419620776,4.269192419620776,False
2025-10-05 12:00:00,initial,52.33648732534816,4.199955564410054,4.248819561223209,0.04886399681315545,0.04886399681315545,True
2025-10-06 09:00:00,initial,49.84820579974948,4.170896118822608,4.222863597949858,0.051967479127250193,0.051967479127250193,True
2025-10-06 10:00:00,initial,52.985221284365664,4.129167977745176,0.0,-4.129167977745176,4.129167977745176,False
2025-10-06 10:00:00,initial,52.6805506110634,4.468032203875737,4.338818567428783,-0.12921363644695383,0.12921363644695383,True
2025-10-06 10:00:00,initial,48.90139427312764,4.457788675902194,4.392289718788303,-0.0654989571138902,0.0654989571138902,True
2025-10-06 11:00:00,initial,53.75114052357272,4.047876432947568,0.0,-4.047876432947568,4.047876432947568,False
2025-10-06 11:00:00,initial,53.55905491842492,4.044029181530291,4.330139320038537,0.2861101385082456,0.2861101385082456,True
2025-10-06 11:00:00,initial,52.14609756577102,4.2150904493103845,4.3773497064713975,0.16225925716101308,0.16225925716101308,True
2025-10-06 11:00:00,initial,49.33559989114878,4.213458282042449,4.3947133341360045,0.1812550520935554,0.1812550520935554,True
2025-10-06 12:00:00,initial,51.56727418234169,4.325954037964813,4.256628032215394,-0.06932600574941894,0.06932600574941894,True
2025-10-06 14:00:00,initial,50.66817102737544,4.047596330667197,4.115526067635432,0.06792973696823523,0.06792973696823523,True
2025-10-06 14:00:00,initial,51.6969104573203,4.068940078139402,0.0,-4.068940078139402,4.068940078139402,False
2025-10-07 09:00:00,initial,50.26257317185423,4.003564103121576,0.0,-4.003564103121576,4.003564103121576,False
2025-10-07 10:00:00,initial,50.29866293841973,4.542153238252165,4.346960763352319,-0.19519247489984615,0.19519247489984615,True
2025-10-07 10:00:00,initial,51.03809722966725,4.488459880991623,4.439627974097291,-0.04883190689433281,0.04883190689433281,True
2025-10-07 11:00:00,initial,52.17615099222315,4.024150129233007,4.252742919851431,0.22859279061842397,0.22859279061842397,True
2025-10-07 12:00:00,initial,53.34665276919537,4.273836313256432,4.250643423389667,-0.023192889866765043,0.023192889866765043,True
2025-10-07 12:00:00,initial,53.276965703163945,4.182005027951384,0.0,-4.182005027951384,4.182005027951384,False
2025-10-07 13:00:00,initial,51.62287851581812,4.107658078404693,4.2125290186190805,0.10487094021438725,0.10487094021438725,True
2025-10-07 14:00:00,initial,51.614071863538605,4.006492492884977,0.0,-4.006492492884977,4.006492492884977,False
2025-10-07 15:00:00,initial,51.68829267648136,4.044661258922762,0.0,-4.044661258922762,4.044661258922762,False
2025-10-08 09:00:00,initial,51.654740369440376,4.200767626878523,0.0,-4.200767626878523,4.200767626878523,False
2025-10-08 09:00:00,initial,51.407838925945455,4.435056218619174,4.461605759171264,0.026549540552090356,0.026549540552090356,True
2025-10-08 09:00:00,initial,49.13545263891008,4.483351261458946,4.432926058074954,-0.050425203383992034,0.050425203383992034,True
2025-10-08 10:00:00,initial,52.17680124158632,4.165719945508695,0.0,-4.165719945508695,4.165719945508695,False
2025-10-08 10:00:00,initial,49.72836579262407,4.5681771714293085,4.460145054380515,-0.10803211704879345,0.10803211704879345,True
2025-10-08 10:00:00,initial,50.74340555487124,4.567055503392449,4.3852102767304455,-0.18184522666200387,0.18184522666200387,True
2025-10-08 11:00:00,initial,53.54822724160721,4.056761265162063,0.0,-4.056761265162063,4.056761265162063,False
2025-10-08 11:00:00,initial,52.68451956502742,4.009365154215253,4.342415725487223,0.33305057127197024,0.33305057127197024,True
2025-10-08 13:00:00,initial,52.98462012281781,4.23207867743999,0.0,-4.23207867743999,4.23207867743999,False
2025-10-09 08:00:00,initial,49.53847693972306,4.002209777965771,4.129964722330877,0.12775494436510648,0.12775494436510648,True
2025-10-09 09:00:00,initial,51.35621229330534,4.114825543590385,0.0,-4.114825543590385,4.114825543590385,False
2025-10-09 09:00:00,initial,51.60420940164042,4.205472798478834,4.312029110786736,0.10655631230790252,0.10655631230790252,True
2025-10-09 09:00:00,initial,48.71511125861205,4.337627727391798,4.264761575782791,-0.07286615160900656,0.07286615160900656,True
2025-10-09 10:00:00,initial,52.178365004958046,4.998708920620878,4.400508417875328,-0.5982005027455495,0.5982005027455495,True
2025-10-09 10:00:00,initial,52.58256930360907,4.300300653628888,0.0,-4.300300653628888,4.300300653628888,False
2025-10-09 10:00:00,initial,51.140317675935314,4.137660164233587,4.332339872079394,0.19467970784580668,0.19467970784580668,True
2025-10-09 11:00:00,initial,50.30456368198348,4.447641788617474,4.39966963490412,-0.047972153713354615,0.047972153713354615,True
2025-10-09 12:00:00,initial,51.61503249694369,4.527523526890857,4.337623389426774,-0.18990013746408252,0.18990013746408252,True
2025-10-09 12:00:00,initial,50.89230567753796,4.415778076185347,4.285548490545111,-0.13022958564023668,0.13022958564023668,True
2025-10-09 12:00:00,initial,52.200422522017874,4.381358939046187,0.0,-4.381358939046187,4.381358939046187,False
2025-10-09 13:00:00,initial,52.31101584958344,4.152030606921223,0.0,-4.152030606921223,4.152030606921223,False
2025-10-09 13:00:00,initial,51.33994279185317,4.167252951602105,4.236372562357094,0.06911961075498851,0.06911961075498851,True
2025-10-10 09:00:00,initial,50.71384519315421,4.048766048048826,0.0,-4.048766048048826,4.048766048048826,False
2025-10-10 09:00:00,initial,50.92299332727795,4.505489049929409,4.420780800523176,-0.08470824940623256,0.08470824940623256,True
2025-10-10 10:00:00,initial,52.08110912118509,4.592373726822743,4.40894275448614,-0.18343097233660277,0.18343097233660277,True
2025-10-10 10:00:00,initial,51.36674228141157,4.154959179881594,4.316740207848341,0.16178102796674665,0.16178102796674665,True
2025-10-10 10:00:00,initial,49.60914344887891,4.081056755391401,4.35318560999153,0.2721288546001288,0.2721288546001288,True
2025-10-10 11:00:00,initial,52.6433960477484,4.534249705811796,0.0,-4.534249705811796,4.534249705811796,False
2025-10-10 11:00:00,initial,53.21520915346876,4.460712047328897,4.341654971893155,-0.11905707543574184,0.11905707543574184,True
2025-10-10 11:00:00,initial,51.434098410188255,4.339374910832127,4.24456851938699,-0.09480639144513692,0.09480639144513692,True
2025-10-10 12:00:00,initial,54.03227423623324,4.043539846488368,0.0,-4.043539846488368,4.043539846488368,False
2025-10-10 14:00:00,initial,52.26062737055142,4.083598911994599,4.067110422643868,-0.016488489350731328,0.016488489350731328,True
2025-10-10 14:00:00,initial,52.24214249272949,4.032339482003454,0.0,-4.032339482003454,4.032339482003454,False
2025-10-10 14:00:00,initial,53.40533012089005,4.108339724622443,0.0,-4.108339724622443,4.108339724622443,False
2025-10-11 09:00:00,initial,51.07407732395503,4.276899796395075,4.443890356886215,0.1669905604911408,0.1669905604911408,True
2025-10-11 09:00:00,initial,50.330835660596286,4.506132969416544,4.475083036954694,-0.031049932461850283,0.031049932461850283,True
2025-10-11 10:00:00,initial,52.86077722472294,4.042566724276625,4.451304573649658,0.4087378493730327,0.4087378493730327,True
2025-10-11 11:00:00,initial,54.34668610343997,4.16158637487522,0.0,-4.16158637487522,4.16158637487522,False
2025-10-11 11:00:00,initial,49.31510594543704,4.4535154094826375,4.4300496444528905,-0.023465765029746954,0.023465765029746954,True
2025-10-11 12:00:00,initial,51.06025064895216,4.464024856393969,4.329044863171906,-0.13497999322206322,0.13497999322206322,True
2025-10-11 12:00:00,initial,50.305678745110896,4.406129853107874,4.239290347549215,-0.16683950555865934,0.16683950555865934,True
2025-10-11 13:00:00,initial,53.77762407347053,4.21260113760961,0.0,-4.21260113760961,4.21260113760961,False
2025-10-11 13:00:00,initial,52.87740886105456,4.20888809520531,0.0,-4.20888809520531,4.20888809520531,False
2025-10-11 13:00:00,initial,51.95078425263752,4.20276157523822,4.182958892513392,-0.019802682724828102,0.019802682724828102,True
2025-10-11 15:00:00,initial,51.25740231167925,4.006513492471239,0.0,-4.006513492471239,4.006513492471239,False
2025-10-12 09:00:00,initial,52.61468665209528,4.186377916432029,0.0,-4.186377916432029,4.186377916432029,False
2025-10-12 09:00:00,initial,50.9415072443164,4.220035869871776,4.436756875433596,0.21672100556182006,0.21672100556182006,True
2025-10-12 09:00:00,initial,50.391342381365256,4.255049745004307,4.434660140520617,0.17961039551631064,0.17961039551631064,True
2025-10-12 10:00:00,initial,51.916873261023056,4.429710203085907,4.417673878139872,-0.01203632494603557,0.01203632494603557,True
2025-10-12 10:00:00,initial,51.50775691196829,4.307243211352308,4.463079195050561,0.15583598369825324,0.15583598369825324,True
2025-10-12 11:00:00,initial,50.7626661059296,4.187209878401898,4.245706421468562,0.05849654306666352,0.05849654306666352,True
2025-10-12 12:00:00,initial,52.95625842710734,4.14423054018112,0.0,-4.14423054018112,4.14423054018112,False
2025-10-12 12:00:00,initial,51.046706915967086,4.022484798395293,4.208276940018535,0.1857921416232413,0.1857921416232413,True
2025-10-12 14:00:00,initial,50.66390958534983,4.170255147983866,4.134645526490596,-0.03560962149327018,0.03560962149327018,True
2025-10-12 14:00:00,initial,49.28888892617306,4.222996324135778,4.138278536041115,-0.0847177880946628,0.0847177880946628,True
2025-10-13 09:00:00,initial,54.13677511692598,4.133074133100749,0.0,-4.133074133100749,4.133074133100749,False
2025-10-13 09:00:00,initial,51.71636523186461,4.36638396679195,4.394514027472815,0.028130060680864766,0.028130060680864766,True
2025-10-13 09:00:00,initial,49.11873488490846,4.496377063996128,4.538349273110444,0.04197220911431554,0.04197220911431554,True
2025-10-13 10:00:00,initial,52.00730876752981,5.230649327244514,4.479545969845876,-0.7511033573986374,0.7511033573986374,True
2025-10-13 10:00:00,initial,50.97241876988073,4.446729021095102,4.422359183173867,-0.024369837921234705,0.024369837921234705,True
2025-10-13 10:00:00,initial,51.84117085123062,4.3277582305471896,4.472134339917287,0.14437610937009726,0.14437610937009726,True
2025-10-13 10:00:00,initial,51.68352276599526,4.285560002948074,4.484965234290819,0.19940523134274457,0.19940523134274457,True
2025-10-13 11:00:00,initial,53.46820384934733,4.358300732860791,4.278851500044417,-0.07944923281637362,0.07944923281637362,True
2025-10-13 11:00:00,initial,52.65833107180791,4.276984653888771,4.299911063928596,0.02292641003982432,0.02292641003982432,True
2025-10-13 12:00:00,initial,52.98049797824426,4.1250806447594535,4.2374481198829725,0.11236747512351908,0.11236747512351908,True
2025-10-13 14:00:00,initial,49.91514335811512,4.274022512554044,4.133023608479784,-0.14099890407426052,0.14099890407426052,True
2025-10-14 08:00:00,initial,49.72085899766928,4.068720708151119,4.159770373824544,0.09104966567342476,0.09104966567342476,True
2025-10-14 08:00:00,initial,48.65569426141603,4.213662958148596,4.194995422263506,-0.018667535885089848,0.018667535885089848,True
2025-10-14 09:00:00,initial,51.27100448972138,4.733350150143288,0.0,-4.733350150143288,4.733350150143288,False
2025-10-14 10:00:00,initial,51.66648099682712,4.903368280336323,4.5293615410000845,-0.37400673933623896,0.37400673933623896,True
2025-10-14 10:00:00,initial,51.93816801385736,4.728173099102953,4.507470233373955,-0.220702865728998,0.220702865728998,True
2025-10-14 10:00:00,initial,52.58635139720819,4.406577461065524,4.526506114550082,0.11992865348455783,0.11992865348455783,True
2025-10-14 11:00:00,initial,51.17561351615847,4.527076668883559,4.466827778794581,-0.06024889008897816,0.06024889008897816,True
2025-10-14 11:00:00,initial,51.85590122103356,4.455599909691422,4.463521339651534,0.007921429960111581,0.007921429960111581,True
2025-10-14 11:00:00,initial,52.8395099034703,4.776410874285794,4.471986692205888,-0.30442418207990585,0.30442418207990585,True
2025-10-14 11:00:00,initial,52.09166016421823,4.427083379505248,4.465757340155162,0.038673960649913575,0.038673960649913575,True
2025-10-14 12:00:00,initial,53.2926958675469,4.373890884459801,4.295089103699086,-0.07880178076071509,0.07880178076071509,True
2025-10-14 12:00:00,initial,53.63770759897699,4.332727370382056,4.284517157491469,-0.04821021289058702,0.04821021289058702,True
2025-10-14 13:00:00,initial,53.20830413166992,4.165129336458875,0.0,-4.165129336458875,4.165129336458875,False
2025-10-15 08:00:00,initial,48.17355778763861,4.346744621908012,4.278958064579851,-0.0677865573281613,0.0677865573281613,True
2025-10-15 09:00:00,initial,50.22495424614848,4.394057155691375,4.509911967014439,0.11585481132306441,0.11585481132306441,True
2025-10-15 09:00:00,initial,49.17839775306855,4.310056647593171,4.5217199932810646,0.21166334568789313,0.21166334568789313,True
2025-10-15 10:00:00,initial,52.0788937948476,4.721417524339827,4.483849787256695,-0.2375677370831326,0.2375677370831326,True
2025-10-15 11:00:00,initial,52.63260624171772,4.5051693393982575,4.331348842786349,-0.17382049661190813,0.17382049661190813,True
2025-10-15 11:00:00,initial,52.6663635033328,4.42196588570922,4.431713157256467,0.00974727154724686,0.00974727154724686,True
2025-10-15 11:00:00,initial,51.80464395046016,4.27341556222343,4.407282525464646,0.13386696324121594,0.13386696324121594,True
2025-10-15 12:00:00,initial,52.69591726300181,4.173477623994071,0.0,-4.173477623994071,4.173477623994071,False
2025-10-15 12:00:00,initial,54.48410577872479,4.193375770923218,0.0,-4.193375770923218,4.193375770923218,False
2025-10-15 12:00:00,initial,52.22628323174568,4.151990795942602,4.250408086202799,0.09841729026019674,0.09841729026019674,True
2025-10-15 12:00:00,initial,52.4059075242,4.148312131499878,4.215957261624848,0.06764513012497009,0.06764513012497009,True
2025-10-15 14:00:00,initial,51.64682193909733,4.140156163954501,0.0,-4.140156163954501,4.140156163954501,False
2025-10-16 10:00:00,development,49.320920670273416,4.82685380447073,4.586660874049737,-0.2401929304209931,0.2401929304209931,True
2025-10-16 10:00:00,development,48.72355971550257,4.818133529913599,4.499319015652568,-0.3188145142610308,0.3188145142610308,True
2025-10-16 10:00:00,development,46.71204113432145,4.108650578187877,4.451689704648167,0.34303912646029033,0.34303912646029033,True
2025-10-16 11:00:00,development,48.81963069093959,4.38589527506949,4.438205780082598,0.05231050501310719,0.05231050501310719,True
2025-10-16 11:00:00,development,48.31577592038343,4.318573942151573,4.433577370398609,0.1150034282470358,0.1150034282470358,True
2025-10-16 12:00:00,development,52.96505546259439,4.452765122923019,4.4105607956336215,-0.04220432728939727,0.04220432728939727,True
2025-10-16 13:00:00,development,50.18414508010312,4.224235838628228,4.2610718433908525,0.036836004762624164,0.036836004762624164,True
2025-10-17 09:00:00,development,48.87295289726517,4.621360128681143,4.38078313483044,-0.24057699385070297,0.24057699385070297,True
2025-10-17 09:00:00,development,49.07683649225992,4.407232807165272,0.0,-4.407232807165272,4.407232807165272,False
2025-10-17 09:00:00,development,49.963729969194375,4.775447636205293,4.397138639827912,-0.37830899637738025,0.37830899637738025,True
2025-10-17 09:00:00,development,48.35462424003405,4.751573960033415,4.379518750890857,-0.37205520914255796,0.37205520914255796,True
2025-10-17 09:00:00,development,47.70349964705052,4.320002033664057,4.4261237312487545,0.10612169758469747,0.10612169758469747,True
2025-10-17 09:00:00,development,48.06269992887202,4.926400836392276,4.408750677833642,-0.5176501585586344,0.5176501585586344,True
2025-10-17 10:00:00,development,50.30445530649189,4.330160794597962,4.422382920298957,0.09222212570099497,0.09222212570099497,True
2025-10-17 10:00:00,development,50.47879127654388,4.994371185005036,4.409569465922591,-0.5848017190824457,0.5848017190824457,True
2025-10-17 10:00:00,development,49.20179221562449,4.34411382947053,4.469414578051892,0.12530074858136242,0.12530074858136242,True
2025-10-17 10:00:00,development,48.27860878201104,4.31380385853096,4.49050393012219,0.17670007159123013,0.17670007159123013,True
2025-10-17 11:00:00,development,48.215648196954746,4.374297217321221,4.4531195641121295,0.0788223467909086,0.0788223467909086,True
2025-10-17 11:00:00,development,50.24790819954531,4.370427322134017,4.473441499666386,0.10301417753236919,0.10301417753236919,True
2025-10-17 12:00:00,development,49.51940074889612,4.370460494288516,4.354330051099762,-0.016130443188754562,0.016130443188754562,True
2025-10-17 13:00:00,development,50.63830863481144,4.362298709315581,4.312269335078321,-0.05002937423726017,0.05002937423726017,True
2025-10-18 09:00:00,development,48.21710245001605,4.736858159469268,4.697051127195657,-0.03980703227361104,0.03980703227361104,True
2025-10-18 09:00:00,development,49.606405644408575,4.75643093763351,4.664497583322338,-0.09193335431117244,0.09193335431117244,True
2025-10-18 09:00:00,development,49.52948933287014,4.742795610586057,4.704331363427092,-0.03846424715896557,0.03846424715896557,True
2025-10-18 09:00:00,development,47.85510550026489,4.727507516623764,4.700814796079431,-0.026692720544333248,0.026692720544333248,True
2025-10-18 09:00:00,development,48.99139893010564,4.724201982794074,4.673114013634114,-0.05108796915996017,0.05108796915996017,True
2025-10-18 09:00:00,development,48.06101277890945,4.72975751662376,4.703035471828042,-0.026722044795717714,0.026722044795717714,True
2025-10-18 10:00:00,development,50.8044815544156,4.763952930189969,4.714997331799093,-0.04895559839087582,0.04895559839087582,True
2025-10-18 10:00:00,development,50.52803126600264,4.794953306121506,4.67004990422638,-0.12490340189512672,0.12490340189512672,True
2025-10-18 10:00:00,development,49.52751501374712,4.746109969971659,4.708470211246189,-0.03763975872547043,0.03763975872547043,True
2025-10-18 10:00:00,development,45.62433631249565,4.730553336456396,4.702651043780068,-0.02790229267632771,0.02790229267632771,True
2025-10-18 11:00:00,development,52.48277138265819,4.0012102254980135,4.387785541019628,0.3865753155216147,0.3865753155216147,True
2025-10-18 11:00:00,development,48.537886103715046,4.755938038179423,4.647031147378632,-0.10890689080079063,0.10890689080079063,True
2025-10-18 11:00:00,development,45.32764348892212,4.748036012609674,4.577836193613313,-0.17019981899636072,0.17019981899636072,True
2025-10-18 12:00:00,development,50.77234116482164,4.243238529754276,4.359840970994463,0.11660244124018693,0.11660244124018693,True
2025-10-19 09:00:00,development,49.24169624165129,5.095835000570972,4.729818267260263,-0.36601673331070916,0.36601673331070916,True
2025-10-19 09:00:00,development,48.75321874796161,5.033846812558419,4.601953426112767,-0.431893386445652,0.431893386445652,True
2025-10-19 09:00:00,development,47.56110992581767,5.001535073642504,4.65869741358269,-0.3428376600598142,0.3428376600598142,True
2025-10-19 09:00:00,development,45.747633475328605,4.9643449047868025,4.851090104870501,-0.11325479991630161,0.11325479991630161,True
2025-10-19 09:00:00,development,46.575725419389656,4.94931746526861,4.777395900568331,-0.17192156470027875,0.17192156470027875,True
2025-10-19 09:00:00,development,48.20135392534026,4.088822816265214,4.762213393027039,0.6733905767618253,0.6733905767618253,True
2025-10-19 09:00:00,development,47.70896466117154,4.9665949047868025,4.851457175402352,-0.11513772938445044,0.11513772938445044,True
2025-10-19 10:00:00,development,49.038014368367925,5.076094591471652,4.870749846331775,-0.2053447451398771,0.2053447451398771,True
2025-10-19 10:00:00,development,50.53226044654359,5.216481632405049,4.873063672727222,-0.3434179596778275,0.3434179596778275,True
2025-10-19 10:00:00,development,49.370226663192405,4.995523083832921,4.88873999819517,-0.10678308563775119,0.10678308563775119,True
2025-10-19 10:00:00,development,51.34845001251568,4.135754498271027,4.420406583058722,0.28465208478769544,0.28465208478769544,True
2025-10-19 10:00:00,development,49.76876401950458,4.158376731205109,4.78112804582122,0.622751314616111,0.622751314616111,True
2025-10-19 11:00:00,development,52.38090169469171,5.197923419049573,4.513255744432811,-0.6846676746167617,0.6846676746167617,True
2025-10-19 11:00:00,development,49.25507788768942,4.280314058595412,4.707883060074029,0.4275690014786173,0.4275690014786173,True
2025-10-19 13:00:00,development,52.08562291998382,4.073190956790569,0.0,-4.073190956790569,4.073190956790569,False
2025-10-20 10:00:00,development,50.14331745175602,4.137559237794797,0.0,-4.137559237794797,4.137559237794797,False
2025-10-20 10:00:00,development,51.74249535295638,4.039422284186696,0.0,-4.039422284186696,4.039422284186696,False
2025-10-20 10:00:00,development,49.79091570279847,4.053680408983283,4.354742516299913,0.3010621073166302,0.3010621073166302,True
2025-10-20 10:00:00,development,49.86860532025823,4.173148376970474,4.392709517227873,0.21956114025739915,0.21956114025739915,True
2025-10-20 10:00:00,development,48.202693632451634,4.237422284186685,0.0,-4.237422284186685,4.237422284186685,False
2025-10-20 11:00:00,development,49.99661840452399,4.724212717105424,4.418583345367344,-0.30562937173807914,0.30562937173807914,True
2025-10-20 12:00:00,development,48.906141368731234,4.022146288734032,0.0,-4.022146288734032,4.022146288734032,False
2025-10-20 12:00:00,development,49.76734124718197,4.249997081460979,4.24915017306868,-0.0008469083922992837,0.0008469083922992837,True
2025-10-20 12:00:00,development,48.06886971129281,4.395222433784049,4.24874693939042,-0.14647549439362884,0.14647549439362884,True
2025-10-20 12:00:00,development,47.62957150443628,4.453060242066748,4.2668066779368266,-0.18625356412992122,0.18625356412992122,True
2025-10-28 11:00:00,development,47.88583946121304,4.7765364097029455,4.410837574505197,-0.3656988351977484,0.3656988351977484,True
2025-10-28 12:00:00,development,49.08120740668864,4.174684751214944,4.2479154089943485,0.07323065777940485,0.07323065777940485,True
2025-10-28 12:00:00,development,48.08652965949386,4.116363034463412,4.306507694136963,0.19014465967355054,0.19014465967355054,True
2025-10-28 14:00:00,development,50.45747634051877,4.037019696366325,0.0,-4.037019696366325,4.037019696366325,False
2025-10-28 14:00:00,development,49.11840649710295,4.182642448629785,4.131469303554166,-0.05117314507561943,0.05117314507561943,True
2025-10-29 09:00:00,development,49.626190934538585,4.141864665276891,0.0,-4.141864665276891,4.141864665276891,False
2025-10-29 10:00:00,development,50.03169417123498,4.401902152923604,0.0,-4.401902152923604,4.401902152923604,False
2025-10-29 10:00:00,development,47.572041750104525,4.85132909056318,4.527848807084179,-0.32348028347900115,0.32348028347900115,True
2025-10-29 11:00:00,development,50.8919402130984,4.163593328128975,4.41487376489271,0.2512804367637349,0.2512804367637349,True
2025-10-29 11:00:00,development,47.82206411799423,4.4588326699375145,4.507260821083456,0.048428151145941456,0.048428151145941456,True
2025-10-29 12:00:00,development,50.77237303000885,4.48353131558337,4.3233068573373,-0.1602244582460699,0.1602244582460699,True
2025-10-29 12:00:00,development,50.24263536279241,4.190394484029387,4.345828345952469,0.15543386192308262,0.15543386192308262,True
2025-10-29 12:00:00,development,48.508783883527634,4.177921409920351,4.302970214667588,0.12504880474723645,0.12504880474723645,True
2025-10-29 13:00:00,development,50.57594754349456,4.256924118762754,4.261672643135627,0.0047485243728733195,0.0047485243728733195,True
2025-10-29 13:00:00,development,50.90395984067519,4.139421148480633,4.275004983942122,0.1355838354614889,0.1355838354614889,True
2025-10-29 14:00:00,development,51.28214485498374,4.066940259744008,4.10361318382413,0.036672924080122016,0.036672924080122016,True
2025-10-29 14:00:00,development,48.69230343062924,4.234574542005571,4.180220805690121,-0.05435373631545026,0.05435373631545026,True
2025-10-29 14:00:00,development,49.26306204099908,4.031905924115325,4.162070952914805,0.13016502879948,0.13016502879948,True
2025-10-30 09:00:00,development,49.17718118117848,4.576036564678439,0.0,-4.576036564678439,4.576036564678439,False
2025-10-30 09:00:00,development,49.60250140128841,4.596673835261612,4.515138177130789,-0.08153565813082331,0.08153565813082331,True
2025-10-30 10:00:00,development,51.50586029996343,4.626080961738744,4.537931580630906,-0.08814938110783732,0.08814938110783732,True
2025-10-30 10:00:00,development,50.22731282139357,4.57431211986032,4.647360531993417,0.07304841213309743,0.07304841213309743,True
2025-10-30 11:00:00,development,50.31781793727461,4.598733552739173,4.505754771982395,-0.0929787807567779,0.0929787807567779,True
2025-10-30 11:00:00,development,47.62870447334643,4.576019961389225,4.596503960863731,0.020483999474506298,0.020483999474506298,True
2025-10-30 12:00:00,development,50.94327705436594,4.269085345913368,4.453018168643967,0.18393282273059963,0.18393282273059963,True
2025-10-30 12:00:00,development,50.12603884890704,4.627648101787212,4.495611884792184,-0.13203621699502843,0.13203621699502843,True
2025-10-30 12:00:00,development,52.48721217381736,4.172919463764263,0.0,-4.172919463764263,4.172919463764263,False
2025-10-30 12:00:00,development,48.18006111399183,4.595469899551507,4.508394880411694,-0.08707501913981286,0.08707501913981286,True
2025-10-30 12:00:00,development,48.73526078318511,4.586806537411121,4.500371842345019,-0.08643469506610213,0.08643469506610213,True
2025-10-30 13:00:00,development,50.9352803317888,4.400175206608765,4.283180403981574,-0.11699480262719053,0.11699480262719053,True
2025-10-30 13:00:00,development,49.45788945514561,4.29669253397233,4.227942029188867,-0.06875050478346267,0.06875050478346267,True
2025-10-30 13:00:00,development,48.69936374943151,4.3656809823966185,4.2503801081812576,-0.11530087421536095,0.11530087421536095,True
2025-10-31 10:00:00,mid,48.4510575294874,4.734555222675802,4.568017520865629,-0.16653770181017258,0.16653770181017258,True
2025-10-31 10:00:00,mid,48.51047691933848,4.661821868425669,4.655860970344342,-0.005960898081326604,0.005960898081326604,True
2025-10-31 11:00:00,mid,51.10224288944538,4.374780070828038,0.0,-4.374780070828038,4.374780070828038,False
2025-10-31 11:00:00,mid,47.46093858025253,4.668997362074631,4.562034907885876,-0.10696245418875439,0.10696245418875439,True
2025-10-31 12:00:00,mid,46.10245875605021,4.643675433714577,4.496314944899027,-0.14736048881554975,0.14736048881554975,True
2025-10-31 12:00:00,mid,49.10787883326689,4.46047128697575,4.3635939584016,-0.09687732857415021,0.09687732857415021,True
2025-10-31 13:00:00,mid,48.43875071525062,4.042814194822441,4.253418119299815,0.21060392447737453,0.21060392447737453,True
2025-10-31 13:00:00,mid,50.31848413494396,4.14636199006193,0.0,-4.14636199006193,4.14636199006193,False
2025-10-31 13:00:00,mid,47.01678366813528,4.443479233983826,4.27811477925481,-0.16536445472901562,0.16536445472901562,True
2025-10-31 13:00:00,mid,45.492438227690585,4.540831359911888,4.353269356595823,-0.18756200331606454,0.18756200331606454,True
2025-10-31 14:00:00,mid,48.14129930671985,4.095020391189237,4.140917517270792,0.04589712608155505,0.04589712608155505,True
2025-10-31 14:00:00,mid,46.75279066119028,4.239871272372284,4.154284299093635,-0.08558697327864895,0.08558697327864895,True
2025-11-01 08:00:00,mid,45.385509884227005,4.0829501852016925,4.230776004440084,0.1478258192383919,0.1478258192383919,True
2025-11-01 09:00:00,mid,47.54814579136561,4.38158158770873,0.0,-4.38158158770873,4.38158158770873,False
2025-11-01 10:00:00,mid,48.07853682447914,4.504074231960871,0.0,-4.504074231960871,4.504074231960871,False
2025-11-01 10:00:00,mid,47.439656275323,4.5126890183600885,4.547596604204273,0.0349075858441843,0.0349075858441843,True
2025-11-01 11:00:00,mid,50.42525083158605,4.438512154662512,4.532606101602193,0.09409394693968043,0.09409394693968043,True
2025-11-01 11:00:00,mid,47.53635010658554,4.538442213481389,4.5013365030337935,-0.037105710447595364,0.037105710447595364,True
2025-11-01 12:00:00,mid,49.93753185107888,4.02526253980324,4.369331120534842,0.3440685807316024,0.3440685807316024,True
2025-11-01 12:00:00,mid,48.67081872480546,4.029617308041512,4.349472995179432,0.31985568713791945,0.31985568713791945,True
2025-11-01 12:00:00,mid,47.68472566799087,4.524546513003688,4.474354116344239,-0.0501923966594493,0.0501923966594493,True
2025-11-01 12:00:00,mid,50.01649745611402,4.017840089624286,4.259285894456474,0.24144580483218814,0.24144580483218814,True
2025-11-01 12:00:00,mid,47.22810380091417,4.539435993180913,4.416380654007278,-0.12305533917363487,0.12305533917363487,True
2025-11-01 12:00:00,mid,46.820180517667104,4.011197506883796,4.306547185235523,0.29534967835172665,0.29534967835172665,True
2025-11-01 13:00:00,mid,48.68478482606888,4.1547425717747615,4.225666548154788,0.07092397638002623,0.07092397638002623,True
2025-11-01 13:00:00,mid,47.596399361747125,4.237544427402387,4.273170094761978,0.03562566735959116,0.03562566735959116,True
2025-11-01 13:00:00,mid,47.735685235934575,4.196687669449634,4.286859620118124,0.09017195066848949,0.09017195066848949,True
2025-11-02 09:00:00,mid,47.58376666093396,4.699284125042617,0.0,-4.699284125042617,4.699284125042617,False
2025-11-02 10:00:00,mid,48.59385247403976,4.720535121232974,4.665598014811964,-0.054937106421009574,0.054937106421009574,True
2025-11-02 10:00:00,mid,48.92891643882621,4.74398621491634,4.574922179484279,-0.1690640354320614,0.1690640354320614,True
2025-11-02 11:00:00,mid,50.262692408708176,4.003724114820663,4.37121383213266,0.3674897173119964,0.3674897173119964,True
2025-11-02 11:00:00,mid,50.05202066241137,4.011161124236367,0.0,-4.011161124236367,4.011161124236367,False
2025-11-02 11:00:00,mid,50.86966090684152,4.806342509694325,4.664733188759144,-0.14160932093518053,0.14160932093518053,True
2025-11-02 11:00:00,mid,47.75960857180332,4.022694810780592,0.0,-4.022694810780592,4.022694810780592,False
2025-11-02 11:00:00,mid,47.18458103975979,4.726311807551777,4.620079101824832,-0.10623270572694565,0.10623270572694565,True
2025-11-02 11:00:00,mid,48.08206280351256,4.032526835889108,4.53671931000582,0.5041924741167119,0.5041924741167119,True
2025-11-02 11:00:00,mid,47.71537545472573,4.030762183869079,4.402125665050196,0.37136348118111684,0.37136348118111684,True
2025-11-02 11:00:00,mid,47.58568982479529,4.03826218386908,4.386819146450946,0.3485569625818652,0.3485569625818652,True
2025-11-02 12:00:00,mid,49.65699685277553,4.2659300893114604,4.441554019918015,0.17562393060655435,0.17562393060655435,True
2025-11-02 12:00:00,mid,48.98109333563452,4.247985350852922,4.429774565678192,0.18178921482527066,0.18178921482527066,True
2025-11-02 12:00:00,mid,46.142555584016975,4.215470873935832,4.28140409114583,0.06593321720999779,0.06593321720999779,True
2025-11-03 09:00:00,mid,47.0194983469455,4.7126363360534285,4.529557121261751,-0.1830792147916771,0.1830792147916771,True
2025-11-03 10:00:00,mid,48.29004646557397,4.695863812351746,4.692610996862165,-0.0032528154895805628,0.0032528154895805628,True
2025-11-03 10:00:00,mid,48.39863887588064,4.707370513147222,4.652910368129085,-0.054460145018136785,0.054460145018136785,True
2025-11-03 11:00:00,mid,48.303389136623295,4.7017343143591575,4.565876911462476,-0.13585740289668102,0.13585740289668102,True
2025-11-03 11:00:00,mid,49.54703740087308,4.662116138128901,4.5374833649669535,-0.12463277316194787,0.12463277316194787,True
2025-11-03 11:00:00,mid,48.21829146845434,4.69671229202012,4.519038006621488,-0.1776742853986315,0.1776742853986315,True
2025-11-03 11:00:00,mid,44.96201437526656,4.733540455839766,4.665990723861144,-0.06754973197862135,0.06754973197862135,True
2025-11-03 11:00:00,mid,49.55249416639503,4.716800381376288,4.666184497212144,-0.0506158841641442,0.0506158841641442,True
2025-11-03 11:00:00,mid,48.79584331463737,4.02028046136622,4.430381370495263,0.4101009091290422,0.4101009091290422,True
2025-11-03 11:00:00,mid,46.99253720327919,4.725728421090143,4.695670177403453,-0.030058243686690744,0.030058243686690744,True
2025-11-03 11:00:00,mid,45.30378832147726,4.733540455839766,4.674421515328222,-0.05911894051154398,0.05911894051154398,True
2025-11-03 11:00:00,mid,46.44590973402423,4.712336361519359,4.629774019263699,-0.08256234225565962,0.08256234225565962,True
2025-11-03 12:00:00,mid,46.50760970336727,4.701518638969535,4.490343700907596,-0.211174938061939,0.211174938061939,True
2025-11-03 12:00:00,mid,47.4559049974879,4.706140132396129,4.506092002196621,-0.20004813019950785,0.20004813019950785,True
2025-11-04 09:00:00,mid,47.99527560437159,4.995750435397262,4.445975278097309,-0.549775157299953,0.549775157299953,True
2025-11-04 10:00:00,mid,47.99049020525055,5.053984036657269,4.470647590922539,-0.5833364457347301,0.5833364457347301,True
2025-11-04 10:00:00,mid,47.859481392552645,5.009424182458492,4.833597923785507,-0.17582625867298507,0.17582625867298507,True
2025-11-04 10:00:00,mid,50.414217099531285,4.046143908031823,4.542661903669525,0.49651799563770194,0.49651799563770194,True
2025-11-04 10:00:00,mid,48.55261035534046,4.076959438174157,4.670620098446564,0.5936606602724073,0.5936606602724073,True
2025-11-04 10:00:00,mid,47.63450560055333,4.078459438174157,4.543539232960558,0.4650797947864014,0.4650797947864014,True
2025-11-04 10:00:00,mid,47.58533017537473,4.104579277048703,4.407701704997706,0.30312242794900257,0.30312242794900257,True
2025-11-04 10:00:00,mid,46.52936615282527,4.106079277048703,4.546370067613549,0.44029079056484566,0.44029079056484566,True
2025-11-04 10:00:00,mid,47.98313909438404,4.031111142960647,4.538742489930334,0.5076313469696867,0.5076313469696867,True
2025-11-04 11:00:00,mid,48.73764213052891,5.026758074240792,4.770979740378766,-0.2557783338620263,0.2557783338620263,True
2025-11-04 11:00:00,mid,49.211193657381074,5.1753477071745095,4.822577767988298,-0.3527699391862118,0.3527699391862118,True
2025-11-04 11:00:00,mid,49.55547152298607,5.044753591091538,4.924079724777114,-0.12067386631442467,0.12067386631442467,True
2025-11-04 11:00:00,mid,47.658336416210624,4.257297849907264,4.590134234939983,0.33283638503271895,0.33283638503271895,True
2025-11-04 11:00:00,mid,49.22301290548878,4.250882511887685,4.564910710018265,0.3140281981305799,0.3140281981305799,True
2025-11-04 13:00:00,mid,52.62525163079738,4.05907020255939,0.0,-4.05907020255939,4.05907020255939,False
2025-11-05 10:00:00,mid,48.99793617404821,4.571098995482572,0.0,-4.571098995482572,4.571098995482572,False
2025-11-05 10:00:00,mid,48.94744186087883,4.57224573013659,4.518461724006729,-0.05378400612986134,0.05378400612986134,True
2025-11-05 10:00:00,mid,47.22757107958138,4.641255645763952,4.604263611876658,-0.03699203388729355,0.03699203388729355,True
2025-11-05 10:00:00,mid,45.47548858863116,4.636917504653663,4.539196119111635,-0.09772138554202847,0.09772138554202847,True
2025-11-05 10:00:00,mid,46.11229386382112,4.670667504653661,4.653064666143607,-0.017602838510054397,0.017602838510054397,True
2025-11-05 10:00:00,mid,45.242275431152144,4.64788725618218,4.65737633309256,0.009489076910379701,0.009489076910379701,True
2025-11-05 10:00:00,mid,45.26968959720951,4.681637256182185,4.654679436979146,-0.02695781920303908,0.02695781920303908,True
2025-11-05 10:00:00,mid,46.94277921136861,4.65186221631906,4.553229441377731,-0.09863277494132916,0.09863277494132916,True
2025-11-05 11:00:00,mid,50.9372971516385,4.507743564473863,4.555721147238677,0.047977582764814564,0.047977582764814564,True
2025-11-05 11:00:00,mid,50.51304693183661,4.578427879905114,4.568073221407471,-0.01035465849764261,0.01035465849764261,True
2025-11-05 11:00:00,mid,48.40707600632879,4.602793345048397,4.570939846811477,-0.031853498236920075,0.031853498236920075,True
2025-11-05 11:00:00,mid,48.10732659507912,4.586398215906378,4.574916498806283,-0.011481717100094713,0.011481717100094713,True
2025-11-05 11:00:00,mid,47.9876838942094,4.593389740478159,4.638099990656829,0.04471025017867003,0.04471025017867003,True
2025-11-05 12:00:00,mid,51.419178555659535,4.094632409867188,4.312142716010013,0.21751030614282474,0.21751030614282474,True
2025-11-06 09:00:00,mid,47.08176765270341,4.027300913830544,4.206524235938994,0.1792233221084496,0.1792233221084496,True
2025-11-06 09:00:00,mid,47.89623181183983,4.062854636041905,0.0,-4.062854636041905,4.062854636041905,False
2025-11-06 09:00:00,mid,46.34710373383609,4.133962080464634,4.322793059794696,0.18883097933006177,0.18883097933006177,True
2025-11-06 09:00:00,mid,46.717205361880346,4.133962080464634,0.0,-4.133962080464634,4.133962080464634,False
2025-11-06 09:00:00,mid,45.15567817246113,4.196181094334509,4.4834343084387545,0.2872532141042452,0.2872532141042452,True
2025-11-06 09:00:00,mid,45.42952047705302,4.196181094334509,4.371226084927098,0.17504499059258904,0.17504499059258904,True
2025-11-06 10:00:00,mid,50.47943425612905,4.0771883800915845,0.0,-4.0771883800915845,4.0771883800915845,False
2025-11-06 10:00:00,mid,48.93235595935583,5.307346760023656,4.6795820491681885,-0.6277647108554678,0.6277647108554678,True
2025-11-06 10:00:00,mid,47.64010412020912,5.252982065788139,5.04008798645248,-0.2128940793356584,0.2128940793356584,True
2025-11-06 10:00:00,mid,48.19922161423409,4.179071632042412,0.0,-4.179071632042412,4.179071632042412,False
2025-11-06 10:00:00,mid,50.02433896047753,4.193861136357857,4.622489450775987,0.42862831441813043,0.42862831441813043,True
2025-11-06 10:00:00,mid,49.75573320025214,4.225083423246026,0.0,-4.225083423246026,4.225083423246026,False
2025-11-06 10:00:00,mid,48.9119164390692,4.238229649304202,0.0,-4.238229649304202,4.238229649304202,False
2025-11-06 11:00:00,mid,50.00021340368725,4.560931830129604,4.672195908709912,0.11126407858030785,0.11126407858030785,True
2025-11-07 08:00:00,mid,46.58809017817727,4.0263166432763065,0.0,-4.0263166432763065,4.0263166432763065,False
2025-11-07 08:00:00,mid,44.92888422420641,4.175044367821926,4.175986061028444,0.0009416932065180461,0.0009416932065180461,True
2025-11-07 08:00:00,mid,46.435479291133696,4.176544367821922,0.0,-4.176544367821922,4.176544367821922,False
2025-11-07 08:00:00,mid,44.38024333484584,4.305837376799344,4.195593047676689,-0.11024432912265514,0.11024432912265514,True
2025-11-07 08:00:00,mid,44.80561720331065,4.307337376799348,4.22675718673609,-0.0805801900632579,0.0805801900632579,True
2025-11-07 09:00:00,mid,46.771234947920256,5.110055783165166,4.697377424029828,-0.412678359135338,0.412678359135338,True
2025-11-07 09:00:00,mid,47.891521888103895,4.02711300556237,0.0,-4.02711300556237,4.02711300556237,False
2025-11-07 10:00:00,mid,48.59202365666143,5.047272789480218,4.884076637528068,-0.16319615195214965,0.16319615195214965,True
2025-11-07 10:00:00,mid,49.17310328898546,4.994536562485699,4.782099818007398,-0.21243674447830063,0.21243674447830063,True
2025-11-07 10:00:00,mid,47.49801712391751,5.021215381999163,4.743096274615261,-0.278119107383902,0.278119107383902,True
2025-11-07 10:00:00,mid,47.2857796759133,5.037694143626165,4.775711862974397,-0.2619822806517682,0.2619822806517682,True
2025-11-07 10:00:00,mid,48.00771515676089,5.056851435334263,4.968405964346465,-0.0884454709877982,0.0884454709877982,True
2025-11-07 10:00:00,mid,45.72158007076026,5.067823021026129,4.961164279529679,-0.10665874149645038,0.10665874149645038,True
2025-11-07 11:00:00,mid,48.81572677657319,4.969450870258783,4.530412840682351,-0.439038029576432,0.439038029576432,True
2025-11-07 13:00:00,mid,49.27622780350696,4.335601051402335,4.24152871439111,-0.09407233701122575,0.09407233701122575,True
2025-11-07 13:00:00,mid,48.574500295381405,4.017254621692462,4.247403717686876,0.23014909599441413,0.23014909599441413,True
2025-11-07 13:00:00,mid,48.569115847347724,4.029254621692463,4.236071190295964,0.20681656860350106,0.20681656860350106,True
2025-11-07 14:00:00,mid,46.51036281499709,4.130716888179439,4.194032228150751,0.06331533997131178,0.06331533997131178,True
2025-11-07 14:00:00,mid,45.489484561826586,4.14496688817944,4.202863296590327,0.057896408410886835,0.057896408410886835,True
2025-11-08 09:00:00,mid,45.680221904917545,4.959575607603249,4.772727069708679,-0.18684853789456923,0.18684853789456923,True
2025-11-08 09:00:00,mid,45.62831000894865,4.909093662774176,4.709289454726196,-0.19980420804798005,0.19980420804798005,True
2025-11-08 10:00:00,mid,50.04045475548407,5.011678843664505,0.0,-5.011678843664505,5.011678843664505,False
2025-11-08 10:00:00,mid,48.63854852683993,4.97775114020234,4.874159809220589,-0.1035913309817511,0.1035913309817511,True
2025-11-08 10:00:00,mid,49.71245675553343,4.984822908412838,4.729010209541353,-0.25581269887148483,0.25581269887148483,True
2025-11-08 10:00:00,mid,49.44156150543771,5.022231282963013,4.75749600497301,-0.2647352779900025,0.2647352779900025,True
2025-11-08 10:00:00,mid,47.7142181478788,4.991894676623307,4.833591830997612,-0.15830284562569474,0.15830284562569474,True
2025-11-08 10:00:00,mid,47.43261430539922,4.946698965067593,4.883370585696603,-0.06332837937099,0.06332837937099,True
2025-11-08 11:00:00,mid,50.15084329823481,5.041320001776846,4.976086425696464,-0.06523357608038172,0.06523357608038172,True
2025-11-08 12:00:00,mid,49.123873223691945,4.065278658811046,4.462745532302113,0.3974668734910667,0.3974668734910667,True
2025-11-08 12:00:00,mid,48.91771253679789,4.514946285638715,4.508298477519924,-0.006647808118790621,0.006647808118790621,True
2025-11-08 12:00:00,mid,48.0699177539956,4.465348427321608,4.531191441137829,0.06584301381622115,0.06584301381622115,True
2025-11-08 12:00:00,mid,47.30372258214933,4.487848427321612,4.5015707017430415,0.013722274421429148,0.013722274421429148,True
2025-11-08 12:00:00,mid,46.98325169227795,4.045028658811045,4.467058554057491,0.4220298952464461,0.4220298952464461,True
2025-11-09 08:00:00,mid,47.90598961371457,4.004072379267875,0.0,-4.004072379267875,4.004072379267875,False
2025-11-09 09:00:00,mid,48.55693968338864,4.030361788225086,0.0,-4.030361788225086,4.030361788225086,False
2025-11-09 09:00:00,mid,45.11096591026456,5.186602288259458,4.826559187275261,-0.3600431009841971,0.3600431009841971,True
2025-11-09 10:00:00,mid,49.41691675965626,5.231155288073705,4.323398040089608,-0.9077572479840965,0.9077572479840965,True
2025-11-09 10:00:00,mid,48.21033441266039,5.283043264973003,4.981570467185255,-0.3014727977877474,0.3014727977877474,True
2025-11-09 10:00:00,mid,49.4681004255394,5.233112803343936,4.819985736269203,-0.4131270670747327,0.4131270670747327,True
2025-11-09 10:00:00,mid,48.45970848741299,5.232134045708808,5.0098264073736205,-0.22230763833518719,0.22230763833518719,True
2025-11-09 10:00:00,mid,47.68921713557697,5.262280739522566,4.792679632116907,-0.4696011074056594,0.4696011074056594,True
2025-11-09 11:00:00,mid,49.74907703841709,5.31006484347968,4.626060129790545,-0.6840047136891352,0.6840047136891352,True
2025-11-09 11:00:00,mid,47.5912327934418,4.45617831598852,4.562420728579721,0.10624241259120115,0.10624241259120115,True
2025-11-09 11:00:00,mid,47.23700112590911,4.456362088596588,4.760859676473389,0.30449758787680103,0.30449758787680103,True
2025-11-09 11:00:00,mid,47.09807169657815,4.469112088596589,4.589610332896519,0.12049824429993006,0.12049824429993006,True
2025-11-09 11:00:00,mid,45.993362098697176,4.4621010146286615,4.679820901772453,0.2177198871437911,0.2177198871437911,True
2025-11-09 11:00:00,mid,48.41110020273098,4.474851014628662,4.574582613718423,0.09973159908976115,0.09973159908976115,True
2025-11-09 12:00:00,mid,49.57596509750075,4.071377906906676,4.276476626760291,0.20509871985361539,0.20509871985361539,True
2025-11-10 09:00:00,mid,45.72201897778269,5.109547930665912,4.925959924759126,-0.18358800590678648,0.18358800590678648,True
2025-11-10 09:00:00,mid,44.762472540825335,5.114047930665905,4.66886874190688,-0.44517918875902485,0.44517918875902485,True
2025-11-10 10:00:00,mid,49.194866435765945,4.90794783955554,4.90385554910521,-0.00409229045032955,0.00409229045032955,True
2025-11-10 10:00:00,mid,48.34230251199761,4.957961822859573,4.911939002174844,-0.04602282068472974,0.04602282068472974,True
2025-11-10 10:00:00,mid,47.7302800387879,4.979619468500285,4.965967722130531,-0.013651746369753859,0.013651746369753859,True
2025-11-10 10:00:00,mid,47.215437336155205,5.0012771141409935,4.7753731039698,-0.22590401017119355,0.22590401017119355,True
2025-11-10 10:00:00,mid,49.55309123061632,4.839255687419865,4.336338602444271,-0.5029170849755937,0.5029170849755937,True
2025-11-10 10:00:00,mid,48.66702253668015,4.066260847709813,0.0,-4.066260847709813,4.066260847709813,False
2025-11-10 10:00:00,mid,47.553670446817,4.170855480111413,4.885250823577652,0.7143953434662391,0.7143953434662391,True
2025-11-10 10:00:00,mid,47.4588162039603,4.173855480111413,4.4370305308004,0.2631750506889867,0.2631750506889867,True
2025-11-10 10:00:00,mid,46.14799338781423,4.26368828346282,4.910886112815087,0.6471978293522671,0.6471978293522671,True
2025-11-10 10:00:00,mid,46.356345050243405,4.26668828346282,4.601932857511152,0.33524457404833274,0.33524457404833274,True
2025-11-10 11:00:00,mid,50.335738710006176,4.805326020521591,4.968507767386387,0.16318174686479647,0.16318174686479647,True
2025-11-10 11:00:00,mid,48.90822465059385,4.189051718574969,4.37426484381512,0.18521312524015077,0.18521312524015077,True
2025-11-11 10:00:00,mid,46.21340253089073,4.263464350957861,4.393290411825663,0.1298260608678019,0.1298260608678019,True
2025-11-11 10:00:00,mid,46.475159547917805,4.516589350957862,4.450127578604284,-0.06646177235357786,0.06646177235357786,True
2025-11-11 11:00:00,mid,51.77564724760021,4.024966590816135,0.0,-4.024966590816135,4.024966590816135,False
2025-11-11 11:00:00,mid,50.305312338001926,4.017127278475204,4.360269135406275,0.34314185693107113,0.34314185693107113,True
2025-11-11 11:00:00,mid,50.05938019216157,4.1064224718793305,4.350828193708159,0.24440572182882825,0.24440572182882825,True
2025-11-11 11:00:00,mid,48.17637573764864,4.099808052091674,4.408193557165746,0.3083855050740718,0.3083855050740718,True
2025-11-11 11:00:00,mid,46.7552006625247,4.0043883959212,4.364273875004151,0.35988547908295043,0.35988547908295043,True
2025-11-11 11:00:00,mid,47.98369032760765,4.187388395921207,4.340325289680093,0.15293689375888597,0.15293689375888597,True
2025-11-11 11:00:00,mid,46.98900206543058,4.000958696772049,4.373027708769461,0.3720690119974126,0.3720690119974126,True
2025-11-11 11:00:00,mid,48.44265061311751,4.183958696772056,4.394597866406056,0.21063916963400064,0.21063916963400064,True
2025-11-11 12:00:00,mid,47.875371458118494,4.572221068378287,4.312129914334147,-0.2600911540441402,0.2600911540441402,True
2025-11-11 12:00:00,mid,50.90389360870789,4.652646208795822,4.269239911103478,-0.38340629769234447,0.38340629769234447,True
2025-11-11 14:00:00,mid,48.15878180857415,4.142021264242676,4.088547031849688,-0.053474232392987986,0.053474232392987986,True
2025-11-14 10:00:00,late,51.08113044151333,4.445390198355618,0.0,-4.445390198355618,4.445390198355618,False
2025-11-14 10:00:00,late,50.10235213784406,4.172167237981359,4.244780238630811,0.07261300064945164,0.07261300064945164,True
2025-11-14 12:00:00,late,51.33345776681357,4.334067413425771,4.236835378992503,-0.09723203443326778,0.09723203443326778,True
2025-11-14 12:00:00,late,53.00101524030294,4.077035749056982,4.202713456590973,0.125677707533991,0.125677707533991,True
2025-11-14 12:00:00,late,51.74231109414468,4.069484607034489,0.0,-4.069484607034489,4.069484607034489,False
2025-11-14 12:00:00,late,49.34068592431142,4.593722573617392,4.254302487905751,-0.33942008571164095,0.33942008571164095,True
2025-11-14 12:00:00,late,48.64728229280377,4.462087044377451,4.251990973339997,-0.2100960710374542,0.2100960710374542,True
2025-11-14 13:00:00,late,50.41073067701922,4.228304978530861,4.224582897495243,-0.0037220810356179967,0.0037220810356179967,True
2025-11-14 13:00:00,late,50.97301666575598,4.099429368790549,4.223428721851236,0.12399935306068688,0.12399935306068688,True
2025-11-14 14:00:00,late,49.99279769194834,4.0452931334893165,0.0,-4.0452931334893165,4.0452931334893165,False
2025-11-14 15:00:00,late,48.74276389470532,4.140111677278654,0.0,-4.140111677278654,4.140111677278654,False
2025-11-15 09:00:00,late,50.717107395531286,4.089760352727957,0.0,-4.089760352727957,4.089760352727957,False
2025-11-15 09:00:00,late,50.15304276465044,4.152006666386427,4.276409941192557,0.1244032748061299,0.1244032748061299,True
2025-11-15 10:00:00,late,52.0574791754044,4.281942649297932,0.0,-4.281942649297932,4.281942649297932,False
2025-11-15 10:00:00,late,49.12212882074992,4.25991923295447,4.247920648478125,-0.011998584476344831,0.011998584476344831,True
2025-11-15 10:00:00,late,49.74090132043557,4.42832857480834,4.260157030001398,-0.16817154480694185,0.16817154480694185,True
2025-11-15 12:00:00,late,51.96339136679859,4.282903049565398,4.29288107991365,0.009978030348252176,0.009978030348252176,True
2025-11-15 12:00:00,late,51.834857445704,4.298183893011426,4.316450032418227,0.01826613940680133,0.01826613940680133,True
2025-11-15 12:00:00,late,50.48534023843831,4.272593103881437,4.301028299532743,0.02843519565130581,0.02843519565130581,True
2025-11-15 12:00:00,late,51.14696257410776,4.2668585064391,4.324900861698968,0.05804235525986812,0.05804235525986812,True
2025-11-15 12:00:00,late,48.083512757629805,4.2615126086770445,4.287818284886738,0.026305676209693374,0.026305676209693374,True
2025-11-15 13:00:00,late,51.40556168045815,4.2904609045654105,4.25620737486835,-0.03425352969706008,0.03425352969706008,True
2025-11-15 13:00:00,late,50.70928831464067,4.279758423138883,4.260190320934387,-0.019568102204496007,0.019568102204496007,True
2025-11-15 14:00:00,late,49.27319967058017,4.2744361330164224,4.1955594577912985,-0.07887667522512398,0.07887667522512398,True
2025-11-15 14:00:00,late,49.35432935826653,4.108549959358793,4.1666181236000766,0.05806816424128325,0.05806816424128325,True
2025-11-16 09:00:00,late,48.94406391985311,4.312187887538613,4.319396593976894,0.007208706438280643,0.007208706438280643,True
2025-11-16 09:00:00,late,50.21913602445534,4.301410434591283,4.316546265941832,0.01513583135054919,0.01513583135054919,True
2025-11-16 10:00:00,late,51.42759053017865,4.318960936888693,4.294539353088938,-0.024421583799755453,0.024421583799755453,True
2025-11-16 10:00:00,late,50.91406569166381,4.301527463012558,4.2993446533395705,-0.0021828096729876734,0.0021828096729876734,True
2025-11-16 10:00:00,late,50.33229529245912,4.299535065998143,4.297488412092307,-0.0020466539058352495,0.0020466539058352495,True
2025-11-16 12:00:00,late,50.58148152594382,4.319119392979665,4.297552996178718,-0.02156639680094763,0.02156639680094763,True
2025-11-16 12:00:00,late,53.57564375671393,4.330910080242042,4.323692198906201,-0.007217881335840559,0.007217881335840559,True
2025-11-16 12:00:00,late,50.977907381473926,4.3113547940508,4.305275065084897,-0.006079728965902476,0.006079728965902476,True
2025-11-16 12:00:00,late,50.48400812192156,4.306753550241098,4.302214294956252,-0.004539255284846,0.004539255284846,True
2025-11-16 12:00:00,late,49.39019741143046,4.302727461907612,4.30468362773683,0.001956165829218648,0.001956165829218648,True
2025-11-16 13:00:00,late,51.49148418929159,4.325093763681899,4.276649220119301,-0.04844454356259753,0.04844454356259753,True
2025-11-16 13:00:00,late,50.02441212011216,4.317315958281142,4.298566753524442,-0.018749204756700166,0.018749204756700166,True
2025-11-16 13:00:00,late,50.162610563637145,4.020307092918706,0.0,-4.020307092918706,4.020307092918706,False
2025-11-16 14:00:00,late,48.22978361614,4.309538535490624,4.184067451502871,-0.12547108398775286,0.12547108398775286,True
2025-11-17 09:00:00,late,50.13680464383839,4.331225312092947,4.371659412897678,0.04043410080473109,0.04043410080473109,True
2025-11-17 09:00:00,late,49.820665247746334,4.322935858335882,4.3411535555235785,0.018217697187696835,0.018217697187696835,True
2025-11-17 10:00:00,late,51.12444362757982,4.336434787806361,0.0,-4.336434787806361,4.336434787806361,False
2025-11-17 10:00:00,late,51.25858494533786,4.321493422789597,4.321591777803189,9.835501359134469e-05,9.835501359134469e-05,True
2025-11-17 10:00:00,late,50.27669716214671,4.324150870483628,0.0,-4.324150870483628,4.324150870483628,False
2025-11-17 12:00:00,late,51.80636412488517,4.346000444610752,0.0,-4.346000444610752,4.346000444610752,False
2025-11-17 12:00:00,late,52.02020029209945,4.337306663953335,4.35490164719698,0.0175949832436455,0.0175949832436455,True
2025-11-17 12:00:00,late,49.982664039463785,4.331334540105754,0.0,-4.331334540105754,4.331334540105754,False
2025-11-17 12:00:00,late,51.48090379010672,4.328170503751618,4.351605632197009,0.02343512844539042,0.02343512844539042,True
2025-11-17 12:00:00,late,48.08049864641801,4.325073846941756,4.357577965746972,0.03250411880521664,0.03250411880521664,True
2025-11-17 13:00:00,late,51.54615569007904,4.341526837776438,4.294992042446525,-0.04653479532991334,0.04653479532991334,True
2025-11-17 13:00:00,late,50.928289176029445,4.335169556200661,4.305544428848291,-0.029625127352369773,0.029625127352369773,True
2025-11-17 13:00:00,late,50.03171682162076,4.330416886278538,4.283776899970165,-0.046639986308373516,0.046639986308373516,True
2025-11-17 14:00:00,late,48.479096376402126,4.32956256890866,4.187241659696336,-0.14232090921232388,0.14232090921232388,True
2025-11-18 09:00:00,late,51.61722152081768,4.489864315494422,0.0,-4.489864315494422,4.489864315494422,False
2025-11-18 09:00:00,late,50.913030138685485,4.4488669768905496,4.438157379082341,-0.01070959780820857,0.01070959780820857,True
2025-11-18 10:00:00,late,52.2003747283493,4.51562893714879,4.452969591701418,-0.06265934544737206,0.06265934544737206,True
2025-11-18 10:00:00,late,49.14702905021103,4.441733090842067,4.445101809306564,0.0033687184644968227,0.0033687184644968227,True
2025-11-18 10:00:00,late,49.333733570520174,4.449312152001735,4.4569681355617226,0.007655983559987867,0.007655983559987867,True
2025-11-18 12:00:00,late,52.6677409876292,4.561083376010956,4.465537283538244,-0.09554609247271184,0.09554609247271184,True
2025-11-18 12:00:00,late,52.842520499804095,4.106297052330579,4.406504189344605,0.30020713701402624,0.30020713701402624,True
2025-11-18 12:00:00,late,53.23632450084163,4.51623170276034,4.457571356685683,-0.058660346074656644,0.058660346074656644,True
2025-11-18 12:00:00,late,52.23853740714242,4.041653117959612,4.4332677964079314,0.39161467844831943,0.39161467844831943,True
2025-11-18 12:00:00,late,51.28894270760214,4.486695235009943,4.407890101389482,-0.07880513362046138,0.07880513362046138,True
2025-11-18 12:00:00,late,49.886459466205096,4.469192143009707,4.464934451068251,-0.004257691941456088,0.004257691941456088,True
2025-11-18 12:00:00,late,49.52853178557568,4.453876937509495,4.454266203590417,0.00038926608092193504,0.00038926608092193504,True
2025-11-18 13:00:00,late,49.70855427409625,4.484011419724801,4.32371336643266,-0.16029805329214142,0.16029805329214142,True
2025-11-18 13:00:00,late,50.22825033391234,4.124811161402899,4.317279153940888,0.1924679925379884,0.1924679925379884,True
2025-11-19 09:00:00,late,50.3581593192261,4.175266509787477,0.0,-4.175266509787477,4.175266509787477,False
2025-11-19 09:00:00,late,50.29751115988021,4.095278514815988,4.347254166571297,0.2519756517553091,0.2519756517553091,True
2025-11-19 10:00:00,late,52.36859802349365,4.019510363333183,0.0,-4.019510363333183,4.019510363333183,False
2025-11-19 10:00:00,late,51.55628976190036,4.16368510208649,4.313936856231418,0.15025175414492864,0.15025175414492864,True
2025-11-19 10:00:00,late,51.49549905927689,4.164647949393832,0.0,-4.164647949393832,4.164647949393832,False
2025-11-19 12:00:00,late,54.33627235235705,4.006334335465294,0.0,-4.006334335465294,4.006334335465294,False
2025-11-19 12:00:00,late,51.59949587026532,4.033386826750352,0.0,-4.033386826750352,4.033386826750352,False
2025-11-19 12:00:00,late,51.17747283266053,4.134741809320474,4.326018095581058,0.19127628626058435,0.19127628626058435,True
2025-11-19 12:00:00,late,50.16355843497716,4.104861026268317,4.317875894891742,0.213014868623425,0.213014868623425,True
2025-11-19 12:00:00,late,52.02155265291256,4.063961559923008,4.272698265212429,0.20873670528942068,0.20873670528942068,True
2025-11-19 13:00:00,late,52.11408759430879,4.23986780679509,0.0,-4.23986780679509,4.23986780679509,False
2025-11-19 13:00:00,late,50.94690027907096,4.34590491472246,0.0,-4.34590491472246,4.34590491472246,False
2025-11-19 13:00:00,late,50.16968743620844,4.020447826735506,0.0,-4.020447826735506,4.020447826735506,False
2025-11-19 13:00:00,late,50.44442798966895,4.049310446796337,4.214213362827636,0.16490291603129936,0.16490291603129936,True
2025-11-20 09:00:00,initial,52.15741146786588,4.334910783384686,0.0,-4.334910783384686,4.334910783384686,False
2025-11-20 09:00:00,initial,50.8893713608333,4.1186518298393935,4.310598319983915,0.19194649014452114,0.19194649014452114,True
2025-11-20 11:00:00,initial,51.77676894490631,4.834482202742031,4.332998278440952,-0.5014839243010787,0.5014839243010787,True
2025-11-20 11:00:00,initial,52.66164204957789,4.334179320199084,4.383890657005584,0.049711336806500306,0.049711336806500306,True
2025-11-20 11:00:00,initial,51.607791539432135,4.592703974818871,4.403055105169753,-0.1896488696491181,0.1896488696491181,True
2025-11-20 14:00:00,initial,50.53113720224156,4.034439257102136,0.0,-4.034439257102136,4.034439257102136,False
2025-11-20 14:00:00,initial,49.993256511055854,4.058799350176145,0.0,-4.058799350176145,4.058799350176145,False
2025-11-25 09:00:00,initial,52.55964892181312,4.0472029672699215,0.0,-4.0472029672699215,4.0472029672699215,False
2025-11-25 10:00:00,initial,51.35610772940773,4.898341699773958,4.757848851161926,-0.14049284861203226,0.14049284861203226,True
2025-11-25 11:00:00,initial,52.8823130193766,4.536098535625143,0.0,-4.536098535625143,4.536098535625143,False
2025-11-25 11:00:00,initial,51.54684798907471,4.399119836255036,4.648704822614993,0.24958498635995774,0.24958498635995774,True
2025-11-25 11:00:00,initial,51.88610559821255,4.101529449778592,4.59899728182485,0.497467832046258,0.497467832046258,True
2025-11-25 11:00:00,initial,52.34994526804832,4.029101268804162,4.675983400066849,0.6468821312626876,0.6468821312626876,True
2025-11-25 12:00:00,initial,51.29561766975624,4.231869450305215,4.441334385896003,0.2094649355907876,0.2094649355907876,True
2025-11-25 12:00:00,initial,53.34876581532956,4.170403820780024,4.461307772694513,0.2909039519144896,0.2909039519144896,True
2025-11-26 08:00:00,initial,50.44524151887399,4.319138944093236,4.248690008903399,-0.07044893518983741,0.07044893518983741,True
2025-11-26 08:00:00,initial,48.97555780668302,4.447829985502249,4.298507247371249,-0.1493227381310005,0.1493227381310005,True
2025-11-26 09:00:00,initial,52.35377034599512,4.364872685088372,4.3853806115787854,0.020507926490413553,0.020507926490413553,True
2025-11-26 09:00:00,initial,52.29776050627853,4.490905507138656,0.0,-4.490905507138656,4.490905507138656,False
2025-11-26 10:00:00,initial,50.032956246314754,4.680345151518605,4.618039817490384,-0.06230533402822047,0.06230533402822047,True
2025-11-26 11:00:00,initial,53.33573058688548,4.634228698831329,4.445854791221717,-0.1883739076096118,0.1883739076096118,True
2025-11-26 11:00:00,initial,52.94679812832546,4.6386739895001625,4.467847414547111,-0.1708265749530513,0.1708265749530513,True
2025-11-26 11:00:00,initial,54.04360939282047,4.380855211054907,4.388414645471276,0.007559434416368305,0.007559434416368305,True
2025-11-26 12:00:00,initial,53.24178645072175,4.451177682707822,4.29484331044922,-0.15633437225860192,0.15633437225860192,True
2025-11-26 12:00:00,initial,53.26485679895645,4.399693227870294,4.282044832914519,-0.11764839495577561,0.11764839495577561,True
2025-11-26 12:00:00,initial,51.09155665301177,4.293506539767929,4.271017677412237,-0.022488862355691808,0.022488862355691808,True
2025-11-26 12:00:00,initial,52.13010123090022,4.316030988759351,4.3170152591560695,0.0009842703967182231,0.0009842703967182231,True
2025-11-26 13:00:00,initial,51.99822401766215,4.103038975064496,4.229764243643233,0.12672526857873656,0.12672526857873656,True
2025-11-26 13:00:00,initial,54.538283555357175,4.164913975064483,4.21642095283219,0.05150697776770752,0.05150697776770752,True
2025-11-27 10:00:00,initial,50.0658067278468,4.483776286910455,4.472797586302524,-0.01097870060793138,0.01097870060793138,True
2025-11-27 10:00:00,initial,50.55646370989384,4.340393643216093,4.498999574592181,0.1586059313760888,0.1586059313760888,True
2025-11-27 11:00:00,initial,53.60503504964669,4.950400706282657,4.419098405573681,-0.5313023007089761,0.5313023007089761,True
2025-11-27 11:00:00,initial,52.99857605481456,4.606889471390538,4.391917599487058,-0.21497187190348033,0.21497187190348033,True
2025-11-27 12:00:00,initial,53.0417127458448,4.220532464801607,4.197196981411532,-0.023335483390074963,0.023335483390074963,True
2025-11-27 14:00:00,initial,53.47853196373013,4.016592686809538,0.0,-4.016592686809538,4.016592686809538,False
2025-11-28 08:00:00,initial,50.36029386465174,4.012567899926587,4.143938746387902,0.1313708464613148,0.1313708464613148,True
2025-11-28 08:00:00,initial,48.4166741381421,4.258648274957832,4.26077853588431,0.002130260926478833,0.002130260926478833,True
2025-11-28 09:00:00,initial,50.28062665356603,4.882219787483923,4.556626717738078,-0.32559306974584423,0.32559306974584423,True
2025-11-28 09:00:00,initial,52.13461960784653,4.252797797732065,0.0,-4.252797797732065,4.252797797732065,False
2025-11-28 09:00:00,initial,52.38291168221284,4.13622246042328,0.0,-4.13622246042328,4.13622246042328,False
2025-11-28 09:00:00,initial,52.560890150034616,4.016867125224547,0.0,-4.016867125224547,4.016867125224547,False
2025-11-28 09:00:00,initial,51.11902080049694,4.1754921252245225,4.399214819516821,0.22372269429229874,0.22372269429229874,True
2025-11-28 10:00:00,initial,53.76988562762192,4.891886075667102,4.463288993847896,-0.4285970818192064,0.4285970818192064,True
2025-11-28 11:00:00,initial,51.20888134683543,4.279204525847341,4.39206683519381,0.11286230934646913,0.11286230934646913,True
2025-11-28 11:00:00,initial,50.1787081309844,4.2350497837479,4.417526922696936,0.18247713894903583,0.18247713894903583,True
2025-11-28 12:00:00,initial,53.78896334075375,4.247916224529732,4.2114330591137,-0.03648316541603158,0.03648316541603158,True
2025-11-28 12:00:00,initial,53.31081543711936,4.307324309907514,4.232332463039858,-0.07499184686765581,0.07499184686765581,True
2025-11-28 13:00:00,initial,53.66099180139504,4.063158518261805,0.0,-4.063158518261805,4.063158518261805,False
2025-11-29 08:00:00,initial,49.59355659452405,4.000169570849046,4.196714798060697,0.1965452272116508,0.1965452272116508,True
2025-11-29 09:00:00,initial,49.28038426978033,4.511425964925252,4.587146557340591,0.07572059241533946,0.07572059241533946,True
2025-11-29 09:00:00,initial,48.32498624505554,4.413164438139233,4.611524584189459,0.19836014605022534,0.19836014605022534,True
2025-11-29 10:00:00,initial,50.92231221999416,4.776098509689454,4.728854536599652,-0.04724397308980244,0.04724397308980244,True
2025-11-29 10:00:00,initial,52.47100375417316,5.06328895531837,4.74209939679492,-0.3211895585234501,0.3211895585234501,True
2025-11-29 10:00:00,initial,50.44394500331408,4.826293882447526,4.652921706521819,-0.17337217592570742,0.17337217592570742,True
2025-11-29 10:00:00,initial,48.37157459819191,4.66704716720027,4.680336143882358,0.013288976682088283,0.013288976682088283,True
2025-11-29 10:00:00,initial,49.5529142844464,4.669297167200266,4.643975248391779,-0.025321918808487,0.025321918808487,True
2025-11-29 11:00:00,initial,52.260391639491765,4.831962898010794,4.652750711806211,-0.179212186204583,0.179212186204583,True
2025-11-29 12:00:00,initial,50.63471725822057,4.426848670247466,4.39664793688446,-0.03020073336300566,0.03020073336300566,True
2025-11-29 12:00:00,initial,49.468654699042965,4.400164823707403,4.404527552740365,0.00436272903296242,0.00436272903296242,True
2025-11-29 13:00:00,initial,54.60165521485538,4.276465583223491,4.173723673473469,-0.10274190975002195,0.10274190975002195,True
2025-11-29 13:00:00,initial,54.07801100368545,4.288902831319064,0.0,-4.288902831319064,4.288902831319064,False
2025-11-29 14:00:00,initial,52.73429938490342,4.108737856645099,0.0,-4.108737856645099,4.108737856645099,False
2025-11-30 09:00:00,initial,48.29904116843943,4.679467818936594,4.589696153602003,-0.0897716653345908,0.0897716653345908,True
2025-11-30 10:00:00,initial,50.90991671070507,4.499668555367265,4.6649663582471055,0.16529780287984064,0.16529780287984064,True
2025-11-30 10:00:00,initial,50.94577477801519,4.570639466103419,4.671074314004394,0.10043484790097512,0.10043484790097512,True
2025-11-30 11:00:00,initial,52.63114905482868,4.808677236023513,4.576884886812797,-0.2317923492107159,0.2317923492107159,True
2025-11-30 11:00:00,initial,52.768900312724966,4.676507360479423,4.660650752003944,-0.015856608475479206,0.015856608475479206,True
2025-11-30 11:00:00,initial,52.782031370620736,4.585269110116684,4.586150179719501,0.000881069602816531,0.000881069602816531,True
2025-11-30 11:00:00,initial,51.613309115141256,4.649658458577111,4.5411615090316255,-0.1084969495454855,0.1084969495454855,True
2025-11-30 11:00:00,initial,52.22807972436845,4.590894110116675,4.5671369307990695,-0.023757179317605903,0.023757179317605903,True
2025-11-30 12:00:00,initial,52.354530280017286,4.496833985566994,4.388907352552166,-0.10792663301482808,0.10792663301482808,True
2025-11-30 13:00:00,initial,51.57567501028071,4.265298830307401,4.214111826978872,-0.0511870033285291,0.0511870033285291,True
2025-11-30 13:00:00,initial,51.70715161846903,4.28033163133777,4.216198049765751,-0.06413358157201898,0.06413358157201898,True
2025-12-01 08:00:00,initial,50.3239728191058,4.178350613719292,4.230495682939503,0.05214506922021034,0.05214506922021034,True
2025-12-01 09:00:00,initial,50.82781587046856,4.9192105987318016,4.681389410631109,-0.23782118810069264,0.23782118810069264,True
2025-12-01 09:00:00,initial,50.93654099657248,4.528062515724095,4.47528728878212,-0.052775226941975006,0.052775226941975006,True
2025-12-01 10:00:00,initial,50.828023238637286,4.770836647093393,4.718024066316329,-0.05281258077706408,0.05281258077706408,True
2025-12-01 11:00:00,initial,55.12022827556357,4.089529616384077,0.0,-4.089529616384077,4.089529616384077,False
2025-12-01 11:00:00,initial,52.83844065315044,4.04178859591358,0.0,-4.04178859591358,4.04178859591358,False
2025-12-01 11:00:00,initial,53.57382765422444,4.032442305812726,0.0,-4.032442305812726,4.032442305812726,False
2025-12-01 11:00:00,initial,53.00984084220816,4.008086248933225,4.640813796741048,0.6327275478078231,0.6327275478078231,True
2025-12-01 11:00:00,initial,52.28295449025818,4.01146124893322,4.685047518882016,0.673586269948796,0.673586269948796,True
2025-12-01 11:00:00,initial,50.1543672917018,4.645667740839691,4.602161787966,-0.04350595287369163,0.04350595287369163,True
2025-12-01 11:00:00,initial,50.97975505121173,4.584836011319784,4.605601023748475,0.020765012428690888,0.020765012428690888,True
2025-12-01 12:00:00,initial,54.63983140891765,4.110038186502521,0.0,-4.110038186502521,4.110038186502521,False
2025-12-01 13:00:00,initial,52.70455145615539,4.031925750566554,0.0,-4.031925750566554,4.031925750566554,False
2025-12-01 13:00:00,initial,53.10986518870293,4.015637077076384,0.0,-4.015637077076384,4.015637077076384,False
2025-12-02 09:00:00,initial,49.92877984863983,4.820070378400249,4.640910406338937,-0.17915997206131262,0.17915997206131262,True
2025-12-02 10:00:00,initial,51.286101639284645,5.209812526697007,4.812333975190025,-0.39747855150698186,0.39747855150698186,True
2025-12-02 10:00:00,initial,51.208253257874446,4.970743919535707,4.801976201809098,-0.1687677177266087,0.1687677177266087,True
2025-12-02 11:00:00,initial,50.75230453494805,4.660738395951601,4.63533235048896,-0.025406045462641025,0.025406045462641025,True
2025-12-02 12:00:00,initial,54.37895272106781,4.527316589438065,4.447315691566995,-0.08000089787107001,0.08000089787107001,True
2025-12-02 12:00:00,initial,54.649426119965405,4.51599757885155,0.0,-4.51599757885155,4.51599757885155,False
2025-12-02 12:00:00,initial,53.02822656447303,4.513572076583017,4.459405259000723,-0.0541668175822938,0.0541668175822938,True
2025-12-02 12:00:00,initial,52.7978894243392,4.508451571793877,4.476577854217058,-0.03187371757681934,0.03187371757681934,True
2025-12-02 12:00:00,initial,52.84058891762548,4.508451571793877,4.475299422541519,-0.03315214925235832,0.03315214925235832,True
2025-12-02 12:00:00,initial,51.5115732480401,4.501983565744446,4.464992564329578,-0.036991001414867775,0.036991001414867775,True
2025-12-02 12:00:00,initial,50.59119992959224,4.498210562215608,4.455434221924239,-0.04277634029136834,0.04277634029136834,True
2025-12-02 13:00:00,initial,53.91495651645215,4.182099696657133,4.212013193496952,0.0299134968398187,0.0299134968398187,True
2025-12-02 14:00:00,initial,52.95413725148291,4.164467146377959,0.0,-4.164467146377959,4.164467146377959,False
2025-12-02 14:00:00,initial,50.56753609663417,4.221082310690171,4.134250680894231,-0.08683162979593995,0.08683162979593995,True
2025-12-03 10:00:00,initial,51.130061968937,4.666196651667999,4.660775003381709,-0.00542164828628966,0.00542164828628966,True
2025-12-03 11:00:00,initial,52.64882123937731,4.6927251078544,4.57937844384062,-0.11334666401377991,0.11334666401377991,True
2025-12-03 11:00:00,initial,54.21341722712876,4.8577845544233895,4.521425549816102,-0.33635900460728774,0.33635900460728774,True
2025-12-03 12:00:00,initial,51.13281881619009,4.402840885997193,4.42818433041576,0.025343444418567174,0.025343444418567174,True
2025-12-03 13:00:00,initial,54.71353290605036,4.119658339686367,0.0,-4.119658339686367,4.119658339686367,False
2025-12-03 13:00:00,initial,53.8834196375701,4.176021017626507,4.191754381369422,0.015733363742914896,0.015733363742914896,True
2025-12-03 13:00:00,initial,54.108092581075326,4.192813020042259,4.189117716536458,-0.0036953035058004957,0.0036953035058004957,True
2025-12-03 13:00:00,initial,52.67914259949351,4.20359613625331,0.0,-4.20359613625331,4.20359613625331,False
2025-12-03 13:00:00,initial,52.19103796862322,4.221596136253304,4.20162068076171,-0.019975455491593408,0.019975455491593408,True
2025-12-03 13:00:00,initial,52.037661654063584,4.238374809361972,4.212353797125412,-0.02602101223656028,0.02602101223656028,True
2025-12-03 13:00:00,initial,51.3999435351277,4.255162368675368,4.2613968385704215,0.006234469895053607,0.006234469895053607,True
2025-12-04 08:00:00,initial,49.94592770157079,4.261773161055967,4.2319460618548,-0.02982709920116644,0.02982709920116644,True
2025-12-04 08:00:00,initial,47.24521480943277,4.418227115464383,4.28789255950889,-0.1303345559554927,0.1303345559554927,True
2025-12-04 09:00:00,initial,50.63248373823858,4.605017632947337,4.374353461265241,-0.23066417168209608,0.23066417168209608,True
2025-12-04 11:00:00,initial,51.55427556718939,4.473733044295589,4.361642538246986,-0.11209050604860238,0.11209050604860238,True
2025-12-04 12:00:00,initial,54.796523874629024,4.513874186360141,4.184966485546414,-0.3289077008137271,0.3289077008137271,True
2025-12-04 12:00:00,initial,55.664415155517766,4.38574011468198,4.225751730194057,-0.15998838448792263,0.15998838448792263,True
2025-12-04 13:00:00,initial,52.29982419212891,4.080961181873132,4.163363823116896,0.08240264124376395,0.08240264124376395,True
2025-12-04 15:00:00,initial,49.99638582177544,4.075060866456592,0.0,-4.075060866456592,4.075060866456592,False
2025-12-05 10:00:00,development,51.69320249702317,4.135732045273315,4.463271310008695,0.3275392647353801,0.3275392647353801,True
2025-12-05 10:00:00,development,50.64938950950884,4.105355250017507,4.4451927898465255,0.339837539829019,0.339837539829019,True
2025-12-05 10:00:00,development,48.20064187056602,4.431405613904875,4.563584229236819,0.1321786153319442,0.1321786153319442,True
2025-12-05 10:00:00,development,50.19308414694876,4.321355250017472,4.441838815233177,0.12048356521570458,0.12048356521570458,True
2025-12-05 11:00:00,development,53.42301599309496,4.614301451473828,0.0,-4.614301451473828,4.614301451473828,False
2025-12-05 11:00:00,development,49.69380377671383,4.898311643469622,4.496763971902611,-0.40154767156701077,0.40154767156701077,True
2025-12-05 11:00:00,development,46.99344982177632,4.635537668659925,4.492542176247654,-0.14299549241227094,0.14299549241227094,True
2025-12-05 11:00:00,development,47.116358002187305,4.505528169722467,4.50581303034575,0.0002848606232825901,0.0002848606232825901,True
2025-12-05 12:00:00,development,51.309535363772255,4.729035538556744,4.328357015455625,-0.40067852310111896,0.40067852310111896,True
2025-12-06 08:00:00,development,48.48911385070771,4.115692252966188,0.0,-4.115692252966188,4.115692252966188,False
2025-12-06 09:00:00,development,49.08281226111769,4.060088422402163,0.0,-4.060088422402163,4.060088422402163,False
2025-12-06 09:00:00,development,47.84470117290199,4.156883107782846,4.52232239495804,0.36543928717519325,0.36543928717519325,True
2025-12-06 10:00:00,development,51.28219878784089,4.219927687497709,4.508776940374358,0.2888492528766493,0.2888492528766493,True
2025-12-06 10:00:00,development,50.69035022210923,4.819806796056575,4.563363828159921,-0.2564429678966542,0.2564429678966542,True
2025-12-06 10:00:00,development,48.75831060559566,4.51036225635427,4.553954913222935,0.04359265686866465,0.04359265686866465,True
2025-12-06 10:00:00,development,49.144920845759145,4.476760857284283,4.592818878218057,0.1160580209337736,0.1160580209337736,True
2025-12-06 10:00:00,development,47.751211844894286,4.4766327742485,4.600971532827043,0.12433875857854293,0.12433875857854293,True
2025-12-06 10:00:00,development,50.847262810432014,4.512760857284267,4.549950926574069,0.037190069289802175,0.037190069289802175,True
2025-12-06 11:00:00,development,52.24517275216625,4.561771486373672,4.560505351437439,-0.0012661349362330654,0.0012661349362330654,True
2025-12-06 11:00:00,development,51.1807600950789,4.548224028260648,4.554309502437032,0.006085474176384054,0.006085474176384054,True
2025-12-06 11:00:00,development,49.44885506900318,4.5391652705968895,4.570539660253338,0.0313743896564489,0.0313743896564489,True
2025-12-06 11:00:00,development,47.44022793334776,4.53127445122588,4.577070045020444,0.04579559379456466,0.04579559379456466,True
2025-12-06 12:00:00,development,51.46415155652268,4.608379969169711,4.421223723138074,-0.18715624603163672,0.18715624603163672,True
2025-12-06 13:00:00,development,50.269148318364365,4.07573641008851,4.2296234168169855,0.15388700672847566,0.15388700672847566,True
2025-12-07 09:00:00,development,47.263592858142815,4.803088924106678,4.808193275718478,0.00510435161180034,0.00510435161180034,True
2025-12-07 09:00:00,development,47.55187116878182,4.848430512097718,4.637481855455225,-0.21094865664249252,0.21094865664249252,True
2025-12-07 10:00:00,development,51.75206915422868,5.083908340417082,4.748480922476968,-0.33542741794011377,0.33542741794011377,True
2025-12-07 10:00:00,development,49.7694548159507,4.985802023785979,4.869972808743409,-0.11582921504257015,0.11582921504257015,True
2025-12-07 10:00:00,development,50.58656932133525,4.95248289738295,4.874447757185496,-0.07803514019745439,0.07803514019745439,True
2025-12-07 10:00:00,development,47.91417471391536,4.917312708401987,4.713121505047401,-0.2041912033545854,0.2041912033545854,True
2025-12-07 10:00:00,development,49.33327877333456,4.917312708401987,4.870538630287886,-0.04677407811410106,0.04677407811410106,True
2025-12-07 10:00:00,development,46.98301018750684,4.872887206531296,4.858624575048103,-0.0142626314831924,0.0142626314831924,True
2025-12-07 10:00:00,development,49.24212826822848,4.060674157194761,4.669863410650298,0.6091892534555372,0.6091892534555372,True
2025-12-07 10:00:00,development,49.20177469502543,4.088726366972711,4.749863573541868,0.6611372065691565,0.6611372065691565,True
2025-12-07 11:00:00,development,52.120878270328944,5.111949979811548,4.886995230411136,-0.22495474940041227,0.22495474940041227,True
2025-12-07 11:00:00,development,51.71577406114563,4.289850910376558,4.370186775680676,0.08033586530411796,0.08033586530411796,True
2025-12-07 11:00:00,development,50.60326250769809,5.025237114383252,4.852693952176082,-0.1725431622071696,0.1725431622071696,True
2025-12-07 12:00:00,development,49.70912004123996,4.4886751242296405,4.397757083252449,-0.0909180409771917,0.0909180409771917,True
2025-12-08 08:00:00,development,47.59493577860202,4.089653620513243,0.0,-4.089653620513243,4.089653620513243,False
2025-12-08 09:00:00,development,48.4240253360551,4.849123809835895,4.790938994856544,-0.05818481497935046,0.05818481497935046,True
2025-12-08 09:00:00,development,48.43134083607551,4.041583949605286,4.660533204758974,0.6189492551536881,0.6189492551536881,True
2025-12-08 10:00:00,development,48.86574047940653,4.762597662772883,4.750241441233699,-0.01235622153918392,0.01235622153918392,True
2025-12-08 10:00:00,development,51.08620225195647,4.70080347068523,4.642763703967996,-0.058039766717233654,0.058039766717233654,True
2025-12-08 10:00:00,development,50.13674336341708,4.783584369519623,4.669191702928231,-0.11439266659139236,0.11439266659139236,True
2025-12-08 10:00:00,development,49.62589956855593,4.805737004418969,4.768190822874503,-0.03754618154446554,0.03754618154446554,True
2025-12-08 10:00:00,development,47.75170865663735,4.833719280081301,4.767716583465407,-0.06600269661589397,0.06600269661589397,True
2025-12-08 10:00:00,development,46.954695969667945,4.833719280081301,4.692479270109544,-0.14124000997175656,0.14124000997175656,True
2025-12-08 10:00:00,development,48.68935368030988,4.805737004418969,4.761440884050823,-0.044296120368145786,0.044296120368145786,True
2025-12-08 11:00:00,development,51.0612650775165,4.683140892874782,4.676024180197385,-0.007116712677396997,0.007116712677396997,True
2025-12-08 11:00:00,development,51.00784197466327,4.696145131655023,4.552651341622563,-0.1434937900324602,0.1434937900324602,True
2025-12-08 11:00:00,development,50.004937054343046,4.737758695751776,4.626516789901111,-0.1112419058506644,0.1112419058506644,True
2025-12-08 11:00:00,development,49.11186096516976,4.033084457161635,4.339794116565962,0.3067096594043264,0.3067096594043264,True
2025-12-08 15:00:00,development,47.71999808516272,4.171977299786196,4.101122159099747,-0.07085514068644905,0.07085514068644905,True
2025-12-09 08:00:00,development,48.06226764873805,4.000864005799471,0.0,-4.000864005799471,4.000864005799471,False
2025-12-09 09:00:00,development,47.85010598800388,4.819987688295043,4.788548339022949,-0.031439349272094574,0.031439349272094574,True
2025-12-09 10:00:00,development,48.61494247629896,4.867097757765617,4.732339860374211,-0.1347578973914061,0.1347578973914061,True
2025-12-09 10:00:00,development,52.18273182049235,4.91811455935828,4.785350293167789,-0.13276426619049086,0.13276426619049086,True
2025-12-09 10:00:00,development,50.019855472146205,4.8772322990144445,4.833210498721527,-0.044021800292917135,0.044021800292917135,True
2025-12-09 10:00:00,development,46.9209232616921,4.848691853114051,4.795058565303688,-0.053633287810362695,0.053633287810362695,True
2025-12-09 10:00:00,development,46.902329163767135,4.8320541314489205,4.786277475252383,-0.04577665619653715,0.04577665619653715,True
2025-12-09 10:00:00,development,47.10565683825595,4.835804131448921,4.810577678918375,-0.02522645253054545,0.02522645253054545,True
2025-12-09 10:00:00,development,48.82808384944157,4.854316853114042,4.827205172676779,-0.02711168043726353,0.02711168043726353,True
2025-12-09 11:00:00,development,50.207160961003375,4.929799898708062,4.514834767805105,-0.4149651309029565,0.4149651309029565,True
2025-12-09 11:00:00,development,52.212814580286455,4.923071457876056,4.767529510031479,-0.15554194784457742,0.15554194784457742,True
2025-12-09 11:00:00,development,49.371244163456375,4.895540447213694,4.715752147209838,-0.17978830000385582,0.17978830000385582,True
2025-12-09 11:00:00,development,48.36026562441671,4.866443060218515,4.805866279531194,-0.0605767806873212,0.0605767806873212,True
2025-12-09 13:00:00,development,49.13494449481905,4.303687785205085,4.363100562740012,0.05941277753492713,0.05941277753492713,True
2025-12-09 14:00:00,development,48.55032637078418,4.079535738025061,4.1309915919658176,0.051455853940756136,0.051455853940756136,True
2025-12-10 09:00:00,development,46.63915003469579,4.966287842771301,4.766288142385786,-0.19999970038551496,0.19999970038551496,True
2025-12-10 09:00:00,development,49.71545350050184,4.038934816279635,4.59009415398113,0.5511593377014945,0.5511593377014945,True
2025-12-10 09:00:00,development,47.77760061173338,4.038934816279635,4.493638962409758,0.45470414613012267,0.45470414613012267,True
2025-12-10 10:00:00,development,49.93118048423341,5.028871059420368,4.86898661827182,-0.15988444114854783,0.15988444114854783,True
2025-12-10 10:00:00,development,48.90882010907775,5.013691652273909,4.636207265506112,-0.3774843867677973,0.3774843867677973,True
2025-12-10 10:00:00,development,49.70480490126152,4.997668944730453,4.8500811210977215,-0.14758782363273149,0.14758782363273149,True
2025-12-10 10:00:00,development,50.31515439979231,5.073565980462639,4.420984321956966,-0.6525816585056736,0.6525816585056736,True
2025-12-10 10:00:00,development,50.245113413473874,4.078943589225329,4.236860674861651,0.15791708563632234,0.15791708563632234,True
2025-12-10 10:00:00,development,47.664925902399794,4.997668944730453,4.95541322205118,-0.0422557226792728,0.0422557226792728,True
2025-12-10 11:00:00,development,52.35750786708618,5.086341089157664,4.782734450227285,-0.3036066389303791,0.3036066389303791,True
2025-12-10 11:00:00,development,51.40331568521256,5.076935295411332,4.575049356843025,-0.5018859385683063,0.5018859385683063,True
2025-12-10 11:00:00,development,48.37991908357012,5.046836755423065,4.566637736311162,-0.480199019111903,0.480199019111903,True
2025-12-10 12:00:00,development,48.952984792771005,4.437023708362009,4.327279793534013,-0.10974391482799639,0.10974391482799639,True
2025-12-10 12:00:00,development,50.45763503284153,4.048009569692606,4.348164706380275,0.30015513668766847,0.30015513668766847,True
2025-12-11 08:00:00,development,48.120525513117606,4.113759913529375,0.0,-4.113759913529375,4.113759913529375,False
2025-12-11 08:00:00,development,47.74593840565776,4.113759913529375,0.0,-4.113759913529375,4.113759913529375,False
2025-12-11 09:00:00,development,49.29325061159359,4.009054922202964,0.0,-4.009054922202964,4.009054922202964,False
2025-12-11 09:00:00,development,50.16084521665747,4.0549395855866806,4.500873153870494,0.44593356828381303,0.44593356828381303,True
2025-12-11 09:00:00,development,47.28505853307146,5.098300250516296,4.9289153158935095,-0.16938493462278625,0.16938493462278625,True
2025-12-11 09:00:00,development,48.27699341885567,4.009054922202964,0.0,-4.009054922202964,4.009054922202964,False
2025-12-11 10:00:00,development,49.74022581215395,5.154652227296459,4.959267498077671,-0.19538472921878824,0.19538472921878824,True
2025-12-11 10:00:00,development,51.91260557255096,4.081319221985652,0.0,-4.081319221985652,4.081319221985652,False
2025-12-11 10:00:00,development,49.08430352843248,5.172696971126726,4.960420187929799,-0.212276783196927,0.212276783196927,True
2025-12-11 10:00:00,development,50.92116818301006,5.225828716849122,4.624007553725511,-0.6018211631236108,0.6018211631236108,True
2025-12-11 11:00:00,development,51.0940046351846,5.241015315481171,4.776953163755388,-0.46406215172578325,0.46406215172578325,True
2025-12-11 11:00:00,development,50.57657904588535,5.229834039622681,4.753409987110164,-0.47642405251251674,0.47642405251251674,True
2025-12-11 11:00:00,development,47.82077828439545,4.401364872374145,4.760587419405079,0.35922254703093337,0.35922254703093337,True
2025-12-11 11:00:00,development,49.0787158980903,4.401364872374145,4.410785912765606,0.009421040391460522,0.009421040391460522,True
2025-12-11 13:00:00,development,50.90799593752892,4.162425340725726,0.0,-4.162425340725726,4.162425340725726,False
2025-12-11 13:00:00,development,50.85357061849535,4.162425340725726,4.247600535812154,0.08517519508642835,0.08517519508642835,True
2025-12-12 08:00:00,development,48.06095894212461,4.065457508318655,0.0,-4.065457508318655,4.065457508318655,False
2025-12-12 08:00:00,development,48.529764162494565,4.065457508318655,0.0,-4.065457508318655,4.065457508318655,False
2025-12-12 09:00:00,development,46.97952058204679,5.193628663448138,4.865401042344493,-0.328227621103645,0.328227621103645,True
2025-12-12 09:00:00,development,46.32123259302273,5.193628663448138,4.908749012399297,-0.2848796510488407,0.2848796510488407,True
2025-12-12 10:00:00,development,51.35023682523336,5.246824113194997,4.899572275662426,-0.3472518375325704,0.3472518375325704,True
2025-12-12 10:00:00,development,49.45956510153077,5.223461895372566,5.059713962877927,-0.1637479324946387,0.1637479324946387,True
2025-12-12 10:00:00,development,50.32002384871485,5.219494726308408,5.059809093629814,-0.15968563267859448,0.15968563267859448,True
2025-12-12 10:00:00,development,48.32452107463348,5.215527557244201,4.989379642270047,-0.22614791497415343,0.22614791497415343,True
2025-12-12 10:00:00,development,47.10910530963123,4.357225403847252,5.000746206901903,0.6435208030546509,0.6435208030546509,True
2025-12-12 10:00:00,development,48.11025018639607,4.357225403847252,4.369720638317136,0.012495234469883876,0.012495234469883876,True
2025-12-12 11:00:00,development,51.94390931188318,5.2535017147004766,4.460464434224871,-0.7930372804756054,0.7930372804756054,True
2025-12-12 11:00:00,development,52.41709730339247,5.248585267883463,4.595394239539023,-0.6531910283444402,0.6531910283444402,True
2025-12-12 12:00:00,development,49.37286334251253,4.642030684021059,4.584943531926712,-0.057087152094347005,0.057087152094347005,True
2025-12-12 12:00:00,development,50.2165856657238,4.642030684021059,4.446112436470585,-0.19591824755047327,0.19591824755047327,True
2025-12-12 13:00:00,development,50.20981495546449,4.532268199471375,4.2775124948167305,-0.25475570465464425,0.25475570465464425,True
2025-12-12 13:00:00,development,50.05445484024581,4.532268199471375,4.262965230153564,-0.2693029693178106,0.2693029693178106,True
2025-12-13 09:00:00,development,47.74003328771726,5.158045075085568,4.929536679141227,-0.22850839594434103,0.22850839594434103,True
2025-12-13 09:00:00,development,46.571031862472495,5.158045075085568,4.969558628663084,-0.18848644642248402,0.18848644642248402,True
2025-12-13 09:00:00,development,47.90888993094361,4.296133879478255,4.793878214903001,0.4977443354247457,0.4977443354247457,True
2025-12-13 09:00:00,development,49.20984901682679,4.296133879478255,4.709471119089722,0.41333723961146696,0.41333723961146696,True
2025-12-13 10:00:00,development,49.9340956467785,5.116507276803588,4.906229394918276,-0.21027788188531282,0.21027788188531282,True
2025-12-13 10:00:00,development,48.9656290255752,5.122030897870086,4.936613369650399,-0.1854175282196877,0.1854175282196877,True
2025-12-13 10:00:00,development,50.38012760921212,5.127554518936552,4.930276496199574,-0.19727802273697836,0.19727802273697836,True
2025-12-13 10:00:00,development,51.20398362259024,5.083979286078844,4.814907403785136,-0.2690718822937086,0.2690718822937086,True
2025-12-13 11:00:00,development,51.92445935164172,5.074681840027935,4.578992350872415,-0.49568948915552014,0.49568948915552014,True
2025-12-13 11:00:00,development,52.396863150755145,5.081527171994182,0.0,-5.081527171994182,5.081527171994182,False
2025-12-13 11:00:00,development,50.05746016214576,4.370616323115126,4.745133860619797,0.374517537504671,0.374517537504671,True
2025-12-13 11:00:00,development,49.67703397595037,4.370616323115126,4.421334522550303,0.050718199435177524,0.050718199435177524,True
2025-12-13 12:00:00,development,51.26964130053592,4.557124480637548,4.425282313954744,-0.13184216668280424,0.13184216668280424,True
2025-12-13 12:00:00,development,50.57025320897365,4.557124480637548,4.36418241263101,-0.19294206800653857,0.19294206800653857,True
2025-12-14 08:00:00,development,47.08550807795916,4.271988846937269,4.146230060550655,-0.12575878638661386,0.12575878638661386,True
2025-12-14 08:00:00,development,47.23196485637789,4.271988846937269,4.15257839940992,-0.11941044752734875,0.11941044752734875,True
2025-12-14 09:00:00,development,46.60679969247726,5.099340972349996,4.808254584988405,-0.29108638736159076,0.29108638736159076,True
2025-12-14 09:00:00,development,47.89834259636552,5.099340972349996,4.86221197561569,-0.23712899673430599,0.23712899673430599,True
2025-12-14 10:00:00,development,50.98935301575484,5.061090657792647,4.751034145479843,-0.31005651231280407,0.31005651231280407,True
2025-12-14 10:00:00,development,48.85816148277282,5.077889316037229,4.928834542156946,-0.149054773880283,0.149054773880283,True
2025-12-14 10:00:00,development,48.7703280563853,5.0807419183806815,4.859792103357819,-0.2209498150228626,0.2209498150228626,True
2025-12-14 10:00:00,development,49.86216905695181,5.083594520724102,4.876506525306854,-0.20708799541724776,0.20708799541724776,True
2025-12-14 10:00:00,development,49.438130545098346,4.208950075567241,4.824256434315335,0.6153063587480938,0.6153063587480938,True
2025-12-14 10:00:00,development,47.941999070267954,4.208950075567241,4.347166623618697,0.13821654805145567,0.13821654805145567,True
2025-12-14 11:00:00,development,52.920933615925854,5.056289112561096,4.928884981175643,-0.12740413138545303,0.12740413138545303,True
2025-12-14 11:00:00,development,51.70269260145384,5.059824295328603,4.85392007572541,-0.20590421960319283,0.20590421960319283,True
2025-12-14 11:00:00,development,50.4613684105783,4.305136295521731,4.57755394929447,0.27241765377273897,0.27241765377273897,True
2025-12-14 11:00:00,development,49.22751889006819,4.305136295521731,4.740768896343069,0.4356326008213385,0.4356326008213385,True
2025-12-14 14:00:00,development,47.50364251142708,4.23815034226412,4.168063162088733,-0.07008718017538751,0.07008718017538751,True
2025-12-14 14:00:00,development,48.15476611980651,4.23815034226412,4.184258336397998,-0.053892005866122084,0.053892005866122084,True
2025-12-15 09:00:00,development,46.8532061628949,5.0230471919807975,4.795370285868354,-0.2276769061124435,0.2276769061124435,True
2025-12-15 09:00:00,development,49.680119782822274,5.0230471919807975,4.856564241282579,-0.16648295069821817,0.16648295069821817,True
2025-12-15 09:00:00,development,48.68771110756816,4.084041256455677,4.493694172120639,0.409652915664962,0.409652915664962,True
2025-12-15 09:00:00,development,49.17023438975342,4.084041256455677,4.660804845487523,0.5767635890318461,0.5767635890318461,True
2025-12-15 10:00:00,development,50.253618521071466,4.9842445085714,4.904450248889551,-0.07979425968184817,0.07979425968184817,True
2025-12-15 10:00:00,development,50.70708364967891,4.943246636074761,4.791725732631221,-0.15152090344354008,0.15152090344354008,True
2025-12-15 10:00:00,development,49.950462963524615,4.978293204499295,4.599405130536538,-0.3788880739627567,0.3788880739627567,True
2025-12-15 10:00:00,development,48.66112944545695,4.990195812643503,4.945146895650968,-0.04504891699253477,0.04504891699253477,True
2025-12-15 10:00:00,development,50.4916012539271,4.060612526816829,4.3994482315402905,0.33883570472346136,0.33883570472346136,True
2025-12-15 10:00:00,development,51.48540364105074,4.060612526816829,0.0,-4.060612526816829,4.060612526816829,False
2025-12-15 11:00:00,development,50.57761448777234,4.933229307247011,4.804042347739702,-0.12918695950730896,0.12918695950730896,True
2025-12-15 11:00:00,development,51.32366225146198,4.940604659668061,4.6421231933394855,-0.29848146632857553,0.29848146632857553,True
2025-12-15 12:00:00,development,50.06838109202156,4.008769614904605,0.0,-4.008769614904605,4.008769614904605,False
2025-12-15 12:00:00,development,50.40285646483403,4.008769614904605,4.363729781033849,0.35496016612924475,0.35496016612924475,True
2025-12-16 09:00:00,development,47.759679865499,4.797353126988149,4.637502660803565,-0.15985046618458387,0.15985046618458387,True
2025-12-16 09:00:00,development,46.86109454156804,4.838494725897931,4.669326046097468,-0.16916867980046302,0.16916867980046302,True
2025-12-16 09:00:00,development,45.52735431243406,4.838494725897931,4.674637670380358,-0.1638570555175729,0.1638570555175729,True
2025-12-16 09:00:00,development,47.4219677916002,4.797353126988149,4.665279837107605,-0.13207328988054368,0.13207328988054368,True
2025-12-16 10:00:00,development,50.86210447825852,4.655258499204685,4.621967047036054,-0.03329145216863072,0.03329145216863072,True
2025-12-16 10:00:00,development,48.9822048784841,4.674153985049383,4.520829546070841,-0.15332443897854198,0.15332443897854198,True
2025-12-16 10:00:00,development,49.54631076359416,4.693049470894081,4.600674153711598,-0.09237531718248349,0.09237531718248349,True
2025-12-16 10:00:00,development,50.49355359884476,4.543985082563701,4.600411436233661,0.05642635366996007,0.05642635366996007,True
2025-12-16 10:00:00,development,50.31091703863744,4.749735928428159,4.678095713501532,-0.0716402149266262,0.0716402149266262,True
2025-12-16 10:00:00,development,47.38542939513112,4.749735928428159,4.595106362273925,-0.15462956615423362,0.15462956615423362,True
2025-12-16 11:00:00,development,52.12176638019006,4.512179902930171,4.503041030862405,-0.009138872067766535,0.009138872067766535,True
2025-12-16 11:00:00,development,52.5033646258804,4.535596765114235,4.546022754580535,0.01042598946629969,0.01042598946629969,True
2025-12-16 11:00:00,development,48.4766576081276,4.049181641271442,4.328282375796017,0.27910073452457507,0.27910073452457507,True
2025-12-16 11:00:00,development,47.60953546935645,4.049181641271442,4.297507590865831,0.24832594959438925,0.24832594959438925,True
2025-12-17 09:00:00,development,47.60711997547606,4.849646679879001,4.787803821915437,-0.0618428579635637,0.0618428579635637,True
2025-12-17 09:00:00,development,46.104449889809736,4.849646679879001,4.812002029249617,-0.03764465062938438,0.03764465062938438,True
2025-12-17 09:00:00,development,47.181994758711646,4.817216326283219,4.791782915462462,-0.02543341082075745,0.02543341082075745,True
2025-12-17 09:00:00,development,46.44532813370603,4.817216326283219,4.830020278559566,0.012803952276346564,0.012803952276346564,True
2025-12-17 10:00:00,development,49.02255020128808,4.961654456562265,4.826796966091684,-0.13485749047058082,0.13485749047058082,True
2025-12-17 10:00:00,development,49.34902905682328,4.946759865599688,4.862541947276719,-0.08421791832296943,0.08421791832296943,True
2025-12-17 10:00:00,development,49.71418061953831,4.931865274637111,4.783437152813194,-0.14842812182391718,0.14842812182391718,True
2025-12-17 10:00:00,development,50.848850506953326,5.049367047786326,4.773537511467465,-0.2758295363188612,0.2758295363188612,True
2025-12-17 10:00:00,development,49.05319818417574,4.887181501749371,4.402239987033697,-0.4849415147156737,0.4849415147156737,True
2025-12-17 10:00:00,development,49.789710278609256,4.887181501749371,4.768436711181012,-0.11874479056835874,0.11874479056835874,True
2025-12-17 10:00:00,development,48.83494711634626,4.0781152812855765,4.429866510640292,0.3517512293547158,0.3517512293547158,True
2025-12-17 10:00:00,development,46.98184803713627,4.0781152812855765,4.668928268834859,0.590812987549282,0.590812987549282,True
2025-12-17 11:00:00,development,51.34959811103483,5.074437858086,4.816912651780571,-0.25752520630542897,0.25752520630542897,True
2025-12-17 11:00:00,development,51.05481517318483,5.0559792385656905,4.8343837157011125,-0.22159552286457807,0.22159552286457807,True
2025-12-18 09:00:00,development,49.39588467113828,4.912250278379162,4.849875858429829,-0.06237441994933235,0.06237441994933235,True
2025-12-18 09:00:00,development,48.55010140456193,4.912250278379162,4.837923079212804,-0.07432719916635744,0.07432719916635744,True
2025-12-18 09:00:00,development,46.277767905627314,4.915795791418603,4.822828921926857,-0.09296686949174582,0.09296686949174582,True
2025-12-18 09:00:00,development,46.5505715250235,4.915795791418603,4.854972545595742,-0.060823245822860805,0.060823245822860805,True
2025-12-18 09:00:00,development,49.109234266709166,4.085189908149218,4.747537511973899,0.6623476038246814,0.6623476038246814,True
2025-12-18 09:00:00,development,47.914371941359626,4.085189908149218,4.785917239029673,0.7007273308804551,0.7007273308804551,True
2025-12-18 10:00:00,development,49.11459600085872,4.90000480496564,4.8687580434527975,-0.031246761512842447,0.031246761512842447,True
2025-12-18 10:00:00,development,50.267772189997714,4.901633185806997,4.837537374223283,-0.06409581158371402,0.06409581158371402,True
2025-12-18 10:00:00,development,49.38293508184066,4.903261566648396,4.717183198654294,-0.18607836799410205,0.18607836799410205,True
2025-12-18 10:00:00,development,50.79918145196035,4.890415451121882,4.848191186770561,-0.04222426435132132,0.04222426435132132,True
2025-12-18 10:00:00,development,50.08041768572914,4.908146709172577,4.817164248176573,-0.09098246099600438,0.09098246099600438,True
2025-12-18 10:00:00,development,47.86872639806988,4.908146709172577,4.871671157011088,-0.03647555216148923,0.03647555216148923,True
2025-12-18 11:00:00,development,53.12351094178542,4.887674534820611,4.862173337562641,-0.025501197257970176,0.025501197257970176,True
2025-12-18 11:00:00,development,51.9741271012438,4.889692560187065,4.881986899519581,-0.0077056606674839045,0.0077056606674839045,True
2025-12-19 08:00:00,development,48.15629514781519,4.075577457797298,0.0,-4.075577457797298,4.075577457797298,False
2025-12-19 08:00:00,development,48.43023327035206,4.071827457797298,4.09591762932448,0.02409017152718196,0.02409017152718196,True
2025-12-19 09:00:00,development,48.17402770330391,4.879095474035008,4.756350581178344,-0.12274489285666412,0.12274489285666412,True
2025-12-19 09:00:00,development,47.55418705405975,4.885845474034998,4.7766087831776485,-0.10923669085734922,0.10923669085734922,True
2025-12-19 09:00:00,development,47.17823100790595,4.878425851278571,4.782122277387302,-0.09630357389126942,0.09630357389126942,True
2025-12-19 09:00:00,development,46.29793562311507,4.882925851278571,4.814025280529505,-0.06890057074906597,0.06890057074906597,True
2025-12-19 10:00:00,development,51.58374766142736,4.89070079390239,0.0,-4.89070079390239,4.89070079390239,False
2025-12-19 10:00:00,development,49.742040293633295,4.882804251035324,4.802468504848852,-0.08033574618647243,0.08033574618647243,True
2025-12-19 10:00:00,development,48.75492029978791,4.884088328661644,4.86248000574974,-0.021608322911903954,0.021608322911903954,True
2025-12-19 10:00:00,development,50.50749083162295,4.885372406288017,4.819334659654861,-0.06603774663315587,0.06603774663315587,True
2025-12-19 10:00:00,development,48.86742133599533,4.876099639167062,4.847543588242865,-0.02855605092419733,0.02855605092419733,True
2025-12-19 10:00:00,development,48.497551929601975,4.881349639167063,4.8461618158807855,-0.0351878232862779,0.0351878232862779,True
2025-12-19 11:00:00,development,52.34139602628063,4.886582855579391,4.522108988575855,-0.3644738670035359,0.3644738670035359,True
2025-12-19 11:00:00,development,53.23070143585607,4.887921072723863,4.698172640741112,-0.1897484319827507,0.1897484319827507,True
2025-12-19 14:00:00,development,47.142597160194526,4.087055497099019,4.164177319205762,0.07712182210674268,0.07712182210674268,True
2025-12-19 14:00:00,development,48.120463667995566,4.089305497099019,4.180443036304157,0.09113753920513812,0.09113753920513812,True
2025-12-20 09:00:00,mid,47.25581748266712,4.011384736405699,4.266418241708736,0.2550335053030377,0.2550335053030377,True
2025-12-20 09:00:00,mid,47.03220663091484,4.020384736405685,4.264943805670066,0.24455906926438153,0.24455906926438153,True
2025-12-20 09:00:00,mid,46.297584075327805,4.18514067254948,4.46140969348034,0.2762690209308607,0.2762690209308607,True
2025-12-20 09:00:00,mid,45.91454188846864,4.19114067254948,4.370818114481523,0.17967744193204283,0.17967744193204283,True
2025-12-20 10:00:00,mid,47.94098920950086,4.15160675334824,4.346620242320038,0.1950134889717985,0.1950134889717985,True
2025-12-20 10:00:00,mid,49.1712288817567,4.15685675334824,0.0,-4.15685675334824,4.15685675334824,False
2025-12-20 11:00:00,mid,50.35500700203279,4.868140299796501,4.8922919211133165,0.024151621316815586,0.024151621316815586,True
2025-12-20 11:00:00,mid,47.34753790363836,4.965379032997173,4.561636894234762,-0.4037421387624116,0.4037421387624116,True
2025-12-20 11:00:00,mid,48.79272642122512,5.016591742408629,4.936022907777296,-0.08056883463133246,0.08056883463133246,True
2025-12-20 11:00:00,mid,47.28408983425549,5.067804451820081,4.640132999163605,-0.427671452656476,0.427671452656476,True
2025-12-20 12:00:00,mid,51.13815131960062,4.618643408497562,4.421555463645848,-0.197087944851714,0.197087944851714,True
2025-12-20 12:00:00,mid,49.794356152161576,4.689854302885998,4.429139501326034,-0.2607148015599634,0.2607148015599634,True
2025-12-20 13:00:00,mid,47.06441141710751,4.012079545141372,4.357363976599588,0.3452844314582162,0.3452844314582162,True
2025-12-20 13:00:00,mid,48.064114506181085,4.016579545141372,4.347038703387303,0.3304591582459304,0.3304591582459304,True
2025-12-21 08:00:00,mid,46.56842247698744,4.06962928342282,4.1876112225745885,0.11798193915176824,0.11798193915176824,True
2025-12-21 08:00:00,mid,46.03280150199571,4.07037928342282,0.0,-4.07037928342282,4.07037928342282,False
2025-12-21 09:00:00,mid,45.01144434174317,4.813408019978613,4.718787919965096,-0.0946201000135174,0.0946201000135174,True
2025-12-21 09:00:00,mid,44.986992362269206,4.838158019978611,4.727143525310901,-0.1110144946677094,0.1110144946677094,True
2025-12-21 10:00:00,mid,46.04820052662899,4.622539401772627,4.584338788862823,-0.03820061290980448,0.03820061290980448,True
2025-12-21 10:00:00,mid,48.212190124417575,4.656289401772629,4.594488796049014,-0.06180060572361423,0.06180060572361423,True
2025-12-21 11:00:00,mid,51.327251379229445,4.218048079408376,0.0,-4.218048079408376,4.218048079408376,False
2025-12-21 11:00:00,mid,50.57254013624299,4.333364556003879,4.472308545258417,0.1389439892545381,0.1389439892545381,True
2025-12-21 11:00:00,mid,49.81412431640774,4.3780715991993695,4.392158655629825,0.014087056430455824,0.014087056430455824,True
2025-12-21 11:00:00,mid,48.83354018842752,4.422778642394839,4.435526914880634,0.01274827248579502,0.01274827248579502,True
2025-12-21 12:00:00,mid,50.47084432566564,4.112010162141644,4.307458172320931,0.19544801017928748,0.19544801017928748,True
2025-12-21 12:00:00,mid,51.38015420877954,4.165660520900893,0.0,-4.165660520900893,4.165660520900893,False
2025-12-21 13:00:00,mid,46.52294858020613,4.300820154048274,4.273620198478034,-0.027199955570239354,0.027199955570239354,True
2025-12-21 13:00:00,mid,46.14575118019782,4.369820154048281,4.28778556058338,-0.0820345934649005,0.0820345934649005,True
2025-12-22 08:00:00,mid,45.36105974319792,4.168355687352392,4.168688342844744,0.00033265549235217406,0.00033265549235217406,True
2025-12-22 08:00:00,mid,44.81603361410974,4.260605687352395,4.186197009256468,-0.074408678095927,0.074408678095927,True
2025-12-22 09:00:00,mid,47.193483440921085,4.257380304273703,0.0,-4.257380304273703,4.257380304273703,False
2025-12-22 09:00:00,mid,47.42854776157669,4.380005304273698,4.499408080680618,0.11940277640691921,0.11940277640691921,True
2025-12-22 10:00:00,mid,49.86497053183105,4.394735502403957,4.537557410502598,0.14282190809864037,0.14282190809864037,True
2025-12-22 10:00:00,mid,47.639236252936335,4.46298550240396,4.615745821554523,0.15276031915056265,0.15276031915056265,True
2025-12-22 11:00:00,mid,49.89954614233683,4.657243164264628,4.577458570864376,-0.07978459340025168,0.07978459340025168,True
2025-12-22 11:00:00,mid,48.350290931479904,4.598325021788376,4.606209115305318,0.007884093516941526,0.007884093516941526,True
2025-12-22 11:00:00,mid,47.88063578421266,4.614945054198039,4.618657364744931,0.003712310546892361,0.003712310546892361,True
2025-12-22 11:00:00,mid,50.05823469753453,4.631565086607747,4.611796104995431,-0.019768981612315883,0.019768981612315883,True
2025-12-22 12:00:00,mid,52.02227091191821,4.754931239653772,0.0,-4.754931239653772,4.754931239653772,False
2025-12-22 12:00:00,mid,49.70859347482872,4.76442245672969,4.407777269645116,-0.35664518708457393,0.35664518708457393,True
2025-12-22 12:00:00,mid,47.31259995079135,4.1448182219720735,4.388729954878027,0.24391173290595347,0.24391173290595347,True
2025-12-22 12:00:00,mid,46.48081703709955,4.180068221972075,4.350111019307984,0.17004279733590888,0.17004279733590888,True
2025-12-22 14:00:00,mid,47.51076338004283,4.282850122397701,0.0,-4.282850122397701,4.282850122397701,False
2025-12-22 14:00:00,mid,46.68795528937528,4.294850122397701,4.1894534822627,-0.10539664013500083,0.10539664013500083,True
2025-12-23 09:00:00,mid,46.32776502611485,4.531182954069703,4.52557190119629,-0.005611052873412348,0.005611052873412348,True
2025-12-23 09:00:00,mid,47.49966236724287,4.602057954069689,4.585433882200724,-0.016624071868965196,0.016624071868965196,True
2025-12-23 10:00:00,mid,46.416276685167695,4.5465591271156285,4.609499026152844,0.06293989903721542,0.06293989903721542,True
2025-12-23 10:00:00,mid,47.48051668118666,4.59005912711563,4.688308738256392,0.09824961114076203,0.09824961114076203,True
2025-12-23 11:00:00,mid,48.50015964843947,4.503773767234812,4.587920946719084,0.08414717948427164,0.08414717948427164,True
2025-12-23 11:00:00,mid,49.46978731196149,4.532076080092306,4.597351516030629,0.06527543593832252,0.06527543593832252,True
2025-12-23 11:00:00,mid,49.3801925351674,4.5603783929498505,4.695077878113168,0.13469948516331787,0.13469948516331787,True
2025-12-23 11:00:00,mid,51.08805641542884,4.460771258184927,0.0,-4.460771258184927,4.460771258184927,False
2025-12-23 12:00:00,mid,49.5848965757876,4.465640483997831,4.402876416938845,-0.06276406705898552,0.06276406705898552,True
2025-12-23 12:00:00,mid,49.407143363989285,4.494665384623403,4.298183125356828,-0.19648225926657492,0.19648225926657492,True
2025-12-23 12:00:00,mid,45.91114959767396,4.576984410754193,4.46933568786362,-0.10764872289057248,0.10764872289057248,True
2025-12-23 12:00:00,mid,45.32272279785872,4.618234410754194,4.431113180325543,-0.18712123042865159,0.18712123042865159,True
2025-12-23 13:00:00,mid,48.906740438715495,4.219934085944253,4.301611167674402,0.08167708173014887,0.08167708173014887,True
2025-12-23 13:00:00,mid,47.38814477875098,4.260434085944254,4.30742106686068,0.046986980916425836,0.046986980916425836,True
2025-12-24 09:00:00,mid,45.66763818822559,4.333195410606159,4.456442450242705,0.1232470396365466,0.1232470396365466,True
2025-12-24 09:00:00,mid,46.09956889334981,4.424320410606157,4.452285896645105,0.027965486038947773,0.027965486038947773,True
2025-12-24 10:00:00,mid,48.99072787138652,4.275197861147664,0.0,-4.275197861147664,4.275197861147664,False
2025-12-24 10:00:00,mid,48.021179637340296,4.200197861147661,4.585887833359899,0.385689972212238,0.385689972212238,True
2025-12-24 11:00:00,mid,48.3271119616823,4.189494120763044,4.398287133779017,0.2087930130159732,0.2087930130159732,True
2025-12-24 11:00:00,mid,50.04939355416098,4.096484637779341,4.418367115151703,0.32188247737236253,0.32188247737236253,True
2025-12-24 11:00:00,mid,50.647123245547895,4.142989379271178,4.415717995295197,0.2727286160240192,0.2727286160240192,True
2025-12-24 11:00:00,mid,51.575995387595526,4.065540048993995,0.0,-4.065540048993995,4.065540048993995,False
2025-12-24 12:00:00,mid,51.25808001275181,4.026206494474664,0.0,-4.026206494474664,4.026206494474664,False
2025-12-24 12:00:00,mid,50.9887859167054,4.075751059697453,4.34999078386624,0.2742397241687877,0.2742397241687877,True
2025-12-24 12:00:00,mid,48.18189886255832,4.134987798881063,4.380123521404799,0.2451357225237354,0.2451357225237354,True
2025-12-24 12:00:00,mid,46.663779408837485,4.221987798881067,4.391569204911298,0.16958140603023164,0.16958140603023164,True
2025-12-24 13:00:00,mid,46.99078787402176,4.100337040882081,4.233381803599269,0.13304476271718801,0.13304476271718801,True
2025-12-24 13:00:00,mid,48.25112297473402,4.189587040882085,4.231322487584143,0.04173544670205853,0.04173544670205853,True
2025-12-25 09:00:00,mid,47.82736327738113,4.096783751719045,4.419419948682988,0.3226361969639431,0.3226361969639431,True
2025-12-25 09:00:00,mid,48.10211416623031,4.240783751719036,4.437648337161526,0.19686458544248975,0.19686458544248975,True
2025-12-25 10:00:00,mid,48.132190723855786,4.239582814710225,4.53276934699779,0.29318653228756464,0.29318653228756464,True
2025-12-25 10:00:00,mid,47.17147493288425,4.321332814710221,4.632890826058824,0.3115580113486027,0.3115580113486027,True
2025-12-25 11:00:00,mid,50.60517493367422,4.432779349555808,4.483437601989745,0.05065825243393629,0.05065825243393629,True
2025-12-25 11:00:00,mid,48.61019362828151,4.376288115814127,4.510748926606924,0.13446081079279715,0.13446081079279715,True
2025-12-25 11:00:00,mid,50.05699618773211,4.403820264801386,4.449101829090757,0.04528156428937091,0.04528156428937091,True
2025-12-25 11:00:00,mid,48.22323847180586,4.431352413788634,4.572191307573997,0.14083889378536263,0.14083889378536263,True
2025-12-25 12:00:00,mid,50.69644324730838,4.47300744440296,4.50011330931865,0.027105864915689892,0.027105864915689892,True
2025-12-25 12:00:00,mid,50.97112108031349,4.4968477220080985,4.463406545672728,-0.03344117633537014,0.03344117633537014,True
2025-12-25 12:00:00,mid,47.15752459601212,4.388707442538614,4.436125144568624,0.04741770203001039,0.04741770203001039,True
2025-12-25 12:00:00,mid,45.305850279564,4.458457442538609,4.507230756973366,0.04877331443475619,0.04877331443475619,True
2025-12-25 13:00:00,mid,47.39946766811754,4.437104416582173,4.325592307305451,-0.11151210927672217,0.11151210927672217,True
2025-12-25 13:00:00,mid,47.63634447909897,4.504604416582168,4.360497078761884,-0.14410733782028462,0.14410733782028462,True
2025-12-26 09:00:00,mid,46.37592828237281,5.0479846255512975,4.839706425244678,-0.20827820030661925,0.20827820030661925,True
2025-12-26 09:00:00,mid,47.80591879542143,4.009467928043414,0.0,-4.009467928043414,4.009467928043414,False
2025-12-26 09:00:00,mid,48.29586216317768,4.009467928043414,0.0,-4.009467928043414,4.009467928043414,False
2025-12-26 09:00:00,mid,46.25178222800219,5.0479846255512975,4.945297847509388,-0.1026867780419094,0.1026867780419094,True
2025-12-26 10:00:00,mid,49.273607946985045,4.006004559327259,4.362169315613032,0.35616475628577327,0.35616475628577327,True
2025-12-26 10:00:00,mid,47.92032997017908,4.03398134793326,4.37690527630385,0.34292392837059005,0.34292392837059005,True
2025-12-26 10:00:00,mid,48.49003312199651,4.061958136539236,4.4550566824192845,0.3930985458800489,0.3930985458800489,True
2025-12-26 11:00:00,mid,51.10987310686623,4.318047654748348,4.41931639888215,0.10126874413380182,0.10126874413380182,True
2025-12-26 11:00:00,mid,51.25674326441535,4.321159411161396,0.0,-4.321159411161396,4.321159411161396,False
2025-12-26 11:00:00,mid,50.10420617297976,5.200976806184009,5.021534593070026,-0.17944221311398323,0.17944221311398323,True
2025-12-26 11:00:00,mid,46.67849760403605,4.351654624009278,4.746462557373199,0.3948079333639214,0.3948079333639214,True
2025-12-26 11:00:00,mid,47.7099026008587,4.351654624009278,4.838484378303463,0.4868297542941846,0.4868297542941846,True
2025-12-26 12:00:00,mid,47.11197352485589,4.5452558570608055,4.4283339083937365,-0.11692194866706895,0.11692194866706895,True
2025-12-26 12:00:00,mid,47.43584156766254,4.5452558570608055,4.493109623566384,-0.0521462334944216,0.0521462334944216,True
2025-12-27 08:00:00,mid,48.0696178575887,4.057446254173197,0.0,-4.057446254173197,4.057446254173197,False
2025-12-27 08:00:00,mid,46.29930863256949,4.057446254173197,0.0,-4.057446254173197,4.057446254173197,False
2025-12-27 09:00:00,mid,44.65659495185939,5.1980832400832,4.851601544212333,-0.3464816958708674,0.3464816958708674,True
2025-12-27 09:00:00,mid,44.87157358822018,5.1980832400832,4.826361923604028,-0.3717213164791717,0.3717213164791717,True
2025-12-27 10:00:00,mid,46.47778728852317,5.253852174588147,5.02046716517173,-0.23338500941641716,0.23338500941641716,True
2025-12-27 10:00:00,mid,52.10116319635241,4.035130228921794,0.0,-4.035130228921794,4.035130228921794,False
2025-12-27 10:00:00,mid,49.77395413754018,4.065780708862704,0.0,-4.065780708862704,4.065780708862704,False
2025-12-27 10:00:00,mid,47.58534241195867,5.274058199035821,4.89238166700662,-0.3816765320292008,0.3816765320292008,True
2025-12-27 10:00:00,mid,46.41279718142419,5.263955186812016,4.830484636875153,-0.43347054993686296,0.43347054993686296,True
2025-12-27 10:00:00,mid,46.22455065622226,4.3661554122837245,4.765120857719173,0.3989654454354481,0.3989654454354481,True
2025-12-27 10:00:00,mid,45.762644168633344,4.3661554122837245,4.966855841958904,0.6007004296751797,0.6007004296751797,True
2025-12-27 11:00:00,mid,48.94865026421742,5.3756002558362965,4.989392531663492,-0.38620772417280413,0.38620772417280413,True
2025-12-27 11:00:00,mid,46.803709797415095,4.482196383808404,4.404875124542642,-0.07732125926576217,0.07732125926576217,True
2025-12-27 11:00:00,mid,47.99054499995719,4.482196383808404,4.648695051860543,0.16649866805213964,0.16649866805213964,True
2025-12-27 12:00:00,mid,49.47553840134783,4.0026942822240095,0.0,-4.0026942822240095,4.0026942822240095,False
2025-12-27 12:00:00,mid,49.64559811232768,4.0026942822240095,0.0,-4.0026942822240095,4.0026942822240095,False
2025-12-28 08:00:00,mid,46.44381475874573,4.1078946445765325,4.265137048361008,0.1572424037844753,0.1572424037844753,True
2025-12-28 08:00:00,mid,47.52862723462203,4.1078946445765325,0.0,-4.1078946445765325,4.1078946445765325,False
2025-12-28 09:00:00,mid,47.6619709676981,4.028017366198444,4.245894926537071,0.2178775603386267,0.2178775603386267,True
2025-12-28 09:00:00,mid,48.73753324837693,4.082390623300682,0.0,-4.082390623300682,4.082390623300682,False
2025-12-28 09:00:00,mid,45.30464242771099,4.426754584948206,4.546935275752951,0.12018069080474447,0.12018069080474447,True
2025-12-28 09:00:00,mid,46.74017176601644,4.426754584948206,4.444907404070221,0.018152819122014385,0.018152819122014385,True
2025-12-28 10:00:00,mid,51.1027726070181,4.06568973887974,0.0,-4.06568973887974,4.06568973887974,False
2025-12-28 10:00:00,mid,49.394219743485145,5.447227023518423,4.847711502426358,-0.5995155210920649,0.5995155210920649,True
2025-12-28 10:00:00,mid,50.33091122053152,5.437110172439603,4.899241714845229,-0.5378684575943735,0.5378684575943735,True
2025-12-28 10:00:00,mid,46.51841505410685,5.413841414958313,5.020020728914066,-0.393820686044247,0.393820686044247,True
2025-12-28 10:00:00,mid,48.25492975307604,4.442506756246406,4.952305924332289,0.5097991680858831,0.5097991680858831,True
2025-12-28 10:00:00,mid,47.51793072213778,4.442506756246406,4.550396402863638,0.10788964661723188,0.10788964661723188,True
2025-12-28 11:00:00,mid,48.66365759537312,4.597329628035855,4.799428475915932,0.2020988478800776,0.2020988478800776,True
2025-12-28 11:00:00,mid,49.5509613524719,4.597329628035855,4.786742847972869,0.18941321993701443,0.18941321993701443,True
2025-12-28 12:00:00,mid,49.9051638654725,4.288426906964492,4.273090883473715,-0.015336023490776896,0.015336023490776896,True
2025-12-28 12:00:00,mid,48.1570867912738,4.288426906964492,4.354849448261667,0.0664225412971744,0.0664225412971744,True
2025-12-28 14:00:00,mid,50.08072613343532,4.010170698479296,0.0,-4.010170698479296,4.010170698479296,False
2025-12-28 14:00:00,mid,50.91665246250887,4.073649121552474,0.0,-4.073649121552474,4.073649121552474,False
2025-12-29 08:00:00,mid,44.79955484566092,4.498809342335544,4.325517214608864,-0.1732921277266808,0.1732921277266808,True
2025-12-29 08:00:00,mid,44.01929941337809,4.498809342335544,4.3306136487294165,-0.16819569360612796,0.16819569360612796,True
2025-12-29 09:00:00,mid,46.399785817301705,4.340842926534677,4.436885167338286,0.09604224080360879,0.09604224080360879,True
2025-12-29 09:00:00,mid,45.986930141160336,4.344592926534677,4.5203233567650125,0.17573043023033552,0.17573043023033552,True
2025-12-29 10:00:00,mid,48.717270880885785,5.298254516202697,4.892607208490702,-0.40564730771199464,0.40564730771199464,True
2025-12-29 10:00:00,mid,49.21760017832205,5.301842875803708,4.978384624304474,-0.32345825149923435,0.32345825149923435,True
2025-12-29 10:00:00,mid,49.426021749202526,5.307012055604211,4.534912916099413,-0.7720991395047987,0.7720991395047987,True
2025-12-29 10:00:00,mid,47.54628731460292,5.3077636691453804,4.944714964471619,-0.36304870467376116,0.36304870467376116,True
2025-12-29 10:00:00,mid,47.18546215747244,4.3106852240341205,4.690730520697539,0.38004529666341824,0.38004529666341824,True
2025-12-29 10:00:00,mid,49.76307209183686,4.317435224034121,4.330920265699783,0.013485041665662223,0.013485041665662223,True
2025-12-29 11:00:00,mid,48.88288857338348,4.452946409096068,4.88687465455815,0.43392824546208164,0.43392824546208164,True
2025-12-29 11:00:00,mid,48.80644483632987,4.467571409096067,4.710351598697027,0.24278018960096048,0.24278018960096048,True
2025-12-29 12:00:00,mid,49.88757991758909,4.608520168917991,4.523284553772135,-0.08523561514585598,0.08523561514585598,True
2025-12-29 12:00:00,mid,49.27217683701119,4.562494949136013,4.456594221625355,-0.10590072751065804,0.10590072751065804,True
2025-12-29 14:00:00,mid,46.05541255549812,4.367337216578225,4.22357455801857,-0.14376265855965453,0.14376265855965453,True
2025-12-29 14:00:00,mid,45.31293893432599,4.380837216578225,4.205313640339276,-0.1755235762389491,0.1755235762389491,True
2025-12-30 09:00:00,mid,46.28791203520805,4.962365065558615,4.667230382651899,-0.2951346829067161,0.2951346829067161,True
2025-12-30 09:00:00,mid,45.74092996655181,5.015615065558617,4.672630847012769,-0.3429842185458476,0.3429842185458476,True
2025-12-30 10:00:00,mid,49.10465623430884,4.999162708258659,4.647819646578832,-0.35134306167982654,0.35134306167982654,True
2025-12-30 10:00:00,mid,47.69670603408764,4.993755854493045,4.527175446608046,-0.4665804078849991,0.4665804078849991,True
2025-12-30 10:00:00,mid,49.1109746652277,5.0161774276102165,4.777726051242579,-0.23845137636763702,0.23845137636763702,True
2025-12-30 10:00:00,mid,48.834945574209584,4.984834545779776,4.774075457293056,-0.21075908848672054,0.21075908848672054,True
2025-12-30 10:00:00,mid,49.62790972579485,4.0354417856858085,4.604655676742795,0.5692138910569868,0.5692138910569868,True
2025-12-30 10:00:00,mid,46.70776474281988,4.972669124807165,4.725906682152382,-0.24676244265478342,0.24676244265478342,True
2025-12-30 10:00:00,mid,46.1269347082261,5.022919124807167,4.788388826744597,-0.23453029806257053,0.23453029806257053,True
2025-12-30 11:00:00,mid,50.440605809436136,4.182353943826421,0.0,-4.182353943826421,4.182353943826421,False
2025-12-30 11:00:00,mid,50.99799026258052,4.216062238658356,4.544165963674415,0.3281037250160592,0.3281037250160592,True
2025-12-30 11:00:00,mid,48.34324852180252,5.00765114773942,4.693078626957662,-0.31457252078175824,0.31457252078175824,True
2025-12-30 12:00:00,mid,48.13168786417319,4.009005479115093,4.444735493333323,0.43573001421823054,0.43573001421823054,True
2025-12-30 12:00:00,mid,47.65931253036831,4.052505479115094,4.502271059103577,0.4497655799884823,0.4497655799884823,True
2025-12-31 08:00:00,mid,45.34996700022816,4.312621332474162,4.288221273968663,-0.02440005850549909,0.02440005850549909,True
2025-12-31 08:00:00,mid,45.046669556623975,4.312621332474162,4.293710144599606,-0.018911187874556035,0.018911187874556035,True
2025-12-31 09:00:00,mid,47.62416938098576,4.142726453428399,4.337025174860074,0.19429872143167426,0.19429872143167426,True
2025-12-31 09:00:00,mid,46.279794901143845,4.142726453428399,4.290197211769795,0.14747075834139522,0.14747075834139522,True
2025-12-31 09:00:00,mid,48.33122577637919,4.0756375323476846,4.330834733397775,0.25519720105009025,0.25519720105009025,True
2025-12-31 10:00:00,mid,50.25438624807603,5.063109226752644,0.0,-5.063109226752644,5.063109226752644,False
2025-12-31 10:00:00,mid,48.179492639354514,5.095351174886474,4.541675217538065,-0.5536759573484096,0.5536759573484096,True
2025-12-31 10:00:00,mid,49.99407177192743,5.111472148953389,4.858795505682346,-0.2526766432710428,0.2526766432710428,True
2025-12-31 10:00:00,mid,47.84412727634206,5.148550389307296,4.88671648879571,-0.2618339005115855,0.2618339005115855,True
2025-12-31 10:00:00,mid,48.79407006414907,4.050042286246921,4.273033860049866,0.2229915738029451,0.2229915738029451,True
2025-12-31 10:00:00,mid,48.522602201773886,4.165113631301267,4.362046004435302,0.1969323731340351,0.1969323731340351,True
2025-12-31 11:00:00,mid,48.58794193294534,5.114206219616875,4.691246395486625,-0.4229598241302499,0.4229598241302499,True
2025-12-31 11:00:00,mid,47.02858403279173,4.457416890924101,4.7263946177961325,0.2689777268720315,0.2689777268720315,True
2025-12-31 11:00:00,mid,48.64572180952384,4.457416890924101,4.653570138388504,0.19615324746440344,0.19615324746440344,True
2025-12-31 13:00:00,mid,49.740794899299736,4.184632769856542,0.0,-4.184632769856542,4.184632769856542,False
2025-12-31 13:00:00,mid,47.70869833061751,4.184632769856542,4.221967529831202,0.037334759974660514,0.037334759974660514,True
