id,timestamp,soil_moisture_percent,temperature_c,air_humidity_percent,solar_radiation_kwh_m2,precipitation_mm,crop_stage,irrigation_depth_mm,irrigation_probability,predicted_irrigation_event,predicted_irrigation_depth_mm
43849,2025-01-01 00:00:00,47.04293376244564,24.36,81.51,0.0,0.0,development,0.0,3.1799600660176607e-07,0,0.0
43850,2025-01-01 01:00:00,50.08096306263304,23.96,83.82,0.0,0.0,development,0.0,6.122849551906848e-08,0,0.0
43851,2025-01-01 02:00:00,49.09023790726768,23.66,85.92,0.0,0.0,development,0.0,3.737700035255198e-08,0,0.0
43852,2025-01-01 03:00:00,48.425690230375096,23.44,87.62,0.0,0.0,development,0.0,2.6593515777378007e-08,0,0.0
43853,2025-01-01 04:00:00,49.65572120429727,23.28,88.95,0.0,0.0,development,0.0,7.141423097823096e-09,0,0.0
43854,2025-01-01 05:00:00,49.21025521712887,23.54,88.01,0.11,0.0,development,0.0,1.1172097438986581e-08,0,0.0
43855,2025-01-01 06:00:00,48.54874418799316,25.67,75.35,0.84,0.0,development,0.0,2.854095048769409e-06,0,0.0
43856,2025-01-01 07:00:00,49.20867197927803,28.19,61.46,1.68,0.0,development,0.0,0.0004357267381403036,0,0.0
43857,2025-01-01 08:00:00,49.15861963140135,30.52,51.36,1.97,0.0,development,0.0,0.02379106612232516,0,0.0
43858,2025-01-01 09:00:00,48.03998206882428,32.73,43.43,2.32,0.0,development,5.159342667575203,0.8630158874415393,1,5.0439844267762375
43859,2025-01-01 10:00:00,55.65856508166577,34.61,37.43,2.76,0.0,development,0.0,2.226073685675037e-05,0,0.0
43860,2025-01-01 11:00:00,54.76713049342933,36.01,33.34,3.05,0.0,development,0.0,0.00038616683680260455,0,0.0
43861,2025-01-01 12:00:00,51.92030500140403,36.78,31.19,2.98,0.0,development,0.0,0.20490625629155973,0,0.0
43862,2025-01-01 13:00:00,52.13220525326752,36.86,31.02,2.7,0.0,development,0.0,0.07144255084936973,0,0.0
43863,2025-01-01 14:00:00,51.37882573817609,36.26,32.42,2.39,0.0,development,0.0,0.08810163205590468,0,0.0
43864,2025-01-01 15:00:00,50.07912709288885,35.0,35.53,1.94,0.0,development,0.0,0.04651211137298444,0,0.0
43865,2025-01-01 16:00:00,49.14844480146017,33.08,40.8,1.07,0.0,development,0.0,0.004426505265307551,0,0.0
43866,2025-01-01 17:00:00,48.92025716230467,30.63,48.69,0.25,0.0,development,0.0,5.073275276745132e-05,0,0.0
43867,2025-01-01 18:00:00,49.28248958958388,28.4,57.34,0.0,0.0,development,0.0,4.193024741354899e-06,0,0.0
43868,2025-01-01 19:00:00,50.24870710315543,27.16,63.27,0.0,0.0,development,0.0,1.7051436674986783e-06,0,0.0
43869,2025-01-01 20:00:00,50.73897825944631,26.39,67.67,0.0,0.0,development,0.0,9.944234554792225e-07,0,0.0
43870,2025-01-01 21:00:00,50.57596132420139,25.76,71.8,0.0,0.0,development,0.0,7.876311712183999e-07,0,0.0
43871,2025-01-01 22:00:00,48.2686081860771,25.17,75.74,0.0,0.0,development,0.0,1.2519614574243397e-06,0,0.0
43872,2025-01-01 23:00:00,48.7657485146104,24.68,78.71,0.0,0.0,development,0.0,5.079216414312162e-07,0,0.0
43873,2025-01-02 00:00:00,50.04317115160445,24.31,80.48,0.0,0.0,development,0.0,1.468593357070608e-07,0,0.0
43874,2025-01-02 01:00:00,50.5577797526443,23.98,81.74,0.0,0.0,development,0.0,6.117433816507802e-08,0,0.0
43875,2025-01-02 02:00:00,48.743751350766814,23.7,82.85,0.0,0.0,development,0.0,6.477387463363018e-08,0,0.0
43876,2025-01-02 03:00:00,49.66381853182562,23.53,83.65,0.0,0.0,development,0.0,2.3899586858712608e-08,0,0.0
43877,2025-01-02 04:00:00,48.611713066696765,23.24,85.27,0.0,0.0,development,0.0,2.1734586654027364e-08,0,0.0
43878,2025-01-02 05:00:00,49.7383917886416,23.51,83.89,0.1,0.0,development,0.0,9.359485201014619e-09,0,0.0
43879,2025-01-02 06:00:00,49.002441260960566,25.57,72.3,0.72,0.0,development,0.0,1.5022122985370171e-06,0,0.0
43880,2025-01-02 07:00:00,49.36871872378613,27.9,60.67,1.35,0.0,development,0.0,0.00011660638881229509,0,0.0
43881,2025-01-02 08:00:00,47.68339039039444,30.23,51.42,1.97,0.0,development,0.0,0.15863619124014522,0,0.0
43882,2025-01-02 09:00:00,46.54026916684113,32.46,43.86,2.45,0.0,development,5.191242600816377,0.9722455762811917,1,5.133239574375712
43883,2025-01-02 10:00:00,57.99158080793103,34.37,38.05,2.86,0.0,development,0.0,1.350395394573983e-07,0,0.0
43884,2025-01-02 11:00:00,54.46814614946892,35.75,34.41,3.21,0.0,development,0.0,0.0007519769808706592,0,0.0
43885,2025-01-02 12:00:00,54.98134613199525,36.56,32.29,3.22,0.0,development,0.0,0.000401499188083487,0,0.0
43886,2025-01-02 13:00:00,53.38053478663844,36.69,31.76,2.77,0.0,development,0.0,0.009021354198961854,0,0.0
43887,2025-01-02 14:00:00,49.87832399785197,36.12,32.77,2.4,0.0,development,0.0,0.3976722302447166,0,0.0
43888,2025-01-02 15:00:00,50.67077424343415,34.72,35.99,1.66,0.0,development,0.0,0.0186529406202816,0,0.0
43889,2025-01-02 16:00:00,48.77621704136684,32.65,41.66,0.92,0.0,development,0.0,0.0034197693507426736,0,0.0
43890,2025-01-02 17:00:00,49.28002014638981,30.44,49.07,0.24,0.0,development,0.0,3.30466207466319e-05,0,0.0
43891,2025-01-02 18:00:00,48.009060382209135,28.64,56.24,0.0,0.0,development,0.0,1.0731905721338655e-05,0,0.0
43892,2025-01-02 19:00:00,48.25759792762343,27.58,61.18,0.0,0.0,development,0.0,6.4424461924275325e-06,0,0.0
43893,2025-01-02 20:00:00,48.833146846421535,26.85,65.04,0.0,0.0,development,0.0,2.90272406058267e-06,0,0.0
43894,2025-01-02 21:00:00,49.08038169842953,26.24,68.65,0.0,0.0,development,0.0,1.9198662076915494e-06,0,0.0
43895,2025-01-02 22:00:00,49.54804058272087,25.67,72.11,0.0,0.0,development,0.0,1.0338211058748628e-06,0,0.0
43896,2025-01-02 23:00:00,48.688028029779794,25.13,75.46,0.0,0.0,development,0.0,7.705952652291335e-07,0,0.0
43897,2025-01-03 00:00:00,49.63642560547187,24.61,78.72,0.0,0.0,development,0.0,2.291227952466545e-07,0,0.0
43898,2025-01-03 01:00:00,50.42559091422509,24.18,81.64,0.0,0.0,development,0.0,7.418860730421634e-08,0,0.0
43899,2025-01-03 02:00:00,49.73609087930305,23.83,84.06,0.0,0.0,development,0.0,3.7439104460554705e-08,0,0.0
43900,2025-01-03 03:00:00,49.46312074359949,23.53,85.98,0.0,0.0,development,0.0,1.9932399521317512e-08,0,0.0
43901,2025-01-03 04:00:00,49.79028178800597,23.46,86.48,0.0,0.0,development,0.0,8.851042232344848e-09,0,0.0
43902,2025-01-03 05:00:00,48.36899334152692,23.72,85.23,0.1,0.0,development,0.0,2.9693848613936196e-08,0,0.0
43903,2025-01-03 06:00:00,50.27858455783678,25.54,74.52,0.85,0.0,development,0.0,5.088946807190436e-07,0,0.0
43904,2025-01-03 07:00:00,48.25967008335749,27.87,61.55,1.67,0.0,development,0.0,0.0012235343776214659,0,0.0
43905,2025-01-03 08:00:00,49.88124949665211,30.39,50.37,2.42,0.0,development,0.0,0.02581545851944275,0,0.0
43906,2025-01-03 09:00:00,48.43892297966632,32.93,40.99,3.13,0.0,development,5.24938709549215,0.926761724706618,1,5.1231837175136485
43907,2025-01-03 10:00:00,56.01539467610083,35.05,34.18,3.65,0.0,development,0.0,1.2869096320498572e-05,0,0.0
43908,2025-01-03 11:00:00,54.93358142284528,36.53,29.96,3.85,0.0,development,0.0,0.00035418372956275704,0,0.0
43909,2025-01-03 12:00:00,53.29595666901632,37.34,27.77,3.72,0.0,development,0.0,0.021528612969011696,0,0.0
43910,2025-01-03 13:00:00,51.55171979532365,37.44,27.47,3.4,0.0,development,0.0,0.2073633017840369,0,0.0
43911,2025-01-03 14:00:00,50.42625256649686,36.9,28.45,2.79,0.0,development,0.0,0.31165163083564673,0,0.0
43912,2025-01-03 15:00:00,51.7633490343007,35.73,30.97,1.94,0.0,development,0.0,0.00916072371054901,0,0.0
43913,2025-01-03 16:00:00,49.86686220248933,33.89,35.82,1.05,0.0,development,0.0,0.0025299830720180495,0,0.0
43914,2025-01-03 17:00:00,48.59307252705669,31.42,43.7,0.28,0.0,development,0.0,9.263408569419392e-05,0,0.0
43915,2025-01-03 18:00:00,49.89838477708282,29.0,53.39,0.0,0.0,development,0.0,2.8870061515446668e-06,0,0.0
43916,2025-01-03 19:00:00,49.759322430436605,27.45,61.19,0.0,0.0,development,0.0,2.3621595077313797e-06,0,0.0
43917,2025-01-03 20:00:00,49.221544198729895,26.37,67.36,0.0,0.0,development,0.0,1.9737956043657033e-06,0,0.0
43918,2025-01-03 21:00:00,48.766597429904,25.48,73.11,0.0,0.0,development,0.0,1.5540836818935853e-06,0,0.0
43919,2025-01-03 22:00:00,50.07346315661079,24.7,78.6,0.0,0.0,development,0.0,5.052963168517279e-07,0,0.0
43920,2025-01-03 23:00:00,50.24185347015596,24.1,82.9,0.0,0.0,development,0.0,1.9814449133750016e-07,0,0.0
43921,2025-01-04 00:00:00,49.7429330478316,23.78,85.21,0.0,0.0,mid,0.0,2.49701282083552e-07,0,0.0
43922,2025-01-04 01:00:00,49.54225052358342,23.48,87.05,0.0,0.0,mid,0.0,1.310229079285994e-07,0,0.0
43923,2025-01-04 02:00:00,48.859103487139386,23.14,88.91,0.0,0.0,mid,0.0,9.579381680317288e-08,0,0.0
43924,2025-01-04 03:00:00,49.86888758213547,23.04,89.52,0.0,0.0,mid,0.0,3.2897827881053624e-08,0,0.0
43925,2025-01-04 04:00:00,48.97726166789607,22.85,90.71,0.0,0.0,mid,0.0,2.215751064184639e-08,0,0.0
43926,2025-01-04 05:00:00,48.46703716486053,23.17,89.09,0.1,0.0,mid,0.0,3.141256914995054e-08,0,0.0
43927,2025-01-04 06:00:00,50.38549319309699,25.37,76.47,0.82,0.0,mid,0.0,3.6689927496294035e-07,0,0.0
43928,2025-01-04 07:00:00,48.34841376686758,27.9,62.93,1.66,0.0,mid,0.0,0.00038258440707352777,0,0.0
43929,2025-01-04 08:00:00,47.05073015631661,30.47,51.72,2.4,0.0,mid,0.0,0.11931086154581941,0,0.0
43930,2025-01-04 09:00:00,48.76122876955858,32.98,42.49,2.92,0.0,mid,4.2469353496444775,0.09043924930375773,0,0.0
43931,2025-01-04 10:00:00,52.35043678861752,35.16,35.46,3.18,0.0,mid,0.0,0.0012103504051966345,0,0.0
43932,2025-01-04 11:00:00,52.26725240319042,36.84,30.43,3.46,0.0,mid,0.0,0.005560402503919503,0,0.0
43933,2025-01-04 12:00:00,50.49444263812726,37.91,27.37,3.29,0.0,mid,0.0,0.2351176597929102,0,0.0
43934,2025-01-04 13:00:00,49.6249498914572,38.33,26.0,2.83,0.0,mid,0.0,0.3978696682746235,0,0.0
43935,2025-01-04 14:00:00,50.93699267287045,38.1,26.07,2.25,0.0,mid,4.071871571844124,0.03173111388306203,0,0.0
43936,2025-01-04 15:00:00,55.0086748172023,37.15,27.77,1.53,0.0,mid,0.0,1.1595290736122028e-05,0,0.0
43937,2025-01-04 16:00:00,54.77379547328788,35.45,31.58,0.85,0.0,mid,0.0,2.1160118683957245e-06,0,0.0
43938,2025-01-04 17:00:00,54.80558000755575,32.84,38.94,0.24,0.0,mid,0.0,1.8734784515445578e-07,0,0.0
43939,2025-01-04 18:00:00,53.65573069567076,30.0,49.59,0.0,0.0,mid,0.0,1.9388336081889697e-07,0,0.0
43940,2025-01-04 19:00:00,55.03330179601328,28.02,59.06,0.0,0.0,mid,0.0,1.001908563515208e-07,0,0.0
43941,2025-01-04 20:00:00,54.4739970024588,26.79,65.89,0.0,0.0,mid,0.0,2.40520442963792e-07,0,0.0
43942,2025-01-04 21:00:00,54.77623236194033,26.0,71.32,0.0,0.0,mid,0.0,3.2245547441327943e-07,0,0.0
43943,2025-01-04 22:00:00,53.59337766120544,25.38,76.41,0.0,0.0,mid,0.0,5.077643245120263e-07,0,0.0
43944,2025-01-04 23:00:00,54.52838189371266,24.9,80.92,0.0,0.0,mid,0.0,2.5485317984040314e-07,0,0.0
43945,2025-01-05 00:00:00,54.16603802296744,24.72,83.57,0.0,0.0,mid,0.0,1.590193503011561e-07,0,0.0
43946,2025-01-05 01:00:00,55.07699203979936,24.61,84.8,0.0,0.0,mid,0.0,4.157977651650274e-08,0,0.0
43947,2025-01-05 02:00:00,53.740921065352175,24.41,86.47,0.0,0.0,mid,0.0,2.523324966906056e-08,0,0.0
43948,2025-01-05 03:00:00,55.79896199255855,24.09,88.84,0.0,0.0,mid,0.0,1.1492775395407257e-09,0,0.0
43949,2025-01-05 04:00:00,54.44416811788928,23.88,90.73,0.0,0.0,mid,0.0,6.934598524985314e-10,0,0.0
43950,2025-01-05 05:00:00,54.07301533640122,24.13,89.98,0.08,0.0,mid,0.0,6.200894859549533e-10,0,0.0
43951,2025-01-05 06:00:00,53.97943586201461,26.24,78.62,0.59,0.0,mid,0.0,6.042036416050727e-09,0,0.0
43952,2025-01-05 07:00:00,53.86025142576155,28.92,64.76,1.15,0.0,mid,0.0,7.177056626196671e-08,0,0.0
43953,2025-01-05 08:00:00,52.76882791151475,31.56,53.91,1.87,0.0,mid,0.0,3.7417096167589663e-06,0,0.0
43954,2025-01-05 09:00:00,52.96512646322496,33.87,45.79,2.19,0.0,mid,0.0,2.4938402098525463e-05,0,0.0
43955,2025-01-05 10:00:00,51.39343365285944,35.84,39.3,2.58,0.0,mid,0.0,0.005197614076652547,0,0.0
43956,2025-01-05 11:00:00,51.81039037870636,37.41,34.46,2.75,0.0,mid,0.0,0.009958070269240957,0,0.0
43957,2025-01-05 12:00:00,48.72090118306047,38.35,31.61,2.72,0.0,mid,4.636057538520387,0.8434204190643625,1,4.228005998540519
43958,2025-01-05 13:00:00,55.55034017509056,38.54,30.71,2.46,0.0,mid,0.0,6.7992846752027795e-06,0,0.0
43959,2025-01-05 14:00:00,54.27062020575366,38.04,31.45,2.15,0.0,mid,0.0,9.090607254756938e-05,0,0.0
43960,2025-01-05 15:00:00,55.27330057128387,36.73,34.36,1.66,0.0,mid,0.0,8.913038203409705e-06,0,0.0
43961,2025-01-05 16:00:00,52.02751133867041,34.82,39.82,0.88,0.0,mid,0.0,6.218936880362852e-05,0,0.0
43962,2025-01-05 17:00:00,52.95154594572527,32.48,48.22,0.21,0.0,mid,0.0,9.189005648142082e-07,0,0.0
43963,2025-01-05 18:00:00,53.12701987384588,30.34,57.53,0.0,0.0,mid,0.0,3.4735804901222515e-07,0,0.0
43964,2025-01-05 19:00:00,51.97421506982865,28.95,64.22,0.0,0.0,mid,0.0,8.66599210472464e-07,0,0.0
43965,2025-01-05 20:00:00,54.99118280609522,28.08,68.59,0.0,0.0,mid,0.0,3.406170255700396e-07,0,0.0
43966,2025-01-05 21:00:00,52.13218108289229,27.42,72.16,0.0,0.0,mid,0.0,1.1405253775123816e-06,0,0.0
43967,2025-01-05 22:00:00,52.903452042546505,26.83,75.77,0.0,0.0,mid,0.0,8.814104060563047e-07,0,0.0
43968,2025-01-05 23:00:00,54.22385582391845,26.31,78.95,0.0,0.0,mid,0.0,4.099742532865364e-07,0,0.0
43969,2025-01-06 00:00:00,52.57658072420117,25.95,80.7,0.0,0.0,mid,0.0,4.5340051548215734e-07,0,0.0
43970,2025-01-06 01:00:00,52.99153579413661,25.65,81.77,0.0,0.0,mid,0.0,1.7467391420314852e-07,0,0.0
43971,2025-01-06 02:00:00,52.60081418915957,25.39,82.88,0.0,0.0,mid,0.0,7.842675870510437e-08,0,0.0
43972,2025-01-06 03:00:00,52.83400867154375,25.15,84.18,0.0,0.0,mid,0.0,2.013223500942992e-08,0,0.0
43973,2025-01-06 04:00:00,53.74179937934272,24.88,85.88,0.0,0.0,mid,0.0,2.2602156910276424e-09,0,0.0
43974,2025-01-06 05:00:00,52.53937473567056,24.94,85.97,0.07,0.0,mid,0.0,3.5029048379066722e-09,0,0.0
43975,2025-01-06 06:00:00,50.75306791366538,26.57,76.84,0.59,0.0,mid,0.0,2.7765552064230843e-07,0,0.0
43976,2025-01-06 07:00:00,52.55366642289881,28.68,65.23,1.29,0.0,mid,0.0,5.564218581885924e-07,0,0.0
43977,2025-01-06 08:00:00,52.057367873272895,30.36,57.23,1.96,0.0,mid,0.0,8.517509189894752e-06,0,0.0
43978,2025-01-06 09:00:00,51.35304613001938,31.68,51.47,2.44,0.0,mid,0.0,0.0003181693654343327,0,0.0
43979,2025-01-06 10:00:00,50.05759517358022,32.76,47.27,2.72,0.0,mid,0.0,0.043178482394175065,0,0.0
43980,2025-01-06 11:00:00,48.40726676196648,33.85,43.64,2.66,0.0,mid,4.326612741406148,0.8648313143617491,1,4.493039369266937
43981,2025-01-06 12:00:00,54.96621243875611,34.89,40.36,2.56,0.0,mid,0.0,9.5326217573436e-06,0,0.0
43982,2025-01-06 13:00:00,55.46753933425737,35.51,38.55,2.46,0.0,mid,0.0,4.366984166464888e-06,0,0.0
43983,2025-01-06 14:00:00,53.02929322086941,35.29,38.74,1.8,0.0,mid,0.0,0.0004924964679208299,0,0.0
43984,2025-01-06 15:00:00,52.77491782219857,34.54,40.46,1.21,0.0,mid,0.0,0.00018031989896340515,0,0.0
43985,2025-01-06 16:00:00,50.852611941961285,33.49,43.75,0.64,0.0,mid,0.0,7.66978865451821e-05,0,0.0
43986,2025-01-06 17:00:00,51.1498546359163,31.92,49.71,0.18,0.0,mid,0.0,3.564780071215837e-06,0,0.0
43987,2025-01-06 18:00:00,50.582501419899074,29.99,58.21,0.0,0.0,mid,0.0,1.6634109944549299e-06,0,0.0
43988,2025-01-06 19:00:00,52.41792975835882,28.59,65.74,0.0,0.0,mid,0.0,6.994946445440162e-07,0,0.0
43989,2025-01-06 20:00:00,50.138367942776526,27.32,73.06,0.0,0.0,mid,0.0,1.6773629928618438e-06,0,0.0
43990,2025-01-06 21:00:00,51.68091282747496,26.4,77.93,0.0,0.0,mid,0.0,1.1382859759297498e-06,0,0.0
43991,2025-01-06 22:00:00,51.655588152149264,25.74,81.22,0.0,0.0,mid,0.0,1.0521767637320876e-06,0,0.0
43992,2025-01-06 23:00:00,51.603742005516246,25.26,83.52,0.0,0.0,mid,0.0,7.644061090099292e-07,0,0.0
43993,2025-01-07 00:00:00,49.5070857709527,24.93,85.11,0.0,0.0,mid,0.0,5.299464523040208e-07,0,0.0
43994,2025-01-07 01:00:00,49.76464125732341,24.64,86.56,0.0,0.0,mid,0.0,2.547410594249614e-07,0,0.0
43995,2025-01-07 02:00:00,51.47663640096375,24.37,87.96,0.0,0.0,mid,0.0,6.62375110520337e-08,0,0.0
43996,2025-01-07 03:00:00,50.64449690892445,24.13,89.29,0.0,0.0,mid,0.0,3.8300067421546596e-08,0,0.0
43997,2025-01-07 04:00:00,50.86870701646207,23.81,91.04,0.0,0.0,mid,0.0,9.937116439332252e-09,0,0.0
43998,2025-01-07 05:00:00,51.04335951719382,24.02,89.94,0.07,0.0,mid,0.0,6.498891903460888e-09,0,0.0
43999,2025-01-07 06:00:00,50.54061704891679,25.94,78.01,0.55,0.0,mid,0.0,2.078759313510976e-07,0,0.0
44000,2025-01-07 07:00:00,50.09902840243585,28.31,64.36,1.02,0.0,mid,0.0,9.790087887567423e-06,0,0.0
44001,2025-01-07 08:00:00,50.49249859370862,30.74,53.58,1.55,0.0,mid,0.0,0.00012675696430934627,0,0.0
44002,2025-01-07 09:00:00,48.13791104445752,32.98,45.09,2.02,0.0,mid,0.0,0.10435360614759452,0,0.0
44003,2025-01-07 10:00:00,48.24188406819657,34.83,39.09,2.51,0.0,mid,4.270590710657547,0.6473652185830664,1,4.559203891982176
44004,2025-01-07 11:00:00,54.09676347011871,36.18,35.1,2.83,0.0,mid,0.0,6.953536299538179e-05,0,0.0
44005,2025-01-07 12:00:00,53.438279507237205,37.01,32.66,2.92,0.0,mid,0.0,0.0004714085791318144,0,0.0
44006,2025-01-07 13:00:00,54.23349070976937,37.19,31.93,2.78,0.0,mid,0.0,0.00010036839439031397,0,0.0
44007,2025-01-07 14:00:00,50.52193706602572,36.74,32.68,2.25,0.0,mid,0.0,0.052162154103620476,0,0.0
44008,2025-01-07 15:00:00,50.80282531370952,35.64,35.0,1.72,0.0,mid,0.0,0.005399079168796245,0,0.0
44009,2025-01-07 16:00:00,50.067631612454,33.84,39.58,0.95,0.0,mid,0.0,0.0003815816301776477,0,0.0
44010,2025-01-07 17:00:00,50.03519811907977,31.56,46.87,0.25,0.0,mid,0.0,9.309095103978565e-06,0,0.0
44011,2025-01-07 18:00:00,49.41664786977087,29.33,55.73,0.0,0.0,mid,0.0,2.7327207296417717e-06,0,0.0
44012,2025-01-07 19:00:00,50.74044580365787,27.88,62.48,0.0,0.0,mid,0.0,1.3366867312418324e-06,0,0.0
44013,2025-01-07 20:00:00,50.13551927091607,26.97,67.27,0.0,0.0,mid,0.0,1.82217691783672e-06,0,0.0
44014,2025-01-07 21:00:00,50.14824564142017,26.31,71.45,0.0,0.0,mid,0.0,1.7759159652876988e-06,0,0.0
44015,2025-01-07 22:00:00,48.45588199360654,25.76,75.42,0.0,0.0,mid,0.0,2.02632278403404e-06,0,0.0
44016,2025-01-07 23:00:00,49.66435296926523,25.28,78.88,0.0,0.0,mid,0.0,9.764566020250415e-07,0,0.0
44017,2025-01-08 00:00:00,49.17939678373182,24.9,81.28,0.0,0.0,mid,0.0,5.91916745068933e-07,0,0.0
44018,2025-01-08 01:00:00,48.89797238000331,24.64,82.35,0.0,0.0,mid,0.0,3.329167940556193e-07,0,0.0
44019,2025-01-08 02:00:00,49.0861095383914,24.49,82.46,0.0,0.0,mid,0.0,2.4671247272760266e-07,0,0.0
44020,2025-01-08 03:00:00,49.54254592037099,24.35,82.41,0.0,0.0,mid,0.0,1.0262012477167943e-07,0,0.0
44021,2025-01-08 04:00:00,49.95269269657391,24.23,82.28,0.0,0.0,mid,0.0,3.069177817938147e-08,0,0.0
44022,2025-01-08 05:00:00,50.37256391897243,24.29,81.78,0.07,0.0,mid,0.0,1.534325742444257e-08,0,0.0
44023,2025-01-08 06:00:00,50.33503697779276,25.73,73.49,0.67,0.0,mid,0.0,3.8366999481559635e-07,0,0.0
44024,2025-01-08 07:00:00,49.51802799882983,27.53,63.34,1.36,0.0,mid,0.0,3.260431037024272e-05,0,0.0
44025,2025-01-08 08:00:00,48.74223036530942,29.6,54.0,2.03,0.0,mid,0.0,0.0034075742996659436,0,0.0
44026,2025-01-08 09:00:00,47.60921358519113,31.92,45.96,1.95,0.0,mid,4.062859755718673,0.17536793116100746,0,0.0
44027,2025-01-08 10:00:00,53.42693521350862,34.19,39.69,2.49,0.0,mid,0.0,7.764519781510634e-05,0,0.0
44028,2025-01-08 11:00:00,51.86843892074486,35.8,35.71,2.68,0.0,mid,0.0,0.00826805739301473,0,0.0
44029,2025-01-08 12:00:00,50.97762449535581,36.74,33.22,2.86,0.0,mid,0.0,0.07965920373625858,0,0.0
44030,2025-01-08 13:00:00,50.47111620708717,37.07,32.07,2.64,0.0,mid,0.0,0.13370701079694408,0,0.0
44031,2025-01-08 14:00:00,50.4051117772028,36.83,32.14,2.18,0.0,mid,0.0,0.061216401876910236,0,0.0
44032,2025-01-08 15:00:00,48.224119562978,35.88,33.9,1.61,0.0,mid,0.0,0.0701148281547394,0,0.0
44033,2025-01-08 16:00:00,47.111614482069264,34.44,37.41,0.89,0.0,mid,0.0,0.007024224759424167,0,0.0
44034,2025-01-08 17:00:00,48.22975470514548,32.35,43.91,0.23,0.0,mid,0.0,4.894318555594767e-05,0,0.0
44035,2025-01-08 18:00:00,45.8524190311383,29.96,53.62,0.0,0.0,mid,0.0,3.1454897936878804e-05,0,0.0
44036,2025-01-08 19:00:00,48.28887097914767,28.14,62.58,0.0,0.0,mid,0.0,4.7074028939149856e-06,0,0.0
44037,2025-01-08 20:00:00,46.30808092750468,26.95,68.62,0.0,0.0,mid,0.0,7.079278326747854e-06,0,0.0
44038,2025-01-08 21:00:00,47.9800790942374,26.23,72.39,0.0,0.0,mid,0.0,3.2961261402799715e-06,0,0.0
44039,2025-01-08 22:00:00,47.073480030608685,25.67,75.56,0.0,0.0,mid,0.0,3.05186123055116e-06,0,0.0
44040,2025-01-08 23:00:00,47.711078947379406,25.16,78.76,0.0,0.0,mid,0.0,1.554076091809714e-06,0,0.0
44041,2025-01-09 00:00:00,49.12087102117633,24.72,81.76,0.0,0.0,mid,0.0,5.207765860750551e-07,0,0.0
44042,2025-01-09 01:00:00,46.78413010262358,24.44,83.82,0.0,0.0,mid,0.0,5.321602709766389e-07,0,0.0
44043,2025-01-09 02:00:00,46.65391070685892,24.28,84.93,0.0,0.0,mid,0.0,4.2150615758818005e-07,0,0.0
44044,2025-01-09 03:00:00,47.51692083051199,24.12,85.57,0.0,0.0,mid,0.0,2.0961636499196077e-07,0,0.0
44045,2025-01-09 04:00:00,48.674613765994174,23.94,86.3,0.0,0.0,mid,0.0,5.91003661743009e-08,0,0.0
44046,2025-01-09 05:00:00,47.597683435943786,24.16,84.96,0.07,0.0,mid,0.0,1.158210299386142e-07,0,0.0
44047,2025-01-09 06:00:00,47.49004397126392,25.83,74.76,0.61,0.0,mid,0.0,6.730661067787925e-06,0,0.0
44048,2025-01-09 07:00:00,47.28609660040914,28.16,62.16,1.34,0.0,mid,0.0,0.0008010271578104988,0,0.0
44049,2025-01-09 08:00:00,45.7607418629253,30.62,51.65,1.85,0.0,mid,0.0,0.21460435327576147,0,0.0
44050,2025-01-09 09:00:00,45.87863288146127,33.07,43.31,2.27,0.0,mid,5.34407266884217,0.854450794487864,1,4.83455858324937
44051,2025-01-09 10:00:00,53.31218050424771,35.18,37.5,2.49,0.0,mid,0.0,0.00010016443791741294,0,0.0
44052,2025-01-09 11:00:00,53.55166702629384,36.81,33.34,2.74,0.0,mid,0.0,0.0002554552009585639,0,0.0
44053,2025-01-09 12:00:00,51.97188146264233,37.81,30.98,2.7,0.01,mid,0.0,0.012302646686154944,0,0.0
44054,2025-01-09 13:00:00,49.154255745477805,38.22,29.96,1.94,0.01,mid,0.0,0.4235897407387572,0,0.0
44055,2025-01-09 14:00:00,48.98364366246221,38.02,30.11,1.78,0.01,mid,0.0,0.2247357684758886,0,0.0
44056,2025-01-09 15:00:00,48.82831038669909,37.13,31.66,1.28,0.02,mid,0.0,0.03192587336508024,0,0.0
44057,2025-01-09 16:00:00,47.05934625624501,35.56,35.22,0.65,0.02,mid,0.0,0.004234158907069011,0,0.0
44058,2025-01-09 17:00:00,46.71513150675054,33.48,41.39,0.15,0.03,mid,0.0,0.00011734552249706201,0,0.0
44059,2025-01-09 18:00:00,47.24646544398952,31.23,49.93,0.0,0.03,mid,0.0,1.4078297432770824e-05,0,0.0
44060,2025-01-09 19:00:00,47.92910252657519,29.59,57.8,0.0,0.03,mid,0.0,5.145787100280186e-06,0,0.0
44061,2025-01-09 20:00:00,48.52077156979151,28.31,64.77,0.0,0.03,mid,0.0,4.1570788687332506e-06,0,0.0
44062,2025-01-09 21:00:00,47.91420916607172,27.39,70.06,0.0,0.03,mid,0.0,4.787706290241834e-06,0,0.0
44063,2025-01-09 22:00:00,49.760918733029065,26.68,74.38,0.0,0.05,mid,0.0,1.750093764832217e-06,0,0.0
44064,2025-01-09 23:00:00,47.36214131218824,26.05,78.55,0.0,0.09,mid,0.0,2.563156406721506e-06,0,0.0
44065,2025-01-10 00:00:00,48.67083094363631,25.5,82.73,0.0,0.14,mid,0.0,8.79227584228316e-07,0,0.0
44066,2025-01-10 01:00:00,47.44127188902814,25.11,86.31,0.0,0.2,mid,0.0,5.617613567261338e-07,0,0.0
44067,2025-01-10 02:00:00,49.92983113526236,24.89,88.84,0.0,0.25,mid,0.0,1.5034167805467154e-07,0,0.0
44068,2025-01-10 03:00:00,50.06607868427996,24.77,90.64,0.0,0.27,mid,0.0,7.228563109466865e-08,0,0.0
44069,2025-01-10 04:00:00,49.88525588860063,24.7,91.94,0.0,0.27,mid,0.0,3.0680624862558745e-08,0,0.0
44070,2025-01-10 05:00:00,48.23948286557334,24.77,92.52,0.04,0.25,mid,0.0,7.276530000376017e-08,0,0.0
44071,2025-01-10 06:00:00,50.47784267659257,25.18,91.33,0.36,0.23,mid,0.0,5.5330298699240146e-08,0,0.0
44072,2025-01-10 07:00:00,49.29887147622411,25.66,89.23,0.78,0.21,mid,0.0,1.1162275198173216e-06,0,0.0
44073,2025-01-10 08:00:00,50.133621872964646,26.39,84.97,1.35,0.2,mid,0.0,7.84279035040571e-06,0,0.0
44074,2025-01-10 09:00:00,50.91901085230825,27.23,79.52,2.02,2.34,mid,0.0,3.897793215773086e-05,0,0.0
44075,2025-01-10 10:00:00,54.097950873293264,27.88,76.28,2.31,2.04,mid,0.0,9.212326101397312e-07,0,0.0
44076,2025-01-10 11:00:00,54.861754193782026,28.47,73.66,2.21,1.68,mid,0.0,7.128001914806104e-07,0,0.0
44077,2025-01-10 12:00:00,55.31760294032966,28.73,72.42,1.84,1.33,mid,0.0,7.056135031881085e-07,0,0.0
44078,2025-01-10 13:00:00,56.88940412339672,28.79,72.28,1.02,1.05,mid,0.0,9.534916495241477e-08,0,0.0
44079,2025-01-10 14:00:00,56.54851951596062,28.62,73.24,0.22,0.74,mid,0.0,1.1214243967841831e-07,0,0.0
44080,2025-01-10 15:00:00,56.40009482104178,28.35,77.09,0.12,0.47,mid,0.0,7.328576964748208e-08,0,0.0
44081,2025-01-10 16:00:00,57.13286410660382,27.8,80.92,0.08,0.33,mid,0.0,2.8080070335363915e-08,0,0.0
44082,2025-01-10 17:00:00,58.204404473934346,26.82,86.95,0.02,0.29,mid,0.0,9.646293008559807e-09,0,0.0
44083,2025-01-10 18:00:00,57.276776901893285,25.98,92.59,0.0,0.3,mid,0.0,3.651706289963228e-08,0,0.0
44084,2025-01-10 19:00:00,56.023959178427305,25.58,93.75,0.0,0.33,mid,0.0,1.2048528280185523e-07,0,0.0
44085,2025-01-10 20:00:00,56.67211410078063,25.27,95.0,0.0,0.36,mid,0.0,1.598814859143418e-07,0,0.0
44086,2025-01-10 21:00:00,58.51136973125329,25.09,96.01,0.0,0.43,mid,0.0,1.3023115246097756e-07,0,0.0
44087,2025-01-10 22:00:00,59.75241434694556,24.97,96.65,0.0,0.38,mid,0.0,5.7874193659953285e-08,0,0.0
44088,2025-01-10 23:00:00,59.51400442023783,24.84,96.94,0.0,0.38,mid,0.0,3.954910107080073e-08,0,0.0
44089,2025-01-11 00:00:00,60.47799044008397,24.66,97.2,0.0,0.53,mid,0.0,5.151451376999427e-09,0,0.0
44090,2025-01-11 01:00:00,61.20918231912587,24.5,97.44,0.0,0.95,mid,0.0,5.507949727841819e-10,0,0.0
44091,2025-01-11 02:00:00,63.77591449162476,24.4,97.44,0.0,1.4,mid,0.0,5.5956906124890806e-12,0,0.0
44092,2025-01-11 03:00:00,65.43702263740273,24.35,97.44,0.0,1.55,mid,0.0,8.125445463922216e-14,0,0.0
44093,2025-01-11 04:00:00,65.82807652129135,24.31,97.53,0.0,1.36,mid,0.0,6.195713171388354e-15,0,0.0
44094,2025-01-11 05:00:00,68.50197937217322,24.34,97.43,0.03,1.2,mid,0.0,5.0107278049657644e-17,0,0.0
44095,2025-01-11 06:00:00,68.14713136424076,24.64,96.82,0.23,0.99,mid,0.0,4.7446492056858646e-17,0,0.0
44096,2025-01-11 07:00:00,70.45207525390468,25.12,95.71,0.49,0.76,mid,0.0,2.090383748252497e-18,0,0.0
44097,2025-01-11 08:00:00,70.14618192990504,25.77,93.19,0.99,0.59,mid,0.0,2.319781326393244e-18,0,0.0
44098,2025-01-11 09:00:00,70.70165251916502,26.7,86.86,1.24,0.68,mid,0.0,8.852606767650075e-19,0,0.0
44099,2025-01-11 10:00:00,70.83734535061984,28.0,77.31,1.75,0.64,mid,0.0,4.482880731687438e-19,0,0.0
44100,2025-01-11 11:00:00,70.77927486608989,29.32,68.81,2.29,0.69,mid,0.0,3.9387731056270445e-19,0,0.0
44101,2025-01-11 12:00:00,71.59499894226924,30.22,63.75,2.31,0.66,mid,0.0,1.4580565642521818e-19,0,0.0
44102,2025-01-11 13:00:00,70.46411536525503,30.35,63.56,1.87,0.69,mid,0.0,3.0184156895728595e-18,0,0.0
44103,2025-01-11 14:00:00,70.59302091416863,30.0,65.76,1.24,0.64,mid,0.0,1.661852483307328e-17,0,0.0
44104,2025-01-11 15:00:00,71.61915466416394,29.32,69.55,0.72,0.61,mid,0.0,2.1241986860882543e-17,0,0.0
44105,2025-01-11 16:00:00,72.30126899538668,28.37,74.92,0.32,0.55,mid,0.0,4.3641084267304464e-17,0,0.0
44106,2025-01-11 17:00:00,71.1570789869401,27.02,82.97,0.07,0.5,mid,0.0,1.1513213981640048e-15,0,0.0
44107,2025-01-11 18:00:00,71.24907803102083,25.83,89.17,0.0,0.39,mid,0.0,4.5526234450082274e-15,0,0.0
44108,2025-01-11 19:00:00,71.63873517515704,25.19,92.0,0.0,0.28,mid,0.0,9.186738097712745e-15,0,0.0
44109,2025-01-11 20:00:00,72.56932408012065,24.79,93.12,0.0,0.16,mid,0.0,5.7144928716093044e-15,0,0.0
44110,2025-01-11 21:00:00,72.17103634959246,24.56,93.42,0.0,0.1,mid,0.0,1.7746176128709448e-14,0,0.0
44111,2025-01-11 22:00:00,71.05934593050385,24.39,93.74,0.0,0.1,mid,0.0,8.39777215625253e-14,0,0.0
44112,2025-01-11 23:00:00,73.58218544903252,24.24,94.26,0.0,0.18,mid,0.0,1.423350557719398e-15,0,0.0
44113,2025-01-12 00:00:00,73.86105749062942,24.12,94.64,0.0,0.42,mid,0.0,3.5700162949899004e-16,0,0.0
44114,2025-01-12 01:00:00,75.27606095769269,24.0,94.93,0.0,0.92,mid,0.0,1.0180908051606959e-17,0,0.0
44115,2025-01-12 02:00:00,76.29654685620072,23.9,95.15,0.0,0.69,mid,0.0,2.869616418368396e-19,0,0.0
44116,2025-01-12 03:00:00,75.69873654682796,23.84,95.43,0.0,0.26,mid,0.0,6.889593722806628e-20,0,0.0
44117,2025-01-12 04:00:00,76.10468879658444,23.8,95.66,0.0,0.28,mid,0.0,5.204428507965676e-21,0,0.0
44118,2025-01-12 05:00:00,77.22657310002424,23.82,95.7,0.02,0.42,mid,0.0,2.247949814024903e-22,0,0.0
44119,2025-01-12 06:00:00,75.89920984526053,24.29,94.34,0.14,0.36,mid,0.0,6.649985035428006e-22,0,0.0
44120,2025-01-12 07:00:00,76.65058937906129,24.96,90.78,0.27,0.24,mid,0.0,8.64405884418469e-23,0,0.0
44121,2025-01-12 08:00:00,76.67402032491474,25.82,83.92,0.39,0.2,mid,0.0,5.403789420504756e-23,0,0.0
44122,2025-01-12 09:00:00,76.90695022794723,26.98,75.73,0.76,0.08,mid,0.0,3.5493313484145224e-23,0,0.0
44123,2025-01-12 10:00:00,74.98988384086528,27.8,70.86,1.5,0.04,mid,0.0,4.756692434374647e-22,0,0.0
44124,2025-01-12 11:00:00,73.99779405410317,28.05,69.76,2.14,0.03,mid,0.0,1.8340006701959815e-21,0,0.0
44125,2025-01-12 12:00:00,73.3255604618792,28.12,69.67,1.88,0.02,mid,0.0,1.956703612133237e-20,0,0.0
44126,2025-01-12 13:00:00,73.18028211683125,28.02,70.18,1.37,0.02,mid,0.0,1.2268873089868503e-19,0,0.0
44127,2025-01-12 14:00:00,71.97632683315183,27.76,71.33,1.46,0.02,mid,0.0,1.9608084573140547e-18,0,0.0
44128,2025-01-12 15:00:00,70.23078054114218,27.54,72.31,0.92,0.01,mid,0.0,2.0331200801035702e-16,0,0.0
44129,2025-01-12 16:00:00,69.93991741339384,27.27,73.46,0.48,0.01,mid,0.0,1.5932928028833838e-15,0,0.0
44130,2025-01-12 17:00:00,70.8258844525093,26.72,75.54,0.11,0.01,mid,0.0,1.5943683464976662e-15,0,0.0
44131,2025-01-12 18:00:00,70.86502346240387,26.14,76.81,0.0,0.01,mid,0.0,6.658117771363538e-15,0,0.0
44132,2025-01-12 19:00:00,70.76366940867632,25.84,76.38,0.0,0.01,mid,0.0,3.382779901117171e-14,0,0.0
44133,2025-01-12 20:00:00,70.3775318062171,25.51,76.51,0.0,0.01,mid,0.0,1.5832905355055184e-13,0,0.0
44134,2025-01-12 21:00:00,71.39671938420099,25.11,77.87,0.0,0.01,mid,0.0,5.405602620705561e-14,0,0.0
44135,2025-01-12 22:00:00,71.08678589316506,24.69,79.75,0.0,0.02,mid,0.0,8.31271029403335e-14,0,0.0
44136,2025-01-12 23:00:00,71.09703004365682,24.26,82.11,0.0,0.03,mid,0.0,5.349976409720844e-14,0,0.0
44137,2025-01-13 00:00:00,71.18791916961457,23.88,84.57,0.0,0.05,mid,0.0,1.536116014555958e-14,0,0.0
44138,2025-01-13 01:00:00,72.40703316337492,23.54,87.23,0.0,0.19,mid,0.0,5.481366114793024e-16,0,0.0
44139,2025-01-13 02:00:00,70.7971835999261,23.2,90.27,0.0,0.39,mid,0.0,5.423348194225506e-16,0,0.0
44140,2025-01-13 03:00:00,72.20474507656343,23.05,91.71,0.0,0.74,mid,0.0,6.727877540942535e-18,0,0.0
44141,2025-01-13 04:00:00,73.69752723770361,23.0,92.76,0.0,1.14,mid,0.0,1.0767593727887871e-19,0,0.0
44142,2025-01-13 05:00:00,76.8227340745249,22.99,93.9,0.04,1.48,mid,0.0,2.618316124378106e-22,0,0.0
44143,2025-01-13 06:00:00,77.69259859587338,23.37,93.51,0.36,1.74,mid,0.0,2.9099801493114485e-23,0,0.0
44144,2025-01-13 07:00:00,79.19089185545566,24.02,92.07,0.85,1.65,mid,0.0,1.4022200666928583e-24,0,0.0
44145,2025-01-13 08:00:00,81.23485064362015,24.92,88.56,1.45,1.55,mid,0.0,2.143533570704474e-26,0,0.0
44146,2025-01-13 09:00:00,82.10185604733114,26.08,82.81,2.02,1.06,mid,0.0,2.0582119724389724e-27,0,0.0
44147,2025-01-13 10:00:00,83.6957436567495,27.39,76.24,2.04,1.19,mid,0.0,1.6199184487587283e-28,0,0.0
44148,2025-01-13 11:00:00,82.95434545736006,28.38,71.38,1.53,1.1,mid,0.0,1.4542729584761885e-27,0,0.0
44149,2025-01-13 12:00:00,82.82241046167434,28.81,68.97,1.28,0.8,mid,0.0,5.3009575156702254e-27,0,0.0
44150,2025-01-13 13:00:00,82.46395113345362,28.88,68.61,1.49,0.54,mid,0.0,2.723635759945915e-26,0,0.0
44151,2025-01-13 14:00:00,82.61184102289066,28.75,69.6,1.22,0.37,mid,0.0,9.831158901164552e-26,0,0.0
44152,2025-01-13 15:00:00,84.66189193809907,28.39,73.24,1.13,0.28,mid,0.0,1.9385603110555341e-26,0,0.0
44153,2025-01-13 16:00:00,82.74904015894514,27.75,78.17,0.58,0.22,mid,0.0,3.7094447384252374e-24,0,0.0
44154,2025-01-13 17:00:00,82.87998698261114,26.53,85.96,0.14,0.15,mid,0.0,1.658391502109636e-23,0,0.0
44155,2025-01-13 18:00:00,82.53863187313587,25.53,91.03,0.0,0.11,mid,0.0,1.46199169845088e-22,0,0.0
44156,2025-01-13 19:00:00,82.73627108110445,25.08,92.52,0.0,0.07,mid,0.0,4.708879008910973e-22,0,0.0
44157,2025-01-13 20:00:00,83.3305736312052,24.74,93.95,0.0,0.06,mid,0.0,4.20382185596402e-22,0,0.0
44158,2025-01-13 21:00:00,83.35150746529273,24.48,95.12,0.0,0.16,mid,0.0,6.849620987384154e-22,0,0.0
44159,2025-01-13 22:00:00,83.59318914227237,24.27,95.93,0.0,0.33,mid,0.0,5.786187074363318e-22,0,0.0
44160,2025-01-13 23:00:00,83.80176038386121,24.08,96.43,0.0,0.38,mid,0.0,2.1064683192760026e-22,0,0.0
44161,2025-01-14 00:00:00,83.88201944337722,23.88,96.85,0.0,0.3,mid,0.0,5.887959763660599e-23,0,0.0
44162,2025-01-14 01:00:00,84.80333721303772,23.73,96.9,0.0,0.24,mid,0.0,3.190446932246693e-24,0,0.0
44163,2025-01-14 02:00:00,84.78071080115592,23.59,96.96,0.0,0.2,mid,0.0,4.412040469635829e-25,0,0.0
44164,2025-01-14 03:00:00,86.657577173265,23.47,97.15,0.0,0.19,mid,0.0,2.7321135132754036e-27,0,0.0
44165,2025-01-14 04:00:00,86.01684051260361,23.42,97.23,0.0,0.18,mid,0.0,1.0408924605068114e-27,0,0.0
44166,2025-01-14 05:00:00,84.82443964402584,23.5,97.11,0.04,0.15,mid,0.0,1.3988072806558093e-27,0,0.0
44167,2025-01-14 06:00:00,84.60322355249023,23.91,96.17,0.42,0.14,mid,0.0,6.183598584990681e-28,0,0.0
44168,2025-01-14 07:00:00,85.14153754293567,24.61,94.39,0.96,0.13,mid,0.0,1.1258582220081031e-28,0,0.0
44169,2025-01-14 08:00:00,84.28995257941637,25.67,88.31,1.44,0.13,mid,0.0,1.6506375802050022e-28,0,0.0
44170,2025-01-14 09:00:00,84.25576538649617,26.96,79.33,2.29,0.1,mid,0.0,3.699449562712874e-29,0,0.0
44171,2025-01-14 10:00:00,83.16450014230354,28.11,70.94,2.55,0.1,mid,0.0,1.5198439364662242e-28,0,0.0
44172,2025-01-14 11:00:00,82.91565315917524,28.86,65.98,2.79,0.11,mid,0.0,1.7848022814231148e-28,0,0.0
44173,2025-01-14 12:00:00,82.14303920640779,29.27,63.39,2.87,0.12,mid,0.0,1.2417769591455856e-27,0,0.0
44174,2025-01-14 13:00:00,81.77499448454085,29.39,62.65,2.19,0.13,mid,0.0,2.0789824508395538e-26,0,0.0
44175,2025-01-14 14:00:00,80.85949662712355,29.18,63.54,1.85,0.14,mid,0.0,5.885058820778625e-25,0,0.0
44176,2025-01-14 15:00:00,79.83153861578819,28.63,66.42,1.27,0.15,mid,0.0,3.096926953621779e-23,0,0.0
44177,2025-01-14 16:00:00,81.24672510284192,27.73,73.83,0.6,0.15,mid,0.0,3.5847293977558027e-23,0,0.0
44178,2025-01-14 17:00:00,80.51843928473868,26.47,81.99,0.12,0.13,mid,0.0,6.234315824597249e-22,0,0.0
44179,2025-01-14 18:00:00,79.89797760606021,25.47,86.67,0.0,0.11,mid,0.0,8.30360620413216e-21,0,0.0
44180,2025-01-14 19:00:00,79.76214731130804,25.08,89.02,0.0,0.11,mid,0.0,4.3369719189419024e-20,0,0.0
44181,2025-01-14 20:00:00,79.49726591047008,24.77,91.04,0.0,0.16,mid,0.0,1.5654992636389527e-19,0,0.0
44182,2025-01-14 21:00:00,79.83867190725044,24.51,93.06,0.0,0.32,mid,0.0,1.5787001411576264e-19,0,0.0
44183,2025-01-14 22:00:00,82.44651549607822,24.25,94.86,0.0,0.43,mid,0.0,3.367037548422576e-21,0,0.0
44184,2025-01-14 23:00:00,82.87407223386136,24.01,96.16,0.0,0.41,mid,0.0,8.925775452435366e-22,0,0.0
44185,2025-01-15 00:00:00,82.04114117814902,23.81,96.85,0.0,0.31,mid,0.0,1.0428766520914765e-21,0,0.0
44186,2025-01-15 01:00:00,83.86399282333166,23.65,97.31,0.0,0.21,mid,0.0,1.356111104771196e-23,0,0.0
44187,2025-01-15 02:00:00,83.45195984736614,23.53,97.47,0.0,0.15,mid,0.0,3.573236953597525e-24,0,0.0
44188,2025-01-15 03:00:00,83.34615146447666,23.45,97.47,0.0,0.18,mid,0.0,5.234981102134923e-25,0,0.0
44189,2025-01-15 04:00:00,84.148100367476,23.41,97.44,0.0,0.22,mid,0.0,2.037179057583058e-26,0,0.0
44190,2025-01-15 05:00:00,84.1783173345535,23.51,97.09,0.04,0.18,mid,0.0,3.911287018519126e-27,0,0.0
44191,2025-01-15 06:00:00,83.9564905924213,24.16,95.06,0.4,0.12,mid,0.0,1.7878853320235977e-27,0,0.0
44192,2025-01-15 07:00:00,83.49191084879276,25.14,90.04,0.91,0.07,mid,0.0,1.5109532442340085e-27,0,0.0
44193,2025-01-15 08:00:00,83.20264048940396,26.33,82.07,1.43,0.05,mid,0.0,8.654914431624623e-28,0,0.0
44194,2025-01-15 09:00:00,81.51673852746599,27.47,74.79,1.88,0.13,mid,0.0,4.983995582852443e-27,0,0.0
44195,2025-01-15 10:00:00,81.60667137327245,28.3,70.54,2.13,0.19,mid,0.0,3.361628409472782e-27,0,0.0
44196,2025-01-15 11:00:00,83.1525022344414,28.86,68.16,2.19,0.28,mid,0.0,3.194092731643848e-28,0,0.0
44197,2025-01-15 12:00:00,80.54680812331267,29.22,66.94,1.55,0.33,mid,0.0,1.4502977541784028e-25,0,0.0
44198,2025-01-15 13:00:00,79.25586904376638,29.35,66.74,2.18,0.33,mid,0.0,1.434851701371943e-24,0,0.0
44199,2025-01-15 14:00:00,81.04120196910607,29.37,67.12,1.62,0.3,mid,0.0,6.978163536912183e-25,0,0.0
44200,2025-01-15 15:00:00,80.25664409085132,29.28,68.19,1.04,0.31,mid,0.0,1.940444716933287e-23,0,0.0
44201,2025-01-15 16:00:00,80.2061022656723,28.7,72.52,0.54,0.29,mid,0.0,1.840560572467096e-22,0,0.0
44202,2025-01-15 17:00:00,79.9365820306688,27.38,81.96,0.13,0.27,mid,0.0,1.6104819516211906e-21,0,0.0
44203,2025-01-15 18:00:00,81.06620999869598,26.0,87.01,0.0,0.22,mid,0.0,1.3865971947986023e-21,0,0.0
44204,2025-01-15 19:00:00,81.76134074091401,25.53,88.25,0.0,0.16,mid,0.0,2.259427264743932e-21,0,0.0
44205,2025-01-15 20:00:00,80.23294207217268,25.15,89.34,0.0,0.09,mid,0.0,5.1900511480552313e-20,0,0.0
44206,2025-01-15 21:00:00,81.23140620944365,24.77,90.79,0.0,0.06,mid,0.0,1.836468007658305e-20,0,0.0
44207,2025-01-15 22:00:00,81.68239793161209,24.41,92.31,0.0,0.05,mid,0.0,1.0777074657145906e-20,0,0.0
44208,2025-01-15 23:00:00,80.37538969612679,24.06,93.92,0.0,0.04,mid,0.0,4.4881633953620693e-20,0,0.0
44209,2025-01-16 00:00:00,82.1077632756212,23.74,95.37,0.0,0.05,late,0.0,8.18045832611105e-21,0,0.0
44210,2025-01-16 01:00:00,81.85473463259952,23.51,96.35,0.0,0.05,late,0.0,3.600112753019489e-21,0,0.0
44211,2025-01-16 02:00:00,80.03149152464297,23.3,97.06,0.0,0.05,late,0.0,8.132140700585144e-21,0,0.0
44212,2025-01-16 03:00:00,82.36358319148924,23.25,97.03,0.0,0.05,late,0.0,2.7669468368409424e-23,0,0.0
44213,2025-01-16 04:00:00,80.19843760019181,23.23,96.75,0.0,0.05,late,0.0,1.0414894136841025e-22,0,0.0
44214,2025-01-16 05:00:00,80.67514526844137,23.4,95.83,0.05,0.06,late,0.0,1.271417240097125e-23,0,0.0
44215,2025-01-16 06:00:00,81.87203206852506,24.68,90.03,0.49,0.08,late,0.0,1.1464022721717113e-24,0,0.0
44216,2025-01-16 07:00:00,82.07302750634999,26.62,77.85,1.11,0.13,late,0.0,1.5236853555572137e-25,0,0.0
44217,2025-01-16 08:00:00,81.07770329978663,28.77,65.22,1.85,0.19,late,0.0,5.576311654554605e-26,0,0.0
44218,2025-01-16 09:00:00,79.90552475983145,30.87,55.54,2.56,0.07,late,0.0,7.734959719550229e-26,0,0.0
44219,2025-01-16 10:00:00,79.47237098274242,32.5,48.91,3.01,0.08,late,0.0,9.560730086984457e-26,0,0.0
44220,2025-01-16 11:00:00,78.56559161044633,33.61,44.73,3.23,0.09,late,0.0,6.450990754630158e-25,0,0.0
44221,2025-01-16 12:00:00,78.65915821131046,34.21,42.34,3.09,0.06,late,0.0,1.3237165443059743e-24,0,0.0
44222,2025-01-16 13:00:00,76.78689667218002,34.31,41.61,3.03,0.04,late,0.0,1.856274358292321e-22,0,0.0
44223,2025-01-16 14:00:00,75.79866321040973,33.93,42.33,2.38,0.03,late,0.0,5.423371722699073e-21,0,0.0
44224,2025-01-16 15:00:00,74.49900223899985,32.91,44.88,1.81,0.03,late,0.0,2.7178184115545957e-19,0,0.0
44225,2025-01-16 16:00:00,74.75181617524117,31.4,49.81,1.03,0.02,late,0.0,1.3748196526261218e-18,0,0.0
44226,2025-01-16 17:00:00,74.90976305059942,29.25,58.47,0.29,0.02,late,0.0,6.53058120622129e-18,0,0.0
44227,2025-01-16 18:00:00,74.11263938392992,27.3,67.64,0.0,0.01,late,0.0,1.7829575337726695e-16,0,0.0
44228,2025-01-16 19:00:00,73.6336795715346,26.13,74.99,0.0,0.01,late,0.0,2.3198452330357005e-15,0,0.0
44229,2025-01-16 20:00:00,75.81342587548382,25.3,80.94,0.0,0.0,late,0.0,2.476746957942052e-16,0,0.0
44230,2025-01-16 21:00:00,74.22912496920658,24.78,84.94,0.0,0.0,late,0.0,4.529875664662393e-15,0,0.0
44231,2025-01-16 22:00:00,73.98199372990311,24.4,87.72,0.0,0.0,late,0.0,6.439601440989597e-15,0,0.0
44232,2025-01-16 23:00:00,76.29757884886548,24.0,90.18,0.0,0.01,late,0.0,1.2670808487651432e-16,0,0.0
44233,2025-01-17 00:00:00,75.73347742543169,23.7,91.77,0.0,0.01,late,0.0,1.4300356782558807e-16,0,0.0
44234,2025-01-17 01:00:00,75.88734756918947,23.36,93.38,0.0,0.01,late,0.0,2.6602279140081755e-17,0,0.0
44235,2025-01-17 02:00:00,75.48361957102165,23.15,94.23,0.0,0.01,late,0.0,6.031483835329889e-18,0,0.0
44236,2025-01-17 03:00:00,76.15355779403819,22.92,94.81,0.0,0.02,late,0.0,2.226355397705399e-19,0,0.0
44237,2025-01-17 04:00:00,75.83618161626553,22.73,95.09,0.0,0.02,late,0.0,4.7593008512011723e-20,0,0.0
44238,2025-01-17 05:00:00,74.87890683696934,23.06,92.87,0.06,0.02,late,0.0,5.241623811140125e-20,0,0.0
44239,2025-01-17 06:00:00,74.33992040385829,24.95,81.42,0.72,0.03,late,0.0,7.339782087198297e-20,0,0.0
44240,2025-01-17 07:00:00,73.94558185961462,27.04,67.7,1.55,0.02,late,0.0,1.71871531107124e-20,0,0.0
44241,2025-01-17 08:00:00,74.41230608940548,28.87,57.96,2.21,0.02,late,0.0,1.6541925189541714e-21,0,0.0
44242,2025-01-17 09:00:00,73.08759784218557,30.27,52.48,2.79,0.09,late,0.0,1.2866151779593614e-20,0,0.0
44243,2025-01-17 10:00:00,72.64762738250462,31.4,48.94,2.99,0.11,late,0.0,3.669567807767414e-20,0,0.0
44244,2025-01-17 11:00:00,72.36260689253122,32.33,45.87,3.19,0.09,late,0.0,1.0994211254822173e-19,0,0.0
44245,2025-01-17 12:00:00,72.73167700204998,32.65,44.31,3.28,0.06,late,0.0,1.3446978362114783e-19,0,0.0
44246,2025-01-17 13:00:00,69.5285787111994,32.5,44.23,3.18,0.03,late,0.0,1.7945212014660455e-16,0,0.0
44247,2025-01-17 14:00:00,69.95400171523002,31.78,45.98,2.62,0.01,late,0.0,2.3612959721413596e-16,0,0.0
44248,2025-01-17 15:00:00,68.27260339879564,30.53,49.27,1.84,0.01,late,0.0,1.5635854971342777e-14,0,0.0
44249,2025-01-17 16:00:00,68.3681410702518,29.06,53.28,1.02,0.01,late,0.0,5.987052862964533e-14,0,0.0
44250,2025-01-17 17:00:00,69.3247362958022,27.36,59.59,0.28,0.01,late,0.0,5.1074810476405504e-14,0,0.0
44251,2025-01-17 18:00:00,67.90218730634881,25.75,67.93,0.0,0.0,late,0.0,2.054238797193574e-12,0,0.0
44252,2025-01-17 19:00:00,68.37015862686597,24.96,73.89,0.0,0.0,late,0.0,5.080800149866483e-12,0,0.0
44253,2025-01-17 20:00:00,68.69367280517149,24.52,78.27,0.0,0.0,late,0.0,8.439157276859312e-12,0,0.0
44254,2025-01-17 21:00:00,69.15429737922987,24.26,81.25,0.0,0.01,late,0.0,6.3770334559162566e-12,0,0.0
44255,2025-01-17 22:00:00,68.19254110263047,23.93,84.09,0.0,0.03,late,0.0,2.4230835363610768e-11,0,0.0
44256,2025-01-17 23:00:00,69.68947906543846,23.48,87.32,0.0,0.04,late,0.0,2.8170172781010663e-12,0,0.0
44257,2025-01-18 00:00:00,68.399749744277,23.16,89.46,0.0,0.06,late,0.0,4.654347729854174e-12,0,0.0
44258,2025-01-18 01:00:00,69.20583756504283,22.87,91.17,0.0,0.05,late,0.0,2.399650369946179e-13,0,0.0
44259,2025-01-18 02:00:00,68.71642341812387,22.61,92.32,0.0,0.04,late,0.0,4.386406694165403e-14,0,0.0
44260,2025-01-18 03:00:00,69.53607942374087,22.33,92.9,0.0,0.06,late,0.0,1.4766659857983808e-15,0,0.0
44261,2025-01-18 04:00:00,70.64036112761988,21.96,93.62,0.0,0.06,late,0.0,3.991629496746356e-17,0,0.0
44262,2025-01-18 05:00:00,68.88377516186067,22.16,93.36,0.05,0.07,late,0.0,1.2214974048636159e-16,0,0.0
44263,2025-01-18 06:00:00,69.29304262931267,24.42,85.36,0.54,0.16,late,0.0,1.1329638287287268e-16,0,0.0
44264,2025-01-18 07:00:00,68.91595381893335,26.42,68.83,1.06,0.15,late,0.0,1.148560757985604e-16,0,0.0
44265,2025-01-18 08:00:00,68.48255474325416,28.34,56.51,1.63,0.11,late,0.0,7.5288992535136e-17,0,0.0
44266,2025-01-18 09:00:00,67.7961426866881,30.24,48.72,2.23,0.03,late,0.0,3.3568512511083967e-16,0,0.0
44267,2025-01-18 10:00:00,67.60261425945556,31.71,43.77,2.57,0.03,late,0.0,6.93009831213894e-16,0,0.0
44268,2025-01-18 11:00:00,66.180937210716,32.74,40.94,2.51,0.04,late,0.0,1.9582173621912344e-14,0,0.0
44269,2025-01-18 12:00:00,65.37218617671483,33.23,39.95,2.59,0.05,late,0.0,2.694607399051936e-13,0,0.0
44270,2025-01-18 13:00:00,62.63458096871218,33.06,40.96,2.21,0.05,late,0.0,1.651139060371823e-10,0,0.0
44271,2025-01-18 14:00:00,65.56189445184661,32.42,43.25,2.06,0.05,late,0.0,1.1062511704243448e-12,0,0.0
44272,2025-01-18 15:00:00,65.17324261721507,31.42,46.51,1.47,0.03,late,0.0,4.247465995992049e-12,0,0.0
44273,2025-01-18 16:00:00,63.941944017976425,29.86,51.61,0.83,0.01,late,0.0,5.7394093661985683e-11,0,0.0
44274,2025-01-18 17:00:00,62.49205289950704,27.85,59.53,0.24,0.0,late,0.0,7.279099822775503e-10,0,0.0
44275,2025-01-18 18:00:00,62.18036852327698,26.03,68.17,0.0,0.0,late,0.0,1.9716167426266155e-09,0,0.0
44276,2025-01-18 19:00:00,61.93955684665546,25.04,74.04,0.0,0.0,late,0.0,8.161995659734324e-09,0,0.0
44277,2025-01-18 20:00:00,63.70248628308379,24.38,78.45,0.0,0.0,late,0.0,3.6464010874644357e-09,0,0.0
44278,2025-01-18 21:00:00,64.21589654889588,23.94,81.64,0.0,0.01,late,0.0,2.8396296935757187e-09,0,0.0
44279,2025-01-18 22:00:00,63.349028234640905,23.5,84.85,0.0,0.01,late,0.0,9.216682255876464e-09,0,0.0
44280,2025-01-18 23:00:00,63.9274208518478,23.14,87.56,0.0,0.02,late,0.0,2.3597905955074782e-09,0,0.0
44281,2025-01-19 00:00:00,63.63453594549013,22.87,89.44,0.0,0.03,late,0.0,7.409973001444147e-10,0,0.0
44282,2025-01-19 01:00:00,62.6994533895243,22.74,90.56,0.0,0.03,late,0.0,5.446621640616209e-10,0,0.0
44283,2025-01-19 02:00:00,64.16123241981268,22.64,91.43,0.0,0.03,late,0.0,1.3900985808953418e-11,0,0.0
44284,2025-01-19 03:00:00,64.14761540033774,22.61,90.86,0.0,0.03,late,0.0,1.4255629593959532e-12,0,0.0
44285,2025-01-19 04:00:00,62.63627143312185,22.44,90.95,0.0,0.03,late,0.0,1.0598577052047747e-12,0,0.0
44286,2025-01-19 05:00:00,64.09934304898785,22.53,90.96,0.05,0.02,late,0.0,5.716720481396545e-14,0,0.0
44287,2025-01-19 06:00:00,63.373073616399004,24.19,82.86,0.6,0.03,late,0.0,4.122348522949274e-13,0,0.0
44288,2025-01-19 07:00:00,63.1479458390612,26.11,70.91,1.15,0.07,late,0.0,6.50280892304662e-13,0,0.0
44289,2025-01-19 08:00:00,63.35276998641275,28.2,59.93,1.56,0.09,late,0.0,6.976520743144318e-13,0,0.0
44290,2025-01-19 09:00:00,62.75903440397019,29.98,52.17,2.25,0.03,late,0.0,3.3985250416411194e-12,0,0.0
44291,2025-01-19 10:00:00,62.47688113570801,31.07,48.0,2.86,0.03,late,0.0,1.1632529296706964e-11,0,0.0
44292,2025-01-19 11:00:00,60.29546889693256,31.51,46.07,2.92,0.03,late,0.0,1.9592229186586108e-09,0,0.0
44293,2025-01-19 12:00:00,60.59464357288119,31.58,45.54,2.98,0.02,late,0.0,2.693342369332269e-09,0,0.0
44294,2025-01-19 13:00:00,58.39816643072929,31.36,45.99,2.5,0.01,late,0.0,5.581867361673922e-07,0,0.0
44295,2025-01-19 14:00:00,58.46530932910101,30.88,47.52,2.01,0.02,late,0.0,7.559359025678213e-07,0,0.0
44296,2025-01-19 15:00:00,57.93713078326542,30.29,49.71,1.47,0.02,late,0.0,1.6440996974833728e-06,0,0.0
44297,2025-01-19 16:00:00,58.39895625607773,29.44,54.08,0.8,0.02,late,0.0,1.9998201444407113e-07,0,0.0
44298,2025-01-19 17:00:00,57.43332834817343,27.87,63.45,0.22,0.02,late,0.0,1.772373012894275e-07,0,0.0
44299,2025-01-19 18:00:00,57.241445283147335,26.45,70.32,0.0,0.02,late,0.0,1.576606655973461e-07,0,0.0
44300,2025-01-19 19:00:00,58.61666129419315,25.7,75.36,0.0,0.02,late,0.0,8.573238865222324e-08,0,0.0
44301,2025-01-19 20:00:00,57.15772050745843,25.15,80.27,0.0,0.02,late,0.0,2.5927235963369393e-07,0,0.0
44302,2025-01-19 21:00:00,57.14899595370495,24.67,85.21,0.0,0.02,late,0.0,5.471123422790349e-07,0,0.0
44303,2025-01-19 22:00:00,56.04972146565717,24.24,89.41,0.0,0.02,late,0.0,8.565496687559729e-07,0,0.0
44304,2025-01-19 23:00:00,57.38992504788073,23.86,92.55,0.0,0.01,late,0.0,2.9962632016875716e-07,0,0.0
44305,2025-01-20 00:00:00,56.824170919016176,23.52,94.64,0.0,0.01,late,0.0,1.6647273606143832e-07,0,0.0
44306,2025-01-20 01:00:00,57.38783434138178,23.22,96.12,0.0,0.01,late,0.0,3.5374598316072755e-08,0,0.0
44307,2025-01-20 02:00:00,57.79288442940306,22.97,97.19,0.0,0.01,late,0.0,5.34444050656528e-09,0,0.0
44308,2025-01-20 03:00:00,56.74533545801064,22.78,97.93,0.0,0.01,late,0.0,1.7344387895403182e-09,0,0.0
44309,2025-01-20 04:00:00,56.96753372241808,22.63,98.34,0.0,0.01,late,0.0,2.7650459822356376e-10,0,0.0
44310,2025-01-20 05:00:00,56.358850590016175,22.86,97.09,0.05,0.01,late,0.0,2.2900681040690216e-10,0,0.0
44311,2025-01-20 06:00:00,57.24306754946297,24.38,88.92,0.68,0.01,late,0.0,6.743211940583691e-10,0,0.0
44312,2025-01-20 07:00:00,56.66053070250582,26.45,76.39,1.54,0.01,late,0.0,2.1941355180340847e-08,0,0.0
44313,2025-01-20 08:00:00,58.66622473482818,28.78,63.53,2.26,0.01,late,0.0,1.897994980924731e-09,0,0.0
44314,2025-01-20 09:00:00,57.47846637488061,30.89,54.21,3.01,0.0,late,0.0,5.125097511305552e-08,0,0.0
44315,2025-01-20 10:00:00,56.52122725902145,32.72,47.09,3.12,0.0,late,0.0,1.7086040731087193e-06,0,0.0
44316,2025-01-20 11:00:00,53.501490587450746,34.02,42.5,3.02,0.01,late,0.0,0.006443548475589944,0,0.0
44317,2025-01-20 12:00:00,53.45243319470919,34.94,39.59,3.26,0.01,late,0.0,0.016201598370346744,0,0.0
44318,2025-01-20 13:00:00,51.708837691789626,35.35,38.23,2.71,0.0,late,0.0,0.4982177379358295,0,0.0
44319,2025-01-20 14:00:00,53.31816615890639,35.29,38.16,2.29,0.0,late,0.0,0.022379943810296822,0,0.0
44320,2025-01-20 15:00:00,51.83313912798789,34.61,39.69,1.68,0.0,late,0.0,0.018623380817084173,0,0.0
44321,2025-01-20 16:00:00,49.84845744083282,33.26,43.41,0.94,0.0,late,0.0,0.009790604194568415,0,0.0
44322,2025-01-20 17:00:00,50.73880517902964,31.08,51.74,0.27,0.0,late,0.0,0.00010909737049910369,0,0.0
44323,2025-01-20 18:00:00,49.257176326119954,28.99,60.54,0.0,0.0,late,0.0,4.478288238353155e-05,0,0.0
44324,2025-01-20 19:00:00,50.33403954850319,27.69,67.42,0.0,0.0,late,0.0,1.5765136939702015e-05,0,0.0
44325,2025-01-20 20:00:00,50.30277589153968,26.56,74.63,0.0,0.0,late,0.0,1.1346757465748352e-05,0,0.0
44326,2025-01-20 21:00:00,51.03494424354565,25.67,80.8,0.0,0.0,late,0.0,7.316019623626312e-06,0,0.0
44327,2025-01-20 22:00:00,51.23349799556261,25.03,84.89,0.0,0.0,late,0.0,4.937366268724804e-06,0,0.0
44328,2025-01-20 23:00:00,50.459485409310616,24.52,87.98,0.0,0.0,late,0.0,2.4037084512780193e-06,0,0.0
44329,2025-01-21 00:00:00,50.26402571992627,23.99,91.2,0.0,0.0,late,0.0,1.1773956782985583e-06,0,0.0
44330,2025-01-21 01:00:00,47.855017066299794,23.58,93.77,0.0,0.0,late,0.0,1.420568768593732e-06,0,0.0
44331,2025-01-21 02:00:00,51.69292533089682,23.25,95.76,0.0,0.0,late,0.0,2.4769263887250445e-07,0,0.0
44332,2025-01-21 03:00:00,49.91715343931155,23.06,96.88,0.0,0.0,late,0.0,2.8235211789726437e-07,0,0.0
44333,2025-01-21 04:00:00,50.524943592788325,22.99,97.21,0.0,0.0,late,0.0,8.093937151231965e-08,0,0.0
44334,2025-01-21 05:00:00,52.25050013937531,23.43,94.6,0.05,0.0,late,0.0,1.8497973764839056e-08,0,0.0
44335,2025-01-21 06:00:00,49.48798207338328,25.65,81.27,0.69,0.0,late,0.0,1.7925467516989476e-05,0,0.0
44336,2025-01-21 07:00:00,50.19986029532831,28.12,66.69,1.52,0.0,late,0.0,0.001710449668471381,0,0.0
44337,2025-01-21 08:00:00,50.07730850897756,30.74,54.65,2.26,0.0,late,0.0,0.05431092965510222,0,0.0
44338,2025-01-21 09:00:00,49.84241131031488,33.08,46.64,2.83,0.0,late,4.779901788795328,0.3948132150718121,0,0.0
44339,2025-01-21 10:00:00,56.0646623592266,34.76,41.43,3.08,0.0,late,0.0,8.625376979125758e-06,0,0.0
44340,2025-01-21 11:00:00,56.03238943639961,35.77,38.0,3.39,0.0,late,0.0,3.63445506395575e-05,0,0.0
44341,2025-01-21 12:00:00,53.75336805118102,36.44,35.85,3.13,0.0,late,0.0,0.018361932246893406,0,0.0
44342,2025-01-21 13:00:00,53.54893194573708,36.84,34.7,3.05,0.0,late,0.0,0.03771605538365239,0,0.0
44343,2025-01-21 14:00:00,52.57402463339293,36.61,34.91,2.42,0.0,late,0.0,0.07967201418150113,0,0.0
44344,2025-01-21 15:00:00,51.45859244950984,35.82,36.43,1.77,0.0,late,0.0,0.039093703013458984,0,0.0
44345,2025-01-21 16:00:00,51.28725821331474,34.18,40.65,1.02,0.0,late,0.0,0.0033852496541165065,0,0.0
44346,2025-01-21 17:00:00,50.068422755084825,31.99,48.84,0.3,0.0,late,0.0,0.00028643835269208287,0,0.0
44347,2025-01-21 18:00:00,50.529155305676376,29.73,58.57,0.0,0.0,late,0.0,2.0482138569951532e-05,0,0.0
44348,2025-01-21 19:00:00,49.73857073279134,28.43,66.24,0.0,0.0,late,0.0,2.7288470843553776e-05,0,0.0
44349,2025-01-21 20:00:00,50.41482711847126,27.29,74.14,0.0,0.0,late,0.0,1.4485961651937248e-05,0,0.0
44350,2025-01-21 21:00:00,51.67862074661038,26.43,80.63,0.0,0.0,late,0.0,9.725683471187162e-06,0,0.0
44351,2025-01-21 22:00:00,51.1044064170116,25.78,85.08,0.0,0.0,late,0.0,7.286793149388216e-06,0,0.0
44352,2025-01-21 23:00:00,51.014419681280806,25.22,88.75,0.0,0.0,late,0.0,3.039774762474714e-06,0,0.0
44353,2025-01-22 00:00:00,49.48897097777673,24.71,91.9,0.0,0.0,late,0.0,2.019524674931011e-06,0,0.0
44354,2025-01-22 01:00:00,51.02411634059321,24.49,93.19,0.0,0.0,late,0.0,1.1149035575456938e-06,0,0.0
44355,2025-01-22 02:00:00,50.717854742168825,24.32,93.93,0.0,0.0,late,0.0,8.045543652075256e-07,0,0.0
44356,2025-01-22 03:00:00,51.19800767155743,24.16,94.53,0.0,0.0,late,0.0,2.854997225234802e-07,0,0.0
44357,2025-01-22 04:00:00,51.87464833515043,23.95,95.44,0.0,0.0,late,0.0,5.030285055295464e-08,0,0.0
44358,2025-01-22 05:00:00,50.44093896448391,24.23,93.59,0.05,0.0,late,0.0,1.2763549316341394e-07,0,0.0
44359,2025-01-22 06:00:00,50.51559041470534,26.27,80.69,0.68,0.0,late,0.0,7.82765032388945e-06,0,0.0
44360,2025-01-22 07:00:00,51.2375578185539,28.65,66.87,1.48,0.0,late,0.0,0.000301320482511411,0,0.0
44361,2025-01-22 08:00:00,49.50833328056847,31.03,55.59,2.33,0.0,late,0.0,0.1479767210838726,0,0.0
44362,2025-01-22 09:00:00,49.33692817872412,33.14,47.25,2.89,0.0,late,4.646387262816631,0.6411508941088413,1,4.74569168201126
44363,2025-01-22 10:00:00,54.5269405370498,34.76,41.5,3.13,0.0,late,0.0,0.0002326806383706802,0,0.0
44364,2025-01-22 11:00:00,54.88869009956423,35.9,37.55,3.19,0.0,late,0.0,0.0004940811302383312,0,0.0
44365,2025-01-22 12:00:00,55.15518386082483,36.54,35.37,3.11,0.0,late,0.0,0.0009460563617859802,0,0.0
44366,2025-01-22 13:00:00,53.39043944751123,36.56,35.04,2.94,0.0,late,0.0,0.04993188058090775,0,0.0
44367,2025-01-22 14:00:00,52.954842207009406,36.05,35.99,2.35,0.0,late,0.0,0.04303149374430495,0,0.0
44368,2025-01-22 15:00:00,52.27630571650663,34.92,38.77,1.73,0.0,late,0.0,0.011731526440301615,0,0.0
44369,2025-01-22 16:00:00,52.07867685134145,33.16,44.16,0.96,0.0,late,0.0,0.0009975604252375877,0,0.0
44370,2025-01-22 17:00:00,50.45651354953807,30.9,52.75,0.28,0.0,late,0.0,0.00013786531771287197,0,0.0
44371,2025-01-22 18:00:00,51.48807227728347,28.91,62.12,0.0,0.0,late,0.0,8.41472748872073e-06,0,0.0
44372,2025-01-22 19:00:00,52.53234273244362,27.69,69.12,0.0,0.0,late,0.0,4.270465298120327e-06,0,0.0
44373,2025-01-22 20:00:00,50.71319767003446,26.91,74.05,0.0,0.0,late,0.0,1.059230758034281e-05,0,0.0
44374,2025-01-22 21:00:00,49.67851718351286,26.31,78.04,0.0,0.0,late,0.0,1.7980920192763124e-05,0,0.0
44375,2025-01-22 22:00:00,50.25828409094306,25.85,81.14,0.0,0.0,late,0.0,8.271877728355061e-06,0,0.0
44376,2025-01-22 23:00:00,51.108917120518704,25.42,83.73,0.0,0.0,late,0.0,3.454068820583556e-06,0,0.0
44377,2025-01-23 00:00:00,49.40488076844272,25.03,85.4,0.0,0.0,late,0.0,2.927477076582161e-06,0,0.0
44378,2025-01-23 01:00:00,50.12457998798568,24.73,86.26,0.0,0.0,late,0.0,1.8207761074146352e-06,0,0.0
44379,2025-01-23 02:00:00,50.47042142383459,24.5,86.99,0.0,0.0,late,0.0,1.3218626349506018e-06,0,0.0
44380,2025-01-23 03:00:00,50.822134135704985,24.15,88.69,0.0,0.0,late,0.0,4.240732207309156e-07,0,0.0
44381,2025-01-23 04:00:00,52.17145571428672,23.81,90.38,0.0,0.0,late,0.0,4.336279876160778e-08,0,0.0
44382,2025-01-23 05:00:00,51.28449874910837,23.96,89.35,0.05,0.0,late,0.0,6.287273757912314e-08,0,0.0
44383,2025-01-23 06:00:00,49.84315741372955,25.89,76.86,0.7,0.0,late,0.0,2.1483702508007093e-05,0,0.0
44384,2025-01-23 07:00:00,53.56579596039817,28.1,64.01,1.57,0.0,late,0.0,8.445610503292781e-06,0,0.0
44385,2025-01-23 08:00:00,49.95131023430343,30.27,53.4,2.37,0.0,late,0.0,0.07707322250540535,0,0.0
44386,2025-01-23 09:00:00,47.90292270929886,32.2,45.41,3.06,0.0,late,4.633801333410592,0.949019910443405,1,4.906082750449541
44387,2025-01-23 10:00:00,55.26108994874495,33.75,40.09,3.4,0.0,late,0.0,3.390822938798431e-05,0,0.0
44388,2025-01-23 11:00:00,54.28602211635095,34.88,36.63,3.57,0.0,late,0.0,0.0013922033395114123,0,0.0
44389,2025-01-23 12:00:00,53.01923897026629,35.55,34.28,3.29,0.0,late,0.0,0.0561815032629547,0,0.0
44390,2025-01-23 13:00:00,53.52819050715932,35.62,33.31,3.14,0.0,late,0.0,0.032058356527989634,0,0.0
44391,2025-01-23 14:00:00,50.10581787909629,35.12,33.61,2.53,0.0,late,0.0,0.6131883992561946,1,4.1070412201149
44392,2025-01-23 15:00:00,52.30788724948648,33.99,35.51,1.94,0.0,late,0.0,0.0129462937331415,0,0.0
44393,2025-01-23 16:00:00,51.666429423212726,32.2,39.67,1.12,0.0,late,0.0,0.0014195136222066107,0,0.0
44394,2025-01-23 17:00:00,50.38718192082261,29.84,46.84,0.34,0.0,late,0.0,0.00010253939407837523,0,0.0
44395,2025-01-23 18:00:00,51.48493549350879,27.67,55.67,0.0,0.0,late,0.0,4.221258503834243e-06,0,0.0
44396,2025-01-23 19:00:00,49.87817115348328,26.46,62.61,0.0,0.0,late,0.0,1.2846626282233056e-05,0,0.0
44397,2025-01-23 20:00:00,50.07850676594183,25.62,68.53,0.0,0.0,late,0.0,8.861049241826791e-06,0,0.0
44398,2025-01-23 21:00:00,51.19200490947064,24.92,73.87,0.0,0.0,late,0.0,3.984811610750625e-06,0,0.0
44399,2025-01-23 22:00:00,50.58473226410628,24.3,78.94,0.0,0.0,late,0.0,3.230382410510412e-06,0,0.0
44400,2025-01-23 23:00:00,50.25227985596789,23.75,83.52,0.0,0.0,late,0.0,1.6693281103872056e-06,0,0.0
44401,2025-01-24 00:00:00,50.66153777926512,23.27,87.58,0.0,0.0,initial,0.0,1.6359625974449052e-06,0,0.0
44402,2025-01-24 01:00:00,51.80737679911703,22.96,90.44,0.0,0.0,initial,0.0,7.579242269387084e-07,0,0.0
44403,2025-01-24 02:00:00,51.7763615172054,22.84,92.21,0.0,0.0,initial,0.0,5.187587744475198e-07,0,0.0
44404,2025-01-24 03:00:00,51.09326634261168,22.82,93.23,0.0,0.0,initial,0.0,3.350393927989133e-07,0,0.0
44405,2025-01-24 04:00:00,50.46802022188496,22.95,93.24,0.0,0.0,initial,0.0,1.3569214660453633e-07,0,0.0
44406,2025-01-24 05:00:00,51.16949551807986,23.35,91.81,0.04,0.0,initial,0.0,5.416388096463932e-08,0,0.0
44407,2025-01-24 06:00:00,50.06240737712127,25.48,79.84,0.47,0.0,initial,0.0,5.199728900146077e-06,0,0.0
44408,2025-01-24 07:00:00,51.47094223829362,27.95,66.77,1.02,0.0,initial,0.0,9.168218676808812e-05,0,0.0
44409,2025-01-24 08:00:00,50.87771987618349,30.2,57.26,1.83,0.0,initial,4.235825078770375,0.036856474712507845,0,0.0
44410,2025-01-24 09:00:00,58.180648276764295,32.18,50.1,2.21,0.04,initial,0.0,6.126386364386941e-07,0,0.0
44411,2025-01-24 10:00:00,55.34393853891709,33.56,45.61,2.49,0.06,initial,0.0,0.0009627598446424459,0,0.0
44412,2025-01-24 11:00:00,54.51134822709144,34.25,43.47,2.56,0.06,initial,0.0,0.022666036791439498,0,0.0
44413,2025-01-24 12:00:00,54.91913834863658,34.31,43.44,2.44,0.05,initial,0.0,0.01838401889534669,0,0.0
44414,2025-01-24 13:00:00,53.50077542587319,34.07,44.05,2.43,0.04,initial,0.0,0.1853229405834442,0,0.0
44415,2025-01-24 14:00:00,53.832044256295625,33.28,45.87,2.16,0.03,initial,0.0,0.06201204661063141,0,0.0
44416,2025-01-24 15:00:00,53.5200448683665,32.26,48.48,1.65,0.02,initial,0.0,0.016559740244911022,0,0.0
44417,2025-01-24 16:00:00,53.42221697647224,30.61,53.7,0.94,0.01,initial,0.0,0.0006724728196126841,0,0.0
44418,2025-01-24 17:00:00,51.90261019420464,28.74,61.28,0.29,0.01,initial,0.0,9.300413810096783e-05,0,0.0
44419,2025-01-24 18:00:00,52.5726992503814,27.27,68.77,0.0,0.01,initial,0.0,1.501430727687056e-05,0,0.0
44420,2025-01-24 19:00:00,51.46732395520405,26.41,74.18,0.0,0.01,initial,0.0,1.9481142880811805e-05,0,0.0
44421,2025-01-24 20:00:00,52.06716355695457,25.78,78.23,0.0,0.01,initial,0.0,9.497267346518378e-06,0,0.0
44422,2025-01-24 21:00:00,51.86314195797836,25.31,80.97,0.0,0.01,initial,0.0,6.156395143419136e-06,0,0.0
44423,2025-01-24 22:00:00,51.83297278760477,24.94,82.92,0.0,0.01,initial,0.0,5.344403207557188e-06,0,0.0
44424,2025-01-24 23:00:00,53.39002491620021,24.6,84.73,0.0,0.01,initial,0.0,3.3290823302882056e-06,0,0.0
44425,2025-01-25 00:00:00,50.86972761957302,24.29,86.26,0.0,0.01,initial,0.0,3.2811247817464696e-06,0,0.0
44426,2025-01-25 01:00:00,51.951908972483615,23.99,87.63,0.0,0.01,initial,0.0,1.636912421436257e-06,0,0.0
44427,2025-01-25 02:00:00,52.011407970538215,23.68,88.95,0.0,0.01,initial,0.0,9.954679818303862e-07,0,0.0
44428,2025-01-25 03:00:00,52.495532190317526,23.34,90.35,0.0,0.01,initial,0.0,2.1042449762733455e-07,0,0.0
44429,2025-01-25 04:00:00,51.115653705308205,23.06,91.53,0.0,0.01,initial,0.0,1.0303350890064894e-07,0,0.0
44430,2025-01-25 05:00:00,51.76670344215447,23.28,90.14,0.05,0.01,initial,0.0,3.980308271040113e-08,0,0.0
44431,2025-01-25 06:00:00,51.54177817137426,25.13,78.95,0.71,0.01,initial,0.0,1.8414056204280584e-06,0,0.0
44432,2025-01-25 07:00:00,49.98906070457878,27.52,64.61,1.48,0.0,initial,0.0,0.00234859285599775,0,0.0
44433,2025-01-25 08:00:00,52.28049401374517,29.81,53.51,2.27,0.0,initial,0.0,0.009182742888630309,0,0.0
44434,2025-01-25 09:00:00,49.56470065881633,31.81,45.48,3.09,0.01,initial,4.596126297831802,0.9267355510772776,1,4.64192380873732
44435,2025-01-25 10:00:00,56.368543561211695,33.43,39.96,3.21,0.01,initial,0.0,0.0001731685133028388,0,0.0
44436,2025-01-25 11:00:00,57.57155454273464,34.68,36.15,3.27,0.01,initial,0.0,3.998858368113908e-05,0,0.0
44437,2025-01-25 12:00:00,55.66541094576206,35.45,33.93,3.4,0.0,initial,0.0,0.003383153194255845,0,0.0
44438,2025-01-25 13:00:00,54.85540128759153,35.57,33.46,2.86,0.01,initial,0.0,0.03060671801266743,0,0.0
44439,2025-01-25 14:00:00,54.15841420256298,35.01,34.88,2.4,0.04,initial,0.0,0.0692026719679921,0,0.0
44440,2025-01-25 15:00:00,54.63302161051664,33.87,37.84,1.77,0.01,initial,0.0,0.006635985043251914,0,0.0
44441,2025-01-25 16:00:00,52.90448964919321,32.11,43.1,1.01,0.01,initial,0.0,0.001837298221435608,0,0.0
44442,2025-01-25 17:00:00,53.59419763688175,29.77,51.92,0.3,0.0,initial,0.0,2.4287653022921592e-05,0,0.0
44443,2025-01-25 18:00:00,52.2052042198813,27.65,62.2,0.0,0.0,initial,0.0,1.7341867012621842e-05,0,0.0
44444,2025-01-25 19:00:00,53.38218117889077,26.4,70.15,0.0,0.0,initial,0.0,6.975091992038322e-06,0,0.0
44445,2025-01-25 20:00:00,53.84029841231558,25.65,75.67,0.0,0.0,initial,0.0,4.880888057693358e-06,0,0.0
44446,2025-01-25 21:00:00,54.25472220430225,25.14,79.56,0.0,0.01,initial,0.0,3.557367662443122e-06,0,0.0
44447,2025-01-25 22:00:00,51.94134153997248,24.69,83.04,0.0,0.04,initial,0.0,4.77618413383873e-06,0,0.0
44448,2025-01-25 23:00:00,53.04328758674033,24.21,86.99,0.0,0.08,initial,0.0,3.095389888595314e-06,0,0.0
44449,2025-01-26 00:00:00,54.72183585338239,23.79,90.6,0.0,0.13,initial,0.0,1.4176685168495676e-06,0,0.0
44450,2025-01-26 01:00:00,54.36814021636887,23.52,92.97,0.0,0.15,initial,0.0,7.769974464629084e-07,0,0.0
44451,2025-01-26 02:00:00,53.696435505972126,23.34,94.32,0.0,0.18,initial,0.0,4.2181626969481956e-07,0,0.0
44452,2025-01-26 03:00:00,54.083692350651546,23.21,95.25,0.0,0.18,initial,0.0,5.075467505813643e-08,0,0.0
44453,2025-01-26 04:00:00,54.54326006689476,23.08,96.11,0.0,0.18,initial,0.0,6.5249483103207314e-09,0,0.0
44454,2025-01-26 05:00:00,54.23225974645206,23.31,95.71,0.04,0.18,initial,0.0,3.3686232261437704e-09,0,0.0
44455,2025-01-26 06:00:00,55.31836533927444,24.84,89.57,0.53,0.28,initial,0.0,7.324969530398764e-09,0,0.0
44456,2025-01-26 07:00:00,55.32741607910955,26.78,75.24,1.08,0.22,initial,0.0,1.8244461352673092e-07,0,0.0
44457,2025-01-26 08:00:00,53.854448183508296,29.14,60.58,1.77,0.19,initial,0.0,0.0001049429528694767,0,0.0
44458,2025-01-26 09:00:00,53.77666627413718,31.46,50.27,2.29,0.02,initial,0.0,0.003517102490652499,0,0.0
44459,2025-01-26 10:00:00,53.09195159320754,33.24,43.74,2.95,0.02,initial,0.0,0.14783907797269769,0,0.0
44460,2025-01-26 11:00:00,52.43987803153888,34.41,39.86,3.17,0.01,initial,4.177752476903024,0.5884173574808409,1,4.49566890822404
44461,2025-01-26 12:00:00,58.98314569275437,35.0,38.0,3.0,0.01,initial,0.0,3.888888528477201e-06,0,0.0
44462,2025-01-26 13:00:00,58.10069882726605,34.99,37.82,3.01,0.01,initial,0.0,3.6377916342506425e-05,0,0.0
44463,2025-01-26 14:00:00,56.65475222179047,34.39,39.31,2.36,0.01,initial,0.0,0.0006655338345047579,0,0.0
44464,2025-01-26 15:00:00,57.71248766652453,33.36,42.23,1.75,0.01,initial,0.0,5.971824524971042e-05,0,0.0
44465,2025-01-26 16:00:00,56.218076653422585,31.74,47.48,1.06,0.0,initial,0.0,6.629545943697397e-05,0,0.0
44466,2025-01-26 17:00:00,57.164290894197066,29.75,55.14,0.3,0.0,initial,0.0,1.471280136801204e-06,0,0.0
44467,2025-01-26 18:00:00,57.14554499590604,28.02,63.08,0.0,0.0,initial,0.0,8.841733226502991e-07,0,0.0
44468,2025-01-26 19:00:00,55.14603311122823,26.93,68.79,0.0,0.0,initial,0.0,3.335859717407462e-06,0,0.0
44469,2025-01-26 20:00:00,55.601124716466536,26.24,72.79,0.0,0.0,initial,0.0,3.0632995174325905e-06,0,0.0
44470,2025-01-26 21:00:00,55.65958336767977,25.77,75.87,0.0,0.0,initial,0.0,2.6812513717485712e-06,0,0.0
44471,2025-01-26 22:00:00,56.2440440755754,25.45,78.33,0.0,0.0,initial,0.0,1.9577315911846073e-06,0,0.0
44472,2025-01-26 23:00:00,56.574522845203376,25.17,80.59,0.0,0.0,initial,0.0,1.5995504162688875e-06,0,0.0
44473,2025-01-27 00:00:00,56.12343671828526,24.91,82.75,0.0,0.01,initial,0.0,2.1484305699885394e-06,0,0.0
44474,2025-01-27 01:00:00,55.57767174828788,24.65,84.5,0.0,0.01,initial,0.0,1.6443449469258532e-06,0,0.0
44475,2025-01-27 02:00:00,57.35217859140448,24.39,86.21,0.0,0.01,initial,0.0,1.0201523126967836e-07,0,0.0
44476,2025-01-27 03:00:00,55.69265439193218,24.12,88.04,0.0,0.01,initial,0.0,3.92000150832475e-08,0,0.0
44477,2025-01-27 04:00:00,56.64935847289804,23.89,89.7,0.0,0.01,initial,0.0,2.9121806588883907e-09,0,0.0
44478,2025-01-27 05:00:00,56.03866556104234,24.06,89.19,0.04,0.01,initial,0.0,1.7608374029035666e-09,0,0.0
44479,2025-01-27 06:00:00,56.01626213977091,25.75,79.5,0.63,0.0,initial,0.0,1.0838217792549957e-08,0,0.0
44480,2025-01-27 07:00:00,56.37950999021019,28.02,66.78,1.41,0.0,initial,0.0,1.8455595047154468e-07,0,0.0
44481,2025-01-27 08:00:00,56.63466535364718,30.46,55.26,2.14,0.0,initial,0.0,2.8050639042433987e-06,0,0.0
44482,2025-01-27 09:00:00,55.03415615345502,32.69,46.61,2.87,0.01,initial,0.0,0.0005537310985246726,0,0.0
44483,2025-01-27 10:00:00,53.64906949016141,34.36,41.32,3.11,0.01,initial,0.0,0.060113839092425694,0,0.0
44484,2025-01-27 11:00:00,54.38620665435075,35.52,37.87,3.27,0.01,initial,0.0,0.03625747595957821,0,0.0
44485,2025-01-27 12:00:00,52.729234496048186,36.14,35.96,2.94,0.01,initial,4.5692678430459175,0.6683862170653383,1,4.556087914366401
44486,2025-01-27 13:00:00,59.26040765436194,36.27,35.36,2.66,0.02,initial,0.0,4.076395919143427e-06,0,0.0
44487,2025-01-27 14:00:00,59.2087306600952,35.79,36.28,2.1,0.02,initial,0.0,6.13379053884932e-06,0,0.0
44488,2025-01-27 15:00:00,58.04676567306058,34.58,39.33,1.5,0.02,initial,0.0,3.454091946415506e-05,0,0.0
44489,2025-01-27 16:00:00,59.32680780862182,32.68,45.28,0.84,0.01,initial,0.0,8.736633156047034e-07,0,0.0
44490,2025-01-27 17:00:00,57.147344008768805,30.59,53.69,0.24,0.01,initial,0.0,1.3838758926449438e-06,0,0.0
44491,2025-01-27 18:00:00,58.078080770870486,28.67,63.31,0.0,0.01,initial,0.0,5.767262904426454e-07,0,0.0
44492,2025-01-27 19:00:00,57.52444881866708,27.35,71.06,0.0,0.01,initial,0.0,1.2178381868253161e-06,0,0.0
44493,2025-01-27 20:00:00,57.53430599472046,26.56,75.98,0.0,0.01,initial,0.0,2.0001805264865745e-06,0,0.0
44494,2025-01-27 21:00:00,56.89369674056491,26.08,78.84,0.0,0.0,initial,0.0,2.554687549004582e-06,0,0.0
44495,2025-01-27 22:00:00,56.89766679725635,25.67,81.29,0.0,0.0,initial,0.0,2.0857776015905246e-06,0,0.0
44496,2025-01-27 23:00:00,57.5931636407916,25.32,83.23,0.0,0.01,initial,0.0,1.486155105460511e-06,0,0.0
44497,2025-01-28 00:00:00,56.52624922517687,24.98,85.08,0.0,0.02,initial,0.0,2.191590000577258e-06,0,0.0
44498,2025-01-28 01:00:00,56.7854192363625,24.69,86.8,0.0,0.02,initial,0.0,1.001866806155344e-06,0,0.0
44499,2025-01-28 02:00:00,57.29559691519795,24.42,88.56,0.0,0.03,initial,0.0,9.871285105147528e-08,0,0.0
44500,2025-01-28 03:00:00,58.32565648370184,24.18,90.32,0.0,0.04,initial,0.0,4.8287044199879764e-09,0,0.0
44501,2025-01-28 04:00:00,57.46028396824676,23.96,91.91,0.0,0.05,initial,0.0,1.271854037141604e-09,0,0.0
44502,2025-01-28 05:00:00,57.52261132772136,24.0,92.19,0.04,0.06,initial,0.0,3.7098607536217376e-10,0,0.0
44503,2025-01-28 06:00:00,56.711466005371165,25.17,86.36,0.65,0.07,initial,0.0,2.756914074679005e-09,0,0.0
44504,2025-01-28 07:00:00,58.7622319402602,27.51,71.53,1.46,0.06,initial,0.0,3.4644265624084557e-09,0,0.0
44505,2025-01-28 08:00:00,57.951538188876725,30.09,58.5,2.27,0.08,initial,0.0,2.595487657250479e-07,0,0.0
44506,2025-01-28 09:00:00,57.43208632440279,32.38,49.01,2.85,0.01,initial,0.0,4.614450039933278e-06,0,0.0
44507,2025-01-28 10:00:00,54.55737987100096,34.07,43.32,2.94,0.02,initial,0.0,0.008351607220463688,0,0.0
44508,2025-01-28 11:00:00,55.18854618643101,35.11,40.15,3.01,0.03,initial,0.0,0.0066680053268684866,0,0.0
44509,2025-01-28 12:00:00,53.30202682437701,35.77,37.93,2.86,0.02,initial,0.0,0.4140419666352235,0,0.0
44510,2025-01-28 13:00:00,53.83273491206206,35.88,36.87,2.55,0.01,initial,0.0,0.17509851370101134,0,0.0
44511,2025-01-28 14:00:00,52.710965691001945,35.44,37.37,2.28,0.0,initial,4.070382788471612,0.3935312781020598,0,0.0
44512,2025-01-28 15:00:00,59.03062455637187,34.39,39.5,1.7,0.0,initial,0.0,7.576766603919312e-06,0,0.0
44513,2025-01-28 16:00:00,57.60243510616665,32.66,44.29,0.99,0.0,initial,0.0,1.2237754291267635e-05,0,0.0
44514,2025-01-28 17:00:00,57.1161718716216,30.28,52.77,0.28,0.0,initial,0.0,1.455069309349456e-06,0,0.0
44515,2025-01-28 18:00:00,57.43546506524437,28.13,63.07,0.0,0.0,initial,0.0,7.589007751327209e-07,0,0.0
44516,2025-01-28 19:00:00,58.19428777551759,26.89,70.85,0.0,0.0,initial,0.0,7.363296530996262e-07,0,0.0
44517,2025-01-28 20:00:00,57.75426398732891,26.17,75.56,0.0,0.0,initial,0.0,1.446765422571998e-06,0,0.0
44518,2025-01-28 21:00:00,58.15057545965176,25.65,78.98,0.0,0.0,initial,0.0,1.446798230037777e-06,0,0.0
44519,2025-01-28 22:00:00,57.12887040111223,25.28,81.46,0.0,0.0,initial,0.0,1.701324606637901e-06,0,0.0
44520,2025-01-28 23:00:00,57.94281861443447,24.87,84.14,0.0,0.0,initial,0.0,1.208096344211033e-06,0,0.0
44521,2025-01-29 00:00:00,59.07662989515234,24.52,86.79,0.0,0.01,initial,0.0,6.978922138731823e-07,0,0.0
44522,2025-01-29 01:00:00,58.238916185043486,24.26,88.89,0.0,0.01,initial,0.0,3.407249242762173e-07,0,0.0
44523,2025-01-29 02:00:00,58.3014734610564,24.04,90.52,0.0,0.01,initial,0.0,3.488587585770388e-08,0,0.0
44524,2025-01-29 03:00:00,58.32037557613036,23.78,92.26,0.0,0.01,initial,0.0,3.408469284220819e-09,0,0.0
44525,2025-01-29 04:00:00,57.60100368138506,23.61,93.5,0.0,0.01,initial,0.0,8.410215354758402e-10,0,0.0
44526,2025-01-29 05:00:00,59.328439464024754,23.83,92.59,0.04,0.01,initial,0.0,5.404549969627242e-11,0,0.0
44527,2025-01-29 06:00:00,58.333666659615325,25.6,81.4,0.59,0.02,initial,0.0,7.047899905653867e-10,0,0.0
44528,2025-01-29 07:00:00,57.98059154272396,27.95,67.47,1.26,0.01,initial,0.0,1.4128012916119236e-08,0,0.0
44529,2025-01-29 08:00:00,57.97258585955298,30.27,56.13,1.95,0.01,initial,0.0,2.437641109449412e-07,0,0.0
44530,2025-01-29 09:00:00,57.59482113478938,32.22,48.07,2.18,0.02,initial,0.0,1.7456323258105884e-06,0,0.0
44531,2025-01-29 10:00:00,55.12890444434351,33.8,42.38,2.47,0.02,initial,0.0,0.0013478726551955852,0,0.0
44532,2025-01-29 11:00:00,55.36802046437976,34.85,38.87,2.66,0.02,initial,0.0,0.0037411165617779194,0,0.0
44533,2025-01-29 12:00:00,56.27942777073751,35.3,37.29,2.4,0.02,initial,0.0,0.001310995171406093,0,0.0
44534,2025-01-29 13:00:00,55.01307567870136,35.14,37.48,2.29,0.02,initial,0.0,0.019145332375945446,0,0.0
44535,2025-01-29 14:00:00,52.87432462020705,34.46,39.01,1.97,0.01,initial,0.0,0.24957530329258132,0,0.0
44536,2025-01-29 15:00:00,52.9486049084744,33.24,42.4,1.46,0.01,initial,0.0,0.02077739142894599,0,0.0
44537,2025-01-29 16:00:00,51.67659503775909,31.64,47.63,0.83,0.0,initial,0.0,0.0038894065984297352,0,0.0
44538,2025-01-29 17:00:00,51.999096668879446,29.75,54.79,0.25,0.0,initial,0.0,9.98114225227423e-05,0,0.0
44539,2025-01-29 18:00:00,51.3495126630424,28.16,62.13,0.0,0.0,initial,0.0,3.6484505700188334e-05,0,0.0
44540,2025-01-29 19:00:00,51.33593969419616,27.2,67.73,0.0,0.0,initial,0.0,2.6585273673177213e-05,0,0.0
44541,2025-01-29 20:00:00,51.24268152592296,26.54,72.0,0.0,0.0,initial,0.0,1.6497623406879604e-05,0,0.0
44542,2025-01-29 21:00:00,53.0620222604739,26.05,75.5,0.0,0.0,initial,0.0,5.749901495264392e-06,0,0.0
44543,2025-01-29 22:00:00,51.33180623855693,25.63,78.6,0.0,0.0,initial,0.0,7.17794987292563e-06,0,0.0
44544,2025-01-29 23:00:00,52.64208188830799,25.25,81.32,0.0,0.01,initial,0.0,4.5591471389776325e-06,0,0.0
44545,2025-01-30 00:00:00,51.39583501199674,24.93,83.49,0.0,0.01,initial,0.0,4.92644991648757e-06,0,0.0
44546,2025-01-30 01:00:00,51.31675340512025,24.68,85.07,0.0,0.01,initial,0.0,3.015064008813307e-06,0,0.0
44547,2025-01-30 02:00:00,52.07768955031634,24.47,86.18,0.0,0.01,initial,0.0,1.8237606682903763e-06,0,0.0
44548,2025-01-30 03:00:00,50.73967884232673,24.13,87.91,0.0,0.01,initial,0.0,9.214626486668659e-07,0,0.0
44549,2025-01-30 04:00:00,52.322898386765104,23.74,89.8,0.0,0.01,initial,0.0,6.763060323658277e-08,0,0.0
44550,2025-01-30 05:00:00,51.694761369844194,23.78,89.45,0.04,0.01,initial,0.0,5.309735705902102e-08,0,0.0
44551,2025-01-30 06:00:00,51.37555769696169,25.53,77.97,0.56,0.01,initial,0.0,1.9713403324798927e-06,0,0.0
44552,2025-01-30 07:00:00,50.98568641671642,27.97,62.48,1.18,0.01,initial,0.0,0.00038960996593914265,0,0.0
44553,2025-01-30 08:00:00,52.72967424376771,30.23,51.93,1.98,0.0,initial,0.0,0.0033147862076949703,0,0.0
44554,2025-01-30 09:00:00,50.49516950657112,32.27,43.91,2.71,0.0,initial,4.754384464701559,0.7600532167133979,1,4.580672313139249
44555,2025-01-30 10:00:00,57.61383513323918,33.71,38.62,3.13,0.0,initial,0.0,1.218788571319851e-05,0,0.0
44556,2025-01-30 11:00:00,57.51280009249679,34.43,35.6,3.29,0.0,initial,0.0,4.368248549498919e-05,0,0.0
44557,2025-01-30 12:00:00,55.250185398181664,34.94,33.29,3.5,0.0,initial,0.0,0.00595518049963749,0,0.0
44558,2025-01-30 13:00:00,55.97036107780863,35.28,31.57,2.8,0.0,initial,0.0,0.0035221957990166685,0,0.0
44559,2025-01-30 14:00:00,54.2627554206851,34.84,31.51,2.37,0.0,initial,0.0,0.057198138711351175,0,0.0
44560,2025-01-30 15:00:00,52.55434562086358,33.8,32.87,1.72,0.0,initial,0.0,0.04608120347470294,0,0.0
44561,2025-01-30 16:00:00,52.79149826842995,32.45,35.69,0.99,0.0,initial,0.0,0.0018059595738800442,0,0.0
44562,2025-01-30 17:00:00,52.10917550251372,30.21,42.36,0.29,0.0,initial,0.0,8.861015515262169e-05,0,0.0
44563,2025-01-30 18:00:00,53.0502244741072,27.83,52.48,0.0,0.0,initial,0.0,7.79541971423175e-06,0,0.0
44564,2025-01-30 19:00:00,52.35042868911815,26.57,60.94,0.0,0.0,initial,0.0,9.537060039934703e-06,0,0.0
44565,2025-01-30 20:00:00,52.26234066765947,25.68,69.01,0.0,0.0,initial,0.0,7.974746001545235e-06,0,0.0
44566,2025-01-30 21:00:00,53.21906268173259,25.0,76.02,0.0,0.0,initial,0.0,3.774732309564739e-06,0,0.0
44567,2025-01-30 22:00:00,53.020448838665104,24.38,81.99,0.0,0.0,initial,0.0,3.205195278903254e-06,0,0.0
44568,2025-01-30 23:00:00,53.95262702605563,23.89,86.57,0.0,0.0,initial,0.0,2.3494888801282065e-06,0,0.0
44569,2025-01-31 00:00:00,53.91718182841429,23.46,90.1,0.0,0.0,initial,0.0,1.2449562057802323e-06,0,0.0
44570,2025-01-31 01:00:00,53.034395194282325,23.29,92.03,0.0,0.0,initial,0.0,8.204432686446739e-07,0,0.0
44571,2025-01-31 02:00:00,53.39752014984303,23.2,93.12,0.0,0.01,initial,0.0,4.747136835514906e-07,0,0.0
44572,2025-01-31 03:00:00,51.8842793866202,23.2,93.6,0.0,0.01,initial,0.0,2.4986247522943525e-07,0,0.0
44573,2025-01-31 04:00:00,53.57963431879394,23.09,94.68,0.0,0.01,initial,0.0,1.582742838370103e-08,0,0.0
44574,2025-01-31 05:00:00,53.36386276427623,23.38,93.62,0.04,0.01,initial,0.0,8.325153261859578e-09,0,0.0
44575,2025-01-31 06:00:00,53.81106525225293,25.45,82.42,0.52,0.01,initial,0.0,7.272455274345808e-08,0,0.0
44576,2025-01-31 07:00:00,52.577904680862005,27.95,68.21,1.09,0.0,initial,0.0,2.1445837889484025e-05,0,0.0
44577,2025-01-31 08:00:00,52.15037221896023,30.32,56.21,1.92,0.0,initial,0.0,0.006084570012391394,0,0.0
44578,2025-01-31 09:00:00,51.540888520212256,32.43,46.94,2.53,0.0,initial,0.0,0.26202756015956336,0,0.0
44579,2025-01-31 10:00:00,52.168989903338,34.05,40.95,2.84,0.0,initial,4.896498278869167,0.4769662703951917,0,0.0
44580,2025-01-31 11:00:00,58.56909621354036,35.08,37.47,3.03,0.0,initial,0.0,4.6738784922021535e-06,0,0.0
44581,2025-01-31 12:00:00,56.27698375146705,35.53,35.95,3.23,0.0,initial,0.0,0.0012124277693523378,0,0.0
44582,2025-01-31 13:00:00,57.14986211333856,35.51,35.9,2.75,0.0,initial,0.0,0.00032507660781092837,0,0.0
44583,2025-01-31 14:00:00,55.511137464407554,34.82,37.56,2.31,0.0,initial,0.0,0.006221306167933203,0,0.0
44584,2025-01-31 15:00:00,56.13496076973733,33.74,40.45,1.73,0.0,initial,0.0,0.000889385051133769,0,0.0
44585,2025-01-31 16:00:00,55.26379405799783,32.2,45.0,0.99,0.0,initial,0.0,0.00016128374766995196,0,0.0
44586,2025-01-31 17:00:00,55.600233427194986,30.24,51.92,0.3,0.0,initial,0.0,4.828466840934013e-06,0,0.0
44587,2025-01-31 18:00:00,55.43896549438994,28.56,59.42,0.0,0.0,initial,0.0,2.2905574837940084e-06,0,0.0
44588,2025-01-31 19:00:00,55.35777159595344,27.43,65.67,0.0,0.0,initial,0.0,2.970647049094927e-06,0,0.0
44589,2025-01-31 20:00:00,55.51545756817472,26.58,71.07,0.0,0.0,initial,0.0,3.4018601018622363e-06,0,0.0
44590,2025-01-31 21:00:00,55.25992540092327,25.84,76.08,0.0,0.0,initial,0.0,3.1389717529366977e-06,0,0.0
44591,2025-01-31 22:00:00,54.05280415115678,25.23,80.5,0.0,0.0,initial,0.0,3.2854758666504494e-06,0,0.0
44592,2025-01-31 23:00:00,53.69301007968647,24.71,84.5,0.0,0.0,initial,0.0,3.322920349818389e-06,0,0.0
44593,2025-02-01 00:00:00,53.94367528104408,24.25,88.05,0.0,0.0,initial,0.0,2.267071658556432e-06,0,0.0
44594,2025-02-01 01:00:00,55.19243390183853,23.86,90.73,0.0,0.0,initial,0.0,8.913165991580113e-07,0,0.0
44595,2025-02-01 02:00:00,52.82916048874014,23.64,92.3,0.0,0.0,initial,0.0,7.412954579736892e-07,0,0.0
44596,2025-02-01 03:00:00,54.59555852936016,23.41,93.7,0.0,0.0,initial,0.0,4.2880665148552725e-08,0,0.0
44597,2025-02-01 04:00:00,54.395186885022085,23.19,95.14,0.0,0.0,initial,0.0,8.434766826743205e-09,0,0.0
44598,2025-02-01 05:00:00,55.58695364125189,23.42,93.85,0.04,0.0,initial,0.0,1.382702225718394e-09,0,0.0
44599,2025-02-01 06:00:00,54.51410817568092,25.54,80.41,0.65,0.0,initial,0.0,5.373060896817538e-08,0,0.0
44600,2025-02-01 07:00:00,54.08191607899391,27.93,66.13,1.43,0.0,initial,0.0,5.770668723484503e-06,0,0.0
44601,2025-02-01 08:00:00,54.98299843928175,30.31,54.07,2.23,0.0,initial,0.0,6.037822768211424e-05,0,0.0
44602,2025-02-01 09:00:00,53.22515189617432,32.51,45.0,2.95,0.0,initial,0.0,0.020650402790183393,0,0.0
44603,2025-02-01 10:00:00,52.322495308823335,34.26,38.94,3.09,0.0,initial,4.069225544546875,0.452555832838348,0,0.0
44604,2025-02-01 11:00:00,58.05324760937165,35.5,34.97,3.32,0.0,initial,0.0,1.593293744537529e-05,0,0.0
44605,2025-02-01 12:00:00,57.78005362901136,36.16,32.72,3.05,0.0,initial,0.0,6.925266713658645e-05,0,0.0
44606,2025-02-01 13:00:00,56.42369903048363,36.21,32.33,2.84,0.0,initial,0.0,0.0016551124251103302,0,0.0
44607,2025-02-01 14:00:00,55.65315303512655,35.61,33.83,2.39,0.0,initial,0.0,0.006063078399862052,0,0.0
44608,2025-02-01 15:00:00,56.44412668999456,34.31,37.15,1.75,0.0,initial,0.0,0.0006199884152408659,0,0.0
44609,2025-02-01 16:00:00,54.876510781904514,32.47,42.93,1.06,0.0,initial,0.0,0.00029118570367115743,0,0.0
44610,2025-02-01 17:00:00,54.24767533442098,30.14,51.81,0.31,0.0,initial,0.0,1.5604289224550022e-05,0,0.0
44611,2025-02-01 18:00:00,53.81016498661018,28.18,61.16,0.0,0.0,initial,0.0,6.832566756307272e-06,0,0.0
44612,2025-02-01 19:00:00,54.765059469053725,27.02,67.83,0.0,0.0,initial,0.0,3.91037296162923e-06,0,0.0
44613,2025-02-01 20:00:00,54.15844997073248,26.2,73.22,0.0,0.0,initial,0.0,5.292878735844701e-06,0,0.0
44614,2025-02-01 21:00:00,54.31158265373045,25.52,78.23,0.0,0.0,initial,0.0,3.93903855983993e-06,0,0.0
44615,2025-02-01 22:00:00,53.92502549155629,24.96,82.87,0.0,0.0,initial,0.0,3.3936094818858313e-06,0,0.0
44616,2025-02-01 23:00:00,54.76376835144847,24.58,86.0,0.0,0.0,initial,0.0,2.737725298700786e-06,0,0.0
44617,2025-02-02 00:00:00,53.56358843419357,24.35,87.81,0.0,0.0,initial,0.0,2.561703314399074e-06,0,0.0
44618,2025-02-02 01:00:00,54.93542198336559,24.17,88.88,0.0,0.0,initial,0.0,1.2091783349341966e-06,0,0.0
44619,2025-02-02 02:00:00,54.16907099983957,23.94,90.21,0.0,0.0,initial,0.0,6.044659736718842e-07,0,0.0
44620,2025-02-02 03:00:00,55.179559468195,23.74,91.42,0.0,0.0,initial,0.0,3.818747099801278e-08,0,0.0
44621,2025-02-02 04:00:00,54.994459344553775,23.54,92.67,0.0,0.0,initial,0.0,7.814823661419675e-09,0,0.0
44622,2025-02-02 05:00:00,54.68945421295031,23.76,91.49,0.04,0.0,initial,0.0,4.1502944717816345e-09,0,0.0
44623,2025-02-02 06:00:00,55.28316321743248,25.81,79.16,0.66,0.0,initial,0.0,2.723509742951726e-08,0,0.0
44624,2025-02-02 07:00:00,55.62212360442878,28.25,65.52,1.41,0.0,initial,0.0,6.985010859954031e-07,0,0.0
44625,2025-02-02 08:00:00,54.9476417430886,30.65,54.13,2.17,0.0,initial,0.0,6.347466464477784e-05,0,0.0
44626,2025-02-02 09:00:00,52.26914280549196,32.82,45.35,2.89,0.01,initial,0.0,0.12257098799940445,0,0.0
44627,2025-02-02 10:00:00,52.077500204816346,34.59,39.34,3.07,0.01,initial,4.029673958514895,0.5703851859252016,1,4.552297385097967
44628,2025-02-02 11:00:00,58.04686495617087,35.74,35.7,3.14,0.01,initial,0.0,1.5696750505395186e-05,0,0.0
44629,2025-02-02 12:00:00,58.06917205092358,36.24,34.31,3.0,0.01,initial,0.0,3.5541029589663325e-05,0,0.0
44630,2025-02-02 13:00:00,56.30830400558615,35.99,35.07,2.93,0.02,initial,0.0,0.0018293278892772893,0,0.0
44631,2025-02-02 14:00:00,55.55835856746134,35.22,37.32,2.25,0.04,initial,0.0,0.006164784550753495,0,0.0
44632,2025-02-02 15:00:00,54.88019338622711,33.91,41.23,1.6,0.07,initial,0.0,0.00334508673324179,0,0.0
44633,2025-02-02 16:00:00,55.33792766944489,32.14,47.32,0.92,0.06,initial,0.0,0.000134043511782259,0,0.0
44634,2025-02-02 17:00:00,55.439372383211165,30.02,56.01,0.28,0.05,initial,0.0,5.524849013492937e-06,0,0.0
44635,2025-02-02 18:00:00,54.012345616932194,28.31,64.69,0.0,0.04,initial,0.0,6.583292699115672e-06,0,0.0
44636,2025-02-02 19:00:00,54.63273873957312,27.2,71.51,0.0,0.05,initial,0.0,5.451959641677796e-06,0,0.0
44637,2025-02-02 20:00:00,53.61560787077977,26.3,77.66,0.0,0.07,initial,0.0,8.389150703332262e-06,0,0.0
44638,2025-02-02 21:00:00,53.33078196857889,25.63,82.94,0.0,0.09,initial,0.0,5.593774157752667e-06,0,0.0
44639,2025-02-02 22:00:00,55.76936391239805,25.05,87.62,0.0,0.11,initial,0.0,2.8721557971538926e-06,0,0.0
44640,2025-02-02 23:00:00,55.80897232245834,24.68,90.8,0.0,0.14,initial,0.0,2.6726628791500264e-06,0,0.0
44641,2025-02-03 00:00:00,55.88205546930443,24.51,92.38,0.0,0.15,initial,0.0,1.92988026761401e-06,0,0.0
44642,2025-02-03 01:00:00,57.20121361949992,24.36,93.64,0.0,0.15,initial,0.0,4.81634001915838e-07,0,0.0
44643,2025-02-03 02:00:00,54.7660426292322,24.18,94.84,0.0,0.14,initial,0.0,3.840442173560471e-07,0,0.0
44644,2025-02-03 03:00:00,54.642547655050905,24.1,95.42,0.0,0.16,initial,0.0,4.992879585742495e-08,0,0.0
44645,2025-02-03 04:00:00,55.64545670325771,24.01,96.02,0.0,0.19,initial,0.0,4.094759582159901e-09,0,0.0
44646,2025-02-03 05:00:00,55.11091924506096,24.2,95.76,0.03,0.21,initial,0.0,2.3259551936696586e-09,0,0.0
44647,2025-02-03 06:00:00,56.72844651852643,25.26,91.99,0.5,0.33,initial,0.0,1.6470689398569122e-09,0,0.0
44648,2025-02-03 07:00:00,57.9546456385461,26.76,81.86,1.12,0.39,initial,0.0,3.1650335768862213e-09,0,0.0
44649,2025-02-03 08:00:00,57.91643592427194,29.16,65.6,1.81,0.49,initial,0.0,1.0643084696849578e-07,0,0.0
44650,2025-02-03 09:00:00,57.90486640426879,31.25,54.15,2.21,0.0,initial,0.0,1.0632723920539692e-06,0,0.0
44651,2025-02-03 10:00:00,56.649111052538366,32.73,47.78,2.53,0.0,initial,0.0,6.413773875260732e-05,0,0.0
44652,2025-02-03 11:00:00,55.21465832171199,33.58,44.4,2.92,0.0,initial,0.0,0.004732892022794652,0,0.0
44653,2025-02-03 12:00:00,54.27377859763512,34.01,42.7,2.82,0.0,initial,0.0,0.056324583616925286,0,0.0
44654,2025-02-03 13:00:00,54.22990549832155,33.88,42.81,2.76,0.0,initial,0.0,0.055804890576423,0,0.0
44655,2025-02-03 14:00:00,51.92545522674201,33.28,44.32,2.19,0.0,initial,0.0,0.476747271239606,0,0.0
44656,2025-02-03 15:00:00,50.011101377480415,32.26,47.06,1.54,0.0,initial,0.0,0.265459414344399,0,0.0
44657,2025-02-03 16:00:00,52.443758969003405,30.87,51.72,0.86,0.0,initial,0.0,0.0015920416295286581,0,0.0
44658,2025-02-03 17:00:00,52.100740391668815,29.06,59.27,0.24,0.0,initial,0.0,7.47858596138911e-05,0,0.0
44659,2025-02-03 18:00:00,53.16874627197221,27.6,67.17,0.0,0.0,initial,0.0,1.085629087438105e-05,0,0.0
44660,2025-02-03 19:00:00,52.47045557500972,26.74,73.12,0.0,0.0,initial,0.0,1.3218256489192301e-05,0,0.0
44661,2025-02-03 20:00:00,52.16064992369899,26.16,77.64,0.0,0.0,initial,0.0,1.0619373548776175e-05,0,0.0
44662,2025-02-03 21:00:00,51.663602878609495,25.73,80.96,0.0,0.0,initial,0.0,7.572304265752385e-06,0,0.0
44663,2025-02-03 22:00:00,51.26440430223636,25.44,83.07,0.0,0.0,initial,0.0,7.352572506616865e-06,0,0.0
44664,2025-02-03 23:00:00,51.68910462704024,25.21,84.32,0.0,0.0,initial,0.0,5.432348973870913e-06,0,0.0
44665,2025-02-04 00:00:00,52.67741436090248,24.97,85.29,0.0,0.0,initial,0.0,4.338372235402806e-06,0,0.0
44666,2025-02-04 01:00:00,52.284238134672286,24.65,86.54,0.0,0.0,initial,0.0,2.5765410645101016e-06,0,0.0
44667,2025-02-04 02:00:00,52.6606918227098,24.26,88.21,0.0,0.0,initial,0.0,1.3492594911406022e-06,0,0.0
44668,2025-02-04 03:00:00,51.99867800703207,23.92,89.67,0.0,0.0,initial,0.0,4.011729856141355e-07,0,0.0
44669,2025-02-04 04:00:00,51.19367329232387,23.6,90.79,0.0,0.0,initial,0.0,1.27841721095502e-07,0,0.0
44670,2025-02-04 05:00:00,52.84177067943105,23.66,89.8,0.04,0.0,initial,0.0,2.0345129536947906e-08,0,0.0
44671,2025-02-04 06:00:00,52.769375742243824,25.77,75.79,0.68,0.0,initial,0.0,7.846826528657498e-07,0,0.0
44672,2025-02-04 07:00:00,51.831354130308654,28.03,62.49,1.52,0.0,initial,0.0,0.00023176356097102705,0,0.0
44673,2025-02-04 08:00:00,51.6826641796991,30.16,53.01,2.35,0.0,initial,0.0,0.03163646188893218,0,0.0
44674,2025-02-04 09:00:00,51.22176442243492,31.93,46.29,2.95,0.17,initial,4.573194252050069,0.4573142029479193,0,0.0
44675,2025-02-04 10:00:00,57.35993603923679,33.41,41.16,3.22,0.05,initial,0.0,2.1008643334020977e-05,0,0.0
44676,2025-02-04 11:00:00,56.70432346667592,34.37,38.15,3.55,0.03,initial,0.0,0.00020394467717554007,0,0.0
44677,2025-02-04 12:00:00,55.31956697552194,34.74,36.83,3.37,0.02,initial,0.0,0.0056482814178863885,0,0.0
44678,2025-02-04 13:00:00,54.9889974977341,34.48,37.12,3.12,0.01,initial,0.0,0.016813305481818114,0,0.0
44679,2025-02-04 14:00:00,55.266379484826615,33.75,38.67,2.61,0.01,initial,0.0,0.007864218395321828,0,0.0
44680,2025-02-04 15:00:00,54.48516239907332,32.54,41.55,1.92,0.0,initial,0.0,0.009088550004815572,0,0.0
44681,2025-02-04 16:00:00,53.814044146406445,30.91,46.39,1.14,0.0,initial,0.0,0.0006998958649100523,0,0.0
44682,2025-02-04 17:00:00,53.90424467006959,28.91,53.66,0.32,0.0,initial,0.0,1.4689048837146434e-05,0,0.0
44683,2025-02-04 18:00:00,52.84465079049496,27.37,61.2,0.0,0.0,initial,0.0,1.0197179360912005e-05,0,0.0
44684,2025-02-04 19:00:00,52.19824753202694,26.46,67.03,0.0,0.0,initial,0.0,1.2006370861063705e-05,0,0.0
44685,2025-02-04 20:00:00,53.023901021865655,25.74,72.08,0.0,0.01,initial,0.0,6.335328101487439e-06,0,0.0
44686,2025-02-04 21:00:00,53.09975179630637,25.18,76.26,0.0,0.01,initial,0.0,4.1806450039244654e-06,0,0.0
44687,2025-02-04 22:00:00,53.727492093635455,24.66,79.77,0.0,0.02,initial,0.0,2.764026683908576e-06,0,0.0
44688,2025-02-04 23:00:00,53.62105960699839,24.29,82.24,0.0,0.02,initial,0.0,2.6981890674058432e-06,0,0.0
44689,2025-02-05 00:00:00,54.04536654869796,23.9,84.72,0.0,0.02,initial,0.0,1.7913956820109855e-06,0,0.0
44690,2025-02-05 01:00:00,51.64997602383558,23.66,86.4,0.0,0.02,initial,0.0,1.3392273883240825e-06,0,0.0
44691,2025-02-05 02:00:00,52.67347666710998,23.43,87.98,0.0,0.04,initial,0.0,7.837121839185544e-07,0,0.0
44692,2025-02-05 03:00:00,53.2888145038994,23.23,89.05,0.0,0.04,initial,0.0,1.253160806243686e-07,0,0.0
44693,2025-02-05 04:00:00,53.79538520163278,23.0,90.15,0.0,0.04,initial,0.0,1.8400416235721057e-08,0,0.0
44694,2025-02-05 05:00:00,55.1499112669609,23.13,90.21,0.03,0.05,initial,0.0,2.27806103262195e-09,0,0.0
44695,2025-02-05 06:00:00,52.83005560165145,25.15,81.78,0.6,0.11,initial,0.0,2.3881817087253123e-07,0,0.0
44696,2025-02-05 07:00:00,52.981700627989234,27.19,67.3,1.43,0.13,initial,0.0,1.8078134469289387e-05,0,0.0
44697,2025-02-05 08:00:00,52.864059741298384,29.53,55.24,2.29,0.07,initial,0.0,0.002592872717098122,0,0.0
44698,2025-02-05 09:00:00,52.0170069529624,31.56,47.62,2.85,0.02,initial,0.0,0.1545470980954252,0,0.0
44699,2025-02-05 10:00:00,51.175562880949975,33.21,41.9,3.11,0.02,initial,4.376626076628973,0.84717302857877,1,4.645692511886078
44700,2025-02-05 11:00:00,58.41566958465039,34.3,38.22,3.2,0.03,initial,0.0,6.372647647460516e-06,0,0.0
44701,2025-02-05 12:00:00,58.32215823613984,34.84,36.52,3.06,0.02,initial,0.0,1.6481995721770753e-05,0,0.0
44702,2025-02-05 13:00:00,56.82912992004396,34.59,37.15,2.88,0.03,initial,0.0,0.00047319355990507316,0,0.0
44703,2025-02-05 14:00:00,55.31856752691231,33.85,39.17,2.32,0.02,initial,0.0,0.006899531681002511,0,0.0
44704,2025-02-05 15:00:00,55.2601043285367,32.65,42.53,1.52,0.02,initial,0.0,0.0015437386854050645,0,0.0
44705,2025-02-05 16:00:00,54.16436092644702,31.06,47.57,0.84,0.01,initial,0.0,0.00027670864421353264,0,0.0
44706,2025-02-05 17:00:00,55.56932157300107,29.09,55.29,0.21,0.01,initial,0.0,3.50272550339998e-06,0,0.0
44707,2025-02-05 18:00:00,55.97232150355081,27.44,63.63,0.0,0.01,initial,0.0,1.5758480094866225e-06,0,0.0
44708,2025-02-05 19:00:00,53.531789118548375,26.58,69.36,0.0,0.01,initial,0.0,6.840629344974769e-06,0,0.0
44709,2025-02-05 20:00:00,55.00362027036446,25.91,73.95,0.0,0.01,initial,0.0,3.406814119345934e-06,0,0.0
44710,2025-02-05 21:00:00,54.2103348880112,25.37,77.48,0.0,0.01,initial,0.0,3.648496783533828e-06,0,0.0
44711,2025-02-05 22:00:00,54.90820078261166,24.91,80.58,0.0,0.02,initial,0.0,2.41838985948579e-06,0,0.0
44712,2025-02-05 23:00:00,54.82695476436848,24.49,83.62,0.0,0.03,initial,0.0,2.3037583883366767e-06,0,0.0
44713,2025-02-06 00:00:00,53.87255047201181,24.32,85.71,0.0,0.04,initial,0.0,2.4454902451184315e-06,0,0.0
44714,2025-02-06 01:00:00,55.96245250734449,24.16,87.8,0.0,0.04,initial,0.0,9.871644870621558e-07,0,0.0
44715,2025-02-06 02:00:00,54.93653159589494,24.01,89.56,0.0,0.05,initial,0.0,4.3831066801993376e-07,0,0.0
44716,2025-02-06 03:00:00,54.756890568849,23.88,91.07,0.0,0.06,initial,0.0,5.544083617524731e-08,0,0.0
44717,2025-02-06 04:00:00,55.33844599101688,23.81,92.34,0.0,0.09,initial,0.0,6.903630648263073e-09,0,0.0
44718,2025-02-06 05:00:00,54.68642123443716,23.94,92.63,0.02,0.11,initial,0.0,3.93274742942068e-09,0,0.0
44719,2025-02-06 06:00:00,55.373473690287085,25.25,87.28,0.28,0.11,initial,0.0,6.313885239577607e-09,0,0.0
44720,2025-02-06 07:00:00,54.03779428218494,26.54,77.98,0.66,0.14,initial,0.0,3.5723725432721564e-07,0,0.0
44721,2025-02-06 08:00:00,53.42175435637728,27.65,69.72,1.1,0.13,initial,0.0,1.7903958654390677e-05,0,0.0
44722,2025-02-06 09:00:00,54.29344507533996,28.13,66.32,1.81,0.22,initial,0.0,0.00016369944815029084,0,0.0
44723,2025-02-06 10:00:00,54.21537760255778,28.68,63.41,2.5,0.16,initial,0.0,0.0030875191839181046,0,0.0
44724,2025-02-06 11:00:00,52.67249332025416,29.27,59.97,2.29,0.11,initial,0.0,0.22204412979579177,0,0.0
44725,2025-02-06 12:00:00,53.05470602194702,29.67,57.62,2.35,0.08,initial,0.0,0.17781466423988457,0,0.0
44726,2025-02-06 13:00:00,52.450024420350026,29.87,56.33,1.58,0.1,initial,0.0,0.20021583032397935,0,0.0
44727,2025-02-06 14:00:00,52.34952851851431,29.62,57.09,1.02,0.12,initial,0.0,0.035974334361514114,0,0.0
44728,2025-02-06 15:00:00,52.51466171439736,29.04,59.42,0.93,0.11,initial,0.0,0.006068601737179555,0,0.0
44729,2025-02-06 16:00:00,53.13031051968617,28.15,63.53,0.51,0.08,initial,0.0,0.00013560395739418556,0,0.0
44730,2025-02-06 17:00:00,51.99048633886535,26.95,70.34,0.12,0.06,initial,0.0,4.06962958222367e-05,0,0.0
44731,2025-02-06 18:00:00,50.92309556936689,25.99,77.09,0.0,0.05,initial,0.0,2.762223313079643e-05,0,0.0
44732,2025-02-06 19:00:00,52.29357940339478,25.44,81.89,0.0,0.04,initial,0.0,1.0291553213873777e-05,0,0.0
44733,2025-02-06 20:00:00,52.93086990300272,24.99,85.72,0.0,0.04,initial,0.0,6.654653077238681e-06,0,0.0
44734,2025-02-06 21:00:00,50.98916928914637,24.68,88.41,0.0,0.06,initial,0.0,6.297033731573642e-06,0,0.0
44735,2025-02-06 22:00:00,51.12118764829896,24.39,90.74,0.0,0.07,initial,0.0,4.804480999964051e-06,0,0.0
44736,2025-02-06 23:00:00,50.936038326278464,24.12,92.72,0.0,0.08,initial,0.0,3.8670132178557264e-06,0,0.0
44737,2025-02-07 00:00:00,51.69628886184604,23.9,94.13,0.0,0.06,initial,0.0,2.0507446906642354e-06,0,0.0
44738,2025-02-07 01:00:00,52.508958892134096,23.79,94.69,0.0,0.05,initial,0.0,1.1783211734903807e-06,0,0.0
44739,2025-02-07 02:00:00,53.446949406423336,23.71,94.85,0.0,0.04,initial,0.0,5.521803566522282e-07,0,0.0
44740,2025-02-07 03:00:00,53.01122528222592,23.56,95.17,0.0,0.03,initial,0.0,1.2201652015092905e-07,0,0.0
44741,2025-02-07 04:00:00,52.631307659923536,23.45,95.23,0.0,0.02,initial,0.0,3.3813861105538174e-08,0,0.0
44742,2025-02-07 05:00:00,52.37199259890868,23.62,94.41,0.03,0.01,initial,0.0,1.7730016249513638e-08,0,0.0
44743,2025-02-07 06:00:00,52.67360019071352,24.75,89.5,0.52,0.02,initial,0.0,8.989664765683082e-08,0,0.0
44744,2025-02-07 07:00:00,52.53910876490862,26.88,74.85,1.3,0.02,initial,0.0,1.3570276530979344e-05,0,0.0
44745,2025-02-07 08:00:00,52.83462524750923,29.63,58.12,2.06,0.01,initial,0.0,0.0014973342457220988,0,0.0
44746,2025-02-07 09:00:00,51.21083084134358,31.6,49.48,1.98,0.0,initial,4.095795955316444,0.22450836435037397,0,0.0
44747,2025-02-07 10:00:00,57.59685187994907,32.97,44.62,2.01,0.02,initial,0.0,5.319294258001731e-06,0,0.0
44748,2025-02-07 11:00:00,56.401989767921805,33.71,42.45,1.99,0.09,initial,0.0,0.00022739424690932235,0,0.0
44749,2025-02-07 12:00:00,56.27113892321281,33.73,42.79,2.14,0.2,initial,0.0,0.0009350982883845624,0,0.0
44750,2025-02-07 13:00:00,55.60420901095538,33.17,45.08,1.97,0.32,initial,0.0,0.0028193512286056165,0,0.0
44751,2025-02-07 14:00:00,54.62868666693558,32.06,48.89,1.86,0.37,initial,0.0,0.010284647810609272,0,0.0
44752,2025-02-07 15:00:00,56.139432864604274,30.64,54.28,1.2,0.34,initial,0.0,0.0001585103131474564,0,0.0
44753,2025-02-07 16:00:00,56.56972997998719,28.93,62.59,0.65,0.27,initial,0.0,1.0643252618510066e-05,0,0.0
44754,2025-02-07 17:00:00,55.35505148091031,27.13,72.84,0.16,0.17,initial,0.0,5.697638439665938e-06,0,0.0
44755,2025-02-07 18:00:00,55.78813605023152,25.9,80.91,0.0,0.11,initial,0.0,2.128536489517508e-06,0,0.0
44756,2025-02-07 19:00:00,56.28680904368635,25.33,84.77,0.0,0.06,initial,0.0,1.7517315820852118e-06,0,0.0
44757,2025-02-07 20:00:00,55.52033245100321,25.07,85.65,0.0,0.03,initial,0.0,3.145134518167239e-06,0,0.0
44758,2025-02-07 21:00:00,55.81166899375551,24.9,85.15,0.0,0.02,initial,0.0,2.7429751446354618e-06,0,0.0
44759,2025-02-07 22:00:00,55.51140562686511,24.63,85.15,0.0,0.02,initial,0.0,2.3310921320243122e-06,0,0.0
44760,2025-02-07 23:00:00,55.28289095388768,24.29,85.4,0.0,0.03,initial,0.0,2.0868719822362173e-06,0,0.0
44761,2025-02-08 00:00:00,56.18976158433362,23.88,86.72,0.0,0.04,development,0.0,1.0390505920076175e-08,0,0.0
44762,2025-02-08 01:00:00,56.23251098254224,23.49,88.46,0.0,0.04,development,0.0,3.209731138323983e-09,0,0.0
44763,2025-02-08 02:00:00,56.62302750562037,23.15,90.33,0.0,0.05,development,0.0,8.311808873128744e-10,0,0.0
44764,2025-02-08 03:00:00,55.94477528029001,22.91,91.82,0.0,0.05,development,0.0,2.7758443498536536e-10,0,0.0
44765,2025-02-08 04:00:00,55.03763349167985,22.79,92.64,0.0,0.04,development,0.0,1.1651508614291522e-10,0,0.0
44766,2025-02-08 05:00:00,56.93362315054373,23.01,92.18,0.03,0.04,development,0.0,9.806505367691802e-12,0,0.0
44767,2025-02-08 06:00:00,55.54736324115556,24.46,86.38,0.55,0.07,development,0.0,1.7961631764653795e-10,0,0.0
44768,2025-02-08 07:00:00,55.347710504783336,26.73,72.31,1.37,0.07,development,0.0,9.945115778201178e-09,0,0.0
44769,2025-02-08 08:00:00,55.07053136713063,29.22,58.43,2.05,0.06,development,0.0,7.910116132307539e-07,0,0.0
44770,2025-02-08 09:00:00,53.4044394624332,31.17,50.22,2.6,0.04,development,0.0,0.0003769109222208616,0,0.0
44771,2025-02-08 10:00:00,53.760596772350986,32.68,45.03,2.9,0.04,development,0.0,0.0008303055482406216,0,0.0
44772,2025-02-08 11:00:00,53.46004264130284,33.65,41.98,3.05,0.04,development,0.0,0.003826808482409035,0,0.0
44773,2025-02-08 12:00:00,51.611553918334415,33.99,40.92,2.69,0.04,development,0.0,0.19032890960638316,0,0.0
44774,2025-02-08 13:00:00,52.07139257360817,33.73,41.67,2.35,0.05,development,4.071947194197477,0.049094935285765105,0,0.0
44775,2025-02-08 14:00:00,57.968757938192354,32.87,43.97,1.95,0.06,development,0.0,4.5022205179919543e-07,0,0.0
44776,2025-02-08 15:00:00,56.96244326893903,31.79,47.0,1.38,0.04,development,0.0,1.4852401764026977e-06,0,0.0
44777,2025-02-08 16:00:00,54.21249264672909,30.27,52.13,0.79,0.03,development,0.0,5.857237089956772e-06,0,0.0
44778,2025-02-08 17:00:00,56.65908505536704,28.51,59.49,0.2,0.02,development,0.0,6.21875291589355e-08,0,0.0
44779,2025-02-08 18:00:00,55.33487381202622,27.04,67.39,0.0,0.01,development,0.0,7.393347190217182e-08,0,0.0
44780,2025-02-08 19:00:00,56.89234439007424,26.2,73.23,0.0,0.02,development,0.0,3.567626610426539e-08,0,0.0
44781,2025-02-08 20:00:00,55.10386066094125,25.65,77.9,0.0,0.03,development,0.0,7.842479354340719e-08,0,0.0
44782,2025-02-08 21:00:00,55.51276867328812,25.21,81.9,0.0,0.03,development,0.0,9.432642569279755e-08,0,0.0
44783,2025-02-08 22:00:00,55.73381830391546,24.91,84.82,0.0,0.03,development,0.0,8.159346444396345e-08,0,0.0
44784,2025-02-08 23:00:00,54.96623402228904,24.68,86.97,0.0,0.04,development,0.0,7.50415996271834e-08,0,0.0
44785,2025-02-09 00:00:00,54.45324317862555,24.43,88.78,0.0,0.03,development,0.0,2.6774215732087818e-08,0,0.0
44786,2025-02-09 01:00:00,53.869012111163975,24.15,90.61,0.0,0.03,development,0.0,9.227164938374647e-09,0,0.0
44787,2025-02-09 02:00:00,58.18686793237519,23.87,92.33,0.0,0.03,development,0.0,3.8738279188589376e-10,0,0.0
44788,2025-02-09 03:00:00,54.5272260985136,23.66,93.5,0.0,0.03,development,0.0,7.979111367845561e-10,0,0.0
44789,2025-02-09 04:00:00,54.57574867191497,23.49,94.31,0.0,0.03,development,0.0,2.1017038343079543e-10,0,0.0
44790,2025-02-09 05:00:00,56.3822107243668,23.63,93.45,0.03,0.02,development,0.0,2.2250275844375702e-11,0,0.0
44791,2025-02-09 06:00:00,54.810548342227534,25.19,84.44,0.49,0.02,development,0.0,6.101044654564717e-10,0,0.0
44792,2025-02-09 07:00:00,54.41258939899668,27.53,68.89,1.23,0.02,development,0.0,4.5748705086328007e-08,0,0.0
44793,2025-02-09 08:00:00,52.89577609011464,29.88,55.9,1.91,0.02,development,0.0,3.442917159657742e-05,0,0.0
44794,2025-02-09 09:00:00,54.70491397164302,31.79,47.88,2.28,0.02,development,0.0,2.8889448847687043e-05,0,0.0
44795,2025-02-09 10:00:00,52.7342089868188,33.18,43.26,2.46,0.03,development,0.0,0.007043326349273758,0,0.0
44796,2025-02-09 11:00:00,53.14358911186208,34.01,41.02,2.85,0.05,development,0.0,0.007500201538818006,0,0.0
44797,2025-02-09 12:00:00,51.60823759784652,34.31,40.39,2.61,0.08,development,0.0,0.19787947537203207,0,0.0
44798,2025-02-09 13:00:00,50.8259196478748,34.03,41.38,2.55,0.09,development,4.231457502528528,0.35728025822627507,0,0.0
44799,2025-02-09 14:00:00,56.61670811419212,33.24,43.65,2.19,0.07,development,0.0,6.794736180003861e-06,0,0.0
44800,2025-02-09 15:00:00,56.05928657025174,32.05,47.13,1.6,0.04,development,0.0,8.810481522973073e-06,0,0.0
44801,2025-02-09 16:00:00,55.07157354635968,30.42,52.64,0.86,0.03,development,0.0,2.8521786618853485e-06,0,0.0
44802,2025-02-09 17:00:00,54.88551184029229,28.73,59.7,0.23,0.01,development,0.0,3.1017495071257985e-07,0,0.0
44803,2025-02-09 18:00:00,54.66207783962814,27.37,66.89,0.0,0.01,development,0.0,1.1860707187008753e-07,0,0.0
44804,2025-02-09 19:00:00,56.76175863375338,26.5,72.74,0.0,0.01,development,0.0,4.2950123617648895e-08,0,0.0
44805,2025-02-09 20:00:00,55.25867338180908,25.91,77.34,0.0,0.02,development,0.0,8.135885866082802e-08,0,0.0
44806,2025-02-09 21:00:00,53.81371916980958,25.45,81.16,0.0,0.04,development,0.0,1.860569408237387e-07,0,0.0
44807,2025-02-09 22:00:00,55.89508204535056,25.06,84.48,0.0,0.05,development,0.0,8.069655767537409e-08,0,0.0
44808,2025-02-09 23:00:00,55.10758116459286,24.71,87.25,0.0,0.05,development,0.0,7.231596574156787e-08,0,0.0
44809,2025-02-10 00:00:00,55.777489136467885,24.41,89.32,0.0,0.05,development,0.0,1.5154655690549412e-08,0,0.0
44810,2025-02-10 01:00:00,55.659935170796345,24.2,90.7,0.0,0.05,development,0.0,4.740873798062215e-09,0,0.0
44811,2025-02-10 02:00:00,57.142714287983736,23.99,92.13,0.0,0.06,development,0.0,7.82206745195361e-10,0,0.0
44812,2025-02-10 03:00:00,55.75617279770922,23.81,93.5,0.0,0.09,development,0.0,3.997070504033022e-10,0,0.0
44813,2025-02-10 04:00:00,56.840932459646034,23.62,94.6,0.0,0.1,development,0.0,3.7522273998665135e-11,0,0.0
44814,2025-02-10 05:00:00,56.88147372385584,23.71,94.4,0.02,0.1,development,0.0,1.289971652838759e-11,0,0.0
44815,2025-02-10 06:00:00,55.3823283494982,24.8,89.25,0.43,0.13,development,0.0,1.8318042946719625e-10,0,0.0
44816,2025-02-10 07:00:00,56.507653525315945,26.67,76.56,1.0,0.12,development,0.0,8.118691596020478e-10,0,0.0
44817,2025-02-10 08:00:00,55.38283314838398,29.19,61.99,1.7,0.12,development,0.0,2.468046662076205e-07,0,0.0
44818,2025-02-10 09:00:00,54.40255898088407,31.1,53.7,2.01,0.09,development,0.0,2.6080538648446567e-05,0,0.0
44819,2025-02-10 10:00:00,53.62107236453678,32.56,48.52,2.52,0.09,development,0.0,0.000948564266423162,0,0.0
44820,2025-02-10 11:00:00,54.32877204333835,33.47,45.37,2.86,0.07,development,0.0,0.00045438099027370906,0,0.0
44821,2025-02-10 12:00:00,54.81271991594656,33.71,44.09,2.91,0.05,development,0.0,0.00024033942071281528,0,0.0
44822,2025-02-10 13:00:00,51.09092575925193,33.31,44.76,2.5,0.03,development,0.0,0.2479974973777912,0,0.0
44823,2025-02-10 14:00:00,51.0481281131621,32.33,47.37,1.94,0.03,development,0.0,0.044695713371858174,0,0.0
44824,2025-02-10 15:00:00,50.41636664784623,30.97,51.66,1.36,0.02,development,0.0,0.007164336660939238,0,0.0
44825,2025-02-10 16:00:00,49.25107310748112,29.19,58.25,0.77,0.02,development,0.0,0.000525500987449765,0,0.0
44826,2025-02-10 17:00:00,50.54552943844013,27.38,66.41,0.19,0.01,development,0.0,4.561492995228747e-06,0,0.0
44827,2025-02-10 18:00:00,51.18950305836152,26.3,72.66,0.0,0.01,development,0.0,7.262096509333805e-07,0,0.0
44828,2025-02-10 19:00:00,48.96628395662472,25.71,76.73,0.0,0.01,development,0.0,1.7940918112552728e-06,0,0.0
44829,2025-02-10 20:00:00,50.8444615423884,25.33,79.36,0.0,0.01,development,0.0,4.3650896833320296e-07,0,0.0
44830,2025-02-10 21:00:00,49.04457715977971,25.04,81.16,0.0,0.02,development,0.0,8.193357100876789e-07,0,0.0
44831,2025-02-10 22:00:00,48.73074379323151,24.73,82.91,0.0,0.02,development,0.0,7.593861572673357e-07,0,0.0
44832,2025-02-10 23:00:00,49.42047998099091,24.39,85.01,0.0,0.02,development,0.0,2.5280406386628024e-07,0,0.0
44833,2025-02-11 00:00:00,50.2521604128602,24.08,87.05,0.0,0.02,development,0.0,7.683562794897928e-08,0,0.0
44834,2025-02-11 01:00:00,49.49856945519186,23.76,88.98,0.0,0.02,development,0.0,4.540328688882519e-08,0,0.0
44835,2025-02-11 02:00:00,50.19718178620309,23.48,90.56,0.0,0.02,development,0.0,1.23839788426523e-08,0,0.0
44836,2025-02-11 03:00:00,49.80070736808145,23.28,91.49,0.0,0.01,development,0.0,7.702139724958175e-09,0,0.0
44837,2025-02-11 04:00:00,50.71422221676267,23.12,92.35,0.0,0.01,development,0.0,2.417001992762672e-09,0,0.0
44838,2025-02-11 05:00:00,50.06896751374557,23.26,91.66,0.02,0.01,development,0.0,2.6588344756276917e-09,0,0.0
44839,2025-02-11 06:00:00,50.90638726289356,24.63,83.96,0.49,0.03,development,0.0,2.5997925823275557e-08,0,0.0
44840,2025-02-11 07:00:00,48.747921228622005,26.91,69.48,1.26,0.02,development,0.0,6.836180895098376e-05,0,0.0
44841,2025-02-11 08:00:00,48.768928079537865,28.84,59.56,1.97,0.02,development,0.0,0.012189015096185548,0,0.0
44842,2025-02-11 09:00:00,48.18474725223752,30.34,53.02,2.47,0.0,development,4.77299965958084,0.7425142398277,1,4.549195342907581
44843,2025-02-11 10:00:00,54.54455579884343,31.49,48.51,2.83,0.0,development,0.0,0.00011138604082702767,0,0.0
44844,2025-02-11 11:00:00,53.40330894492488,32.45,45.18,3.04,0.0,development,0.0,0.0030760944838601335,0,0.0
44845,2025-02-11 12:00:00,53.46007363101671,33.25,42.82,2.96,0.0,development,0.0,0.004274124718074748,0,0.0
44846,2025-02-11 13:00:00,52.66791541153938,33.49,42.28,2.64,0.0,development,0.0,0.02238157530378097,0,0.0
44847,2025-02-11 14:00:00,51.312510723690416,33.03,43.68,2.32,0.0,development,0.0,0.04675291165447296,0,0.0
44848,2025-02-11 15:00:00,51.32390164360687,31.93,46.87,1.74,0.0,development,0.0,0.00477676208702934,0,0.0
44849,2025-02-11 16:00:00,49.06672863753888,30.35,51.88,1.05,0.0,development,0.0,0.0020657016880906614,0,0.0
44850,2025-02-11 17:00:00,49.36358156908682,28.41,59.58,0.27,0.0,development,0.0,1.6392155055903943e-05,0,0.0
44851,2025-02-11 18:00:00,48.73254553434892,26.89,67.25,0.0,0.0,development,0.0,4.3784153019789674e-06,0,0.0
44852,2025-02-11 19:00:00,49.78793902079555,25.94,73.1,0.0,0.0,development,0.0,1.3102751067095069e-06,0,0.0
44853,2025-02-11 20:00:00,50.06672426963189,25.35,77.45,0.0,0.0,development,0.0,7.055584917667626e-07,0,0.0
44854,2025-02-11 21:00:00,50.762403436842185,24.92,80.58,0.0,0.01,development,0.0,4.3109551957032056e-07,0,0.0
44855,2025-02-11 22:00:00,48.75962465684388,24.61,82.79,0.0,0.01,development,0.0,7.063941524422255e-07,0,0.0
44856,2025-02-11 23:00:00,50.01186786489484,24.3,84.8,0.0,0.01,development,0.0,2.1563799159831004e-07,0,0.0
44857,2025-02-12 00:00:00,50.87532039146322,23.93,87.0,0.0,0.01,development,0.0,6.153577932751579e-08,0,0.0
44858,2025-02-12 01:00:00,48.9375789370171,23.57,89.35,0.0,0.01,development,0.0,4.62305294100374e-08,0,0.0
44859,2025-02-12 02:00:00,48.76243264867112,23.34,90.92,0.0,0.01,development,0.0,2.092873316401945e-08,0,0.0
44860,2025-02-12 03:00:00,48.58435669265769,23.09,92.42,0.0,0.01,development,0.0,1.1842611859351571e-08,0,0.0
44861,2025-02-12 04:00:00,50.27601216659911,22.92,93.24,0.0,0.01,development,0.0,2.7709818209979675e-09,0,0.0
44862,2025-02-12 05:00:00,49.208548264165735,23.13,92.01,0.03,0.01,development,0.0,4.525826169335999e-09,0,0.0
44863,2025-02-12 06:00:00,50.183873048664736,25.11,79.79,0.58,0.01,development,0.0,1.2519095480781455e-07,0,0.0
44864,2025-02-12 07:00:00,49.36430132204974,27.55,65.54,1.32,0.01,development,0.0,6.68188200623654e-05,0,0.0
44865,2025-02-12 08:00:00,50.45589371052762,29.88,54.61,2.15,0.01,development,0.0,0.0033527503686241597,0,0.0
44866,2025-02-12 09:00:00,48.95198738214874,31.74,47.61,2.64,0.05,development,4.728483606758172,0.7121615896259076,1,4.535974541925018
44867,2025-02-12 10:00:00,54.696082919501386,33.14,43.42,2.96,0.05,development,0.0,0.00013035134683222493,0,0.0
44868,2025-02-12 11:00:00,54.12727922433978,34.11,40.59,3.19,0.05,development,0.0,0.0010520597423172278,0,0.0
44869,2025-02-12 12:00:00,53.9926396150593,34.41,39.48,2.97,0.05,development,0.0,0.001847846677765762,0,0.0
44870,2025-02-12 13:00:00,51.54975576212576,34.16,39.98,2.78,0.06,development,0.0,0.15424371286420419,0,0.0
44871,2025-02-12 14:00:00,52.49952553500744,33.34,42.08,2.2,0.06,development,0.0,0.011585621390075827,0,0.0
44872,2025-02-12 15:00:00,50.67264373830777,32.08,45.7,1.65,0.06,development,0.0,0.009954965243002451,0,0.0
44873,2025-02-12 16:00:00,51.035394022414245,30.51,50.5,1.03,0.04,development,0.0,0.00033658134249306583,0,0.0
44874,2025-02-12 17:00:00,49.979667631252,28.68,56.99,0.27,0.02,development,0.0,1.0770078080966914e-05,0,0.0
44875,2025-02-12 18:00:00,49.729986319493456,27.25,63.6,0.0,0.01,development,0.0,2.468231094034822e-06,0,0.0
44876,2025-02-12 19:00:00,49.61157277114975,26.35,69.08,0.0,0.01,development,0.0,1.7969796800093441e-06,0,0.0
44877,2025-02-12 20:00:00,51.55996174962984,25.65,73.95,0.0,0.01,development,0.0,4.018980139963047e-07,0,0.0
44878,2025-02-12 21:00:00,49.9379664020782,25.06,78.35,0.0,0.0,development,0.0,6.896261282159944e-07,0,0.0
44879,2025-02-12 22:00:00,52.63854578677894,24.57,81.94,0.0,0.0,development,0.0,1.955233448176484e-07,0,0.0
44880,2025-02-12 23:00:00,50.30802812053569,24.1,85.12,0.0,0.01,development,0.0,1.7703374886418434e-07,0,0.0
44881,2025-02-13 00:00:00,49.51842913920575,23.72,87.74,0.0,0.01,development,0.0,7.244836500915578e-08,0,0.0
44882,2025-02-13 01:00:00,48.95584690099898,23.49,89.21,0.0,0.02,development,0.0,4.432154126195533e-08,0,0.0
44883,2025-02-13 02:00:00,51.23528733198115,23.41,89.85,0.0,0.02,development,0.0,8.704002563458662e-09,0,0.0
44884,2025-02-13 03:00:00,50.11907624698225,23.34,90.42,0.0,0.02,development,0.0,7.656400691296304e-09,0,0.0
44885,2025-02-13 04:00:00,50.95720788603486,23.23,91.12,0.0,0.02,development,0.0,2.339473653798369e-09,0,0.0
44886,2025-02-13 05:00:00,52.16938162982083,23.41,90.19,0.03,0.01,development,0.0,6.703177471449805e-10,0,0.0
44887,2025-02-13 06:00:00,50.87162956422032,25.0,81.25,0.58,0.02,development,0.0,5.492950156261506e-08,0,0.0
44888,2025-02-13 07:00:00,50.35375567459639,27.36,67.26,1.41,0.02,development,0.0,1.7981245911719542e-05,0,0.0
44889,2025-02-13 08:00:00,50.54109348012611,29.82,55.01,2.28,0.01,development,0.0,0.0035842093162756915,0,0.0
44890,2025-02-13 09:00:00,49.44480299815674,31.82,46.88,2.67,0.0,development,4.449831622359231,0.5246329307270285,0,0.0
44891,2025-02-13 10:00:00,54.29118652472085,33.32,42.13,2.97,0.01,development,0.0,0.0003452029918859959,0,0.0
44892,2025-02-13 11:00:00,55.34381920636355,34.36,39.1,3.13,0.01,development,0.0,7.492242221395347e-05,0,0.0
44893,2025-02-13 12:00:00,53.18069728077148,34.73,37.82,2.83,0.01,development,0.0,0.010967177879861024,0,0.0
44894,2025-02-13 13:00:00,53.42686526426117,34.51,38.12,2.56,0.01,development,0.0,0.005249199234668427,0,0.0
44895,2025-02-13 14:00:00,51.682901301801415,33.69,39.97,2.2,0.01,development,0.0,0.03714179341401579,0,0.0
44896,2025-02-13 15:00:00,51.471966473067546,32.58,42.72,1.69,0.0,development,0.0,0.004975555172573257,0,0.0
44897,2025-02-13 16:00:00,49.80266776142273,30.91,47.83,1.01,0.0,development,0.0,0.0010824196964360027,0,0.0
44898,2025-02-13 17:00:00,48.49086892413165,28.87,55.31,0.25,0.0,development,0.0,3.704497176902171e-05,0,0.0
44899,2025-02-13 18:00:00,50.15568445001872,27.27,62.71,0.0,0.0,development,0.0,1.8014681790085096e-06,0,0.0
44900,2025-02-13 19:00:00,50.48619564867913,26.34,68.24,0.0,0.0,development,0.0,1.0675208234527325e-06,0,0.0
44901,2025-02-13 20:00:00,49.25916842436748,25.66,72.8,0.0,0.0,development,0.0,1.292838179910381e-06,0,0.0
44902,2025-02-13 21:00:00,49.54206988248701,24.99,77.33,0.0,0.0,development,0.0,8.191390750782284e-07,0,0.0
44903,2025-02-13 22:00:00,47.9332328334632,24.35,81.57,0.0,0.0,development,0.0,7.951297257294838e-07,0,0.0
44904,2025-02-13 23:00:00,49.58047634724179,23.9,84.72,0.0,0.0,development,0.0,1.8319668034020663e-07,0,0.0
44905,2025-02-14 00:00:00,48.70435234277647,23.52,87.34,0.0,0.0,development,0.0,7.956142406042721e-08,0,0.0
44906,2025-02-14 01:00:00,50.11849285280713,23.24,89.41,0.0,0.0,development,0.0,2.5792409159337725e-08,0,0.0
44907,2025-02-14 02:00:00,49.9726522824662,23.12,90.56,0.0,0.0,development,0.0,1.1576867028615553e-08,0,0.0
44908,2025-02-14 03:00:00,49.729374403041525,23.02,91.52,0.0,0.01,development,0.0,7.066796751664516e-09,0,0.0
44909,2025-02-14 04:00:00,50.7878336112552,22.89,92.43,0.0,0.01,development,0.0,2.0418192043658175e-09,0,0.0
44910,2025-02-14 05:00:00,49.93498593989494,23.23,90.76,0.03,0.01,development,0.0,3.1109444324995914e-09,0,0.0
44911,2025-02-14 06:00:00,49.90947743240636,25.39,78.37,0.58,0.01,development,0.0,2.0974242373863716e-07,0,0.0
44912,2025-02-14 07:00:00,49.739633171017104,27.89,64.63,1.39,0.01,development,0.0,6.064221936707545e-05,0,0.0
44913,2025-02-14 08:00:00,48.46574418700812,30.27,53.62,2.26,0.0,development,0.0,0.10588130922490163,0,0.0
44914,2025-02-14 09:00:00,48.95929715141054,32.42,45.36,2.75,0.01,development,4.902174780696345,0.7674783841521073,1,4.932956766367253
44915,2025-02-14 10:00:00,54.65016893095202,34.11,39.87,2.96,0.0,development,0.0,0.00019693656136459905,0,0.0
44916,2025-02-14 11:00:00,54.65828180641144,35.22,36.56,3.12,0.0,development,0.0,0.0004155070418984196,0,0.0
44917,2025-02-14 12:00:00,54.19433845127769,35.62,35.29,2.78,0.0,development,0.0,0.001440576915192559,0,0.0
44918,2025-02-14 13:00:00,51.335032520002784,35.4,35.72,2.76,0.0,development,0.0,0.22458180930006078,0,0.0
44919,2025-02-14 14:00:00,50.12908084114005,34.68,37.35,2.31,0.0,development,0.0,0.2604132306938218,0,0.0
44920,2025-02-14 15:00:00,49.58938479424856,33.38,40.64,1.64,0.0,development,0.0,0.04489735947783502,0,0.0
44921,2025-02-14 16:00:00,51.32798897933666,31.51,46.29,0.95,0.0,development,0.0,0.00027874449814507823,0,0.0
44922,2025-02-14 17:00:00,49.10202018832246,29.43,53.83,0.24,0.0,development,0.0,2.712619594473428e-05,0,0.0
44923,2025-02-14 18:00:00,48.62909929270094,27.84,61.33,0.0,0.0,development,0.0,6.086561147963993e-06,0,0.0
44924,2025-02-14 19:00:00,49.88255022139129,26.89,67.24,0.0,0.0,development,0.0,1.938404923917544e-06,0,0.0
44925,2025-02-14 20:00:00,47.4104172205265,26.19,72.33,0.0,0.0,development,0.0,3.6390454536347147e-06,0,0.0
44926,2025-02-14 21:00:00,48.8382934185329,25.67,76.27,0.0,0.01,development,0.0,1.4120704704520418e-06,0,0.0
44927,2025-02-14 22:00:00,50.7457258090339,25.26,79.13,0.0,0.01,development,0.0,5.36033089467793e-07,0,0.0
44928,2025-02-14 23:00:00,48.88767164181214,24.86,81.35,0.0,0.03,development,0.0,4.7570528874309054e-07,0,0.0
44929,2025-02-15 00:00:00,49.49333308541739,24.61,82.83,0.0,0.04,development,0.0,1.7289585419911763e-07,0,0.0
44930,2025-02-15 01:00:00,49.99976062123423,24.42,84.0,0.0,0.05,development,0.0,8.344261076745526e-08,0,0.0
44931,2025-02-15 02:00:00,50.07520401955116,24.22,85.77,0.0,0.06,development,0.0,3.178458940731416e-08,0,0.0
44932,2025-02-15 03:00:00,49.48844923207937,24.04,87.6,0.0,0.06,development,0.0,2.086347362357263e-08,0,0.0
44933,2025-02-15 04:00:00,50.42657270791867,23.89,89.2,0.0,0.06,development,0.0,5.386767220642937e-09,0,0.0
44934,2025-02-15 05:00:00,51.22144522803059,23.86,90.19,0.02,0.06,development,0.0,1.7770240888148638e-09,0,0.0
44935,2025-02-15 06:00:00,49.29014910145878,24.94,84.7,0.48,0.06,development,0.0,1.2829988951701586e-07,0,0.0
44936,2025-02-15 07:00:00,49.50820120981442,26.92,72.77,1.1,0.03,development,0.0,1.1622326378818574e-05,0,0.0
44937,2025-02-15 08:00:00,49.29336543105176,29.52,58.87,1.8,0.02,development,0.0,0.005111410504509522,0,0.0
44938,2025-02-15 09:00:00,49.16907720022791,31.75,49.56,2.47,0.0,development,4.600342266096085,0.5271536194075137,0,0.0
44939,2025-02-15 10:00:00,55.36195666395136,33.45,43.58,2.7,0.0,development,0.0,3.1242310684753955e-05,0,0.0
44940,2025-02-15 11:00:00,54.184223830947296,34.56,39.85,2.71,0.0,development,0.0,0.0007946315556982402,0,0.0
44941,2025-02-15 12:00:00,51.9599293423874,35.01,38.1,2.75,0.0,development,0.0,0.12716125177492135,0,0.0
44942,2025-02-15 13:00:00,51.24347062464257,34.9,38.08,2.5,0.0,development,0.0,0.2149713500548003,0,0.0
44943,2025-02-15 14:00:00,51.36309424368097,34.37,39.45,2.16,0.0,development,0.0,0.06009487738933232,0,0.0
44944,2025-02-15 15:00:00,50.02958736806931,33.36,42.1,1.67,0.0,development,0.0,0.026262696600680174,0,0.0
44945,2025-02-15 16:00:00,49.623716692463134,31.68,47.11,0.97,0.0,development,0.0,0.0014724478991461184,0,0.0
44946,2025-02-15 17:00:00,49.566679358404,29.78,54.01,0.25,0.0,development,0.0,2.242197468356968e-05,0,0.0
44947,2025-02-15 18:00:00,51.48952429033126,28.22,61.0,0.0,0.0,development,0.0,9.600595736617124e-07,0,0.0
44948,2025-02-15 19:00:00,49.21819343672358,27.16,66.78,0.0,0.0,development,0.0,3.233538523894074e-06,0,0.0
44949,2025-02-15 20:00:00,50.72573973957171,26.32,72.01,0.0,0.0,development,0.0,8.841133947946307e-07,0,0.0
44950,2025-02-15 21:00:00,50.66724499533409,25.63,76.57,0.0,0.0,development,0.0,6.922138151661018e-07,0,0.0
44951,2025-02-15 22:00:00,50.25918643746737,24.95,80.83,0.0,0.0,development,0.0,5.246738881047079e-07,0,0.0
44952,2025-02-15 23:00:00,48.9507240568884,24.42,84.12,0.0,0.01,development,0.0,3.001114482582934e-07,0,0.0
44953,2025-02-16 00:00:00,49.75092288118413,24.08,86.33,0.0,0.01,development,0.0,9.122267080473759e-08,0,0.0
44954,2025-02-16 01:00:00,49.32878588215156,23.86,87.5,0.0,0.0,development,0.0,5.757885125518901e-08,0,0.0
44955,2025-02-16 02:00:00,51.25271112283482,23.76,87.74,0.0,0.0,development,0.0,1.1876697569153559e-08,0,0.0
44956,2025-02-16 03:00:00,49.96970088101073,23.57,88.4,0.0,0.0,development,0.0,1.1656051776229503e-08,0,0.0
44957,2025-02-16 04:00:00,49.47063310001389,23.31,89.55,0.0,0.0,development,0.0,7.927799696515668e-09,0,0.0
44958,2025-02-16 05:00:00,51.06911441458721,23.33,89.16,0.03,0.0,development,0.0,1.57101512032694e-09,0,0.0
44959,2025-02-16 06:00:00,49.35917526101941,25.68,75.05,0.59,0.0,development,0.0,5.659899951948701e-07,0,0.0
44960,2025-02-16 07:00:00,49.81521563021966,28.18,61.13,1.35,0.0,development,0.0,7.293596180573468e-05,0,0.0
44961,2025-02-16 08:00:00,49.41957217714894,30.53,50.33,2.13,0.0,development,0.0,0.02737411375422458,0,0.0
44962,2025-02-16 09:00:00,48.46790581935741,32.57,42.82,2.3,0.05,development,4.714500887731688,0.7633746874114559,1,5.027340259680695
44963,2025-02-16 10:00:00,55.23064416150392,34.01,39.16,2.54,0.13,development,0.0,4.3455471544622613e-05,0,0.0
44964,2025-02-16 11:00:00,55.31339727262368,34.69,38.53,2.58,0.26,development,0.0,6.53955695014302e-05,0,0.0
44965,2025-02-16 12:00:00,53.61934851032458,34.73,39.83,2.05,0.41,development,0.0,0.002131219542191998,0,0.0
44966,2025-02-16 13:00:00,54.61687427580796,34.05,43.02,1.43,0.48,development,0.0,0.00011776371999875333,0,0.0
44967,2025-02-16 14:00:00,53.28155165810949,32.96,47.24,1.7,0.54,development,0.0,0.0013008851261296535,0,0.0
44968,2025-02-16 15:00:00,54.471779623904446,31.4,52.86,1.31,0.5,development,0.0,3.858375929206383e-05,0,0.0
44969,2025-02-16 16:00:00,54.17228496972676,29.53,60.61,0.74,0.36,development,0.0,4.314331344301276e-06,0,0.0
44970,2025-02-16 17:00:00,53.71996090872796,27.56,70.18,0.21,0.17,development,0.0,6.45135919634914e-07,0,0.0
44971,2025-02-16 18:00:00,53.33334702384623,26.2,78.61,0.0,0.1,development,0.0,2.397521674615502e-07,0,0.0
44972,2025-02-16 19:00:00,54.38764629479045,25.54,83.33,0.0,0.08,development,0.0,9.795506760725533e-08,0,0.0
44973,2025-02-16 20:00:00,54.07488287880795,24.99,87.24,0.0,0.09,development,0.0,1.0884784998305195e-07,0,0.0
44974,2025-02-16 21:00:00,51.14478194693841,24.56,90.19,0.0,0.08,development,0.0,3.067083637986445e-07,0,0.0
44975,2025-02-16 22:00:00,53.201337320308895,24.26,92.32,0.0,0.11,development,0.0,1.6063581630537984e-07,0,0.0
44976,2025-02-16 23:00:00,54.1279985904788,23.97,94.13,0.0,0.11,development,0.0,6.971055326399746e-08,0,0.0
44977,2025-02-17 00:00:00,54.36678851700525,23.77,95.19,0.0,0.12,development,0.0,1.655456095385789e-08,0,0.0
44978,2025-02-17 01:00:00,54.89623327219355,23.62,95.84,0.0,0.15,development,0.0,3.698697680494317e-09,0,0.0
44979,2025-02-17 02:00:00,55.81958452252261,23.47,96.35,0.0,0.2,development,0.0,9.527761901016318e-10,0,0.0
44980,2025-02-17 03:00:00,55.312330610037804,23.37,96.46,0.0,0.21,development,0.0,3.6482748446691537e-10,0,0.0
44981,2025-02-17 04:00:00,53.4630317765608,23.28,96.49,0.0,0.23,development,0.0,3.2452200361807854e-10,0,0.0
44982,2025-02-17 05:00:00,55.61362390509148,23.46,96.37,0.02,0.26,development,0.0,3.133527603348208e-11,0,0.0
44983,2025-02-17 06:00:00,57.04065013055775,24.98,92.56,0.56,0.49,development,0.0,3.1721858958422285e-11,0,0.0
44984,2025-02-17 07:00:00,56.33026074925738,26.5,82.19,1.44,0.36,development,0.0,1.2452048992865264e-09,0,0.0
44985,2025-02-17 08:00:00,56.18109388244514,28.91,65.65,2.27,0.25,development,0.0,8.456527346014639e-08,0,0.0
44986,2025-02-17 09:00:00,54.903611089503066,31.17,54.56,3.03,0.03,development,0.0,1.6872728544532323e-05,0,0.0
44987,2025-02-17 10:00:00,55.168972740851366,32.77,48.13,3.21,0.03,development,0.0,3.214751095397919e-05,0,0.0
44988,2025-02-17 11:00:00,53.11821254557627,33.71,44.63,3.38,0.02,development,0.0,0.006709859046425518,0,0.0
44989,2025-02-17 12:00:00,52.82972817576278,34.11,42.91,2.94,0.02,development,0.0,0.01715913972440911,0,0.0
44990,2025-02-17 13:00:00,51.67693763543275,33.88,43.02,2.65,0.01,development,0.0,0.123468980172262,0,0.0
44991,2025-02-17 14:00:00,50.46306203307391,33.21,44.43,2.24,0.01,development,4.085087334927231,0.12344154824735892,0,0.0
44992,2025-02-17 15:00:00,56.85861566654817,32.08,47.31,1.58,0.0,development,0.0,2.374838343076806e-06,0,0.0
44993,2025-02-17 16:00:00,56.09752329163766,30.6,51.72,0.91,0.0,development,0.0,1.1515732957336533e-06,0,0.0
44994,2025-02-17 17:00:00,56.68101699502812,28.73,58.83,0.22,0.0,development,0.0,6.614581651506079e-08,0,0.0
44995,2025-02-17 18:00:00,56.2005440445063,27.26,66.22,0.0,0.0,development,0.0,4.2975345374021903e-08,0,0.0
44996,2025-02-17 19:00:00,56.49094648275789,26.39,71.59,0.0,0.0,development,0.0,4.4663060247563524e-08,0,0.0
44997,2025-02-17 20:00:00,55.04803641640027,25.83,74.98,0.0,0.0,development,0.0,7.875522077057964e-08,0,0.0
44998,2025-02-17 21:00:00,54.99787324003851,25.42,76.94,0.0,0.0,development,0.0,9.862227569943018e-08,0,0.0
44999,2025-02-17 22:00:00,55.70933863203252,24.98,78.66,0.0,0.0,development,0.0,7.031510130491763e-08,0,0.0
45000,2025-02-17 23:00:00,56.25873413139346,24.57,79.86,0.0,0.0,development,0.0,3.160964563818474e-08,0,0.0
45001,2025-02-18 00:00:00,56.08434470396242,24.34,80.09,0.0,0.0,development,0.0,1.360796593282666e-08,0,0.0
45002,2025-02-18 01:00:00,55.05815441973965,23.9,81.45,0.0,0.0,development,0.0,7.849532964597486e-09,0,0.0
45003,2025-02-18 02:00:00,56.28361821904141,23.45,82.95,0.0,0.0,development,0.0,1.815080679253803e-09,0,0.0
45004,2025-02-18 03:00:00,55.15689634438985,23.08,84.26,0.0,0.0,development,0.0,6.596290660626263e-10,0,0.0
45005,2025-02-18 04:00:00,56.19824911115022,22.83,84.9,0.0,0.0,development,0.0,6.009051093640447e-11,0,0.0
45006,2025-02-18 05:00:00,55.88841126803856,23.01,83.69,0.03,0.0,development,0.0,3.648575689793305e-11,0,0.0
45007,2025-02-18 06:00:00,55.47907154323211,25.4,70.58,0.61,0.0,development,0.0,1.264024940437598e-09,0,0.0
45008,2025-02-18 07:00:00,54.94760596118796,27.74,58.69,1.46,0.0,development,0.0,7.11693101630335e-08,0,0.0
45009,2025-02-18 08:00:00,54.93664275310916,29.81,50.71,2.3,0.0,development,0.0,2.2069557851179026e-06,0,0.0
45010,2025-02-18 09:00:00,54.13646583517781,31.73,44.22,3.02,0.01,development,0.0,0.0001519978715365514,0,0.0
45011,2025-02-18 10:00:00,52.29907489995668,33.31,39.44,3.08,0.01,development,0.0,0.026558858195213867,0,0.0
45012,2025-02-18 11:00:00,52.56263423979825,34.49,36.11,3.17,0.0,development,0.0,0.037942155033062974,0,0.0
45013,2025-02-18 12:00:00,51.91374315737959,34.97,34.93,2.97,0.0,development,4.340248827139902,0.1648715758732088,0,0.0
45014,2025-02-18 13:00:00,57.855254749027054,34.87,35.21,2.88,0.0,development,0.0,7.473861453820074e-07,0,0.0
45015,2025-02-18 14:00:00,56.47261957044755,34.0,37.73,2.37,0.0,development,0.0,1.2353962465704635e-05,0,0.0
45016,2025-02-18 15:00:00,55.08807195088786,32.53,41.97,1.73,0.0,development,0.0,5.965528085040496e-05,0,0.0
45017,2025-02-18 16:00:00,55.004885066896335,30.64,47.71,1.0,0.0,development,0.0,5.0211751744577055e-06,0,0.0
45018,2025-02-18 17:00:00,54.51378161103437,28.44,55.78,0.25,0.0,development,0.0,3.6833781094889096e-07,0,0.0
45019,2025-02-18 18:00:00,54.71839188171292,26.77,63.56,0.0,0.0,development,0.0,8.925483193037381e-08,0,0.0
45020,2025-02-18 19:00:00,55.3681055008294,25.84,69.22,0.0,0.0,development,0.0,5.722393900596033e-08,0,0.0
45021,2025-02-18 20:00:00,54.53253517067947,25.1,74.39,0.0,0.0,development,0.0,6.768899318033966e-08,0,0.0
45022,2025-02-18 21:00:00,53.14908659832837,24.43,79.16,0.0,0.0,development,0.0,1.4807519327630712e-07,0,0.0
45023,2025-02-18 22:00:00,55.2585886557624,23.76,83.8,0.0,0.0,development,0.0,5.928890469425487e-08,0,0.0
45024,2025-02-18 23:00:00,54.93671628760495,23.26,87.47,0.0,0.0,development,0.0,3.950811010523696e-08,0,0.0
45025,2025-02-19 00:00:00,54.7388822618768,22.95,90.09,0.0,0.0,development,0.0,1.180721193314396e-08,0,0.0
45026,2025-02-19 01:00:00,53.69195010097338,22.67,92.23,0.0,0.01,development,0.0,4.6320139555599475e-09,0,0.0
45027,2025-02-19 02:00:00,53.97809704521556,22.67,92.78,0.0,0.01,development,0.0,1.9346477830010706e-09,0,0.0
45028,2025-02-19 03:00:00,54.09664112277255,22.63,93.55,0.0,0.02,development,0.0,7.145056943010393e-10,0,0.0
45029,2025-02-19 04:00:00,54.23948902660511,22.49,94.68,0.0,0.03,development,0.0,1.6166147037052852e-10,0,0.0
45030,2025-02-19 05:00:00,54.36435891728098,22.79,93.41,0.02,0.04,development,0.0,7.2992024076521e-11,0,0.0
45031,2025-02-19 06:00:00,53.87357692065659,24.64,84.59,0.6,0.05,development,0.0,1.5029389052276237e-09,0,0.0
45032,2025-02-19 07:00:00,56.3107816647392,27.1,70.05,1.47,0.04,development,0.0,4.427579845829189e-09,0,0.0
45033,2025-02-19 08:00:00,55.27619755122672,29.64,56.97,2.33,0.02,development,0.0,7.904572168003112e-07,0,0.0
45034,2025-02-19 09:00:00,53.54517018988271,31.85,48.1,2.9,0.01,development,0.0,0.0004442279900824204,0,0.0
45035,2025-02-19 10:00:00,52.37381617867864,33.62,41.76,3.02,0.01,development,0.0,0.021420699166947128,0,0.0
45036,2025-02-19 11:00:00,52.8313905974924,34.92,37.66,3.11,0.01,development,0.0,0.02108233732597179,0,0.0
45037,2025-02-19 12:00:00,51.601805838780166,35.59,35.47,2.89,0.01,development,4.705862904987992,0.2678749777935829,0,0.0
45038,2025-02-19 13:00:00,56.523388495588506,35.56,35.17,2.57,0.01,development,0.0,1.0496255451618735e-05,0,0.0
45039,2025-02-19 14:00:00,56.3907669893822,34.8,36.97,2.12,0.01,development,0.0,1.1528902442581623e-05,0,0.0
45040,2025-02-19 15:00:00,55.29561738883862,33.58,40.45,1.57,0.01,development,0.0,3.2946665773676674e-05,0,0.0
45041,2025-02-19 16:00:00,54.69862314627551,31.7,46.6,0.88,0.01,development,0.0,5.722031097452155e-06,0,0.0
45042,2025-02-19 17:00:00,54.502236606918885,29.56,54.88,0.22,0.0,development,0.0,4.137572990584952e-07,0,0.0
45043,2025-02-19 18:00:00,54.5660793861002,27.88,62.9,0.0,0.0,development,0.0,1.3114150377340664e-07,0,0.0
45044,2025-02-19 19:00:00,54.80320268524319,26.94,68.82,0.0,0.0,development,0.0,1.2448574201641998e-07,0,0.0
45045,2025-02-19 20:00:00,54.82023422357603,26.3,73.58,0.0,0.01,development,0.0,1.0704300952860493e-07,0,0.0
45046,2025-02-19 21:00:00,55.82265799987969,25.88,77.0,0.0,0.02,development,0.0,8.81533094478029e-08,0,0.0
45047,2025-02-19 22:00:00,54.05160185847021,25.45,80.43,0.0,0.02,development,0.0,1.6895847338412893e-07,0,0.0
45048,2025-02-19 23:00:00,55.50814921831586,25.11,83.4,0.0,0.03,development,0.0,6.65683263584099e-08,0,0.0
45049,2025-02-20 00:00:00,53.91210436538135,24.86,85.66,0.0,0.03,development,0.0,4.3657608057325476e-08,0,0.0
45050,2025-02-20 01:00:00,54.98658966419652,24.63,87.66,0.0,0.02,development,0.0,8.539286870544434e-09,0,0.0
45051,2025-02-20 02:00:00,55.66929343092257,24.36,89.8,0.0,0.03,development,0.0,2.3384052825733254e-09,0,0.0
45052,2025-02-20 03:00:00,55.32733720471655,24.13,91.63,0.0,0.03,development,0.0,6.688615122696984e-10,0,0.0
45053,2025-02-20 04:00:00,54.65651595397146,23.95,93.03,0.0,0.03,development,0.0,2.6778835602810607e-10,0,0.0
45054,2025-02-20 05:00:00,55.18745033402541,24.04,92.94,0.02,0.04,development,0.0,7.121366567681349e-11,0,0.0
45055,2025-02-20 06:00:00,56.3439448769983,25.67,84.09,0.52,0.05,development,0.0,1.5894644564670013e-10,0,0.0
45056,2025-02-20 07:00:00,54.33168978097184,28.12,68.94,1.2,0.05,development,0.0,5.809968617262638e-08,0,0.0
45057,2025-02-20 08:00:00,54.76821686277632,30.58,56.49,1.93,0.04,development,0.0,1.7896207126442286e-06,0,0.0
45058,2025-02-20 09:00:00,54.44826182811324,32.57,48.16,2.41,0.1,development,0.0,6.170531789721905e-05,0,0.0
45059,2025-02-20 10:00:00,52.54283417033325,34.08,42.67,2.66,0.09,development,0.0,0.012879702418874124,0,0.0
45060,2025-02-20 11:00:00,53.31070468408401,35.08,39.47,2.94,0.09,development,0.0,0.006632489082627319,0,0.0
45061,2025-02-20 12:00:00,52.60083764706756,35.43,38.49,2.98,0.08,development,4.323189887303766,0.038776825879958725,0,0.0
45062,2025-02-20 13:00:00,58.09195172611273,35.19,39.36,2.49,0.09,development,0.0,3.2170378393322695e-07,0,0.0
45063,2025-02-20 14:00:00,57.28321237230658,34.49,41.42,2.0,0.1,development,0.0,1.631118880062216e-06,0,0.0
45064,2025-02-20 15:00:00,54.34704512046073,33.14,45.69,1.31,0.07,development,0.0,5.822205705934962e-05,0,0.0
45065,2025-02-20 16:00:00,54.208192412785365,31.44,52.16,0.73,0.06,development,0.0,5.600903142542533e-06,0,0.0
45066,2025-02-20 17:00:00,54.96781229790001,29.5,60.96,0.17,0.04,development,0.0,2.652165680591182e-07,0,0.0
45067,2025-02-20 18:00:00,54.55916514480697,28.07,69.27,0.0,0.04,development,0.0,1.6389561318112825e-07,0,0.0
45068,2025-02-20 19:00:00,55.6360700943154,27.21,75.68,0.0,0.04,development,0.0,1.1089741986602378e-07,0,0.0
45069,2025-02-20 20:00:00,52.93250958351881,26.51,81.09,0.0,0.06,development,0.0,2.9347937805128655e-07,0,0.0
45070,2025-02-20 21:00:00,55.818393455534206,25.92,85.27,0.0,0.09,development,0.0,1.2152025148921876e-07,0,0.0
45071,2025-02-20 22:00:00,55.31977497858609,25.44,88.49,0.0,0.11,development,0.0,1.227052790704837e-07,0,0.0
45072,2025-02-20 23:00:00,55.21442992181742,25.02,91.12,0.0,0.15,development,0.0,7.740496511201769e-08,0,0.0
45073,2025-02-21 00:00:00,57.39814374032857,24.65,93.25,0.0,0.18,development,0.0,6.805728131402028e-09,0,0.0
45074,2025-02-21 01:00:00,55.85141443822562,24.39,94.87,0.0,0.18,development,0.0,3.7041789308498643e-09,0,0.0
45075,2025-02-21 02:00:00,55.04195724063599,24.21,95.72,0.0,0.19,development,0.0,2.019966645948611e-09,0,0.0
45076,2025-02-21 03:00:00,57.0134366337969,24.07,96.42,0.0,0.25,development,0.0,1.5281365630706416e-10,0,0.0
45077,2025-02-21 04:00:00,57.26610563110864,23.98,97.02,0.0,0.25,development,0.0,2.626311305709166e-11,0,0.0
45078,2025-02-21 05:00:00,57.13371779255145,24.13,96.86,0.02,0.25,development,0.0,1.0145794954793833e-11,0,0.0
45079,2025-02-21 06:00:00,59.50390152626342,25.18,93.31,0.53,0.28,development,0.0,2.4520369983414217e-12,0,0.0
45080,2025-02-21 07:00:00,57.88121680553368,26.65,83.7,1.27,0.29,development,0.0,1.162987038454276e-10,0,0.0
45081,2025-02-21 08:00:00,58.32406200522309,29.33,65.1,2.05,0.26,development,0.0,2.5924911421277684e-09,0,0.0
45082,2025-02-21 09:00:00,57.47693656856392,31.29,55.06,2.48,0.36,development,0.0,1.1574819847763217e-07,0,0.0
45083,2025-02-21 10:00:00,57.749035478120014,32.62,49.38,2.57,0.34,development,0.0,1.6111966451108653e-07,0,0.0
45084,2025-02-21 11:00:00,55.864403627325736,33.39,46.21,2.76,0.33,development,0.0,1.5079686235744767e-05,0,0.0
45085,2025-02-21 12:00:00,54.614053835268734,33.62,45.01,2.8,0.31,development,0.0,0.0003315100185826263,0,0.0
45086,2025-02-21 13:00:00,55.36140268641561,33.46,45.01,2.45,0.24,development,0.0,6.698449913010747e-05,0,0.0
45087,2025-02-21 14:00:00,54.23982797424663,32.84,46.18,2.12,0.13,development,0.0,0.0005415081765471071,0,0.0
45088,2025-02-21 15:00:00,53.980342407488045,31.67,49.07,1.62,0.07,development,0.0,0.0001573332674683137,0,0.0
45089,2025-02-21 16:00:00,52.362387251647874,30.23,53.44,0.95,0.03,development,0.0,6.16788325988224e-05,0,0.0
45090,2025-02-21 17:00:00,52.98017749937816,28.36,60.76,0.22,0.01,development,0.0,1.114340957301842e-06,0,0.0
45091,2025-02-21 18:00:00,51.3331060252494,26.9,68.72,0.0,0.01,development,0.0,8.424190360422148e-07,0,0.0
45092,2025-02-21 19:00:00,52.24969730288659,26.1,74.48,0.0,0.02,development,0.0,3.238441422737987e-07,0,0.0
45093,2025-02-21 20:00:00,52.107300341384914,25.56,78.68,0.0,0.03,development,0.0,2.5407014679922847e-07,0,0.0
45094,2025-02-21 21:00:00,53.117794126932026,25.14,82.02,0.0,0.04,development,0.0,2.1246262974347856e-07,0,0.0
45095,2025-02-21 22:00:00,52.39615229520784,24.73,84.89,0.0,0.05,development,0.0,2.3076190364269303e-07,0,0.0
45096,2025-02-21 23:00:00,51.77276418689246,24.33,87.46,0.0,0.07,development,0.0,1.330046111194225e-07,0,0.0
45097,2025-02-22 00:00:00,52.5289321187881,23.95,89.94,0.0,0.09,development,0.0,4.086175613790306e-08,0,0.0
45098,2025-02-22 01:00:00,53.587316796996966,23.62,92.23,0.0,0.1,development,0.0,7.47972015064965e-09,0,0.0
45099,2025-02-22 02:00:00,53.3258925510219,23.39,93.71,0.0,0.09,development,0.0,3.1814029875875105e-09,0,0.0
45100,2025-02-22 03:00:00,52.73745937726052,23.25,94.56,0.0,0.09,development,0.0,1.8495308493672507e-09,0,0.0
45101,2025-02-22 04:00:00,54.10489698700351,23.14,95.23,0.0,0.08,development,0.0,2.271149116856349e-10,0,0.0
45102,2025-02-22 05:00:00,54.77335150120621,23.25,94.92,0.02,0.07,development,0.0,6.03029287558668e-11,0,0.0
45103,2025-02-22 06:00:00,54.4230882745402,24.29,91.03,0.53,0.14,development,0.0,3.84469560689398e-10,0,0.0
45104,2025-02-22 07:00:00,51.67387715576397,26.22,78.57,1.31,0.08,development,0.0,4.690635423047364e-07,0,0.0
45105,2025-02-22 08:00:00,53.21361027327337,29.11,61.37,2.12,0.03,development,0.0,1.441638579617262e-05,0,0.0
45106,2025-02-22 09:00:00,52.16845485106384,31.36,51.25,2.61,0.01,development,0.0,0.004103477392093614,0,0.0
45107,2025-02-22 10:00:00,49.7418023577383,33.03,45.04,2.86,0.01,development,0.0,0.7909463593909103,1,4.602604904480338
45108,2025-02-22 11:00:00,49.30744761436067,34.03,41.6,2.97,0.0,development,4.506353575933947,0.9535803702509748,1,4.768294466580548
45109,2025-02-22 12:00:00,57.422648072910185,34.52,39.96,2.92,0.0,development,0.0,1.3591784804822124e-06,0,0.0
45110,2025-02-22 13:00:00,55.90131466952457,34.36,40.37,2.86,0.0,development,0.0,3.353956100571508e-05,0,0.0
45111,2025-02-22 14:00:00,54.89326080788617,33.67,42.33,2.28,0.0,development,0.0,0.00020920511565808062,0,0.0
45112,2025-02-22 15:00:00,53.55421418253472,32.49,45.83,1.66,0.0,development,0.0,0.0003515029799145188,0,0.0
45113,2025-02-22 16:00:00,54.4066297532615,30.88,51.32,0.98,0.0,development,0.0,8.641715159338591e-06,0,0.0
45114,2025-02-22 17:00:00,52.29330695331432,28.89,59.63,0.22,0.01,development,0.0,2.009022309133677e-06,0,0.0
45115,2025-02-22 18:00:00,52.57930688009412,27.42,67.85,0.0,0.01,development,0.0,4.5765660192999997e-07,0,0.0
45116,2025-02-22 19:00:00,53.06044342320742,26.54,74.25,0.0,0.02,development,0.0,2.6323685216136976e-07,0,0.0
45117,2025-02-22 20:00:00,52.14406014432935,25.97,79.33,0.0,0.04,development,0.0,3.0334524572597207e-07,0,0.0
45118,2025-02-22 21:00:00,52.734320501827135,25.54,83.73,0.0,0.06,development,0.0,2.854135036857181e-07,0,0.0
45119,2025-02-22 22:00:00,54.41390549680046,25.19,87.54,0.0,0.1,development,0.0,1.4809296695685936e-07,0,0.0
45120,2025-02-22 23:00:00,53.06421922886207,24.95,90.01,0.0,0.14,development,0.0,1.492028663804454e-07,0,0.0
45121,2025-02-23 00:00:00,54.56434985505499,24.78,91.53,0.0,0.16,mid,0.0,1.271108887819699e-07,0,0.0
45122,2025-02-23 01:00:00,54.697609649388745,24.59,93.0,0.0,0.2,mid,0.0,3.793210777637996e-08,0,0.0
45123,2025-02-23 02:00:00,54.35490019302699,24.38,94.21,0.0,0.24,mid,0.0,1.2893350611484423e-08,0,0.0
45124,2025-02-23 03:00:00,53.65450160293364,24.17,95.2,0.0,0.24,mid,0.0,5.608413822064944e-09,0,0.0
45125,2025-02-23 04:00:00,55.11538026321792,23.96,95.95,0.0,0.22,mid,0.0,4.176642463291816e-10,0,0.0
45126,2025-02-23 05:00:00,53.63850027882974,23.94,95.88,0.02,0.21,mid,0.0,6.334700737781127e-10,0,0.0
45127,2025-02-23 06:00:00,55.17902722150845,25.0,91.72,0.49,0.22,mid,0.0,3.397541336066964e-10,0,0.0
45128,2025-02-23 07:00:00,55.67954374651971,26.82,79.6,1.25,0.14,mid,0.0,1.7319526442695893e-09,0,0.0
45129,2025-02-23 08:00:00,55.69106554130504,29.64,60.6,1.92,0.06,mid,0.0,1.6523652298640346e-08,0,0.0
45130,2025-02-23 09:00:00,54.2131997684065,31.69,51.0,2.46,0.11,mid,0.0,1.9181490363887626e-06,0,0.0
45131,2025-02-23 10:00:00,52.92047042380386,33.3,44.82,2.87,0.04,mid,0.0,0.00020302392256056701,0,0.0
45132,2025-02-23 11:00:00,51.79088552681577,34.4,40.78,3.16,0.02,mid,0.0,0.007089585852888725,0,0.0
45133,2025-02-23 12:00:00,50.85014778994116,34.9,38.75,3.17,0.01,mid,0.0,0.05656750647657561,0,0.0
45134,2025-02-23 13:00:00,50.63355136974169,34.75,38.73,3.02,0.0,mid,0.0,0.054362227003069995,0,0.0
45135,2025-02-23 14:00:00,49.43656383865332,33.99,40.64,2.43,0.0,mid,0.0,0.09943031780533831,0,0.0
45136,2025-02-23 15:00:00,48.34054330309988,32.65,44.76,1.77,0.0,mid,0.0,0.040181631860033915,0,0.0
45137,2025-02-23 16:00:00,48.29767958348081,30.84,51.32,1.0,0.0,mid,0.0,0.0010077695986173254,0,0.0
45138,2025-02-23 17:00:00,47.51436784530924,28.66,60.75,0.21,0.01,mid,0.0,3.5377305535874816e-05,0,0.0
45139,2025-02-23 18:00:00,46.48356656031775,27.04,70.21,0.0,0.03,mid,0.0,1.3014810663029604e-05,0,0.0
45140,2025-02-23 19:00:00,46.738181332755495,26.08,77.65,0.0,0.06,mid,0.0,6.0009729989884564e-06,0,0.0
45141,2025-02-23 20:00:00,48.27028343374412,25.46,83.54,0.0,0.13,mid,0.0,2.0316439651763564e-06,0,0.0
45142,2025-02-23 21:00:00,46.93975350838754,25.04,88.31,0.0,0.2,mid,0.0,2.5987431199712012e-06,0,0.0
45143,2025-02-23 22:00:00,48.07166067268795,24.73,91.59,0.0,0.27,mid,0.0,1.5387751873402123e-06,0,0.0
45144,2025-02-23 23:00:00,48.66011744169189,24.52,93.55,0.0,0.3,mid,0.0,7.210961781176964e-07,0,0.0
45145,2025-02-24 00:00:00,48.33725323004431,24.36,94.76,0.0,0.33,mid,0.0,3.7174124819397287e-07,0,0.0
45146,2025-02-24 01:00:00,48.19224795334398,24.23,95.5,0.0,0.29,mid,0.0,2.351420520920649e-07,0,0.0
45147,2025-02-24 02:00:00,48.936624991293066,24.09,96.07,0.0,0.28,mid,0.0,9.538508666305555e-08,0,0.0
45148,2025-02-24 03:00:00,48.69115704763014,23.95,96.41,0.0,0.21,mid,0.0,6.357021923783845e-08,0,0.0
45149,2025-02-24 04:00:00,50.82824583127576,23.81,96.73,0.0,0.16,mid,0.0,8.83141174944637e-09,0,0.0
45150,2025-02-24 05:00:00,50.8444194683197,23.89,96.48,0.02,0.15,mid,0.0,5.079021588309323e-09,0,0.0
45151,2025-02-24 06:00:00,50.21873862273871,24.93,93.4,0.46,0.24,mid,0.0,6.54888911437776e-08,0,0.0
45152,2025-02-24 07:00:00,49.65166600051065,26.48,83.53,1.07,0.16,mid,0.0,3.0728370813271595e-06,0,0.0
45153,2025-02-24 08:00:00,51.27344122649821,29.17,65.12,1.8,0.11,mid,0.0,1.4375612703428714e-05,0,0.0
45154,2025-02-24 09:00:00,50.07527180573094,31.23,54.54,2.12,0.12,mid,0.0,0.0021571562235192,0,0.0
45155,2025-02-24 10:00:00,48.41128121007374,32.71,48.63,2.58,0.1,mid,0.0,0.45366993217854407,0,0.0
45156,2025-02-24 11:00:00,48.97200516136735,33.63,45.42,2.89,0.13,mid,4.760509388465504,0.6373023594109442,1,4.406522213170104
45157,2025-02-24 12:00:00,55.18128943162511,33.94,44.39,2.83,0.16,mid,0.0,4.361469406711285e-06,0,0.0
45158,2025-02-24 13:00:00,54.48981346550712,33.74,45.04,2.68,0.17,mid,0.0,2.0991622540791263e-05,0,0.0
45159,2025-02-24 14:00:00,52.64943943219916,33.09,46.86,2.31,0.15,mid,0.0,0.0007362487825309796,0,0.0
45160,2025-02-24 15:00:00,51.65261600206964,32.05,49.72,1.62,0.12,mid,0.0,0.0006908069873575184,0,0.0
45161,2025-02-24 16:00:00,51.116909569952746,30.62,54.31,0.95,0.04,mid,0.0,5.711925385709894e-05,0,0.0
45162,2025-02-24 17:00:00,53.7709991903694,28.8,61.75,0.21,0.01,mid,0.0,2.8735147314541135e-07,0,0.0
45163,2025-02-24 18:00:00,51.455014054389935,27.35,69.49,0.0,0.01,mid,0.0,8.41269152054497e-07,0,0.0
45164,2025-02-24 19:00:00,52.20671132382676,26.48,75.39,0.0,0.03,mid,0.0,7.127415627395204e-07,0,0.0
45165,2025-02-24 20:00:00,52.62226291120873,25.77,80.9,0.0,0.08,mid,0.0,6.397384673515886e-07,0,0.0
45166,2025-02-24 21:00:00,52.40041403213176,25.14,86.3,0.0,0.13,mid,0.0,8.276841623231976e-07,0,0.0
45167,2025-02-24 22:00:00,52.606172128849856,24.72,90.1,0.0,0.25,mid,0.0,1.0073841465695926e-06,0,0.0
45168,2025-02-24 23:00:00,53.08833338539175,24.37,92.77,0.0,0.4,mid,0.0,4.3458750258943505e-07,0,0.0
45169,2025-02-25 00:00:00,54.22602946208477,24.1,94.6,0.0,0.49,mid,0.0,1.0106578031945551e-07,0,0.0
45170,2025-02-25 01:00:00,53.59773011237913,23.89,95.58,0.0,0.47,mid,0.0,3.800035645954507e-08,0,0.0
45171,2025-02-25 02:00:00,54.68964286386142,23.71,96.27,0.0,0.49,mid,0.0,7.0748687074818875e-09,0,0.0
45172,2025-02-25 03:00:00,53.87408288786492,23.54,96.78,0.0,0.54,mid,0.0,3.34751348883126e-09,0,0.0
45173,2025-02-25 04:00:00,54.9016351333453,23.37,97.1,0.0,0.54,mid,0.0,3.5241275908426905e-10,0,0.0
45174,2025-02-25 05:00:00,55.95363319404226,23.45,96.84,0.02,0.48,mid,0.0,4.659714527533356e-11,0,0.0
45175,2025-02-25 06:00:00,58.51256999141704,24.62,93.87,0.41,0.67,mid,0.0,7.262864504580075e-12,0,0.0
45176,2025-02-25 07:00:00,58.08669416027863,26.04,85.53,1.11,0.6,mid,0.0,4.2949120884986734e-11,0,0.0
45177,2025-02-25 08:00:00,58.944570688173165,28.25,70.19,1.82,0.49,mid,0.0,5.0179480353034034e-11,0,0.0
45178,2025-02-25 09:00:00,57.98151387620737,30.45,58.89,2.16,0.03,mid,0.0,2.2549664081938735e-09,0,0.0
45179,2025-02-25 10:00:00,56.99996323962232,32.05,52.23,2.39,0.03,mid,0.0,4.778909836293396e-08,0,0.0
45180,2025-02-25 11:00:00,55.048860961260615,33.12,48.18,2.71,0.03,mid,0.0,4.1684412496483925e-06,0,0.0
45181,2025-02-25 12:00:00,54.82765792906819,33.59,46.31,2.52,0.02,mid,0.0,8.304102678367865e-06,0,0.0
45182,2025-02-25 13:00:00,53.97103641344116,33.45,46.46,2.44,0.02,mid,0.0,5.427611502902209e-05,0,0.0
45183,2025-02-25 14:00:00,54.63377650603562,32.83,47.99,2.01,0.02,mid,0.0,2.083978705504896e-05,0,0.0
45184,2025-02-25 15:00:00,51.87088435749872,31.75,50.93,1.52,0.02,mid,0.0,0.0004525364287515461,0,0.0
45185,2025-02-25 16:00:00,52.21525819902686,30.27,55.58,0.85,0.01,mid,0.0,1.47054796764204e-05,0,0.0
45186,2025-02-25 17:00:00,51.26816271685777,28.43,62.94,0.18,0.01,mid,0.0,1.592142907686522e-06,0,0.0
45187,2025-02-25 18:00:00,50.81796547844768,27.01,70.91,0.0,0.01,mid,0.0,1.221255110038437e-06,0,0.0
45188,2025-02-25 19:00:00,52.10039409212754,26.26,76.24,0.0,0.02,mid,0.0,6.961774472075786e-07,0,0.0
45189,2025-02-25 20:00:00,52.9555336707119,25.74,80.34,0.0,0.03,mid,0.0,5.571090211968561e-07,0,0.0
45190,2025-02-25 21:00:00,51.70187022462807,25.37,83.13,0.0,0.04,mid,0.0,9.469838511453311e-07,0,0.0
45191,2025-02-25 22:00:00,50.99583909804133,25.01,85.36,0.0,0.04,mid,0.0,1.1790865222769032e-06,0,0.0
45192,2025-02-25 23:00:00,51.97875916942849,24.64,87.23,0.0,0.05,mid,0.0,5.913582162141907e-07,0,0.0
45193,2025-02-26 00:00:00,51.87830635050741,24.28,89.18,0.0,0.04,mid,0.0,2.2171465810881634e-07,0,0.0
45194,2025-02-26 01:00:00,53.49046956765266,23.95,91.01,0.0,0.05,mid,0.0,5.263467550896916e-08,0,0.0
45195,2025-02-26 02:00:00,52.37350182526709,23.67,92.41,0.0,0.05,mid,0.0,2.7812338439666996e-08,0,0.0
45196,2025-02-26 03:00:00,51.09539752858818,23.44,93.48,0.0,0.05,mid,0.0,1.780520405878915e-08,0,0.0
45197,2025-02-26 04:00:00,52.91202088022443,23.26,94.31,0.0,0.04,mid,0.0,1.6100243067668353e-09,0,0.0
45198,2025-02-26 05:00:00,52.57505420510603,23.32,94.11,0.02,0.05,mid,0.0,1.0854846207914253e-09,0,0.0
45199,2025-02-26 06:00:00,52.77808319117067,24.83,86.61,0.51,0.06,mid,0.0,5.746347181639506e-09,0,0.0
45200,2025-02-26 07:00:00,52.16444890268375,26.95,72.94,1.37,0.05,mid,0.0,4.808878304815999e-07,0,0.0
45201,2025-02-26 08:00:00,52.14204949990375,29.18,60.48,2.16,0.06,mid,0.0,5.077026314941081e-06,0,0.0
45202,2025-02-26 09:00:00,51.00024054610064,30.8,53.47,2.53,0.07,mid,0.0,0.0005078908243774633,0,0.0
45203,2025-02-26 10:00:00,49.56985768195752,32.05,48.89,2.79,0.06,mid,0.0,0.08736847136669228,0,0.0
45204,2025-02-26 11:00:00,48.87183628942599,33.03,45.58,3.0,0.04,mid,4.353356977925415,0.5904667013030566,1,4.548207195952415
45205,2025-02-26 12:00:00,54.88104305800855,33.45,44.24,2.99,0.04,mid,0.0,7.2494704458731335e-06,0,0.0
45206,2025-02-26 13:00:00,54.23801485237481,33.44,44.14,2.66,0.04,mid,0.0,3.5657151578790326e-05,0,0.0
45207,2025-02-26 14:00:00,53.10407756845071,32.86,45.73,2.23,0.02,mid,0.0,0.0003294483422421462,0,0.0
45208,2025-02-26 15:00:00,52.02619091488331,31.76,48.85,1.57,0.01,mid,0.0,0.0003732619798535937,0,0.0
45209,2025-02-26 16:00:00,51.59694426757139,30.17,53.73,0.88,0.01,mid,0.0,2.58331815713163e-05,0,0.0
45210,2025-02-26 17:00:00,51.45561991374152,28.4,60.86,0.19,0.0,mid,0.0,1.2943519568390395e-06,0,0.0
45211,2025-02-26 18:00:00,50.03363578489199,27.15,67.83,0.0,0.0,mid,0.0,1.635192759952282e-06,0,0.0
45212,2025-02-26 19:00:00,52.29054428981399,26.4,73.13,0.0,0.01,mid,0.0,6.019970675534749e-07,0,0.0
45213,2025-02-26 20:00:00,51.76184258715344,25.85,77.38,0.0,0.01,mid,0.0,8.35286720474194e-07,0,0.0
45214,2025-02-26 21:00:00,51.00680817577242,25.42,80.7,0.0,0.01,mid,0.0,1.0990034715216664e-06,0,0.0
45215,2025-02-26 22:00:00,51.99395493082988,25.06,83.55,0.0,0.02,mid,0.0,8.946675989231919e-07,0,0.0
45216,2025-02-26 23:00:00,51.13951154645296,24.7,86.22,0.0,0.02,mid,0.0,6.62397695586894e-07,0,0.0
45217,2025-02-27 00:00:00,51.1769870543743,24.39,88.48,0.0,0.03,mid,0.0,2.671574945789297e-07,0,0.0
45218,2025-02-27 01:00:00,51.92070860070286,24.13,90.49,0.0,0.03,mid,0.0,9.985360768339909e-08,0,0.0
45219,2025-02-27 02:00:00,52.81549808798207,24.0,91.71,0.0,0.04,mid,0.0,2.7595975834644935e-08,0,0.0
45220,2025-02-27 03:00:00,51.95739931493284,23.85,92.97,0.0,0.05,mid,0.0,1.363359642633296e-08,0,0.0
45221,2025-02-27 04:00:00,51.17529829370904,23.63,94.4,0.0,0.05,mid,0.0,6.674403523521382e-09,0,0.0
45222,2025-02-27 05:00:00,51.57704876894825,23.67,94.42,0.02,0.05,mid,0.0,2.7398101609635705e-09,0,0.0
45223,2025-02-27 06:00:00,52.61273713854339,25.07,87.91,0.31,0.06,mid,0.0,5.199978863715421e-09,0,0.0
45224,2025-02-27 07:00:00,52.06408368483477,27.34,73.11,0.9,0.06,mid,0.0,3.083856794920387e-07,0,0.0
45225,2025-02-27 08:00:00,52.040811127591546,29.74,59.92,1.55,0.04,mid,0.0,5.4674864173925565e-06,0,0.0
45226,2025-02-27 09:00:00,51.18124826308633,31.36,53.2,1.88,0.26,mid,0.0,0.00027138021272699216,0,0.0
45227,2025-02-27 10:00:00,50.87443977738758,32.52,49.48,2.32,0.23,mid,0.0,0.006845570734157092,0,0.0
45228,2025-02-27 11:00:00,51.15608040278979,33.35,46.6,2.22,0.23,mid,0.0,0.018281921921491744,0,0.0
45229,2025-02-27 12:00:00,47.74147533717,33.54,45.53,1.86,0.25,mid,4.231469410114837,0.8503546924293128,1,4.246819192235429
45230,2025-02-27 13:00:00,57.07690477160981,33.2,46.16,1.66,0.22,mid,0.0,1.316588871899144e-07,0,0.0
45231,2025-02-27 14:00:00,55.20417426582571,32.41,48.17,1.65,0.16,mid,0.0,5.5201124672167e-06,0,0.0
45232,2025-02-27 15:00:00,55.9232081201691,31.32,51.19,1.0,0.08,mid,0.0,6.362223799545877e-07,0,0.0
45233,2025-02-27 16:00:00,52.56920273385418,29.84,56.18,0.52,0.04,mid,0.0,4.4363045318794114e-06,0,0.0
45234,2025-02-27 17:00:00,53.443925982239634,28.11,63.76,0.11,0.04,mid,0.0,2.948867375935122e-07,0,0.0
45235,2025-02-27 18:00:00,53.37796602547788,26.61,72.69,0.0,0.09,mid,0.0,2.801447013947246e-07,0,0.0
45236,2025-02-27 19:00:00,54.14479689150546,25.68,80.15,0.0,0.15,mid,0.0,2.1966251376218704e-07,0,0.0
45237,2025-02-27 20:00:00,54.1262685195183,25.06,85.93,0.0,0.25,mid,0.0,3.5207249824024645e-07,0,0.0
45238,2025-02-27 21:00:00,54.47415310593033,24.68,89.86,0.0,0.35,mid,0.0,5.137142685841753e-07,0,0.0
45239,2025-02-27 22:00:00,55.54860238500808,24.45,92.26,0.0,0.59,mid,0.0,4.601340931922633e-07,0,0.0
45240,2025-02-27 23:00:00,55.74001709144236,24.22,93.99,0.0,0.72,mid,0.0,1.861915142179116e-07,0,0.0
45241,2025-02-28 00:00:00,56.53780116380611,24.04,95.1,0.0,0.9,mid,0.0,3.861269896623595e-08,0,0.0
45242,2025-02-28 01:00:00,58.60056434762889,23.9,95.85,0.0,1.03,mid,0.0,2.8972565216136683e-09,0,0.0
45243,2025-02-28 02:00:00,59.19871605629661,23.82,96.39,0.0,1.1,mid,0.0,4.1202544723399325e-10,0,0.0
45244,2025-02-28 03:00:00,60.90003938428728,23.75,96.63,0.0,1.11,mid,0.0,9.375694869233105e-12,0,0.0
45245,2025-02-28 04:00:00,61.06007725015827,23.68,96.68,0.0,0.97,mid,0.0,1.0194960784201418e-12,0,0.0
45246,2025-02-28 05:00:00,63.25770551058428,23.72,96.5,0.01,0.8,mid,0.0,2.5815054959101388e-14,0,0.0
45247,2025-02-28 06:00:00,63.45754932831226,24.42,94.59,0.3,0.79,mid,0.0,1.9149623209530977e-14,0,0.0
45248,2025-02-28 07:00:00,64.81732734682826,25.35,90.12,0.79,0.72,mid,0.0,5.6556292088374345e-15,0,0.0
45249,2025-02-28 08:00:00,64.3163732753269,26.93,77.95,1.43,0.67,mid,0.0,1.0755181947779399e-14,0,0.0
45250,2025-02-28 09:00:00,64.85576042429332,28.38,68.2,1.92,0.31,mid,0.0,6.431381121201494e-15,0,0.0
45251,2025-02-28 10:00:00,65.13186963506055,29.45,62.1,2.34,0.32,mid,0.0,5.407092620374245e-15,0,0.0
45252,2025-02-28 11:00:00,63.37720736309998,29.79,59.81,2.51,0.32,mid,0.0,2.200156392314565e-13,0,0.0
45253,2025-02-28 12:00:00,62.45272003498907,29.82,59.33,2.46,0.27,mid,0.0,1.68540843897606e-12,0,0.0
45254,2025-02-28 13:00:00,63.1789398754942,29.73,58.95,2.43,0.25,mid,0.0,6.901226406310518e-13,0,0.0
45255,2025-02-28 14:00:00,62.70012758916268,29.49,58.94,2.1,0.22,mid,0.0,4.1097962447478276e-12,0,0.0
45256,2025-02-28 15:00:00,61.79467346018878,29.06,59.58,1.53,0.15,mid,0.0,6.250166859819201e-11,0,0.0
45257,2025-02-28 16:00:00,60.69966064666007,28.24,62.0,0.83,0.09,mid,0.0,7.45340797201997e-10,0,0.0
45258,2025-02-28 17:00:00,60.34901853488191,26.73,68.34,0.17,0.03,mid,0.0,1.1890376967813188e-09,0,0.0
45259,2025-02-28 18:00:00,60.600078613329735,25.54,74.37,0.0,0.01,mid,0.0,1.5330710184097276e-09,0,0.0
45260,2025-02-28 19:00:00,60.830435981493984,25.04,76.62,0.0,0.01,mid,0.0,3.2659214961773456e-09,0,0.0
45261,2025-02-28 20:00:00,59.50992562002176,24.63,77.98,0.0,0.01,mid,0.0,1.7439575840901424e-08,0,0.0
45262,2025-02-28 21:00:00,60.11624740741225,24.21,79.49,0.0,0.01,mid,0.0,1.7625476110460237e-08,0,0.0
45263,2025-02-28 22:00:00,61.92846362427221,23.93,80.78,0.0,0.02,mid,0.0,4.5411087825875345e-09,0,0.0
45264,2025-02-28 23:00:00,61.15620959460485,23.84,82.09,0.0,0.05,mid,0.0,4.401669557679155e-09,0,0.0
45265,2025-03-01 00:00:00,62.07185163608571,23.67,84.76,0.0,0.08,mid,0.0,6.026536434209647e-10,0,0.0
45266,2025-03-01 01:00:00,62.01530824673304,23.47,88.08,0.0,0.09,mid,0.0,1.9681001976645238e-10,0,0.0
45267,2025-03-01 02:00:00,61.090304180331074,23.26,91.24,0.0,0.11,mid,0.0,6.745424115152104e-11,0,0.0
45268,2025-03-01 03:00:00,61.22738676233903,23.06,93.57,0.0,0.1,mid,0.0,5.580823583358696e-12,0,0.0
45269,2025-03-01 04:00:00,62.42601753930547,22.97,95.05,0.0,0.15,mid,0.0,1.8334426998128494e-13,0,0.0
45270,2025-03-01 05:00:00,62.49718673815569,23.09,95.61,0.02,0.19,mid,0.0,4.5952718085770434e-14,0,0.0
45271,2025-03-01 06:00:00,63.04269939390342,24.5,91.73,0.53,0.29,mid,0.0,4.303778303818087e-14,0,0.0
45272,2025-03-01 07:00:00,62.57967290901056,26.03,81.94,1.25,0.49,mid,0.0,9.733606350933082e-14,0,0.0
45273,2025-03-01 08:00:00,62.94874097253139,28.23,66.95,2.1,0.62,mid,0.0,6.378984992357921e-14,0,0.0
45274,2025-03-01 09:00:00,62.0795380170625,30.33,56.94,2.57,0.16,mid,0.0,1.12898162568251e-12,0,0.0
45275,2025-03-01 10:00:00,61.48430745115201,31.91,50.26,2.62,0.13,mid,0.0,7.1034510209756106e-12,0,0.0
45276,2025-03-01 11:00:00,60.078105259125024,32.88,46.38,2.53,0.1,mid,0.0,1.8311082879742536e-10,0,0.0
45277,2025-03-01 12:00:00,59.63015481163202,33.13,44.86,2.42,0.1,mid,0.0,7.614869288218761e-10,0,0.0
45278,2025-03-01 13:00:00,58.63651366471253,32.65,45.83,2.05,0.08,mid,0.0,7.0785434023413745e-09,0,0.0
45279,2025-03-01 14:00:00,57.5406244850731,32.01,47.57,1.69,0.05,mid,0.0,8.634879225109498e-08,0,0.0
45280,2025-03-01 15:00:00,57.839844475444885,31.11,49.92,1.14,0.04,mid,0.0,4.278454535878212e-08,0,0.0
45281,2025-03-01 16:00:00,55.58541804667588,29.75,54.32,0.59,0.03,mid,0.0,2.3659136166839816e-07,0,0.0
45282,2025-03-01 17:00:00,56.74628578172549,28.02,61.71,0.11,0.03,mid,0.0,2.888655226808189e-08,0,0.0
45283,2025-03-01 18:00:00,55.77648371687889,26.65,69.72,0.0,0.03,mid,0.0,6.092613248724365e-08,0,0.0
45284,2025-03-01 19:00:00,55.87305482179936,25.97,75.31,0.0,0.03,mid,0.0,8.444621107671621e-08,0,0.0
45285,2025-03-01 20:00:00,55.97912314260021,25.5,79.48,0.0,0.03,mid,0.0,1.463553443525833e-07,0,0.0
45286,2025-03-01 21:00:00,57.00300704314541,25.16,82.41,0.0,0.03,mid,0.0,2.177692106870946e-07,0,0.0
45287,2025-03-01 22:00:00,54.85772820721466,24.79,85.18,0.0,0.03,mid,0.0,5.062764917197377e-07,0,0.0
45288,2025-03-01 23:00:00,56.84879639295197,24.47,87.32,0.0,0.04,mid,0.0,1.2850724703669476e-07,0,0.0
45289,2025-03-02 00:00:00,56.80019906378618,24.28,88.41,0.0,0.04,mid,0.0,4.4263002756027626e-08,0,0.0
45290,2025-03-02 01:00:00,56.02520605141055,24.14,89.04,0.0,0.03,mid,0.0,2.0630443966596736e-08,0,0.0
45291,2025-03-02 02:00:00,56.98460483973651,24.05,89.11,0.0,0.03,mid,0.0,2.468339207482423e-09,0,0.0
45292,2025-03-02 03:00:00,55.89323467501396,23.88,89.63,0.0,0.02,mid,0.0,9.497499777475184e-10,0,0.0
45293,2025-03-02 04:00:00,56.85382404188477,23.71,90.25,0.0,0.02,mid,0.0,9.434947844735633e-11,0,0.0
45294,2025-03-02 05:00:00,55.91304481902405,23.63,90.5,0.02,0.02,mid,0.0,7.529498121307524e-11,0,0.0
45295,2025-03-02 06:00:00,58.5916042860663,25.09,83.33,0.43,0.03,mid,0.0,1.272781564754564e-11,0,0.0
45296,2025-03-02 07:00:00,57.39557335028854,27.54,68.37,1.08,0.03,mid,0.0,2.1735524669212127e-10,0,0.0
45297,2025-03-02 08:00:00,56.37059135044751,29.74,57.12,1.74,0.01,mid,0.0,6.335217842906708e-09,0,0.0
45298,2025-03-02 09:00:00,54.712778272786565,31.45,50.33,2.51,0.06,mid,0.0,7.670590897307168e-07,0,0.0
45299,2025-03-02 10:00:00,54.39911166340666,32.82,45.75,2.85,0.07,mid,0.0,8.172088901583165e-06,0,0.0
45300,2025-03-02 11:00:00,53.478297983870405,33.73,42.84,2.83,0.08,mid,0.0,0.0001550089784504785,0,0.0
45301,2025-03-02 12:00:00,52.88061087469792,34.06,41.84,2.45,0.09,mid,0.0,0.0006928588362918343,0,0.0
45302,2025-03-02 13:00:00,52.10204655213727,33.79,42.71,2.23,0.12,mid,0.0,0.0031417472035038347,0,0.0
45303,2025-03-02 14:00:00,51.180720628141295,33.02,45.0,1.92,0.13,mid,0.0,0.009126054979314254,0,0.0
45304,2025-03-02 15:00:00,50.653168999310594,31.74,49.03,1.28,0.12,mid,0.0,0.0016094020440134903,0,0.0
45305,2025-03-02 16:00:00,49.83541271651216,30.11,54.85,0.68,0.11,mid,0.0,7.784887114998527e-05,0,0.0
45306,2025-03-02 17:00:00,50.037875852374285,28.06,64.17,0.13,0.06,mid,0.0,3.4758282790192006e-06,0,0.0
45307,2025-03-02 18:00:00,49.30355839072256,26.58,73.3,0.0,0.04,mid,0.0,2.3999309762747646e-06,0,0.0
45308,2025-03-02 19:00:00,49.00060654414509,25.82,79.52,0.0,0.03,mid,0.0,1.996097141329239e-06,0,0.0
45309,2025-03-02 20:00:00,51.36721022738897,25.38,83.68,0.0,0.03,mid,0.0,8.608775683649853e-07,0,0.0
45310,2025-03-02 21:00:00,50.24671079186481,25.08,86.46,0.0,0.02,mid,0.0,1.2356537336200458e-06,0,0.0
45311,2025-03-02 22:00:00,51.371274918408375,24.85,88.14,0.0,0.01,mid,0.0,1.205947802173216e-06,0,0.0
45312,2025-03-02 23:00:00,49.71911265383619,24.64,89.25,0.0,0.01,mid,0.0,7.560679432404557e-07,0,0.0
45313,2025-03-03 00:00:00,51.86747907668256,24.46,89.8,0.0,0.0,mid,0.0,2.4521297206811753e-07,0,0.0
45314,2025-03-03 01:00:00,50.01508921989696,24.34,89.57,0.0,0.01,mid,0.0,1.9176314429178958e-07,0,0.0
45315,2025-03-03 02:00:00,50.8806735528397,24.13,89.36,0.0,0.01,mid,0.0,7.250570796109617e-08,0,0.0
45316,2025-03-03 03:00:00,50.01518824544511,23.91,89.52,0.0,0.02,mid,0.0,4.868786193444919e-08,0,0.0
45317,2025-03-03 04:00:00,50.15834369602623,23.75,89.71,0.0,0.03,mid,0.0,1.671630730935583e-08,0,0.0
45318,2025-03-03 05:00:00,49.996745665051634,23.81,89.32,0.02,0.05,mid,0.0,1.1108126816723122e-08,0,0.0
45319,2025-03-03 06:00:00,49.8071635436914,24.95,83.98,0.39,0.09,mid,0.0,1.132666755087545e-07,0,0.0
45320,2025-03-03 07:00:00,51.01921442278772,27.0,71.17,0.93,0.25,mid,0.0,1.3386329288912817e-06,0,0.0
45321,2025-03-03 08:00:00,50.2641671693392,29.01,59.9,1.71,0.46,mid,0.0,0.00010104272644290137,0,0.0
45322,2025-03-03 09:00:00,50.486177271090426,30.58,53.22,2.11,0.25,mid,0.0,0.001013868355857296,0,0.0
45323,2025-03-03 10:00:00,50.099195694495,31.77,48.88,2.74,0.39,mid,0.0,0.03185769635700693,0,0.0
45324,2025-03-03 11:00:00,49.97931816895554,32.4,46.74,2.75,0.41,mid,4.238219096696241,0.13087945269051374,0,0.0
45325,2025-03-03 12:00:00,55.65845375187848,32.54,46.24,2.78,0.39,mid,0.0,1.2826502208477426e-06,0,0.0
45326,2025-03-03 13:00:00,53.50942649438045,32.13,47.25,2.46,0.35,mid,0.0,0.00012162451848063181,0,0.0
45327,2025-03-03 14:00:00,53.89137126702608,31.34,49.22,2.11,0.29,mid,0.0,6.206716553196765e-05,0,0.0
45328,2025-03-03 15:00:00,53.66544673745241,30.16,52.94,1.51,0.24,mid,0.0,3.2178819878666046e-05,0,0.0
45329,2025-03-03 16:00:00,53.35677524255627,28.65,58.67,0.79,0.16,mid,0.0,3.252003950391381e-06,0,0.0
45330,2025-03-03 17:00:00,54.2601744572895,26.81,67.33,0.16,0.11,mid,0.0,1.880974175180662e-07,0,0.0
45331,2025-03-03 18:00:00,54.16443984113992,25.63,74.83,0.0,0.04,mid,0.0,1.3748919599763965e-07,0,0.0
45332,2025-03-03 19:00:00,53.164526715696674,25.2,78.09,0.0,0.02,mid,0.0,2.768937439034438e-07,0,0.0
45333,2025-03-03 20:00:00,55.249533902330384,24.97,80.11,0.0,0.02,mid,0.0,1.7149194114061537e-07,0,0.0
45334,2025-03-03 21:00:00,53.06389022301124,24.77,81.99,0.0,0.03,mid,0.0,6.12830861548185e-07,0,0.0
45335,2025-03-03 22:00:00,53.16630532004854,24.57,83.67,0.0,0.03,mid,0.0,6.001610453065388e-07,0,0.0
45336,2025-03-03 23:00:00,52.544039557224096,24.37,85.09,0.0,0.03,mid,0.0,4.3357460068941186e-07,0,0.0
45337,2025-03-04 00:00:00,52.20812557359666,24.17,86.21,0.0,0.03,mid,0.0,2.0221906371238301e-07,0,0.0
45338,2025-03-04 01:00:00,52.57389876693235,23.96,87.41,0.0,0.05,mid,0.0,8.58356642919539e-08,0,0.0
45339,2025-03-04 02:00:00,54.42879423563047,23.71,89.02,0.0,0.08,mid,0.0,1.0555690075700904e-08,0,0.0
45340,2025-03-04 03:00:00,54.32365977419026,23.51,90.31,0.0,0.09,mid,0.0,2.6002906171961495e-09,0,0.0
45341,2025-03-04 04:00:00,53.13611780081233,23.38,91.24,0.0,0.09,mid,0.0,1.4648789736088438e-09,0,0.0
45342,2025-03-04 05:00:00,54.02286151439903,23.38,91.54,0.02,0.08,mid,0.0,3.627736374795009e-10,0,0.0
45343,2025-03-04 06:00:00,54.73813353931887,24.55,86.24,0.48,0.12,mid,0.0,5.889415873117574e-10,0,0.0
45344,2025-03-04 07:00:00,52.31419662819252,26.62,72.94,1.18,0.11,mid,0.0,2.679070911040934e-07,0,0.0
45345,2025-03-04 08:00:00,54.88676784364676,28.93,59.02,2.03,0.07,mid,0.0,5.862957351157493e-08,0,0.0
45346,2025-03-04 09:00:00,53.63242420726567,30.71,51.42,2.68,0.09,mid,0.0,4.4110606553288674e-06,0,0.0
45347,2025-03-04 10:00:00,52.557405548355305,32.0,46.47,2.97,0.07,mid,0.0,0.00023268551221907745,0,0.0
45348,2025-03-04 11:00:00,51.864990275804935,32.76,43.72,3.07,0.06,mid,0.0,0.0030299327641473556,0,0.0
45349,2025-03-04 12:00:00,48.22630447086996,32.97,42.7,3.25,0.06,mid,0.0,0.7003338848816126,1,4.4962470481942525
45350,2025-03-04 13:00:00,48.66650903024832,32.67,43.04,2.8,0.05,mid,4.385586373663337,0.41881788101157286,0,0.0
45351,2025-03-04 14:00:00,56.23847190877495,32.01,44.6,2.25,0.04,mid,0.0,1.0978236039599298e-06,0,0.0
45352,2025-03-04 15:00:00,54.46004873879004,30.95,47.46,1.62,0.02,mid,0.0,1.4384882951206383e-05,0,0.0
45353,2025-03-04 16:00:00,54.52541839277037,29.51,52.24,0.85,0.02,mid,0.0,1.197878871680764e-06,0,0.0
45354,2025-03-04 17:00:00,54.81275273514579,27.7,59.89,0.17,0.01,mid,0.0,1.0242415361076387e-07,0,0.0
45355,2025-03-04 18:00:00,54.229611553793326,26.45,66.92,0.0,0.01,mid,0.0,1.1269685347400435e-07,0,0.0
45356,2025-03-04 19:00:00,53.47304544019968,25.79,71.48,0.0,0.01,mid,0.0,2.441239181898974e-07,0,0.0
45357,2025-03-04 20:00:00,54.164777962393806,25.32,74.87,0.0,0.02,mid,0.0,2.3708143564002987e-07,0,0.0
45358,2025-03-04 21:00:00,52.39241268179888,24.98,77.43,0.0,0.02,mid,0.0,6.794449696223746e-07,0,0.0
45359,2025-03-04 22:00:00,54.17149388554534,24.62,80.07,0.0,0.04,mid,0.0,4.1900206131262995e-07,0,0.0
45360,2025-03-04 23:00:00,54.453921429786085,24.31,82.67,0.0,0.06,mid,0.0,2.2345082827178645e-07,0,0.0
45361,2025-03-05 00:00:00,54.07497278861134,23.98,85.22,0.0,0.08,mid,0.0,1.1484626258389724e-07,0,0.0
45362,2025-03-05 01:00:00,54.97093666850899,23.69,87.57,0.0,0.07,mid,0.0,2.9086932327056205e-08,0,0.0
45363,2025-03-05 02:00:00,54.364615279089584,23.49,89.24,0.0,0.08,mid,0.0,9.60665991364674e-09,0,0.0
45364,2025-03-05 03:00:00,54.35927569963405,23.32,90.53,0.0,0.08,mid,0.0,2.275990999454175e-09,0,0.0
45365,2025-03-05 04:00:00,55.79507632273765,23.23,91.4,0.0,0.07,mid,0.0,1.6499162809930347e-10,0,0.0
45366,2025-03-05 05:00:00,53.6504423029678,23.27,91.61,0.02,0.07,mid,0.0,4.5700802073518037e-10,0,0.0
45367,2025-03-05 06:00:00,55.69291995057225,24.55,86.52,0.53,0.13,mid,0.0,2.2959025102292963e-10,0,0.0
45368,2025-03-05 07:00:00,55.48879911733414,26.88,72.37,1.31,0.12,mid,0.0,3.298995267317029e-09,0,0.0
45369,2025-03-05 08:00:00,54.602909610702525,29.22,58.54,2.1,0.04,mid,0.0,1.0242076872472862e-07,0,0.0
45370,2025-03-05 09:00:00,52.83362276040528,30.99,51.05,2.6,0.02,mid,0.0,2.0420930178646965e-05,0,0.0
45371,2025-03-05 10:00:00,52.4959027137795,32.28,46.78,2.97,0.03,mid,0.0,0.00029068416892575206,0,0.0
45372,2025-03-05 11:00:00,50.54308640898636,33.06,44.74,3.15,0.04,mid,0.0,0.04306714299940834,0,0.0
45373,2025-03-05 12:00:00,49.66332137292292,33.23,44.38,2.97,0.04,mid,0.0,0.2752159530870268,0,0.0
45374,2025-03-05 13:00:00,49.182940501633,32.96,45.03,2.81,0.04,mid,4.260140647643389,0.27531297356630846,0,0.0
45375,2025-03-05 14:00:00,54.54813850076477,32.19,47.11,2.34,0.04,mid,0.0,2.0440241530775907e-05,0,0.0
45376,2025-03-05 15:00:00,54.29892867168024,30.9,51.11,1.66,0.02,mid,0.0,1.9055219830655876e-05,0,0.0
45377,2025-03-05 16:00:00,53.06723803527682,29.53,56.07,0.87,0.02,mid,0.0,5.885051926932644e-06,0,0.0
45378,2025-03-05 17:00:00,54.192894004856456,27.9,63.31,0.17,0.01,mid,0.0,1.8778879296188831e-07,0,0.0
45379,2025-03-05 18:00:00,54.99094289077907,26.76,69.79,0.0,0.01,mid,0.0,9.87011418100154e-08,0,0.0
45380,2025-03-05 19:00:00,55.453089353227526,26.21,73.25,0.0,0.01,mid,0.0,1.0872785072048833e-07,0,0.0
45381,2025-03-05 20:00:00,52.88123873484262,25.85,75.29,0.0,0.01,mid,0.0,5.073160109914026e-07,0,0.0
45382,2025-03-05 21:00:00,53.0342967521996,25.65,76.25,0.0,0.01,mid,0.0,6.813758023626571e-07,0,0.0
45383,2025-03-05 22:00:00,53.69307605142664,25.37,77.62,0.0,0.01,mid,0.0,5.301604976701312e-07,0,0.0
45384,2025-03-05 23:00:00,54.40342551201852,25.06,79.26,0.0,0.01,mid,0.0,2.5789446331722456e-07,0,0.0
45385,2025-03-06 00:00:00,53.68445656131264,24.7,81.45,0.0,0.01,mid,0.0,1.7637040312402652e-07,0,0.0
45386,2025-03-06 01:00:00,54.6325916242236,24.33,83.85,0.0,0.01,mid,0.0,4.6283443223349126e-08,0,0.0
45387,2025-03-06 02:00:00,54.29994594219629,24.04,85.57,0.0,0.01,mid,0.0,1.507867983885927e-08,0,0.0
45388,2025-03-06 03:00:00,52.472493999853526,23.85,86.72,0.0,0.01,mid,0.0,1.2228207520663116e-08,0,0.0
45389,2025-03-06 04:00:00,53.94360083461064,23.73,87.48,0.0,0.01,mid,0.0,9.621926439992993e-10,0,0.0
45390,2025-03-06 05:00:00,52.93299580471445,23.74,87.41,0.02,0.02,mid,0.0,1.1150694626027542e-09,0,0.0
45391,2025-03-06 06:00:00,53.50946354137779,25.33,79.03,0.43,0.03,mid,0.0,4.7312224353302555e-09,0,0.0
45392,2025-03-06 07:00:00,53.38121996075327,27.49,65.71,1.04,0.03,mid,0.0,8.496917872494771e-08,0,0.0
45393,2025-03-06 08:00:00,53.78437584055529,29.38,55.86,1.73,0.03,mid,0.0,4.0110723700235296e-07,0,0.0
45394,2025-03-06 09:00:00,52.44277481865469,30.94,49.66,2.35,0.05,mid,0.0,4.128540952344366e-05,0,0.0
45395,2025-03-06 10:00:00,51.204040094855706,32.09,45.78,2.68,0.06,mid,0.0,0.004428940744836831,0,0.0
45396,2025-03-06 11:00:00,52.2404201593052,32.79,43.36,2.91,0.05,mid,0.0,0.0016909444797195304,0,0.0
45397,2025-03-06 12:00:00,48.772530770891024,33.02,42.15,2.79,0.03,mid,4.170414621762575,0.6921405488771193,1,4.364170013617002
45398,2025-03-06 13:00:00,55.61760702302279,32.8,42.36,2.58,0.02,mid,0.0,2.358918244900542e-06,0,0.0
45399,2025-03-06 14:00:00,54.98159784768167,32.18,43.89,2.12,0.02,mid,0.0,1.30613687525752e-05,0,0.0
45400,2025-03-06 15:00:00,53.80699513257706,31.15,46.82,1.59,0.01,mid,0.0,3.512580973736263e-05,0,0.0
45401,2025-03-06 16:00:00,52.409461095555145,29.63,51.93,0.82,0.01,mid,0.0,8.317125643438237e-06,0,0.0
45402,2025-03-06 17:00:00,52.09292272910366,27.83,59.37,0.16,0.01,mid,0.0,6.401114209509557e-07,0,0.0
45403,2025-03-06 18:00:00,53.36108693208634,26.57,66.46,0.0,0.01,mid,0.0,1.8546317838204072e-07,0,0.0
45404,2025-03-06 19:00:00,53.7257045557878,25.86,71.71,0.0,0.02,mid,0.0,2.2433811913474665e-07,0,0.0
45405,2025-03-06 20:00:00,52.885055738071344,25.32,76.29,0.0,0.03,mid,0.0,4.168007218629156e-07,0,0.0
45406,2025-03-06 21:00:00,51.92289442566125,24.91,80.66,0.0,0.04,mid,0.0,7.799022965333633e-07,0,0.0
45407,2025-03-06 22:00:00,53.04752156054543,24.57,84.7,0.0,0.05,mid,0.0,6.500245840467988e-07,0,0.0
45408,2025-03-06 23:00:00,54.32617869001747,24.27,88.27,0.0,0.06,mid,0.0,2.7710068415054365e-07,0,0.0
45409,2025-03-07 00:00:00,52.38440427314319,24.04,91.08,0.0,0.06,late,0.0,7.763530143237111e-07,0,0.0
45410,2025-03-07 01:00:00,53.04765438240256,23.9,93.0,0.0,0.09,late,0.0,3.7803397908131854e-07,0,0.0
45411,2025-03-07 02:00:00,53.47311993604047,23.82,93.99,0.0,0.1,late,0.0,1.3130594615636497e-07,0,0.0
45412,2025-03-07 03:00:00,54.44730018146124,23.73,94.59,0.0,0.12,late,0.0,1.7170157266317936e-08,0,0.0
45413,2025-03-07 04:00:00,53.2905295354421,23.68,94.58,0.0,0.11,late,0.0,1.4249731633836168e-08,0,0.0
45414,2025-03-07 05:00:00,54.21400555810629,23.6,94.27,0.02,0.09,late,0.0,3.3048218443040334e-09,0,0.0
45415,2025-03-07 06:00:00,55.03949286909948,24.53,90.03,0.4,0.08,late,0.0,5.375719365492624e-09,0,0.0
45416,2025-03-07 07:00:00,52.61511626832291,26.28,77.33,0.95,0.09,late,0.0,2.8771834588882497e-06,0,0.0
45417,2025-03-07 08:00:00,52.39059825860001,28.78,59.54,1.78,0.08,late,0.0,0.00030869084966329163,0,0.0
45418,2025-03-07 09:00:00,52.96246127469718,30.51,51.25,2.0,0.2,late,0.0,0.0005493633327959624,0,0.0
45419,2025-03-07 10:00:00,53.21068729446928,31.86,46.16,2.47,0.15,late,0.0,0.0018789533096179919,0,0.0
45420,2025-03-07 11:00:00,51.889509949667634,32.97,41.88,2.49,0.07,late,0.0,0.15071883219083776,0,0.0
45421,2025-03-07 12:00:00,51.60695525158104,33.35,39.66,2.42,0.04,late,4.521822497607513,0.4826612679028791,0,0.0
45422,2025-03-07 13:00:00,56.07264776659669,33.08,39.95,1.87,0.03,late,0.0,6.92621698917805e-05,0,0.0
45423,2025-03-07 14:00:00,56.95002867598633,32.26,42.35,1.71,0.03,late,0.0,1.2005542431583433e-05,0,0.0
45424,2025-03-07 15:00:00,53.78139609651146,31.02,46.28,1.21,0.03,late,0.0,0.0004928966609817528,0,0.0
45425,2025-03-07 16:00:00,56.68436524735719,29.34,52.72,0.61,0.02,late,0.0,1.006143661971699e-06,0,0.0
45426,2025-03-07 17:00:00,56.360258697353714,27.5,61.63,0.12,0.02,late,0.0,3.0661880235743305e-07,0,0.0
45427,2025-03-07 18:00:00,55.17137481019528,26.31,69.19,0.0,0.02,late,0.0,4.923329821546024e-07,0,0.0
45428,2025-03-07 19:00:00,53.61143483578888,25.61,74.56,0.0,0.02,late,0.0,1.0051857991854112e-06,0,0.0
45429,2025-03-07 20:00:00,55.32951074746527,25.05,79.06,0.0,0.03,late,0.0,5.283026405632282e-07,0,0.0
45430,2025-03-07 21:00:00,56.42726283671147,24.63,82.77,0.0,0.03,late,0.0,7.275577223893107e-07,0,0.0
45431,2025-03-07 22:00:00,55.90267289537056,24.31,85.6,0.0,0.03,late,0.0,8.046333397836526e-07,0,0.0
45432,2025-03-07 23:00:00,57.0757223908759,24.13,87.48,0.0,0.02,late,0.0,3.050535557788538e-07,0,0.0
45433,2025-03-08 00:00:00,55.38436499742421,24.01,88.96,0.0,0.02,late,0.0,3.2714341041489446e-07,0,0.0
45434,2025-03-08 01:00:00,57.28308540951228,23.87,90.39,0.0,0.03,late,0.0,5.041160711491105e-08,0,0.0
45435,2025-03-08 02:00:00,54.07842258974362,23.74,91.75,0.0,0.03,late,0.0,9.21610561052307e-08,0,0.0
45436,2025-03-08 03:00:00,55.12620517837373,23.63,92.67,0.0,0.03,late,0.0,9.770712094630229e-09,0,0.0
45437,2025-03-08 04:00:00,54.73463969743949,23.53,93.28,0.0,0.03,late,0.0,3.926579441226584e-09,0,0.0
45438,2025-03-08 05:00:00,56.4473122640189,23.51,93.42,0.02,0.07,late,0.0,3.4090630738752707e-10,0,0.0
45439,2025-03-08 06:00:00,55.05160971331413,24.52,89.44,0.47,0.13,late,0.0,6.322136419406152e-09,0,0.0
45440,2025-03-08 07:00:00,56.72826794581434,26.49,76.02,1.2,0.12,late,0.0,1.6274381620738123e-08,0,0.0
45441,2025-03-08 08:00:00,56.05551612719235,29.03,58.34,1.98,0.05,late,0.0,2.703715483077367e-07,0,0.0
45442,2025-03-08 09:00:00,54.99849254787196,30.87,49.0,2.48,0.02,late,0.0,1.0294475334134275e-05,0,0.0
45443,2025-03-08 10:00:00,53.97148345204181,31.93,44.52,3.03,0.03,late,0.0,0.00034449974560439903,0,0.0
45444,2025-03-08 11:00:00,52.30675053944079,32.68,41.33,3.13,0.01,late,0.0,0.04644876299259535,0,0.0
45445,2025-03-08 12:00:00,52.68450958034094,33.29,38.61,3.15,0.01,late,0.0,0.05105779397778118,0,0.0
45446,2025-03-08 13:00:00,50.87035056886097,33.24,37.64,2.74,0.0,late,4.214688229345377,0.6719118029980335,1,4.238797787387159
45447,2025-03-08 14:00:00,58.08382768356373,32.56,38.71,2.2,0.0,late,0.0,2.3025406669095972e-06,0,0.0
45448,2025-03-08 15:00:00,57.99044889623519,31.34,41.72,1.55,0.0,late,0.0,1.6678611376761954e-06,0,0.0
45449,2025-03-08 16:00:00,56.06591831291362,29.78,46.38,0.77,0.0,late,0.0,2.5641650816852973e-06,0,0.0
45450,2025-03-08 17:00:00,57.12155544487038,27.87,53.82,0.13,0.0,late,0.0,1.1902981242584005e-07,0,0.0
45451,2025-03-08 18:00:00,56.21709728154381,26.49,61.4,0.0,0.0,late,0.0,1.5623375095698716e-07,0,0.0
45452,2025-03-08 19:00:00,56.542518182418895,25.51,68.02,0.0,0.0,late,0.0,1.8836589830373586e-07,0,0.0
45453,2025-03-08 20:00:00,55.00742337413924,24.8,73.43,0.0,0.0,late,0.0,4.464974595971162e-07,0,0.0
45454,2025-03-08 21:00:00,55.515679817147394,24.24,78.1,0.0,0.0,late,0.0,7.138936206053615e-07,0,0.0
45455,2025-03-08 22:00:00,55.51948372547102,23.82,81.64,0.0,0.01,late,0.0,6.014169143537301e-07,0,0.0
45456,2025-03-08 23:00:00,57.16680418340346,23.52,84.23,0.0,0.01,late,0.0,1.9071271718726858e-07,0,0.0
45457,2025-03-09 00:00:00,55.82175258082014,23.25,86.5,0.0,0.01,late,0.0,1.86991683284492e-07,0,0.0
45458,2025-03-09 01:00:00,56.6176944837576,22.96,88.65,0.0,0.01,late,0.0,5.3118275617419274e-08,0,0.0
45459,2025-03-09 02:00:00,56.06667584421221,22.67,90.69,0.0,0.01,late,0.0,1.6429449437403058e-08,0,0.0
45460,2025-03-09 03:00:00,55.854437028521446,22.41,92.47,0.0,0.01,late,0.0,3.2545177749422324e-09,0,0.0
45461,2025-03-09 04:00:00,54.97477779971197,22.19,93.96,0.0,0.01,late,0.0,1.493520642921106e-09,0,0.0
45462,2025-03-09 05:00:00,54.63762565957823,22.22,94.0,0.01,0.01,late,0.0,1.082147275111834e-09,0,0.0
45463,2025-03-09 06:00:00,55.918918622214136,24.82,80.21,0.44,0.02,late,0.0,4.1293961142989665e-09,0,0.0
45464,2025-03-09 07:00:00,55.74428941984986,27.25,65.69,1.24,0.02,late,0.0,1.622135735176775e-07,0,0.0
45465,2025-03-09 08:00:00,54.827535929173806,29.4,54.98,2.04,0.03,late,0.0,3.0670155196908016e-06,0,0.0
45466,2025-03-09 09:00:00,54.97395815030874,31.31,47.27,2.56,0.0,late,0.0,1.233069851023254e-05,0,0.0
45467,2025-03-09 10:00:00,55.60495961693946,32.86,42.1,2.76,0.0,late,0.0,1.5184847150561895e-05,0,0.0
45468,2025-03-09 11:00:00,54.30948061612257,34.02,38.53,2.92,0.0,late,0.0,0.0012779455345239363,0,0.0
45469,2025-03-09 12:00:00,52.15039470795541,34.68,35.95,3.03,0.0,late,0.0,0.2564233111462069,0,0.0
45470,2025-03-09 13:00:00,51.25928551038487,34.57,35.31,2.65,0.0,late,4.209796666588026,0.6236057256061599,1,4.227104916559767
45471,2025-03-09 14:00:00,57.91756473508336,33.89,36.26,2.14,0.0,late,0.0,3.384765724372333e-06,0,0.0
45472,2025-03-09 15:00:00,56.929337466631466,32.63,38.95,1.36,0.0,late,0.0,6.904289055904469e-06,0,0.0
45473,2025-03-09 16:00:00,56.77063710643697,30.81,43.98,0.65,0.0,late,0.0,1.0066771280660439e-06,0,0.0
45474,2025-03-09 17:00:00,56.23018674932139,28.54,51.98,0.1,0.0,late,0.0,2.4744780423988374e-07,0,0.0
45475,2025-03-09 18:00:00,56.08482414169916,26.79,60.14,0.0,0.0,late,0.0,1.7427214998670365e-07,0,0.0
45476,2025-03-09 19:00:00,55.48792531195841,25.87,65.58,0.0,0.0,late,0.0,3.208931707286426e-07,0,0.0
45477,2025-03-09 20:00:00,56.28913599619104,25.2,69.97,0.0,0.0,late,0.0,2.986975658658075e-07,0,0.0
45478,2025-03-09 21:00:00,54.18959437656289,24.58,74.28,0.0,0.0,late,0.0,9.986265794404872e-07,0,0.0
45479,2025-03-09 22:00:00,56.21107592346298,24.03,78.28,0.0,0.0,late,0.0,4.4837162423850277e-07,0,0.0
45480,2025-03-09 23:00:00,54.34556909765835,23.54,81.99,0.0,0.0,late,0.0,5.006840526121114e-07,0,0.0
45481,2025-03-10 00:00:00,56.21172005643577,23.05,85.86,0.0,0.0,late,0.0,1.3504528011652229e-07,0,0.0
45482,2025-03-10 01:00:00,55.21629841490397,22.68,89.01,0.0,0.0,late,0.0,9.364813492908625e-08,0,0.0
45483,2025-03-10 02:00:00,57.021602820085626,22.57,90.67,0.0,0.0,late,0.0,8.68907646240899e-09,0,0.0
45484,2025-03-10 03:00:00,56.07074246177153,22.79,90.37,0.0,0.0,late,0.0,3.3991034654618985e-09,0,0.0
45485,2025-03-10 04:00:00,56.000675091580526,22.81,90.92,0.0,0.0,late,0.0,9.265211999362744e-10,0,0.0
45486,2025-03-10 05:00:00,56.33650488449597,22.93,90.81,0.01,0.01,late,0.0,3.2606688663262237e-10,0,0.0
45487,2025-03-10 06:00:00,55.33311552895916,24.66,81.28,0.41,0.01,late,0.0,6.792756627466547e-09,0,0.0
45488,2025-03-10 07:00:00,56.69539724230423,26.77,69.13,1.16,0.01,late,0.0,2.6390699416084863e-08,0,0.0
45489,2025-03-10 08:00:00,55.90347698572527,28.94,59.03,1.95,0.01,late,0.0,3.4978175153092756e-07,0,0.0
45490,2025-03-10 09:00:00,54.28005136850973,31.07,51.04,2.46,0.02,late,0.0,4.3865920752070434e-05,0,0.0
45491,2025-03-10 10:00:00,53.086564409961056,32.77,45.59,2.77,0.01,late,0.0,0.0029561077511627235,0,0.0
45492,2025-03-10 11:00:00,52.72961370963781,33.9,41.97,2.77,0.02,late,0.0,0.035994733236992794,0,0.0
45493,2025-03-10 12:00:00,52.04380641514108,34.51,40.04,2.55,0.02,late,0.0,0.30412554185072843,0,0.0
45494,2025-03-10 13:00:00,50.38261163782476,34.24,40.72,2.13,0.01,late,4.061129257781332,0.7664446730932853,1,4.163151196088477
45495,2025-03-10 14:00:00,56.866166864559325,33.41,43.27,1.87,0.01,late,0.0,1.7356505633914005e-05,0,0.0
45496,2025-03-10 15:00:00,56.1178899550474,32.14,47.53,1.4,0.01,late,0.0,2.686564506237287e-05,0,0.0
45497,2025-03-10 16:00:00,55.96758083944701,30.47,53.74,0.67,0.0,late,0.0,3.291446008438909e-06,0,0.0
45498,2025-03-10 17:00:00,55.73494583951171,28.65,61.29,0.11,0.0,late,0.0,5.750636901856921e-07,0,0.0
45499,2025-03-10 18:00:00,56.28083166479127,27.4,67.6,0.0,0.0,late,0.0,3.200156179183153e-07,0,0.0
45500,2025-03-10 19:00:00,55.915347589140445,26.66,71.95,0.0,0.0,late,0.0,5.040939381169425e-07,0,0.0
45501,2025-03-10 20:00:00,56.21200598142094,26.13,75.4,0.0,0.0,late,0.0,5.593425430746512e-07,0,0.0
45502,2025-03-10 21:00:00,56.089431768532016,25.69,78.47,0.0,0.0,late,0.0,1.0622590243549244e-06,0,0.0
45503,2025-03-10 22:00:00,55.73442353757585,25.3,81.38,0.0,0.0,late,0.0,1.1176643797666645e-06,0,0.0
45504,2025-03-10 23:00:00,56.437331117938434,25.04,83.66,0.0,0.0,late,0.0,5.17703597666514e-07,0,0.0
45505,2025-03-11 00:00:00,53.69514731297169,24.77,85.85,0.0,0.0,late,0.0,8.371127157928484e-07,0,0.0
45506,2025-03-11 01:00:00,55.603323751006464,24.43,88.26,0.0,0.0,late,0.0,1.464713578319399e-07,0,0.0
45507,2025-03-11 02:00:00,55.43382610787707,24.14,90.32,0.0,0.0,late,0.0,5.263633397583786e-08,0,0.0
45508,2025-03-11 03:00:00,55.98585078587336,23.94,91.81,0.0,0.0,late,0.0,5.8621462063993026e-09,0,0.0
45509,2025-03-11 04:00:00,55.39538449681999,23.75,93.23,0.0,0.01,late,0.0,2.4891741799948504e-09,0,0.0
45510,2025-03-11 05:00:00,56.35447274056216,23.73,93.57,0.01,0.01,late,0.0,4.0700511957502914e-10,0,0.0
45511,2025-03-11 06:00:00,56.50811945463799,25.49,83.22,0.46,0.01,late,0.0,2.6692814454897697e-09,0,0.0
45512,2025-03-11 07:00:00,54.5773653463665,27.77,69.36,1.27,0.01,late,0.0,8.125981035266589e-07,0,0.0
45513,2025-03-11 08:00:00,55.38172454952153,30.02,58.34,2.13,0.01,late,0.0,1.0489085617880499e-06,0,0.0
45514,2025-03-11 09:00:00,53.47938904240216,31.98,50.6,2.71,0.0,late,0.0,0.0002670738064086171,0,0.0
45515,2025-03-11 10:00:00,54.03196067596012,33.53,45.41,2.98,0.0,late,0.0,0.0004754193869163117,0,0.0
45516,2025-03-11 11:00:00,52.32039275282002,34.62,41.95,3.17,0.0,late,0.0,0.08696832517769894,0,0.0
45517,2025-03-11 12:00:00,51.06197193835,35.09,40.22,3.21,0.0,late,4.134603381350569,0.6661540534427428,1,4.32381661179649
45518,2025-03-11 13:00:00,56.27338563847878,35.09,39.83,2.65,0.0,late,0.0,8.209033113840232e-05,0,0.0
45519,2025-03-11 14:00:00,56.71212165851636,34.56,40.45,2.41,0.0,late,0.0,4.2649295039504774e-05,0,0.0
45520,2025-03-11 15:00:00,55.16064776262751,33.36,43.06,1.63,0.0,late,0.0,0.00018742652411635817,0,0.0
45521,2025-03-11 16:00:00,54.40606877252453,31.53,48.47,0.85,0.0,late,0.0,3.4275391766338005e-05,0,0.0
45522,2025-03-11 17:00:00,55.48589244936062,29.23,57.04,0.13,0.0,late,0.0,7.09254095791363e-07,0,0.0
45523,2025-03-11 18:00:00,56.1125175863138,27.54,65.5,0.0,0.0,late,0.0,3.1539785260862686e-07,0,0.0
45524,2025-03-11 19:00:00,55.65270009345852,26.58,71.43,0.0,0.0,late,0.0,5.46009243819709e-07,0,0.0
45525,2025-03-11 20:00:00,54.1923335935748,25.99,75.08,0.0,0.0,late,0.0,1.339960224707903e-06,0,0.0
45526,2025-03-11 21:00:00,55.22769592021782,25.57,77.3,0.0,0.0,late,0.0,1.3481764033402427e-06,0,0.0
45527,2025-03-11 22:00:00,55.88157332952672,25.23,78.97,0.0,0.0,late,0.0,9.295085986721976e-07,0,0.0
45528,2025-03-11 23:00:00,55.22800964730748,24.88,80.85,0.0,0.0,late,0.0,6.776633294257126e-07,0,0.0
45529,2025-03-12 00:00:00,55.5975476589819,24.49,83.02,0.0,0.0,late,0.0,3.320632006856241e-07,0,0.0
45530,2025-03-12 01:00:00,54.98731402360715,24.04,85.53,0.0,0.0,late,0.0,1.8141133373021477e-07,0,0.0
45531,2025-03-12 02:00:00,55.02936562950234,23.73,87.34,0.0,0.0,late,0.0,6.069557841154577e-08,0,0.0
45532,2025-03-12 03:00:00,54.80943174919139,23.57,88.31,0.0,0.0,late,0.0,1.3998855108021558e-08,0,0.0
45533,2025-03-12 04:00:00,55.8267333747255,23.53,88.6,0.0,0.0,late,0.0,1.7003290933922068e-09,0,0.0
45534,2025-03-12 05:00:00,55.87718897095263,23.61,88.32,0.02,0.0,late,0.0,9.153766333797374e-10,0,0.0
45535,2025-03-12 06:00:00,54.89298415099936,25.5,77.85,0.51,0.0,late,0.0,2.580624683313178e-08,0,0.0
45536,2025-03-12 07:00:00,55.68889592197865,27.89,64.82,1.3,0.0,late,0.0,2.1417387289057132e-07,0,0.0
45537,2025-03-12 08:00:00,53.45637184568693,30.04,55.65,2.1,0.0,late,0.0,5.6727135077398906e-05,0,0.0
45538,2025-03-12 09:00:00,53.77225537845766,32.05,47.66,2.63,0.0,late,0.0,0.00016628471039849754,0,0.0
45539,2025-03-12 10:00:00,51.982614942685714,33.35,42.83,2.91,0.0,late,0.0,0.032580954706412354,0,0.0
45540,2025-03-12 11:00:00,51.2191510581832,34.33,39.78,3.05,0.0,late,0.0,0.5061093321795493,0,0.0
45541,2025-03-12 12:00:00,50.05800044709628,34.66,38.74,2.73,0.0,late,4.416465866959335,0.9274981592622149,1,4.38530453999965
45542,2025-03-12 13:00:00,57.04580911736259,34.34,39.75,2.36,0.0,late,0.0,1.321127628470087e-05,0,0.0
45543,2025-03-12 14:00:00,57.22259219184933,33.47,42.41,1.78,0.0,late,0.0,7.920137821685708e-06,0,0.0
45544,2025-03-12 15:00:00,55.97530447621492,32.13,46.71,1.13,0.0,late,0.0,1.572331020813002e-05,0,0.0
45545,2025-03-12 16:00:00,55.08381464478256,30.52,52.07,0.59,0.0,late,0.0,7.098018607352638e-06,0,0.0
45546,2025-03-12 17:00:00,55.16001869529136,28.61,59.29,0.11,0.0,late,0.0,8.475248554578969e-07,0,0.0
45547,2025-03-12 18:00:00,53.65378837215765,27.29,66.11,0.0,0.0,late,0.0,1.3470589278036468e-06,0,0.0
45548,2025-03-12 19:00:00,55.75627513696599,26.41,71.63,0.0,0.0,late,0.0,4.822988658549896e-07,0,0.0
45549,2025-03-12 20:00:00,53.50071539741651,25.75,76.1,0.0,0.0,late,0.0,1.706227547841208e-06,0,0.0
45550,2025-03-12 21:00:00,54.73303181772526,25.3,79.16,0.0,0.0,late,0.0,1.6359314581311381e-06,0,0.0
45551,2025-03-12 22:00:00,55.23572132498757,24.91,81.49,0.0,0.0,late,0.0,1.1184881914427767e-06,0,0.0
45552,2025-03-12 23:00:00,55.6677562717205,24.54,83.62,0.0,0.01,late,0.0,5.37715281688879e-07,0,0.0
45553,2025-03-13 00:00:00,55.51501176006947,24.2,85.39,0.0,0.01,late,0.0,3.364470100788997e-07,0,0.0
45554,2025-03-13 01:00:00,55.2967268005541,23.87,86.9,0.0,0.01,late,0.0,1.4140525056390908e-07,0,0.0
45555,2025-03-13 02:00:00,56.51481440156854,23.59,88.18,0.0,0.01,late,0.0,2.1270151417785458e-08,0,0.0
45556,2025-03-13 03:00:00,56.97320752369637,23.39,89.2,0.0,0.01,late,0.0,2.28981118745579e-09,0,0.0
45557,2025-03-13 04:00:00,55.37946687368606,23.27,89.81,0.0,0.01,late,0.0,2.0914830313518753e-09,0,0.0
45558,2025-03-13 05:00:00,55.30625439054058,23.19,90.11,0.02,0.01,late,0.0,1.2011516437989945e-09,0,0.0
45559,2025-03-13 06:00:00,55.27104037613755,24.99,79.93,0.54,0.01,late,0.0,1.1780485877185182e-08,0,0.0
45560,2025-03-13 07:00:00,54.66928820167499,27.45,64.94,1.4,0.01,late,0.0,1.080219723376337e-06,0,0.0
45561,2025-03-13 08:00:00,54.969258819910586,29.73,54.3,2.35,0.0,late,0.0,2.4175963510633004e-06,0,0.0
45562,2025-03-13 09:00:00,55.00617357814579,31.72,46.46,3.06,0.01,late,0.0,1.2918090686682446e-05,0,0.0
45563,2025-03-13 10:00:00,51.17410986493006,33.17,41.42,3.31,0.02,late,0.0,0.14777413770723463,0,0.0
45564,2025-03-13 11:00:00,52.11005271752117,34.06,38.6,3.36,0.02,late,0.0,0.09195247468589102,0,0.0
45565,2025-03-13 12:00:00,52.4828332527081,34.3,37.65,2.96,0.02,late,4.34859181959267,0.1358228974361408,0,0.0
45566,2025-03-13 13:00:00,57.93367239988876,34.07,37.87,2.76,0.02,late,0.0,2.3018271948873364e-06,0,0.0
45567,2025-03-13 14:00:00,57.12748890082217,33.32,39.44,2.18,0.02,late,0.0,1.5839211037507377e-05,0,0.0
45568,2025-03-13 15:00:00,54.848591245674726,31.98,42.96,1.44,0.02,late,0.0,0.0002097502072899654,0,0.0
45569,2025-03-13 16:00:00,56.22660942465301,30.2,48.12,0.68,0.02,late,0.0,2.0109279649767237e-06,0,0.0
45570,2025-03-13 17:00:00,56.231371606931454,28.14,55.16,0.11,0.01,late,0.0,2.821171429085082e-07,0,0.0
45571,2025-03-13 18:00:00,55.59651890854948,26.66,62.03,0.0,0.01,late,0.0,2.5683966775878744e-07,0,0.0
45572,2025-03-13 19:00:00,54.92462925914676,25.72,67.76,0.0,0.01,late,0.0,4.3867220361787474e-07,0,0.0
45573,2025-03-13 20:00:00,55.80332508785389,25.0,72.95,0.0,0.0,late,0.0,3.5286266891490553e-07,0,0.0
45574,2025-03-13 21:00:00,54.63128619998218,24.39,77.75,0.0,0.01,late,0.0,9.883578191789346e-07,0,0.0
45575,2025-03-13 22:00:00,54.537914093456585,23.8,82.4,0.0,0.01,late,0.0,8.606605993363681e-07,0,0.0
45576,2025-03-13 23:00:00,56.12827668412496,23.32,86.36,0.0,0.01,late,0.0,2.9928772450374974e-07,0,0.0
45577,2025-03-14 00:00:00,56.37572036667199,22.92,89.67,0.0,0.01,late,0.0,1.4093575168652283e-07,0,0.0
45578,2025-03-14 01:00:00,54.91747230916888,22.61,92.31,0.0,0.01,late,0.0,1.0381693858691748e-07,0,0.0
45579,2025-03-14 02:00:00,54.60430536478013,22.45,93.88,0.0,0.02,late,0.0,3.371796347728375e-08,0,0.0
45580,2025-03-14 03:00:00,54.85929312516551,22.42,94.58,0.0,0.02,late,0.0,6.6067650108169255e-09,0,0.0
45581,2025-03-14 04:00:00,55.73218932784484,22.48,94.49,0.0,0.01,late,0.0,9.460792054318462e-10,0,0.0
45582,2025-03-14 05:00:00,54.65520837831127,22.59,93.91,0.02,0.01,late,0.0,1.33086524715364e-09,0,0.0
45583,2025-03-14 06:00:00,56.63863674869476,24.86,84.02,0.54,0.02,late,0.0,1.854731308753535e-09,0,0.0
45584,2025-03-14 07:00:00,55.01058547885868,27.5,68.4,1.35,0.02,late,0.0,4.933342336774494e-07,0,0.0
45585,2025-03-14 08:00:00,55.19722533847415,30.02,55.85,2.15,0.01,late,0.0,1.607713049492644e-06,0,0.0
45586,2025-03-14 09:00:00,53.61551706513724,32.32,46.56,2.55,0.0,late,0.0,0.00024363948995405606,0,0.0
45587,2025-03-14 10:00:00,53.827181368515774,34.24,39.55,2.9,0.0,late,0.0,0.0008964898165619879,0,0.0
45588,2025-03-14 11:00:00,52.94449217993966,35.63,35.11,3.13,0.0,late,0.0,0.03757654798645453,0,0.0
45589,2025-03-14 12:00:00,50.08790875718801,36.39,32.59,3.29,0.0,late,4.2757643469755,0.9316575260439788,1,4.375783337688128
45590,2025-03-14 13:00:00,57.06452041501685,36.52,31.75,2.68,0.0,late,0.0,2.2709956054405195e-05,0,0.0
45591,2025-03-14 14:00:00,56.63283973260478,36.02,32.66,2.24,0.0,late,0.0,6.173173355381498e-05,0,0.0
45592,2025-03-14 15:00:00,55.643883127483,34.82,35.72,1.53,0.0,late,0.0,8.904473749582363e-05,0,0.0
45593,2025-03-14 16:00:00,56.27047239006437,32.87,41.92,0.76,0.0,late,0.0,3.0771102139488025e-06,0,0.0
45594,2025-03-14 17:00:00,54.841389495748615,30.2,52.6,0.12,0.0,late,0.0,1.2115132359887719e-06,0,0.0
45595,2025-03-14 18:00:00,55.89102502223078,28.08,63.71,0.0,0.0,late,0.0,3.7140294759220626e-07,0,0.0
45596,2025-03-14 19:00:00,55.70687498690247,26.87,70.98,0.0,0.0,late,0.0,6.025777551195147e-07,0,0.0
45597,2025-03-14 20:00:00,55.23278896058102,26.29,74.86,0.0,0.0,late,0.0,9.342426098073806e-07,0,0.0
45598,2025-03-14 21:00:00,55.92422394067645,25.88,77.78,0.0,0.0,late,0.0,1.174782640980609e-06,0,0.0
45599,2025-03-14 22:00:00,54.0888018562509,25.57,79.98,0.0,0.0,late,0.0,2.0578881333724487e-06,0,0.0
45600,2025-03-14 23:00:00,55.26979043465825,25.24,82.01,0.0,0.0,late,0.0,8.365034758160886e-07,0,0.0
45601,2025-03-15 00:00:00,54.69975662432367,24.91,83.94,0.0,0.0,initial,0.0,2.9343709067000714e-06,0,0.0
45602,2025-03-15 01:00:00,55.23361111741978,24.56,85.98,0.0,0.0,initial,0.0,1.6029268292666677e-06,0,0.0
45603,2025-03-15 02:00:00,54.94361931403954,24.17,88.19,0.0,0.0,initial,0.0,4.968948577558648e-07,0,0.0
45604,2025-03-15 03:00:00,55.36713164417479,23.83,90.23,0.0,0.0,initial,0.0,3.751356134219186e-08,0,0.0
45605,2025-03-15 04:00:00,55.326733296112366,23.55,91.96,0.0,0.0,initial,0.0,6.503253272535322e-09,0,0.0
45606,2025-03-15 05:00:00,55.43014764428054,23.48,92.5,0.02,0.0,initial,0.0,1.7392640909387535e-09,0,0.0
45607,2025-03-15 06:00:00,55.46185133374932,25.41,80.75,0.54,0.0,initial,0.0,1.4109330482981618e-08,0,0.0
45608,2025-03-15 07:00:00,55.550597215787626,27.91,66.18,1.36,0.0,initial,0.0,6.218692663963044e-07,0,0.0
45609,2025-03-15 08:00:00,53.64593875010753,30.26,54.38,2.18,0.0,initial,0.0,0.0006817914726153307,0,0.0
45610,2025-03-15 09:00:00,54.43959691327557,32.41,45.13,2.61,0.0,initial,0.0,0.0015294369556859723,0,0.0
45611,2025-03-15 10:00:00,52.0616525342901,34.14,38.99,2.96,0.0,initial,0.0,0.5545502991791941,1,4.605627794684406
45612,2025-03-15 11:00:00,50.18821501680029,35.29,35.24,3.17,0.0,initial,4.398772070815717,0.9776026963233918,1,4.663194138454558
45613,2025-03-15 12:00:00,60.45499243634919,35.9,33.29,3.05,0.0,initial,0.0,2.0353449307179816e-07,0,0.0
45614,2025-03-15 13:00:00,57.27789620218842,35.88,33.01,2.57,0.0,initial,0.0,0.0002900613946357013,0,0.0
45615,2025-03-15 14:00:00,56.91019206820973,35.21,34.51,2.21,0.0,initial,0.0,0.0005153586729233559,0,0.0
45616,2025-03-15 15:00:00,55.15682003630342,33.96,37.86,1.57,0.0,initial,0.0,0.002174953779396621,0,0.0
45617,2025-03-15 16:00:00,55.84525508156899,32.09,43.95,0.79,0.0,initial,0.0,4.235215594576422e-05,0,0.0
45618,2025-03-15 17:00:00,56.14701996119749,29.79,53.06,0.12,0.0,initial,0.0,2.052703132764957e-06,0,0.0
45619,2025-03-15 18:00:00,56.17580624228089,28.01,62.03,0.0,0.0,initial,0.0,1.4211632381751898e-06,0,0.0
45620,2025-03-15 19:00:00,55.01615991693748,26.98,68.34,0.0,0.0,initial,0.0,3.522986734565421e-06,0,0.0
45621,2025-03-15 20:00:00,55.62666289641601,26.29,73.3,0.0,0.0,initial,0.0,3.2098991654980615e-06,0,0.0
45622,2025-03-15 21:00:00,56.27658800537206,25.67,78.32,0.0,0.0,initial,0.0,2.4424132593792967e-06,0,0.0
45623,2025-03-15 22:00:00,56.17242254841912,25.09,83.04,0.0,0.0,initial,0.0,2.176558913681971e-06,0,0.0
45624,2025-03-15 23:00:00,56.08418728397593,24.68,86.47,0.0,0.0,initial,0.0,2.063433761872418e-06,0,0.0
45625,2025-03-16 00:00:00,56.58992482207226,24.46,88.25,0.0,0.0,initial,0.0,1.6313544572513028e-06,0,0.0
45626,2025-03-16 01:00:00,55.8943914651494,24.24,89.61,0.0,0.0,initial,0.0,1.0090094088737008e-06,0,0.0
45627,2025-03-16 02:00:00,57.09538262940898,23.93,91.28,0.0,0.0,initial,0.0,8.039654890087026e-08,0,0.0
45628,2025-03-16 03:00:00,55.747066055703215,23.82,91.69,0.0,0.0,initial,0.0,2.6924196424845762e-08,0,0.0
45629,2025-03-16 04:00:00,56.53719830766365,23.64,92.56,0.0,0.0,initial,0.0,2.3603631490241375e-09,0,0.0
45630,2025-03-16 05:00:00,56.56567932886286,23.57,92.89,0.02,0.0,initial,0.0,6.463208357285611e-10,0,0.0
45631,2025-03-16 06:00:00,54.6702615243321,25.53,81.42,0.51,0.0,initial,0.0,3.1624490684968006e-08,0,0.0
45632,2025-03-16 07:00:00,56.10629132307836,28.09,66.47,1.28,0.0,initial,0.0,2.5653558518276463e-07,0,0.0
45633,2025-03-16 08:00:00,54.800963730965215,30.52,53.99,2.04,0.0,initial,0.0,7.397394823902698e-05,0,0.0
45634,2025-03-16 09:00:00,53.88304458747431,32.74,44.19,2.57,0.0,initial,0.0,0.004716346547536568,0,0.0
45635,2025-03-16 10:00:00,53.58762755336509,34.5,37.77,2.98,0.0,initial,0.0,0.053103982316397166,0,0.0
45636,2025-03-16 11:00:00,53.20555348559764,35.67,34.06,3.24,0.0,initial,4.017757069886262,0.2989136229636127,0,0.0
45637,2025-03-16 12:00:00,57.63956134241711,36.26,32.37,3.11,0.0,initial,0.0,9.502012106313282e-05,0,0.0
45638,2025-03-16 13:00:00,58.06202001959573,36.19,32.46,2.91,0.0,initial,0.0,5.771694240518012e-05,0,0.0
45639,2025-03-16 14:00:00,57.1159959996879,35.39,34.68,2.21,0.01,initial,0.0,0.00036648849895361133,0,0.0
45640,2025-03-16 15:00:00,57.49764947252372,33.95,38.93,1.6,0.0,initial,0.0,8.735845745831423e-05,0,0.0
45641,2025-03-16 16:00:00,55.719781325770086,31.96,45.62,0.8,0.0,initial,0.0,5.262481964074452e-05,0,0.0
45642,2025-03-16 17:00:00,56.96295667989901,29.6,55.14,0.11,0.01,initial,0.0,1.1176942546646528e-06,0,0.0
45643,2025-03-16 18:00:00,56.320537756560064,28.01,63.84,0.0,0.0,initial,0.0,1.476268589671864e-06,0,0.0
45644,2025-03-16 19:00:00,55.98430554621558,27.11,70.43,0.0,0.0,initial,0.0,2.4844437610238145e-06,0,0.0
45645,2025-03-16 20:00:00,57.03002785778926,26.43,76.14,0.0,0.0,initial,0.0,2.372170752444615e-06,0,0.0
45646,2025-03-16 21:00:00,57.561625048515545,25.92,80.8,0.0,0.01,initial,0.0,2.1729677886885597e-06,0,0.0
45647,2025-03-16 22:00:00,55.86765968807602,25.53,84.18,0.0,0.01,initial,0.0,2.8874606416851465e-06,0,0.0
45648,2025-03-16 23:00:00,55.46902899835828,25.22,86.74,0.0,0.02,initial,0.0,2.9876113477932643e-06,0,0.0
45649,2025-03-17 00:00:00,56.44178632883344,24.97,88.8,0.0,0.03,initial,0.0,2.2820359015601522e-06,0,0.0
45650,2025-03-17 01:00:00,55.022672420720426,24.68,90.72,0.0,0.05,initial,0.0,1.555407269860304e-06,0,0.0
45651,2025-03-17 02:00:00,55.18277533722559,24.42,92.28,0.0,0.05,initial,0.0,3.874109380412958e-07,0,0.0
45652,2025-03-17 03:00:00,57.269096896482,24.24,93.12,0.0,0.0,initial,0.0,9.353170574044134e-09,0,0.0
45653,2025-03-17 04:00:00,56.68108672206897,24.14,93.28,0.0,0.0,initial,0.0,2.4501605330342352e-09,0,0.0
45654,2025-03-17 05:00:00,55.53706381112673,24.16,92.84,0.01,0.0,initial,0.0,2.060312461229383e-09,0,0.0
45655,2025-03-17 06:00:00,58.73163651458287,25.57,84.87,0.4,0.0,initial,0.0,3.1736969250747946e-10,0,0.0
45656,2025-03-17 07:00:00,54.897604156937206,27.99,68.69,0.97,0.0,initial,0.0,6.85042059778783e-07,0,0.0
45657,2025-03-17 08:00:00,56.07352783519604,30.36,55.8,1.69,0.0,initial,0.0,4.89713434861197e-06,0,0.0
45658,2025-03-17 09:00:00,54.33871471883281,32.21,48.19,2.19,0.0,initial,0.0,0.0011213661445973384,0,0.0
45659,2025-03-17 10:00:00,55.66367511757616,33.61,43.06,2.68,0.0,initial,0.0,0.000597777773950664,0,0.0
45660,2025-03-17 11:00:00,52.9919534598113,34.58,39.7,2.87,0.0,initial,0.0,0.4107034068561177,0,0.0
45661,2025-03-17 12:00:00,52.33788158955636,34.96,38.1,2.89,0.0,initial,4.3247035745168425,0.7408759338331744,1,4.3821313999653455
45662,2025-03-17 13:00:00,57.50428274472798,34.78,38.25,2.54,0.0,initial,0.0,0.00013513148680558218,0,0.0
45663,2025-03-17 14:00:00,59.88031006384917,34.1,39.67,2.13,0.0,initial,0.0,1.2864945431822731e-06,0,0.0
45664,2025-03-17 15:00:00,57.11799764806028,32.92,42.54,1.52,0.0,initial,0.0,0.0001140202627035806,0,0.0
45665,2025-03-17 16:00:00,57.57094644475033,31.21,47.49,0.75,0.0,initial,0.0,4.771715478523626e-06,0,0.0
45666,2025-03-17 17:00:00,56.97028901335253,29.04,55.47,0.11,0.0,initial,0.0,1.0484880182373922e-06,0,0.0
45667,2025-03-17 18:00:00,56.52534345105652,27.46,63.75,0.0,0.0,initial,0.0,1.1849097623326181e-06,0,0.0
45668,2025-03-17 19:00:00,55.18435362862101,26.49,70.72,0.0,0.0,initial,0.0,3.080567919193331e-06,0,0.0
45669,2025-03-17 20:00:00,56.78386625930474,25.78,76.55,0.0,0.0,initial,0.0,1.8598915827083336e-06,0,0.0
45670,2025-03-17 21:00:00,56.74916129937712,25.17,81.48,0.0,0.0,initial,0.0,1.9785297843847734e-06,0,0.0
45671,2025-03-17 22:00:00,57.22152291027505,24.68,85.2,0.0,0.0,initial,0.0,1.626011353976736e-06,0,0.0
45672,2025-03-17 23:00:00,58.682883206683634,24.33,87.83,0.0,0.0,initial,0.0,9.917548593725975e-07,0,0.0
45673,2025-03-18 00:00:00,57.48210310400803,24.18,88.87,0.0,0.0,initial,0.0,1.09735046027297e-06,0,0.0
45674,2025-03-18 01:00:00,57.65439778585179,24.01,89.94,0.0,0.0,initial,0.0,4.032299996134687e-07,0,0.0
45675,2025-03-18 02:00:00,56.72237143688761,23.82,90.93,0.0,0.0,initial,0.0,1.0179405317923789e-07,0,0.0
45676,2025-03-18 03:00:00,55.91588949368277,23.72,91.47,0.0,0.0,initial,0.0,2.3335622682383007e-08,0,0.0
45677,2025-03-18 04:00:00,56.7430967090403,23.58,92.33,0.0,0.0,initial,0.0,1.925880682193526e-09,0,0.0
45678,2025-03-18 05:00:00,56.37891913843977,23.57,92.42,0.01,0.0,initial,0.0,7.751411187680014e-10,0,0.0
45679,2025-03-18 06:00:00,56.92645191862903,25.41,80.7,0.38,0.0,initial,0.0,2.629013037440538e-09,0,0.0
45680,2025-03-18 07:00:00,56.35813441949564,27.81,66.19,0.93,0.0,initial,0.0,9.78840790184048e-08,0,0.0
45681,2025-03-18 08:00:00,54.99975054496567,30.17,55.18,1.6,0.0,initial,0.0,2.744145744019697e-05,0,0.0
45682,2025-03-18 09:00:00,56.77345238021433,32.01,47.76,2.07,0.0,initial,0.0,7.4880032074344496e-06,0,0.0
45683,2025-03-18 10:00:00,54.93439304277959,33.59,42.27,2.29,0.0,initial,0.0,0.0015789054267261165,0,0.0
45684,2025-03-18 11:00:00,53.987916438934974,34.48,39.78,2.55,0.0,initial,0.0,0.06262584502932961,0,0.0
45685,2025-03-18 12:00:00,52.544997638981634,34.67,39.55,2.25,0.0,initial,0.0,0.6886442114386777,1,4.227035060379322
45686,2025-03-18 13:00:00,52.25342351172763,34.52,40.32,2.33,0.0,initial,4.082030904068716,0.6569839689048366,1,4.191000594282747
45687,2025-03-18 14:00:00,58.0336364874953,33.79,42.75,1.79,0.0,initial,0.0,2.9407741090531517e-05,0,0.0
45688,2025-03-18 15:00:00,57.18705319940762,32.59,46.68,1.1,0.0,initial,0.0,3.233919235776799e-05,0,0.0
45689,2025-03-18 16:00:00,57.86086094265925,31.09,51.88,0.53,0.0,initial,0.0,1.8735819234712374e-06,0,0.0
45690,2025-03-18 17:00:00,57.14258580828677,29.29,58.55,0.08,0.0,initial,0.0,1.034187667313956e-06,0,0.0
45691,2025-03-18 18:00:00,58.11652506387309,28.04,64.16,0.0,0.0,initial,0.0,5.484932524629813e-07,0,0.0
45692,2025-03-18 19:00:00,57.229357261337,27.2,68.56,0.0,0.0,initial,0.0,1.2239894597681477e-06,0,0.0
45693,2025-03-18 20:00:00,57.60947415066306,26.57,72.37,0.0,0.0,initial,0.0,1.6023386492042849e-06,0,0.0
45694,2025-03-18 21:00:00,57.58667212354848,26.04,75.88,0.0,0.0,initial,0.0,1.7545586466683982e-06,0,0.0
45695,2025-03-18 22:00:00,57.82549260214827,25.54,79.22,0.0,0.0,initial,0.0,1.2646626077738448e-06,0,0.0
45696,2025-03-18 23:00:00,56.84471485876307,25.03,82.52,0.0,0.0,initial,0.0,1.5663213068188932e-06,0,0.0
45697,2025-03-19 00:00:00,58.23693673008076,24.64,85.13,0.0,0.0,initial,0.0,1.0605891963664144e-06,0,0.0
45698,2025-03-19 01:00:00,56.57363902277904,24.36,87.1,0.0,0.0,initial,0.0,9.099583497536008e-07,0,0.0
45699,2025-03-19 02:00:00,57.55159213593929,24.11,88.76,0.0,0.0,initial,0.0,6.889987197410481e-08,0,0.0
45700,2025-03-19 03:00:00,56.55370271445079,23.96,89.77,0.0,0.0,initial,0.0,1.8868295150205585e-08,0,0.0
45701,2025-03-19 04:00:00,57.4210607349814,23.77,90.99,0.0,0.0,initial,0.0,1.2564802999323793e-09,0,0.0
45702,2025-03-19 05:00:00,58.23031633226205,23.74,91.2,0.01,0.0,initial,0.0,1.7320489889236852e-10,0,0.0
45703,2025-03-19 06:00:00,57.96202650990965,25.63,80.13,0.42,0.0,initial,0.0,1.0022266378798322e-09,0,0.0
45704,2025-03-19 07:00:00,58.14006336531193,28.2,65.57,1.04,0.0,initial,0.0,1.1256503080072488e-08,0,0.0
45705,2025-03-19 08:00:00,56.61708211718568,30.69,54.21,1.74,0.0,initial,0.0,2.2389516652316224e-06,0,0.0
45706,2025-03-19 09:00:00,56.97366149442375,32.91,45.99,2.27,0.0,initial,0.0,6.23513395569244e-06,0,0.0
45707,2025-03-19 10:00:00,54.94179968151296,34.59,40.49,2.72,0.0,initial,0.0,0.0026064352375331653,0,0.0
45708,2025-03-19 11:00:00,54.29125854939992,35.69,37.06,2.9,0.0,initial,0.0,0.04523162441485111,0,0.0
45709,2025-03-19 12:00:00,53.89493005497985,36.24,35.31,3.04,0.0,initial,0.0,0.18002041916509628,0,0.0
45710,2025-03-19 13:00:00,53.63333710272381,36.33,34.85,2.51,0.0,initial,4.043234779925484,0.25737068148485587,0,0.0
45711,2025-03-19 14:00:00,58.50324711937793,35.82,35.9,2.07,0.0,initial,0.0,2.4107240480350285e-05,0,0.0
45712,2025-03-19 15:00:00,58.88408989684176,34.75,38.65,1.52,0.0,initial,0.0,8.230622453325976e-06,0,0.0
45713,2025-03-19 16:00:00,58.07937384189183,33.0,43.85,0.73,0.0,initial,0.0,3.1663426856028387e-06,0,0.0
45714,2025-03-19 17:00:00,57.93950275953039,30.67,52.43,0.1,0.0,initial,0.0,4.835426158906439e-07,0,0.0
45715,2025-03-19 18:00:00,56.98629633035032,28.78,61.52,0.0,0.0,initial,0.0,9.667168173955895e-07,0,0.0
45716,2025-03-19 19:00:00,57.36223275613688,27.59,67.97,0.0,0.0,initial,0.0,1.2173108099558e-06,0,0.0
45717,2025-03-19 20:00:00,57.59509232982144,26.83,72.49,0.0,0.0,initial,0.0,1.8415815245055084e-06,0,0.0
45718,2025-03-19 21:00:00,57.93999707340221,26.26,76.29,0.0,0.0,initial,0.0,1.7423217342127682e-06,0,0.0
45719,2025-03-19 22:00:00,57.02406959517419,25.72,80.01,0.0,0.0,initial,0.0,1.923165288917642e-06,0,0.0
45720,2025-03-19 23:00:00,56.63641752769429,25.21,83.42,0.0,0.0,initial,0.0,1.8495868864304777e-06,0,0.0
45721,2025-03-20 00:00:00,55.963783653122725,24.79,86.11,0.0,0.0,initial,0.0,2.2134164635997683e-06,0,0.0
45722,2025-03-20 01:00:00,58.26664768248273,24.37,88.68,0.0,0.0,initial,0.0,3.5541658534577525e-07,0,0.0
45723,2025-03-20 02:00:00,58.425270358424704,24.03,90.81,0.0,0.0,initial,0.0,3.129491901580517e-08,0,0.0
45724,2025-03-20 03:00:00,56.06225137939796,23.98,91.16,0.0,0.0,initial,0.0,2.437517022161804e-08,0,0.0
45725,2025-03-20 04:00:00,57.73053545501112,23.9,91.27,0.0,0.0,initial,0.0,1.0036963704924009e-09,0,0.0
45726,2025-03-20 05:00:00,57.36829169869179,23.81,91.62,0.02,0.0,initial,0.0,3.8933975874485443e-10,0,0.0
45727,2025-03-20 06:00:00,58.64362326390536,25.64,80.43,0.53,0.0,initial,0.0,5.127050310406803e-10,0,0.0
45728,2025-03-20 07:00:00,57.273162619678295,28.13,65.76,1.43,0.0,initial,0.0,5.539863046914547e-08,0,0.0
45729,2025-03-20 08:00:00,57.436113545949134,30.64,53.69,2.28,0.0,initial,0.0,7.751963329350308e-07,0,0.0
45730,2025-03-20 09:00:00,56.03490022526334,33.04,44.28,2.56,0.0,initial,0.0,5.7396188150034605e-05,0,0.0
45731,2025-03-20 10:00:00,55.06042077554419,34.91,38.62,2.74,0.0,initial,0.0,0.002006522456126283,0,0.0
45732,2025-03-20 11:00:00,55.37064566690755,36.15,35.42,3.04,0.0,initial,0.0,0.004947105219059774,0,0.0
45733,2025-03-20 12:00:00,54.73620713383356,36.76,33.78,3.17,0.0,initial,0.0,0.04059593608829021,0,0.0
45734,2025-03-20 13:00:00,52.00514639054032,36.69,34.01,2.73,0.0,initial,4.059495197335771,0.7989650063369959,1,4.227823374731958
45735,2025-03-20 14:00:00,59.93506367843744,35.95,35.91,2.26,0.0,initial,0.0,1.5898969032073167e-06,0,0.0
45736,2025-03-20 15:00:00,57.61666043261429,34.53,39.8,1.64,0.0,initial,0.0,8.325820119363458e-05,0,0.0
45737,2025-03-20 16:00:00,56.08917735412064,32.49,46.21,0.87,0.0,initial,0.0,5.1722010085931165e-05,0,0.0
45738,2025-03-20 17:00:00,57.73485613797274,30.06,55.07,0.11,0.0,initial,0.0,6.226338123380899e-07,0,0.0
45739,2025-03-20 18:00:00,58.13193789642788,28.28,62.78,0.0,0.0,initial,0.0,5.031365037065189e-07,0,0.0
45740,2025-03-20 19:00:00,56.513616698864695,27.21,67.93,0.0,0.0,initial,0.0,1.7268943470991965e-06,0,0.0
45741,2025-03-20 20:00:00,56.139989098032856,26.42,72.4,0.0,0.0,initial,0.0,2.667962025957435e-06,0,0.0
45742,2025-03-20 21:00:00,57.33036796584919,25.7,76.93,0.0,0.0,initial,0.0,1.7062599204661135e-06,0,0.0
45743,2025-03-20 22:00:00,57.223351400251055,24.98,81.65,0.0,0.0,initial,0.0,1.4576830273916017e-06,0,0.0
45744,2025-03-20 23:00:00,58.821894504658005,24.38,85.73,0.0,0.0,initial,0.0,8.734718907225973e-07,0,0.0
45745,2025-03-21 00:00:00,57.73587531554594,23.75,89.85,0.0,0.0,initial,0.0,7.989117557497741e-07,0,0.0
45746,2025-03-21 01:00:00,58.31383704698115,23.3,92.77,0.0,0.0,initial,0.0,1.5406276885573745e-07,0,0.0
45747,2025-03-21 02:00:00,57.89395370979375,23.21,93.41,0.0,0.0,initial,0.0,2.74206840828599e-08,0,0.0
45748,2025-03-21 03:00:00,58.98115650319497,23.3,92.84,0.0,0.0,initial,0.0,1.4590197435265792e-09,0,0.0
45749,2025-03-21 04:00:00,57.01284280907539,23.31,92.64,0.0,0.0,initial,0.0,1.2766762860790731e-09,0,0.0
45750,2025-03-21 05:00:00,57.655838691418,23.44,91.7,0.02,0.0,initial,0.0,2.49289870973578e-10,0,0.0
45751,2025-03-21 06:00:00,56.47094500158792,25.44,80.35,0.57,0.0,initial,0.0,5.284500269487955e-09,0,0.0
45752,2025-03-21 07:00:00,58.14416159734683,28.04,65.63,1.48,0.0,initial,0.0,1.5243859224835693e-08,0,0.0
45753,2025-03-21 08:00:00,57.93970539947526,30.41,53.58,2.34,0.0,initial,0.0,3.027010902603992e-07,0,0.0
45754,2025-03-21 09:00:00,57.11517585372937,32.52,44.74,3.02,0.0,initial,0.0,9.93236632911689e-06,0,0.0
45755,2025-03-21 10:00:00,55.54374945123399,34.25,38.53,3.22,0.0,initial,0.0,0.0011675646489187669,0,0.0
45756,2025-03-21 11:00:00,53.58925879279694,35.48,34.26,3.42,0.0,initial,0.0,0.1353734454761449,0,0.0
45757,2025-03-21 12:00:00,53.81857074617567,36.11,32.07,3.23,0.0,initial,0.0,0.16761221107733296,0,0.0
45758,2025-03-21 13:00:00,52.48283268694875,36.14,31.64,3.01,0.0,initial,4.090664788947571,0.6638021949228783,1,4.3303178418065125
45759,2025-03-21 14:00:00,59.80743970590678,35.5,33.0,2.27,0.0,initial,0.0,2.244329394273384e-06,0,0.0
45760,2025-03-21 15:00:00,58.096417220326586,34.22,36.6,1.58,0.0,initial,0.0,3.308311157833049e-05,0,0.0
45761,2025-03-21 16:00:00,57.6327818138447,32.34,42.84,0.81,0.0,initial,0.0,6.02460341961148e-06,0,0.0
45762,2025-03-21 17:00:00,59.49925949513882,30.0,52.56,0.1,0.0,initial,0.0,1.1087184770849695e-07,0,0.0
45763,2025-03-21 18:00:00,58.39952879495878,28.28,62.55,0.0,0.0,initial,0.0,4.212475173135673e-07,0,0.0
45764,2025-03-21 19:00:00,58.62082094295456,27.22,70.58,0.0,0.0,initial,0.0,6.525575275701101e-07,0,0.0
45765,2025-03-21 20:00:00,57.3503880990542,26.54,76.15,0.0,0.0,initial,0.0,2.170863450751728e-06,0,0.0
45766,2025-03-21 21:00:00,56.87978511123486,26.07,79.68,0.0,0.0,initial,0.0,2.668338074834249e-06,0,0.0
45767,2025-03-21 22:00:00,58.62601025182149,25.76,82.05,0.0,0.01,initial,0.0,1.3201715586381098e-06,0,0.0
45768,2025-03-21 23:00:00,58.99125505523011,25.43,84.55,0.0,0.02,initial,0.0,1.151378829399466e-06,0,0.0
45769,2025-03-22 00:00:00,56.805878567264806,25.07,87.22,0.0,0.03,initial,0.0,2.2020065404793354e-06,0,0.0
45770,2025-03-22 01:00:00,57.48358037171649,24.73,89.87,0.0,0.05,initial,0.0,6.274147124259813e-07,0,0.0
45771,2025-03-22 02:00:00,57.24116661361866,24.51,91.69,0.0,0.06,initial,0.0,9.397192889445044e-08,0,0.0
45772,2025-03-22 03:00:00,58.43270646004155,24.34,92.99,0.0,0.06,initial,0.0,3.821436310837686e-09,0,0.0
45773,2025-03-22 04:00:00,59.01664920688296,24.18,94.1,0.0,0.08,initial,0.0,3.015237471669763e-10,0,0.0
45774,2025-03-22 05:00:00,57.99042640980583,24.15,94.78,0.01,0.11,initial,0.0,1.930445338684486e-10,0,0.0
45775,2025-03-22 06:00:00,58.175608724752365,25.23,90.41,0.31,0.15,initial,0.0,2.9565037313899543e-10,0,0.0
45776,2025-03-22 07:00:00,56.884264368897526,27.08,78.89,0.75,0.15,initial,0.0,1.3224961254537707e-08,0,0.0
45777,2025-03-22 08:00:00,57.47977584069975,29.73,62.9,1.46,0.16,initial,0.0,2.0431701876214842e-07,0,0.0
45778,2025-03-22 09:00:00,59.08665821459911,31.67,54.03,1.75,0.17,initial,0.0,8.467237847461813e-08,0,0.0
45779,2025-03-22 10:00:00,57.79587601763273,33.07,48.83,2.06,0.18,initial,0.0,4.241194109922966e-06,0,0.0
45780,2025-03-22 11:00:00,57.557501257414245,34.02,45.52,2.49,0.16,initial,0.0,3.3033056296832254e-05,0,0.0
45781,2025-03-22 12:00:00,55.86136187565453,34.35,44.12,2.4,0.12,initial,0.0,0.0024004824936651524,0,0.0
45782,2025-03-22 13:00:00,55.27476509282425,34.17,44.17,2.2,0.1,initial,0.0,0.007633438735155509,0,0.0
45783,2025-03-22 14:00:00,54.87904846027672,33.5,45.77,1.61,0.06,initial,0.0,0.00633943502469569,0,0.0
45784,2025-03-22 15:00:00,54.61118291367388,32.17,49.74,1.02,0.05,initial,0.0,0.0010209181523049532,0,0.0
45785,2025-03-22 16:00:00,55.0836366818279,30.58,55.58,0.47,0.03,initial,0.0,3.7884170405520944e-05,0,0.0
45786,2025-03-22 17:00:00,53.25918608753758,28.79,63.38,0.05,0.02,initial,0.0,2.0051314852225873e-05,0,0.0
45787,2025-03-22 18:00:00,53.71191806477693,27.56,70.23,0.0,0.02,initial,0.0,8.515387157330138e-06,0,0.0
45788,2025-03-22 19:00:00,53.21278655317675,26.82,75.44,0.0,0.02,initial,0.0,1.052469705607569e-05,0,0.0
45789,2025-03-22 20:00:00,52.29785628194976,26.33,79.75,0.0,0.02,initial,0.0,1.1633581337775832e-05,0,0.0
45790,2025-03-22 21:00:00,54.64599974304551,26.01,82.75,0.0,0.03,initial,0.0,5.011572077314718e-06,0,0.0
45791,2025-03-22 22:00:00,55.357850001281726,25.7,85.32,0.0,0.04,initial,0.0,3.6247283080592245e-06,0,0.0
45792,2025-03-22 23:00:00,54.659756458410605,25.36,87.98,0.0,0.07,initial,0.0,4.047398103275562e-06,0,0.0
45793,2025-03-23 00:00:00,54.36911957971048,25.04,90.45,0.0,0.11,initial,0.0,3.588676959271163e-06,0,0.0
45794,2025-03-23 01:00:00,55.84263919235727,24.79,92.47,0.0,0.14,initial,0.0,1.1862436741424896e-06,0,0.0
45795,2025-03-23 02:00:00,54.93949031153936,24.6,94.0,0.0,0.17,initial,0.0,4.508127239532298e-07,0,0.0
45796,2025-03-23 03:00:00,55.43958675202855,24.49,94.93,0.0,0.18,initial,0.0,3.558016327434752e-08,0,0.0
45797,2025-03-23 04:00:00,55.135165999863325,24.4,95.61,0.0,0.18,initial,0.0,7.441238177045132e-09,0,0.0
45798,2025-03-23 05:00:00,55.444847368040925,24.4,95.92,0.01,0.15,initial,0.0,1.8221266657438127e-09,0,0.0
45799,2025-03-23 06:00:00,55.29102661095371,25.47,92.31,0.31,0.15,initial,0.0,5.307674412425051e-09,0,0.0
45800,2025-03-23 07:00:00,56.01869908679758,27.43,80.83,0.84,0.13,initial,0.0,4.5512051484552256e-08,0,0.0
45801,2025-03-23 08:00:00,54.20422613296056,29.84,63.16,1.52,0.1,initial,0.0,4.2128386645606835e-05,0,0.0
45802,2025-03-23 09:00:00,55.02143337089997,31.93,53.26,2.03,0.14,initial,0.0,0.0002000954502704459,0,0.0
45803,2025-03-23 10:00:00,53.51010570530045,33.41,47.51,2.52,0.16,initial,0.0,0.04361400835689152,0,0.0
45804,2025-03-23 11:00:00,54.05194992393661,34.42,43.82,2.18,0.18,initial,0.0,0.04216024618685206,0,0.0
45805,2025-03-23 12:00:00,54.95859758492664,34.76,42.22,2.07,0.16,initial,0.0,0.01731322746489211,0,0.0
45806,2025-03-23 13:00:00,53.004697453449005,34.32,43.13,1.8,0.14,initial,4.117638829845177,0.2894033750518986,0,0.0
45807,2025-03-23 14:00:00,59.69070294097062,33.4,45.62,1.62,0.11,initial,0.0,1.0034546225269423e-06,0,0.0
45808,2025-03-23 15:00:00,59.00731896146603,32.21,49.43,1.04,0.08,initial,0.0,1.715858449711049e-06,0,0.0
45809,2025-03-23 16:00:00,56.074344843254096,30.92,54.04,0.5,0.04,initial,0.0,1.5036916097844385e-05,0,0.0
45810,2025-03-23 17:00:00,57.65984591455751,29.43,60.24,0.06,0.03,initial,0.0,8.030717457691142e-07,0,0.0
45811,2025-03-23 18:00:00,58.14850006892066,28.24,66.14,0.0,0.02,initial,0.0,6.374010692621903e-07,0,0.0
45812,2025-03-23 19:00:00,56.14409121476007,27.43,70.81,0.0,0.02,initial,0.0,2.582612694815602e-06,0,0.0
45813,2025-03-23 20:00:00,57.61310788144184,26.79,74.89,0.0,0.02,initial,0.0,2.0362238010839223e-06,0,0.0
45814,2025-03-23 21:00:00,57.801806204185056,26.19,78.77,0.0,0.02,initial,0.0,2.070685805660653e-06,0,0.0
45815,2025-03-23 22:00:00,56.92992904315777,25.63,82.42,0.0,0.04,initial,0.0,2.1615640496160413e-06,0,0.0
45816,2025-03-23 23:00:00,57.22694985651107,25.12,85.82,0.0,0.07,initial,0.0,1.7387827691847977e-06,0,0.0
45817,2025-03-24 00:00:00,59.21008475339504,24.69,88.93,0.0,0.11,initial,0.0,7.322920779848121e-07,0,0.0
45818,2025-03-24 01:00:00,55.450537455029576,24.38,91.4,0.0,0.14,initial,0.0,1.1606744622826922e-06,0,0.0
45819,2025-03-24 02:00:00,58.74487619670027,24.11,93.41,0.0,0.17,initial,0.0,2.221793891918178e-08,0,0.0
45820,2025-03-24 03:00:00,59.57105806982704,23.93,94.53,0.0,0.09,initial,0.0,1.0794200132257614e-09,0,0.0
45821,2025-03-24 04:00:00,58.70599375704089,23.82,95.13,0.0,0.07,initial,0.0,3.09202623292458e-10,0,0.0
45822,2025-03-24 05:00:00,59.92960199139336,23.78,95.24,0.01,0.06,initial,0.0,2.1732172328905244e-11,0,0.0
45823,2025-03-24 06:00:00,58.54829930266297,24.83,90.75,0.49,0.07,initial,0.0,2.0132880145559375e-10,0,0.0
45824,2025-03-24 07:00:00,58.00845368096527,26.78,77.94,1.26,0.05,initial,0.0,4.035121348032591e-09,0,0.0
45825,2025-03-24 08:00:00,58.34957697611816,29.37,62.11,2.27,0.04,initial,0.0,9.628083704791556e-08,0,0.0
45826,2025-03-24 09:00:00,57.48780114228623,31.25,53.24,2.75,0.03,initial,0.0,3.1298877549624536e-06,0,0.0
45827,2025-03-24 10:00:00,56.61130186089711,32.79,47.05,3.02,0.01,initial,0.0,9.60496064033018e-05,0,0.0
45828,2025-03-24 11:00:00,56.11511312541328,33.83,42.92,2.96,0.01,initial,0.0,0.0007479818844986264,0,0.0
45829,2025-03-24 12:00:00,54.775127593504365,34.57,39.94,3.08,0.0,initial,0.0,0.020306511817118927,0,0.0
45830,2025-03-24 13:00:00,53.91663650611692,34.91,38.31,2.64,0.0,initial,0.0,0.12571609418093607,0,0.0
45831,2025-03-24 14:00:00,52.9525729654194,34.56,38.56,2.1,0.0,initial,0.0,0.27963174597963886,0,0.0
45832,2025-03-24 15:00:00,53.58180765799695,33.58,40.75,1.4,0.0,initial,0.0,0.008961874020268207,0,0.0
45833,2025-03-24 16:00:00,52.02401517083979,31.9,45.61,0.72,0.0,initial,0.0,0.0021875916456492884,0,0.0
45834,2025-03-24 17:00:00,51.60936593497873,29.65,54.1,0.08,0.0,initial,0.0,7.824904130067919e-05,0,0.0
45835,2025-03-24 18:00:00,51.74403617301207,27.85,63.37,0.0,0.0,initial,0.0,2.577832784630527e-05,0,0.0
45836,2025-03-24 19:00:00,52.76751340725605,26.79,70.35,0.0,0.0,initial,0.0,1.1277303028969663e-05,0,0.0
45837,2025-03-24 20:00:00,53.13850802457252,26.09,75.37,0.0,0.0,initial,0.0,7.723208055071539e-06,0,0.0
45838,2025-03-24 21:00:00,53.21633117171028,25.59,79.01,0.0,0.01,initial,0.0,5.132883548041942e-06,0,0.0
45839,2025-03-24 22:00:00,52.799446708320296,25.11,82.33,0.0,0.01,initial,0.0,4.490727766005112e-06,0,0.0
45840,2025-03-24 23:00:00,53.08143609471565,24.66,85.66,0.0,0.02,initial,0.0,3.6325786844427784e-06,0,0.0
45841,2025-03-25 00:00:00,52.64667408486928,24.41,88.05,0.0,0.03,initial,0.0,2.9268915586416312e-06,0,0.0
45842,2025-03-25 01:00:00,53.09248166473194,24.18,90.24,0.0,0.03,initial,0.0,1.5835088400755683e-06,0,0.0
45843,2025-03-25 02:00:00,53.11767895391606,23.99,92.0,0.0,0.03,initial,0.0,8.426459604900282e-07,0,0.0
45844,2025-03-25 03:00:00,52.21929391581878,23.86,93.26,0.0,0.03,initial,0.0,2.6743134060300556e-07,0,0.0
45845,2025-03-25 04:00:00,51.97998695448638,23.77,94.12,0.0,0.03,initial,0.0,6.424405785908343e-08,0,0.0
45846,2025-03-25 05:00:00,53.95972953156691,23.8,94.2,0.01,0.03,initial,0.0,5.417348031380896e-09,0,0.0
45847,2025-03-25 06:00:00,53.028288485853714,25.12,88.46,0.4,0.04,initial,0.0,6.168830631654443e-08,0,0.0
45848,2025-03-25 07:00:00,53.597925921510864,27.42,75.32,0.98,0.04,initial,0.0,2.0131548402485827e-06,0,0.0
45849,2025-03-25 08:00:00,51.47357671662736,30.16,60.79,1.63,0.02,initial,0.0,0.006881966329387938,0,0.0
45850,2025-03-25 09:00:00,51.44894486300111,32.36,51.41,2.47,0.02,initial,0.0,0.2246435526185972,0,0.0
45851,2025-03-25 10:00:00,49.95589633124428,34.12,44.75,2.88,0.02,initial,4.833965677504853,0.9674747581879826,1,4.629082671272868
45852,2025-03-25 11:00:00,58.8166799893768,35.19,41.1,3.05,0.01,initial,0.0,3.0181871632041268e-06,0,0.0
45853,2025-03-25 12:00:00,56.96467524092066,35.87,38.63,3.13,0.01,initial,0.0,0.0003330099655531044,0,0.0
45854,2025-03-25 13:00:00,56.186151891591,36.01,37.43,2.56,0.0,initial,0.0,0.002523305329247221,0,0.0
45855,2025-03-25 14:00:00,57.453027427680965,35.56,37.8,2.11,0.0,initial,0.0,0.00018262743457103425,0,0.0
45856,2025-03-25 15:00:00,55.81622964459944,34.6,39.65,1.4,0.0,initial,0.0,0.0006869621093602975,0,0.0
45857,2025-03-25 16:00:00,55.37854805417239,32.93,43.98,0.71,0.0,initial,0.0,6.968448616151489e-05,0,0.0
45858,2025-03-25 17:00:00,53.67207930103074,30.78,51.16,0.08,0.0,initial,0.0,1.647983556853857e-05,0,0.0
45859,2025-03-25 18:00:00,53.14773039435291,28.97,58.79,0.0,0.0,initial,0.0,1.2390478530618334e-05,0,0.0
45860,2025-03-25 19:00:00,55.41027628881806,27.71,64.71,0.0,0.0,initial,0.0,2.9655832514827126e-06,0,0.0
45861,2025-03-25 20:00:00,52.84146336024114,26.76,69.23,0.0,0.0,initial,0.0,1.0037537263809499e-05,0,0.0
45862,2025-03-25 21:00:00,54.232506070223785,25.96,73.03,0.0,0.0,initial,0.0,3.7869123579831985e-06,0,0.0
45863,2025-03-25 22:00:00,53.98445567087223,25.21,76.85,0.0,0.0,initial,0.0,2.8174561457131824e-06,0,0.0
45864,2025-03-25 23:00:00,53.893654936959074,24.46,81.22,0.0,0.0,initial,0.0,2.5648502283209104e-06,0,0.0
45865,2025-03-26 00:00:00,54.28101088129465,23.69,85.88,0.0,0.0,initial,0.0,1.4932686288092983e-06,0,0.0
45866,2025-03-26 01:00:00,53.789190710736456,23.08,89.89,0.0,0.0,initial,0.0,6.513888188449835e-07,0,0.0
45867,2025-03-26 02:00:00,53.660959955571286,22.51,93.56,0.0,0.0,initial,0.0,2.857507822922205e-07,0,0.0
45868,2025-03-26 03:00:00,54.83783428678766,22.09,96.22,0.0,0.0,initial,0.0,1.6949290252503984e-08,0,0.0
45869,2025-03-26 04:00:00,55.48682285749817,21.86,97.5,0.0,0.0,initial,0.0,1.565646909767966e-09,0,0.0
45870,2025-03-26 05:00:00,53.24475741001565,21.95,96.95,0.02,0.0,initial,0.0,3.6136777629551547e-09,0,0.0
45871,2025-03-26 06:00:00,54.79021026514928,24.26,84.31,0.51,0.0,initial,0.0,1.183871542056259e-08,0,0.0
45872,2025-03-26 07:00:00,54.83987216208886,27.06,68.36,1.32,0.0,initial,0.0,9.859508857368155e-07,0,0.0
45873,2025-03-26 08:00:00,54.325368623475306,29.67,53.9,2.11,0.0,initial,0.0,0.00016481142467874316,0,0.0
45874,2025-03-26 09:00:00,53.17092963433511,32.26,42.23,2.98,0.0,initial,0.0,0.023538734690200788,0,0.0
45875,2025-03-26 10:00:00,52.110605274481706,34.36,35.16,3.13,0.0,initial,0.0,0.5259946373538894,0,0.0
45876,2025-03-26 11:00:00,52.34785397596298,35.79,31.88,3.24,0.0,initial,4.805603760754931,0.6902121853181795,1,4.541890537995768
45877,2025-03-26 12:00:00,59.141397167861165,36.58,30.49,3.18,0.0,initial,0.0,4.143485159238288e-06,0,0.0
45878,2025-03-26 13:00:00,56.5104432675096,36.83,29.81,3.02,0.0,initial,0.0,0.001506275439165706,0,0.0
45879,2025-03-26 14:00:00,57.08938619842687,36.42,30.44,2.29,0.0,initial,0.0,0.0005143779387802133,0,0.0
45880,2025-03-26 15:00:00,56.69037743299924,35.34,32.76,1.5,0.0,initial,0.0,0.0002882207948267008,0,0.0
45881,2025-03-26 16:00:00,55.33242498820068,33.53,37.66,0.77,0.0,initial,0.0,7.506911584064922e-05,0,0.0
45882,2025-03-26 17:00:00,55.78562259551654,30.94,47.04,0.08,0.0,initial,0.0,2.265369796574533e-06,0,0.0
45883,2025-03-26 18:00:00,56.373607796796826,28.81,57.96,0.0,0.0,initial,0.0,1.1650908724209586e-06,0,0.0
45884,2025-03-26 19:00:00,55.31851017007834,27.46,67.06,0.0,0.0,initial,0.0,3.385076131334244e-06,0,0.0
45885,2025-03-26 20:00:00,56.16676790220016,26.59,73.39,0.0,0.0,initial,0.0,3.072593899415006e-06,0,0.0
45886,2025-03-26 21:00:00,55.18875177785927,25.96,77.84,0.0,0.0,initial,0.0,3.718681330825758e-06,0,0.0
45887,2025-03-26 22:00:00,55.00353259917997,25.49,81.3,0.0,0.01,initial,0.0,3.0355983301870053e-06,0,0.0
45888,2025-03-26 23:00:00,56.51034946469937,25.01,84.44,0.0,0.02,initial,0.0,1.8739406008938771e-06,0,0.0
45889,2025-03-27 00:00:00,56.99457598272991,24.56,87.28,0.0,0.03,initial,0.0,1.5654782888139232e-06,0,0.0
45890,2025-03-27 01:00:00,55.14589664850202,24.13,90.17,0.0,0.03,initial,0.0,1.0892284671569627e-06,0,0.0
45891,2025-03-27 02:00:00,56.89279788876208,23.83,92.11,0.0,0.03,initial,0.0,8.580291963529082e-08,0,0.0
45892,2025-03-27 03:00:00,56.11995915889428,23.7,92.73,0.0,0.0,initial,0.0,1.888422400801634e-08,0,0.0
45893,2025-03-27 04:00:00,54.37211817831821,23.56,93.23,0.0,0.01,initial,0.0,1.201780389013277e-08,0,0.0
45894,2025-03-27 05:00:00,54.99492004965778,23.42,93.86,0.02,0.0,initial,0.0,2.2208110598415458e-09,0,0.0
45895,2025-03-27 06:00:00,56.62948934951817,24.79,86.05,0.52,0.0,initial,0.0,2.2191184602816615e-09,0,0.0
45896,2025-03-27 07:00:00,54.629655794258255,27.21,70.61,1.33,0.01,initial,0.0,1.1643707908317802e-06,0,0.0
45897,2025-03-27 08:00:00,54.996283969799926,29.81,57.02,2.13,0.0,initial,0.0,4.140187858431112e-05,0,0.0
45898,2025-03-27 09:00:00,54.80706526897207,32.19,46.04,2.82,0.0,initial,0.0,0.0007933637385198926,0,0.0
45899,2025-03-27 10:00:00,54.47247453571659,34.13,38.09,3.06,0.0,initial,0.0,0.010251636327438021,0,0.0
45900,2025-03-27 11:00:00,53.41626216032068,35.43,33.29,3.2,0.0,initial,0.0,0.20793932964846584,0,0.0
45901,2025-03-27 12:00:00,53.64799425734171,36.05,31.08,3.03,0.0,initial,4.515440831038681,0.24319401848921388,0,0.0
45902,2025-03-27 13:00:00,58.42069775938014,35.99,30.96,2.8,0.0,initial,0.0,2.8903590631839743e-05,0,0.0
45903,2025-03-27 14:00:00,58.39413138950224,35.3,32.6,2.26,0.0,initial,0.0,3.513793863618101e-05,0,0.0
45904,2025-03-27 15:00:00,58.05836564591577,33.96,36.24,1.53,0.0,initial,0.0,2.990315624835308e-05,0,0.0
45905,2025-03-27 16:00:00,57.82853098122615,32.0,42.57,0.77,0.0,initial,0.0,3.809839367807798e-06,0,0.0
45906,2025-03-27 17:00:00,57.87303833324029,29.58,51.96,0.08,0.0,initial,0.0,4.300056792982123e-07,0,0.0
45907,2025-03-27 18:00:00,56.684767344641855,27.82,61.0,0.0,0.0,initial,0.0,9.410193189300974e-07,0,0.0
45908,2025-03-27 19:00:00,57.55320814783936,26.73,67.8,0.0,0.0,initial,0.0,8.623880577571046e-07,0,0.0
45909,2025-03-27 20:00:00,56.29134027178878,25.99,73.17,0.0,0.0,initial,0.0,2.0875215091203087e-06,0,0.0
45910,2025-03-27 21:00:00,56.969864625998746,25.42,77.78,0.0,0.0,initial,0.0,1.7306417825383925e-06,0,0.0
45911,2025-03-27 22:00:00,57.43302024774752,24.94,81.67,0.0,0.0,initial,0.0,1.3332684387429896e-06,0,0.0
45912,2025-03-27 23:00:00,57.81233474943025,24.61,84.32,0.0,0.0,initial,0.0,1.1478730351306345e-06,0,0.0
45913,2025-03-28 00:00:00,57.48820146292848,24.35,86.15,0.0,0.0,initial,0.0,1.2074379364096487e-06,0,0.0
45914,2025-03-28 01:00:00,57.10446095220134,24.09,87.88,0.0,0.0,initial,0.0,6.003750350397998e-07,0,0.0
45915,2025-03-28 02:00:00,56.96843494505018,23.93,89.03,0.0,0.0,initial,0.0,9.716118214846544e-08,0,0.0
45916,2025-03-28 03:00:00,57.47105643635005,23.74,90.05,0.0,0.0,initial,0.0,8.06457482362528e-09,0,0.0
45917,2025-03-28 04:00:00,58.78339429334691,23.45,91.6,0.0,0.0,initial,0.0,2.90145521711197e-10,0,0.0
45918,2025-03-28 05:00:00,57.71569430306258,23.27,92.52,0.02,0.0,initial,0.0,2.0476139544937761e-10,0,0.0
45919,2025-03-28 06:00:00,57.337262080153856,25.04,81.92,0.54,0.0,initial,0.0,1.559751409213837e-09,0,0.0
45920,2025-03-28 07:00:00,55.71029747656599,27.5,67.0,1.44,0.0,initial,0.0,4.3052759698850724e-07,0,0.0
45921,2025-03-28 08:00:00,55.69223284885918,29.9,54.92,2.3,0.0,initial,0.0,1.5868188397505663e-05,0,0.0
45922,2025-03-28 09:00:00,55.48961222919544,32.1,45.29,2.98,0.0,initial,0.0,0.0002211804930289786,0,0.0
45923,2025-03-28 10:00:00,55.71884404312802,33.85,38.67,3.29,0.0,initial,0.0,0.0007791699136788048,0,0.0
45924,2025-03-28 11:00:00,53.39592657232916,35.02,34.72,3.46,0.0,initial,0.0,0.16295295957492612,0,0.0
45925,2025-03-28 12:00:00,53.78398146811463,35.54,33.0,3.19,0.0,initial,0.0,0.1552265998200513,0,0.0
45926,2025-03-28 13:00:00,52.52028866974434,35.39,33.15,2.89,0.0,initial,4.38904857724345,0.6268889777269474,1,4.1578100295161535
45927,2025-03-28 14:00:00,59.26550929973399,34.6,34.96,2.22,0.0,initial,0.0,5.7325589715946556e-06,0,0.0
45928,2025-03-28 15:00:00,58.18985879136383,33.13,38.93,1.46,0.0,initial,0.0,1.875949958603435e-05,0,0.0
45929,2025-03-28 16:00:00,57.44766108326836,31.04,45.37,0.74,0.0,initial,0.0,4.6766588097391544e-06,0,0.0
45930,2025-03-28 17:00:00,56.91940580112064,28.6,54.37,0.07,0.0,initial,0.0,8.975872853330104e-07,0,0.0
45931,2025-03-28 18:00:00,58.1876909426063,27.07,62.13,0.0,0.0,initial,0.0,3.621263636973445e-07,0,0.0
45932,2025-03-28 19:00:00,57.63703770110765,26.29,67.71,0.0,0.0,initial,0.0,7.111465598679018e-07,0,0.0
45933,2025-03-28 20:00:00,56.83662281000566,25.84,72.22,0.0,0.0,initial,0.0,1.4753963756170203e-06,0,0.0
45934,2025-03-28 21:00:00,57.87703950966025,25.4,76.48,0.0,0.0,initial,0.0,1.2164939043976773e-06,0,0.0
45935,2025-03-28 22:00:00,60.43705442962655,24.82,80.63,0.0,0.0,initial,0.0,4.1177914691223275e-07,0,0.0
45936,2025-03-28 23:00:00,57.53723679696557,24.55,82.48,0.0,0.0,initial,0.0,1.0966095569104693e-06,0,0.0
45937,2025-03-29 00:00:00,59.02169881503467,24.33,83.48,0.0,0.0,initial,0.0,6.098134574265803e-07,0,0.0
45938,2025-03-29 01:00:00,55.6301895923379,24.05,84.5,0.0,0.0,initial,0.0,1.0795856757009333e-06,0,0.0
45939,2025-03-29 02:00:00,57.48203935601565,23.87,84.99,0.0,0.0,initial,0.0,7.394540976023043e-08,0,0.0
45940,2025-03-29 03:00:00,58.46224569267207,23.62,86.17,0.0,0.0,initial,0.0,3.807344085426527e-09,0,0.0
45941,2025-03-29 04:00:00,57.71085983113546,23.36,87.55,0.0,0.0,initial,0.0,9.427363822549037e-10,0,0.0
45942,2025-03-29 05:00:00,57.1843098731859,23.26,88.17,0.01,0.0,initial,0.0,4.136432711511852e-10,0,0.0
45943,2025-03-29 06:00:00,57.68977409089259,25.19,77.15,0.49,0.01,initial,0.0,1.4014993766924446e-09,0,0.0
45944,2025-03-29 07:00:00,58.28649756881304,27.61,63.98,1.38,0.01,initial,0.0,1.1608274171076533e-08,0,0.0
45945,2025-03-29 08:00:00,58.778487425504274,29.97,52.73,2.28,0.0,initial,0.0,6.545181287380082e-08,0,0.0
45946,2025-03-29 09:00:00,57.313911169810034,32.16,43.58,2.93,0.01,initial,0.0,6.10310170952978e-06,0,0.0
45947,2025-03-29 10:00:00,55.317342609496336,33.91,37.51,3.12,0.01,initial,0.0,0.0016404361868615916,0,0.0
45948,2025-03-29 11:00:00,54.707592080612,35.15,33.95,3.13,0.01,initial,0.0,0.017459059586423565,0,0.0
45949,2025-03-29 12:00:00,53.84418716908687,35.76,32.44,2.85,0.0,initial,0.0,0.18622723713966083,0,0.0
45950,2025-03-29 13:00:00,52.49100594243074,35.6,32.96,2.48,0.0,initial,0.0,0.6510377940244422,1,4.217196090055863
45951,2025-03-29 14:00:00,52.30786942496164,34.75,35.24,2.1,0.0,initial,4.051226763791448,0.4243632653695257,0,0.0
45952,2025-03-29 15:00:00,58.35019502598221,33.15,39.97,1.38,0.0,initial,0.0,1.3284122442320872e-05,0,0.0
45953,2025-03-29 16:00:00,57.17411724911895,31.19,46.95,0.69,0.0,initial,0.0,6.128364173671017e-06,0,0.0
45954,2025-03-29 17:00:00,58.5800596380119,29.08,55.77,0.07,0.0,initial,0.0,2.647644446078871e-07,0,0.0
45955,2025-03-29 18:00:00,58.246296318797135,27.61,63.55,0.0,0.0,initial,0.0,4.419932559067596e-07,0,0.0
45956,2025-03-29 19:00:00,57.39679953316527,26.74,69.25,0.0,0.0,initial,0.0,9.902478718329082e-07,0,0.0
45957,2025-03-29 20:00:00,58.027795975546354,26.15,73.92,0.0,0.0,initial,0.0,1.1678874838949635e-06,0,0.0
45958,2025-03-29 21:00:00,57.13791469898404,25.74,77.61,0.0,0.0,initial,0.0,1.903463695842299e-06,0,0.0
45959,2025-03-29 22:00:00,57.48025571926004,25.41,80.37,0.0,0.01,initial,0.0,1.4686920277327345e-06,0,0.0
45960,2025-03-29 23:00:00,58.49719731537519,25.13,82.49,0.0,0.02,initial,0.0,1.0551282142010167e-06,0,0.0
45961,2025-03-30 00:00:00,58.37389301717087,24.83,84.75,0.0,0.04,development,0.0,5.094425558063033e-09,0,0.0
45962,2025-03-30 01:00:00,57.64900574894669,24.49,87.38,0.0,0.05,development,0.0,2.668558738239108e-09,0,0.0
45963,2025-03-30 02:00:00,58.3837275108086,24.16,90.0,0.0,0.06,development,0.0,4.339250221088987e-10,0,0.0
45964,2025-03-30 03:00:00,58.162555229206696,23.89,92.02,0.0,0.07,development,0.0,7.869144174838534e-11,0,0.0
45965,2025-03-30 04:00:00,57.52424631986722,23.68,93.58,0.0,0.08,development,0.0,2.3568111262645633e-11,0,0.0
45966,2025-03-30 05:00:00,58.28826474807802,23.57,94.53,0.02,0.08,development,0.0,2.8409480714007304e-12,0,0.0
45967,2025-03-30 06:00:00,58.90518254651691,24.54,90.71,0.5,0.11,development,0.0,3.790444845693655e-12,0,0.0
45968,2025-03-30 07:00:00,58.62328126188548,26.12,80.48,1.27,0.08,development,0.0,4.962562047447763e-11,0,0.0
45969,2025-03-30 08:00:00,56.53101492761772,29.04,61.6,2.12,0.04,development,0.0,5.9549111641665996e-08,0,0.0
45970,2025-03-30 09:00:00,57.262225896723805,31.58,49.07,2.5,0.01,development,0.0,2.508033377192771e-07,0,0.0
45971,2025-03-30 10:00:00,56.208763435790914,33.49,41.41,3.0,0.0,development,0.0,5.652891402786383e-06,0,0.0
45972,2025-03-30 11:00:00,53.62033421215731,34.83,36.39,3.17,0.0,development,0.0,0.00397524991976465,0,0.0
45973,2025-03-30 12:00:00,53.40603886294186,35.57,33.39,3.2,0.0,development,0.0,0.010076165206289,0,0.0
45974,2025-03-30 13:00:00,53.39631039972617,35.63,32.36,2.76,0.0,development,0.0,0.007983258927815902,0,0.0
45975,2025-03-30 14:00:00,53.16992278661849,34.99,33.05,2.26,0.0,development,0.0,0.00530864311290934,0,0.0
45976,2025-03-30 15:00:00,49.98140535999671,33.74,35.46,1.51,0.0,development,0.0,0.030660167445311512,0,0.0
45977,2025-03-30 16:00:00,51.5340181016217,31.84,40.32,0.75,0.0,development,0.0,0.00012363086321535128,0,0.0
45978,2025-03-30 17:00:00,48.96507369262411,29.41,48.59,0.07,0.0,development,0.0,1.530616526497923e-05,0,0.0
45979,2025-03-30 18:00:00,51.5873863304942,27.63,57.38,0.0,0.0,development,0.0,6.349556662985937e-07,0,0.0
45980,2025-03-30 19:00:00,50.27843891773305,26.57,64.78,0.0,0.0,development,0.0,1.3160572846715966e-06,0,0.0
45981,2025-03-30 20:00:00,49.897593959559096,25.75,71.61,0.0,0.0,development,0.0,1.0238853076564315e-06,0,0.0
45982,2025-03-30 21:00:00,50.75300142425901,25.17,77.35,0.0,0.0,development,0.0,5.641917864580273e-07,0,0.0
45983,2025-03-30 22:00:00,49.71187460618934,24.82,81.88,0.0,0.01,development,0.0,5.800708476508329e-07,0,0.0
45984,2025-03-30 23:00:00,50.90710904469001,24.63,84.97,0.0,0.01,development,0.0,2.0602856361988328e-07,0,0.0
45985,2025-03-31 00:00:00,50.42019695603116,24.31,88.03,0.0,0.02,development,0.0,7.898094834872255e-08,0,0.0
45986,2025-03-31 01:00:00,47.50885693079309,24.11,90.15,0.0,0.03,development,0.0,8.223337545019252e-08,0,0.0
45987,2025-03-31 02:00:00,49.945801448668,23.92,92.17,0.0,0.03,development,0.0,1.474575388723587e-08,0,0.0
45988,2025-03-31 03:00:00,50.78474946404619,23.67,94.33,0.0,0.03,development,0.0,5.307239921328406e-09,0,0.0
45989,2025-03-31 04:00:00,51.52254812365385,23.59,95.57,0.0,0.03,development,0.0,1.4169224329146912e-09,0,0.0
45990,2025-03-31 05:00:00,50.97206991968592,23.61,96.1,0.02,0.03,development,0.0,1.247162908082802e-09,0,0.0
45991,2025-03-31 06:00:00,51.584778315770585,25.03,89.76,0.52,0.03,development,0.0,9.228645444979397e-09,0,0.0
45992,2025-03-31 07:00:00,49.78358371214628,26.99,77.27,1.3,0.02,development,0.0,1.0056382750202882e-05,0,0.0
45993,2025-03-31 08:00:00,50.58307736402124,29.7,61.18,2.07,0.02,development,0.0,0.0010913645222703958,0,0.0
45994,2025-03-31 09:00:00,49.86965071620337,31.97,50.62,2.32,0.01,development,4.09715731470315,0.19478066391588528,0,0.0
45995,2025-03-31 10:00:00,53.90493079319223,33.57,44.66,2.68,0.01,development,0.0,0.0007309307789513512,0,0.0
45996,2025-03-31 11:00:00,55.091863754405374,34.65,41.41,2.56,0.01,development,0.0,9.657248871247261e-05,0,0.0
45997,2025-03-31 12:00:00,53.441062765833166,35.16,39.86,2.36,0.01,development,0.0,0.004576239153369809,0,0.0
45998,2025-03-31 13:00:00,51.96902527230086,35.05,40.09,2.02,0.02,development,0.0,0.04676228896280966,0,0.0
45999,2025-03-31 14:00:00,51.08725048811245,34.23,42.46,1.57,0.03,development,0.0,0.02661785656612932,0,0.0
46000,2025-03-31 15:00:00,49.79394554326061,32.72,47.57,1.04,0.03,development,0.0,0.011444363578862252,0,0.0
46001,2025-03-31 16:00:00,50.6562134428354,30.88,54.97,0.44,0.04,development,0.0,8.759067492671993e-05,0,0.0
46002,2025-03-31 17:00:00,50.18508688297225,29.0,63.96,0.04,0.05,development,0.0,6.490236678153669e-06,0,0.0
46003,2025-03-31 18:00:00,50.49728898800128,27.82,71.31,0.0,0.07,development,0.0,2.2991097606532936e-06,0,0.0
46004,2025-03-31 19:00:00,50.19413903631752,27.14,76.64,0.0,0.08,development,0.0,1.8323811794736875e-06,0,0.0
46005,2025-03-31 20:00:00,50.40807780769419,26.62,80.75,0.0,0.09,development,0.0,9.308517072260635e-07,0,0.0
46006,2025-03-31 21:00:00,50.081728079377456,26.19,83.83,0.0,0.06,development,0.0,7.727209940120686e-07,0,0.0
46007,2025-03-31 22:00:00,51.26738397653355,25.76,86.5,0.0,0.07,development,0.0,4.4743047582066413e-07,0,0.0
46008,2025-03-31 23:00:00,50.978543135896025,25.36,88.58,0.0,0.07,development,0.0,2.617381273274259e-07,0,0.0
46009,2025-04-01 00:00:00,50.71922834176269,25.03,89.82,0.0,0.07,development,0.0,1.0385806745384763e-07,0,0.0
46010,2025-04-01 01:00:00,50.54829281548288,24.8,90.24,0.0,0.06,development,0.0,4.413544069255672e-08,0,0.0
46011,2025-04-01 02:00:00,49.30408710691197,24.54,90.86,0.0,0.05,development,0.0,2.9268493297268373e-08,0,0.0
46012,2025-04-01 03:00:00,49.18074034242579,24.23,92.03,0.0,0.04,development,0.0,1.6600197419153476e-08,0,0.0
46013,2025-04-01 04:00:00,50.523807442766426,23.96,92.92,0.0,0.04,development,0.0,4.040768498510384e-09,0,0.0
46014,2025-04-01 05:00:00,51.88340136776005,23.85,93.44,0.01,0.04,development,0.0,8.614907066267402e-10,0,0.0
46015,2025-04-01 06:00:00,50.354558141325576,24.9,88.3,0.34,0.04,development,0.0,2.055474242712623e-08,0,0.0
46016,2025-04-01 07:00:00,50.15074883531629,27.12,74.19,1.03,0.03,development,0.0,3.821407464095511e-06,0,0.0
46017,2025-04-01 08:00:00,49.403351799342026,29.59,60.03,1.67,0.02,development,0.0,0.00282464132915398,0,0.0
46018,2025-04-01 09:00:00,48.453702744108185,31.47,51.96,2.21,0.04,development,0.0,0.5895163863804953,1,4.671315353853498
46019,2025-04-01 10:00:00,47.89211687475572,32.87,46.74,2.5,0.04,development,5.111740891787726,0.9664511867230802,1,4.896807201960886
46020,2025-04-01 11:00:00,56.39779671844736,33.74,43.42,2.76,0.04,development,0.0,5.369236096577935e-06,0,0.0
46021,2025-04-01 12:00:00,54.76502201107479,33.98,42.15,2.75,0.03,development,0.0,0.0002835183557750425,0,0.0
46022,2025-04-01 13:00:00,53.74823714252066,33.68,42.4,2.5,0.03,development,0.0,0.002291275363792503,0,0.0
46023,2025-04-01 14:00:00,52.789290040568574,32.86,44.13,1.95,0.02,development,0.0,0.0051273252579485526,0,0.0
46024,2025-04-01 15:00:00,52.747184241112194,31.64,47.38,1.24,0.01,development,0.0,0.0004886859921014287,0,0.0
46025,2025-04-01 16:00:00,52.34287672731248,29.99,52.78,0.52,0.0,development,0.0,1.7842250222453424e-05,0,0.0
46026,2025-04-01 17:00:00,50.26266581927042,28.08,60.77,0.04,0.0,development,0.0,3.910236887706398e-06,0,0.0
46027,2025-04-01 18:00:00,51.14966595151995,26.82,68.15,0.0,0.0,development,0.0,9.091534102864899e-07,0,0.0
46028,2025-04-01 19:00:00,51.68635856824224,26.12,73.27,0.0,0.0,development,0.0,4.6647949345917327e-07,0,0.0
46029,2025-04-01 20:00:00,52.1089980668023,25.84,75.67,0.0,0.0,development,0.0,3.175841599955952e-07,0,0.0
46030,2025-04-01 21:00:00,51.86002514113235,25.6,77.3,0.0,0.0,development,0.0,3.9368997043146564e-07,0,0.0
46031,2025-04-01 22:00:00,52.42865439595277,25.31,79.28,0.0,0.01,development,0.0,2.8531083334069837e-07,0,0.0
46032,2025-04-01 23:00:00,50.653390224894544,25.01,81.67,0.0,0.01,development,0.0,3.2527132099011976e-07,0,0.0
46033,2025-04-02 00:00:00,52.1400161226219,24.71,84.15,0.0,0.02,development,0.0,7.881216178755752e-08,0,0.0
46034,2025-04-02 01:00:00,53.48640647477273,24.37,87.06,0.0,0.03,development,0.0,1.392270984844868e-08,0,0.0
46035,2025-04-02 02:00:00,51.92104688424424,24.12,89.59,0.0,0.03,development,0.0,9.584540526526548e-09,0,0.0
46036,2025-04-02 03:00:00,51.99114916339633,23.94,91.5,0.0,0.03,development,0.0,4.775743079327612e-09,0,0.0
46037,2025-04-02 04:00:00,52.39827832629005,23.76,92.99,0.0,0.05,development,0.0,1.0322355090634723e-09,0,0.0
46038,2025-04-02 05:00:00,51.59660055438502,23.63,94.2,0.01,0.04,development,0.0,8.900861906608543e-10,0,0.0
46039,2025-04-02 06:00:00,51.33788830076407,24.74,89.54,0.33,0.05,development,0.0,6.416659352516436e-09,0,0.0
46040,2025-04-02 07:00:00,51.93496123339952,26.79,76.38,0.91,0.05,development,0.0,2.7469457192739837e-07,0,0.0
46041,2025-04-02 08:00:00,50.082540162054855,29.37,61.05,1.66,0.03,development,0.0,0.0008988240774325772,0,0.0
46042,2025-04-02 09:00:00,50.99920768742403,31.45,51.87,2.14,0.01,development,0.0,0.018255050290125314,0,0.0
46043,2025-04-02 10:00:00,50.2453725869758,33.08,45.87,2.44,0.01,development,4.368004979233898,0.4986816769469906,0,0.0
46044,2025-04-02 11:00:00,54.798056630566506,34.15,42.44,2.44,0.01,development,0.0,0.00015690568434106663,0,0.0
46045,2025-04-02 12:00:00,55.1834300072372,34.69,40.83,2.57,0.01,development,0.0,0.00012143537853297629,0,0.0
46046,2025-04-02 13:00:00,53.88720847304785,34.63,40.87,2.04,0.01,development,0.0,0.001142450422926984,0,0.0
46047,2025-04-02 14:00:00,54.35400839198461,33.97,42.52,1.89,0.01,development,0.0,0.00036579695928781633,0,0.0
46048,2025-04-02 15:00:00,53.49626641862935,32.8,45.71,1.25,0.01,development,0.0,0.00017936177035568962,0,0.0
46049,2025-04-02 16:00:00,52.60139101215492,31.09,51.35,0.57,0.0,development,0.0,2.0297516048287634e-05,0,0.0
46050,2025-04-02 17:00:00,52.62731498057902,28.96,60.19,0.05,0.0,development,0.0,1.0079667457814113e-06,0,0.0
46051,2025-04-02 18:00:00,51.36659108296646,27.48,68.1,0.0,0.0,development,0.0,1.0465136918812053e-06,0,0.0
46052,2025-04-02 19:00:00,51.86672586804932,26.6,73.7,0.0,0.0,development,0.0,5.43798969683128e-07,0,0.0
46053,2025-04-02 20:00:00,51.45680711322445,26.08,77.12,0.0,0.0,development,0.0,4.875740636029442e-07,0,0.0
46054,2025-04-02 21:00:00,50.86104342150384,25.73,79.23,0.0,0.0,development,0.0,5.976107639644522e-07,0,0.0
46055,2025-04-02 22:00:00,51.724902418865376,25.45,80.75,0.0,0.0,development,0.0,3.724906195099598e-07,0,0.0
46056,2025-04-02 23:00:00,51.59217425404834,25.15,82.47,0.0,0.0,development,0.0,2.4194972335417525e-07,0,0.0
46057,2025-04-03 00:00:00,51.50941275234546,24.75,84.72,0.0,0.01,development,0.0,9.490599894593153e-08,0,0.0
46058,2025-04-03 01:00:00,51.6363777330379,24.4,86.79,0.0,0.01,development,0.0,2.8735020659834462e-08,0,0.0
46059,2025-04-03 02:00:00,51.74490961667959,24.1,88.66,0.0,0.01,development,0.0,1.0797300588015862e-08,0,0.0
46060,2025-04-03 03:00:00,52.41907638583657,23.86,90.21,0.0,0.01,development,0.0,3.98596169616544e-09,0,0.0
46061,2025-04-03 04:00:00,51.253689365069405,23.64,91.6,0.0,0.01,development,0.0,2.2792133416266863e-09,0,0.0
46062,2025-04-03 05:00:00,50.71006337577431,23.5,92.47,0.01,0.01,development,0.0,1.757405240163648e-09,0,0.0
46063,2025-04-03 06:00:00,52.288670582420245,25.12,83.12,0.5,0.01,development,0.0,8.81282847913732e-09,0,0.0
46064,2025-04-03 07:00:00,52.16669176680486,27.51,67.97,1.29,0.01,development,0.0,1.0998323708589875e-06,0,0.0
46065,2025-04-03 08:00:00,51.24450685329477,29.68,57.22,2.08,0.01,development,0.0,0.0005798472204176859,0,0.0
46066,2025-04-03 09:00:00,49.30189867293949,31.53,50.14,2.47,0.01,development,0.0,0.4441330731349479,0,0.0
46067,2025-04-03 10:00:00,49.19223619207533,32.99,45.39,2.89,0.01,development,4.762359107725491,0.9120751581656961,1,4.753806207486169
46068,2025-04-03 11:00:00,56.440174876965294,33.98,42.28,3.13,0.01,development,0.0,5.814421580109636e-06,0,0.0
46069,2025-04-03 12:00:00,54.28589682300191,34.4,40.58,3.05,0.0,development,0.0,0.0009581754118253905,0,0.0
46070,2025-04-03 13:00:00,53.49395388240639,34.29,40.18,2.77,0.0,development,0.0,0.0050899503172329675,0,0.0
46071,2025-04-03 14:00:00,53.06025313721349,33.57,41.51,2.25,0.0,development,0.0,0.00540286731488824,0,0.0
46072,2025-04-03 15:00:00,53.36615555804626,32.42,44.15,1.44,0.0,development,0.0,0.000361760013063144,0,0.0
46073,2025-04-03 16:00:00,52.06414667038096,30.7,49.23,0.69,0.0,development,0.0,4.974775662273048e-05,0,0.0
46074,2025-04-03 17:00:00,51.148649886203934,28.6,57.28,0.06,0.0,development,0.0,2.3818934908021604e-06,0,0.0
46075,2025-04-03 18:00:00,51.44534207895085,27.17,64.76,0.0,0.0,development,0.0,7.824171824836834e-07,0,0.0
46076,2025-04-03 19:00:00,51.07365443635765,26.31,70.52,0.0,0.0,development,0.0,7.535031642086078e-07,0,0.0
46077,2025-04-03 20:00:00,51.27706806302656,25.71,74.84,0.0,0.0,development,0.0,4.698921132804083e-07,0,0.0
46078,2025-04-03 21:00:00,52.184490199981376,25.21,78.26,0.0,0.0,development,0.0,2.879767261619117e-07,0,0.0
46079,2025-04-03 22:00:00,50.07067663044833,24.8,81.06,0.0,0.0,development,0.0,5.14352592864093e-07,0,0.0
46080,2025-04-03 23:00:00,52.65863033475654,24.42,83.67,0.0,0.0,development,0.0,1.1743590709745078e-07,0,0.0
46081,2025-04-04 00:00:00,53.35802061786953,24.04,86.24,0.0,0.0,development,0.0,3.651709467524862e-08,0,0.0
46082,2025-04-04 01:00:00,51.73672523975251,23.66,88.66,0.0,0.0,development,0.0,1.7467411618133853e-08,0,0.0
46083,2025-04-04 02:00:00,50.94181383287409,23.33,90.63,0.0,0.0,development,0.0,8.783474788762516e-09,0,0.0
46084,2025-04-04 03:00:00,52.53726139760515,23.08,92.0,0.0,0.0,development,0.0,2.3138605276176824e-09,0,0.0
46085,2025-04-04 04:00:00,51.82903103069341,22.86,93.2,0.0,0.0,development,0.0,1.0047124781254377e-09,0,0.0
46086,2025-04-04 05:00:00,51.18590425620544,22.77,93.7,0.01,0.0,development,0.0,7.753549755418755e-10,0,0.0
46087,2025-04-04 06:00:00,50.82916107782913,24.88,81.9,0.49,0.0,development,0.0,3.799944458152208e-08,0,0.0
46088,2025-04-04 07:00:00,51.021777995691856,27.44,66.52,1.31,0.01,development,0.0,5.946680495189939e-06,0,0.0
46089,2025-04-04 08:00:00,50.97364535563977,29.78,54.95,2.12,0.0,development,0.0,0.0012783653402548432,0,0.0
46090,2025-04-04 09:00:00,50.94088204073888,31.65,48.1,2.71,0.12,development,0.0,0.0553447564078291,0,0.0
46091,2025-04-04 10:00:00,49.73927182390193,33.18,43.28,3.01,0.16,development,4.578071908257567,0.8135070694555323,1,4.589527242078768
46092,2025-04-04 11:00:00,56.749998850681465,34.26,39.89,3.12,0.21,development,0.0,3.249013870423642e-06,0,0.0
46093,2025-04-04 12:00:00,55.340976699506605,34.79,38.04,2.81,0.22,development,0.0,0.00011200000846257936,0,0.0
46094,2025-04-04 13:00:00,55.52408296370696,34.61,38.13,2.53,0.2,development,0.0,7.006573666486331e-05,0,0.0
46095,2025-04-04 14:00:00,53.96220169978938,33.91,39.95,1.92,0.16,development,0.0,0.0008505105583648954,0,0.0
46096,2025-04-04 15:00:00,54.97786903820429,32.75,43.11,1.24,0.1,development,0.0,2.5672151516059337e-05,0,0.0
46097,2025-04-04 16:00:00,52.55838728636338,31.0,48.76,0.58,0.08,development,0.0,2.1997429350639737e-05,0,0.0
46098,2025-04-04 17:00:00,53.17387657833662,28.96,57.12,0.05,0.04,development,0.0,6.027843945251057e-07,0,0.0
46099,2025-04-04 18:00:00,54.63439296115593,27.5,64.99,0.0,0.02,development,0.0,1.1924129131694355e-07,0,0.0
46100,2025-04-04 19:00:00,53.72894488772637,26.62,70.95,0.0,0.01,development,0.0,1.998620755276964e-07,0,0.0
46101,2025-04-04 20:00:00,53.51671327043332,26.03,75.49,0.0,0.02,development,0.0,1.688279990247371e-07,0,0.0
46102,2025-04-04 21:00:00,53.19534624427917,25.56,79.3,0.0,0.03,development,0.0,2.1087710074996282e-07,0,0.0
46103,2025-04-04 22:00:00,53.06264855473592,25.11,82.94,0.0,0.05,development,0.0,2.1214226935334577e-07,0,0.0
46104,2025-04-04 23:00:00,52.95628818119033,24.7,86.33,0.0,0.06,development,0.0,1.3028508490942073e-07,0,0.0
46105,2025-04-05 00:00:00,52.733436147486735,24.33,89.24,0.0,0.07,development,0.0,4.822700396731013e-08,0,0.0
46106,2025-04-05 01:00:00,52.05429892480133,24.02,91.55,0.0,0.08,development,0.0,1.62223367046175e-08,0,0.0
46107,2025-04-05 02:00:00,53.895374765088185,23.78,93.17,0.0,0.08,development,0.0,3.1367836654434297e-09,0,0.0
46108,2025-04-05 03:00:00,52.25245789767049,23.66,94.11,0.0,0.08,development,0.0,2.963680826551524e-09,0,0.0
46109,2025-04-05 04:00:00,54.11648961755854,23.57,94.63,0.0,0.09,development,0.0,2.826614005852076e-10,0,0.0
46110,2025-04-05 05:00:00,53.48548175865601,23.55,95.0,0.01,0.11,development,0.0,1.9750263219906087e-10,0,0.0
46111,2025-04-05 06:00:00,53.1435024449861,24.53,91.78,0.39,0.14,development,0.0,1.1938542092729813e-09,0,0.0
46112,2025-04-05 07:00:00,54.92838576301032,26.05,83.86,1.0,0.13,development,0.0,2.3608808499254124e-09,0,0.0
46113,2025-04-05 08:00:00,52.21713869246508,28.85,65.5,1.61,0.07,development,0.0,1.526161988291281e-05,0,0.0
46114,2025-04-05 09:00:00,52.127795962001095,31.35,52.72,2.3,0.01,development,0.0,0.0029857832384770243,0,0.0
46115,2025-04-05 10:00:00,51.310711379492034,33.03,46.13,2.51,0.0,development,0.0,0.10868491979621676,0,0.0
46116,2025-04-05 11:00:00,50.893738920781125,34.0,42.84,2.75,0.0,development,4.116665364238585,0.4926803063518057,0,0.0
46117,2025-04-05 12:00:00,56.11519998951517,34.37,41.73,2.59,0.0,development,0.0,1.6627321389751772e-05,0,0.0
46118,2025-04-05 13:00:00,56.77996227276245,34.23,42.11,2.45,0.0,development,0.0,4.1294109035369775e-06,0,0.0
46119,2025-04-05 14:00:00,53.62168232198005,33.4,44.36,1.92,0.0,development,0.0,0.0013233649465675746,0,0.0
46120,2025-04-05 15:00:00,57.25884258431565,32.08,48.35,1.22,0.0,development,0.0,6.722393597933711e-07,0,0.0
46121,2025-04-05 16:00:00,52.62856769314307,30.34,54.28,0.53,0.0,development,0.0,1.4462128637765817e-05,0,0.0
46122,2025-04-05 17:00:00,55.5737381427271,28.64,60.88,0.04,0.0,development,0.0,9.698370863557069e-08,0,0.0
46123,2025-04-05 18:00:00,54.08347565711605,27.51,66.1,0.0,0.0,development,0.0,1.71582093310121e-07,0,0.0
46124,2025-04-05 19:00:00,53.12081022393669,26.81,69.72,0.0,0.0,development,0.0,2.9980615246859567e-07,0,0.0
46125,2025-04-05 20:00:00,53.39034609341617,26.29,72.72,0.0,0.0,development,0.0,2.1545046577598992e-07,0,0.0
46126,2025-04-05 21:00:00,52.90603329660604,25.81,75.64,0.0,0.0,development,0.0,2.5725543946265833e-07,0,0.0
46127,2025-04-05 22:00:00,53.4866880905277,25.39,78.22,0.0,0.0,development,0.0,1.9842229519185703e-07,0,0.0
46128,2025-04-05 23:00:00,52.61943297823993,25.05,80.38,0.0,0.0,development,0.0,1.6186698571427144e-07,0,0.0
46129,2025-04-06 00:00:00,53.77623524601531,24.78,82.14,0.0,0.0,development,0.0,4.630107139561349e-08,0,0.0
46130,2025-04-06 01:00:00,53.35464035988858,24.53,83.86,0.0,0.0,development,0.0,1.78741056897701e-08,0,0.0
46131,2025-04-06 02:00:00,52.417433132443456,24.37,84.89,0.0,0.0,development,0.0,1.1981992095615068e-08,0,0.0
46132,2025-04-06 03:00:00,53.55075994438987,24.18,86.06,0.0,0.0,development,0.0,3.0833434254082803e-09,0,0.0
46133,2025-04-06 04:00:00,53.50137945635223,24.05,86.85,0.0,0.0,development,0.0,8.329384488673267e-10,0,0.0
46134,2025-04-06 05:00:00,52.63533413433828,23.97,87.37,0.01,0.0,development,0.0,6.855398915098658e-10,0,0.0
46135,2025-04-06 06:00:00,52.86687761877207,25.4,79.28,0.34,0.0,development,0.0,5.017445198937047e-09,0,0.0
46136,2025-04-06 07:00:00,53.343442868529415,27.48,67.16,0.94,0.0,development,0.0,1.2234224714841044e-07,0,0.0
46137,2025-04-06 08:00:00,53.2736492559181,29.46,57.73,1.69,0.0,development,0.0,8.867996404158323e-06,0,0.0
46138,2025-04-06 09:00:00,51.546835229094086,31.22,50.73,2.27,0.01,development,0.0,0.009218685950264446,0,0.0
46139,2025-04-06 10:00:00,51.49552580517828,32.59,45.64,2.74,0.01,development,0.0,0.09113754205265717,0,0.0
46140,2025-04-06 11:00:00,50.65614147738927,33.4,42.67,2.84,0.0,development,4.869137529577838,0.6019740401396378,1,4.366976788899095
46141,2025-04-06 12:00:00,57.81554280023408,33.68,41.39,2.78,0.0,development,0.0,5.109191429779855e-07,0,0.0
46142,2025-04-06 13:00:00,56.078008665895695,33.43,41.63,2.45,0.0,development,0.0,1.755646544143356e-05,0,0.0
46143,2025-04-06 14:00:00,54.10088620377528,32.69,42.92,2.05,0.0,development,0.0,0.0006906232588154259,0,0.0
46144,2025-04-06 15:00:00,54.78240220007011,31.48,45.86,1.33,0.0,development,0.0,4.234613122893743e-05,0,0.0
46145,2025-04-06 16:00:00,53.383848995070814,29.75,51.51,0.59,0.0,development,0.0,7.723336968371004e-06,0,0.0
46146,2025-04-06 17:00:00,53.66658479224915,27.8,59.87,0.04,0.0,development,0.0,3.474538962885073e-07,0,0.0
46147,2025-04-06 18:00:00,52.75817714347925,26.57,67.44,0.0,0.0,development,0.0,2.9648700430413995e-07,0,0.0
46148,2025-04-06 19:00:00,52.78124420902629,25.95,72.74,0.0,0.0,development,0.0,2.301209771068587e-07,0,0.0
46149,2025-04-06 20:00:00,52.70026629548453,25.59,75.99,0.0,0.0,development,0.0,2.0281033869047702e-07,0,0.0
46150,2025-04-06 21:00:00,52.20140123957158,25.35,77.74,0.0,0.0,development,0.0,3.030008562904847e-07,0,0.0
46151,2025-04-06 22:00:00,52.79198253814912,25.16,78.75,0.0,0.0,development,0.0,2.4027444344983674e-07,0,0.0
46152,2025-04-06 23:00:00,52.44751201582584,24.93,79.94,0.0,0.01,development,0.0,1.6524675043685514e-07,0,0.0
46153,2025-04-07 00:00:00,53.739393590211,24.68,81.18,0.0,0.01,development,0.0,4.562335526406966e-08,0,0.0
46154,2025-04-07 01:00:00,52.446977875951696,24.44,82.51,0.0,0.01,development,0.0,2.8223371214475436e-08,0,0.0
46155,2025-04-07 02:00:00,52.77583585369464,24.15,84.14,0.0,0.01,development,0.0,9.869260744471133e-09,0,0.0
46156,2025-04-07 03:00:00,53.33892552033485,23.94,85.29,0.0,0.02,development,0.0,3.351560069747246e-09,0,0.0
46157,2025-04-07 04:00:00,54.79882116213642,23.76,86.22,0.0,0.01,development,0.0,2.9253712926414704e-10,0,0.0
46158,2025-04-07 05:00:00,52.80769681325363,23.69,86.55,0.01,0.01,development,0.0,5.274232673967398e-10,0,0.0
46159,2025-04-07 06:00:00,52.293103098962135,24.86,80.52,0.4,0.03,development,0.0,7.556635881538661e-09,0,0.0
46160,2025-04-07 07:00:00,52.11064025069784,26.98,68.48,1.07,0.03,development,0.0,5.455770345776927e-07,0,0.0
46161,2025-04-07 08:00:00,51.95043690721557,29.22,57.59,1.8,0.01,development,0.0,8.778356873217725e-05,0,0.0
46162,2025-04-07 09:00:00,51.35874627182381,31.19,49.77,2.28,0.0,development,0.0,0.013992157005056138,0,0.0
46163,2025-04-07 10:00:00,52.80353570109941,32.64,44.89,2.69,0.0,development,0.0,0.0064720786736149815,0,0.0
46164,2025-04-07 11:00:00,50.70225782900992,33.55,42.01,2.97,0.0,development,4.754245183570276,0.5918933527928844,1,4.545385535666445
46165,2025-04-07 12:00:00,56.53323086553656,33.93,40.73,2.91,0.0,development,0.0,8.082795800860036e-06,0,0.0
46166,2025-04-07 13:00:00,57.236538180449415,33.77,41.13,2.71,0.0,development,0.0,1.853556295430067e-06,0,0.0
46167,2025-04-07 14:00:00,54.33983100550245,33.16,42.63,2.15,0.0,development,0.0,0.0005112936688889595,0,0.0
46168,2025-04-07 15:00:00,53.7461560207981,32.03,45.67,1.39,0.0,development,0.0,0.00018800186335254677,0,0.0
46169,2025-04-07 16:00:00,53.164489643577326,30.42,50.69,0.63,0.0,development,0.0,1.2335679002843166e-05,0,0.0
46170,2025-04-07 17:00:00,54.08670484285637,28.47,58.58,0.04,0.0,development,0.0,2.794594745206296e-07,0,0.0
46171,2025-04-07 18:00:00,53.20924785920398,27.14,66.04,0.0,0.0,development,0.0,2.6245329500868544e-07,0,0.0
46172,2025-04-07 19:00:00,54.47108730022352,26.26,72.25,0.0,0.0,development,0.0,1.1144934964323365e-07,0,0.0
46173,2025-04-07 20:00:00,53.61242923684379,25.66,77.07,0.0,0.0,development,0.0,1.31907614443757e-07,0,0.0
46174,2025-04-07 21:00:00,53.99240704816055,25.28,80.18,0.0,0.0,development,0.0,1.5655255720303517e-07,0,0.0
46175,2025-04-07 22:00:00,51.812323472430585,25.11,81.63,0.0,0.0,development,0.0,3.1201010275598474e-07,0,0.0
46176,2025-04-07 23:00:00,51.90591096483747,24.97,82.44,0.0,0.0,development,0.0,1.9675611257320295e-07,0,0.0
46177,2025-04-08 00:00:00,51.93223895755897,24.71,84.04,0.0,0.0,development,0.0,8.62986374216333e-08,0,0.0
46178,2025-04-08 01:00:00,52.92273875063974,24.46,85.57,0.0,0.0,development,0.0,1.9152736820585228e-08,0,0.0
46179,2025-04-08 02:00:00,52.03414848537172,24.24,86.84,0.0,0.0,development,0.0,1.1500369321455076e-08,0,0.0
46180,2025-04-08 03:00:00,54.25748194396438,24.04,88.05,0.0,0.0,development,0.0,1.6381541677621728e-09,0,0.0
46181,2025-04-08 04:00:00,53.10587467414405,23.84,89.19,0.0,0.0,development,0.0,9.054956257277364e-10,0,0.0
46182,2025-04-08 05:00:00,53.75749984412344,23.75,89.72,0.01,0.0,development,0.0,2.2873513979813581e-10,0,0.0
46183,2025-04-08 06:00:00,52.88390940663312,25.21,81.63,0.34,0.01,development,0.0,3.742228904460557e-09,0,0.0
46184,2025-04-08 07:00:00,53.69141782159375,27.4,68.67,0.86,0.01,development,0.0,6.080002254069693e-08,0,0.0
46185,2025-04-08 08:00:00,50.97233265842216,29.41,58.39,1.57,0.01,development,0.0,0.0002449747222226192,0,0.0
46186,2025-04-08 09:00:00,51.836145796733824,30.9,51.71,1.92,0.03,development,0.0,0.0024411569658124507,0,0.0
46187,2025-04-08 10:00:00,51.44787440939748,31.61,48.62,2.36,0.03,development,0.0,0.06939961986348772,0,0.0
46188,2025-04-08 11:00:00,50.57500556243352,31.71,47.8,2.62,0.02,development,4.41085961438964,0.5003079925850632,0,0.0
46189,2025-04-08 12:00:00,56.21744552373861,31.74,47.68,2.42,0.01,development,0.0,8.05963220201593e-06,0,0.0
46190,2025-04-08 13:00:00,54.137495792315725,32.06,46.82,1.95,0.0,development,0.0,0.0004927934561680773,0,0.0
46191,2025-04-08 14:00:00,55.44987040675086,32.19,46.32,1.8,0.0,development,0.0,3.420026440912221e-05,0,0.0
46192,2025-04-08 15:00:00,53.62037105938267,31.63,47.5,1.11,0.0,development,0.0,0.00011226836200046315,0,0.0
46193,2025-04-08 16:00:00,53.1902087401651,30.29,51.18,0.48,0.0,development,0.0,7.0829467724477495e-06,0,0.0
46194,2025-04-08 17:00:00,54.95123365234601,28.35,58.0,0.03,0.0,development,0.0,1.3678128150912662e-07,0,0.0
46195,2025-04-08 18:00:00,53.25314703826535,26.97,64.69,0.0,0.0,development,0.0,2.2933794223355715e-07,0,0.0
46196,2025-04-08 19:00:00,52.760736755794646,26.07,70.18,0.0,0.0,development,0.0,2.616744056925698e-07,0,0.0
46197,2025-04-08 20:00:00,52.71281294316662,25.35,75.34,0.0,0.0,development,0.0,1.8068813617780405e-07,0,0.0
46198,2025-04-08 21:00:00,53.692003074010415,24.78,79.94,0.0,0.0,development,0.0,1.4211742972983445e-07,0,0.0
46199,2025-04-08 22:00:00,52.519167140467246,24.31,83.83,0.0,0.0,development,0.0,1.870442605004012e-07,0,0.0
46200,2025-04-08 23:00:00,53.58523068714121,23.91,87.01,0.0,0.0,development,0.0,7.532099640444959e-08,0,0.0
46201,2025-04-09 00:00:00,54.06944060392008,23.61,89.36,0.0,0.01,development,0.0,2.1095538198361803e-08,0,0.0
46202,2025-04-09 01:00:00,53.14272986744782,23.37,91.22,0.0,0.02,development,0.0,8.224014272881647e-09,0,0.0
46203,2025-04-09 02:00:00,54.02862825594678,23.25,92.08,0.0,0.02,development,0.0,2.549071426178016e-09,0,0.0
46204,2025-04-09 03:00:00,53.20829192695202,23.22,92.19,0.0,0.02,development,0.0,1.673102907468087e-09,0,0.0
46205,2025-04-09 04:00:00,52.75090247142897,23.21,92.16,0.0,0.03,development,0.0,7.036015562657921e-10,0,0.0
46206,2025-04-09 05:00:00,52.0192048208785,23.19,92.21,0.01,0.04,development,0.0,5.798194011258614e-10,0,0.0
46207,2025-04-09 06:00:00,53.6084546361316,24.79,85.38,0.42,0.03,development,0.0,1.483226997538166e-09,0,0.0
46208,2025-04-09 07:00:00,53.37704092676932,27.11,71.69,1.15,0.02,development,0.0,1.0516853818150906e-07,0,0.0
46209,2025-04-09 08:00:00,53.40995840969465,29.61,57.87,1.89,0.01,development,0.0,1.0908164353260196e-05,0,0.0
46210,2025-04-09 09:00:00,52.58649301675655,31.8,48.33,2.44,0.0,development,0.0,0.002042429637987711,0,0.0
46211,2025-04-09 10:00:00,52.61829772613039,33.53,42.47,2.79,0.0,development,0.0,0.012465032109922572,0,0.0
46212,2025-04-09 11:00:00,49.48000998471911,34.69,39.28,3.03,0.0,development,4.703552990027283,0.9476429834905356,1,4.560883345388636
46213,2025-04-09 12:00:00,57.01327912055135,35.21,37.92,2.98,0.0,development,0.0,3.7340106911124547e-06,0,0.0
46214,2025-04-09 13:00:00,55.15889338711857,35.13,38.06,2.55,0.0,development,0.0,0.00015402768154275617,0,0.0
46215,2025-04-09 14:00:00,55.53891209689412,34.42,39.69,2.1,0.0,development,0.0,5.347731490176501e-05,0,0.0
46216,2025-04-09 15:00:00,53.30695767206885,33.05,43.18,1.34,0.0,development,0.0,0.0003220242499919909,0,0.0
46217,2025-04-09 16:00:00,54.251680537645655,31.19,48.83,0.58,0.0,development,0.0,3.7057337125007907e-06,0,0.0
46218,2025-04-09 17:00:00,52.65829098369992,29.13,56.44,0.04,0.0,development,0.0,8.789388096897161e-07,0,0.0
46219,2025-04-09 18:00:00,53.86073095708448,27.64,63.52,0.0,0.0,development,0.0,1.8779075004558587e-07,0,0.0
46220,2025-04-09 19:00:00,54.212693546364605,26.73,68.99,0.0,0.0,development,0.0,1.6068608599419926e-07,0,0.0
46221,2025-04-09 20:00:00,52.00424288115647,26.09,73.45,0.0,0.0,development,0.0,4.034861283959288e-07,0,0.0
46222,2025-04-09 21:00:00,52.169766416413104,25.54,77.39,0.0,0.0,development,0.0,3.3108933213197403e-07,0,0.0
46223,2025-04-09 22:00:00,53.43544770878713,25.01,81.0,0.0,0.0,development,0.0,1.8222882428960446e-07,0,0.0
46224,2025-04-09 23:00:00,53.35028526536764,24.72,83.17,0.0,0.0,development,0.0,1.1152683853264384e-07,0,0.0
46225,2025-04-10 00:00:00,53.01378968792476,24.41,85.34,0.0,0.0,development,0.0,5.000781744818689e-08,0,0.0
46226,2025-04-10 01:00:00,52.86651252542987,24.13,87.3,0.0,0.0,development,0.0,1.5413500425671115e-08,0,0.0
46227,2025-04-10 02:00:00,52.56336261037239,23.9,88.89,0.0,0.0,development,0.0,7.013115689512572e-09,0,0.0
46228,2025-04-10 03:00:00,53.512375677801785,23.63,90.54,0.0,0.0,development,0.0,1.837762407516937e-09,0,0.0
46229,2025-04-10 04:00:00,52.4759829507839,23.5,91.21,0.0,0.0,development,0.0,1.0129592965203295e-09,0,0.0
46230,2025-04-10 05:00:00,53.540400961002405,23.63,90.18,0.01,0.0,development,0.0,2.4962350895577343e-10,0,0.0
46231,2025-04-10 06:00:00,52.78801741207504,25.16,81.16,0.45,0.0,development,0.0,5.658274770186732e-09,0,0.0
46232,2025-04-10 07:00:00,52.63279445173986,27.51,67.6,1.23,0.0,development,0.0,5.380499889702063e-07,0,0.0
46233,2025-04-10 08:00:00,53.40925884298576,30.05,54.25,1.98,0.0,development,0.0,1.9561423703870117e-05,0,0.0
46234,2025-04-10 09:00:00,52.444597810798506,32.5,43.67,2.38,0.0,development,0.0,0.0033550271688087387,0,0.0
46235,2025-04-10 10:00:00,49.95804390274341,34.49,37.59,2.63,0.0,development,0.0,0.7372814072259192,1,4.735962852508071
46236,2025-04-10 11:00:00,49.025024464504405,35.87,34.89,2.63,0.0,development,4.881913401993376,0.9591718692750809,1,4.628816535833304
46237,2025-04-10 12:00:00,57.4135343418872,36.58,33.54,2.64,0.0,development,0.0,1.3347127700643515e-06,0,0.0
46238,2025-04-10 13:00:00,54.6119803218918,36.68,33.37,2.27,0.0,development,0.0,0.00044175952326572996,0,0.0
46239,2025-04-10 14:00:00,55.99681576371668,36.18,34.34,1.99,0.0,development,0.0,2.2341426425725763e-05,0,0.0
46240,2025-04-10 15:00:00,54.18611525087691,34.95,37.22,1.3,0.0,development,0.0,9.037838840545028e-05,0,0.0
46241,2025-04-10 16:00:00,53.08111314576149,33.26,42.01,0.58,0.0,development,0.0,2.160952393705497e-05,0,0.0
46242,2025-04-10 17:00:00,53.27550389258146,31.07,49.65,0.04,0.0,development,0.0,7.063178208931106e-07,0,0.0
46243,2025-04-10 18:00:00,54.35597515713486,29.18,58.34,0.0,0.0,development,0.0,1.9103605503744855e-07,0,0.0
46244,2025-04-10 19:00:00,51.562207802757904,27.76,66.07,0.0,0.0,development,0.0,9.946757684893474e-07,0,0.0
46245,2025-04-10 20:00:00,54.08815149228772,26.9,71.25,0.0,0.0,development,0.0,2.084347258509172e-07,0,0.0
46246,2025-04-10 21:00:00,54.222745391962,26.34,75.02,0.0,0.0,development,0.0,1.662228492511333e-07,0,0.0
46247,2025-04-10 22:00:00,53.01038608839215,25.85,78.68,0.0,0.0,development,0.0,2.7184055308885976e-07,0,0.0
46248,2025-04-10 23:00:00,53.20984125244272,25.4,82.12,0.0,0.0,development,0.0,1.546925398648148e-07,0,0.0
46249,2025-04-11 00:00:00,53.37626588435915,25.06,84.63,0.0,0.0,development,0.0,6.081450515511469e-08,0,0.0
46250,2025-04-11 01:00:00,53.85393283171881,24.85,86.2,0.0,0.0,development,0.0,1.5427638684967994e-08,0,0.0
46251,2025-04-11 02:00:00,52.68332253163329,24.64,87.61,0.0,0.0,development,0.0,1.0357251633204632e-08,0,0.0
46252,2025-04-11 03:00:00,53.25549780343057,24.43,89.08,0.0,0.0,development,0.0,3.2564954976995854e-09,0,0.0
46253,2025-04-11 04:00:00,53.19970061171493,24.29,89.85,0.0,0.01,development,0.0,9.843048097897664e-10,0,0.0
46254,2025-04-11 05:00:00,53.83518393648054,24.28,89.6,0.01,0.01,development,0.0,2.8201994522382255e-10,0,0.0
46255,2025-04-11 06:00:00,55.4449445050014,25.73,80.87,0.32,0.01,development,0.0,4.1946319706566384e-10,0,0.0
46256,2025-04-11 07:00:00,52.46337769074526,27.98,67.69,0.85,0.01,development,0.0,3.189353044337573e-07,0,0.0
46257,2025-04-11 08:00:00,52.61095625317444,30.56,54.28,1.5,0.01,development,0.0,3.3955498748768226e-05,0,0.0
46258,2025-04-11 09:00:00,51.26079637326363,32.99,43.44,2.08,0.04,development,0.0,0.02185378313335627,0,0.0
46259,2025-04-11 10:00:00,50.66121081179114,34.54,39.31,2.59,0.06,development,0.0,0.37909491528096945,0,0.0
46260,2025-04-11 11:00:00,49.30893514722997,35.36,37.53,2.65,0.09,development,4.480457809596512,0.9460025666745715,1,4.677196633356956
46261,2025-04-11 12:00:00,55.53256626199315,35.65,37.08,2.4,0.12,development,0.0,5.470300814206283e-05,0,0.0
46262,2025-04-11 13:00:00,56.8456562425521,35.47,37.57,1.83,0.11,development,0.0,2.8508588772503307e-06,0,0.0
46263,2025-04-11 14:00:00,55.39207348755399,35.02,38.68,1.11,0.08,development,0.0,1.5089124956424823e-05,0,0.0
46264,2025-04-11 15:00:00,54.51556561989746,34.39,40.29,0.72,0.05,development,0.0,1.0305464960194968e-05,0,0.0
46265,2025-04-11 16:00:00,53.23951108309258,33.28,43.19,0.28,0.01,development,0.0,5.167114043048525e-06,0,0.0
46266,2025-04-11 17:00:00,53.62457236381918,31.16,50.59,0.02,0.01,development,0.0,5.279145774739228e-07,0,0.0
46267,2025-04-11 18:00:00,52.80945844368214,29.81,56.39,0.0,0.04,development,0.0,5.775866616987349e-07,0,0.0
46268,2025-04-11 19:00:00,53.78773801390663,28.83,62.39,0.0,0.06,development,0.0,2.917170912709505e-07,0,0.0
46269,2025-04-11 20:00:00,54.17652901363693,27.85,69.04,0.0,0.08,development,0.0,3.1806264760924306e-07,0,0.0
46270,2025-04-11 21:00:00,53.61304400812166,26.95,75.58,0.0,0.11,development,0.0,2.814453081912235e-07,0,0.0
46271,2025-04-11 22:00:00,53.604097627053896,26.26,81.2,0.0,0.13,development,0.0,2.3391104845350753e-07,0,0.0
46272,2025-04-11 23:00:00,54.07820230352994,25.74,85.7,0.0,0.21,development,0.0,1.575870065176489e-07,0,0.0
46273,2025-04-12 00:00:00,55.72389929557528,25.3,89.48,0.0,0.48,development,0.0,2.1209450789125447e-08,0,0.0
46274,2025-04-12 01:00:00,56.04584387016168,24.97,92.36,0.0,0.65,development,0.0,4.97999839566953e-09,0,0.0
46275,2025-04-12 02:00:00,55.33651201082947,24.81,94.03,0.0,0.59,development,0.0,2.5058263851514466e-09,0,0.0
46276,2025-04-12 03:00:00,57.70081343815357,24.71,94.79,0.0,0.4,development,0.0,1.2717733488259788e-10,0,0.0
46277,2025-04-12 04:00:00,57.79414867944737,24.56,95.46,0.0,0.19,development,0.0,2.4482237741257793e-11,0,0.0
46278,2025-04-12 05:00:00,57.67172180739705,24.49,95.74,0.01,0.13,development,0.0,7.860256348462359e-12,0,0.0
46279,2025-04-12 06:00:00,59.076036696918585,25.05,93.74,0.21,0.19,development,0.0,2.319428912477752e-12,0,0.0
46280,2025-04-12 07:00:00,57.83274838667858,25.89,89.2,0.64,0.23,development,0.0,3.332221111389313e-11,0,0.0
46281,2025-04-12 08:00:00,58.13245506087653,27.56,76.48,1.16,0.34,development,0.0,5.242440575248242e-10,0,0.0
46282,2025-04-12 09:00:00,57.925835995018296,29.36,63.99,1.56,0.32,development,0.0,1.3821583674551452e-08,0,0.0
46283,2025-04-12 10:00:00,58.10889045866704,30.72,57.98,1.57,0.51,development,0.0,3.146240401582745e-08,0,0.0
46284,2025-04-12 11:00:00,57.17024641519339,31.39,55.35,1.55,0.65,development,0.0,4.3766737432859106e-07,0,0.0
46285,2025-04-12 12:00:00,56.58102333607742,31.49,54.99,1.39,0.52,development,0.0,2.025623263533028e-06,0,0.0
46286,2025-04-12 13:00:00,57.42943331128936,31.35,55.41,1.12,0.34,development,0.0,4.0385904724433767e-07,0,0.0
46287,2025-04-12 14:00:00,56.86970323594226,30.92,56.68,1.06,0.21,development,0.0,9.179438985348226e-07,0,0.0
46288,2025-04-12 15:00:00,56.66494112104955,30.24,58.67,0.67,0.12,development,0.0,3.360236965152215e-07,0,0.0
46289,2025-04-12 16:00:00,55.60170746837113,29.15,62.99,0.26,0.06,development,0.0,2.8884371134248665e-07,0,0.0
46290,2025-04-12 17:00:00,53.75438541041623,27.52,71.55,0.02,0.03,development,0.0,3.596789667133454e-07,0,0.0
46291,2025-04-12 18:00:00,55.217155510262096,26.57,76.16,0.0,0.01,development,0.0,8.990994933914583e-08,0,0.0
46292,2025-04-12 19:00:00,55.11284295324296,25.94,79.54,0.0,0.0,development,0.0,7.881765175517363e-08,0,0.0
46293,2025-04-12 20:00:00,56.06945023364351,25.48,82.42,0.0,0.0,development,0.0,6.009447020221295e-08,0,0.0
46294,2025-04-12 21:00:00,55.93263605198236,25.08,85.21,0.0,0.0,development,0.0,8.256167465788198e-08,0,0.0
46295,2025-04-12 22:00:00,55.576137434202415,24.67,88.05,0.0,0.0,development,0.0,8.667722784518606e-08,0,0.0
46296,2025-04-12 23:00:00,53.42749407878213,24.34,90.45,0.0,0.0,development,0.0,1.0051305173851412e-07,0,0.0
46297,2025-04-13 00:00:00,54.43853633088068,24.18,91.81,0.0,0.01,development,0.0,2.176578363393505e-08,0,0.0
46298,2025-04-13 01:00:00,54.86946368144096,24.23,91.92,0.0,0.05,development,0.0,6.0638816582964405e-09,0,0.0
46299,2025-04-13 02:00:00,55.00029527579669,24.19,92.86,0.0,0.09,development,0.0,2.4741158034060515e-09,0,0.0
46300,2025-04-13 03:00:00,55.63188995810013,24.05,94.28,0.0,0.18,development,0.0,4.4453102163565227e-10,0,0.0
46301,2025-04-13 04:00:00,56.970054197537216,23.97,95.25,0.0,0.23,development,0.0,3.734369400503877e-11,0,0.0
46302,2025-04-13 05:00:00,56.69679598201094,23.9,95.97,0.01,0.23,development,0.0,1.4495202656074134e-11,0,0.0
46303,2025-04-13 06:00:00,55.62569073034293,24.89,93.06,0.31,0.23,development,0.0,9.465197398067512e-11,0,0.0
46304,2025-04-13 07:00:00,55.67579643620254,26.4,85.29,0.85,0.18,development,0.0,7.692703731791048e-10,0,0.0
46305,2025-04-13 08:00:00,55.288564145628094,28.59,70.77,1.57,0.13,development,0.0,9.42111998012913e-08,0,0.0
46306,2025-04-13 09:00:00,55.63003658669504,30.6,59.85,1.91,0.3,development,0.0,1.5229964841038117e-06,0,0.0
46307,2025-04-13 10:00:00,55.94094130319972,31.83,54.01,1.96,0.32,development,0.0,3.5858198612133722e-06,0,0.0
46308,2025-04-13 11:00:00,55.42030871044096,32.49,50.8,1.89,0.22,development,0.0,1.955146073463638e-05,0,0.0
46309,2025-04-13 12:00:00,53.605675276628425,32.76,49.2,1.96,0.17,development,0.0,0.0015786127955333658,0,0.0
46310,2025-04-13 13:00:00,53.11012757812758,32.65,48.68,1.52,0.12,development,0.0,0.0020311871388496053,0,0.0
46311,2025-04-13 14:00:00,53.75907703311052,32.15,49.62,1.15,0.09,development,0.0,0.00015266178312958078,0,0.0
46312,2025-04-13 15:00:00,50.60659887518791,31.23,51.78,0.71,0.04,development,0.0,0.001163755685159681,0,0.0
46313,2025-04-13 16:00:00,51.83988016585615,29.77,56.34,0.34,0.01,development,0.0,1.4974811520215465e-05,0,0.0
46314,2025-04-13 17:00:00,51.51881226628028,27.8,64.74,0.02,0.01,development,0.0,1.6705012350096831e-06,0,0.0
46315,2025-04-13 18:00:00,50.8575356964443,26.51,72.65,0.0,0.0,development,0.0,9.889698593387575e-07,0,0.0
46316,2025-04-13 19:00:00,51.080093589238,25.73,78.75,0.0,0.0,development,0.0,4.975462496864832e-07,0,0.0
46317,2025-04-13 20:00:00,51.44352763056455,25.06,84.46,0.0,0.01,development,0.0,2.7931306382815425e-07,0,0.0
46318,2025-04-13 21:00:00,50.88420857780402,24.63,88.59,0.0,0.01,development,0.0,3.2343836292483227e-07,0,0.0
46319,2025-04-13 22:00:00,50.634767264518125,24.3,91.33,0.0,0.02,development,0.0,3.012308858112165e-07,0,0.0
46320,2025-04-13 23:00:00,50.62451888131022,24.09,92.71,0.0,0.04,development,0.0,1.2319035691357075e-07,0,0.0
46321,2025-04-14 00:00:00,52.74708581268498,23.9,93.72,0.0,0.05,mid,0.0,1.3687026498900643e-07,0,0.0
46322,2025-04-14 01:00:00,50.99261675239491,23.75,94.36,0.0,0.07,mid,0.0,9.74332133675734e-08,0,0.0
46323,2025-04-14 02:00:00,51.59343277136394,23.6,95.02,0.0,0.07,mid,0.0,3.2091999433467844e-08,0,0.0
46324,2025-04-14 03:00:00,52.18555371539416,23.51,95.39,0.0,0.1,mid,0.0,9.240853616906408e-09,0,0.0
46325,2025-04-14 04:00:00,51.58815472959319,23.43,95.4,0.0,0.16,mid,0.0,4.433439327227384e-09,0,0.0
46326,2025-04-14 05:00:00,51.97348360600063,23.48,94.97,0.01,0.15,mid,0.0,1.8069280950167593e-09,0,0.0
46327,2025-04-14 06:00:00,52.49704778586473,24.85,91.75,0.46,0.12,mid,0.0,5.404971160297633e-09,0,0.0
46328,2025-04-14 07:00:00,51.24541637921691,26.95,81.36,1.32,0.09,mid,0.0,8.844461389253549e-07,0,0.0
46329,2025-04-14 08:00:00,50.20924612925977,29.25,62.82,2.15,0.05,mid,0.0,0.0001388864488827148,0,0.0
46330,2025-04-14 09:00:00,50.07914345912933,31.6,50.7,2.6,0.0,mid,0.0,0.0037668818217034138,0,0.0
46331,2025-04-14 10:00:00,51.0974910328614,33.43,43.25,2.97,0.0,mid,0.0,0.0077289404043485764,0,0.0
46332,2025-04-14 11:00:00,48.19621835419955,34.68,38.86,3.15,0.0,mid,4.4163302314219735,0.910315955739205,1,4.647286557424103
46333,2025-04-14 12:00:00,55.02570814484616,35.36,36.77,3.05,0.0,mid,0.0,1.0304525668774629e-05,0,0.0
46334,2025-04-14 13:00:00,52.802168510696525,35.46,36.39,2.63,0.0,mid,0.0,0.0013993993103990179,0,0.0
46335,2025-04-14 14:00:00,53.9876228123056,35.0,37.38,2.05,0.0,mid,0.0,0.00010093725378711227,0,0.0
46336,2025-04-14 15:00:00,51.8982574878033,33.94,39.94,1.31,0.0,mid,0.0,0.0006841744304664878,0,0.0
46337,2025-04-14 16:00:00,51.22731718295831,32.19,44.99,0.55,0.0,mid,0.0,2.6915181037999007e-05,0,0.0
46338,2025-04-14 17:00:00,51.20093667090714,29.74,54.05,0.03,0.0,mid,0.0,1.3775628782469249e-06,0,0.0
46339,2025-04-14 18:00:00,53.31811252954222,28.01,62.63,0.0,0.0,mid,0.0,2.1637677296419108e-07,0,0.0
46340,2025-04-14 19:00:00,51.66090483806081,26.9,69.56,0.0,0.0,mid,0.0,8.525599412746547e-07,0,0.0
46341,2025-04-14 20:00:00,51.18224750988979,26.15,75.07,0.0,0.0,mid,0.0,1.0057437000764586e-06,0,0.0
46342,2025-04-14 21:00:00,49.00142884459708,25.56,79.73,0.0,0.0,mid,0.0,1.84058514961531e-06,0,0.0
46343,2025-04-14 22:00:00,52.39007871227956,24.99,84.16,0.0,0.0,mid,0.0,8.354802424616624e-07,0,0.0
46344,2025-04-14 23:00:00,50.75177041391927,24.48,88.11,0.0,0.0,mid,0.0,6.372725837044565e-07,0,0.0
46345,2025-04-15 00:00:00,50.62556157505796,24.01,91.47,0.0,0.0,mid,0.0,2.328410114557645e-07,0,0.0
46346,2025-04-15 01:00:00,50.69708442200663,23.63,93.97,0.0,0.0,mid,0.0,9.996185822272221e-08,0,0.0
46347,2025-04-15 02:00:00,52.47970153722094,23.43,95.2,0.0,0.0,mid,0.0,2.149958996845605e-08,0,0.0
46348,2025-04-15 03:00:00,51.273951976164994,23.32,95.79,0.0,0.0,mid,0.0,1.3903576648828216e-08,0,0.0
46349,2025-04-15 04:00:00,50.09003312809146,23.23,96.13,0.0,0.0,mid,0.0,1.1396924254420747e-08,0,0.0
46350,2025-04-15 05:00:00,51.14437490286431,23.17,96.27,0.01,0.0,mid,0.0,2.712578518603406e-09,0,0.0
46351,2025-04-15 06:00:00,50.6424535054683,24.95,85.69,0.48,0.0,mid,0.0,6.293309007251051e-08,0,0.0
46352,2025-04-15 07:00:00,51.30071218995423,27.45,70.36,1.28,0.0,mid,0.0,1.9578635484425983e-06,0,0.0
46353,2025-04-15 08:00:00,50.13481511426447,30.03,55.6,2.15,0.0,mid,0.0,0.000302775767498387,0,0.0
46354,2025-04-15 09:00:00,48.38364179261577,32.85,41.44,2.81,0.0,mid,0.0,0.16352345193662984,0,0.0
46355,2025-04-15 10:00:00,48.58732569145237,34.97,35.21,3.22,0.0,mid,4.1567520911003335,0.6423409972033016,1,4.632694574295982
46356,2025-04-15 11:00:00,54.43632620674487,36.29,32.55,3.32,0.0,mid,0.0,3.9708905083181816e-05,0,0.0
46357,2025-04-15 12:00:00,52.34070896770296,37.0,30.86,3.2,0.0,mid,0.0,0.005436508244489186,0,0.0
46358,2025-04-15 13:00:00,50.67597118419437,37.07,30.36,2.83,0.0,mid,0.0,0.10019354676035092,0,0.0
46359,2025-04-15 14:00:00,51.48435846358581,36.53,31.05,2.23,0.0,mid,0.0,0.011552394649756307,0,0.0
46360,2025-04-15 15:00:00,50.228881644010265,35.3,33.33,1.44,0.0,mid,0.0,0.006246497428445827,0,0.0
46361,2025-04-15 16:00:00,49.71212147167906,33.34,38.04,0.61,0.0,mid,0.0,0.0001903973479096514,0,0.0
46362,2025-04-15 17:00:00,50.18632860733357,30.59,47.14,0.03,0.0,mid,0.0,3.1530477970609074e-06,0,0.0
46363,2025-04-15 18:00:00,48.03871749462252,28.55,57.07,0.0,0.0,mid,0.0,6.03634570301219e-06,0,0.0
46364,2025-04-15 19:00:00,49.63790503673274,27.33,65.36,0.0,0.0,mid,0.0,2.511038568383533e-06,0,0.0
46365,2025-04-15 20:00:00,50.119725287231525,26.55,71.83,0.0,0.0,mid,0.0,1.5061047648543881e-06,0,0.0
46366,2025-04-15 21:00:00,49.443544732225526,25.94,77.55,0.0,0.0,mid,0.0,1.783828950195469e-06,0,0.0
46367,2025-04-15 22:00:00,48.45674229118577,25.46,82.55,0.0,0.0,mid,0.0,1.9975836518000982e-06,0,0.0
46368,2025-04-15 23:00:00,49.06099874786496,25.03,87.03,0.0,0.0,mid,0.0,1.0034568528483822e-06,0,0.0
46369,2025-04-16 00:00:00,49.24099123100756,24.82,89.44,0.0,0.01,mid,0.0,4.845093590793755e-07,0,0.0
46370,2025-04-16 01:00:00,48.35148001353289,24.59,91.4,0.0,0.01,mid,0.0,2.9882384675377266e-07,0,0.0
46371,2025-04-16 02:00:00,49.92426228343189,24.31,93.43,0.0,0.01,mid,0.0,8.644778340346382e-08,0,0.0
46372,2025-04-16 03:00:00,49.64222546484199,24.13,94.54,0.0,0.01,mid,0.0,5.36625041232937e-08,0,0.0
46373,2025-04-16 04:00:00,49.13781849820126,23.97,95.48,0.0,0.01,mid,0.0,3.204209418072157e-08,0,0.0
46374,2025-04-16 05:00:00,50.45308201851402,23.88,95.99,0.01,0.01,mid,0.0,6.707157413596174e-09,0,0.0
46375,2025-04-16 06:00:00,49.25957559976064,25.49,87.2,0.38,0.01,mid,0.0,2.3658447510195722e-07,0,0.0
46376,2025-04-16 07:00:00,50.58275514711755,27.92,72.49,1.01,0.01,mid,0.0,3.784480396781692e-06,0,0.0
46377,2025-04-16 08:00:00,48.62184531381117,30.39,59.36,1.61,0.0,mid,0.0,0.0022308053721495163,0,0.0
46378,2025-04-16 09:00:00,47.29128842022355,32.68,49.09,2.37,0.01,mid,0.0,0.3865898538601824,0,0.0
46379,2025-04-16 10:00:00,46.35479773243036,34.52,41.96,2.77,0.01,mid,5.046739919772751,0.9686724183802042,1,4.957769414790444
46380,2025-04-16 11:00:00,54.49298045295994,35.85,37.57,2.91,0.0,mid,0.0,2.688486043945759e-05,0,0.0
46381,2025-04-16 12:00:00,52.44004085402034,36.63,35.03,2.8,0.0,mid,0.0,0.0034234147226330502,0,0.0
46382,2025-04-16 13:00:00,52.32655194400402,36.8,34.45,2.54,0.0,mid,0.0,0.004498710091445089,0,0.0
46383,2025-04-16 14:00:00,50.91747443895012,36.34,35.61,1.95,0.0,mid,0.0,0.025390497984493554,0,0.0
46384,2025-04-16 15:00:00,50.10456280497462,35.18,38.75,1.26,0.0,mid,0.0,0.0064374712956108094,0,0.0
46385,2025-04-16 16:00:00,49.84817588758073,33.34,44.63,0.54,0.0,mid,0.0,0.00015122431666800577,0,0.0
46386,2025-04-16 17:00:00,50.39439583897682,30.92,54.44,0.03,0.0,mid,0.0,4.049596846842322e-06,0,0.0
46387,2025-04-16 18:00:00,49.15625355524695,29.08,64.32,0.0,0.0,mid,0.0,4.249431562639189e-06,0,0.0
46388,2025-04-16 19:00:00,49.73795204395529,27.91,71.54,0.0,0.0,mid,0.0,2.8524566267471396e-06,0,0.0
46389,2025-04-16 20:00:00,49.95858809055055,27.24,75.84,0.0,0.01,mid,0.0,1.7628469965611014e-06,0,0.0
46390,2025-04-16 21:00:00,48.66027391198149,26.78,78.88,0.0,0.02,mid,0.0,2.654741156087929e-06,0,0.0
46391,2025-04-16 22:00:00,50.08385845642877,26.32,82.06,0.0,0.03,mid,0.0,1.8385987750403471e-06,0,0.0
46392,2025-04-16 23:00:00,50.35545266850848,25.85,85.52,0.0,0.03,mid,0.0,1.245909810191103e-06,0,0.0
46393,2025-04-17 00:00:00,50.51356351850317,25.45,88.5,0.0,0.03,mid,0.0,5.630530210753129e-07,0,0.0
46394,2025-04-17 01:00:00,48.89114872293051,25.09,91.07,0.0,0.03,mid,0.0,3.5609968449832006e-07,0,0.0
46395,2025-04-17 02:00:00,48.98455693279831,24.77,93.22,0.0,0.03,mid,0.0,1.4940347978560415e-07,0,0.0
46396,2025-04-17 03:00:00,49.80966946315379,24.49,94.91,0.0,0.03,mid,0.0,5.648072757402508e-08,0,0.0
46397,2025-04-17 04:00:00,49.80165234149555,24.29,95.92,0.0,0.03,mid,0.0,2.3683312605074255e-08,0,0.0
46398,2025-04-17 05:00:00,49.931099828171575,24.14,96.65,0.0,0.02,mid,0.0,1.120062459520608e-08,0,0.0
46399,2025-04-17 06:00:00,49.66786046100627,25.35,90.9,0.5,0.03,mid,0.0,1.8085736451984306e-07,0,0.0
46400,2025-04-17 07:00:00,49.83312348666071,27.43,76.85,1.24,0.02,mid,0.0,9.355036493480229e-06,0,0.0
46401,2025-04-17 08:00:00,47.08633512946346,30.11,60.77,2.0,0.01,mid,0.0,0.04375753651223004,0,0.0
46402,2025-04-17 09:00:00,48.853684810643294,32.43,50.69,2.6,0.0,mid,0.0,0.038185531761110864,0,0.0
46403,2025-04-17 10:00:00,48.52202475436137,34.26,44.12,2.9,0.0,mid,4.931025259413843,0.541328712990174,1,4.487565020130314
46404,2025-04-17 11:00:00,54.0243867737162,35.52,40.44,3.0,0.0,mid,0.0,7.088376829029054e-05,0,0.0
46405,2025-04-17 12:00:00,53.49398325162433,36.25,38.39,2.96,0.0,mid,0.0,0.0002985045189911516,0,0.0
46406,2025-04-17 13:00:00,53.58056970532728,36.32,37.86,2.67,0.0,mid,0.0,0.00027378030712627704,0,0.0
46407,2025-04-17 14:00:00,51.28010134120317,35.86,38.7,2.07,0.0,mid,0.0,0.015362541500680556,0,0.0
46408,2025-04-17 15:00:00,50.69529647780436,34.82,41.09,1.33,0.0,mid,0.0,0.0034545690482864835,0,0.0
46409,2025-04-17 16:00:00,51.35695242528211,33.11,45.9,0.55,0.0,mid,0.0,3.295820623287553e-05,0,0.0
46410,2025-04-17 17:00:00,51.21904432435053,31.01,53.37,0.03,0.0,mid,0.0,1.999196094091333e-06,0,0.0
46411,2025-04-17 18:00:00,48.74128941399786,29.42,60.75,0.0,0.0,mid,0.0,5.284719470176771e-06,0,0.0
46412,2025-04-17 19:00:00,49.26070713259401,28.34,66.6,0.0,0.0,mid,0.0,3.2632853455673514e-06,0,0.0
46413,2025-04-17 20:00:00,50.30477303384876,27.54,71.25,0.0,0.0,mid,0.0,1.7397848691295894e-06,0,0.0
46414,2025-04-17 21:00:00,49.98759370885526,26.86,75.37,0.0,0.0,mid,0.0,1.8821520055810155e-06,0,0.0
46415,2025-04-17 22:00:00,50.15473518885224,26.21,79.42,0.0,0.0,mid,0.0,1.5510095493384427e-06,0,0.0
46416,2025-04-17 23:00:00,47.49265019222101,25.55,83.61,0.0,0.0,mid,0.0,1.6559748639923792e-06,0,0.0
46417,2025-04-18 00:00:00,48.02679904661376,24.96,87.54,0.0,0.0,mid,0.0,5.979319776535694e-07,0,0.0
46418,2025-04-18 01:00:00,51.01727382001392,24.44,91.04,0.0,0.0,mid,0.0,1.4890987852158357e-07,0,0.0
46419,2025-04-18 02:00:00,50.2090006900573,24.11,93.45,0.0,0.0,mid,0.0,7.172215240364703e-08,0,0.0
46420,2025-04-18 03:00:00,49.88531520884157,23.86,95.22,0.0,0.01,mid,0.0,4.045463545274596e-08,0,0.0
46421,2025-04-18 04:00:00,48.608569868166136,23.73,96.18,0.0,0.0,mid,0.0,3.807332957051908e-08,0,0.0
46422,2025-04-18 05:00:00,49.27041130571138,23.67,96.63,0.0,0.0,mid,0.0,1.4176915818062016e-08,0,0.0
46423,2025-04-18 06:00:00,50.0706234220458,25.39,86.99,0.45,0.01,mid,0.0,1.3310469825735742e-07,0,0.0
46424,2025-04-18 07:00:00,48.23588895517412,27.99,71.86,1.16,0.01,mid,0.0,0.00011407756585333265,0,0.0
46425,2025-04-18 08:00:00,48.23998234242924,30.55,58.88,1.92,0.01,mid,0.0,0.006979273476397454,0,0.0
46426,2025-04-18 09:00:00,48.36324262530121,32.69,50.37,2.15,0.03,mid,0.0,0.06621912695119361,0,0.0
46427,2025-04-18 10:00:00,47.63092951689959,34.25,45.42,2.33,0.04,mid,4.938150454152037,0.7554341934407914,1,4.678378617725355
46428,2025-04-18 11:00:00,53.98213668923011,35.21,42.89,2.81,0.06,mid,0.0,6.718137844960972e-05,0,0.0
46429,2025-04-18 12:00:00,54.1725519258679,35.72,41.57,2.76,0.07,mid,0.0,5.5649226855168306e-05,0,0.0
46430,2025-04-18 13:00:00,53.17024885900681,35.77,41.08,2.43,0.07,mid,0.0,0.000490691637058736,0,0.0
46431,2025-04-18 14:00:00,50.09743767691045,35.21,42.31,2.06,0.06,mid,0.0,0.06420153328679369,0,0.0
46432,2025-04-18 15:00:00,52.125749583256486,34.14,45.21,1.29,0.05,mid,0.0,0.0004716264332224575,0,0.0
46433,2025-04-18 16:00:00,51.22284048411431,32.51,50.48,0.54,0.02,mid,0.0,3.151959824478989e-05,0,0.0
46434,2025-04-18 17:00:00,50.19491562115967,30.44,59.09,0.02,0.02,mid,0.0,4.6425907066227e-06,0,0.0
46435,2025-04-18 18:00:00,49.94482090729307,28.95,67.47,0.0,0.02,mid,0.0,2.7635173837193643e-06,0,0.0
46436,2025-04-18 19:00:00,50.72363521411485,27.88,74.63,0.0,0.03,mid,0.0,2.196631199948305e-06,0,0.0
46437,2025-04-18 20:00:00,50.56913571104784,27.1,80.36,0.0,0.04,mid,0.0,1.5563751238064172e-06,0,0.0
46438,2025-04-18 21:00:00,49.99991850353632,26.49,85.18,0.0,0.06,mid,0.0,1.882337381752705e-06,0,0.0
46439,2025-04-18 22:00:00,51.6021774465577,25.99,89.37,0.0,0.08,mid,0.0,1.7764787532064827e-06,0,0.0
46440,2025-04-18 23:00:00,48.7583993339956,25.58,92.31,0.0,0.1,mid,0.0,1.3163003829058728e-06,0,0.0
46441,2025-04-19 00:00:00,50.04774650582147,25.24,94.15,0.0,0.11,mid,0.0,5.246703658853717e-07,0,0.0
46442,2025-04-19 01:00:00,51.05038343804694,24.99,95.12,0.0,0.09,mid,0.0,1.4287412864576045e-07,0,0.0
46443,2025-04-19 02:00:00,50.73797745179552,24.78,95.59,0.0,0.07,mid,0.0,6.72679747613619e-08,0,0.0
46444,2025-04-19 03:00:00,51.3893330052067,24.6,95.74,0.0,0.04,mid,0.0,2.4693612251724164e-08,0,0.0
46445,2025-04-19 04:00:00,49.75144866197563,24.41,95.98,0.0,0.03,mid,0.0,2.6007303748948232e-08,0,0.0
46446,2025-04-19 05:00:00,50.688606824802775,24.26,96.06,0.0,0.02,mid,0.0,6.725339686881631e-09,0,0.0
46447,2025-04-19 06:00:00,51.83745538427225,25.01,91.91,0.47,0.02,mid,0.0,1.2629452796161509e-08,0,0.0
46448,2025-04-19 07:00:00,49.4595549360195,26.69,80.1,1.22,0.02,mid,0.0,8.522988398349172e-06,0,0.0
46449,2025-04-19 08:00:00,49.9189671954808,29.42,63.78,2.12,0.01,mid,0.0,0.00022676902108608802,0,0.0
46450,2025-04-19 09:00:00,48.91333851886704,31.75,53.77,2.73,0.01,mid,0.0,0.029287304574104334,0,0.0
46451,2025-04-19 10:00:00,48.6662204153662,33.56,47.09,2.92,0.0,mid,4.239551255077817,0.42187253929553287,0,0.0
46452,2025-04-19 11:00:00,54.68243519997234,34.9,42.15,2.68,0.0,mid,0.0,1.2871221817805422e-05,0,0.0
46453,2025-04-19 12:00:00,53.33428158458848,35.75,38.56,2.81,0.0,mid,0.0,0.0003875375555255665,0,0.0
46454,2025-04-19 13:00:00,51.95123050402127,36.02,36.39,2.39,0.0,mid,0.0,0.0070913356715074,0,0.0
46455,2025-04-19 14:00:00,51.271264286239024,35.68,36.01,1.88,0.0,mid,0.0,0.01322707699413584,0,0.0
46456,2025-04-19 15:00:00,50.303081518620665,34.72,37.36,1.18,0.0,mid,0.0,0.0037311193957200004,0,0.0
46457,2025-04-19 16:00:00,49.85315300307074,33.07,41.29,0.45,0.0,mid,0.0,0.00010221200954561158,0,0.0
46458,2025-04-19 17:00:00,50.75705651988698,30.67,49.33,0.02,0.0,mid,0.0,2.2206836325288824e-06,0,0.0
46459,2025-04-19 18:00:00,48.62967645325112,28.87,57.65,0.0,0.0,mid,0.0,4.482940716290061e-06,0,0.0
46460,2025-04-19 19:00:00,49.864807985448536,27.51,65.2,0.0,0.0,mid,0.0,2.299171914393898e-06,0,0.0
46461,2025-04-19 20:00:00,48.83779263583776,26.52,71.61,0.0,0.0,mid,0.0,2.4019289028339974e-06,0,0.0
46462,2025-04-19 21:00:00,51.15547636350678,25.73,77.31,0.0,0.0,mid,0.0,1.1034530754297862e-06,0,0.0
46463,2025-04-19 22:00:00,49.662745510858365,25.08,82.28,0.0,0.0,mid,0.0,1.3462665277463605e-06,0,0.0
46464,2025-04-19 23:00:00,48.57718428190552,24.66,85.76,0.0,0.0,mid,0.0,8.429985902114427e-07,0,0.0
46465,2025-04-20 00:00:00,49.4059521281648,24.38,87.77,0.0,0.0,mid,0.0,3.7207574214510177e-07,0,0.0
46466,2025-04-20 01:00:00,48.424348704353626,24.08,89.22,0.0,0.0,mid,0.0,2.2178567360200368e-07,0,0.0
46467,2025-04-20 02:00:00,49.08489766855285,23.87,90.15,0.0,0.0,mid,0.0,1.1824526909713628e-07,0,0.0
46468,2025-04-20 03:00:00,50.08408465580572,23.76,90.73,0.0,0.0,mid,0.0,4.07393235232811e-08,0,0.0
46469,2025-04-20 04:00:00,50.680472874925485,23.67,91.38,0.0,0.0,mid,0.0,1.0483869101656346e-08,0,0.0
46470,2025-04-20 05:00:00,50.45603161226004,23.61,92.11,0.0,0.0,mid,0.0,6.157989473244397e-09,0,0.0
46471,2025-04-20 06:00:00,49.50758167776832,24.7,86.53,0.42,0.0,mid,0.0,1.3356226904750498e-07,0,0.0
46472,2025-04-20 07:00:00,49.75369574490296,27.05,73.9,1.1,0.0,mid,0.0,8.70090928135966e-06,0,0.0
46473,2025-04-20 08:00:00,49.37681736123507,29.81,60.09,1.85,0.0,mid,0.0,0.0006700482548485068,0,0.0
46474,2025-04-20 09:00:00,49.72703097244316,32.43,47.95,2.53,0.0,mid,0.0,0.0089264333516417,0,0.0
46475,2025-04-20 10:00:00,46.46088969985545,34.56,39.03,3.02,0.0,mid,5.173004540262287,0.9716687886953593,1,4.93215450792835
46476,2025-04-20 11:00:00,55.67666270348544,36.16,33.0,3.1,0.0,mid,0.0,2.293468090913406e-06,0,0.0
46477,2025-04-20 12:00:00,52.46024078917266,37.13,29.52,3.01,0.0,mid,0.0,0.004459724552356535,0,0.0
46478,2025-04-20 13:00:00,53.18122714365982,37.5,28.07,2.54,0.0,mid,0.0,0.0010051609315206449,0,0.0
46479,2025-04-20 14:00:00,50.75757394101608,37.23,28.31,2.1,0.0,mid,0.0,0.0358702525169516,0,0.0
46480,2025-04-20 15:00:00,49.90435014843098,36.36,29.98,1.32,0.0,mid,0.0,0.008931576052226912,0,0.0
46481,2025-04-20 16:00:00,49.655976493293245,34.78,33.84,0.53,0.0,mid,0.0,0.0002393241843179864,0,0.0
46482,2025-04-20 17:00:00,48.96906965331108,31.75,44.24,0.02,0.0,mid,0.0,1.0295836219365171e-05,0,0.0
46483,2025-04-20 18:00:00,49.93070862351525,30.0,53.36,0.0,0.0,mid,0.0,2.1474016252085317e-06,0,0.0
46484,2025-04-20 19:00:00,50.57109790204303,28.88,62.26,0.0,0.0,mid,0.0,1.6021240617796002e-06,0,0.0
46485,2025-04-20 20:00:00,47.900615288507744,27.74,70.93,0.0,0.0,mid,0.0,4.3333856808487995e-06,0,0.0
46486,2025-04-20 21:00:00,49.46268267504807,26.85,77.47,0.0,0.01,mid,0.0,2.181391520676648e-06,0,0.0
46487,2025-04-20 22:00:00,48.73311534609456,26.16,82.03,0.0,0.0,mid,0.0,2.3147578686996275e-06,0,0.0
46488,2025-04-20 23:00:00,50.3389305347322,25.64,84.95,0.0,0.01,mid,0.0,1.1178068574394404e-06,0,0.0
46489,2025-04-21 00:00:00,50.76368676843372,25.24,86.89,0.0,0.01,mid,0.0,4.798129383141143e-07,0,0.0
46490,2025-04-21 01:00:00,49.51265073006421,24.93,88.2,0.0,0.02,mid,0.0,3.1074238900744783e-07,0,0.0
46491,2025-04-21 02:00:00,49.12722127239913,24.65,89.45,0.0,0.03,mid,0.0,1.7648761579888396e-07,0,0.0
46492,2025-04-21 03:00:00,48.44770138971701,24.45,90.32,0.0,0.04,mid,0.0,1.3313039416009214e-07,0,0.0
46493,2025-04-21 04:00:00,51.348896626717234,24.28,91.11,0.0,0.04,mid,0.0,8.930728522027312e-09,0,0.0
46494,2025-04-21 05:00:00,50.89500881423208,24.06,92.22,0.0,0.04,mid,0.0,5.631332820894636e-09,0,0.0
46495,2025-04-21 06:00:00,48.30705801224889,25.09,86.13,0.41,0.04,mid,0.0,4.904301878919561e-07,0,0.0
46496,2025-04-21 07:00:00,50.18058136945697,27.25,73.53,1.08,0.04,mid,0.0,5.231999283161475e-06,0,0.0
46497,2025-04-21 08:00:00,48.2684999843738,29.95,60.12,1.89,0.04,mid,0.0,0.005183191490423197,0,0.0
46498,2025-04-21 09:00:00,48.13890630899584,32.59,48.96,2.38,0.13,mid,0.0,0.12516463903774178,0,0.0
46499,2025-04-21 10:00:00,46.73529363476458,34.41,42.85,2.75,0.11,mid,4.57650756780955,0.9556539025473073,1,4.903396906226905
46500,2025-04-21 11:00:00,52.80230702587188,35.52,40.0,2.84,0.08,mid,0.0,0.0010493327322068343,0,0.0
46501,2025-04-21 12:00:00,53.39548706784323,36.11,38.47,2.51,0.1,mid,0.0,0.00035161797264185007,0,0.0
46502,2025-04-21 13:00:00,54.01464290056227,36.15,37.96,2.16,0.1,mid,0.0,8.997144247642209e-05,0,0.0
46503,2025-04-21 14:00:00,50.93333110399145,35.52,39.09,1.61,0.1,mid,0.0,0.013943958585353921,0,0.0
46504,2025-04-21 15:00:00,51.72473333467594,34.22,42.41,0.99,0.09,mid,0.0,0.00039173023207642255,0,0.0
46505,2025-04-21 16:00:00,51.36481985449733,32.27,48.38,0.38,0.05,mid,0.0,1.5009595951201004e-05,0,0.0
46506,2025-04-21 17:00:00,50.86992250645218,29.86,57.71,0.02,0.04,mid,0.0,2.0874386348012765e-06,0,0.0
46507,2025-04-21 18:00:00,51.95218846375149,28.07,66.71,0.0,0.05,mid,0.0,6.289234099100121e-07,0,0.0
46508,2025-04-21 19:00:00,51.19418826478063,26.94,73.54,0.0,0.06,mid,0.0,1.2928019206759288e-06,0,0.0
46509,2025-04-21 20:00:00,51.98624651717776,26.16,78.95,0.0,0.09,mid,0.0,8.658246034601892e-07,0,0.0
46510,2025-04-21 21:00:00,49.77486939957802,25.51,83.9,0.0,0.12,mid,0.0,1.5236443266514448e-06,0,0.0
46511,2025-04-21 22:00:00,51.46380896323714,25.02,87.84,0.0,0.14,mid,0.0,1.2362478497433548e-06,0,0.0
46512,2025-04-21 23:00:00,52.30124202931616,24.7,90.47,0.0,0.18,mid,0.0,6.11131714389537e-07,0,0.0
46513,2025-04-22 00:00:00,50.73742058979473,24.46,92.1,0.0,0.21,mid,0.0,2.95634572337316e-07,0,0.0
46514,2025-04-22 01:00:00,48.8535931532492,24.26,93.29,0.0,0.23,mid,0.0,2.1714188482123254e-07,0,0.0
46515,2025-04-22 02:00:00,50.941153717938846,24.1,93.96,0.0,0.25,mid,0.0,5.321759345888142e-08,0,0.0
46516,2025-04-22 03:00:00,51.73770722708746,23.96,94.54,0.0,0.29,mid,0.0,1.5562818633934923e-08,0,0.0
46517,2025-04-22 04:00:00,53.078968005404334,23.83,95.16,0.0,0.25,mid,0.0,1.889459405945049e-09,0,0.0
46518,2025-04-22 05:00:00,52.58937471203244,23.74,95.51,0.0,0.33,mid,0.0,1.2763125786598293e-09,0,0.0
46519,2025-04-22 06:00:00,53.57001879069485,24.57,93.22,0.27,0.42,mid,0.0,1.0380122931660515e-09,0,0.0
46520,2025-04-22 07:00:00,53.44590477818232,26.14,84.6,0.66,0.49,mid,0.0,1.3320968160672479e-08,0,0.0
46521,2025-04-22 08:00:00,54.34231651528183,28.01,71.48,1.27,0.8,mid,0.0,5.2377544792036476e-08,0,0.0
46522,2025-04-22 09:00:00,54.36987843066437,30.14,60.96,1.7,0.53,mid,0.0,6.807359743262793e-07,0,0.0
46523,2025-04-22 10:00:00,53.765760761024126,31.66,55.26,2.01,0.55,mid,0.0,1.7180374502104202e-05,0,0.0
46524,2025-04-22 11:00:00,54.71822258894792,32.7,51.6,2.24,0.58,mid,0.0,7.0874209003471456e-06,0,0.0
46525,2025-04-22 12:00:00,54.94702913455225,33.14,50.02,2.13,0.6,mid,0.0,5.54298327367696e-06,0,0.0
46526,2025-04-22 13:00:00,52.788237018122885,32.87,51.07,1.46,0.64,mid,0.0,0.0002963827423084437,0,0.0
46527,2025-04-22 14:00:00,53.79249094446446,32.02,54.27,1.09,0.6,mid,0.0,2.959418877646857e-05,0,0.0
46528,2025-04-22 15:00:00,52.47772245046783,30.63,59.89,0.65,0.55,mid,0.0,2.2697482793952586e-05,0,0.0
46529,2025-04-22 16:00:00,52.32244503291668,28.61,69.87,0.26,0.47,mid,0.0,2.87573349501358e-06,0,0.0
46530,2025-04-22 17:00:00,54.87820724750642,26.58,82.61,0.01,0.46,mid,0.0,1.7520235589112885e-07,0,0.0
46531,2025-04-22 18:00:00,56.24239823315891,25.6,90.42,0.0,0.47,mid,0.0,7.326344537123076e-08,0,0.0
46532,2025-04-22 19:00:00,54.99878167253515,25.2,94.02,0.0,0.5,mid,0.0,1.7007224566772997e-07,0,0.0
46533,2025-04-22 20:00:00,57.39061154714664,25.1,95.13,0.0,0.53,mid,0.0,1.0687642337928907e-07,0,0.0
46534,2025-04-22 21:00:00,56.19291348295801,25.06,95.66,0.0,0.63,mid,0.0,3.799622740573785e-07,0,0.0
46535,2025-04-22 22:00:00,57.38638648022346,25.02,95.88,0.0,0.69,mid,0.0,2.59872883617652e-07,0,0.0
46536,2025-04-22 23:00:00,59.79566212459381,24.94,96.35,0.0,0.71,mid,0.0,3.483026122455425e-08,0,0.0
46537,2025-04-23 00:00:00,58.69384251111528,24.87,96.7,0.0,0.77,mid,0.0,1.77264050029335e-08,0,0.0
46538,2025-04-23 01:00:00,61.08231699134836,24.81,97.0,0.0,0.74,mid,0.0,7.019146488719761e-10,0,0.0
46539,2025-04-23 02:00:00,61.007851680311184,24.74,97.22,0.0,0.75,mid,0.0,1.262398902640144e-10,0,0.0
46540,2025-04-23 03:00:00,61.647409349818254,24.67,97.17,0.0,0.75,mid,0.0,6.5769916784860444e-12,0,0.0
46541,2025-04-23 04:00:00,62.74193011286498,24.57,97.16,0.0,0.74,mid,0.0,2.7033340275998244e-13,0,0.0
46542,2025-04-23 05:00:00,62.32683416897662,24.52,97.14,0.0,0.73,mid,0.0,1.030020070680922e-13,0,0.0
46543,2025-04-23 06:00:00,66.08284544546706,25.17,95.8,0.22,0.81,mid,0.0,8.49796019775452e-16,0,0.0
46544,2025-04-23 07:00:00,66.22789732905896,26.08,92.72,0.52,0.96,mid,0.0,1.0636026647899976e-15,0,0.0
46545,2025-04-23 08:00:00,66.90220224631159,27.02,85.62,0.87,1.13,mid,0.0,3.962671753251785e-16,0,0.0
46546,2025-04-23 09:00:00,67.48325326938925,27.38,79.59,1.39,1.31,mid,0.0,1.11228285127425e-16,0,0.0
46547,2025-04-23 10:00:00,69.15208194807977,27.33,79.16,1.95,1.3,mid,0.0,5.458152064572682e-18,0,0.0
46548,2025-04-23 11:00:00,70.33681139804084,27.48,78.34,1.97,1.26,mid,0.0,1.6281689439919464e-18,0,0.0
46549,2025-04-23 12:00:00,70.0954038621975,27.65,77.45,1.87,1.25,mid,0.0,4.406998133016722e-18,0,0.0
46550,2025-04-23 13:00:00,71.66330117468772,27.73,76.67,1.4,1.14,mid,0.0,1.506066647659974e-18,0,0.0
46551,2025-04-23 14:00:00,71.57756231056855,27.65,76.79,1.19,0.98,mid,0.0,5.875091778417604e-18,0,0.0
46552,2025-04-23 15:00:00,71.69978467788226,27.41,78.05,0.69,0.83,mid,0.0,2.7953751155494315e-17,0,0.0
46553,2025-04-23 16:00:00,72.96562347848908,26.58,83.37,0.26,0.72,mid,0.0,1.9251295734991563e-17,0,0.0
46554,2025-04-23 17:00:00,72.45228460222756,25.27,91.87,0.01,0.68,mid,0.0,1.7387733653854034e-16,0,0.0
46555,2025-04-23 18:00:00,72.64489100741052,24.74,95.13,0.0,0.63,mid,0.0,5.042697320035657e-16,0,0.0
46556,2025-04-23 19:00:00,74.36614529625696,24.5,96.31,0.0,0.61,mid,0.0,1.3068555493473975e-16,0,0.0
46557,2025-04-23 20:00:00,75.28683975559703,24.36,96.65,0.0,0.68,mid,0.0,9.371334753308732e-17,0,0.0
46558,2025-04-23 21:00:00,75.99325895473811,24.3,96.61,0.0,0.73,mid,0.0,5.86019638594215e-17,0,0.0
46559,2025-04-23 22:00:00,78.16053260001628,24.26,96.78,0.0,0.83,mid,0.0,2.277796410852522e-18,0,0.0
46560,2025-04-23 23:00:00,78.63401070207333,24.28,96.83,0.0,0.82,mid,0.0,6.896809678227893e-19,0,0.0
46561,2025-04-24 00:00:00,79.079065784596,24.28,96.87,0.0,0.75,mid,0.0,1.1993892492557854e-19,0,0.0
46562,2025-04-24 01:00:00,80.02920923728705,24.27,96.98,0.0,0.69,mid,0.0,6.348782100006878e-21,0,0.0
46563,2025-04-24 02:00:00,80.84812037210806,24.26,96.95,0.0,0.6,mid,0.0,2.888703780684838e-22,0,0.0
46564,2025-04-24 03:00:00,81.87945890855622,24.22,96.9,0.0,0.54,mid,0.0,7.04511010704559e-24,0,0.0
46565,2025-04-24 04:00:00,82.12564425147633,24.19,96.76,0.0,0.5,mid,0.0,6.810254407938156e-25,0,0.0
46566,2025-04-24 05:00:00,82.4725467895804,24.16,96.67,0.0,0.41,mid,0.0,7.138022388447517e-26,0,0.0
46567,2025-04-24 06:00:00,81.96625361756804,24.49,95.9,0.25,0.35,mid,0.0,4.6799678360136807e-26,0,0.0
46568,2025-04-24 07:00:00,82.64423584820537,25.18,93.76,0.54,0.34,mid,0.0,6.985318151119114e-27,0,0.0
46569,2025-04-24 08:00:00,83.3823869061378,26.18,87.25,0.78,0.34,mid,0.0,1.1638133568931745e-27,0,0.0
46570,2025-04-24 09:00:00,82.87511767041534,27.88,74.49,1.14,0.19,mid,0.0,1.4152781552145897e-27,0,0.0
46571,2025-04-24 10:00:00,80.9489960830194,29.67,64.02,1.94,0.19,mid,0.0,7.811041913652105e-27,0,0.0
46572,2025-04-24 11:00:00,80.96761172151328,30.64,59.35,2.71,0.16,mid,0.0,2.641846210108837e-27,0,0.0
46573,2025-04-24 12:00:00,79.87076923922197,30.48,59.92,2.67,0.12,mid,0.0,5.0419093843327605e-26,0,0.0
46574,2025-04-24 13:00:00,80.91116306784107,30.1,61.45,2.07,0.1,mid,0.0,8.938391960631003e-26,0,0.0
46575,2025-04-24 14:00:00,79.29540948245823,29.56,63.48,1.54,0.08,mid,0.0,1.1129390319370353e-23,0,0.0
46576,2025-04-24 15:00:00,78.84020984859632,28.76,66.36,0.86,0.06,mid,0.0,2.2243205213725655e-22,0,0.0
46577,2025-04-24 16:00:00,78.01626818345342,27.64,70.97,0.34,0.04,mid,0.0,5.890769029038991e-21,0,0.0
46578,2025-04-24 17:00:00,77.3720388835157,26.24,78.05,0.01,0.04,mid,0.0,7.998661112821192e-20,0,0.0
46579,2025-04-24 18:00:00,77.55424848307439,25.5,82.8,0.0,0.03,mid,0.0,2.912733484559076e-19,0,0.0
46580,2025-04-24 19:00:00,78.32977927159259,25.09,85.73,0.0,0.02,mid,0.0,3.8794454597813195e-19,0,0.0
46581,2025-04-24 20:00:00,77.75252259375681,24.82,87.41,0.0,0.02,mid,0.0,2.243703617856197e-18,0,0.0
46582,2025-04-24 21:00:00,78.40056922882313,24.59,88.9,0.0,0.03,mid,0.0,1.4086914562421808e-18,0,0.0
46583,2025-04-24 22:00:00,78.14997894888617,24.39,90.33,0.0,0.03,mid,0.0,2.241290111959961e-18,0,0.0
46584,2025-04-24 23:00:00,78.32203691055051,24.24,91.38,0.0,0.04,mid,0.0,1.1037875478332653e-18,0,0.0
46585,2025-04-25 00:00:00,78.41284615767628,24.11,92.31,0.0,0.04,mid,0.0,3.3419198787902227e-19,0,0.0
46586,2025-04-25 01:00:00,77.75217613584873,23.98,93.29,0.0,0.03,mid,0.0,2.1470045774216048e-19,0,0.0
46587,2025-04-25 02:00:00,77.96186408313882,23.85,94.19,0.0,0.03,mid,0.0,2.2040799198348135e-20,0,0.0
46588,2025-04-25 03:00:00,78.97517780911313,23.68,95.19,0.0,0.03,mid,0.0,5.024962965477389e-22,0,0.0
46589,2025-04-25 04:00:00,79.7341889629278,23.52,96.13,0.0,0.02,mid,0.0,2.0504652194888025e-23,0,0.0
46590,2025-04-25 05:00:00,79.03249419703377,23.37,96.89,0.0,0.02,mid,0.0,1.1747313888845928e-23,0,0.0
46591,2025-04-25 06:00:00,76.09195610595341,24.68,92.05,0.34,0.02,mid,0.0,5.488814264253674e-22,0,0.0
46592,2025-04-25 07:00:00,77.479791557825,26.59,80.76,0.88,0.02,mid,0.0,2.1878495224455957e-23,0,0.0
46593,2025-04-25 08:00:00,77.69699087233657,28.67,67.11,1.6,0.02,mid,0.0,2.9495201818848285e-24,0,0.0
46594,2025-04-25 09:00:00,76.02359062182508,30.52,58.89,2.09,0.01,mid,0.0,1.9229280599311138e-23,0,0.0
46595,2025-04-25 10:00:00,75.13472466910954,31.93,53.48,2.3,0.02,mid,0.0,6.162878814457529e-23,0,0.0
46596,2025-04-25 11:00:00,74.76335748882799,32.9,50.06,2.35,0.02,mid,0.0,1.5464884991079306e-22,0,0.0
46597,2025-04-25 12:00:00,74.37514433551361,33.44,48.14,2.28,0.01,mid,0.0,7.534665301713128e-22,0,0.0
46598,2025-04-25 13:00:00,73.6279518348689,33.47,47.83,2.3,0.01,mid,0.0,8.130513304436485e-21,0,0.0
46599,2025-04-25 14:00:00,71.97617530597286,33.02,48.95,1.82,0.01,mid,0.0,6.357367561890941e-19,0,0.0
46600,2025-04-25 15:00:00,71.19919968331074,32.06,51.49,1.14,0.0,mid,0.0,1.428352100085032e-17,0,0.0
46601,2025-04-25 16:00:00,70.37358185564675,30.55,56.41,0.44,0.0,mid,0.0,3.83624331830618e-16,0,0.0
46602,2025-04-25 17:00:00,71.1922941871355,28.41,65.48,0.01,0.0,mid,0.0,7.121162600245672e-16,0,0.0
46603,2025-04-25 18:00:00,71.13852853968184,27.12,71.74,0.0,0.0,mid,0.0,3.915386855974258e-15,0,0.0
46604,2025-04-25 19:00:00,71.51225311240627,26.19,76.94,0.0,0.0,mid,0.0,1.1337069143979001e-14,0,0.0
46605,2025-04-25 20:00:00,70.89041875188948,25.48,81.36,0.0,0.0,mid,0.0,7.99653283086327e-14,0,0.0
46606,2025-04-25 21:00:00,69.73765286270425,24.91,85.09,0.0,0.0,mid,0.0,5.88061369076724e-13,0,0.0
46607,2025-04-25 22:00:00,70.50750556326551,24.43,88.23,0.0,0.0,mid,0.0,1.797359641334386e-13,0,0.0
46608,2025-04-25 23:00:00,71.47215236880767,24.0,91.09,0.0,0.0,mid,0.0,2.954949955706406e-14,0,0.0
46609,2025-04-26 00:00:00,69.39823292149597,23.58,93.96,0.0,0.0,late,0.0,1.4057125430190754e-12,0,0.0
46610,2025-04-26 01:00:00,70.71875409156324,23.19,96.55,0.0,0.0,late,0.0,3.671111370117743e-14,0,0.0
46611,2025-04-26 02:00:00,71.01473704158983,22.86,98.7,0.0,0.0,late,0.0,2.1632571004951227e-15,0,0.0
46612,2025-04-26 03:00:00,72.38956663861333,22.64,100.0,0.0,0.0,late,0.0,3.2689991952258057e-17,0,0.0
46613,2025-04-26 04:00:00,70.30572507993061,22.44,100.0,0.0,0.0,late,0.0,7.396810710141614e-17,0,0.0
46614,2025-04-26 05:00:00,70.68927515620588,22.27,100.0,0.0,0.0,late,0.0,1.0705499509494617e-17,0,0.0
46615,2025-04-26 06:00:00,72.136698123038,24.13,91.44,0.44,0.0,late,0.0,2.0837964948903228e-18,0,0.0
46616,2025-04-26 07:00:00,70.06866154924724,26.88,75.13,1.19,0.0,late,0.0,2.2430998565275213e-17,0,0.0
46617,2025-04-26 08:00:00,70.92134316745098,29.52,59.24,2.04,0.0,late,0.0,9.404067341355107e-19,0,0.0
46618,2025-04-26 09:00:00,69.70007915440803,32.17,47.02,2.68,0.0,late,0.0,1.0857697467370618e-17,0,0.0
46619,2025-04-26 10:00:00,68.38166897565192,34.29,40.52,3.07,0.0,late,0.0,1.7255312697543162e-16,0,0.0
46620,2025-04-26 11:00:00,67.99684748081943,35.68,37.66,3.24,0.0,late,0.0,7.05145319358224e-16,0,0.0
46621,2025-04-26 12:00:00,66.56206205592085,36.4,36.28,3.12,0.0,late,0.0,3.1622580136579355e-14,0,0.0
46622,2025-04-26 13:00:00,67.56339791745576,36.51,35.97,2.72,0.0,late,0.0,1.1166059636529033e-14,0,0.0
46623,2025-04-26 14:00:00,63.27722942176606,36.04,36.81,2.12,0.0,late,0.0,9.024614057589718e-11,0,0.0
46624,2025-04-26 15:00:00,64.02807350509737,35.0,39.06,1.35,0.0,late,0.0,3.073235333635158e-11,0,0.0
46625,2025-04-26 16:00:00,63.57378065168136,33.21,44.29,0.53,0.0,late,0.0,4.215753883876157e-11,0,0.0
46626,2025-04-26 17:00:00,63.42181448464085,30.47,54.87,0.02,0.0,late,0.0,1.1625957553565689e-10,0,0.0
46627,2025-04-26 18:00:00,64.39334835131973,28.68,64.05,0.0,0.0,late,0.0,1.721871332830052e-10,0,0.0
46628,2025-04-26 19:00:00,63.17137917743489,27.39,72.35,0.0,0.0,late,0.0,2.881433127817456e-09,0,0.0
46629,2025-04-26 20:00:00,63.92264075200765,26.57,78.09,0.0,0.0,late,0.0,4.308537783440154e-09,0,0.0
46630,2025-04-26 21:00:00,63.714181869465705,26.02,81.77,0.0,0.0,late,0.0,8.112862104305158e-09,0,0.0
46631,2025-04-26 22:00:00,64.19978980548662,25.56,84.65,0.0,0.0,late,0.0,5.7520659371518075e-09,0,0.0
46632,2025-04-26 23:00:00,63.41926261200933,25.06,87.73,0.0,0.0,late,0.0,6.82036450884669e-09,0,0.0
46633,2025-04-27 00:00:00,63.79927452864917,24.56,90.87,0.0,0.01,late,0.0,1.2053142815926166e-09,0,0.0
46634,2025-04-27 01:00:00,63.45525686195956,24.07,93.96,0.0,0.01,late,0.0,4.1062536319100857e-10,0,0.0
46635,2025-04-27 02:00:00,62.77766579721397,23.73,96.03,0.0,0.01,late,0.0,1.0838383373576519e-10,0,0.0
46636,2025-04-27 03:00:00,64.85823785085937,23.61,96.72,0.0,0.01,late,0.0,8.775716166776033e-13,0,0.0
46637,2025-04-27 04:00:00,62.98176150840915,23.54,97.14,0.0,0.01,late,0.0,8.975678623780655e-13,0,0.0
46638,2025-04-27 05:00:00,63.22121843505984,23.49,97.43,0.0,0.01,late,0.0,1.7643223949871442e-13,0,0.0
46639,2025-04-27 06:00:00,62.93105084962844,25.0,89.17,0.43,0.01,late,0.0,8.130931617315675e-13,0,0.0
46640,2025-04-27 07:00:00,63.69449680475928,27.38,74.72,1.14,0.0,late,0.0,4.376109341453316e-13,0,0.0
46641,2025-04-27 08:00:00,62.51969604529594,29.67,61.94,1.8,0.0,late,0.0,3.209340002069788e-12,0,0.0
46642,2025-04-27 09:00:00,63.44881147753625,31.9,52.02,2.43,0.0,late,0.0,1.228134085060271e-12,0,0.0
46643,2025-04-27 10:00:00,61.84857975656893,33.76,45.17,2.66,0.0,late,0.0,6.525733026774506e-11,0,0.0
46644,2025-04-27 11:00:00,60.29070683209577,34.99,41.47,2.85,0.0,late,0.0,3.625659091478785e-09,0,0.0
46645,2025-04-27 12:00:00,58.84307285979418,35.56,39.71,2.73,0.0,late,0.0,2.0374745617280604e-07,0,0.0
46646,2025-04-27 13:00:00,58.57307208616309,35.62,39.43,2.32,0.0,late,0.0,5.507045829978462e-07,0,0.0
46647,2025-04-27 14:00:00,58.26246334905508,35.1,40.57,1.72,0.0,late,0.0,9.768111743859057e-07,0,0.0
46648,2025-04-27 15:00:00,57.14412440259457,34.0,43.53,1.06,0.0,late,0.0,1.8302648313783007e-06,0,0.0
46649,2025-04-27 16:00:00,56.597893367769295,32.28,49.1,0.4,0.0,late,0.0,6.423199252871356e-07,0,0.0
46650,2025-04-27 17:00:00,55.65017227546378,30.0,58.57,0.01,0.0,late,0.0,5.145890300129e-07,0,0.0
46651,2025-04-27 18:00:00,58.26106581302673,28.46,67.11,0.0,0.0,late,0.0,8.948726453726071e-08,0,0.0
46652,2025-04-27 19:00:00,56.30565910463281,27.4,73.99,0.0,0.0,late,0.0,6.047973033719686e-07,0,0.0
46653,2025-04-27 20:00:00,55.366934141634935,26.69,78.67,0.0,0.0,late,0.0,1.2447713225056258e-06,0,0.0
46654,2025-04-27 21:00:00,55.60651066532092,26.16,81.98,0.0,0.0,late,0.0,1.8077009432112712e-06,0,0.0
46655,2025-04-27 22:00:00,56.19126593318277,25.66,84.97,0.0,0.0,late,0.0,1.293894107060702e-06,0,0.0
46656,2025-04-27 23:00:00,58.02236877151092,25.19,87.73,0.0,0.0,late,0.0,3.037549849958126e-07,0,0.0
46657,2025-04-28 00:00:00,56.33022605927329,24.8,89.84,0.0,0.0,late,0.0,3.2187423281949104e-07,0,0.0
46658,2025-04-28 01:00:00,56.166706689988,24.36,92.29,0.0,0.0,late,0.0,1.0105749499109113e-07,0,0.0
46659,2025-04-28 02:00:00,57.142301909790845,23.98,94.28,0.0,0.0,late,0.0,1.4439839353938875e-08,0,0.0
46660,2025-04-28 03:00:00,57.20069592762143,23.65,95.91,0.0,0.0,late,0.0,1.7840415418630757e-09,0,0.0
46661,2025-04-28 04:00:00,56.99381823932537,23.45,96.71,0.0,0.0,late,0.0,4.1563173773902627e-10,0,0.0
46662,2025-04-28 05:00:00,56.626448840558936,23.28,97.33,0.0,0.0,late,0.0,1.845260894455348e-10,0,0.0
46663,2025-04-28 06:00:00,55.58307904275406,24.79,88.25,0.38,0.0,late,0.0,3.7204457075898294e-09,0,0.0
46664,2025-04-28 07:00:00,55.61777769854319,27.23,73.4,0.94,0.0,late,0.0,7.350914239445624e-08,0,0.0
46665,2025-04-28 08:00:00,54.46683272279728,29.6,60.57,1.49,0.0,late,0.0,4.722777867351018e-06,0,0.0
46666,2025-04-28 09:00:00,54.88297367559004,32.08,49.19,2.54,0.0,late,0.0,1.6338868208812408e-05,0,0.0
46667,2025-04-28 10:00:00,53.892735728349145,34.17,41.51,3.01,0.0,late,0.0,0.0007697132129385661,0,0.0
46668,2025-04-28 11:00:00,52.88431818422644,35.64,36.6,3.08,0.0,late,0.0,0.0406545398184704,0,0.0
46669,2025-04-28 12:00:00,52.57245386907806,36.48,33.42,2.88,0.0,late,0.0,0.22536733834377845,0,0.0
46670,2025-04-28 13:00:00,50.89790334631329,36.71,32.08,2.23,0.0,late,4.077203703259169,0.7160250559335447,1,4.182025890753298
46671,2025-04-28 14:00:00,57.11694260188264,36.35,32.27,1.93,0.0,late,0.0,1.4765859813804709e-05,0,0.0
46672,2025-04-28 15:00:00,56.32281783237171,35.38,34.12,1.16,0.0,late,0.0,1.1308131822604603e-05,0,0.0
46673,2025-04-28 16:00:00,56.20738769660502,33.58,39.08,0.45,0.0,late,0.0,1.1042317425311406e-06,0,0.0
46674,2025-04-28 17:00:00,56.27662041826532,30.48,51.25,0.01,0.0,late,0.0,2.7382356351096104e-07,0,0.0
46675,2025-04-28 18:00:00,54.9092840517391,28.91,59.61,0.0,0.0,late,0.0,6.972483743588526e-07,0,0.0
46676,2025-04-28 19:00:00,56.347482945246895,27.75,67.7,0.0,0.0,late,0.0,4.7620233654008863e-07,0,0.0
46677,2025-04-28 20:00:00,56.19631258765565,26.84,74.03,0.0,0.0,late,0.0,7.800075346799314e-07,0,0.0
46678,2025-04-28 21:00:00,56.31981157540068,26.2,78.19,0.0,0.0,late,0.0,1.1202949482401165e-06,0,0.0
46679,2025-04-28 22:00:00,56.09149563394568,25.65,81.54,0.0,0.0,late,0.0,1.1504489866514321e-06,0,0.0
46680,2025-04-28 23:00:00,56.27416173797958,25.2,84.16,0.0,0.0,late,0.0,6.102939028226677e-07,0,0.0
46681,2025-04-29 00:00:00,55.65237770079591,24.75,86.65,0.0,0.0,late,0.0,4.060619442000799e-07,0,0.0
46682,2025-04-29 01:00:00,56.33960506436352,24.31,89.16,0.0,0.0,late,0.0,9.578967973737095e-08,0,0.0
46683,2025-04-29 02:00:00,56.900564129714994,23.91,91.45,0.0,0.0,late,0.0,1.7686108984384013e-08,0,0.0
46684,2025-04-29 03:00:00,55.58860589837342,23.61,93.15,0.0,0.0,late,0.0,6.563139947870462e-09,0,0.0
46685,2025-04-29 04:00:00,55.61763482507365,23.48,93.78,0.0,0.0,late,0.0,1.7143570211438399e-09,0,0.0
46686,2025-04-29 05:00:00,56.48931464742328,23.38,94.28,0.0,0.0,late,0.0,2.734111226560025e-10,0,0.0
46687,2025-04-29 06:00:00,55.541704294488255,24.64,87.06,0.4,0.0,late,0.0,4.1201237428810524e-09,0,0.0
46688,2025-04-29 07:00:00,55.16190964527493,26.92,73.37,1.14,0.0,late,0.0,1.8359303756874093e-07,0,0.0
46689,2025-04-29 08:00:00,55.5966911793399,29.33,60.03,1.85,0.0,late,0.0,6.660613750305363e-07,0,0.0
46690,2025-04-29 09:00:00,54.23809541476658,31.78,48.98,2.56,0.0,late,0.0,5.841677356537842e-05,0,0.0
46691,2025-04-29 10:00:00,54.73134606472381,34.02,41.33,2.97,0.0,late,0.0,0.00012969260486663336,0,0.0
46692,2025-04-29 11:00:00,52.45688513501211,35.26,38.73,3.16,0.0,late,0.0,0.08429368870876129,0,0.0
46693,2025-04-29 12:00:00,51.217868797776205,36.04,37.16,2.99,0.0,late,0.0,0.7284730524468114,1,4.377232217607355
46694,2025-04-29 13:00:00,50.94523804753442,36.22,36.71,2.56,0.0,late,4.357300491126178,0.7575601799122347,1,4.222105282666097
46695,2025-04-29 14:00:00,57.73105785174665,35.69,37.72,2.02,0.0,late,0.0,4.2273259644550014e-06,0,0.0
46696,2025-04-29 15:00:00,56.962483097780975,34.65,40.27,1.27,0.0,late,0.0,4.781219708596143e-06,0,0.0
46697,2025-04-29 16:00:00,56.65901305538048,33.01,45.27,0.48,0.0,late,0.0,7.393296390435296e-07,0,0.0
46698,2025-04-29 17:00:00,55.5377476261418,30.48,54.86,0.01,0.0,late,0.0,5.72158052355139e-07,0,0.0
46699,2025-04-29 18:00:00,56.88866720218693,28.8,63.41,0.0,0.0,late,0.0,2.295887125167851e-07,0,0.0
46700,2025-04-29 19:00:00,54.65599392980651,27.65,70.95,0.0,0.0,late,0.0,1.4466690997107482e-06,0,0.0
46701,2025-04-29 20:00:00,55.355587273025705,26.9,77.02,0.0,0.0,late,0.0,1.3259802972225972e-06,0,0.0
46702,2025-04-29 21:00:00,56.010966535747286,26.37,81.53,0.0,0.0,late,0.0,1.5495778818134518e-06,0,0.0
46703,2025-04-29 22:00:00,55.422577933479424,25.96,85.02,0.0,0.0,late,0.0,1.9037716235155065e-06,0,0.0
46704,2025-04-29 23:00:00,55.73251254310206,25.6,87.74,0.0,0.0,late,0.0,1.0495557432056913e-06,0,0.0
46705,2025-04-30 00:00:00,55.19494463000864,25.26,89.87,0.0,0.0,late,0.0,5.751417352577631e-07,0,0.0
46706,2025-04-30 01:00:00,55.81374704995583,24.97,91.34,0.0,0.0,late,0.0,1.4868156418099682e-07,0,0.0
46707,2025-04-30 02:00:00,56.35073427280729,24.83,91.62,0.0,0.0,late,0.0,3.742513992506743e-08,0,0.0
46708,2025-04-30 03:00:00,55.55183234125312,24.75,91.41,0.0,0.0,late,0.0,1.2870282283027739e-08,0,0.0
46709,2025-04-30 04:00:00,55.27709852640853,24.56,91.87,0.0,0.0,late,0.0,4.505920524541465e-09,0,0.0
46710,2025-04-30 05:00:00,55.611537834230106,24.45,92.25,0.0,0.0,late,0.0,1.3807686021307854e-09,0,0.0
46711,2025-04-30 06:00:00,56.86336651330377,25.36,86.67,0.4,0.0,late,0.0,1.324519321636311e-09,0,0.0
46712,2025-04-30 07:00:00,56.61596327798131,27.19,74.52,1.02,0.0,late,0.0,1.9523839215537726e-08,0,0.0
46713,2025-04-30 08:00:00,54.891888586339306,29.3,62.39,1.69,0.0,late,0.0,2.33817527640094e-06,0,0.0
46714,2025-04-30 09:00:00,55.02321583851432,31.51,51.24,2.01,0.0,late,0.0,1.008971440535688e-05,0,0.0
46715,2025-04-30 10:00:00,53.79629338165356,33.37,43.23,1.83,0.0,late,0.0,0.0005527650442557507,0,0.0
46716,2025-04-30 11:00:00,53.939641622006135,34.65,38.73,1.96,0.0,late,0.0,0.002222718146188019,0,0.0
46717,2025-04-30 12:00:00,52.13539986724132,35.21,37.01,2.48,0.0,late,0.0,0.3233181531319348,0,0.0
46718,2025-04-30 13:00:00,50.922345258260165,35.09,37.36,2.08,0.0,late,4.184656469681688,0.6640321420036817,1,4.210208242283997
46719,2025-04-30 14:00:00,58.53229271104495,34.46,39.09,1.6,0.0,late,0.0,5.604504816002456e-07,0,0.0
46720,2025-04-30 15:00:00,55.85555958296789,33.28,42.43,0.97,0.0,late,0.0,1.2052709062276109e-05,0,0.0
46721,2025-04-30 16:00:00,56.384835909802575,31.53,48.12,0.36,0.0,late,0.0,7.002244054114288e-07,0,0.0
46722,2025-04-30 17:00:00,56.99406257163434,29.3,56.98,0.01,0.01,late,0.0,1.4826614342851124e-07,0,0.0
46723,2025-04-30 18:00:00,56.44663276800138,27.8,64.99,0.0,0.01,late,0.0,2.6693012983849757e-07,0,0.0
46724,2025-04-30 19:00:00,55.315931596896974,26.85,71.61,0.0,0.01,late,0.0,7.352524631807134e-07,0,0.0
46725,2025-04-30 20:00:00,55.285368952843086,26.2,77.31,0.0,0.01,late,0.0,9.487475158172875e-07,0,0.0
46726,2025-04-30 21:00:00,54.824414163485486,25.84,80.94,0.0,0.01,late,0.0,2.1997981123337835e-06,0,0.0
46727,2025-04-30 22:00:00,57.1500418531065,25.64,82.77,0.0,0.01,late,0.0,8.146664039249698e-07,0,0.0
46728,2025-04-30 23:00:00,55.06988991831126,25.45,84.14,0.0,0.01,late,0.0,1.0875909285201882e-06,0,0.0
46729,2025-05-01 00:00:00,56.62192578749226,25.16,86.36,0.0,0.06,late,0.0,3.027200321089776e-07,0,0.0
46730,2025-05-01 01:00:00,55.04749546569855,24.8,89.25,0.0,0.11,late,0.0,2.227674028801462e-07,0,0.0
46731,2025-05-01 02:00:00,58.534377319256464,24.46,91.93,0.0,0.24,late,0.0,6.9704636261125305e-09,0,0.0
46732,2025-05-01 03:00:00,55.818886885672185,24.2,93.81,0.0,0.33,late,0.0,7.217285401408942e-09,0,0.0
46733,2025-05-01 04:00:00,57.28522195722927,24.02,94.9,0.0,0.28,late,0.0,4.3300109743379477e-10,0,0.0
46734,2025-05-01 05:00:00,58.47085261782716,23.85,95.83,0.0,0.2,late,0.0,3.870013975346871e-11,0,0.0
46735,2025-05-01 06:00:00,57.25124623841582,24.41,94.21,0.35,0.25,late,0.0,3.4465818240500146e-10,0,0.0
46736,2025-05-01 07:00:00,58.43913899569566,25.48,89.41,0.86,0.31,late,0.0,4.1405657748243257e-10,0,0.0
46737,2025-05-01 08:00:00,57.76351255239194,27.32,76.92,1.27,0.33,late,0.0,9.149518300708562e-09,0,0.0
46738,2025-05-01 09:00:00,59.20487919396577,29.51,64.08,1.56,1.19,late,0.0,2.9314776048785507e-09,0,0.0
46739,2025-05-01 10:00:00,61.25845363536951,30.84,58.31,1.82,1.77,late,0.0,1.3720362219055539e-10,0,0.0
46740,2025-05-01 11:00:00,61.40590671198181,31.5,55.77,1.99,1.72,late,0.0,2.2821570240796597e-10,0,0.0
46741,2025-05-01 12:00:00,63.96034332146907,31.81,54.75,2.08,1.47,late,0.0,4.080736049899086e-12,0,0.0
46742,2025-05-01 13:00:00,63.67452330072074,31.68,55.14,1.9,1.14,late,0.0,1.539822753580209e-11,0,0.0
46743,2025-05-01 14:00:00,65.31336470764077,31.02,57.3,1.39,0.86,late,0.0,1.6084730092355362e-12,0,0.0
46744,2025-05-01 15:00:00,63.25688260412965,29.8,62.35,0.83,0.6,late,0.0,9.244679327478652e-11,0,0.0
46745,2025-05-01 16:00:00,63.45963442245269,28.11,71.63,0.34,0.37,late,0.0,1.7751177904367737e-10,0,0.0
46746,2025-05-01 17:00:00,63.9619001804457,26.03,83.87,0.0,0.31,late,0.0,1.9606069668947074e-10,0,0.0
46747,2025-05-01 18:00:00,63.72759095342286,25.01,90.21,0.0,0.44,late,0.0,4.181036949206014e-10,0,0.0
46748,2025-05-01 19:00:00,66.23842011004005,24.51,93.82,0.0,0.64,late,0.0,6.492604997271283e-11,0,0.0
46749,2025-05-01 20:00:00,66.62454133929332,24.31,95.45,0.0,0.95,late,0.0,8.579516295559742e-11,0,0.0
46750,2025-05-01 21:00:00,67.35581385696057,24.2,96.25,0.0,1.27,late,0.0,7.249358027051295e-11,0,0.0
46751,2025-05-01 22:00:00,69.53947933912859,24.1,96.82,0.0,1.54,late,0.0,4.148196202554285e-12,0,0.0
46752,2025-05-01 23:00:00,71.7142415356902,24.06,96.9,0.0,1.77,late,0.0,1.529573436078189e-13,0,0.0
46753,2025-05-02 00:00:00,75.43664080866714,24.02,97.03,0.0,1.83,late,0.0,2.553114279506621e-16,0,0.0
46754,2025-05-02 01:00:00,77.55095422880493,24.02,96.97,0.0,1.99,late,0.0,3.0606493036716916e-18,0,0.0
46755,2025-05-02 02:00:00,79.51666067370846,24.05,96.96,0.0,1.95,late,0.0,2.4972182793583325e-20,0,0.0
46756,2025-05-02 03:00:00,81.78047440918192,24.13,96.95,0.0,1.96,late,0.0,1.0003461668099649e-22,0,0.0
46757,2025-05-02 04:00:00,84.18172884592676,24.27,96.76,0.0,1.84,late,0.0,4.402042223198167e-25,0,0.0
46758,2025-05-02 05:00:00,87.84760426005056,24.33,96.82,0.0,1.64,late,0.0,2.9130963179601934e-28,0,0.0
46759,2025-05-02 06:00:00,88.460592125929,24.73,96.27,0.17,1.78,late,0.0,3.418581023755416e-29,0,0.0
46760,2025-05-02 07:00:00,91.78874729399854,25.44,94.96,0.42,2.12,late,0.0,4.2389400956298424e-32,0,0.0
46761,2025-05-02 08:00:00,94.0625414537879,26.23,91.29,0.75,2.88,late,0.0,3.997383611459616e-34,0,0.0
46762,2025-05-02 09:00:00,96.72672648738452,27.07,85.0,0.9,1.27,late,0.0,2.7457066297238558e-36,0,0.0
46763,2025-05-02 10:00:00,95.52787777258696,27.89,78.58,1.14,1.42,late,0.0,9.151196402891834e-36,0,0.0
46764,2025-05-02 11:00:00,98.38358993178592,28.3,75.29,1.35,1.57,late,0.0,7.497739140715631e-38,0,0.0
46765,2025-05-02 12:00:00,98.58951212428391,28.43,73.67,1.24,1.77,late,0.0,1.2654378067742353e-37,0,0.0
46766,2025-05-02 13:00:00,100.0,28.25,73.34,0.92,2.1,late,0.0,5.309884572551926e-38,0,0.0
46767,2025-05-02 14:00:00,100.0,27.73,74.79,0.56,2.59,late,0.0,3.832922904804123e-37,0,0.0
46768,2025-05-02 15:00:00,98.636965770149,26.95,78.66,0.35,3.27,late,0.0,2.5197104395918777e-35,0,0.0
46769,2025-05-02 16:00:00,99.2548273040757,25.95,84.68,0.16,3.65,late,0.0,5.411333418126676e-35,0,0.0
46770,2025-05-02 17:00:00,100.0,24.78,90.87,0.0,3.65,late,0.0,8.746908822856117e-35,0,0.0
46771,2025-05-02 18:00:00,100.0,24.24,93.68,0.0,2.99,late,0.0,4.339232422453157e-34,0,0.0
46772,2025-05-02 19:00:00,100.0,24.03,94.56,0.0,1.93,late,0.0,1.7986726356806304e-33,0,0.0
46773,2025-05-02 20:00:00,100.0,23.9,95.24,0.0,0.96,late,0.0,5.065683229167303e-33,0,0.0
46774,2025-05-02 21:00:00,99.74486214222962,23.82,95.39,0.0,0.57,late,0.0,1.1733509284964976e-32,0,0.0
46775,2025-05-02 22:00:00,100.0,23.72,95.65,0.0,0.51,late,0.0,8.547946511146079e-33,0,0.0
46776,2025-05-02 23:00:00,99.30867467771074,23.61,95.84,0.0,0.51,late,0.0,2.0963047791087688e-32,0,0.0
46777,2025-05-03 00:00:00,100.0,23.51,95.89,0.0,0.58,late,0.0,3.3599270045621395e-33,0,0.0
46778,2025-05-03 01:00:00,99.50388648635698,23.4,96.04,0.0,0.6,late,0.0,2.1862121729158416e-33,0,0.0
46779,2025-05-03 02:00:00,99.44006451135742,23.28,96.26,0.0,0.6,late,0.0,4.696357506541773e-34,0,0.0
46780,2025-05-03 03:00:00,99.6328000887356,23.18,96.43,0.0,0.6,late,0.0,4.5104792579528437e-35,0,0.0
46781,2025-05-03 04:00:00,99.41178959267552,23.13,96.4,0.0,0.64,late,0.0,9.317770165933967e-36,0,0.0
46782,2025-05-03 05:00:00,100.0,23.09,96.56,0.0,0.61,late,0.0,5.9026565862157464e-37,0,0.0
46783,2025-05-03 06:00:00,98.81911843313344,23.53,95.81,0.16,0.62,late,0.0,8.590936429648477e-37,0,0.0
46784,2025-05-03 07:00:00,100.0,24.37,93.52,0.45,0.73,late,0.0,3.812355745131743e-38,0,0.0
46785,2025-05-03 08:00:00,99.4925868333843,25.46,87.57,0.7,0.86,late,0.0,3.5905397826168225e-38,0,0.0
46786,2025-05-03 09:00:00,100.0,26.7,79.24,1.02,1.41,late,0.0,7.557035136253145e-39,0,0.0
46787,2025-05-03 10:00:00,99.86652440911044,27.49,74.51,1.21,1.55,late,0.0,4.650122415654303e-39,0,0.0
46788,2025-05-03 11:00:00,99.60062281685109,27.98,71.97,1.18,1.65,late,0.0,8.943135536902736e-39,0,0.0
46789,2025-05-03 12:00:00,100.0,27.98,72.0,1.29,1.51,late,0.0,1.069436649914763e-38,0,0.0
46790,2025-05-03 13:00:00,99.7032941659132,27.6,73.56,1.1,1.38,late,0.0,8.342779968259836e-38,0,0.0
46791,2025-05-03 14:00:00,100.0,26.92,76.7,0.75,1.25,late,0.0,4.212067889717092e-37,0,0.0
46792,2025-05-03 15:00:00,100.0,26.17,80.44,0.49,1.09,late,0.0,2.902269183765497e-36,0,0.0
46793,2025-05-03 16:00:00,99.78193267758267,25.22,85.66,0.18,0.94,late,0.0,2.3817154044548548e-35,0,0.0
46794,2025-05-03 17:00:00,98.9936882007322,24.13,90.87,0.0,0.92,late,0.0,4.563770622411598e-34,0,0.0
46795,2025-05-03 18:00:00,99.29428369975057,23.7,93.14,0.0,0.83,late,0.0,1.344795050673301e-33,0,0.0
46796,2025-05-03 19:00:00,100.0,23.5,94.81,0.0,0.79,late,0.0,1.7670356064285765e-33,0,0.0
46797,2025-05-03 20:00:00,100.0,23.47,95.52,0.0,0.78,late,0.0,4.657967857266614e-33,0,0.0
46798,2025-05-03 21:00:00,100.0,23.48,95.7,0.0,0.87,late,0.0,7.247270401140585e-33,0,0.0
46799,2025-05-03 22:00:00,99.54637806362912,23.44,96.08,0.0,1.0,late,0.0,1.6998580170445855e-32,0,0.0
46800,2025-05-03 23:00:00,100.0,23.43,96.11,0.0,1.1,late,0.0,6.675177858915586e-33,0,0.0
46801,2025-05-04 00:00:00,99.30551387623468,23.4,96.13,0.0,1.05,initial,0.0,3.444870641671755e-31,0,0.0
46802,2025-05-04 01:00:00,100.0,23.34,96.1,0.0,1.02,initial,0.0,1.7329894868822798e-32,0,0.0
46803,2025-05-04 02:00:00,100.0,23.26,95.94,0.0,0.93,initial,0.0,2.1795367841296536e-33,0,0.0
46804,2025-05-04 03:00:00,98.95543500271656,23.14,96.08,0.0,0.81,initial,0.0,1.2196658575909662e-33,0,0.0
46805,2025-05-04 04:00:00,99.39321605901982,23.07,95.95,0.0,0.65,initial,0.0,8.896475821717824e-35,0,0.0
46806,2025-05-04 05:00:00,99.6339637003645,22.92,96.02,0.0,0.46,initial,0.0,1.2136394754970673e-35,0,0.0
46807,2025-05-04 06:00:00,100.0,23.43,95.07,0.22,0.41,initial,0.0,2.2878849920604954e-36,0,0.0
46808,2025-05-04 07:00:00,99.64972866265904,24.46,92.44,0.63,0.51,initial,0.0,1.806563661494703e-36,0,0.0
46809,2025-05-04 08:00:00,98.85104847641712,25.57,86.67,1.01,0.43,initial,0.0,2.8491134285855054e-36,0,0.0
46810,2025-05-04 09:00:00,98.36621545190847,26.94,76.58,1.66,0.06,initial,0.0,1.7849121494782867e-36,0,0.0
46811,2025-05-04 10:00:00,98.47444136513722,27.85,70.52,1.87,0.07,initial,0.0,1.0801462555836674e-36,0,0.0
46812,2025-05-04 11:00:00,97.3112205630887,28.35,67.99,2.13,0.06,initial,0.0,7.140213645757948e-36,0,0.0
46813,2025-05-04 12:00:00,98.49771587735358,28.44,67.12,1.95,0.05,initial,0.0,3.3571573736733496e-36,0,0.0
46814,2025-05-04 13:00:00,97.90683993804696,28.35,67.16,1.23,0.03,initial,0.0,9.052946149758881e-35,0,0.0
46815,2025-05-04 14:00:00,96.68721082992496,27.82,68.8,0.89,0.01,initial,0.0,5.281000195155751e-33,0,0.0
46816,2025-05-04 15:00:00,96.00061649167844,26.95,72.21,0.56,0.01,initial,0.0,1.1839553826095684e-31,0,0.0
46817,2025-05-04 16:00:00,96.47538254238546,25.9,77.32,0.2,0.01,initial,0.0,2.9166295816554482e-31,0,0.0
46818,2025-05-04 17:00:00,96.30297404997626,24.61,84.5,0.0,0.03,initial,0.0,2.260898450047108e-30,0,0.0
46819,2025-05-04 18:00:00,95.01598657613228,24.06,87.82,0.0,0.05,initial,0.0,9.814137077090092e-29,0,0.0
46820,2025-05-04 19:00:00,95.21401962382204,23.77,89.86,0.0,0.07,initial,0.0,3.0418642421060546e-28,0,0.0
46821,2025-05-04 20:00:00,96.57056564679353,23.6,91.27,0.0,0.09,initial,0.0,1.0565095765328741e-28,0,0.0
46822,2025-05-04 21:00:00,96.35927448790746,23.47,92.55,0.0,0.11,initial,0.0,2.3408726696082427e-28,0,0.0
46823,2025-05-04 22:00:00,96.79191845874035,23.43,93.25,0.0,0.13,initial,0.0,1.2648813915776674e-28,0,0.0
46824,2025-05-04 23:00:00,95.77769120255236,23.43,93.77,0.0,0.15,initial,0.0,3.5322162923271998e-28,0,0.0
46825,2025-05-05 00:00:00,96.10400216676892,23.41,94.37,0.0,0.17,initial,0.0,5.573521055530871e-29,0,0.0
46826,2025-05-05 01:00:00,97.31394135369388,23.35,94.99,0.0,0.19,initial,0.0,1.2601926873437857e-30,0,0.0
46827,2025-05-05 02:00:00,96.69726295744258,23.28,95.51,0.0,0.24,initial,0.0,3.595506266444867e-31,0,0.0
46828,2025-05-05 03:00:00,96.3643783283561,23.21,95.84,0.0,0.27,initial,0.0,6.374832257285126e-32,0,0.0
46829,2025-05-05 04:00:00,97.40938110006412,23.17,95.97,0.0,0.29,initial,0.0,1.8567737850386134e-33,0,0.0
46830,2025-05-05 05:00:00,98.1537195119254,23.14,96.06,0.0,0.3,initial,0.0,1.3764193511885103e-34,0,0.0
46831,2025-05-05 06:00:00,100.0,23.46,95.37,0.21,0.32,initial,0.0,2.321206267857667e-36,0,0.0
46832,2025-05-05 07:00:00,98.292009036886,24.16,93.8,0.5,0.33,initial,0.0,1.750930480923468e-35,0,0.0
46833,2025-05-05 08:00:00,99.01470813249315,25.09,89.91,0.86,0.34,initial,0.0,2.6856231897706054e-36,0,0.0
46834,2025-05-05 09:00:00,100.0,25.97,85.22,1.16,0.81,initial,0.0,2.532605191382901e-37,0,0.0
46835,2025-05-05 10:00:00,99.1252740489684,26.62,81.58,1.16,0.9,initial,0.0,1.1415873616501895e-36,0,0.0
46836,2025-05-05 11:00:00,100.0,27.07,78.95,1.35,0.96,initial,0.0,4.558683620254179e-37,0,0.0
46837,2025-05-05 12:00:00,99.43121894483409,27.23,77.89,1.33,1.04,initial,0.0,3.064218381748179e-36,0,0.0
46838,2025-05-05 13:00:00,100.0,27.08,78.48,0.9,1.1,initial,0.0,6.902152461440877e-36,0,0.0
46839,2025-05-05 14:00:00,100.0,26.63,80.87,0.64,1.19,initial,0.0,5.096406298383039e-35,0,0.0
46840,2025-05-05 15:00:00,100.0,26.04,84.44,0.37,1.32,initial,0.0,2.8557390791714377e-34,0,0.0
46841,2025-05-05 16:00:00,100.0,25.27,88.71,0.15,1.48,initial,0.0,1.5303672068011842e-33,0,0.0
46842,2025-05-05 17:00:00,99.23910138386628,24.38,92.97,0.0,1.58,initial,0.0,2.6164361545780186e-32,0,0.0
46843,2025-05-05 18:00:00,99.85966335622606,23.97,94.8,0.0,1.54,initial,0.0,5.00942829324141e-32,0,0.0
46844,2025-05-05 19:00:00,99.54771388358672,23.81,95.51,0.0,1.32,initial,0.0,3.1286624388781963e-31,0,0.0
46845,2025-05-05 20:00:00,98.83955623732722,23.75,95.68,0.0,0.99,initial,0.0,3.0545454275499967e-30,0,0.0
46846,2025-05-05 21:00:00,98.29686420179549,23.7,95.78,0.0,0.71,initial,0.0,1.1626436860052974e-29,0,0.0
46847,2025-05-05 22:00:00,99.3356270385982,23.66,95.86,0.0,0.55,initial,0.0,2.3825979763161715e-30,0,0.0
46848,2025-05-05 23:00:00,99.97476258558004,23.6,95.93,0.0,0.44,initial,0.0,5.093367276434104e-31,0,0.0
46849,2025-05-06 00:00:00,100.0,23.49,96.23,0.0,0.36,initial,0.0,1.1741809372738274e-31,0,0.0
46850,2025-05-06 01:00:00,99.40944864654838,23.38,96.37,0.0,0.31,initial,0.0,4.5342027514984055e-32,0,0.0
46851,2025-05-06 02:00:00,100.0,23.21,96.53,0.0,0.29,initial,0.0,2.1572762483627608e-33,0,0.0
46852,2025-05-06 03:00:00,98.6390457464097,22.99,96.67,0.0,0.26,initial,0.0,1.8655692658729445e-33,0,0.0
46853,2025-05-06 04:00:00,99.3596782688184,22.85,96.61,0.0,0.24,initial,0.0,8.431199223225176e-35,0,0.0
46854,2025-05-06 05:00:00,98.0421363991936,22.72,96.51,0.0,0.22,initial,0.0,1.3305967578759966e-34,0,0.0
46855,2025-05-06 06:00:00,100.0,23.41,95.32,0.22,0.25,initial,0.0,2.2984757794968875e-36,0,0.0
46856,2025-05-06 07:00:00,100.0,24.49,92.68,0.61,0.32,initial,0.0,1.0381171829691168e-36,0,0.0
46857,2025-05-06 08:00:00,100.0,25.73,85.86,0.99,0.29,initial,0.0,4.239364394664287e-37,0,0.0
46858,2025-05-06 09:00:00,100.0,27.05,76.19,1.4,0.33,initial,0.0,1.4443882292143232e-37,0,0.0
46859,2025-05-06 10:00:00,100.0,27.92,71.23,1.8,0.4,initial,0.0,9.432686921283229e-38,0,0.0
46860,2025-05-06 11:00:00,99.3323142948732,28.44,68.72,1.72,0.36,initial,0.0,4.412700608995064e-37,0,0.0
46861,2025-05-06 12:00:00,98.5959769321027,28.66,67.38,1.7,0.29,initial,0.0,3.975307682130228e-36,0,0.0
46862,2025-05-06 13:00:00,100.0,28.53,67.56,1.32,0.18,initial,0.0,2.5675837770574713e-36,0,0.0
46863,2025-05-06 14:00:00,97.5323350581535,28.08,69.03,1.01,0.1,initial,0.0,1.2322092896002167e-33,0,0.0
46864,2025-05-06 15:00:00,99.13713176454964,27.28,72.35,0.57,0.04,initial,0.0,6.608559726513574e-34,0,0.0
46865,2025-05-06 16:00:00,97.74585581797515,26.12,78.6,0.23,0.03,initial,0.0,3.9901405618959473e-32,0,0.0
46866,2025-05-06 17:00:00,98.01763788691105,24.58,87.44,0.0,0.03,initial,0.0,1.5953267549621284e-31,0,0.0
46867,2025-05-06 18:00:00,96.55908968697408,23.83,91.74,0.0,0.03,initial,0.0,9.386834558278736e-30,0,0.0
46868,2025-05-06 19:00:00,99.8333214946042,23.5,93.54,0.0,0.04,initial,0.0,1.841003783883358e-31,0,0.0
46869,2025-05-06 20:00:00,97.50267566319552,23.25,94.81,0.0,0.04,initial,0.0,2.3952216616844398e-29,0,0.0
46870,2025-05-06 21:00:00,97.33487766533608,23.08,95.75,0.0,0.07,initial,0.0,4.628370447541791e-29,0,0.0
46871,2025-05-06 22:00:00,98.44715680730982,22.91,96.61,0.0,0.09,initial,0.0,8.308308513179139e-30,0,0.0
46872,2025-05-06 23:00:00,97.6424888603993,22.75,97.51,0.0,0.12,initial,0.0,1.629172132959214e-29,0,0.0
46873,2025-05-07 00:00:00,98.69802799898476,22.58,98.22,0.0,0.16,initial,0.0,7.063003254852871e-31,0,0.0
46874,2025-05-07 01:00:00,97.62467481505496,22.57,98.26,0.0,0.22,initial,0.0,5.704274173516273e-31,0,0.0
46875,2025-05-07 02:00:00,99.09994679192732,22.58,98.11,0.0,0.28,initial,0.0,6.985992990449107e-33,0,0.0
46876,2025-05-07 03:00:00,98.9134277149043,22.6,97.87,0.0,0.33,initial,0.0,1.0367848290469358e-33,0,0.0
46877,2025-05-07 04:00:00,99.23180689223778,22.62,97.76,0.0,0.37,initial,0.0,9.271784978137652e-35,0,0.0
46878,2025-05-07 05:00:00,99.24693988682816,22.62,97.63,0.0,0.37,initial,0.0,2.0397735737570388e-35,0,0.0
46879,2025-05-07 06:00:00,100.0,23.21,96.46,0.38,0.35,initial,0.0,2.5223028560373625e-36,0,0.0
46880,2025-05-07 07:00:00,99.71968194171896,24.11,94.35,0.97,0.32,initial,0.0,1.4699950310732599e-36,0,0.0
46881,2025-05-07 08:00:00,99.852891545521,25.28,89.57,1.58,0.34,initial,0.0,3.4342377541725082e-37,0,0.0
46882,2025-05-07 09:00:00,100.0,26.87,81.18,1.91,0.96,initial,0.0,1.1574891230835864e-37,0,0.0
46883,2025-05-07 10:00:00,100.0,28.26,74.56,1.76,0.73,initial,0.0,1.1886700370971103e-37,0,0.0
46884,2025-05-07 11:00:00,99.26139706200344,29.19,70.59,1.83,0.52,initial,0.0,4.386106848405287e-37,0,0.0
46885,2025-05-07 12:00:00,99.96772895531656,29.73,68.14,1.6,0.36,initial,0.0,4.18633423951498e-37,0,0.0
46886,2025-05-07 13:00:00,98.72715437220884,29.82,67.24,1.37,0.24,initial,0.0,1.8287856472235477e-35,0,0.0
46887,2025-05-07 14:00:00,98.91754140956776,29.45,68.38,1.09,0.16,initial,0.0,1.1002911387598168e-34,0,0.0
46888,2025-05-07 15:00:00,99.58309090445186,28.52,72.77,0.64,0.09,initial,0.0,3.1275960651664767e-34,0,0.0
46889,2025-05-07 16:00:00,96.62478614065762,27.27,80.04,0.25,0.08,initial,0.0,2.5052954528113734e-31,0,0.0
46890,2025-05-07 17:00:00,97.6678195374412,25.56,89.26,0.0,0.06,initial,0.0,3.0387599226899016e-31,0,0.0
46891,2025-05-07 18:00:00,98.30856214897082,24.88,92.14,0.0,0.07,initial,0.0,5.737151917184139e-31,0,0.0
46892,2025-05-07 19:00:00,98.9106214364675,24.43,94.22,0.0,0.09,initial,0.0,9.129273051653041e-31,0,0.0
46893,2025-05-07 20:00:00,99.76942458379698,24.03,95.99,0.0,0.15,initial,0.0,7.070902645433191e-31,0,0.0
46894,2025-05-07 21:00:00,97.77329802426274,23.76,96.94,0.0,0.27,initial,0.0,2.702505872174275e-29,0,0.0
46895,2025-05-07 22:00:00,100.0,23.57,97.56,0.0,0.37,initial,0.0,8.21045444451227e-31,0,0.0
46896,2025-05-07 23:00:00,100.0,23.49,97.56,0.0,0.46,initial,0.0,4.8392744949819965e-31,0,0.0
46897,2025-05-08 00:00:00,99.80749749871036,23.35,97.78,0.0,0.55,initial,0.0,1.55390921245783e-31,0,0.0
46898,2025-05-08 01:00:00,98.82477172579996,23.19,98.02,0.0,0.64,initial,0.0,1.0976355454297333e-31,0,0.0
46899,2025-05-08 02:00:00,99.54205086065068,23.16,98.0,0.0,0.66,initial,0.0,4.407361992416365e-33,0,0.0
46900,2025-05-08 03:00:00,100.0,23.06,98.03,0.0,0.62,initial,0.0,2.536006609444377e-34,0,0.0
46901,2025-05-08 04:00:00,100.0,22.99,97.96,0.0,0.49,initial,0.0,3.597464302731473e-35,0,0.0
46902,2025-05-08 05:00:00,99.85535448534787,22.95,97.96,0.0,0.35,initial,0.0,8.903183540169106e-36,0,0.0
46903,2025-05-08 06:00:00,99.2228154099221,23.93,96.74,0.32,0.28,initial,0.0,1.0420585402167544e-35,0,0.0
46904,2025-05-08 07:00:00,100.0,25.04,94.0,0.8,0.38,initial,0.0,1.0499646739141758e-36,0,0.0
46905,2025-05-08 08:00:00,99.84948040972408,26.11,87.77,1.32,0.24,initial,0.0,4.533144825106252e-37,0,0.0
46906,2025-05-08 09:00:00,99.5246967222059,27.53,77.95,1.59,0.17,initial,0.0,3.056797629875297e-37,0,0.0
46907,2025-05-08 10:00:00,99.27742782466358,28.53,71.21,1.68,0.17,initial,0.0,3.550129141664224e-37,0,0.0
46908,2025-05-08 11:00:00,98.39845273363474,29.1,68.06,1.81,0.16,initial,0.0,1.647717361755687e-36,0,0.0
46909,2025-05-08 12:00:00,97.750909403604,29.36,66.36,1.71,0.12,initial,0.0,1.3620654476203403e-35,0,0.0
46910,2025-05-08 13:00:00,96.67356422388916,29.3,66.18,1.35,0.1,initial,0.0,5.66001473149968e-34,0,0.0
46911,2025-05-08 14:00:00,96.9082293402298,28.9,67.52,1.1,0.07,initial,0.0,3.0249536957720958e-33,0,0.0
46912,2025-05-08 15:00:00,95.59592381739702,28.13,70.84,0.69,0.08,initial,0.0,2.0699135647171962e-31,0,0.0
46913,2025-05-08 16:00:00,97.20636136109022,26.83,78.5,0.27,0.09,initial,0.0,9.350406470563793e-32,0,0.0
46914,2025-05-08 17:00:00,96.27498370777214,25.2,88.5,0.0,0.13,initial,0.0,2.699411118158836e-30,0,0.0
46915,2025-05-08 18:00:00,96.75774951014137,24.59,92.25,0.0,0.21,initial,0.0,7.238790298811288e-30,0,0.0
46916,2025-05-08 19:00:00,97.36688292980617,24.24,95.05,0.0,0.26,initial,0.0,1.0941957150402748e-29,0,0.0
46917,2025-05-08 20:00:00,97.2298373624019,24.02,96.68,0.0,0.38,initial,0.0,4.149091062618943e-29,0,0.0
46918,2025-05-08 21:00:00,97.48158757386967,23.87,97.15,0.0,0.44,initial,0.0,4.393734809333286e-29,0,0.0
46919,2025-05-08 22:00:00,99.21155171897342,23.62,97.44,0.0,0.49,initial,0.0,2.90488155364483e-30,0,0.0
46920,2025-05-08 23:00:00,100.0,23.34,97.49,0.0,0.49,initial,0.0,4.629954238567075e-31,0,0.0
46921,2025-05-09 00:00:00,100.0,23.06,97.66,0.0,0.47,initial,0.0,1.036590732955266e-31,0,0.0
46922,2025-05-09 01:00:00,100.0,22.78,97.98,0.0,0.42,initial,0.0,1.4437888688717272e-32,0,0.0
46923,2025-05-09 02:00:00,98.9612505996346,22.47,98.24,0.0,0.41,initial,0.0,8.24893126496635e-33,0,0.0
46924,2025-05-09 03:00:00,99.8468296115142,22.19,98.38,0.0,0.32,initial,0.0,2.0489796447139126e-34,0,0.0
46925,2025-05-09 04:00:00,99.84159688031836,22.0,98.24,0.0,0.26,initial,0.0,2.668868594797203e-35,0,0.0
46926,2025-05-09 05:00:00,100.0,21.83,98.29,0.0,0.17,initial,0.0,4.428764505979021e-36,0,0.0
46927,2025-05-09 06:00:00,100.0,22.99,97.09,0.32,0.16,initial,0.0,2.34015360666318e-36,0,0.0
46928,2025-05-09 07:00:00,99.86869046637533,24.3,94.14,0.64,0.22,initial,0.0,1.3462583594956941e-36,0,0.0
46929,2025-05-09 08:00:00,98.1693099648448,25.62,87.74,1.03,0.27,initial,0.0,9.131175081858769e-36,0,0.0
46930,2025-05-09 09:00:00,99.01571202768514,27.21,77.54,1.62,0.33,initial,0.0,6.672698021445871e-37,0,0.0
46931,2025-05-09 10:00:00,100.0,28.48,70.43,2.1,0.41,initial,0.0,5.956407013648429e-38,0,0.0
46932,2025-05-09 11:00:00,99.64417258340173,29.23,66.64,2.38,0.53,initial,0.0,8.437979457130652e-38,0,0.0
46933,2025-05-09 12:00:00,99.86078004496316,29.56,65.14,2.14,0.57,initial,0.0,1.9863994047532824e-37,0,0.0
46934,2025-05-09 13:00:00,100.0,29.4,65.8,1.69,0.55,initial,0.0,1.4164792593363296e-36,0,0.0
46935,2025-05-09 14:00:00,100.0,28.83,68.34,1.45,0.39,initial,0.0,1.4190483699789933e-35,0,0.0
46936,2025-05-09 15:00:00,99.20165169321372,27.89,73.44,0.83,0.31,initial,0.0,5.996462432870801e-34,0,0.0
46937,2025-05-09 16:00:00,100.0,26.66,81.66,0.29,0.21,initial,0.0,1.1842678357576955e-33,0,0.0
46938,2025-05-09 17:00:00,100.0,24.94,90.98,0.0,0.11,initial,0.0,7.408643688380089e-33,0,0.0
46939,2025-05-09 18:00:00,100.0,24.26,93.89,0.0,0.06,initial,0.0,3.8473537026075606e-32,0,0.0
46940,2025-05-09 19:00:00,99.43346265656558,23.87,95.61,0.0,0.05,initial,0.0,3.793048645438288e-31,0,0.0
46941,2025-05-09 20:00:00,100.0,23.6,96.69,0.0,0.11,initial,0.0,4.713230678174311e-31,0,0.0
46942,2025-05-09 21:00:00,100.0,23.55,96.77,0.0,0.2,initial,0.0,7.641918038656007e-31,0,0.0
46943,2025-05-09 22:00:00,100.0,23.57,96.84,0.0,0.31,initial,0.0,8.17982149758906e-31,0,0.0
46944,2025-05-09 23:00:00,99.80064555844314,23.61,96.98,0.0,0.38,initial,0.0,6.808955855602676e-31,0,0.0
46945,2025-05-10 00:00:00,98.61563273901982,23.67,96.82,0.0,0.43,initial,0.0,1.1421459982099887e-30,0,0.0
46946,2025-05-10 01:00:00,99.30793875426517,23.67,96.66,0.0,0.35,initial,0.0,5.944044779528547e-32,0,0.0
46947,2025-05-10 02:00:00,99.4437377927489,23.66,96.29,0.0,0.35,initial,0.0,6.204711976344487e-33,0,0.0
46948,2025-05-10 03:00:00,98.99089885598062,23.55,96.14,0.0,0.27,initial,0.0,1.424987272989386e-33,0,0.0
46949,2025-05-10 04:00:00,100.0,23.34,96.09,0.0,0.24,initial,0.0,4.1306421688148194e-35,0,0.0
46950,2025-05-10 05:00:00,100.0,23.0,96.02,0.0,0.16,initial,0.0,6.993853230356635e-36,0,0.0
46951,2025-05-10 06:00:00,99.66461978890348,23.47,94.92,0.42,0.14,initial,0.0,4.444463783557119e-36,0,0.0
46952,2025-05-10 07:00:00,98.23703725060795,24.57,91.27,1.09,0.2,initial,0.0,1.401181613889222e-35,0,0.0
46953,2025-05-10 08:00:00,99.68263792381812,26.03,82.57,2.01,0.11,initial,0.0,2.4679581818534932e-37,0,0.0
46954,2025-05-10 09:00:00,99.52467709974964,27.73,68.97,2.36,0.03,initial,0.0,9.048120796639288e-38,0,0.0
46955,2025-05-10 10:00:00,98.8842597610214,28.77,62.38,3.01,0.03,initial,0.0,6.34362900174388e-38,0,0.0
46956,2025-05-10 11:00:00,97.48396767311068,29.34,59.66,2.76,0.03,initial,0.0,1.1625920880103526e-36,0,0.0
46957,2025-05-10 12:00:00,96.40156021475929,29.63,58.24,2.45,0.02,initial,0.0,2.6236207285277934e-35,0,0.0
46958,2025-05-10 13:00:00,97.40389247705336,29.58,57.95,2.13,0.02,initial,0.0,3.4282199767702357e-35,0,0.0
46959,2025-05-10 14:00:00,96.36483361984644,29.21,58.89,1.51,0.01,initial,0.0,3.101677463027659e-33,0,0.0
46960,2025-05-10 15:00:00,95.0416163119842,28.38,62.73,0.89,0.01,initial,0.0,2.9916515417949777e-31,0,0.0
46961,2025-05-10 16:00:00,94.03799134918177,26.99,70.94,0.35,0.01,initial,0.0,1.100080826888576e-29,0,0.0
46962,2025-05-10 17:00:00,95.24308960867184,25.17,81.46,0.0,0.01,initial,0.0,1.0600631394401268e-29,0,0.0
46963,2025-05-10 18:00:00,94.3719678651836,24.28,86.7,0.0,0.02,initial,0.0,2.6065567162727183e-28,0,0.0
46964,2025-05-10 19:00:00,95.4211579529463,23.73,89.85,0.0,0.02,initial,0.0,2.168331231768733e-28,0,0.0
46965,2025-05-10 20:00:00,95.27877335679824,23.21,92.75,0.0,0.03,initial,0.0,7.976568295766834e-28,0,0.0
46966,2025-05-10 21:00:00,96.86403087570012,22.77,95.2,0.0,0.04,initial,0.0,9.076009688124325e-29,0,0.0
46967,2025-05-10 22:00:00,95.17768239012833,22.39,97.12,0.0,0.03,initial,0.0,1.3531573497050578e-27,0,0.0
46968,2025-05-10 23:00:00,96.86561132842648,22.07,98.38,0.0,0.02,initial,0.0,4.6610275869073713e-29,0,0.0
46969,2025-05-11 00:00:00,95.3555344576489,21.84,98.94,0.0,0.02,initial,0.0,1.072218833995711e-28,0,0.0
46970,2025-05-11 01:00:00,94.78146282703509,21.65,99.31,0.0,0.02,initial,0.0,3.291943048957516e-29,0,0.0
46971,2025-05-11 02:00:00,94.49561863831543,21.46,99.88,0.0,0.02,initial,0.0,4.528292706120584e-30,0,0.0
46972,2025-05-11 03:00:00,94.66338076378716,21.27,100.0,0.0,0.02,initial,0.0,3.321494885380937e-31,0,0.0
46973,2025-05-11 04:00:00,95.73326813619823,21.2,100.0,0.0,0.02,initial,0.0,8.953430135071779e-33,0,0.0
46974,2025-05-11 05:00:00,95.51833195116303,21.3,100.0,0.0,0.02,initial,0.0,2.9628918943164115e-33,0,0.0
46975,2025-05-11 06:00:00,93.981592461773,22.97,95.67,0.28,0.03,initial,0.0,3.042181961925303e-32,0,0.0
46976,2025-05-11 07:00:00,96.16208667921906,24.78,88.89,0.63,0.05,initial,0.0,4.746143898966363e-34,0,0.0
46977,2025-05-11 08:00:00,96.3134041071728,26.3,79.38,0.99,0.09,initial,0.0,1.4042143114565396e-34,0,0.0
46978,2025-05-11 09:00:00,93.4784982083933,27.81,69.86,1.32,0.23,initial,0.0,6.603953831217987e-33,0,0.0
46979,2025-05-11 10:00:00,95.61400171983884,28.78,64.79,1.47,0.33,initial,0.0,1.438821246777327e-34,0,0.0
46980,2025-05-11 11:00:00,96.0824584288736,29.34,62.09,1.66,0.45,initial,0.0,6.461749424939679e-35,0,0.0
46981,2025-05-11 12:00:00,93.09598068975856,29.61,60.53,1.82,0.36,initial,0.0,1.8175478530820747e-32,0,0.0
46982,2025-05-11 13:00:00,93.91562365871198,29.44,60.65,1.51,0.31,initial,0.0,3.119441922878339e-32,0,0.0
46983,2025-05-11 14:00:00,93.3316484013279,28.85,62.56,1.3,0.23,initial,0.0,7.912448647900857e-31,0,0.0
46984,2025-05-11 15:00:00,94.51605323755156,27.6,68.06,0.72,0.15,initial,0.0,1.1004824641418566e-30,0,0.0
46985,2025-05-11 16:00:00,93.22860840912976,26.24,75.8,0.27,0.12,initial,0.0,5.186722858484462e-29,0,0.0
46986,2025-05-11 17:00:00,93.16516068959486,24.49,85.14,0.0,0.11,initial,0.0,3.3547473670976514e-28,0,0.0
46987,2025-05-11 18:00:00,93.97832346934511,23.72,88.74,0.0,0.09,initial,0.0,5.3069170407438035e-28,0,0.0
46988,2025-05-11 19:00:00,94.97650600177356,23.21,90.74,0.0,0.07,initial,0.0,4.234133354084554e-28,0,0.0
46989,2025-05-11 20:00:00,93.76699441014094,22.82,92.04,0.0,0.07,initial,0.0,8.150011058807075e-27,0,0.0
46990,2025-05-11 21:00:00,93.52722348720776,22.55,93.0,0.0,0.07,initial,0.0,1.699260267224697e-26,0,0.0
46991,2025-05-11 22:00:00,93.76382827813964,22.35,94.06,0.0,0.07,initial,0.0,1.2520755152483999e-26,0,0.0
46992,2025-05-11 23:00:00,94.60532617981433,22.2,95.06,0.0,0.07,initial,0.0,1.6393196203154995e-27,0,0.0
46993,2025-05-12 00:00:00,93.0887043429153,22.1,95.75,0.0,0.06,initial,0.0,4.084543546025114e-27,0,0.0
46994,2025-05-12 01:00:00,94.24065997467666,22.13,96.11,0.0,0.08,initial,0.0,8.803012841225532e-29,0,0.0
46995,2025-05-12 02:00:00,93.64112176589929,22.18,96.38,0.0,0.11,initial,0.0,2.1876704833558774e-29,0,0.0
46996,2025-05-12 03:00:00,93.57891254154528,22.29,96.55,0.0,0.12,initial,0.0,2.6964930768819166e-30,0,0.0
46997,2025-05-12 04:00:00,93.1355676463328,22.34,96.73,0.0,0.12,initial,0.0,7.713595659214314e-31,0,0.0
46998,2025-05-12 05:00:00,94.42931795680931,22.36,97.01,0.0,0.12,initial,0.0,2.5285066600383125e-32,0,0.0
46999,2025-05-12 06:00:00,95.85429313474243,23.11,95.89,0.23,0.12,initial,0.0,1.666185705833008e-33,0,0.0
47000,2025-05-12 07:00:00,93.54074458491436,24.25,93.34,0.63,0.25,initial,0.0,3.8802353064815385e-32,0,0.0
47001,2025-05-12 08:00:00,95.49592075703734,25.45,87.02,1.05,0.22,initial,0.0,7.093042599778091e-34,0,0.0
47002,2025-05-12 09:00:00,94.48585017936148,27.03,75.92,1.46,0.34,initial,0.0,1.3707441554722684e-33,0,0.0
47003,2025-05-12 10:00:00,94.20158660992196,28.23,68.76,1.86,0.51,initial,0.0,1.2176528715773049e-33,0,0.0
47004,2025-05-12 11:00:00,95.30671439569464,28.77,65.39,2.21,0.51,initial,0.0,1.4501115803163535e-34,0,0.0
47005,2025-05-12 12:00:00,95.9736603920286,28.98,63.29,2.15,0.46,initial,0.0,1.2357384341148921e-34,0,0.0
47006,2025-05-12 13:00:00,95.97791268349344,28.83,62.77,2.11,0.41,initial,0.0,5.734304681535048e-34,0,0.0
47007,2025-05-12 14:00:00,94.76636166245444,28.26,63.74,1.74,0.28,initial,0.0,5.109993947583115e-32,0,0.0
47008,2025-05-12 15:00:00,94.30134711098952,27.25,67.62,1.13,0.24,initial,0.0,1.41952706032255e-30,0,0.0
47009,2025-05-12 16:00:00,94.5676138384459,25.76,75.72,0.42,0.19,initial,0.0,6.441648802639838e-30,0,0.0
47010,2025-05-12 17:00:00,96.22207989830464,23.97,85.94,0.0,0.13,initial,0.0,2.685669051183453e-30,0,0.0
47011,2025-05-12 18:00:00,94.14386611187062,23.22,90.35,0.0,0.11,initial,0.0,3.825126448862796e-28,0,0.0
47012,2025-05-12 19:00:00,95.43595988862488,22.82,92.85,0.0,0.12,initial,0.0,2.010292551588923e-28,0,0.0
47013,2025-05-12 20:00:00,94.2291119494474,22.57,94.48,0.0,0.14,initial,0.0,3.83382634193055e-27,0,0.0
47014,2025-05-12 21:00:00,94.21350688601466,22.41,95.53,0.0,0.14,initial,0.0,5.631725610946146e-27,0,0.0
47015,2025-05-12 22:00:00,96.51813036054708,22.37,95.84,0.0,0.18,initial,0.0,1.5789802439228805e-28,0,0.0
47016,2025-05-12 23:00:00,95.39263594058858,22.44,95.68,0.0,0.23,initial,0.0,5.093560315741749e-28,0,0.0
47017,2025-05-13 00:00:00,95.94516327169929,22.38,96.13,0.0,0.3,initial,0.0,5.118738959586962e-29,0,0.0
47018,2025-05-13 01:00:00,96.69056843608593,22.36,96.31,0.0,0.39,initial,0.0,2.2807997782582968e-30,0,0.0
47019,2025-05-13 02:00:00,96.113890965715,22.28,96.5,0.0,0.46,initial,0.0,5.449426933017565e-31,0,0.0
47020,2025-05-13 03:00:00,97.08989155660647,22.16,96.6,0.0,0.49,initial,0.0,1.2393278008021425e-32,0,0.0
47021,2025-05-13 04:00:00,97.56437258882272,22.05,96.66,0.0,0.51,initial,0.0,8.089720119867227e-34,0,0.0
47022,2025-05-13 05:00:00,98.94375241107612,22.03,96.62,0.0,0.48,initial,0.0,2.354381047164494e-35,0,0.0
47023,2025-05-13 06:00:00,99.60881823200069,22.72,95.71,0.24,0.51,initial,0.0,3.653017176426962e-36,0,0.0
47024,2025-05-13 07:00:00,99.51959055506612,23.85,93.32,0.64,0.72,initial,0.0,2.2182094193243735e-36,0,0.0
47025,2025-05-13 08:00:00,100.0,25.15,87.02,1.13,0.48,initial,0.0,3.6324319852453454e-37,0,0.0
47026,2025-05-13 09:00:00,99.94988562632028,26.66,76.26,1.76,0.36,initial,0.0,1.112883698902232e-37,0,0.0
47027,2025-05-13 10:00:00,99.8433267855262,27.71,69.61,2.1,0.3,initial,0.0,7.966863239227287e-38,0,0.0
47028,2025-05-13 11:00:00,100.0,28.23,66.67,2.26,0.27,initial,0.0,6.343954802311235e-38,0,0.0
47029,2025-05-13 12:00:00,98.35661673583212,28.42,65.49,2.17,0.23,initial,0.0,2.836272133475713e-36,0,0.0
47030,2025-05-13 13:00:00,98.19911264377924,28.24,65.64,1.88,0.17,initial,0.0,2.5629297528780846e-35,0,0.0
47031,2025-05-13 14:00:00,98.43352663330155,27.72,67.08,1.51,0.14,initial,0.0,1.8122967310168646e-34,0,0.0
47032,2025-05-13 15:00:00,96.68388820752898,26.84,70.36,0.95,0.11,initial,0.0,3.28726090681404e-32,0,0.0
47033,2025-05-13 16:00:00,97.4113026272101,25.53,77.19,0.37,0.06,initial,0.0,6.662162216187659e-32,0,0.0
47034,2025-05-13 17:00:00,99.15442876227311,23.88,86.38,0.0,0.07,initial,0.0,2.3138181388617579e-32,0,0.0
47035,2025-05-13 18:00:00,99.05191631694662,23.22,89.32,0.0,0.06,initial,0.0,1.417763599308668e-31,0,0.0
47036,2025-05-13 19:00:00,98.3565003756974,22.82,91.05,0.0,0.04,initial,0.0,1.7319239976535444e-30,0,0.0
47037,2025-05-13 20:00:00,98.64742930088283,22.56,92.27,0.0,0.05,initial,0.0,3.2184493226875766e-30,0,0.0
47038,2025-05-13 21:00:00,98.2209321110996,22.4,93.38,0.0,0.1,initial,0.0,9.749069593150824e-30,0,0.0
47039,2025-05-13 22:00:00,97.66851522036734,22.33,94.15,0.0,0.15,initial,0.0,2.4775013621506352e-29,0,0.0
47040,2025-05-13 23:00:00,99.51608875877152,22.16,94.98,0.0,0.15,initial,0.0,6.963785482359678e-31,0,0.0
47041,2025-05-14 00:00:00,97.60466778939416,21.99,95.55,0.0,0.13,initial,0.0,3.1135332376363114e-30,0,0.0
47042,2025-05-14 01:00:00,99.2884967504337,21.73,96.09,0.0,0.12,initial,0.0,2.9612283103666474e-32,0,0.0
47043,2025-05-14 02:00:00,98.2313760437666,21.52,96.4,0.0,0.1,initial,0.0,1.465989205708047e-32,0,0.0
47044,2025-05-14 03:00:00,98.39204801187437,21.31,96.6,0.0,0.09,initial,0.0,1.0856145863495584e-33,0,0.0
47045,2025-05-14 04:00:00,99.2696560659178,21.14,96.78,0.0,0.07,initial,0.0,3.789526917946246e-35,0,0.0
47046,2025-05-14 05:00:00,100.0,21.02,96.71,0.0,0.05,initial,0.0,2.7680122327463606e-36,0,0.0
47047,2025-05-14 06:00:00,100.0,22.19,94.86,0.27,0.06,initial,0.0,1.6547990731646793e-36,0,0.0
47048,2025-05-14 07:00:00,99.30213740567046,23.61,91.39,0.69,0.18,initial,0.0,2.7806134225163128e-36,0,0.0
47049,2025-05-14 08:00:00,98.8903215517192,25.01,84.05,1.04,0.11,initial,0.0,2.1774808354522174e-36,0,0.0
47050,2025-05-14 09:00:00,99.58798636411768,26.69,72.42,1.62,0.47,initial,0.0,1.918235926246036e-37,0,0.0
47051,2025-05-14 10:00:00,99.9732753183992,27.78,66.31,1.94,0.39,initial,0.0,6.394814344053699e-38,0,0.0
47052,2025-05-14 11:00:00,97.18788175194652,28.38,63.5,2.11,0.28,initial,0.0,6.828323256754195e-36,0,0.0
47053,2025-05-14 12:00:00,98.05000924667183,28.64,62.14,2.01,0.17,initial,0.0,4.653623404968147e-36,0,0.0
47054,2025-05-14 13:00:00,96.82485350938038,28.51,62.12,1.89,0.12,initial,0.0,1.9114144663836493e-34,0,0.0
47055,2025-05-14 14:00:00,97.01019559654598,28.04,63.23,1.45,0.07,initial,0.0,1.6066525818256795e-33,0,0.0
47056,2025-05-14 15:00:00,95.75159785863082,27.25,65.65,0.85,0.03,initial,0.0,1.2005186302746265e-31,0,0.0
47057,2025-05-14 16:00:00,95.02196162576544,25.96,71.34,0.32,0.03,initial,0.0,2.378257718422917e-30,0,0.0
47058,2025-05-14 17:00:00,95.27881667508971,24.05,81.72,0.0,0.03,initial,0.0,1.048701419034435e-29,0,0.0
47059,2025-05-14 18:00:00,95.928911278327,23.32,86.0,0.0,0.03,initial,0.0,2.003220301520445e-29,0,0.0
47060,2025-05-14 19:00:00,96.87845375935598,22.8,89.15,0.0,0.03,initial,0.0,1.794151298477492e-29,0,0.0
47061,2025-05-14 20:00:00,95.79559794531752,22.53,91.08,0.0,0.03,initial,0.0,3.0348739439837277e-28,0,0.0
47062,2025-05-14 21:00:00,95.7916539607539,22.32,92.68,0.0,0.03,initial,0.0,4.441237708474388e-28,0,0.0
47063,2025-05-14 22:00:00,96.8632909326248,22.13,93.76,0.0,0.05,initial,0.0,8.560183018356458e-29,0,0.0
47064,2025-05-14 23:00:00,96.8761488052523,21.98,94.42,0.0,0.08,initial,0.0,4.220423933555274e-29,0,0.0
47065,2025-05-15 00:00:00,98.1209664276778,21.8,95.22,0.0,0.09,initial,0.0,1.2677084339091557e-30,0,0.0
47066,2025-05-15 01:00:00,97.63196667579038,21.62,95.91,0.0,0.1,initial,0.0,3.8557252201590945e-31,0,0.0
47067,2025-05-15 02:00:00,96.2259980258344,21.45,96.54,0.0,0.13,initial,0.0,3.017561720933214e-31,0,0.0
47068,2025-05-15 03:00:00,96.74776401009788,21.36,96.81,0.0,0.19,initial,0.0,1.3525368621024766e-32,0,0.0
47069,2025-05-15 04:00:00,98.16890192278068,21.34,96.88,0.0,0.23,initial,0.0,2.2192301364888394e-34,0,0.0
47070,2025-05-15 05:00:00,97.09997696454587,21.36,96.99,0.0,0.19,initial,0.0,2.6309039639414397e-34,0,0.0
47071,2025-05-15 06:00:00,97.83724525359948,22.61,95.04,0.3,0.23,initial,0.0,6.150129877057465e-35,0,0.0
47072,2025-05-15 07:00:00,97.13104427332487,24.11,91.8,0.8,0.46,initial,0.0,9.701477080870828e-35,0,0.0
47073,2025-05-15 08:00:00,97.62122401042409,25.61,83.71,1.22,0.4,initial,0.0,1.6124405413966354e-35,0,0.0
47074,2025-05-15 09:00:00,99.44076038247272,26.96,73.49,1.48,0.19,initial,0.0,2.9868614311513977e-37,0,0.0
47075,2025-05-15 10:00:00,98.16544073227467,28.21,66.78,1.8,0.14,initial,0.0,1.5636959636771945e-36,0,0.0
47076,2025-05-15 11:00:00,97.01039948721127,28.99,63.14,2.16,0.1,initial,0.0,7.69493468385735e-36,0,0.0
47077,2025-05-15 12:00:00,96.55704132461982,29.27,61.49,2.11,0.08,initial,0.0,4.234027215285717e-35,0,0.0
47078,2025-05-15 13:00:00,97.76450251908796,29.1,61.79,1.73,0.07,initial,0.0,4.4488222429052803e-35,0,0.0
47079,2025-05-15 14:00:00,95.36524135764782,28.55,63.32,1.41,0.06,initial,0.0,2.5638987281654303e-32,0,0.0
47080,2025-05-15 15:00:00,95.86111937777125,27.69,66.46,0.92,0.05,initial,0.0,1.0261169816035235e-31,0,0.0
47081,2025-05-15 16:00:00,95.89671194115049,26.34,73.02,0.36,0.04,initial,0.0,6.284563349432704e-31,0,0.0
47082,2025-05-15 17:00:00,96.2207079535238,24.61,82.69,0.0,0.03,initial,0.0,2.3652139658571102e-30,0,0.0
47083,2025-05-15 18:00:00,94.43388094789653,23.86,87.18,0.0,0.04,initial,0.0,2.4463145784943347e-28,0,0.0
47084,2025-05-15 19:00:00,94.05767713729492,23.32,90.56,0.0,0.05,initial,0.0,1.884759484781774e-27,0,0.0
47085,2025-05-15 20:00:00,94.36929221124224,22.97,92.71,0.0,0.06,initial,0.0,3.2389678537469724e-27,0,0.0
47086,2025-05-15 21:00:00,95.92455588201932,22.75,94.21,0.0,0.07,initial,0.0,3.977489240758237e-28,0,0.0
47087,2025-05-15 22:00:00,97.00825562125634,22.56,95.75,0.0,0.06,initial,0.0,7.512274703702107e-29,0,0.0
47088,2025-05-15 23:00:00,96.08986552507878,22.39,96.95,0.0,0.05,initial,0.0,1.699580383497627e-28,0,0.0
47089,2025-05-16 00:00:00,95.03713415988682,22.26,97.68,0.0,0.07,initial,0.0,2.0657427579219575e-28,0,0.0
47090,2025-05-16 01:00:00,96.63999186716418,22.29,97.74,0.0,0.1,initial,0.0,2.4073682070090775e-30,0,0.0
47091,2025-05-16 02:00:00,95.45195427078036,22.31,97.76,0.0,0.11,initial,0.0,1.5753442171354275e-30,0,0.0
47092,2025-05-16 03:00:00,95.34936629546272,22.26,98.03,0.0,0.15,initial,0.0,1.9029578768628812e-31,0,0.0
47093,2025-05-16 04:00:00,95.9870864865094,22.25,98.05,0.0,0.19,initial,0.0,1.0212507722960597e-32,0,0.0
47094,2025-05-16 05:00:00,96.01233269745806,22.27,98.02,0.0,0.18,initial,0.0,2.2844064504322004e-33,0,0.0
47095,2025-05-16 06:00:00,96.15321399928204,23.07,96.27,0.29,0.19,initial,0.0,1.0720998355436736e-33,0,0.0
47096,2025-05-16 07:00:00,97.85676226514744,24.16,93.14,0.69,0.27,initial,0.0,3.352841662984216e-35,0,0.0
47097,2025-05-16 08:00:00,96.43276760631646,25.39,86.4,1.16,0.24,initial,0.0,1.3363108199751192e-34,0,0.0
47098,2025-05-16 09:00:00,95.22825113389706,26.95,76.14,1.61,0.1,initial,0.0,3.4828477092700935e-34,0,0.0
47099,2025-05-16 10:00:00,96.53832818355122,28.15,68.6,1.92,0.12,initial,0.0,2.2876969819626252e-35,0,0.0
47100,2025-05-16 11:00:00,94.82324686796632,28.73,65.53,1.97,0.13,initial,0.0,4.593278525584405e-34,0,0.0
47101,2025-05-16 12:00:00,94.36859815913712,28.95,64.49,2.16,0.15,initial,0.0,1.909739317847799e-33,0,0.0
47102,2025-05-16 13:00:00,95.184828066417,28.82,64.62,1.73,0.13,initial,0.0,4.025862669735237e-33,0,0.0
47103,2025-05-16 14:00:00,93.57754224763455,28.26,66.19,1.24,0.09,initial,0.0,7.033748984137622e-31,0,0.0
47104,2025-05-16 15:00:00,93.4108028867063,27.4,69.21,0.7,0.07,initial,0.0,7.207601237565903e-30,0,0.0
47105,2025-05-16 16:00:00,93.5228524112181,26.12,75.34,0.24,0.04,initial,0.0,3.13066913195923e-29,0,0.0
47106,2025-05-16 17:00:00,93.12466279215856,24.67,83.74,0.0,0.03,initial,0.0,3.43994880019409e-28,0,0.0
47107,2025-05-16 18:00:00,93.07286247615616,24.03,88.58,0.0,0.05,initial,0.0,2.2082126176324422e-27,0,0.0
47108,2025-05-16 19:00:00,91.62938335826829,23.68,91.8,0.0,0.07,initial,0.0,1.0017034757904884e-25,0,0.0
47109,2025-05-16 20:00:00,93.52794622751246,23.42,94.16,0.0,0.13,initial,0.0,1.360541395974262e-26,0,0.0
47110,2025-05-16 21:00:00,95.21950018311964,23.26,95.69,0.0,0.21,initial,0.0,1.3760187910412636e-27,0,0.0
47111,2025-05-16 22:00:00,94.80745171003508,23.14,96.82,0.0,0.3,initial,0.0,2.837576716993071e-27,0,0.0
47112,2025-05-16 23:00:00,94.45333544862568,23.06,97.36,0.0,0.36,initial,0.0,2.6368326644638453e-27,0,0.0
47113,2025-05-17 00:00:00,95.64238044703504,23.18,97.21,0.0,0.41,initial,0.0,1.117759903347952e-28,0,0.0
47114,2025-05-17 01:00:00,96.31812531250684,23.23,97.36,0.0,0.44,initial,0.0,5.800789805215178e-30,0,0.0
47115,2025-05-17 02:00:00,95.73008772954782,23.35,97.26,0.0,0.47,initial,0.0,1.720208345887627e-30,0,0.0
47116,2025-05-17 03:00:00,98.09697626653754,23.48,96.89,0.0,0.55,initial,0.0,5.501471247424574e-33,0,0.0
47117,2025-05-17 04:00:00,98.00919607297578,23.56,96.46,0.0,0.63,initial,0.0,9.451587519264272e-34,0,0.0
47118,2025-05-17 05:00:00,98.4038726993781,23.53,96.15,0.0,0.62,initial,0.0,1.0775501058080723e-34,0,0.0
47119,2025-05-17 06:00:00,100.0,23.67,95.3,0.22,0.66,initial,0.0,2.472944204942705e-36,0,0.0
47120,2025-05-17 07:00:00,98.34383321724366,24.34,92.64,0.66,0.56,initial,0.0,1.5179076704055675e-35,0,0.0
47121,2025-05-17 08:00:00,99.05935252922112,25.36,86.12,1.19,0.49,initial,0.0,1.6234469695736194e-36,0,0.0
47122,2025-05-17 09:00:00,100.0,26.62,75.58,1.65,0.43,initial,0.0,1.08779830262656e-37,0,0.0
47123,2025-05-17 10:00:00,100.0,27.47,68.74,1.99,0.49,initial,0.0,6.60433039181687e-38,0,0.0
47124,2025-05-17 11:00:00,100.0,27.73,66.3,2.12,0.41,initial,0.0,8.076391478820231e-38,0,0.0
47125,2025-05-17 12:00:00,97.68866613384652,27.59,65.99,1.95,0.28,initial,0.0,1.3480892253262773e-35,0,0.0
47126,2025-05-17 13:00:00,99.74525089474204,27.32,66.17,1.49,0.19,initial,0.0,3.2315158051661054e-36,0,0.0
47127,2025-05-17 14:00:00,97.5839220308278,26.86,67.42,1.11,0.1,initial,0.0,9.68055631890991e-34,0,0.0
47128,2025-05-17 15:00:00,98.49789989089987,26.22,69.87,0.65,0.06,initial,0.0,1.648431366864344e-33,0,0.0
47129,2025-05-17 16:00:00,97.80007212769397,25.35,74.02,0.23,0.03,initial,0.0,2.899864171600068e-32,0,0.0
47130,2025-05-17 17:00:00,98.37676700327454,24.04,80.61,0.0,0.02,initial,0.0,6.340636184193658e-32,0,0.0
47131,2025-05-17 18:00:00,97.54604763686328,23.51,83.15,0.0,0.03,initial,0.0,1.249778297510735e-30,0,0.0
47132,2025-05-17 19:00:00,98.5681597513004,23.27,83.9,0.0,0.02,initial,0.0,1.0002069756463307e-30,0,0.0
47133,2025-05-17 20:00:00,97.12187963234788,23.08,84.5,0.0,0.02,initial,0.0,3.316648389400521e-29,0,0.0
47134,2025-05-17 21:00:00,97.731691686999,23.04,84.38,0.0,0.01,initial,0.0,2.285174591513767e-29,0,0.0
47135,2025-05-17 22:00:00,97.96357506019028,22.95,84.49,0.0,0.01,initial,0.0,1.6628086413462146e-29,0,0.0
47136,2025-05-17 23:00:00,99.16320802036488,22.84,85.03,0.0,0.01,initial,0.0,1.2665517462541005e-30,0,0.0
47137,2025-05-18 00:00:00,98.51320601053578,22.73,85.68,0.0,0.02,initial,0.0,7.997438492236747e-31,0,0.0
47138,2025-05-18 01:00:00,98.04783504411468,22.63,86.27,0.0,0.03,initial,0.0,2.3982684953555e-31,0,0.0
47139,2025-05-18 02:00:00,98.446192010268,22.53,86.77,0.0,0.04,initial,0.0,1.2657402185213717e-32,0,0.0
47140,2025-05-18 03:00:00,98.82827098560615,22.42,87.27,0.0,0.02,initial,0.0,7.570802213671125e-34,0,0.0
47141,2025-05-18 04:00:00,98.28397633405672,22.32,87.57,0.0,0.02,initial,0.0,2.491884866657655e-34,0,0.0
47142,2025-05-18 05:00:00,97.1891522953345,22.3,87.42,0.0,0.02,initial,0.0,2.812969816461924e-34,0,0.0
47143,2025-05-18 06:00:00,98.54954711597438,23.03,85.04,0.32,0.03,initial,0.0,1.31447045373725e-35,0,0.0
47144,2025-05-18 07:00:00,97.90453615015753,24.55,79.87,0.73,0.05,initial,0.0,1.5984383169583195e-35,0,0.0
47145,2025-05-18 08:00:00,97.38039141550688,26.17,71.52,1.19,0.07,initial,0.0,1.518881597034292e-35,0,0.0
47146,2025-05-18 09:00:00,96.69942377384248,27.47,63.64,1.6,0.13,initial,0.0,1.6965084157884259e-35,0,0.0
47147,2025-05-18 10:00:00,97.41906282291012,28.22,59.5,1.76,0.19,initial,0.0,3.7464649864557506e-36,0,0.0
47148,2025-05-18 11:00:00,96.9103696883738,28.5,58.34,2.08,0.18,initial,0.0,8.11554961695236e-36,0,0.0
47149,2025-05-18 12:00:00,95.18250645639908,28.43,58.81,1.98,0.12,initial,0.0,4.83374775665869e-34,0,0.0
47150,2025-05-18 13:00:00,94.51974134578155,28.21,59.82,1.6,0.11,initial,0.0,1.1294022949308867e-32,0,0.0
47151,2025-05-18 14:00:00,96.3959131092605,27.65,62.16,1.07,0.07,initial,0.0,4.897134580325854e-33,0,0.0
47152,2025-05-18 15:00:00,95.11094774755298,26.74,66.78,0.64,0.03,initial,0.0,3.8268109792925627e-31,0,0.0
47153,2025-05-18 16:00:00,94.21491956224126,25.58,73.27,0.25,0.06,initial,0.0,9.527496616226532e-30,0,0.0
47154,2025-05-18 17:00:00,94.54837744546224,24.23,81.33,0.0,0.08,initial,0.0,3.3241847151190044e-29,0,0.0
47155,2025-05-18 18:00:00,93.77669475548444,23.66,85.13,0.0,0.07,initial,0.0,6.41749909621995e-28,0,0.0
47156,2025-05-18 19:00:00,94.07546345389687,23.4,87.14,0.0,0.05,initial,0.0,1.7096198834748882e-27,0,0.0
47157,2025-05-18 20:00:00,94.30555578251564,23.25,88.36,0.0,0.06,initial,0.0,3.5230307985322594e-27,0,0.0
47158,2025-05-18 21:00:00,95.1723235420418,23.13,89.42,0.0,0.09,initial,0.0,1.4048774202602972e-27,0,0.0
47159,2025-05-18 22:00:00,93.4327202478308,22.94,91.08,0.0,0.13,initial,0.0,2.240405901517242e-26,0,0.0
47160,2025-05-18 23:00:00,93.90967480404586,22.79,92.18,0.0,0.13,initial,0.0,5.556444483408547e-27,0,0.0
47161,2025-05-19 00:00:00,93.90858805475904,22.63,92.91,0.0,0.13,development,0.0,5.613346029836857e-30,0,0.0
47162,2025-05-19 01:00:00,95.67087539343532,22.33,93.57,0.0,0.08,development,0.0,5.511985936198493e-32,0,0.0
47163,2025-05-19 02:00:00,94.97015037695792,21.89,94.85,0.0,0.05,development,0.0,1.9121362792174732e-32,0,0.0
47164,2025-05-19 03:00:00,94.3552793193671,21.52,95.52,0.0,0.03,development,0.0,5.648316526241768e-33,0,0.0
47165,2025-05-19 04:00:00,94.93616460692888,21.31,95.65,0.0,0.02,development,0.0,3.160624864483634e-34,0,0.0
47166,2025-05-19 05:00:00,94.6329370003017,21.19,95.57,0.0,0.02,development,0.0,1.0222331419686177e-34,0,0.0
47167,2025-05-19 06:00:00,94.01575365822228,22.27,92.92,0.35,0.02,development,0.0,1.7310739047957177e-34,0,0.0
47168,2025-05-19 07:00:00,95.96829064870025,23.97,87.04,0.8,0.02,development,0.0,3.9543523921380975e-36,0,0.0
47169,2025-05-19 08:00:00,94.4368557078851,26.0,73.53,1.31,0.03,development,0.0,1.7634125196136586e-35,0,0.0
47170,2025-05-19 09:00:00,95.00916718575814,27.53,62.13,1.76,0.04,development,0.0,2.2538685087623472e-36,0,0.0
47171,2025-05-19 10:00:00,92.13423927476552,28.38,57.0,2.34,0.06,development,0.0,1.311079140124857e-34,0,0.0
47172,2025-05-19 11:00:00,92.86938891807796,29.02,54.17,2.43,0.02,development,0.0,5.574001694340712e-35,0,0.0
47173,2025-05-19 12:00:00,90.49210525282528,29.19,53.23,2.15,0.05,development,0.0,1.1114552551166055e-32,0,0.0
47174,2025-05-19 13:00:00,92.77512065009,28.94,53.72,2.19,0.02,development,0.0,1.1241713570972166e-33,0,0.0
47175,2025-05-19 14:00:00,88.68360312949468,28.42,54.96,1.52,0.01,development,0.0,1.0173723954590523e-29,0,0.0
47176,2025-05-19 15:00:00,90.90505459838955,27.49,58.59,0.95,0.02,development,0.0,2.178729465295332e-30,0,0.0
47177,2025-05-19 16:00:00,89.03620809325835,26.1,65.71,0.37,0.02,development,0.0,4.217464000198337e-28,0,0.0
47178,2025-05-19 17:00:00,88.71500170760241,24.19,76.39,0.0,0.03,development,0.0,4.100469807349355e-27,0,0.0
47179,2025-05-19 18:00:00,89.37016881357145,23.39,81.43,0.0,0.03,development,0.0,6.87801041783064e-27,0,0.0
47180,2025-05-19 19:00:00,88.19827747020801,22.86,84.99,0.0,0.04,development,0.0,1.6523792377753879e-25,0,0.0
47181,2025-05-19 20:00:00,89.65178255965805,22.44,87.77,0.0,0.06,development,0.0,2.9773878543791304e-26,0,0.0
47182,2025-05-19 21:00:00,89.84786724192506,22.07,90.14,0.0,0.11,development,0.0,2.2995403259613298e-26,0,0.0
47183,2025-05-19 22:00:00,89.28322566248848,21.84,91.45,0.0,0.09,development,0.0,4.327997565298843e-26,0,0.0
47184,2025-05-19 23:00:00,89.56123785378384,21.58,92.44,0.0,0.07,development,0.0,1.2507477427827919e-26,0,0.0
47185,2025-05-20 00:00:00,90.96741222838487,21.29,93.37,0.0,0.05,development,0.0,3.4121820111149954e-28,0,0.0
47186,2025-05-20 01:00:00,89.9946383097643,21.15,93.86,0.0,0.04,development,0.0,2.4174680825927706e-28,0,0.0
47187,2025-05-20 02:00:00,88.8979315822541,21.0,94.62,0.0,0.04,development,0.0,1.7338760102050057e-28,0,0.0
47188,2025-05-20 03:00:00,90.16162249111082,20.88,95.42,0.0,0.03,development,0.0,3.0209526430242415e-30,0,0.0
47189,2025-05-20 04:00:00,89.168348935214,20.8,95.96,0.0,0.03,development,0.0,2.0251885653762046e-30,0,0.0
47190,2025-05-20 05:00:00,89.05095513891088,20.78,96.17,0.0,0.03,development,0.0,4.93187540693462e-31,0,0.0
47191,2025-05-20 06:00:00,90.09631431721274,21.9,93.68,0.32,0.04,development,0.0,6.990912586715359e-32,0,0.0
47192,2025-05-20 07:00:00,88.75354555641103,23.55,88.26,0.85,0.07,development,0.0,4.65783122161203e-31,0,0.0
47193,2025-05-20 08:00:00,89.46231684485419,25.41,75.85,1.43,0.22,development,0.0,5.811829993855694e-32,0,0.0
47194,2025-05-20 09:00:00,89.49569863396508,27.02,64.99,1.91,0.09,development,0.0,2.0791389294254433e-32,0,0.0
47195,2025-05-20 10:00:00,89.99788277769592,28.04,60.16,2.04,0.18,development,0.0,7.31516378168521e-33,0,0.0
47196,2025-05-20 11:00:00,88.52461479743233,28.52,58.54,2.0,0.27,development,0.0,1.7688670577565855e-31,0,0.0
47197,2025-05-20 12:00:00,86.37880795105741,28.58,58.69,1.74,0.29,development,0.0,2.815169842215993e-29,0,0.0
47198,2025-05-20 13:00:00,86.08508559330541,28.33,59.99,1.5,0.3,development,0.0,2.8644931009605585e-28,0,0.0
47199,2025-05-20 14:00:00,88.14310931138442,27.48,63.7,1.03,0.27,development,0.0,6.024142736194738e-29,0,0.0
47200,2025-05-20 15:00:00,85.93612559121618,26.37,69.38,0.66,0.21,development,0.0,2.0784822863294308e-26,0,0.0
47201,2025-05-20 16:00:00,85.10702424337111,25.11,76.98,0.24,0.23,development,0.0,4.061019297969533e-25,0,0.0
47202,2025-05-20 17:00:00,85.60371871997269,23.7,86.08,0.0,0.24,development,0.0,8.31068961767375e-25,0,0.0
47203,2025-05-20 18:00:00,87.28033845978214,23.07,91.15,0.0,0.19,development,0.0,2.2301449846451062e-25,0,0.0
47204,2025-05-20 19:00:00,86.97280593213607,22.76,93.85,0.0,0.19,development,0.0,1.1132099691141272e-24,0,0.0
47205,2025-05-20 20:00:00,87.6629017724995,22.58,95.27,0.0,0.21,development,0.0,6.632729406751716e-25,0,0.0
47206,2025-05-20 21:00:00,87.36862958600503,22.44,96.09,0.0,0.2,development,0.0,1.3066650280831833e-24,0,0.0
47207,2025-05-20 22:00:00,86.73775134150841,22.36,96.42,0.0,0.18,development,0.0,3.0108771649843315e-24,0,0.0
47208,2025-05-20 23:00:00,86.37773434048177,22.31,96.27,0.0,0.15,development,0.0,2.2585094216322564e-24,0,0.0
47209,2025-05-21 00:00:00,87.28986431947213,22.3,95.63,0.0,0.12,development,0.0,1.404408567597098e-25,0,0.0
47210,2025-05-21 01:00:00,88.17994829099206,22.22,95.7,0.0,0.1,development,0.0,6.1425308701751766e-27,0,0.0
47211,2025-05-21 02:00:00,87.23569283083228,22.04,95.95,0.0,0.08,development,0.0,3.519149724977152e-27,0,0.0
47212,2025-05-21 03:00:00,89.04385578625757,21.85,96.03,0.0,0.06,development,0.0,2.654338377709652e-29,0,0.0
47213,2025-05-21 04:00:00,87.50747940701332,21.67,95.95,0.0,0.04,development,0.0,4.030739380593246e-29,0,0.0
47214,2025-05-21 05:00:00,87.02345787232998,21.5,95.83,0.0,0.03,development,0.0,1.61096792206028e-29,0,0.0
47215,2025-05-21 06:00:00,88.38306352368761,22.35,94.43,0.3,0.03,development,0.0,1.2124193944564848e-30,0,0.0
47216,2025-05-21 07:00:00,88.87157217867544,23.78,90.14,0.83,0.08,development,0.0,4.353204368512646e-31,0,0.0
47217,2025-05-21 08:00:00,89.10792425500283,25.59,77.43,1.38,0.06,development,0.0,1.1929104596355935e-31,0,0.0
47218,2025-05-21 09:00:00,86.03714393181654,27.39,64.14,1.8,0.01,development,0.0,7.00999210607289e-30,0,0.0
47219,2025-05-21 10:00:00,87.74343890784581,28.62,57.73,1.82,0.01,development,0.0,3.474490854666232e-31,0,0.0
47220,2025-05-21 11:00:00,85.94591969284846,29.31,54.69,1.95,0.01,development,0.0,1.1089875512687794e-29,0,0.0
47221,2025-05-21 12:00:00,84.46511268157181,29.55,53.54,1.89,0.01,development,0.0,3.644559909468054e-28,0,0.0
47222,2025-05-21 13:00:00,84.69973237830985,29.21,54.56,1.59,0.01,development,0.0,1.7108101379782983e-27,0,0.0
47223,2025-05-21 14:00:00,84.51729544229357,28.54,56.69,1.21,0.01,development,0.0,1.2250403026395024e-26,0,0.0
47224,2025-05-21 15:00:00,81.50243849387705,27.59,59.79,0.75,0.01,development,0.0,1.3837419137215425e-23,0,0.0
47225,2025-05-21 16:00:00,82.07682942720797,26.32,65.15,0.29,0.0,development,0.0,3.5783324042190334e-23,0,0.0
47226,2025-05-21 17:00:00,81.76629502845732,24.51,74.59,0.0,0.0,development,0.0,3.039386069036585e-22,0,0.0
47227,2025-05-21 18:00:00,82.70282556678539,23.71,79.33,0.0,0.0,development,0.0,3.0436214090372177e-22,0,0.0
47228,2025-05-21 19:00:00,83.37005861867041,23.26,82.62,0.0,0.0,development,0.0,3.4454797109692364e-22,0,0.0
47229,2025-05-21 20:00:00,82.26075508161574,22.84,86.04,0.0,0.0,development,0.0,3.419291708997782e-21,0,0.0
47230,2025-05-21 21:00:00,81.9807842010354,22.48,89.06,0.0,0.01,development,0.0,6.212226045295203e-21,0,0.0
47231,2025-05-21 22:00:00,82.58332373767655,22.33,90.64,0.0,0.01,development,0.0,2.1393900111658973e-21,0,0.0
47232,2025-05-21 23:00:00,82.051953508208,22.28,91.47,0.0,0.01,development,0.0,1.837729310795051e-21,0,0.0
47233,2025-05-22 00:00:00,80.51639487292091,22.12,92.68,0.0,0.01,development,0.0,4.533386280697372e-21,0,0.0
47234,2025-05-22 01:00:00,82.67815707607889,21.95,94.07,0.0,0.01,development,0.0,2.9242710366542965e-23,0,0.0
47235,2025-05-22 02:00:00,83.06557572986769,21.83,95.22,0.0,0.01,development,0.0,2.1511371696774196e-24,0,0.0
47236,2025-05-22 03:00:00,83.14849229159047,21.69,96.39,0.0,0.01,development,0.0,2.5010417354444983e-25,0,0.0
47237,2025-05-22 04:00:00,81.3772395321871,21.59,97.24,0.0,0.01,development,0.0,5.754758560314537e-25,0,0.0
47238,2025-05-22 05:00:00,82.80026157965277,21.53,97.77,0.0,0.01,development,0.0,1.220402355932221e-26,0,0.0
47239,2025-05-22 06:00:00,83.55324904506476,22.61,93.43,0.32,0.01,development,0.0,2.588923770756009e-27,0,0.0
47240,2025-05-22 07:00:00,84.1672156139275,24.34,84.91,0.96,0.03,development,0.0,7.719691715036674e-28,0,0.0
47241,2025-05-22 08:00:00,82.12235771786101,26.1,74.6,1.62,0.02,development,0.0,8.244064199225986e-27,0,0.0
47242,2025-05-22 09:00:00,82.13279584679836,27.36,68.36,2.09,0.17,development,0.0,3.614577315228626e-27,0,0.0
47243,2025-05-22 10:00:00,80.04690611005275,28.18,64.56,2.3,0.19,development,0.0,1.1185860535665325e-25,0,0.0
47244,2025-05-22 11:00:00,79.35196830137313,28.73,61.85,2.6,0.19,development,0.0,4.832176961578711e-25,0,0.0
47245,2025-05-22 12:00:00,80.383533108378,28.88,61.06,2.33,0.16,development,0.0,3.088773963219469e-25,0,0.0
47246,2025-05-22 13:00:00,77.28714199838247,28.65,61.58,2.0,0.12,development,0.0,3.4533320965443544e-22,0,0.0
47247,2025-05-22 14:00:00,78.39792752570266,28.11,63.18,1.55,0.08,development,0.0,3.738800913804631e-22,0,0.0
47248,2025-05-22 15:00:00,78.84962299107141,27.31,66.07,1.0,0.03,development,0.0,1.2906672178813562e-21,0,0.0
47249,2025-05-22 16:00:00,77.85920280308315,26.13,71.44,0.36,0.01,development,0.0,3.2911535451176444e-20,0,0.0
47250,2025-05-22 17:00:00,77.64467610462356,24.31,81.46,0.0,0.01,development,0.0,1.8884659939838572e-19,0,0.0
47251,2025-05-22 18:00:00,77.04024389819831,23.42,87.03,0.0,0.0,development,0.0,1.469006362986862e-18,0,0.0
47252,2025-05-22 19:00:00,76.76441117758587,22.97,90.51,0.0,0.01,development,0.0,7.100758880346943e-18,0,0.0
47253,2025-05-22 20:00:00,78.82864089001207,22.69,92.85,0.0,0.01,development,0.0,6.139332501532377e-19,0,0.0
47254,2025-05-22 21:00:00,78.11673595611352,22.45,94.69,0.0,0.02,development,0.0,2.1338095686191885e-18,0,0.0
47255,2025-05-22 22:00:00,77.86932618060438,22.31,95.84,0.0,0.05,development,0.0,2.3407291760224945e-18,0,0.0
47256,2025-05-22 23:00:00,77.30209719262452,22.29,96.22,0.0,0.07,development,0.0,2.1603786844177536e-18,0,0.0
47257,2025-05-23 00:00:00,76.90002513974417,22.19,96.94,0.0,0.07,development,0.0,1.1291063936780137e-18,0,0.0
47258,2025-05-23 01:00:00,78.31852885549122,22.04,97.61,0.0,0.07,development,0.0,2.6049232523272786e-20,0,0.0
47259,2025-05-23 02:00:00,77.29681412285605,21.95,97.93,0.0,0.07,development,0.0,1.7897674025288906e-20,0,0.0
47260,2025-05-23 03:00:00,77.68028540318808,21.89,98.04,0.0,0.06,development,0.0,1.388606750223706e-21,0,0.0
47261,2025-05-23 04:00:00,78.1848746501627,21.86,98.0,0.0,0.06,development,0.0,9.603630062891997e-23,0,0.0
47262,2025-05-23 05:00:00,77.93489392124324,21.86,97.81,0.0,0.06,development,0.0,2.861473536596865e-23,0,0.0
47263,2025-05-23 06:00:00,79.10731627653756,22.81,95.32,0.29,0.08,development,0.0,2.9309729476375615e-24,0,0.0
47264,2025-05-23 07:00:00,76.71539963278624,24.17,90.5,0.78,0.1,development,0.0,1.230171782071265e-22,0,0.0
47265,2025-05-23 08:00:00,77.57337869766758,25.73,81.93,1.12,0.14,development,0.0,2.5846951084401002e-23,0,0.0
47266,2025-05-23 09:00:00,78.67629697927129,27.5,71.37,1.56,0.04,development,0.0,2.1794540825585123e-24,0,0.0
47267,2025-05-23 10:00:00,77.00665393176573,29.08,63.54,1.99,0.05,development,0.0,2.6491525893293915e-23,0,0.0
47268,2025-05-23 11:00:00,75.36925562939183,30.0,59.46,2.22,0.05,development,0.0,6.259637056285339e-22,0,0.0
47269,2025-05-23 12:00:00,75.37473785895052,30.42,57.66,2.27,0.05,development,0.0,1.33682418263446e-21,0,0.0
47270,2025-05-23 13:00:00,73.93537055365448,30.42,57.68,1.87,0.05,development,0.0,8.281020854520181e-20,0,0.0
47271,2025-05-23 14:00:00,74.45732386986093,29.96,59.52,1.44,0.04,development,0.0,1.877449583788173e-19,0,0.0
47272,2025-05-23 15:00:00,73.38756517653755,28.92,64.02,0.88,0.04,development,0.0,5.1688196839565155e-18,0,0.0
47273,2025-05-23 16:00:00,71.64799454000662,27.46,71.37,0.32,0.03,development,0.0,3.409248787524417e-16,0,0.0
47274,2025-05-23 17:00:00,72.34844090386504,25.82,80.73,0.0,0.03,development,0.0,5.262131073135475e-16,0,0.0
47275,2025-05-23 18:00:00,72.53015207749901,24.93,86.92,0.0,0.03,development,0.0,1.0203230445287852e-15,0,0.0
47276,2025-05-23 19:00:00,72.61973835022185,24.32,91.14,0.0,0.04,development,0.0,2.8236090290407466e-15,0,0.0
47277,2025-05-23 20:00:00,72.5627510799692,23.88,93.79,0.0,0.05,development,0.0,7.634351742457842e-15,0,0.0
47278,2025-05-23 21:00:00,72.83454732836917,23.51,95.72,0.0,0.06,development,0.0,6.496733792126393e-15,0,0.0
47279,2025-05-23 22:00:00,72.80547184039088,23.18,97.25,0.0,0.07,development,0.0,4.827363090836318e-15,0,0.0
47280,2025-05-23 23:00:00,71.99330129214113,22.96,98.02,0.0,0.08,development,0.0,6.305943766716564e-15,0,0.0
47281,2025-05-24 00:00:00,72.30507163459433,22.81,98.37,0.0,0.08,development,0.0,1.252940412698048e-15,0,0.0
47282,2025-05-24 01:00:00,72.57941854977167,22.65,98.58,0.0,0.09,development,0.0,1.9929546723694011e-16,0,0.0
47283,2025-05-24 02:00:00,72.97167604080008,22.51,98.87,0.0,0.09,development,0.0,1.8330068642712985e-17,0,0.0
47284,2025-05-24 03:00:00,72.79453105986764,22.41,99.05,0.0,0.08,development,0.0,2.8015387082501367e-18,0,0.0
47285,2025-05-24 04:00:00,73.99005578486936,22.34,99.2,0.0,0.09,development,0.0,7.86017375659642e-20,0,0.0
47286,2025-05-24 05:00:00,72.43964899603203,22.32,99.13,0.0,0.08,development,0.0,1.6553792277210824e-19,0,0.0
47287,2025-05-24 06:00:00,71.92004849973812,23.38,96.09,0.31,0.08,development,0.0,2.5510541124879407e-19,0,0.0
47288,2025-05-24 07:00:00,74.79784731230276,24.74,90.6,0.94,0.11,development,0.0,2.7709394317189627e-21,0,0.0
47289,2025-05-24 08:00:00,72.2686629447898,26.19,81.13,1.38,0.1,development,0.0,1.0378104050976552e-19,0,0.0
47290,2025-05-24 09:00:00,73.39951310542799,27.89,70.11,1.56,0.16,development,0.0,1.4473649114452134e-20,0,0.0
47291,2025-05-24 10:00:00,72.52950543912011,28.97,64.67,1.81,0.21,development,0.0,6.698658730195469e-20,0,0.0
47292,2025-05-24 11:00:00,70.90498996844862,29.6,61.71,1.94,0.25,development,0.0,2.4910738209884403e-18,0,0.0
47293,2025-05-24 12:00:00,70.89601015687067,29.72,60.67,1.88,0.26,development,0.0,6.093485406698696e-18,0,0.0
47294,2025-05-24 13:00:00,70.22748969770898,29.3,61.77,1.35,0.22,development,0.0,9.103101574470984e-17,0,0.0
47295,2025-05-24 14:00:00,70.21157941364415,28.54,64.0,1.03,0.17,development,0.0,2.8984430806035364e-16,0,0.0
47296,2025-05-24 15:00:00,68.8465794110287,27.46,67.96,0.54,0.11,development,0.0,7.67036884675009e-15,0,0.0
47297,2025-05-24 16:00:00,68.95510162498019,26.19,73.87,0.2,0.05,development,0.0,2.2331087902998007e-14,0,0.0
47298,2025-05-24 17:00:00,68.88313352977282,24.69,81.71,0.0,0.03,development,0.0,5.491751450483292e-14,0,0.0
47299,2025-05-24 18:00:00,69.81939174323759,24.0,86.06,0.0,0.02,development,0.0,4.066744380238204e-14,0,0.0
47300,2025-05-24 19:00:00,68.6340445595937,23.61,88.64,0.0,0.02,development,0.0,4.752937340435016e-13,0,0.0
47301,2025-05-24 20:00:00,68.20741278962787,23.39,90.02,0.0,0.02,development,0.0,1.561958627771729e-12,0,0.0
47302,2025-05-24 21:00:00,68.5771636923679,23.27,90.75,0.0,0.02,development,0.0,1.4748598134605287e-12,0,0.0
47303,2025-05-24 22:00:00,69.33155853842788,23.16,91.4,0.0,0.02,development,0.0,4.514252574487275e-13,0,0.0
47304,2025-05-24 23:00:00,67.65816353995356,23.02,92.14,0.0,0.03,development,0.0,1.714904723434571e-12,0,0.0
47305,2025-05-25 00:00:00,70.10828722857094,22.86,92.88,0.0,0.06,development,0.0,3.1055442542401065e-14,0,0.0
47306,2025-05-25 01:00:00,69.26615629305394,22.68,93.74,0.0,0.08,development,0.0,1.9851801989277982e-14,0,0.0
47307,2025-05-25 02:00:00,69.70950795397104,22.53,94.39,0.0,0.09,development,0.0,1.3606301284736409e-15,0,0.0
47308,2025-05-25 03:00:00,69.65078257814108,22.51,94.33,0.0,0.09,development,0.0,1.7786581361033115e-16,0,0.0
47309,2025-05-25 04:00:00,69.04154564759114,22.4,94.69,0.0,0.08,development,0.0,5.557394976462223e-17,0,0.0
47310,2025-05-25 05:00:00,68.80967601050527,22.27,94.96,0.0,0.08,development,0.0,1.7803465343622158e-17,0,0.0
47311,2025-05-25 06:00:00,69.20255204060886,22.7,93.43,0.28,0.07,development,0.0,9.867510752861639e-18,0,0.0
47312,2025-05-25 07:00:00,68.47592022041724,23.69,89.74,0.86,0.11,development,0.0,2.7159339978944756e-17,0,0.0
47313,2025-05-25 08:00:00,69.64743526123539,24.88,82.46,1.53,0.09,development,0.0,4.566372802036323e-18,0,0.0
47314,2025-05-25 09:00:00,68.82592255902571,26.14,73.53,1.9,0.15,development,0.0,1.7311282711780876e-17,0,0.0
47315,2025-05-25 10:00:00,67.20606603356678,27.25,67.01,2.03,0.17,development,0.0,5.535512466075621e-16,0,0.0
47316,2025-05-25 11:00:00,67.29542014603639,28.13,62.81,2.05,0.14,development,0.0,1.2475094152690577e-15,0,0.0
47317,2025-05-25 12:00:00,67.58651146837771,28.55,60.72,1.97,0.1,development,0.0,2.2607730078576326e-15,0,0.0
47318,2025-05-25 13:00:00,67.36682224060254,28.51,59.79,1.61,0.07,development,0.0,6.940799958167517e-15,0,0.0
47319,2025-05-25 14:00:00,64.63269570585534,28.05,60.55,1.23,0.05,development,0.0,1.5963081447159804e-12,0,0.0
47320,2025-05-25 15:00:00,66.82620599765356,27.16,63.17,0.69,0.03,development,0.0,1.5301238047405623e-13,0,0.0
47321,2025-05-25 16:00:00,63.93015333635108,25.82,68.95,0.21,0.02,development,0.0,2.4013325954146765e-11,0,0.0
47322,2025-05-25 17:00:00,63.13918240604908,24.0,78.96,0.0,0.02,development,0.0,6.833654521154552e-11,0,0.0
47323,2025-05-25 18:00:00,65.92145793632739,23.2,84.35,0.0,0.01,development,0.0,4.661027888100472e-12,0,0.0
47324,2025-05-25 19:00:00,63.69532388317277,22.81,87.29,0.0,0.01,development,0.0,1.0121471159776855e-10,0,0.0
47325,2025-05-25 20:00:00,65.77205899478966,22.52,89.12,0.0,0.02,development,0.0,1.7796441307074908e-11,0,0.0
47326,2025-05-25 21:00:00,64.05857587525671,22.32,90.29,0.0,0.03,development,0.0,1.4519362695619624e-10,0,0.0
47327,2025-05-25 22:00:00,64.39350909525528,22.11,91.49,0.0,0.03,development,0.0,5.765169454144927e-11,0,0.0
47328,2025-05-25 23:00:00,63.63390217370522,22.18,91.32,0.0,0.04,development,0.0,7.916713770325096e-11,0,0.0
47329,2025-05-26 00:00:00,65.74994379597867,22.07,92.0,0.0,0.04,development,0.0,4.609209017685141e-12,0,0.0
47330,2025-05-26 01:00:00,65.69005096430885,21.89,93.02,0.0,0.04,development,0.0,1.0521973959388395e-12,0,0.0
47331,2025-05-26 02:00:00,64.29960107645981,21.74,93.82,0.0,0.04,development,0.0,6.811493132212332e-13,0,0.0
47332,2025-05-26 03:00:00,64.83058353539667,21.59,94.67,0.0,0.05,development,0.0,3.761892849426349e-14,0,0.0
47333,2025-05-26 04:00:00,65.48266697011266,21.48,95.39,0.0,0.05,development,0.0,2.252234282644323e-15,0,0.0
47334,2025-05-26 05:00:00,64.66336149861002,21.36,96.0,0.0,0.07,development,0.0,1.1698141046654646e-15,0,0.0
47335,2025-05-26 06:00:00,66.24436961633464,22.11,94.07,0.26,0.09,development,0.0,2.778164366893567e-16,0,0.0
47336,2025-05-26 07:00:00,65.01128276690088,23.34,89.53,0.73,0.13,development,0.0,4.372546400919825e-15,0,0.0
47337,2025-05-26 08:00:00,64.36878281107141,24.84,80.57,1.21,0.09,development,0.0,1.948999532878849e-14,0,0.0
47338,2025-05-26 09:00:00,62.96833504228832,26.64,68.84,1.68,0.04,development,0.0,7.22762121458124e-13,0,0.0
47339,2025-05-26 10:00:00,62.50257526548798,28.01,61.49,2.06,0.03,development,0.0,5.266954036695632e-12,0,0.0
47340,2025-05-26 11:00:00,63.20159236206897,28.87,57.54,2.22,0.01,development,0.0,3.739372497615826e-12,0,0.0
47341,2025-05-26 12:00:00,62.08341702241836,29.24,55.53,2.19,0.01,development,0.0,7.189770722244226e-11,0,0.0
47342,2025-05-26 13:00:00,61.72833413363296,29.22,54.73,2.01,0.0,development,0.0,2.2166402953577363e-10,0,0.0
47343,2025-05-26 14:00:00,59.8909299511364,28.75,55.69,1.69,0.0,development,0.0,8.313114285960927e-09,0,0.0
47344,2025-05-26 15:00:00,58.42840153655276,27.88,58.14,1.03,0.0,development,0.0,7.793866784957721e-08,0,0.0
47345,2025-05-26 16:00:00,58.92029778120816,26.41,63.99,0.39,0.0,development,0.0,1.0628326133082596e-08,0,0.0
47346,2025-05-26 17:00:00,60.72815829578552,24.25,74.67,0.0,0.0,development,0.0,6.821233448121762e-10,0,0.0
47347,2025-05-26 18:00:00,58.32595944405883,23.2,80.93,0.0,0.0,development,0.0,5.364374831588244e-09,0,0.0
47348,2025-05-26 19:00:00,59.06867654406491,22.56,85.82,0.0,0.0,development,0.0,3.5443054011937775e-09,0,0.0
47349,2025-05-26 20:00:00,57.17946354461102,22.2,89.08,0.0,0.01,development,0.0,7.874919703223672e-09,0,0.0
47350,2025-05-26 21:00:00,58.70691963157913,22.08,90.66,0.0,0.01,development,0.0,6.085157305603194e-09,0,0.0
47351,2025-05-26 22:00:00,58.81667064589898,22.07,91.47,0.0,0.02,development,0.0,5.424646701304971e-09,0,0.0
47352,2025-05-26 23:00:00,59.4507960181986,21.93,92.89,0.0,0.03,development,0.0,2.4691086600529125e-09,0,0.0
47353,2025-05-27 00:00:00,58.98096115801367,21.75,94.41,0.0,0.04,development,0.0,1.1133511069886435e-09,0,0.0
47354,2025-05-27 01:00:00,58.070452249300935,21.53,95.64,0.0,0.04,development,0.0,4.295574145032734e-10,0,0.0
47355,2025-05-27 02:00:00,58.80419276338957,21.36,96.11,0.0,0.04,development,0.0,7.35382865324651e-11,0,0.0
47356,2025-05-27 03:00:00,59.20964083378083,21.19,96.3,0.0,0.03,development,0.0,7.29039268243754e-12,0,0.0
47357,2025-05-27 04:00:00,58.61338488596308,21.09,95.9,0.0,0.03,development,0.0,2.2643662888943594e-12,0,0.0
47358,2025-05-27 05:00:00,58.767128180798174,21.04,95.16,0.0,0.03,development,0.0,4.30346251676882e-13,0,0.0
47359,2025-05-27 06:00:00,60.28946482015087,22.04,91.43,0.35,0.03,development,0.0,1.906048047329206e-13,0,0.0
47360,2025-05-27 07:00:00,58.82895747899565,23.75,83.68,1.07,0.06,development,0.0,9.117802398743039e-12,0,0.0
47361,2025-05-27 08:00:00,59.271179328985305,25.79,70.18,1.85,0.03,development,0.0,1.20324075248078e-10,0,0.0
47362,2025-05-27 09:00:00,58.15778915808127,27.72,58.74,2.42,0.01,development,0.0,8.084107718712413e-09,0,0.0
47363,2025-05-27 10:00:00,56.54090855598848,28.89,54.02,2.82,0.0,development,0.0,6.939705044320145e-07,0,0.0
47364,2025-05-27 11:00:00,56.394691117884655,29.62,51.37,2.72,0.0,development,0.0,2.5509698067871504e-06,0,0.0
47365,2025-05-27 12:00:00,55.99956273875481,29.88,50.48,2.56,0.0,development,0.0,8.521074416114755e-06,0,0.0
47366,2025-05-27 13:00:00,56.29238230450884,29.75,50.77,2.12,0.0,development,0.0,6.0056128977568445e-06,0,0.0
47367,2025-05-27 14:00:00,53.51068483388986,29.15,52.49,1.58,0.0,development,0.0,0.0005494848157213639,0,0.0
47368,2025-05-27 15:00:00,53.42792434508404,28.1,55.94,0.99,0.0,development,0.0,5.736918517884714e-05,0,0.0
47369,2025-05-27 16:00:00,53.77624375077081,26.51,62.52,0.39,0.0,development,0.0,1.7168908876346709e-06,0,0.0
47370,2025-05-27 17:00:00,53.82593751553089,24.8,71.35,0.0,0.0,development,0.0,1.3700578405865114e-07,0,0.0
47371,2025-05-27 18:00:00,52.29838771244236,23.79,77.03,0.0,0.0,development,0.0,9.783788216797934e-08,0,0.0
47372,2025-05-27 19:00:00,52.70538429726958,23.15,80.79,0.0,0.01,development,0.0,4.675134330383173e-08,0,0.0
47373,2025-05-27 20:00:00,53.74517524676381,22.7,83.36,0.0,0.02,development,0.0,3.390117541824232e-08,0,0.0
47374,2025-05-27 21:00:00,53.28917935321184,22.35,85.4,0.0,0.02,development,0.0,4.937063485794908e-08,0,0.0
47375,2025-05-27 22:00:00,53.74427379470464,22.06,87.2,0.0,0.03,development,0.0,5.395995372022985e-08,0,0.0
47376,2025-05-27 23:00:00,53.89215686265407,21.92,88.65,0.0,0.03,development,0.0,2.413855715677926e-08,0,0.0
47377,2025-05-28 00:00:00,53.43549635985684,21.84,89.75,0.0,0.03,development,0.0,9.780080541020134e-09,0,0.0
47378,2025-05-28 01:00:00,53.1573558524698,21.73,91.22,0.0,0.04,development,0.0,3.750204819592998e-09,0,0.0
47379,2025-05-28 02:00:00,52.54323862834464,21.6,92.71,0.0,0.03,development,0.0,2.023776301220145e-09,0,0.0
47380,2025-05-28 03:00:00,52.92214767717668,21.46,94.19,0.0,0.03,development,0.0,7.614356577512665e-10,0,0.0
47381,2025-05-28 04:00:00,53.00022972093516,21.35,95.3,0.0,0.02,development,0.0,2.082872907052788e-10,0,0.0
47382,2025-05-28 05:00:00,54.12671508247866,21.29,96.07,0.0,0.02,development,0.0,3.4308212015844455e-11,0,0.0
47383,2025-05-28 06:00:00,53.33359211657107,22.28,93.29,0.32,0.02,development,0.0,2.3353323759352705e-10,0,0.0
47384,2025-05-28 07:00:00,53.15126652737727,23.83,86.93,0.91,0.02,development,0.0,4.690153032675795e-09,0,0.0
47385,2025-05-28 08:00:00,51.81723424757466,25.98,76.56,1.49,0.02,development,0.0,2.204638947361058e-06,0,0.0
47386,2025-05-28 09:00:00,53.00142999922223,27.17,64.99,1.92,0.01,development,0.0,4.3345367024816815e-05,0,0.0
47387,2025-05-28 10:00:00,50.70490768848417,28.29,59.85,1.86,0.0,development,0.0,0.038841510316640585,0,0.0
47388,2025-05-28 11:00:00,50.288976972378855,29.1,56.83,1.94,0.0,development,0.0,0.32725434582113444,0,0.0
47389,2025-05-28 12:00:00,50.73397096191841,29.42,55.47,1.68,0.0,development,4.177251415972165,0.16984643581975373,0,0.0
47390,2025-05-28 13:00:00,56.55579902165659,29.39,55.49,1.56,0.0,development,0.0,2.5235805794030096e-06,0,0.0
47391,2025-05-28 14:00:00,54.44762008653818,29.21,56.07,1.32,0.0,development,0.0,6.137875707083156e-05,0,0.0
47392,2025-05-28 15:00:00,53.67726437587293,28.63,58.3,0.81,0.0,development,0.0,2.559773753739487e-05,0,0.0
47393,2025-05-28 16:00:00,53.96218426837679,27.32,64.37,0.32,0.0,development,0.0,1.3376006270033502e-06,0,0.0
47394,2025-05-28 17:00:00,53.44914074157581,25.11,75.67,0.0,0.0,development,0.0,2.190908450985401e-07,0,0.0
47395,2025-05-28 18:00:00,52.73634078064752,24.25,80.91,0.0,0.0,development,0.0,1.0951874894062343e-07,0,0.0
47396,2025-05-28 19:00:00,53.30763291398455,23.6,85.66,0.0,0.0,development,0.0,5.383878246476933e-08,0,0.0
47397,2025-05-28 20:00:00,51.71183050529087,22.99,90.38,0.0,0.0,development,0.0,1.0104928650321064e-07,0,0.0
47398,2025-05-28 21:00:00,54.63344817484567,22.48,94.26,0.0,0.0,development,0.0,4.0617990229561596e-08,0,0.0
47399,2025-05-28 22:00:00,54.6080979545999,22.1,97.2,0.0,0.02,development,0.0,4.544917367610688e-08,0,0.0
47400,2025-05-28 23:00:00,55.12552147959119,21.81,99.07,0.0,0.05,development,0.0,1.547619450135245e-08,0,0.0
47401,2025-05-29 00:00:00,54.36785984904463,21.62,100.0,0.0,0.07,development,0.0,4.893162408608872e-09,0,0.0
47402,2025-05-29 01:00:00,53.83912778003547,21.72,99.43,0.0,0.09,development,0.0,1.984262644652621e-09,0,0.0
47403,2025-05-29 02:00:00,55.16649070875443,22.11,97.27,0.0,0.12,development,0.0,6.97811497370894e-10,0,0.0
47404,2025-05-29 03:00:00,53.94909859371945,22.42,95.65,0.0,0.13,development,0.0,6.259662764638378e-10,0,0.0
47405,2025-05-29 04:00:00,53.636548016683705,22.56,94.92,0.0,0.15,development,0.0,2.4582396988224333e-10,0,0.0
47406,2025-05-29 05:00:00,54.77998658398563,22.63,94.42,0.0,0.16,development,0.0,4.318714387181878e-11,0,0.0
47407,2025-05-29 06:00:00,55.46410691966778,23.15,94.93,0.26,0.19,development,0.0,3.3950059289780146e-11,0,0.0
47408,2025-05-29 07:00:00,54.802265214426775,24.92,89.66,0.75,0.43,development,0.0,6.536986400912086e-10,0,0.0
47409,2025-05-29 08:00:00,54.737014669051455,26.42,83.13,1.23,0.44,development,0.0,2.0511417183810932e-08,0,0.0
47410,2025-05-29 09:00:00,54.88794065761513,27.64,72.38,1.84,0.2,development,0.0,8.673586582075817e-07,0,0.0
47411,2025-05-29 10:00:00,55.21168038870218,29.25,63.78,1.81,0.32,development,0.0,5.6619620405292394e-06,0,0.0
47412,2025-05-29 11:00:00,54.278770458031495,30.38,58.55,2.0,0.27,development,0.0,0.00014943940804409663,0,0.0
47413,2025-05-29 12:00:00,55.925685492976086,30.79,56.39,1.85,0.22,development,0.0,8.19642986498669e-06,0,0.0
47414,2025-05-29 13:00:00,53.05809214693688,30.92,55.63,1.77,0.14,development,0.0,0.0024590444520055502,0,0.0
47415,2025-05-29 14:00:00,53.16570234131538,30.65,56.27,1.32,0.11,development,0.0,0.0004213669086905274,0,0.0
47416,2025-05-29 15:00:00,50.91508027074318,29.74,59.93,0.75,0.09,development,0.0,0.0005795887074851569,0,0.0
47417,2025-05-29 16:00:00,52.22928238080306,28.07,68.36,0.25,0.09,development,0.0,4.808948416293021e-06,0,0.0
47418,2025-05-29 17:00:00,51.3314534721742,26.09,79.1,0.0,0.13,development,0.0,1.2380345347773318e-06,0,0.0
47419,2025-05-29 18:00:00,51.83145720229628,25.17,86.1,0.0,0.11,development,0.0,3.45900424269179e-07,0,0.0
47420,2025-05-29 19:00:00,53.30077660285456,24.67,90.88,0.0,0.09,development,0.0,1.213259037444753e-07,0,0.0
47421,2025-05-29 20:00:00,51.76602165826132,24.46,93.18,0.0,0.09,development,0.0,2.3062953565863858e-07,0,0.0
47422,2025-05-29 21:00:00,51.12992067874965,24.35,94.2,0.0,0.09,development,0.0,3.050399950074693e-07,0,0.0
47423,2025-05-29 22:00:00,51.34215122324982,24.25,94.68,0.0,0.07,development,0.0,2.3347908420300482e-07,0,0.0
47424,2025-05-29 23:00:00,52.47714787477344,24.15,95.01,0.0,0.06,development,0.0,9.525804574039139e-08,0,0.0
47425,2025-05-30 00:00:00,52.50876379567698,24.05,95.35,0.0,0.06,development,0.0,3.769487211200926e-08,0,0.0
47426,2025-05-30 01:00:00,52.5380115235696,23.93,95.59,0.0,0.05,development,0.0,1.0721417245301613e-08,0,0.0
47427,2025-05-30 02:00:00,51.497912840774,23.68,96.07,0.0,0.04,development,0.0,5.757649948907313e-09,0,0.0
47428,2025-05-30 03:00:00,54.23491355911919,23.5,96.31,0.0,0.07,development,0.0,7.41668362986015e-10,0,0.0
47429,2025-05-30 04:00:00,53.87294182740759,23.21,97.22,0.0,0.07,development,0.0,2.287249646433212e-10,0,0.0
47430,2025-05-30 05:00:00,52.893092345979255,22.9,98.19,0.0,0.07,development,0.0,1.7897905509167267e-10,0,0.0
47431,2025-05-30 06:00:00,51.65943087775682,23.65,95.89,0.23,0.07,development,0.0,1.4414387978885648e-09,0,0.0
47432,2025-05-30 07:00:00,54.065693571129614,24.95,89.92,0.64,0.11,development,0.0,1.3239683934696107e-09,0,0.0
47433,2025-05-30 08:00:00,53.415879446984185,26.39,80.62,1.06,0.1,development,0.0,1.0655367134701708e-07,0,0.0
47434,2025-05-30 09:00:00,52.96185814516857,27.91,71.68,1.35,0.77,development,0.0,8.302034686745653e-06,0,0.0
47435,2025-05-30 10:00:00,54.12936141956373,28.99,66.74,1.43,0.81,development,0.0,1.9779136435546862e-05,0,0.0
47436,2025-05-30 11:00:00,52.832370019486255,29.76,63.29,1.51,0.69,development,0.0,0.0013515348813889247,0,0.0
47437,2025-05-30 12:00:00,52.48870343901398,30.11,61.46,1.62,0.69,development,0.0,0.005163459508154922,0,0.0
47438,2025-05-30 13:00:00,53.30278757950285,30.02,61.17,1.29,0.58,development,0.0,0.000514914007099102,0,0.0
47439,2025-05-30 14:00:00,51.76293890755136,29.41,63.13,1.03,0.44,development,0.0,0.0013836253952188896,0,0.0
47440,2025-05-30 15:00:00,51.91521316311292,28.3,68.18,0.65,0.31,development,0.0,8.91548501273843e-05,0,0.0
47441,2025-05-30 16:00:00,52.97170940050477,26.76,76.56,0.25,0.12,development,0.0,2.0032850818837886e-06,0,0.0
47442,2025-05-30 17:00:00,52.61289206912468,25.15,84.8,0.0,0.08,development,0.0,4.003177786564238e-07,0,0.0
47443,2025-05-30 18:00:00,51.39057619322076,24.4,88.48,0.0,0.06,development,0.0,2.8190671976181034e-07,0,0.0
47444,2025-05-30 19:00:00,52.20620866111938,23.86,91.09,0.0,0.03,development,0.0,1.1902432022444509e-07,0,0.0
47445,2025-05-30 20:00:00,51.48795052833557,23.42,92.83,0.0,0.02,development,0.0,1.5408918089579207e-07,0,0.0
47446,2025-05-30 21:00:00,52.19255070896116,23.05,93.95,0.0,0.02,development,0.0,1.2505093359577626e-07,0,0.0
47447,2025-05-30 22:00:00,52.14260303658448,22.71,94.82,0.0,0.03,development,0.0,1.0469139920265548e-07,0,0.0
47448,2025-05-30 23:00:00,53.45218942465991,22.47,95.43,0.0,0.03,development,0.0,3.1315688098913616e-08,0,0.0
47449,2025-05-31 00:00:00,52.5954682892191,22.2,96.08,0.0,0.05,development,0.0,1.2680355180252199e-08,0,0.0
47450,2025-05-31 01:00:00,52.61380104256319,21.98,96.5,0.0,0.07,development,0.0,4.060950623897366e-09,0,0.0
47451,2025-05-31 02:00:00,52.60695815104933,21.78,96.51,0.0,0.09,development,0.0,1.724481966516366e-09,0,0.0
47452,2025-05-31 03:00:00,51.65690729662585,21.51,96.82,0.0,0.09,development,0.0,1.1689568905452459e-09,0,0.0
47453,2025-05-31 04:00:00,53.04199243159961,21.27,97.02,0.0,0.07,development,0.0,1.784665771267634e-10,0,0.0
47454,2025-05-31 05:00:00,53.56966897465245,21.15,96.96,0.0,0.05,development,0.0,4.7401442906667045e-11,0,0.0
47455,2025-05-31 06:00:00,53.45618153408087,22.09,95.16,0.34,0.07,development,0.0,1.707721491205235e-10,0,0.0
47456,2025-05-31 07:00:00,53.74547852769885,23.66,90.51,1.1,0.11,development,0.0,1.9654413110680395e-09,0,0.0
47457,2025-05-31 08:00:00,53.46517573324721,25.31,80.74,1.85,0.08,development,0.0,2.5045761612266447e-07,0,0.0
47458,2025-05-31 09:00:00,54.06270933374412,26.55,67.16,2.44,0.02,development,0.0,5.2801073246509266e-06,0,0.0
47459,2025-05-31 10:00:00,50.68759616605978,27.42,60.02,2.82,0.01,development,0.0,0.03934165048146428,0,0.0
47460,2025-05-31 11:00:00,50.96844251017351,27.94,57.44,2.7,0.0,development,0.0,0.06770557363302426,0,0.0
47461,2025-05-31 12:00:00,50.21960197649314,28.2,55.98,2.42,0.0,development,4.05326382605486,0.3863149816472128,0,0.0
47462,2025-05-31 13:00:00,55.631855416829055,28.2,55.72,2.06,0.0,development,0.0,1.6561666876706298e-05,0,0.0
47463,2025-05-31 14:00:00,54.655542117141785,27.84,57.07,1.53,0.0,development,0.0,6.354609575466851e-05,0,0.0
47464,2025-05-31 15:00:00,54.96765320889367,27.03,61.07,0.93,0.0,development,0.0,6.614211731909384e-06,0,0.0
47465,2025-05-31 16:00:00,54.47162660467971,25.63,69.95,0.35,0.0,development,0.0,7.36340150640781e-07,0,0.0
47466,2025-05-31 17:00:00,53.08991090994305,23.93,78.26,0.0,0.0,development,0.0,1.5161587698724866e-07,0,0.0
47467,2025-05-31 18:00:00,52.49429511663397,23.27,82.43,0.0,0.0,development,0.0,7.475391259747043e-08,0,0.0
47468,2025-05-31 19:00:00,53.53909233299889,22.76,86.73,0.0,0.0,development,0.0,3.126206984829134e-08,0,0.0
47469,2025-05-31 20:00:00,53.39362627912698,22.35,90.67,0.0,0.0,development,0.0,3.419645273318672e-08,0,0.0
47470,2025-05-31 21:00:00,54.414555978049904,21.99,94.14,0.0,0.0,development,0.0,3.2835727443253075e-08,0,0.0
47471,2025-05-31 22:00:00,53.20568835941612,21.67,97.09,0.0,0.01,development,0.0,4.704634523487074e-08,0,0.0
47472,2025-05-31 23:00:00,53.86528027671359,21.57,98.81,0.0,0.05,development,0.0,1.6578305045480093e-08,0,0.0
47473,2025-06-01 00:00:00,52.7418445506831,21.75,98.83,0.0,0.08,development,0.0,8.655989770521683e-09,0,0.0
47474,2025-06-01 01:00:00,53.04118190616792,21.82,98.89,0.0,0.14,development,0.0,2.893468209292297e-09,0,0.0
47475,2025-06-01 02:00:00,53.941783960531424,21.89,98.85,0.0,0.22,development,0.0,9.82813655687326e-10,0,0.0
47476,2025-06-01 03:00:00,54.744447727043145,21.9,99.07,0.0,0.31,development,0.0,2.520322796366254e-10,0,0.0
47477,2025-06-01 04:00:00,54.68901962061376,21.91,99.08,0.0,0.32,development,0.0,7.305593123205023e-11,0,0.0
47478,2025-06-01 05:00:00,55.95906084358244,21.86,99.19,0.0,0.4,development,0.0,8.26953980882517e-12,0,0.0
47479,2025-06-01 06:00:00,55.09636154598106,22.88,97.25,0.22,0.49,development,0.0,3.446255737120012e-11,0,0.0
47480,2025-06-01 07:00:00,56.69129972149617,24.16,93.93,0.62,0.5,development,0.0,3.9672365256307224e-11,0,0.0
47481,2025-06-01 08:00:00,57.03988576828316,25.35,87.93,1.12,0.61,development,0.0,3.777203544890444e-10,0,0.0
47482,2025-06-01 09:00:00,56.13342374065165,26.82,78.29,1.73,0.55,development,0.0,4.5335225394188644e-08,0,0.0
47483,2025-06-01 10:00:00,57.50396047166324,28.33,69.02,1.84,0.61,development,0.0,4.71472906793684e-08,0,0.0
47484,2025-06-01 11:00:00,55.39352797617115,29.27,64.07,2.02,0.5,development,0.0,1.0217723675181424e-05,0,0.0
47485,2025-06-01 12:00:00,56.09674561458431,29.63,62.17,2.17,0.29,development,0.0,4.142646338616727e-06,0,0.0
47486,2025-06-01 13:00:00,56.694898960675125,29.54,62.0,2.02,0.19,development,0.0,1.7945766742954114e-06,0,0.0
47487,2025-06-01 14:00:00,53.67690984588936,29.13,63.1,1.54,0.1,development,0.0,0.00022192307498405107,0,0.0
47488,2025-06-01 15:00:00,55.47031401640661,28.31,66.01,0.95,0.06,development,0.0,2.9917534632419183e-06,0,0.0
47489,2025-06-01 16:00:00,53.61507901121165,26.86,73.18,0.34,0.03,development,0.0,1.670542872911503e-06,0,0.0
47490,2025-06-01 17:00:00,53.8939274221354,25.21,82.35,0.0,0.03,development,0.0,1.7761018676625335e-07,0,0.0
47491,2025-06-01 18:00:00,55.54153311488423,24.55,86.58,0.0,0.04,development,0.0,4.0746844315451485e-08,0,0.0
47492,2025-06-01 19:00:00,53.96473895622773,24.13,89.52,0.0,0.04,development,0.0,6.438928062339721e-08,0,0.0
47493,2025-06-01 20:00:00,55.81979902704537,23.79,92.01,0.0,0.05,development,0.0,3.5329436378375386e-08,0,0.0
47494,2025-06-01 21:00:00,54.37207180309435,23.6,93.35,0.0,0.07,development,0.0,8.379725942574778e-08,0,0.0
47495,2025-06-01 22:00:00,54.6485938481668,23.46,94.45,0.0,0.08,development,0.0,8.21792740459951e-08,0,0.0
47496,2025-06-01 23:00:00,55.50259298105711,23.25,95.57,0.0,0.09,development,0.0,3.3402134631739585e-08,0,0.0
47497,2025-06-02 00:00:00,55.414039117916445,22.96,96.53,0.0,0.12,development,0.0,7.33468645998709e-09,0,0.0
47498,2025-06-02 01:00:00,55.27705969308329,22.66,97.34,0.0,0.14,development,0.0,1.942578907927774e-09,0,0.0
47499,2025-06-02 02:00:00,55.00812590133362,22.48,97.63,0.0,0.18,development,0.0,8.653493297088251e-10,0,0.0
47500,2025-06-02 03:00:00,54.46309221567759,22.48,97.4,0.0,0.26,development,0.0,4.145464323891299e-10,0,0.0
47501,2025-06-02 04:00:00,54.852038152117856,22.35,97.57,0.0,0.28,development,0.0,8.701915184371259e-11,0,0.0
47502,2025-06-02 05:00:00,57.416815708991024,22.22,97.53,0.0,0.25,development,0.0,2.6130756596787534e-12,0,0.0
47503,2025-06-02 06:00:00,58.0008358193469,22.89,96.15,0.22,0.22,development,0.0,1.752687317901853e-12,0,0.0
47504,2025-06-02 07:00:00,56.91904959660632,23.97,93.45,0.6,0.31,development,0.0,2.919723882988881e-11,0,0.0
47505,2025-06-02 08:00:00,55.27168115741966,25.1,87.01,1.09,0.23,development,0.0,2.9511757404531272e-09,0,0.0
47506,2025-06-02 09:00:00,56.15229959031179,26.59,75.9,1.4,0.53,development,0.0,4.33101240290244e-08,0,0.0
47507,2025-06-02 10:00:00,56.1610619747344,27.86,67.39,1.59,0.61,development,0.0,4.950811830699915e-07,0,0.0
47508,2025-06-02 11:00:00,56.22754196843247,28.44,63.43,1.73,0.52,development,0.0,1.472320413878858e-06,0,0.0
47509,2025-06-02 12:00:00,55.62739979873962,28.45,62.31,1.89,0.39,development,0.0,8.7026911537457e-06,0,0.0
47510,2025-06-02 13:00:00,56.28022311743457,28.22,61.9,1.59,0.26,development,0.0,3.346166588005541e-06,0,0.0
47511,2025-06-02 14:00:00,55.54761870246245,27.82,62.53,1.2,0.16,development,0.0,8.256595818283288e-06,0,0.0
47512,2025-06-02 15:00:00,56.18074018132593,26.91,65.55,0.79,0.12,development,0.0,8.682619301364121e-07,0,0.0
47513,2025-06-02 16:00:00,54.3556141711905,25.48,72.43,0.34,0.13,development,0.0,7.016896058543051e-07,0,0.0
47514,2025-06-02 17:00:00,54.75118483874052,23.88,81.71,0.0,0.11,development,0.0,6.008803952274129e-08,0,0.0
47515,2025-06-02 18:00:00,55.34644159006776,23.09,86.58,0.0,0.13,development,0.0,2.4281038987408574e-08,0,0.0
47516,2025-06-02 19:00:00,55.67087626775047,22.58,89.15,0.0,0.08,development,0.0,1.4005211137690908e-08,0,0.0
47517,2025-06-02 20:00:00,53.95311491100496,22.22,90.32,0.0,0.07,development,0.0,2.5154572415595066e-08,0,0.0
47518,2025-06-02 21:00:00,55.36491415213686,21.95,91.04,0.0,0.08,development,0.0,2.1195711587118734e-08,0,0.0
47519,2025-06-02 22:00:00,55.39586566601611,21.67,92.23,0.0,0.19,development,0.0,2.6626034492409502e-08,0,0.0
47520,2025-06-02 23:00:00,55.92077609884863,21.38,94.03,0.0,0.32,development,0.0,1.0569532044993327e-08,0,0.0
47521,2025-06-03 00:00:00,56.16374825572237,21.26,95.12,0.0,0.35,mid,0.0,1.296795910965146e-08,0,0.0
47522,2025-06-03 01:00:00,57.93633639671228,21.21,95.93,0.0,0.36,mid,0.0,9.619140352934383e-10,0,0.0
47523,2025-06-03 02:00:00,56.26586815149226,21.16,96.44,0.0,0.33,mid,0.0,5.570775253334804e-10,0,0.0
47524,2025-06-03 03:00:00,56.76853621445306,21.11,96.85,0.0,0.44,mid,0.0,9.831123687687532e-11,0,0.0
47525,2025-06-03 04:00:00,57.33426066987642,21.01,96.96,0.0,0.37,mid,0.0,1.1233101694831496e-11,0,0.0
47526,2025-06-03 05:00:00,58.24638012247612,20.87,96.81,0.0,0.39,mid,0.0,1.168618704635746e-12,0,0.0
47527,2025-06-03 06:00:00,59.10069260893696,21.84,95.63,0.23,0.31,mid,0.0,6.98482249574008e-13,0,0.0
47528,2025-06-03 07:00:00,58.69958888834665,23.19,92.78,0.58,0.33,mid,0.0,4.3492907840408934e-12,0,0.0
47529,2025-06-03 08:00:00,59.89356599896605,24.55,86.36,1.08,0.35,mid,0.0,5.280511270367449e-12,0,0.0
47530,2025-06-03 09:00:00,58.67595680633033,26.08,74.73,1.66,0.14,mid,0.0,1.3093850780406126e-10,0,0.0
47531,2025-06-03 10:00:00,58.01047803742538,27.58,64.57,1.92,0.1,mid,0.0,2.01385929934889e-09,0,0.0
47532,2025-06-03 11:00:00,56.32459097811011,28.46,60.08,1.81,0.08,mid,0.0,1.6866480446062622e-07,0,0.0
47533,2025-06-03 12:00:00,58.14368385066047,28.78,58.48,1.69,0.1,mid,0.0,6.725593078459175e-09,0,0.0
47534,2025-06-03 13:00:00,55.97505626788687,28.67,58.85,1.29,0.1,mid,0.0,5.366790827172179e-07,0,0.0
47535,2025-06-03 14:00:00,56.7190220785281,28.17,60.56,1.0,0.09,mid,0.0,1.4973099024892757e-07,0,0.0
47536,2025-06-03 15:00:00,54.42676859165261,27.29,63.98,0.53,0.08,mid,0.0,9.311918441265004e-07,0,0.0
47537,2025-06-03 16:00:00,55.225592312115936,25.81,71.83,0.17,0.04,mid,0.0,1.239846072409498e-07,0,0.0
47538,2025-06-03 17:00:00,53.95945909282029,23.96,82.38,0.0,0.05,mid,0.0,1.5434354527570445e-07,0,0.0
47539,2025-06-03 18:00:00,55.952291097479154,23.13,87.82,0.0,0.07,mid,0.0,4.1673161340294494e-08,0,0.0
47540,2025-06-03 19:00:00,55.50617473741541,22.51,92.15,0.0,0.09,mid,0.0,4.324303693946679e-08,0,0.0
47541,2025-06-03 20:00:00,55.37668783389031,22.07,95.13,0.0,0.07,mid,0.0,7.252313929994307e-08,0,0.0
47542,2025-06-03 21:00:00,54.20478496234625,21.75,96.81,0.0,0.07,mid,0.0,1.7969596189255987e-07,0,0.0
47543,2025-06-03 22:00:00,56.409885532480814,21.66,97.08,0.0,0.08,mid,0.0,1.1413959642729423e-07,0,0.0
47544,2025-06-03 23:00:00,56.63993865863019,21.58,97.01,0.0,0.1,mid,0.0,3.732138509585323e-08,0,0.0
47545,2025-06-04 00:00:00,54.86834319315848,21.48,97.25,0.0,0.13,mid,0.0,2.0904890212242788e-08,0,0.0
47546,2025-06-04 01:00:00,55.46388774301447,21.39,97.42,0.0,0.13,mid,0.0,5.198200531665746e-09,0,0.0
47547,2025-06-04 02:00:00,56.2385066522166,21.38,97.55,0.0,0.13,mid,0.0,6.369198068779701e-10,0,0.0
47548,2025-06-04 03:00:00,54.16931413164708,21.35,97.6,0.0,0.2,mid,0.0,7.097653936209529e-10,0,0.0
47549,2025-06-04 04:00:00,56.92625356758524,21.32,97.68,0.0,0.21,mid,0.0,1.9103865554280483e-11,0,0.0
47550,2025-06-04 05:00:00,57.07849661099591,21.36,97.61,0.0,0.2,mid,0.0,4.799908616514839e-12,0,0.0
47551,2025-06-04 06:00:00,56.03404220957875,22.1,96.45,0.25,0.18,mid,0.0,1.935446236983188e-11,0,0.0
47552,2025-06-04 07:00:00,54.84567108275152,23.31,93.55,0.77,0.27,mid,0.0,3.8037207890974003e-10,0,0.0
47553,2025-06-04 08:00:00,56.661164642397225,24.57,87.63,1.35,0.18,mid,0.0,4.0908399968277146e-10,0,0.0
47554,2025-06-04 09:00:00,54.97971283409443,26.17,76.32,1.75,0.08,mid,0.0,5.626642488521179e-08,0,0.0
47555,2025-06-04 10:00:00,53.95896359319647,27.81,65.94,2.17,0.07,mid,0.0,3.1418711597999807e-06,0,0.0
47556,2025-06-04 11:00:00,54.77058315528466,28.7,61.28,2.27,0.06,mid,0.0,1.861205153714261e-06,0,0.0
47557,2025-06-04 12:00:00,54.71857318378659,29.07,58.94,2.28,0.04,mid,0.0,3.796809635725014e-06,0,0.0
47558,2025-06-04 13:00:00,52.69605186429085,29.02,58.28,2.09,0.03,mid,0.0,0.00026166066952626856,0,0.0
47559,2025-06-04 14:00:00,53.09969310423121,28.57,59.1,1.5,0.02,mid,0.0,0.00010724908033588392,0,0.0
47560,2025-06-04 15:00:00,52.09991325546977,27.69,62.16,0.91,0.02,mid,0.0,4.3563029867621515e-05,0,0.0
47561,2025-06-04 16:00:00,50.052649531367706,26.28,68.89,0.33,0.01,mid,0.0,1.046426697424406e-05,0,0.0
47562,2025-06-04 17:00:00,50.497868807294566,24.39,78.42,0.0,0.01,mid,0.0,1.0991514749454134e-06,0,0.0
47563,2025-06-04 18:00:00,51.81708136884157,23.46,83.51,0.0,0.01,mid,0.0,2.9028994483986154e-07,0,0.0
47564,2025-06-04 19:00:00,50.5163565247892,22.79,87.64,0.0,0.01,mid,0.0,3.685530100700469e-07,0,0.0
47565,2025-06-04 20:00:00,51.63395213405326,22.19,91.51,0.0,0.01,mid,0.0,2.8360920155619195e-07,0,0.0
47566,2025-06-04 21:00:00,50.66304737923133,21.72,94.75,0.0,0.01,mid,0.0,4.191678711376521e-07,0,0.0
47567,2025-06-04 22:00:00,51.580671004953714,21.3,97.46,0.0,0.01,mid,0.0,1.544539130467941e-07,0,0.0
47568,2025-06-04 23:00:00,51.35945037646873,21.04,99.32,0.0,0.01,mid,0.0,7.044450916614187e-08,0,0.0
47569,2025-06-05 00:00:00,50.83003307367044,20.9,100.0,0.0,0.01,mid,0.0,3.3022946028270386e-08,0,0.0
47570,2025-06-05 01:00:00,51.60811080020511,20.85,100.0,0.0,0.02,mid,0.0,1.3830610598395135e-08,0,0.0
47571,2025-06-05 02:00:00,49.36326794398548,21.02,100.0,0.0,0.03,mid,0.0,1.6592767723628396e-08,0,0.0
47572,2025-06-05 03:00:00,50.31013026546205,21.16,100.0,0.0,0.07,mid,0.0,6.475270120543549e-09,0,0.0
47573,2025-06-05 04:00:00,50.87026422950304,21.21,99.78,0.0,0.05,mid,0.0,2.0651438434595943e-09,0,0.0
47574,2025-06-05 05:00:00,52.24182867825929,21.16,99.43,0.0,0.05,mid,0.0,3.745357884370702e-10,0,0.0
47575,2025-06-05 06:00:00,50.2092275810355,22.23,95.48,0.31,0.05,mid,0.0,8.616699531668364e-09,0,0.0
47576,2025-06-05 07:00:00,51.19999682001437,23.8,89.13,0.96,0.07,mid,0.0,6.148929868149273e-08,0,0.0
47577,2025-06-05 08:00:00,51.095252497531305,25.39,78.55,1.6,0.04,mid,0.0,3.434458949646184e-06,0,0.0
47578,2025-06-05 09:00:00,50.44711882434096,27.09,66.28,2.0,0.02,mid,0.0,0.0002136231887081558,0,0.0
47579,2025-06-05 10:00:00,49.45177607620233,28.26,60.46,2.14,0.03,mid,0.0,0.023584729149723493,0,0.0
47580,2025-06-05 11:00:00,48.2285385077798,29.09,56.86,2.15,0.03,mid,0.0,0.5235403410305107,0,0.0
47581,2025-06-05 12:00:00,47.692286059670025,29.56,54.53,2.28,0.03,mid,4.208605686202624,0.7481532436209198,1,4.166504304808377
47582,2025-06-05 13:00:00,54.878137225287645,29.54,54.31,2.08,0.03,mid,0.0,5.1880947757971755e-06,0,0.0
47583,2025-06-05 14:00:00,52.80424292467572,29.09,55.56,1.49,0.01,mid,0.0,0.00018355553953476662,0,0.0
47584,2025-06-05 15:00:00,51.02269166838919,28.23,58.39,0.97,0.01,mid,0.0,0.0001916024601480487,0,0.0
47585,2025-06-05 16:00:00,52.6866620385162,26.73,65.3,0.32,0.0,mid,0.0,1.3057068570742406e-06,0,0.0
47586,2025-06-05 17:00:00,53.284476871051645,24.42,77.16,0.0,0.0,mid,0.0,2.0459800219432394e-07,0,0.0
47587,2025-06-05 18:00:00,51.246830538640914,23.48,82.79,0.0,0.0,mid,0.0,3.743213534387397e-07,0,0.0
47588,2025-06-05 19:00:00,53.1764047902183,22.82,87.58,0.0,0.0,mid,0.0,1.2944030564538227e-07,0,0.0
47589,2025-06-05 20:00:00,52.51683800749013,22.26,91.78,0.0,0.01,mid,0.0,2.2614297140229482e-07,0,0.0
47590,2025-06-05 21:00:00,51.2002119053611,21.81,95.2,0.0,0.02,mid,0.0,3.95741885588033e-07,0,0.0
47591,2025-06-05 22:00:00,51.59982015747593,21.46,97.67,0.0,0.03,mid,0.0,1.7095566056680011e-07,0,0.0
47592,2025-06-05 23:00:00,51.65227501385922,21.24,99.16,0.0,0.07,mid,0.0,7.886992594419533e-08,0,0.0
47593,2025-06-06 00:00:00,52.49802851111722,21.17,99.61,0.0,0.09,mid,0.0,2.8918858579036686e-08,0,0.0
47594,2025-06-06 01:00:00,52.38027836004933,21.14,99.87,0.0,0.13,mid,0.0,1.3774431723024783e-08,0,0.0
47595,2025-06-06 02:00:00,53.672258683674826,21.19,99.59,0.0,0.21,mid,0.0,2.832949675254064e-09,0,0.0
47596,2025-06-06 03:00:00,53.76730172103382,21.19,99.52,0.0,0.24,mid,0.0,8.14475141745792e-10,0,0.0
47597,2025-06-06 04:00:00,52.2015723173191,21.3,98.88,0.0,0.28,mid,0.0,9.059634508088874e-10,0,0.0
47598,2025-06-06 05:00:00,52.71513581576975,21.4,98.56,0.0,0.33,mid,0.0,2.99314284896605e-10,0,0.0
47599,2025-06-06 06:00:00,54.716726130982345,22.43,97.21,0.19,0.3,mid,0.0,7.609892815055436e-11,0,0.0
47600,2025-06-06 07:00:00,53.94629735368239,24.12,94.14,0.54,0.28,mid,0.0,1.2119733641100373e-09,0,0.0
47601,2025-06-06 08:00:00,54.12518769422798,25.78,88.26,0.96,0.26,mid,0.0,1.7848465249009725e-08,0,0.0
47602,2025-06-06 09:00:00,54.51040811318532,27.14,75.54,1.49,0.32,mid,0.0,1.3787336655846884e-07,0,0.0
47603,2025-06-06 10:00:00,54.422480226295335,28.57,65.85,1.94,0.31,mid,0.0,1.9201606402951734e-06,0,0.0
47604,2025-06-06 11:00:00,52.24040712925298,29.64,60.33,1.7,0.24,mid,0.0,0.00040301543720701555,0,0.0
47605,2025-06-06 12:00:00,50.83771618788012,29.89,59.18,1.82,0.18,mid,0.0,0.008717623569970578,0,0.0
47606,2025-06-06 13:00:00,51.86589921495577,29.59,60.61,1.56,0.12,mid,0.0,0.001220341817376449,0,0.0
47607,2025-06-06 14:00:00,50.63508355756414,28.84,63.98,1.2,0.07,mid,0.0,0.0024211277355558696,0,0.0
47608,2025-06-06 15:00:00,50.81753045103903,27.73,68.84,0.69,0.03,mid,0.0,9.75524447477445e-05,0,0.0
47609,2025-06-06 16:00:00,50.28758559076586,26.38,75.24,0.23,0.01,mid,0.0,8.885631697756345e-06,0,0.0
47610,2025-06-06 17:00:00,49.37398575271732,24.93,82.65,0.0,0.01,mid,0.0,2.887838343831104e-06,0,0.0
47611,2025-06-06 18:00:00,51.83630494521066,24.26,86.33,0.0,0.01,mid,0.0,4.5784105734992996e-07,0,0.0
47612,2025-06-06 19:00:00,50.18041533303291,23.61,89.97,0.0,0.0,mid,0.0,5.868039533507461e-07,0,0.0
47613,2025-06-06 20:00:00,49.70781015697838,23.0,93.43,0.0,0.0,mid,0.0,7.141544054906099e-07,0,0.0
47614,2025-06-06 21:00:00,50.24796129684747,22.49,96.2,0.0,0.0,mid,0.0,5.972699834250692e-07,0,0.0
47615,2025-06-06 22:00:00,50.60321709376726,22.13,98.08,0.0,0.01,mid,0.0,2.699106791492582e-07,0,0.0
47616,2025-06-06 23:00:00,49.698283182431005,21.91,99.07,0.0,0.02,mid,0.0,1.3386090138107183e-07,0,0.0
47617,2025-06-07 00:00:00,52.08551918336075,21.88,98.73,0.0,0.02,mid,0.0,4.7664808124680367e-08,0,0.0
47618,2025-06-07 01:00:00,49.048747521285485,21.78,98.91,0.0,0.03,mid,0.0,4.415136136719586e-08,0,0.0
47619,2025-06-07 02:00:00,49.14186702047697,21.63,98.98,0.0,0.03,mid,0.0,2.5452096869004485e-08,0,0.0
47620,2025-06-07 03:00:00,49.07484693729675,21.45,99.27,0.0,0.04,mid,0.0,1.5391139782203762e-08,0,0.0
47621,2025-06-07 04:00:00,50.40742723736909,21.27,99.27,0.0,0.04,mid,0.0,2.8565580754423594e-09,0,0.0
47622,2025-06-07 05:00:00,50.82017816275026,21.12,99.16,0.0,0.03,mid,0.0,1.1238530496437736e-09,0,0.0
47623,2025-06-07 06:00:00,50.20244796592682,22.17,95.12,0.27,0.02,mid,0.0,7.616645591775192e-09,0,0.0
47624,2025-06-07 07:00:00,50.63715395165088,23.8,87.39,0.86,0.02,mid,0.0,1.1963451990323978e-07,0,0.0
47625,2025-06-07 08:00:00,50.19335617784888,25.54,75.42,1.48,0.01,mid,0.0,1.649574900959178e-05,0,0.0
47626,2025-06-07 09:00:00,48.90937800284265,27.4,63.13,2.16,0.0,mid,0.0,0.005254413157744778,0,0.0
47627,2025-06-07 10:00:00,48.76817213914295,28.75,55.97,2.54,0.0,mid,0.0,0.12867839066237996,0,0.0
47628,2025-06-07 11:00:00,47.40833152795748,29.63,52.09,2.61,0.0,mid,4.359450817069305,0.849845701313364,1,4.532745224322161
47629,2025-06-07 12:00:00,53.61289413639843,30.06,50.44,2.51,0.0,mid,0.0,4.8440454938910854e-05,0,0.0
47630,2025-06-07 13:00:00,52.68054377749433,30.07,50.37,1.99,0.0,mid,0.0,0.00044457143847441536,0,0.0
47631,2025-06-07 14:00:00,52.49404870178177,29.62,51.68,1.56,0.0,mid,0.0,0.0003527273381977864,0,0.0
47632,2025-06-07 15:00:00,52.65172398184448,28.77,54.8,0.92,0.0,mid,0.0,2.7637711590796958e-05,0,0.0
47633,2025-06-07 16:00:00,50.26790260032556,27.18,62.51,0.32,0.0,mid,0.0,9.654486148347931e-06,0,0.0
47634,2025-06-07 17:00:00,50.61704790684615,25.04,73.76,0.0,0.0,mid,0.0,1.0445011732718182e-06,0,0.0
47635,2025-06-07 18:00:00,51.13142049664997,24.19,79.44,0.0,0.0,mid,0.0,4.7405948661703495e-07,0,0.0
47636,2025-06-07 19:00:00,52.406775054600665,23.26,86.17,0.0,0.0,mid,0.0,2.1220361554155824e-07,0,0.0
47637,2025-06-07 20:00:00,51.34664069203317,22.56,91.5,0.0,0.0,mid,0.0,3.618671020777508e-07,0,0.0
47638,2025-06-07 21:00:00,50.35112329104033,21.99,95.75,0.0,0.0,mid,0.0,4.918372187095505e-07,0,0.0
47639,2025-06-07 22:00:00,50.26216914260964,21.54,98.76,0.0,0.0,mid,0.0,1.787559718099835e-07,0,0.0
47640,2025-06-07 23:00:00,51.78936333052836,21.2,100.0,0.0,0.0,mid,0.0,7.592566958172932e-08,0,0.0
47641,2025-06-08 00:00:00,50.75038188850446,21.05,100.0,0.0,0.0,mid,0.0,3.668684830488551e-08,0,0.0
47642,2025-06-08 01:00:00,50.01655932709655,21.09,100.0,0.0,0.0,mid,0.0,2.3339988166005374e-08,0,0.0
47643,2025-06-08 02:00:00,51.82482946522569,21.17,99.85,0.0,0.01,mid,0.0,7.4078947094330705e-09,0,0.0
47644,2025-06-08 03:00:00,51.27283493215464,21.19,99.05,0.0,0.01,mid,0.0,3.914419949107966e-09,0,0.0
47645,2025-06-08 04:00:00,50.0834693484049,21.07,98.81,0.0,0.01,mid,0.0,3.1220650564831635e-09,0,0.0
47646,2025-06-08 05:00:00,49.97902528894631,20.87,98.68,0.0,0.01,mid,0.0,1.7990225438317504e-09,0,0.0
47647,2025-06-08 06:00:00,49.31717638092165,22.03,92.62,0.27,0.0,mid,0.0,1.4837462769581365e-08,0,0.0
47648,2025-06-08 07:00:00,50.32853859497792,24.21,79.67,0.83,0.0,mid,0.0,4.1114591088761505e-07,0,0.0
47649,2025-06-08 08:00:00,50.635732538662936,26.1,67.71,1.39,0.0,mid,0.0,1.3879163810799715e-05,0,0.0
47650,2025-06-08 09:00:00,50.54621828506311,27.57,59.48,1.65,0.0,mid,0.0,0.00021629089487293883,0,0.0
47651,2025-06-08 10:00:00,49.36537688797649,28.73,53.68,2.14,0.0,mid,0.0,0.04835741814227658,0,0.0
47652,2025-06-08 11:00:00,47.14241962248724,29.53,49.91,2.26,0.0,mid,0.0,0.9098727104357985,1,4.40060451083215
47653,2025-06-08 12:00:00,47.090574612746686,29.84,48.04,2.17,0.0,mid,4.536948901536018,0.8908752305468275,1,4.214173537960071
47654,2025-06-08 13:00:00,55.18348038710823,29.65,47.84,1.9,0.0,mid,0.0,3.886930158304306e-06,0,0.0
47655,2025-06-08 14:00:00,52.87794235959558,29.0,49.2,1.59,0.0,mid,0.0,0.00016656853185787062,0,0.0
47656,2025-06-08 15:00:00,53.28842979326086,27.92,52.46,0.99,0.0,mid,0.0,9.36064228297991e-06,0,0.0
47657,2025-06-08 16:00:00,52.75524038345806,26.18,60.07,0.36,0.0,mid,0.0,9.777368872539414e-07,0,0.0
47658,2025-06-08 17:00:00,52.621968894504185,23.58,72.95,0.0,0.0,mid,0.0,1.684283940286862e-07,0,0.0
47659,2025-06-08 18:00:00,52.3590712299988,22.52,79.57,0.0,0.0,mid,0.0,1.2481713965889944e-07,0,0.0
47660,2025-06-08 19:00:00,52.619502577170365,21.74,85.57,0.0,0.0,mid,0.0,9.558355221049304e-08,0,0.0
47661,2025-06-08 20:00:00,50.82887342228212,21.07,90.91,0.0,0.0,mid,0.0,2.2297198613764978e-07,0,0.0
47662,2025-06-08 21:00:00,53.226379757646434,20.46,95.4,0.0,0.0,mid,0.0,1.047556468684815e-07,0,0.0
47663,2025-06-08 22:00:00,50.5688525061787,20.01,98.15,0.0,0.0,mid,0.0,6.449142084211042e-08,0,0.0
47664,2025-06-08 23:00:00,52.26356038339143,19.71,99.62,0.0,0.0,mid,0.0,2.8716289259235565e-08,0,0.0
47665,2025-06-09 00:00:00,51.97535286112859,19.52,100.0,0.0,0.0,mid,0.0,1.137091013476223e-08,0,0.0
47666,2025-06-09 01:00:00,51.51360933569984,19.46,100.0,0.0,0.0,mid,0.0,6.057065362806915e-09,0,0.0
47667,2025-06-09 02:00:00,51.23398714859426,19.6,98.6,0.0,0.0,mid,0.0,4.35868043733113e-09,0,0.0
47668,2025-06-09 03:00:00,52.45391507388412,19.82,96.31,0.0,0.0,mid,0.0,8.121515627046206e-10,0,0.0
47669,2025-06-09 04:00:00,52.655185785495554,20.01,94.13,0.0,0.0,mid,0.0,2.9068464658323893e-10,0,0.0
47670,2025-06-09 05:00:00,51.93165577239936,20.05,92.86,0.0,0.0,mid,0.0,2.363563102642449e-10,0,0.0
47671,2025-06-09 06:00:00,51.782715946816346,20.75,90.85,0.28,0.0,mid,0.0,7.709094254400198e-10,0,0.0
47672,2025-06-09 07:00:00,52.81339013656418,23.16,78.7,0.95,0.0,mid,0.0,1.3423528246061936e-08,0,0.0
47673,2025-06-09 08:00:00,51.01453865853643,25.53,65.98,1.6,0.0,mid,0.0,9.348575892311211e-06,0,0.0
47674,2025-06-09 09:00:00,50.70107861697881,27.25,58.48,2.15,0.0,mid,0.0,0.0002454653288628767,0,0.0
47675,2025-06-09 10:00:00,49.81617145367594,28.77,52.25,2.52,0.0,mid,0.0,0.021136565284229414,0,0.0
47676,2025-06-09 11:00:00,51.12524275525612,29.94,47.95,2.68,0.01,mid,0.0,0.0055056411919918715,0,0.0
47677,2025-06-09 12:00:00,47.62894137825495,30.58,45.93,2.6,0.02,mid,0.0,0.8313519744428317,1,4.280199809067975
47678,2025-06-09 13:00:00,48.14811811296555,30.69,45.1,2.31,0.02,mid,4.3448312122747375,0.5234246856626825,0,0.0
47679,2025-06-09 14:00:00,52.62161208103655,30.38,45.61,1.75,0.01,mid,0.0,0.0003736546966494383,0,0.0
47680,2025-06-09 15:00:00,52.59767002601621,29.5,48.72,1.08,0.0,mid,0.0,4.484849651536552e-05,0,0.0
47681,2025-06-09 16:00:00,52.68030014656864,27.61,59.39,0.4,0.0,mid,0.0,1.7473220570609943e-06,0,0.0
47682,2025-06-09 17:00:00,52.59703408816047,24.76,70.92,0.0,0.0,mid,0.0,2.510388393787874e-07,0,0.0
47683,2025-06-09 18:00:00,52.4822632211086,23.72,76.88,0.0,0.0,mid,0.0,1.687332873407074e-07,0,0.0
47684,2025-06-09 19:00:00,52.622274290115264,23.0,82.89,0.0,0.0,mid,0.0,1.5337719309395337e-07,0,0.0
47685,2025-06-09 20:00:00,52.1505791120973,22.39,88.51,0.0,0.0,mid,0.0,2.5605559435330187e-07,0,0.0
47686,2025-06-09 21:00:00,53.73185845573015,21.87,93.48,0.0,0.0,mid,0.0,2.1894792551058866e-07,0,0.0
47687,2025-06-09 22:00:00,51.901463439349214,21.4,97.85,0.0,0.0,mid,0.0,1.6249738153846296e-07,0,0.0
47688,2025-06-09 23:00:00,53.35986545985508,20.99,100.0,0.0,0.05,mid,0.0,5.3847399067627935e-08,0,0.0
47689,2025-06-10 00:00:00,53.43139819433808,20.72,100.0,0.0,0.1,mid,0.0,1.8093650614886284e-08,0,0.0
47690,2025-06-10 01:00:00,52.41853055503939,20.62,100.0,0.0,0.23,mid,0.0,9.922865776050128e-09,0,0.0
47691,2025-06-10 02:00:00,53.258205907619335,20.63,100.0,0.0,0.3,mid,0.0,2.5719653468003276e-09,0,0.0
47692,2025-06-10 03:00:00,53.91231287756285,20.69,100.0,0.0,0.29,mid,0.0,5.303224192375946e-10,0,0.0
47693,2025-06-10 04:00:00,55.64213424476328,20.82,99.52,0.0,0.31,mid,0.0,4.3930758135255955e-11,0,0.0
47694,2025-06-10 05:00:00,54.50646161862958,20.94,98.7,0.0,0.4,mid,0.0,4.540033947591597e-11,0,0.0
47695,2025-06-10 06:00:00,58.3382047259758,21.99,96.37,0.25,0.51,mid,0.0,1.6781317232895947e-12,0,0.0
47696,2025-06-10 07:00:00,56.02015098736087,24.15,90.49,0.81,0.16,mid,0.0,1.7233174148450024e-10,0,0.0
47697,2025-06-10 08:00:00,55.24215610925719,26.01,82.35,1.43,0.01,mid,0.0,5.705281528946132e-09,0,0.0
47698,2025-06-10 09:00:00,55.0369260750842,28.11,69.98,1.99,0.0,mid,0.0,1.0922220304743412e-07,0,0.0
47699,2025-06-10 10:00:00,52.17354789703119,29.99,60.02,2.26,0.0,mid,0.0,0.0002192454066180092,0,0.0
47700,2025-06-10 11:00:00,53.61466191227613,31.16,55.18,2.71,0.0,mid,0.0,2.8211733508356747e-05,0,0.0
47701,2025-06-10 12:00:00,50.71692081289871,31.77,52.48,2.59,0.0,mid,0.0,0.02621412573249322,0,0.0
47702,2025-06-10 13:00:00,51.59964893377042,31.87,51.51,2.21,0.0,mid,0.0,0.004848237433501364,0,0.0
47703,2025-06-10 14:00:00,49.64875473208109,31.48,52.15,1.67,0.0,mid,0.0,0.03797005219993353,0,0.0
47704,2025-06-10 15:00:00,48.845563307801385,30.41,56.55,1.03,0.0,mid,0.0,0.003961622897301742,0,0.0
47705,2025-06-10 16:00:00,50.45199173827946,28.85,65.05,0.38,0.0,mid,0.0,1.8256596421499627e-05,0,0.0
47706,2025-06-10 17:00:00,48.72080748253408,26.96,74.21,0.0,0.0,mid,0.0,6.04621635908311e-06,0,0.0
47707,2025-06-10 18:00:00,47.57568753666043,26.05,78.96,0.0,0.0,mid,0.0,4.948747495443101e-06,0,0.0
47708,2025-06-10 19:00:00,49.58036154168712,25.35,83.53,0.0,0.0,mid,0.0,1.3740560530850277e-06,0,0.0
47709,2025-06-10 20:00:00,47.82401056886633,24.69,87.73,0.0,0.0,mid,0.0,1.9796866317696245e-06,0,0.0
47710,2025-06-10 21:00:00,49.88913117992823,24.12,91.27,0.0,0.0,mid,0.0,1.1063658027601038e-06,0,0.0
47711,2025-06-10 22:00:00,48.78756642941853,23.57,94.49,0.0,0.0,mid,0.0,7.962846174491102e-07,0,0.0
47712,2025-06-10 23:00:00,47.78147049575642,23.07,97.36,0.0,0.0,mid,0.0,3.06832199886885e-07,0,0.0
47713,2025-06-11 00:00:00,49.45759969764631,22.7,99.02,0.0,0.0,mid,0.0,1.2716390706770056e-07,0,0.0
47714,2025-06-11 01:00:00,49.21748547545219,22.41,100.0,0.0,0.0,mid,0.0,6.047683324753323e-08,0,0.0
47715,2025-06-11 02:00:00,47.10184333651092,22.24,100.0,0.0,0.0,mid,0.0,6.035809374627947e-08,0,0.0
47716,2025-06-11 03:00:00,48.74980005283489,22.05,100.0,0.0,0.0,mid,0.0,2.2203037064255455e-08,0,0.0
47717,2025-06-11 04:00:00,49.03961715395436,21.88,100.0,0.0,0.0,mid,0.0,8.971562514658011e-09,0,0.0
47718,2025-06-11 05:00:00,48.99295507939913,21.77,100.0,0.0,0.0,mid,0.0,5.723472267658869e-09,0,0.0
47719,2025-06-11 06:00:00,48.65274535956777,22.85,96.61,0.27,0.0,mid,0.0,3.754634134513504e-08,0,0.0
47720,2025-06-11 07:00:00,49.15609660867069,25.43,81.8,0.93,0.0,mid,0.0,3.2968212379713564e-06,0,0.0
47721,2025-06-11 08:00:00,48.5508062113782,27.52,70.07,1.6,0.0,mid,0.0,0.0005531754172670583,0,0.0
47722,2025-06-11 09:00:00,47.463726071716536,29.13,62.13,2.18,0.0,mid,0.0,0.10600513528630405,0,0.0
47723,2025-06-11 10:00:00,46.44525699589233,30.43,56.24,2.37,0.0,mid,4.715467848891414,0.919472707579159,1,4.54913185828078
47724,2025-06-11 11:00:00,53.71468748861599,31.32,52.24,2.49,0.0,mid,0.0,3.80422581193225e-05,0,0.0
47725,2025-06-11 12:00:00,52.18431834267054,31.79,49.63,2.42,0.0,mid,0.0,0.0013607773887052048,0,0.0
47726,2025-06-11 13:00:00,50.95201182861611,31.85,48.69,2.09,0.0,mid,0.0,0.017979224986188397,0,0.0
47727,2025-06-11 14:00:00,50.06650615439206,31.36,49.58,1.58,0.0,mid,0.0,0.020230592528811365,0,0.0
47728,2025-06-11 15:00:00,50.228694412707526,30.45,52.26,0.96,0.0,mid,0.0,0.0007892356294749685,0,0.0
47729,2025-06-11 16:00:00,49.15805952290014,28.85,59.54,0.36,0.0,mid,0.0,4.48587108324729e-05,0,0.0
47730,2025-06-11 17:00:00,49.47678489633521,26.71,69.53,0.0,0.0,mid,0.0,3.2819522430525408e-06,0,0.0
47731,2025-06-11 18:00:00,50.66790129170895,25.65,75.22,0.0,0.0,mid,0.0,9.376812417540209e-07,0,0.0
47732,2025-06-11 19:00:00,49.43817346981864,24.68,81.37,0.0,0.0,mid,0.0,1.0358936972769709e-06,0,0.0
47733,2025-06-11 20:00:00,49.7143596615029,23.82,86.95,0.0,0.0,mid,0.0,9.057553818046044e-07,0,0.0
47734,2025-06-11 21:00:00,49.42085764842462,23.12,91.34,0.0,0.0,mid,0.0,8.941039791790042e-07,0,0.0
47735,2025-06-11 22:00:00,50.64903046139874,22.47,95.0,0.0,0.0,mid,0.0,3.7100039216437153e-07,0,0.0
47736,2025-06-11 23:00:00,50.93005861859378,21.96,97.61,0.0,0.0,mid,0.0,1.3084240578624228e-07,0,0.0
47737,2025-06-12 00:00:00,49.2282009034945,21.56,99.26,0.0,0.0,mid,0.0,6.284276279155216e-08,0,0.0
47738,2025-06-12 01:00:00,50.1860641198622,21.25,100.0,0.0,0.0,mid,0.0,2.4696362651317483e-08,0,0.0
47739,2025-06-12 02:00:00,51.27674305675124,21.08,100.0,0.0,0.0,mid,0.0,8.58434632709732e-09,0,0.0
47740,2025-06-12 03:00:00,48.67531689347122,21.02,100.0,0.0,0.0,mid,0.0,1.410069994299206e-08,0,0.0
47741,2025-06-12 04:00:00,50.388084619094485,21.06,99.34,0.0,0.0,mid,0.0,2.550932438739722e-09,0,0.0
47742,2025-06-12 05:00:00,48.21124838481082,21.24,97.66,0.0,0.0,mid,0.0,7.712265941997295e-09,0,0.0
47743,2025-06-12 06:00:00,49.62752458823112,22.31,92.82,0.23,0.0,mid,0.0,1.2410576210150694e-08,0,0.0
47744,2025-06-12 07:00:00,49.26615481932292,24.78,78.36,0.72,0.0,mid,0.0,1.6311333000898025e-06,0,0.0
47745,2025-06-12 08:00:00,47.57677315787871,26.79,66.89,1.24,0.0,mid,0.0,0.0010898696076821928,0,0.0
47746,2025-06-12 09:00:00,49.234903420786594,28.26,60.64,1.61,0.03,mid,0.0,0.0023487000339661667,0,0.0
47747,2025-06-12 10:00:00,47.77673886562432,29.33,56.66,2.0,0.04,mid,0.0,0.4262477414676577,0,0.0
47748,2025-06-12 11:00:00,46.14985969854701,29.95,54.53,2.11,0.06,mid,4.696094218853016,0.9305276761533862,1,4.377265782826747
47749,2025-06-12 12:00:00,54.22217830840759,30.13,53.85,2.04,0.09,mid,0.0,1.4291633590826534e-05,0,0.0
47750,2025-06-12 13:00:00,54.02791149517493,29.75,55.11,1.47,0.15,mid,0.0,2.457420441011041e-05,0,0.0
47751,2025-06-12 14:00:00,51.44743115046412,28.8,59.16,0.83,0.25,mid,0.0,0.0003215342111440125,0,0.0
47752,2025-06-12 15:00:00,50.2024406858285,27.32,66.71,0.51,0.38,mid,0.0,0.00010614602008563411,0,0.0
47753,2025-06-12 16:00:00,52.951662971271006,25.54,77.31,0.16,0.56,mid,0.0,1.0917683651775275e-06,0,0.0
47754,2025-06-12 17:00:00,53.07001908251246,24.0,87.39,0.0,0.74,mid,0.0,3.6314201974659837e-07,0,0.0
47755,2025-06-12 18:00:00,55.730439086413725,23.34,92.47,0.0,0.78,mid,0.0,5.4440323816773585e-08,0,0.0
47756,2025-06-12 19:00:00,55.25081399115551,23.06,94.06,0.0,0.71,mid,0.0,6.457978341609409e-08,0,0.0
47757,2025-06-12 20:00:00,56.48219931648784,22.85,94.36,0.0,0.55,mid,0.0,6.118879491258168e-08,0,0.0
47758,2025-06-12 21:00:00,56.547566220439926,22.6,94.45,0.0,0.37,mid,0.0,1.201555891145392e-07,0,0.0
47759,2025-06-12 22:00:00,55.77288600353153,22.34,94.79,0.0,0.25,mid,0.0,2.092837933436759e-07,0,0.0
47760,2025-06-12 23:00:00,57.2590633108173,22.16,94.75,0.0,0.18,mid,0.0,3.98478866142539e-08,0,0.0
47761,2025-06-13 00:00:00,56.3611948659511,22.04,94.72,0.0,0.15,mid,0.0,1.9338065482840807e-08,0,0.0
47762,2025-06-13 01:00:00,56.49704858996831,21.94,94.67,0.0,0.14,mid,0.0,4.0076607109747904e-09,0,0.0
47763,2025-06-13 02:00:00,56.86908667382098,21.87,94.58,0.0,0.12,mid,0.0,6.157411914524656e-10,0,0.0
47764,2025-06-13 03:00:00,56.94888854302633,21.83,94.4,0.0,0.12,mid,0.0,1.313046553063354e-10,0,0.0
47765,2025-06-13 04:00:00,57.86628056566715,21.79,94.31,0.0,0.11,mid,0.0,1.1714075174259764e-11,0,0.0
47766,2025-06-13 05:00:00,57.85855542180328,21.76,94.1,0.0,0.11,mid,0.0,3.251843064252241e-12,0,0.0
47767,2025-06-13 06:00:00,58.524462301209056,22.04,93.16,0.12,0.1,mid,0.0,1.4358248703381852e-12,0,0.0
47768,2025-06-13 07:00:00,56.95493435817132,23.07,89.44,0.37,0.11,mid,0.0,2.7608349389468633e-11,0,0.0
47769,2025-06-13 08:00:00,57.7247124323784,24.47,81.9,0.64,0.11,mid,0.0,9.499920725251919e-11,0,0.0
47770,2025-06-13 09:00:00,57.163947372029625,26.03,71.27,0.96,0.18,mid,0.0,1.921089223000115e-09,0,0.0
47771,2025-06-13 10:00:00,57.21027502059503,27.0,65.29,1.08,0.19,mid,0.0,1.1417709082492213e-08,0,0.0
47772,2025-06-13 11:00:00,56.70122170368331,27.43,63.08,1.22,0.22,mid,0.0,7.182606943570163e-08,0,0.0
47773,2025-06-13 12:00:00,56.03782704647439,27.2,63.86,1.15,0.21,mid,0.0,2.707719902676271e-07,0,0.0
47774,2025-06-13 13:00:00,54.523166111396485,26.66,65.94,0.96,0.18,mid,0.0,3.4271624375989073e-06,0,0.0
47775,2025-06-13 14:00:00,54.79777442011627,25.98,68.57,0.75,0.16,mid,0.0,1.484169739256416e-06,0,0.0
47776,2025-06-13 15:00:00,53.95290707853952,25.03,72.76,0.46,0.15,mid,0.0,1.1551710834672854e-06,0,0.0
47777,2025-06-13 16:00:00,55.15161379089206,23.97,78.25,0.13,0.13,mid,0.0,9.536369396045848e-08,0,0.0
47778,2025-06-13 17:00:00,54.0931412051973,22.92,83.64,0.0,0.1,mid,0.0,1.0536929781216313e-07,0,0.0
47779,2025-06-13 18:00:00,54.1683904422826,22.44,85.98,0.0,0.08,mid,0.0,6.671962199379491e-08,0,0.0
47780,2025-06-13 19:00:00,53.16767049189894,22.24,86.9,0.0,0.07,mid,0.0,1.0018682777227217e-07,0,0.0
47781,2025-06-13 20:00:00,53.80756517391027,22.15,87.17,0.0,0.07,mid,0.0,1.1679223186721348e-07,0,0.0
47782,2025-06-13 21:00:00,54.56192266670031,22.07,87.31,0.0,0.06,mid,0.0,1.5305904936571305e-07,0,0.0
47783,2025-06-13 22:00:00,54.35440307976215,21.94,87.76,0.0,0.05,mid,0.0,1.8863253219890445e-07,0,0.0
47784,2025-06-13 23:00:00,54.43327008666374,21.83,87.91,0.0,0.07,mid,0.0,6.836072235576891e-08,0,0.0
47785,2025-06-14 00:00:00,53.176924682232354,21.67,88.26,0.0,0.06,mid,0.0,3.772698782293423e-08,0,0.0
47786,2025-06-14 01:00:00,54.00362745046422,21.6,87.86,0.0,0.06,mid,0.0,1.3417822123727592e-08,0,0.0
47787,2025-06-14 02:00:00,54.49744978907403,21.5,88.07,0.0,0.05,mid,0.0,2.577698623012149e-09,0,0.0
47788,2025-06-14 03:00:00,55.71623280335414,21.39,88.35,0.0,0.03,mid,0.0,2.650884452746168e-10,0,0.0
47789,2025-06-14 04:00:00,53.2670257606698,21.33,88.2,0.0,0.02,mid,0.0,4.0318499698726985e-10,0,0.0
47790,2025-06-14 05:00:00,53.96961942189702,21.34,87.18,0.0,0.02,mid,0.0,1.0536158449364187e-10,0,0.0
47791,2025-06-14 06:00:00,53.2988168620688,21.78,84.6,0.15,0.01,mid,0.0,3.339681031137837e-10,0,0.0
47792,2025-06-14 07:00:00,54.886863652338704,23.08,78.68,0.51,0.03,mid,0.0,4.845264575746602e-10,0,0.0
47793,2025-06-14 08:00:00,55.18432437148172,24.6,68.67,0.93,0.04,mid,0.0,5.5999434653845526e-09,0,0.0
47794,2025-06-14 09:00:00,53.91245070529956,25.83,60.69,1.22,0.01,mid,0.0,4.589558125991149e-07,0,0.0
47795,2025-06-14 10:00:00,53.32173590462116,26.46,57.37,1.65,0.0,mid,0.0,1.0238418245955753e-05,0,0.0
47796,2025-06-14 11:00:00,51.194618630243625,26.71,55.96,1.64,0.01,mid,0.0,0.0022497884012824512,0,0.0
47797,2025-06-14 12:00:00,51.433515161013226,26.7,55.45,1.5,0.0,mid,0.0,0.0017383511961273778,0,0.0
47798,2025-06-14 13:00:00,49.66778265076388,26.53,55.5,1.41,0.0,mid,0.0,0.017709192453698307,0,0.0
47799,2025-06-14 14:00:00,49.56948072746716,26.06,56.9,1.04,0.0,mid,0.0,0.001976059164080957,0,0.0
47800,2025-06-14 15:00:00,49.29975665316588,25.22,60.09,0.58,0.0,mid,0.0,0.00011897046649744321,0,0.0
47801,2025-06-14 16:00:00,48.22313809744949,24.11,64.92,0.24,0.0,mid,0.0,1.3227121886737857e-05,0,0.0
47802,2025-06-14 17:00:00,48.88446202622223,22.95,70.62,0.0,0.0,mid,0.0,9.227010737030386e-07,0,0.0
47803,2025-06-14 18:00:00,48.09745667942536,22.38,74.32,0.0,0.0,mid,0.0,7.606776311794186e-07,0,0.0
47804,2025-06-14 19:00:00,48.447231343717256,22.06,76.84,0.0,0.0,mid,0.0,4.943414054778206e-07,0,0.0
47805,2025-06-14 20:00:00,49.74110794158926,21.91,78.01,0.0,0.0,mid,0.0,3.697649651277737e-07,0,0.0
47806,2025-06-14 21:00:00,48.626320981183405,21.87,78.21,0.0,0.0,mid,0.0,5.95698443558451e-07,0,0.0
47807,2025-06-14 22:00:00,47.62882175578348,21.7,78.71,0.0,0.0,mid,0.0,4.837452586907543e-07,0,0.0
47808,2025-06-14 23:00:00,47.84394965079212,21.49,79.26,0.0,0.0,mid,0.0,1.7242818965671545e-07,0,0.0
47809,2025-06-15 00:00:00,48.926809747496094,21.44,79.09,0.0,0.0,late,0.0,6.540700989363169e-07,0,0.0
47810,2025-06-15 01:00:00,49.062495353770224,21.42,78.82,0.0,0.0,late,0.0,5.4998015400513e-07,0,0.0
47811,2025-06-15 02:00:00,48.19916501570855,21.37,78.84,0.0,0.0,late,0.0,5.60625529609109e-07,0,0.0
47812,2025-06-15 03:00:00,47.00666551028472,21.2,79.91,0.0,0.0,late,0.0,7.179639989414151e-07,0,0.0
47813,2025-06-15 04:00:00,47.46812750887318,21.07,80.94,0.0,0.0,late,0.0,4.82256564450487e-07,0,0.0
47814,2025-06-15 05:00:00,48.372926360227765,21.0,81.75,0.0,0.0,late,0.0,1.2902291311365465e-07,0,0.0
47815,2025-06-15 06:00:00,48.70513290696765,21.69,79.32,0.18,0.01,late,0.0,4.378541283818352e-07,0,0.0
47816,2025-06-15 07:00:00,48.848460498200126,23.52,71.41,0.62,0.0,late,0.0,5.124384003034272e-05,0,0.0
47817,2025-06-15 08:00:00,46.05238729275548,25.28,63.13,1.21,0.01,late,4.357528356303327,0.3042092175098108,0,0.0
47818,2025-06-15 09:00:00,55.13937153331396,26.32,58.62,1.6,0.03,late,0.0,2.600488221538795e-06,0,0.0
47819,2025-06-15 10:00:00,54.9898483354067,27.13,56.15,1.69,0.05,late,0.0,1.1056518373333606e-05,0,0.0
47820,2025-06-15 11:00:00,51.28871718972784,27.51,55.57,1.61,0.07,late,0.0,0.07811736873558793,0,0.0
47821,2025-06-15 12:00:00,52.5413088035747,27.53,56.37,1.62,0.08,late,0.0,0.011974496755802673,0,0.0
47822,2025-06-15 13:00:00,52.51959970278092,27.3,58.01,1.38,0.08,late,0.0,0.01081256560045086,0,0.0
47823,2025-06-15 14:00:00,50.215286039042496,26.79,60.6,1.2,0.07,late,0.0,0.0589477493738166,0,0.0
47824,2025-06-15 15:00:00,50.47140542833475,25.97,64.49,0.61,0.05,late,0.0,0.0013426716460527047,0,0.0
47825,2025-06-15 16:00:00,50.97759615810102,24.87,70.07,0.23,0.03,late,0.0,2.9535441475413407e-05,0,0.0
47826,2025-06-15 17:00:00,49.952561849960354,23.54,77.48,0.0,0.03,late,0.0,5.464516877385733e-06,0,0.0
47827,2025-06-15 18:00:00,50.11733897194697,22.95,81.58,0.0,0.03,late,0.0,1.8701827856048034e-06,0,0.0
47828,2025-06-15 19:00:00,50.64738896161686,22.51,85.04,0.0,0.05,late,0.0,9.219327580205736e-07,0,0.0
47829,2025-06-15 20:00:00,49.6224038189199,22.27,87.62,0.0,0.07,late,0.0,1.5745445679002814e-06,0,0.0
47830,2025-06-15 21:00:00,49.79222791670923,22.04,90.37,0.0,0.07,late,0.0,1.2457753675149896e-06,0,0.0
47831,2025-06-15 22:00:00,51.14546133815449,21.82,93.09,0.0,0.1,late,0.0,8.899023271453223e-07,0,0.0
47832,2025-06-15 23:00:00,51.66739615607672,21.7,95.03,0.0,0.11,late,0.0,4.50470908746221e-07,0,0.0
47833,2025-06-16 00:00:00,51.37705967979069,21.66,96.12,0.0,0.12,late,0.0,2.6998071477235326e-07,0,0.0
47834,2025-06-16 01:00:00,52.30973151314623,21.71,96.44,0.0,0.13,late,0.0,1.4596373339878929e-07,0,0.0
47835,2025-06-16 02:00:00,51.73148534699907,21.75,96.46,0.0,0.14,late,0.0,1.0385069498561018e-07,0,0.0
47836,2025-06-16 03:00:00,53.035868993848936,21.78,96.46,0.0,0.13,late,0.0,1.579599717423788e-08,0,0.0
47837,2025-06-16 04:00:00,51.748374920963805,21.79,96.6,0.0,0.11,late,0.0,1.5253516608018113e-08,0,0.0
47838,2025-06-16 05:00:00,52.02289880893296,21.8,96.57,0.0,0.1,late,0.0,6.837369335125832e-09,0,0.0
47839,2025-06-16 06:00:00,52.26830548369378,22.21,95.4,0.14,0.1,late,0.0,1.0086909349706766e-08,0,0.0
47840,2025-06-16 07:00:00,51.40949590433353,23.3,92.13,0.47,0.12,late,0.0,2.3090001807068206e-07,0,0.0
47841,2025-06-16 08:00:00,51.11095500602217,24.67,83.99,0.82,0.14,late,0.0,1.1824220855380436e-05,0,0.0
47842,2025-06-16 09:00:00,50.84703578133357,26.22,72.94,1.05,0.27,late,0.0,0.0014977067772490697,0,0.0
47843,2025-06-16 10:00:00,50.90744413777761,27.32,66.35,1.27,0.32,late,0.0,0.029715773236300022,0,0.0
47844,2025-06-16 11:00:00,52.7726051593724,27.99,62.84,1.41,0.36,late,0.0,0.0032895385358158347,0,0.0
47845,2025-06-16 12:00:00,52.275459031382645,27.93,62.93,1.41,0.33,late,0.0,0.014185911651617842,0,0.0
47846,2025-06-16 13:00:00,50.2324066037171,27.33,65.52,1.06,0.29,late,0.0,0.15248457142892116,0,0.0
47847,2025-06-16 14:00:00,49.86824856570262,26.53,69.32,0.77,0.26,late,0.0,0.031375258827311896,0,0.0
47848,2025-06-16 15:00:00,48.322485300558256,25.65,74.16,0.46,0.27,late,0.0,0.005029571236576528,0,0.0
47849,2025-06-16 16:00:00,49.20194632035043,24.53,80.94,0.18,0.25,late,0.0,7.716783054368019e-05,0,0.0
47850,2025-06-16 17:00:00,49.4785650940274,23.27,88.68,0.0,0.25,late,0.0,7.879492607224284e-06,0,0.0
47851,2025-06-16 18:00:00,50.06178712562961,22.66,92.98,0.0,0.23,late,0.0,2.2935258785461175e-06,0,0.0
47852,2025-06-16 19:00:00,50.2827889578191,22.35,94.86,0.0,0.26,late,0.0,1.1540944751392832e-06,0,0.0
47853,2025-06-16 20:00:00,51.32284165294027,22.11,95.69,0.0,0.33,late,0.0,7.780000706925742e-07,0,0.0
47854,2025-06-16 21:00:00,52.20849362491597,21.94,96.17,0.0,0.35,late,0.0,8.677319956517235e-07,0,0.0
47855,2025-06-16 22:00:00,51.4562974212785,21.78,96.56,0.0,0.36,late,0.0,8.460479810518525e-07,0,0.0
47856,2025-06-16 23:00:00,53.713075468143415,21.65,96.7,0.0,0.42,late,0.0,3.167460209635393e-07,0,0.0
47857,2025-06-17 00:00:00,53.4150681011922,21.54,96.69,0.0,0.46,late,0.0,1.8925275181305613e-07,0,0.0
47858,2025-06-17 01:00:00,54.461658681159214,21.49,96.63,0.0,0.49,late,0.0,6.450152737655398e-08,0,0.0
47859,2025-06-17 02:00:00,53.99939708441768,21.38,96.79,0.0,0.48,late,0.0,2.615490957963969e-08,0,0.0
47860,2025-06-17 03:00:00,55.33820271159082,21.27,96.99,0.0,0.44,late,0.0,2.6560774257672197e-09,0,0.0
47861,2025-06-17 04:00:00,55.78884292428844,21.2,96.97,0.0,0.42,late,0.0,4.741472298307913e-10,0,0.0
47862,2025-06-17 05:00:00,57.1001028158629,21.16,97.11,0.0,0.4,late,0.0,4.0642312738118733e-11,0,0.0
47863,2025-06-17 06:00:00,56.99818892545093,21.68,96.49,0.15,0.44,late,0.0,4.975203546359189e-11,0,0.0
47864,2025-06-17 07:00:00,57.57905997103598,22.57,95.17,0.58,0.48,late,0.0,1.7543775990140572e-10,0,0.0
47865,2025-06-17 08:00:00,56.81276417224586,23.55,91.82,1.08,0.55,late,0.0,3.753249152245811e-09,0,0.0
47866,2025-06-17 09:00:00,58.563602385808025,24.7,84.49,1.42,0.69,late,0.0,2.2579935850366322e-09,0,0.0
47867,2025-06-17 10:00:00,56.84634485452093,25.98,75.49,1.69,0.69,late,0.0,2.19384414143536e-07,0,0.0
47868,2025-06-17 11:00:00,57.56228573391174,27.0,68.16,1.71,0.66,late,0.0,1.6899149341097189e-07,0,0.0
47869,2025-06-17 12:00:00,58.263018345887765,27.26,65.94,1.42,0.57,late,0.0,1.0927116209311094e-07,0,0.0
47870,2025-06-17 13:00:00,57.01926182207595,26.56,68.95,1.33,0.46,late,0.0,1.5723419791074778e-06,0,0.0
47871,2025-06-17 14:00:00,57.08828772538837,25.72,73.2,0.94,0.39,late,0.0,1.5138890112796825e-06,0,0.0
47872,2025-06-17 15:00:00,57.07207846717046,24.82,77.98,0.54,0.38,late,0.0,7.338036682985522e-07,0,0.0
47873,2025-06-17 16:00:00,58.24053334601835,23.74,84.15,0.19,0.38,late,0.0,6.492587244555302e-08,0,0.0
47874,2025-06-17 17:00:00,58.03049743300566,22.5,90.57,0.0,0.32,late,0.0,3.155794025070103e-08,0,0.0
47875,2025-06-17 18:00:00,59.24114614256055,21.96,93.1,0.0,0.25,late,0.0,1.1646171381657499e-08,0,0.0
47876,2025-06-17 19:00:00,60.24963272833188,21.66,94.51,0.0,0.22,late,0.0,7.2010191309373e-09,0,0.0
47877,2025-06-17 20:00:00,59.1490103113014,21.41,95.58,0.0,0.15,late,0.0,2.1380391232893366e-08,0,0.0
47878,2025-06-17 21:00:00,58.64847803885653,21.2,95.91,0.0,0.1,late,0.0,4.7686389111354825e-08,0,0.0
47879,2025-06-17 22:00:00,59.42732693611123,21.04,96.15,0.0,0.06,late,0.0,5.235739320449899e-08,0,0.0
47880,2025-06-17 23:00:00,58.46609640833824,20.93,96.14,0.0,0.04,late,0.0,5.764941903779519e-08,0,0.0
47881,2025-06-18 00:00:00,59.1567290450929,20.78,96.15,0.0,0.02,late,0.0,1.644122337546808e-08,0,0.0
47882,2025-06-18 01:00:00,61.21496188579292,20.59,96.25,0.0,0.03,late,0.0,6.512747825430486e-10,0,0.0
47883,2025-06-18 02:00:00,59.09518347156418,20.41,96.16,0.0,0.01,late,0.0,6.144025610920018e-10,0,0.0
47884,2025-06-18 03:00:00,59.51228110210539,20.24,96.17,0.0,0.01,late,0.0,5.5905378221571395e-11,0,0.0
47885,2025-06-18 04:00:00,59.15343966676991,20.14,96.12,0.0,0.01,late,0.0,1.0785511259508087e-11,0,0.0
47886,2025-06-18 05:00:00,58.967494632752185,20.04,96.02,0.0,0.01,late,0.0,3.082503422547369e-12,0,0.0
47887,2025-06-18 06:00:00,59.69238211408688,20.94,94.08,0.25,0.01,late,0.0,2.1989358092011334e-12,0,0.0
47888,2025-06-18 07:00:00,58.10907992887185,22.57,88.63,0.82,0.01,late,0.0,1.700155846985214e-10,0,0.0
47889,2025-06-18 08:00:00,58.654896071509945,24.34,77.36,1.43,0.03,late,0.0,7.790154241769894e-10,0,0.0
47890,2025-06-18 09:00:00,57.32090477629372,25.95,65.24,1.76,0.12,late,0.0,3.456972551594233e-08,0,0.0
47891,2025-06-18 10:00:00,59.14212367587915,26.86,60.03,2.2,0.12,late,0.0,3.1913669643857666e-09,0,0.0
47892,2025-06-18 11:00:00,58.12097434652516,27.37,57.32,2.4,0.12,late,0.0,6.61329937319382e-08,0,0.0
47893,2025-06-18 12:00:00,56.1407481804961,27.51,55.9,2.49,0.14,late,0.0,6.1497993973009205e-06,0,0.0
47894,2025-06-18 13:00:00,54.62028411541219,27.4,54.69,2.18,0.06,late,0.0,0.000271971546021553,0,0.0
47895,2025-06-18 14:00:00,55.87192607122874,26.95,54.51,1.71,0.02,late,0.0,4.294134548654985e-05,0,0.0
47896,2025-06-18 15:00:00,54.92617465041849,26.13,56.63,1.08,0.01,late,0.0,2.4649052371332776e-05,0,0.0
47897,2025-06-18 16:00:00,56.39320281028599,24.74,62.63,0.44,0.01,late,0.0,4.374975107605866e-07,0,0.0
47898,2025-06-18 17:00:00,55.5252214380316,22.3,73.81,0.0,0.0,late,0.0,1.2687591082803016e-07,0,0.0
47899,2025-06-18 18:00:00,54.911952733657685,21.29,78.22,0.0,0.0,late,0.0,7.494908249838243e-08,0,0.0
47900,2025-06-18 19:00:00,53.98124274002642,20.72,80.72,0.0,0.0,late,0.0,6.94153401986677e-08,0,0.0
47901,2025-06-18 20:00:00,54.19455794871451,20.23,82.7,0.0,0.0,late,0.0,6.459008620047595e-08,0,0.0
47902,2025-06-18 21:00:00,54.64552065002359,19.78,84.17,0.0,0.0,late,0.0,5.7389707645489176e-08,0,0.0
47903,2025-06-18 22:00:00,54.68785989432688,19.36,85.25,0.0,0.0,late,0.0,6.728452061866483e-08,0,0.0
47904,2025-06-18 23:00:00,53.83769992019885,19.03,85.55,0.0,0.0,late,0.0,6.081277485406891e-08,0,0.0
47905,2025-06-19 00:00:00,53.32508507181827,18.68,85.93,0.0,0.01,late,0.0,3.300846718384585e-08,0,0.0
47906,2025-06-19 01:00:00,55.97141514272084,18.45,85.78,0.0,0.01,late,0.0,3.3077940841087755e-09,0,0.0
47907,2025-06-19 02:00:00,54.46842046220778,18.27,85.81,0.0,0.01,late,0.0,2.807207453068079e-09,0,0.0
47908,2025-06-19 03:00:00,54.805685142152,18.24,85.96,0.0,0.02,late,0.0,6.465999788529458e-10,0,0.0
47909,2025-06-19 04:00:00,53.84288544552244,18.35,86.66,0.0,0.05,late,0.0,4.0088614694722436e-10,0,0.0
47910,2025-06-19 05:00:00,55.70929138114502,18.63,87.25,0.0,0.07,late,0.0,4.8720576494681604e-11,0,0.0
47911,2025-06-19 06:00:00,55.56089728094026,20.03,85.43,0.23,0.09,late,0.0,1.8180284147009105e-10,0,0.0
47912,2025-06-19 07:00:00,54.87637310478357,22.27,79.54,0.75,0.22,late,0.0,1.10603545010903e-08,0,0.0
47913,2025-06-19 08:00:00,55.03138334969709,23.94,74.61,1.33,0.3,late,0.0,2.6261558321267533e-07,0,0.0
47914,2025-06-19 09:00:00,55.073372793615945,25.45,68.03,1.55,0.37,late,0.0,2.2093081843486445e-06,0,0.0
47915,2025-06-19 10:00:00,54.8730568196182,26.6,62.72,1.55,0.43,late,0.0,1.2287798094317687e-05,0,0.0
47916,2025-06-19 11:00:00,55.12208555033018,27.26,59.99,1.48,0.43,late,0.0,2.3675942701472303e-05,0,0.0
47917,2025-06-19 12:00:00,54.785131507719335,27.44,58.79,1.49,0.39,late,0.0,0.00010247204232706094,0,0.0
47918,2025-06-19 13:00:00,54.07439207503483,27.22,59.29,1.26,0.31,late,0.0,0.0005764781204819482,0,0.0
47919,2025-06-19 14:00:00,53.01687506771634,26.4,63.12,0.84,0.26,late,0.0,0.0006088465209940814,0,0.0
47920,2025-06-19 15:00:00,53.62605952505927,25.4,68.78,0.51,0.14,late,0.0,2.817040374031051e-05,0,0.0
47921,2025-06-19 16:00:00,54.04433909048592,24.15,76.24,0.19,0.11,late,0.0,2.7128838419169585e-06,0,0.0
47922,2025-06-19 17:00:00,54.01851681687362,22.68,84.89,0.0,0.17,late,0.0,5.196265303164319e-07,0,0.0
47923,2025-06-19 18:00:00,54.78072158409469,21.98,89.87,0.0,0.2,late,0.0,1.703400872338946e-07,0,0.0
47924,2025-06-19 19:00:00,55.07787738811333,21.49,93.44,0.0,0.17,late,0.0,1.0018200398244331e-07,0,0.0
47925,2025-06-19 20:00:00,54.70458975847849,21.21,95.4,0.0,0.16,late,0.0,1.2932900968880747e-07,0,0.0
47926,2025-06-19 21:00:00,54.44324416724578,21.01,96.66,0.0,0.12,late,0.0,2.2383837188377612e-07,0,0.0
47927,2025-06-19 22:00:00,54.69309308448964,20.87,97.29,0.0,0.1,late,0.0,2.3512818028899883e-07,0,0.0
47928,2025-06-19 23:00:00,54.09629202209366,20.69,97.82,0.0,0.11,late,0.0,1.8274349640616816e-07,0,0.0
47929,2025-06-20 00:00:00,55.35771178349474,20.63,98.01,0.0,0.13,late,0.0,7.83068329694997e-08,0,0.0
47930,2025-06-20 01:00:00,55.96472990739464,20.76,97.58,0.0,0.15,late,0.0,2.3491155082055958e-08,0,0.0
47931,2025-06-20 02:00:00,55.92659239668936,20.94,96.79,0.0,0.15,late,0.0,6.281061075202037e-09,0,0.0
47932,2025-06-20 03:00:00,55.71337857471085,20.98,96.62,0.0,0.14,late,0.0,1.7556382239941914e-09,0,0.0
47933,2025-06-20 04:00:00,55.250767092065686,20.92,96.8,0.0,0.14,late,0.0,6.312685425735253e-10,0,0.0
47934,2025-06-20 05:00:00,55.28351262200509,20.77,96.94,0.0,0.1,late,0.0,2.3273638348457448e-10,0,0.0
47935,2025-06-20 06:00:00,55.5779623719061,21.37,95.96,0.2,0.11,late,0.0,2.2265721303163692e-10,0,0.0
47936,2025-06-20 07:00:00,55.12811802669975,22.63,92.72,0.63,0.15,late,0.0,3.4524217724199568e-09,0,0.0
47937,2025-06-20 08:00:00,55.76975186541053,23.97,85.23,1.1,0.15,late,0.0,3.001380964396668e-08,0,0.0
47938,2025-06-20 09:00:00,52.90569698147326,25.43,74.55,1.45,0.07,late,0.0,6.201862683100036e-05,0,0.0
47939,2025-06-20 10:00:00,54.18110858421296,26.91,64.79,1.78,0.06,late,0.0,4.8896754722348745e-05,0,0.0
47940,2025-06-20 11:00:00,54.10351120769096,27.6,60.25,1.87,0.09,late,0.0,0.0002142670995472805,0,0.0
47941,2025-06-20 12:00:00,55.45084165541037,27.72,58.84,1.92,0.08,late,0.0,2.7561168737035767e-05,0,0.0
47942,2025-06-20 13:00:00,52.86491256583093,27.32,59.74,1.58,0.07,late,0.0,0.006641675447673491,0,0.0
47943,2025-06-20 14:00:00,52.33862581706145,26.73,61.37,1.11,0.04,late,0.0,0.003437596170355649,0,0.0
47944,2025-06-20 15:00:00,51.16917486612499,25.8,64.55,0.66,0.02,late,0.0,0.0006805462900891389,0,0.0
47945,2025-06-20 16:00:00,52.87438823461154,24.55,70.22,0.27,0.01,late,0.0,7.630708285522037e-06,0,0.0
47946,2025-06-20 17:00:00,50.667008955567766,22.7,79.62,0.0,0.0,late,0.0,2.5386401421547706e-06,0,0.0
47947,2025-06-20 18:00:00,52.9439597298672,21.8,84.79,0.0,0.0,late,0.0,3.109088643905777e-07,0,0.0
47948,2025-06-20 19:00:00,50.7257670707415,21.14,88.89,0.0,0.0,late,0.0,3.9964429976663123e-07,0,0.0
47949,2025-06-20 20:00:00,52.07102552017415,20.62,92.45,0.0,0.0,late,0.0,2.2521340572642486e-07,0,0.0
47950,2025-06-20 21:00:00,51.27236288555237,20.23,95.32,0.0,0.0,late,0.0,2.6905703587572417e-07,0,0.0
47951,2025-06-20 22:00:00,50.88031893822211,19.97,97.0,0.0,0.01,late,0.0,2.6847161852779434e-07,0,0.0
47952,2025-06-20 23:00:00,52.15039274757604,19.85,98.27,0.0,0.01,late,0.0,1.6814805139686993e-07,0,0.0
47953,2025-06-21 00:00:00,52.418020820769016,19.74,99.39,0.0,0.01,late,0.0,7.917488894855471e-08,0,0.0
47954,2025-06-21 01:00:00,51.23179739509955,19.8,99.52,0.0,0.02,late,0.0,6.084913832162743e-08,0,0.0
47955,2025-06-21 02:00:00,51.38587263656702,19.82,99.69,0.0,0.02,late,0.0,3.653955474147865e-08,0,0.0
47956,2025-06-21 03:00:00,51.10013444630394,19.8,99.85,0.0,0.02,late,0.0,1.7671437996291244e-08,0,0.0
47957,2025-06-21 04:00:00,51.63446556929935,19.78,99.75,0.0,0.02,late,0.0,5.156197420794564e-09,0,0.0
47958,2025-06-21 05:00:00,50.604491075562734,19.73,99.52,0.0,0.02,late,0.0,5.417251307518615e-09,0,0.0
47959,2025-06-21 06:00:00,49.35051340367354,20.79,95.57,0.21,0.02,late,0.0,7.069344791815727e-08,0,0.0
47960,2025-06-21 07:00:00,49.84814482686225,22.95,85.17,0.76,0.02,late,0.0,5.747959927728345e-06,0,0.0
47961,2025-06-21 08:00:00,50.8333591421294,24.85,73.26,1.41,0.02,late,0.0,0.00037186940871553254,0,0.0
47962,2025-06-21 09:00:00,49.65893220286552,26.58,63.25,2.05,0.01,late,0.0,0.09117581003070029,0,0.0
47963,2025-06-21 10:00:00,49.8112543597952,27.8,57.5,2.25,0.01,late,0.0,0.4398933558409675,0,0.0
47964,2025-06-21 11:00:00,48.81407756279611,28.61,54.29,2.27,0.01,late,4.563113939700983,0.9253816779159658,1,4.266177962798005
47965,2025-06-21 12:00:00,55.55841896908042,29.03,52.66,1.94,0.01,late,0.0,4.116179399421332e-05,0,0.0
47966,2025-06-21 13:00:00,54.92317452726245,29.04,52.31,1.69,0.01,late,0.0,0.00031058353363826874,0,0.0
47967,2025-06-21 14:00:00,55.60650089454037,28.57,53.67,1.45,0.01,late,0.0,6.52080583056534e-05,0,0.0
47968,2025-06-21 15:00:00,54.51309133492494,27.63,57.07,0.89,0.0,late,0.0,4.2585997158478394e-05,0,0.0
47969,2025-06-21 16:00:00,55.21770833611596,26.2,63.67,0.35,0.0,late,0.0,1.8477181892670273e-06,0,0.0
47970,2025-06-21 17:00:00,53.8624634119901,23.98,74.29,0.0,0.0,late,0.0,7.476443619107947e-07,0,0.0
47971,2025-06-21 18:00:00,52.25189471525809,22.9,80.24,0.0,0.0,late,0.0,6.415401048883967e-07,0,0.0
47972,2025-06-21 19:00:00,52.94481390426149,22.09,85.59,0.0,0.0,late,0.0,2.6372381711724446e-07,0,0.0
47973,2025-06-21 20:00:00,53.871956933954976,21.4,90.5,0.0,0.0,late,0.0,1.712654861573733e-07,0,0.0
47974,2025-06-21 21:00:00,53.97343771678346,20.84,94.91,0.0,0.0,late,0.0,2.132623411335211e-07,0,0.0
47975,2025-06-21 22:00:00,53.31106333961453,20.36,98.36,0.0,0.0,late,0.0,2.2970346717100582e-07,0,0.0
47976,2025-06-21 23:00:00,53.14326372020772,20.03,100.0,0.0,0.0,late,0.0,1.565758605545362e-07,0,0.0
47977,2025-06-22 00:00:00,53.29347585129713,19.8,100.0,0.0,0.0,late,0.0,7.286371520528961e-08,0,0.0
47978,2025-06-22 01:00:00,53.66428847747701,19.64,100.0,0.0,0.0,late,0.0,2.7231216293265987e-08,0,0.0
47979,2025-06-22 02:00:00,53.74064465679387,19.51,100.0,0.0,0.0,late,0.0,1.0867528244878094e-08,0,0.0
47980,2025-06-22 03:00:00,52.90155407958812,19.4,100.0,0.0,0.0,late,0.0,4.0146893175823535e-09,0,0.0
47981,2025-06-22 04:00:00,53.97685817670608,19.31,100.0,0.0,0.0,late,0.0,7.280382257589078e-10,0,0.0
47982,2025-06-22 05:00:00,53.96947731674942,19.33,100.0,0.0,0.0,late,0.0,3.564186984830841e-10,0,0.0
47983,2025-06-22 06:00:00,53.691896170072624,20.3,96.75,0.24,0.0,late,0.0,9.678170722993235e-10,0,0.0
47984,2025-06-22 07:00:00,53.03172517237659,22.92,82.72,0.88,0.0,late,0.0,1.846454845143102e-07,0,0.0
47985,2025-06-22 08:00:00,53.74441509655993,25.4,67.61,1.56,0.0,late,0.0,7.876496100909626e-06,0,0.0
47986,2025-06-22 09:00:00,53.732384411635934,27.38,55.11,2.31,0.0,late,0.0,5.28813211784248e-05,0,0.0
47987,2025-06-22 10:00:00,51.66128757232756,28.97,47.52,2.71,0.0,late,0.0,0.022904681246969396,0,0.0
47988,2025-06-22 11:00:00,50.78807604935333,29.9,44.35,2.77,0.0,late,0.0,0.31407753518989834,0,0.0
47989,2025-06-22 12:00:00,50.90888374626208,30.29,42.92,2.58,0.0,late,0.0,0.5094879972913912,0,0.0
47990,2025-06-22 13:00:00,48.87067550553849,30.2,43.18,2.19,0.0,late,4.340136594053039,0.8628378516611209,1,4.147829231735662
47991,2025-06-22 14:00:00,55.36584377856324,29.65,44.57,1.64,0.0,late,0.0,0.0001376235164004417,0,0.0
47992,2025-06-22 15:00:00,55.33435162617204,28.55,48.43,1.0,0.0,late,0.0,2.186741462948315e-05,0,0.0
47993,2025-06-22 16:00:00,55.723650979751895,26.52,59.11,0.39,0.0,late,0.0,1.0603051353921035e-06,0,0.0
47994,2025-06-22 17:00:00,54.576373596713786,23.97,69.69,0.0,0.0,late,0.0,4.105372358857017e-07,0,0.0
47995,2025-06-22 18:00:00,55.26572513430384,23.03,74.75,0.0,0.0,late,0.0,1.279489106680082e-07,0,0.0
47996,2025-06-22 19:00:00,53.67325955942978,22.31,79.84,0.0,0.0,late,0.0,1.9527461349211307e-07,0,0.0
47997,2025-06-22 20:00:00,55.774161228728175,21.54,85.44,0.0,0.0,late,0.0,8.094901777449895e-08,0,0.0
47998,2025-06-22 21:00:00,56.43309232082645,20.92,90.5,0.0,0.0,late,0.0,9.469081276271721e-08,0,0.0
47999,2025-06-22 22:00:00,54.5528313098736,20.41,94.83,0.0,0.0,late,0.0,1.8831586909904862e-07,0,0.0
48000,2025-06-22 23:00:00,55.63600975995028,19.99,97.98,0.0,0.0,late,0.0,9.118095613069439e-08,0,0.0
48001,2025-06-23 00:00:00,55.11428208480407,19.72,99.6,0.0,0.0,initial,0.0,7.318790561078338e-08,0,0.0
48002,2025-06-23 01:00:00,55.36566190886639,19.57,100.0,0.0,0.0,initial,0.0,4.2766295264205424e-08,0,0.0
48003,2025-06-23 02:00:00,55.08401323651363,19.41,100.0,0.0,0.0,initial,0.0,1.6923832377469012e-08,0,0.0
48004,2025-06-23 03:00:00,55.0504238495024,19.27,100.0,0.0,0.01,initial,0.0,3.1874099070447542e-09,0,0.0
48005,2025-06-23 04:00:00,54.63921944289572,19.28,100.0,0.0,0.01,initial,0.0,7.23444376553826e-10,0,0.0
48006,2025-06-23 05:00:00,54.443929598169454,19.49,100.0,0.0,0.01,initial,0.0,2.923084159379614e-10,0,0.0
48007,2025-06-23 06:00:00,56.2102379324623,20.61,98.08,0.24,0.01,initial,0.0,1.2115947753974336e-10,0,0.0
48008,2025-06-23 07:00:00,53.83774401495944,22.75,87.6,0.9,0.01,initial,0.0,4.054514861652194e-08,0,0.0
48009,2025-06-23 08:00:00,54.85262626070514,24.55,76.45,1.55,0.0,initial,0.0,8.105486457050414e-07,0,0.0
48010,2025-06-23 09:00:00,54.37304041770593,25.94,68.07,1.96,0.0,initial,0.0,7.056372481219259e-05,0,0.0
48011,2025-06-23 10:00:00,53.84394184038784,27.08,61.6,2.37,0.0,initial,0.0,0.004483176658915464,0,0.0
48012,2025-06-23 11:00:00,53.80790102498267,27.91,56.91,2.44,0.0,initial,0.0,0.017484100840062966,0,0.0
48013,2025-06-23 12:00:00,52.35258332784837,28.35,54.02,2.15,0.0,initial,0.0,0.31543222048939706,0,0.0
48014,2025-06-23 13:00:00,52.5661004372564,28.31,53.23,1.92,0.0,initial,0.0,0.16751000794771387,0,0.0
48015,2025-06-23 14:00:00,53.08954774125091,27.83,54.45,1.39,0.0,initial,0.0,0.02522379198321237,0,0.0
48016,2025-06-23 15:00:00,50.93583812255688,26.96,58.03,0.87,0.0,initial,0.0,0.010468522376166628,0,0.0
48017,2025-06-23 16:00:00,49.118607784689125,25.56,66.13,0.36,0.0,initial,0.0,0.001419150461154168,0,0.0
48018,2025-06-23 17:00:00,50.46791715949614,23.47,76.72,0.0,0.0,initial,0.0,1.9531668264879756e-05,0,0.0
48019,2025-06-23 18:00:00,50.389351980690925,22.67,82.18,0.0,0.0,initial,0.0,7.203135105053278e-06,0,0.0
48020,2025-06-23 19:00:00,50.90356778374671,22.2,86.74,0.0,0.0,initial,0.0,4.329412978348692e-06,0,0.0
48021,2025-06-23 20:00:00,48.98669904145194,21.84,90.83,0.0,0.0,initial,0.0,3.2252018303545317e-06,0,0.0
48022,2025-06-23 21:00:00,50.84155211998345,21.56,94.19,0.0,0.0,initial,0.0,1.4980017665629298e-06,0,0.0
48023,2025-06-23 22:00:00,50.24481399651616,21.31,96.82,0.0,0.0,initial,0.0,8.061792937711038e-07,0,0.0
48024,2025-06-23 23:00:00,51.224143068840576,21.16,97.95,0.0,0.0,initial,0.0,4.735882649469448e-07,0,0.0
48025,2025-06-24 00:00:00,50.167190183984616,21.13,98.54,0.0,0.0,initial,0.0,2.7223095802101767e-07,0,0.0
48026,2025-06-24 01:00:00,51.27634241426969,21.06,99.37,0.0,0.0,initial,0.0,1.6593904021818097e-07,0,0.0
48027,2025-06-24 02:00:00,49.37337175072108,20.97,100.0,0.0,0.0,initial,0.0,1.4065074743231594e-07,0,0.0
48028,2025-06-24 03:00:00,50.608680790978255,20.89,100.0,0.0,0.01,initial,0.0,8.880306468144581e-08,0,0.0
48029,2025-06-24 04:00:00,49.8294897523371,20.84,100.0,0.0,0.01,initial,0.0,5.0356269142804104e-08,0,0.0
48030,2025-06-24 05:00:00,50.22896422150399,20.89,100.0,0.0,0.01,initial,0.0,1.808328290300335e-08,0,0.0
48031,2025-06-24 06:00:00,52.80802357753707,21.95,97.83,0.15,0.01,initial,0.0,4.78547530222172e-09,0,0.0
48032,2025-06-24 07:00:00,49.71866686432251,24.32,85.97,0.49,0.01,initial,0.0,3.944135569013514e-06,0,0.0
48033,2025-06-24 08:00:00,49.87180423943581,26.44,74.78,0.94,0.01,initial,0.0,0.0006440624799462455,0,0.0
48034,2025-06-24 09:00:00,48.85100687755107,28.01,67.38,1.29,0.04,initial,4.574369660044152,0.18488888499746758,0,0.0
48035,2025-06-24 10:00:00,56.65096538416868,28.98,63.57,1.53,0.05,initial,0.0,1.8586522046710685e-05,0,0.0
48036,2025-06-24 11:00:00,56.244080790129566,29.49,61.56,1.6,0.07,initial,0.0,0.00017513531346098697,0,0.0
48037,2025-06-24 12:00:00,55.22200767447861,29.4,61.79,1.56,0.07,initial,0.0,0.0017440689592643532,0,0.0
48038,2025-06-24 13:00:00,56.52574583972384,28.98,63.65,1.57,0.06,initial,0.0,0.00011021425371594631,0,0.0
48039,2025-06-24 14:00:00,55.68290076864732,28.05,67.92,1.2,0.04,initial,0.0,0.00020174155497110213,0,0.0
48040,2025-06-24 15:00:00,53.59743831233246,26.94,73.59,0.7,0.04,initial,0.0,0.0004960215712653968,0,0.0
48041,2025-06-24 16:00:00,54.72480935839751,25.72,79.98,0.27,0.03,initial,0.0,1.999322897893148e-05,0,0.0
48042,2025-06-24 17:00:00,53.54624000049093,24.59,86.24,0.0,0.02,initial,0.0,8.477319737197219e-06,0,0.0
48043,2025-06-24 18:00:00,52.971862299261474,24.03,89.86,0.0,0.02,initial,0.0,5.466871853181538e-06,0,0.0
48044,2025-06-24 19:00:00,53.393527698194525,23.71,91.88,0.0,0.01,initial,0.0,4.007907700459286e-06,0,0.0
48045,2025-06-24 20:00:00,52.975538878294856,23.5,93.26,0.0,0.01,initial,0.0,3.6651136518712995e-06,0,0.0
48046,2025-06-24 21:00:00,54.8207617139018,23.29,94.48,0.0,0.07,initial,0.0,2.000198811380186e-06,0,0.0
48047,2025-06-24 22:00:00,53.46669637695598,23.06,95.51,0.0,0.08,initial,0.0,1.9699872489937366e-06,0,0.0
48048,2025-06-24 23:00:00,55.29831772567926,22.78,96.71,0.0,0.08,initial,0.0,1.0954575111384101e-06,0,0.0
48049,2025-06-25 00:00:00,54.46800929290393,22.48,97.85,0.0,0.07,initial,0.0,5.095935223996616e-07,0,0.0
48050,2025-06-25 01:00:00,54.09495099892732,22.23,98.7,0.0,0.05,initial,0.0,2.9333106825179945e-07,0,0.0
48051,2025-06-25 02:00:00,54.05363340554239,21.98,99.41,0.0,0.03,initial,0.0,1.265781453666966e-07,0,0.0
48052,2025-06-25 03:00:00,55.88242524849278,21.65,100.0,0.0,0.02,initial,0.0,4.742249635910071e-09,0,0.0
48053,2025-06-25 04:00:00,54.51355656090365,21.45,100.0,0.0,0.02,initial,0.0,2.299219003006957e-09,0,0.0
48054,2025-06-25 05:00:00,54.13934152416537,21.34,100.0,0.0,0.03,initial,0.0,9.852308785013536e-10,0,0.0
48055,2025-06-25 06:00:00,55.3255647385317,22.49,96.43,0.2,0.08,initial,0.0,8.01352140902273e-10,0,0.0
48056,2025-06-25 07:00:00,55.09345532384292,24.38,87.5,0.67,0.12,initial,0.0,1.5639217844866993e-08,0,0.0
48057,2025-06-25 08:00:00,53.71038896563594,26.15,76.71,1.07,0.16,initial,0.0,3.668945636591523e-06,0,0.0
48058,2025-06-25 09:00:00,54.621637265771646,27.65,68.71,1.53,0.46,initial,0.0,4.113000594932134e-05,0,0.0
48059,2025-06-25 10:00:00,53.459035458663,28.73,64.38,1.68,0.68,initial,0.0,0.008074470079266392,0,0.0
48060,2025-06-25 11:00:00,55.04051094872958,29.51,60.85,1.49,0.63,initial,0.0,0.0017008932146113246,0,0.0
48061,2025-06-25 12:00:00,55.47032783178972,29.73,59.42,1.44,0.64,initial,0.0,0.0010865752787211321,0,0.0
48062,2025-06-25 13:00:00,55.57603911765256,29.25,61.31,1.39,0.5,initial,0.0,0.0005519219681538043,0,0.0
48063,2025-06-25 14:00:00,54.28171966451713,28.22,66.06,0.9,0.34,initial,0.0,0.000924782263629654,0,0.0
48064,2025-06-25 15:00:00,54.39453297071533,26.88,72.97,0.53,0.29,initial,0.0,0.00013359014611098125,0,0.0
48065,2025-06-25 16:00:00,55.14663493628476,25.31,81.87,0.19,0.23,initial,0.0,1.1282785988768772e-05,0,0.0
48066,2025-06-25 17:00:00,56.20631122897819,23.93,90.67,0.0,0.34,initial,0.0,1.4692109772437436e-06,0,0.0
48067,2025-06-25 18:00:00,55.80457670630344,23.36,95.01,0.0,0.42,initial,0.0,9.807837931216364e-07,0,0.0
48068,2025-06-25 19:00:00,55.84693926453006,23.25,96.1,0.0,0.45,initial,0.0,1.0424229528850243e-06,0,0.0
48069,2025-06-25 20:00:00,57.61960409380227,23.2,96.56,0.0,0.44,initial,0.0,6.51516903692362e-07,0,0.0
48070,2025-06-25 21:00:00,57.50919761968699,23.16,96.58,0.0,0.45,initial,0.0,1.0002949970315604e-06,0,0.0
48071,2025-06-25 22:00:00,58.048912592037006,23.09,96.47,0.0,0.4,initial,0.0,1.218555486753967e-06,0,0.0
48072,2025-06-25 23:00:00,58.96909631055909,22.97,96.69,0.0,0.34,initial,0.0,7.852142863960304e-07,0,0.0
48073,2025-06-26 00:00:00,58.84138267416446,22.86,96.66,0.0,0.47,initial,0.0,3.42739543734456e-07,0,0.0
48074,2025-06-26 01:00:00,58.60918450081188,22.69,96.98,0.0,0.35,initial,0.0,7.626283996344287e-08,0,0.0
48075,2025-06-26 02:00:00,59.669756965772216,22.59,97.01,0.0,0.35,initial,0.0,3.895831806060984e-09,0,0.0
48076,2025-06-26 03:00:00,61.15813489308216,22.56,97.02,0.0,0.38,initial,0.0,9.705251081200194e-11,0,0.0
48077,2025-06-26 04:00:00,62.28256385689352,22.53,97.1,0.0,0.4,initial,0.0,3.609714307325883e-12,0,0.0
48078,2025-06-26 05:00:00,60.53093533041341,22.55,97.0,0.0,0.59,initial,0.0,5.144873078312382e-12,0,0.0
48079,2025-06-26 06:00:00,63.37822516860683,22.86,96.49,0.17,0.45,initial,0.0,1.8982875668446319e-13,0,0.0
48080,2025-06-26 07:00:00,62.117255327181375,23.69,94.75,0.55,0.41,initial,0.0,1.8936925325984714e-12,0,0.0
48081,2025-06-26 08:00:00,62.52344732664754,24.59,89.52,0.97,0.34,initial,0.0,6.664055601452937e-12,0,0.0
48082,2025-06-26 09:00:00,63.78962805745025,25.85,78.46,1.49,0.31,initial,0.0,9.373621110105798e-12,0,0.0
48083,2025-06-26 10:00:00,62.132648555384655,27.16,68.21,1.77,0.48,initial,0.0,6.405766045116372e-10,0,0.0
48084,2025-06-26 11:00:00,62.280899073423264,27.72,64.32,2.0,0.54,initial,0.0,1.3646618060525489e-09,0,0.0
48085,2025-06-26 12:00:00,61.91629076761296,27.83,63.31,1.96,0.47,initial,0.0,4.7980738434309705e-09,0,0.0
48086,2025-06-26 13:00:00,62.30082479823925,27.57,63.99,1.75,0.38,initial,0.0,3.5883227870675617e-09,0,0.0
48087,2025-06-26 14:00:00,62.31311470937928,26.99,65.91,1.5,0.29,initial,0.0,6.881420216788085e-09,0,0.0
48088,2025-06-26 15:00:00,61.31169685130792,26.05,69.8,0.96,0.21,initial,0.0,4.9639305931746995e-08,0,0.0
48089,2025-06-26 16:00:00,62.86794782579423,24.67,77.52,0.41,0.14,initial,0.0,5.284731645613991e-09,0,0.0
48090,2025-06-26 17:00:00,61.10215094566951,23.12,86.97,0.0,0.13,initial,0.0,2.212960452562178e-08,0,0.0
48091,2025-06-26 18:00:00,62.19873046736375,22.54,90.86,0.0,0.08,initial,0.0,1.170780389776884e-08,0,0.0
48092,2025-06-26 19:00:00,61.90874930620559,22.24,92.64,0.0,0.07,initial,0.0,2.916246648722207e-08,0,0.0
48093,2025-06-26 20:00:00,62.95749096232776,22.01,93.85,0.0,0.06,initial,0.0,3.0019247597627115e-08,0,0.0
48094,2025-06-26 21:00:00,61.406868129654654,21.82,94.78,0.0,0.07,initial,0.0,1.0767494153467678e-07,0,0.0
48095,2025-06-26 22:00:00,62.62053932971072,21.69,95.4,0.0,0.09,initial,0.0,9.86391419301415e-08,0,0.0
48096,2025-06-26 23:00:00,64.22437716204317,21.53,96.2,0.0,0.1,initial,0.0,1.2568731506212608e-08,0,0.0
48097,2025-06-27 00:00:00,61.25922152545797,21.41,96.69,0.0,0.1,initial,0.0,4.6575964712257096e-08,0,0.0
48098,2025-06-27 01:00:00,61.829544116369576,21.29,97.12,0.0,0.11,initial,0.0,3.835645347858134e-09,0,0.0
48099,2025-06-27 02:00:00,64.32969115883796,21.21,97.19,0.0,0.09,initial,0.0,2.2674809904443972e-11,0,0.0
48100,2025-06-27 03:00:00,62.65518053857191,21.14,97.11,0.0,0.08,initial,0.0,9.077643924610728e-12,0,0.0
48101,2025-06-27 04:00:00,62.94088749879209,21.07,96.81,0.0,0.07,initial,0.0,8.459874130923921e-13,0,0.0
48102,2025-06-27 05:00:00,62.64670085010447,20.97,96.61,0.0,0.05,initial,0.0,2.3778989473664995e-13,0,0.0
48103,2025-06-27 06:00:00,64.29836006525731,21.6,94.96,0.18,0.05,initial,0.0,4.0703363753550576e-14,0,0.0
48104,2025-06-27 07:00:00,61.63421941120696,22.82,91.12,0.55,0.09,initial,0.0,2.94227996248528e-12,0,0.0
48105,2025-06-27 08:00:00,63.688464043765606,24.32,82.15,1.04,0.07,initial,0.0,2.1923671875370328e-12,0,0.0
48106,2025-06-27 09:00:00,61.12310584512084,26.21,68.16,1.57,0.04,initial,0.0,8.202244480552308e-10,0,0.0
48107,2025-06-27 10:00:00,60.58310251443625,27.49,60.79,1.79,0.06,initial,0.0,1.0647451083851576e-08,0,0.0
48108,2025-06-27 11:00:00,60.47344348686554,28.06,58.47,1.92,0.09,initial,0.0,4.031748648518295e-08,0,0.0
48109,2025-06-27 12:00:00,60.788229693730905,28.16,58.31,1.83,0.14,initial,0.0,4.2521524631632934e-08,0,0.0
48110,2025-06-27 13:00:00,59.95040438627141,27.85,59.5,1.28,0.19,initial,0.0,2.5998895028729366e-07,0,0.0
48111,2025-06-27 14:00:00,59.55951086601376,27.1,62.45,0.94,0.16,initial,0.0,4.156568674929998e-07,0,0.0
48112,2025-06-27 15:00:00,59.18011437708508,25.84,68.32,0.59,0.15,initial,0.0,4.657180002403668e-07,0,0.0
48113,2025-06-27 16:00:00,59.05518973396421,24.43,76.04,0.26,0.14,initial,0.0,3.5423337059376465e-07,0,0.0
48114,2025-06-27 17:00:00,59.02473382345922,22.89,85.22,0.0,0.12,initial,0.0,1.2367548201670902e-07,0,0.0
48115,2025-06-27 18:00:00,60.096397057953226,22.16,89.77,0.0,0.11,initial,0.0,4.687869895491267e-08,0,0.0
48116,2025-06-27 19:00:00,59.5122837244628,21.73,92.51,0.0,0.09,initial,0.0,8.487038220891143e-08,0,0.0
48117,2025-06-27 20:00:00,57.97634886032811,21.52,93.49,0.0,0.07,initial,0.0,2.396195605022458e-07,0,0.0
48118,2025-06-27 21:00:00,60.16617354798301,21.44,93.84,0.0,0.07,initial,0.0,1.3619031823982737e-07,0,0.0
48119,2025-06-27 22:00:00,60.90804199642778,21.39,94.42,0.0,0.09,initial,0.0,1.808389919430984e-07,0,0.0
48120,2025-06-27 23:00:00,60.22295602969776,21.24,95.51,0.0,0.11,initial,0.0,2.00468418356495e-07,0,0.0
48121,2025-06-28 00:00:00,59.587375925439474,21.19,96.07,0.0,0.12,initial,0.0,9.550150343402797e-08,0,0.0
48122,2025-06-28 01:00:00,61.379534304747445,21.15,96.63,0.0,0.15,initial,0.0,5.202007480078313e-09,0,0.0
48123,2025-06-28 02:00:00,59.87297313594252,21.15,97.04,0.0,0.15,initial,0.0,1.6161272925228244e-09,0,0.0
48124,2025-06-28 03:00:00,60.91406693361307,21.09,97.33,0.0,0.16,initial,0.0,5.0244617783919114e-11,0,0.0
48125,2025-06-28 04:00:00,61.37852030905114,21.0,97.66,0.0,0.18,initial,0.0,4.0513611006684795e-12,0,0.0
48126,2025-06-28 05:00:00,62.521834027794185,20.98,97.69,0.0,0.21,initial,0.0,2.586247212776261e-13,0,0.0
48127,2025-06-28 06:00:00,62.42069585461081,21.76,96.39,0.15,0.24,initial,0.0,2.983801407617207e-13,0,0.0
48128,2025-06-28 07:00:00,62.398317909959005,22.99,93.72,0.49,0.33,initial,0.0,1.0463387566435934e-12,0,0.0
48129,2025-06-28 08:00:00,63.08630877910555,24.22,87.92,0.97,0.36,initial,0.0,3.0491956584387414e-12,0,0.0
48130,2025-06-28 09:00:00,61.88140959147283,25.78,76.74,1.37,0.73,initial,0.0,1.806710501085297e-10,0,0.0
48131,2025-06-28 10:00:00,64.38741487986562,27.06,68.52,1.75,0.69,initial,0.0,1.0095180054476734e-11,0,0.0
48132,2025-06-28 11:00:00,60.92395034180949,27.84,63.85,1.86,0.69,initial,0.0,1.7584313029862975e-08,0,0.0
48133,2025-06-28 12:00:00,64.5367194693447,27.84,62.41,2.0,0.52,initial,0.0,3.3151585863864716e-11,0,0.0
48134,2025-06-28 13:00:00,62.536540361513815,27.51,62.46,1.7,0.34,initial,0.0,2.3537408939176562e-09,0,0.0
48135,2025-06-28 14:00:00,63.29181514096763,26.81,64.2,1.4,0.26,initial,0.0,1.176885599894291e-09,0,0.0
48136,2025-06-28 15:00:00,63.91242196671048,25.65,69.04,0.86,0.17,initial,0.0,1.3583212800368127e-09,0,0.0
48137,2025-06-28 16:00:00,63.0741691541749,24.2,76.87,0.39,0.15,initial,0.0,3.6309405023320108e-09,0,0.0
48138,2025-06-28 17:00:00,62.89741052855797,22.59,85.27,0.0,0.11,initial,0.0,3.446923670306735e-09,0,0.0
48139,2025-06-28 18:00:00,63.48003771474538,21.82,88.74,0.0,0.15,initial,0.0,3.2814271389558698e-09,0,0.0
48140,2025-06-28 19:00:00,61.66552391360396,21.31,90.35,0.0,0.05,initial,0.0,2.1084838043281095e-08,0,0.0
48141,2025-06-28 20:00:00,61.79801850054494,20.84,91.88,0.0,0.01,initial,0.0,3.353851335876644e-08,0,0.0
48142,2025-06-28 21:00:00,63.07906142749096,20.47,92.56,0.0,0.0,initial,0.0,2.0343007583622765e-08,0,0.0
48143,2025-06-28 22:00:00,62.71638938504895,20.11,93.4,0.0,0.01,initial,0.0,2.5589595836023878e-08,0,0.0
48144,2025-06-28 23:00:00,62.636727702355,19.92,92.83,0.0,0.01,initial,0.0,1.3632470702253983e-08,0,0.0
48145,2025-06-29 00:00:00,63.90253567928163,19.67,92.63,0.0,0.02,initial,0.0,1.5476394440009196e-09,0,0.0
48146,2025-06-29 01:00:00,63.84566042913879,19.31,93.48,0.0,0.01,initial,0.0,1.8513681035351474e-10,0,0.0
48147,2025-06-29 02:00:00,62.20038752464925,19.1,93.75,0.0,0.01,initial,0.0,5.5527002820843584e-11,0,0.0
48148,2025-06-29 03:00:00,63.30341170777668,19.01,92.9,0.0,0.01,initial,0.0,1.3862048833944678e-12,0,0.0
48149,2025-06-29 04:00:00,61.71051869953428,18.89,92.74,0.0,0.01,initial,0.0,8.701358224798026e-13,0,0.0
48150,2025-06-29 05:00:00,61.703776141804205,18.75,93.15,0.0,0.01,initial,0.0,2.156157568386878e-13,0,0.0
48151,2025-06-29 06:00:00,62.27269772688965,19.98,91.0,0.26,0.01,initial,0.0,2.0635139645289653e-13,0,0.0
48152,2025-06-29 07:00:00,62.79756020568251,22.68,81.71,0.88,0.02,initial,0.0,1.584020805578524e-12,0,0.0
48153,2025-06-29 08:00:00,62.010138047889605,24.93,67.38,1.56,0.02,initial,0.0,3.4299245808101625e-11,0,0.0
48154,2025-06-29 09:00:00,62.46103848146227,26.61,58.4,2.16,0.03,initial,0.0,9.92137938515396e-11,0,0.0
48155,2025-06-29 10:00:00,61.524648635415225,27.78,53.62,2.5,0.01,initial,0.0,1.899931940254037e-09,0,0.0
48156,2025-06-29 11:00:00,61.79862975285313,28.54,50.05,2.57,0.01,initial,0.0,3.1610990924169974e-09,0,0.0
48157,2025-06-29 12:00:00,60.70416381175792,28.88,48.12,2.57,0.02,initial,0.0,5.738574708051708e-08,0,0.0
48158,2025-06-29 13:00:00,58.80727261515992,28.86,47.78,2.16,0.01,initial,0.0,3.7388526592261762e-06,0,0.0
48159,2025-06-29 14:00:00,59.79544457924937,28.42,49.03,1.66,0.01,initial,0.0,6.099783649491949e-07,0,0.0
48160,2025-06-29 15:00:00,57.927864054142056,27.47,52.21,1.06,0.01,initial,0.0,6.008569165701076e-06,0,0.0
48161,2025-06-29 16:00:00,58.626750186663706,25.84,60.2,0.45,0.01,initial,0.0,5.114761686442573e-07,0,0.0
48162,2025-06-29 17:00:00,57.74420513437621,23.6,72.12,0.0,0.01,initial,0.0,2.7979591604613446e-07,0,0.0
48163,2025-06-29 18:00:00,59.209800279620296,22.63,79.3,0.0,0.01,initial,0.0,8.259471645870456e-08,0,0.0
48164,2025-06-29 19:00:00,58.76048411176812,22.07,85.54,0.0,0.02,initial,0.0,1.1552902598584776e-07,0,0.0
48165,2025-06-29 20:00:00,57.65893957522837,21.6,91.08,0.0,0.03,initial,0.0,2.4972509869858307e-07,0,0.0
48166,2025-06-29 21:00:00,57.916724760825446,21.25,95.32,0.0,0.01,initial,0.0,2.8854331708862276e-07,0,0.0
48167,2025-06-29 22:00:00,60.86598659396259,21.02,98.0,0.0,0.02,initial,0.0,1.748655788507485e-07,0,0.0
48168,2025-06-29 23:00:00,57.27927448300836,20.91,99.48,0.0,0.03,initial,0.0,2.8576370411597647e-07,0,0.0
48169,2025-06-30 00:00:00,57.7746061645378,20.91,99.7,0.0,0.05,initial,0.0,1.2475757936877212e-07,0,0.0
48170,2025-06-30 01:00:00,57.901223058693645,20.97,99.22,0.0,0.07,initial,0.0,4.38152237500104e-08,0,0.0
48171,2025-06-30 02:00:00,57.61088988426464,21.1,98.2,0.0,0.08,initial,0.0,1.0393882008711958e-08,0,0.0
48172,2025-06-30 03:00:00,57.807453051031096,21.21,97.53,0.0,0.09,initial,0.0,1.013433164541146e-09,0,0.0
48173,2025-06-30 04:00:00,58.70110370293446,21.21,97.53,0.0,0.11,initial,0.0,5.915787399048e-11,0,0.0
48174,2025-06-30 05:00:00,59.319262319006896,21.18,97.54,0.0,0.12,initial,0.0,8.347052729310805e-12,0,0.0
48175,2025-06-30 06:00:00,57.83851992616487,21.76,95.88,0.17,0.14,initial,0.0,4.2989906576786846e-11,0,0.0
48176,2025-06-30 07:00:00,58.74807153766174,22.79,92.73,0.5,0.16,initial,0.0,6.746909338958166e-11,0,0.0
48177,2025-06-30 08:00:00,58.43957228321755,23.92,86.63,0.87,0.2,initial,0.0,8.850766139958875e-10,0,0.0
48178,2025-06-30 09:00:00,58.07382989670098,25.49,75.45,1.37,0.3,initial,0.0,5.4015604713041115e-08,0,0.0
48179,2025-06-30 10:00:00,59.60872043708994,26.68,67.77,1.81,0.28,initial,0.0,5.439967861476741e-08,0,0.0
48180,2025-06-30 11:00:00,57.92622256218762,27.33,64.46,1.7,0.27,initial,0.0,4.348103291669981e-06,0,0.0
48181,2025-06-30 12:00:00,57.0093970264784,27.66,62.59,1.62,0.16,initial,0.0,5.45037989806154e-05,0,0.0
48182,2025-06-30 13:00:00,58.32307421285681,27.55,62.19,1.93,0.1,initial,0.0,5.921352044778751e-06,0,0.0
48183,2025-06-30 14:00:00,58.134320030863535,27.16,62.86,1.5,0.05,initial,0.0,7.654262895978234e-06,0,0.0
48184,2025-06-30 15:00:00,56.90090826670663,26.45,64.98,0.96,0.02,initial,0.0,1.8647590232931618e-05,0,0.0
48185,2025-06-30 16:00:00,55.654142624924845,25.29,69.86,0.43,0.01,initial,0.0,7.670109477504779e-06,0,0.0
48186,2025-06-30 17:00:00,56.033378924934375,23.58,78.03,0.0,0.01,initial,0.0,9.8682124302711e-07,0,0.0
48187,2025-06-30 18:00:00,55.74398054847859,22.89,81.22,0.0,0.01,initial,0.0,5.838375209636577e-07,0,0.0
48188,2025-06-30 19:00:00,56.253496533835374,22.4,84.02,0.0,0.02,initial,0.0,4.4709179007827526e-07,0,0.0
48189,2025-06-30 20:00:00,56.90323764854287,22.08,86.12,0.0,0.03,initial,0.0,3.398324730724776e-07,0,0.0
48190,2025-06-30 21:00:00,56.36032739347331,21.76,88.38,0.0,0.04,initial,0.0,4.181164103888288e-07,0,0.0
48191,2025-06-30 22:00:00,56.4401875631452,21.48,90.51,0.0,0.05,initial,0.0,6.132388357927094e-07,0,0.0
48192,2025-06-30 23:00:00,56.107542009176335,21.23,92.26,0.0,0.06,initial,0.0,4.011581188459932e-07,0,0.0
48193,2025-07-01 00:00:00,57.13740166372556,21.02,93.73,0.0,0.07,initial,0.0,1.4743793767895507e-07,0,0.0
48194,2025-07-01 01:00:00,56.98763842213916,20.86,94.86,0.0,0.07,initial,0.0,7.039076485053615e-08,0,0.0
48195,2025-07-01 02:00:00,55.322458189813446,20.75,95.41,0.0,0.08,initial,0.0,4.0370069184532966e-08,0,0.0
48196,2025-07-01 03:00:00,55.46782136596618,20.62,95.78,0.0,0.08,initial,0.0,5.586996551303491e-09,0,0.0
48197,2025-07-01 04:00:00,56.727693411012254,20.54,95.76,0.0,0.08,initial,0.0,2.875824567934221e-10,0,0.0
48198,2025-07-01 05:00:00,57.8820475129199,20.55,95.47,0.0,0.09,initial,0.0,2.6026444573793638e-11,0,0.0
48199,2025-07-01 06:00:00,58.13882785426876,21.35,93.18,0.2,0.08,initial,0.0,3.146424710384331e-11,0,0.0
48200,2025-07-01 07:00:00,57.74002783413553,22.81,87.94,0.74,0.07,initial,0.0,3.54674429775339e-10,0,0.0
48201,2025-07-01 08:00:00,56.83108459123299,24.34,79.58,1.33,0.11,initial,0.0,2.4434491264664484e-08,0,0.0
48202,2025-07-01 09:00:00,58.01478502758644,25.68,71.52,1.75,0.27,initial,0.0,1.2195448790446049e-07,0,0.0
48203,2025-07-01 10:00:00,56.168318328131285,27.29,62.71,1.87,0.36,initial,0.0,4.2249903886561446e-05,0,0.0
48204,2025-07-01 11:00:00,56.23890073461981,28.18,58.09,1.77,0.3,initial,0.0,0.0001351778004529724,0,0.0
48205,2025-07-01 12:00:00,55.01887151548485,28.36,56.84,1.55,0.22,initial,0.0,0.0023442744066286734,0,0.0
48206,2025-07-01 13:00:00,55.46975314322778,28.25,56.62,1.6,0.16,initial,0.0,0.0008844524143464428,0,0.0
48207,2025-07-01 14:00:00,54.63509671862506,27.71,57.73,1.07,0.1,initial,0.0,0.001197569095919452,0,0.0
48208,2025-07-01 15:00:00,56.18351504846813,26.71,61.03,0.71,0.06,initial,0.0,2.267717782270794e-05,0,0.0
48209,2025-07-01 16:00:00,55.74796874944472,25.22,67.72,0.32,0.03,initial,0.0,5.106006956692415e-06,0,0.0
48210,2025-07-01 17:00:00,54.59995126642292,23.15,78.16,0.0,0.03,initial,0.0,1.732761968958802e-06,0,0.0
48211,2025-07-01 18:00:00,54.9853840442117,22.2,83.96,0.0,0.05,initial,0.0,6.361029263545737e-07,0,0.0
48212,2025-07-01 19:00:00,54.165963690451456,21.58,88.11,0.0,0.03,initial,0.0,8.878414068605709e-07,0,0.0
48213,2025-07-01 20:00:00,52.632506483425416,21.11,90.72,0.0,0.01,initial,0.0,1.012668598343567e-06,0,0.0
48214,2025-07-01 21:00:00,54.06435591173685,20.69,92.98,0.0,0.01,initial,0.0,5.34922214287755e-07,0,0.0
48215,2025-07-01 22:00:00,55.2976977247562,20.32,95.0,0.0,0.02,initial,0.0,3.860360462165946e-07,0,0.0
48216,2025-07-01 23:00:00,55.07485308153602,20.05,96.32,0.0,0.02,initial,0.0,1.8362594841959342e-07,0,0.0
48217,2025-07-02 00:00:00,54.44817068733983,20.01,96.66,0.0,0.03,initial,0.0,9.349405072470886e-08,0,0.0
48218,2025-07-02 01:00:00,55.3909295462567,19.88,97.0,0.0,0.03,initial,0.0,5.2195927768260034e-08,0,0.0
48219,2025-07-02 02:00:00,54.472665844577534,19.81,97.04,0.0,0.04,initial,0.0,3.0900940343966693e-08,0,0.0
48220,2025-07-02 03:00:00,53.98603788423802,19.78,97.09,0.0,0.04,initial,0.0,9.777805872609884e-09,0,0.0
48221,2025-07-02 04:00:00,55.528501077870274,19.71,97.17,0.0,0.03,initial,0.0,5.068123366281366e-10,0,0.0
48222,2025-07-02 05:00:00,54.47237021300595,19.66,97.28,0.0,0.02,initial,0.0,3.67488402425538e-10,0,0.0
48223,2025-07-02 06:00:00,55.808117187673886,20.65,94.33,0.2,0.02,initial,0.0,2.135939435676046e-10,0,0.0
48224,2025-07-02 07:00:00,53.30143021448837,22.17,88.19,0.77,0.06,initial,0.0,3.70570817058e-08,0,0.0
48225,2025-07-02 08:00:00,54.180457026413336,23.83,78.35,1.44,0.04,initial,0.0,1.1401467832657605e-06,0,0.0
48226,2025-07-02 09:00:00,54.7205178803713,25.68,66.54,1.86,0.04,initial,0.0,3.72253935170813e-05,0,0.0
48227,2025-07-02 10:00:00,54.13242077094153,26.92,59.63,1.92,0.03,initial,0.0,0.0021140782887758445,0,0.0
48228,2025-07-02 11:00:00,52.99233549371924,27.67,56.06,1.69,0.03,initial,0.0,0.07786895118660281,0,0.0
48229,2025-07-02 12:00:00,52.79716418816672,27.84,54.84,1.81,0.02,initial,0.0,0.14349255302308306,0,0.0
48230,2025-07-02 13:00:00,52.08635440817527,27.7,54.23,1.64,0.01,initial,0.0,0.2379833309522638,0,0.0
48231,2025-07-02 14:00:00,50.26504992506227,27.25,54.57,1.3,0.02,initial,0.0,0.2866670973908372,0,0.0
48232,2025-07-02 15:00:00,50.77206714943958,26.18,58.25,0.78,0.04,initial,0.0,0.0069402088122516295,0,0.0
48233,2025-07-02 16:00:00,51.03140576724205,24.67,65.89,0.32,0.08,initial,0.0,0.00014091671175882253,0,0.0
48234,2025-07-02 17:00:00,51.30470296134582,22.56,77.92,0.0,0.17,initial,0.0,7.234607038747927e-06,0,0.0
48235,2025-07-02 18:00:00,51.247630881874,21.45,86.51,0.0,0.32,initial,0.0,2.864920631420409e-06,0,0.0
48236,2025-07-02 19:00:00,51.508159806943446,20.87,91.88,0.0,0.52,initial,0.0,1.6231631305604415e-06,0,0.0
48237,2025-07-02 20:00:00,51.669630689722176,20.62,95.1,0.0,0.63,initial,0.0,9.565471776982118e-07,0,0.0
48238,2025-07-02 21:00:00,54.201952935338674,20.5,96.93,0.0,0.69,initial,0.0,4.835458485954359e-07,0,0.0
48239,2025-07-02 22:00:00,54.85150658692552,20.48,97.49,0.0,0.59,initial,0.0,4.253132250258289e-07,0,0.0
48240,2025-07-02 23:00:00,55.652015476781386,20.6,97.39,0.0,0.42,initial,0.0,2.571774678623697e-07,0,0.0
48241,2025-07-03 00:00:00,54.337031788841735,20.79,97.17,0.0,0.27,initial,0.0,1.6178504848474095e-07,0,0.0
48242,2025-07-03 01:00:00,55.597338106390986,20.98,97.2,0.0,0.24,initial,0.0,1.043374419054573e-07,0,0.0
48243,2025-07-03 02:00:00,55.15841538609904,21.09,97.07,0.0,0.17,initial,0.0,4.8447375356412076e-08,0,0.0
48244,2025-07-03 03:00:00,55.88688752947399,21.13,96.82,0.0,0.11,initial,0.0,4.8116826837276435e-09,0,0.0
48245,2025-07-03 04:00:00,58.26255817559656,21.12,96.4,0.0,0.07,initial,0.0,8.904863405647523e-11,0,0.0
48246,2025-07-03 05:00:00,56.71014529857379,21.03,95.76,0.0,0.04,initial,0.0,1.1190602986144819e-10,0,0.0
48247,2025-07-03 06:00:00,55.43271833916411,21.33,94.26,0.2,0.04,initial,0.0,4.665320335350768e-10,0,0.0
48248,2025-07-03 07:00:00,55.76440461177861,22.22,91.23,0.69,0.08,initial,0.0,1.8246433970422832e-09,0,0.0
48249,2025-07-03 08:00:00,55.44703443239797,23.43,83.94,1.22,0.08,initial,0.0,6.626304753714695e-08,0,0.0
48250,2025-07-03 09:00:00,55.58190778672633,25.19,69.55,1.62,0.17,initial,0.0,4.5324998573799544e-06,0,0.0
48251,2025-07-03 10:00:00,53.85487987180514,26.42,60.74,2.05,0.13,initial,0.0,0.0031704291971241493,0,0.0
48252,2025-07-03 11:00:00,54.870859785591485,26.85,57.76,2.36,0.14,initial,0.0,0.0013769483115907955,0,0.0
48253,2025-07-03 12:00:00,52.3831926226413,26.99,56.58,2.52,0.1,initial,0.0,0.18121404956793266,0,0.0
48254,2025-07-03 13:00:00,52.2019792758068,26.84,56.41,2.13,0.08,initial,0.0,0.19551976021686845,0,0.0
48255,2025-07-03 14:00:00,54.64523931780894,26.43,57.16,1.72,0.06,initial,0.0,0.0018240698648275134,0,0.0
48256,2025-07-03 15:00:00,52.31387239466593,25.69,59.46,1.07,0.02,initial,0.0,0.002837164245127214,0,0.0
48257,2025-07-03 16:00:00,53.43867008766436,24.47,65.13,0.46,0.02,initial,0.0,2.921576983355728e-05,0,0.0
48258,2025-07-03 17:00:00,51.51632185101526,22.54,75.39,0.0,0.03,initial,0.0,6.175541363570492e-06,0,0.0
48259,2025-07-03 18:00:00,50.52074699658293,21.66,81.04,0.0,0.03,initial,0.0,3.6718873458508155e-06,0,0.0
48260,2025-07-03 19:00:00,51.37390822026046,21.13,84.83,0.0,0.01,initial,0.0,1.6157947068559375e-06,0,0.0
48261,2025-07-03 20:00:00,54.364852229242025,20.78,87.42,0.0,0.0,initial,0.0,3.9916545975665775e-07,0,0.0
48262,2025-07-03 21:00:00,51.09840705058559,20.65,88.34,0.0,0.01,initial,0.0,9.742077956467454e-07,0,0.0
48263,2025-07-03 22:00:00,53.66064159717702,20.56,89.28,0.0,0.01,initial,0.0,5.148204646263262e-07,0,0.0
48264,2025-07-03 23:00:00,52.59062357559099,20.48,90.49,0.0,0.06,initial,0.0,3.105342284279965e-07,0,0.0
48265,2025-07-04 00:00:00,52.58532057455546,20.47,91.35,0.0,0.14,initial,0.0,1.5471144943659414e-07,0,0.0
48266,2025-07-04 01:00:00,52.26557480958883,20.33,92.95,0.0,0.3,initial,0.0,9.937631431425034e-08,0,0.0
48267,2025-07-04 02:00:00,52.73098228558269,20.19,94.4,0.0,0.47,initial,0.0,6.151148832057885e-08,0,0.0
48268,2025-07-04 03:00:00,54.678228089227545,20.04,95.54,0.0,0.62,initial,0.0,7.426345968066295e-09,0,0.0
48269,2025-07-04 04:00:00,56.20737303945959,19.98,95.92,0.0,0.74,initial,0.0,3.334334364554309e-10,0,0.0
48270,2025-07-04 05:00:00,56.35898512180178,19.99,95.89,0.0,0.84,initial,0.0,7.95606301814012e-11,0,0.0
48271,2025-07-04 06:00:00,57.83110736846369,20.45,94.97,0.18,0.83,initial,0.0,2.2755978749563986e-11,0,0.0
48272,2025-07-04 07:00:00,57.65450797995821,21.42,92.69,0.65,0.73,initial,0.0,1.2758581861176797e-10,0,0.0
48273,2025-07-04 08:00:00,60.35519969392935,22.45,87.57,1.27,0.74,initial,0.0,4.516982869414919e-11,0,0.0
48274,2025-07-04 09:00:00,58.74124404107269,23.6,79.79,1.8,0.29,initial,0.0,8.084429944644151e-09,0,0.0
48275,2025-07-04 10:00:00,59.92669452814762,24.81,72.66,1.84,0.22,initial,0.0,1.3734860739365266e-08,0,0.0
48276,2025-07-04 11:00:00,57.14214199515634,25.71,67.97,1.72,0.16,initial,0.0,9.749002174311112e-06,0,0.0
48277,2025-07-04 12:00:00,57.409299710613446,26.46,64.09,1.79,0.11,initial,0.0,2.0662066381745427e-05,0,0.0
48278,2025-07-04 13:00:00,57.81667467804397,26.56,63.02,1.68,0.08,initial,0.0,1.1036854719637966e-05,0,0.0
48279,2025-07-04 14:00:00,56.61034897198048,26.26,63.73,1.22,0.05,initial,0.0,5.395298827155374e-05,0,0.0
48280,2025-07-04 15:00:00,56.5195698578823,25.6,65.88,0.76,0.03,initial,0.0,1.599581179307906e-05,0,0.0
48281,2025-07-04 16:00:00,55.04490942636257,24.42,71.36,0.35,0.02,initial,0.0,7.69675972550753e-06,0,0.0
48282,2025-07-04 17:00:00,55.3582650152285,22.58,81.19,0.0,0.01,initial,0.0,9.798800585821816e-07,0,0.0
48283,2025-07-04 18:00:00,54.98240172619771,21.91,84.47,0.0,0.0,initial,0.0,5.581818427897778e-07,0,0.0
48284,2025-07-04 19:00:00,55.6267380735376,21.4,87.31,0.0,0.01,initial,0.0,4.0174401548146174e-07,0,0.0
48285,2025-07-04 20:00:00,55.55693972821224,21.09,89.22,0.0,0.01,initial,0.0,3.5272797659215557e-07,0,0.0
48286,2025-07-04 21:00:00,55.32192708837492,20.97,90.49,0.0,0.03,initial,0.0,4.1311660520696795e-07,0,0.0
48287,2025-07-04 22:00:00,56.32603693121209,20.87,91.76,0.0,0.06,initial,0.0,4.5631360207392647e-07,0,0.0
48288,2025-07-04 23:00:00,55.043021554030325,20.75,92.88,0.0,0.06,initial,0.0,3.072977590000102e-07,0,0.0
48289,2025-07-05 00:00:00,54.23830627102054,20.66,93.82,0.0,0.05,initial,0.0,1.471959588144169e-07,0,0.0
48290,2025-07-05 01:00:00,55.55040208706568,20.62,94.6,0.0,0.04,initial,0.0,8.488238834845094e-08,0,0.0
48291,2025-07-05 02:00:00,57.79208236095679,20.46,95.63,0.0,0.05,initial,0.0,7.3232482518819966e-09,0,0.0
48292,2025-07-05 03:00:00,56.55307829086264,20.02,97.58,0.0,0.06,initial,0.0,1.616619358366725e-09,0,0.0
48293,2025-07-05 04:00:00,55.55566672577133,19.73,98.67,0.0,0.07,initial,0.0,4.565740664453074e-10,0,0.0
48294,2025-07-05 05:00:00,56.73868816365536,19.59,99.29,0.0,0.12,initial,0.0,3.656480591553476e-11,0,0.0
48295,2025-07-05 06:00:00,56.587841642718544,20.75,95.96,0.17,0.25,initial,0.0,9.32966539340566e-11,0,0.0
48296,2025-07-05 07:00:00,57.286613645398624,22.19,91.95,0.55,0.35,initial,0.0,2.6584105442476447e-10,0,0.0
48297,2025-07-05 08:00:00,57.87944583726248,23.36,85.66,0.96,0.4,initial,0.0,1.6444201578955225e-09,0,0.0
48298,2025-07-05 09:00:00,57.21556758193262,24.76,77.03,1.28,0.25,initial,0.0,1.2067938154035215e-07,0,0.0
48299,2025-07-05 10:00:00,56.92221619674262,25.85,70.78,1.51,0.23,initial,0.0,3.860793912359207e-06,0,0.0
48300,2025-07-05 11:00:00,57.69472960331816,26.22,69.3,1.41,0.21,initial,0.0,3.978894749002128e-06,0,0.0
48301,2025-07-05 12:00:00,56.57145531054926,26.09,70.15,1.75,0.19,initial,0.0,9.033956709108647e-05,0,0.0
48302,2025-07-05 13:00:00,55.96284256581833,25.76,70.99,1.36,0.2,initial,0.0,0.0001615559815203905,0,0.0
48303,2025-07-05 14:00:00,55.59326403894084,25.11,72.97,1.04,0.22,initial,0.0,0.0001415859463565943,0,0.0
48304,2025-07-05 15:00:00,55.005171758020765,24.32,76.09,0.62,0.26,initial,0.0,4.295335117685527e-05,0,0.0
48305,2025-07-05 16:00:00,54.49730797683589,23.38,80.93,0.27,0.27,initial,0.0,9.080522158075112e-06,0,0.0
48306,2025-07-05 17:00:00,56.21140923294841,22.31,86.8,0.0,0.27,initial,0.0,6.092204756826221e-07,0,0.0
48307,2025-07-05 18:00:00,56.9838598514492,21.77,90.47,0.0,0.23,initial,0.0,2.2207008686329968e-07,0,0.0
48308,2025-07-05 19:00:00,56.56735702516541,21.51,92.58,0.0,0.21,initial,0.0,2.8774679587813593e-07,0,0.0
48309,2025-07-05 20:00:00,56.94033693418893,21.35,93.78,0.0,0.21,initial,0.0,3.3052567623593353e-07,0,0.0
48310,2025-07-05 21:00:00,56.05291326748114,21.21,94.66,0.0,0.22,initial,0.0,4.787561752453106e-07,0,0.0
48311,2025-07-05 22:00:00,56.56063412876705,21.1,95.42,0.0,0.22,initial,0.0,5.498558674251886e-07,0,0.0
48312,2025-07-05 23:00:00,56.299635663999496,21.04,95.73,0.0,0.23,initial,0.0,3.412327406331181e-07,0,0.0
48313,2025-07-06 00:00:00,57.42547463414295,21.03,95.94,0.0,0.24,initial,0.0,1.4615962399003036e-07,0,0.0
48314,2025-07-06 01:00:00,58.72415335556124,20.87,96.57,0.0,0.25,initial,0.0,2.8916952691776614e-08,0,0.0
48315,2025-07-06 02:00:00,57.67964870634773,20.8,96.62,0.0,0.24,initial,0.0,9.053290155917507e-09,0,0.0
48316,2025-07-06 03:00:00,58.46535985679797,20.69,97.02,0.0,0.23,initial,0.0,4.493844353381949e-10,0,0.0
48317,2025-07-06 04:00:00,59.349552355342624,20.64,97.08,0.0,0.21,initial,0.0,2.3136025034706114e-11,0,0.0
48318,2025-07-06 05:00:00,60.00408885791996,20.63,96.91,0.0,0.2,initial,0.0,3.1127252761247567e-12,0,0.0
48319,2025-07-06 06:00:00,57.9699630830515,20.92,96.44,0.11,0.2,initial,0.0,2.1011350153565465e-11,0,0.0
48320,2025-07-06 07:00:00,59.02866417521016,21.74,95.05,0.41,0.22,initial,0.0,2.2266479256531295e-11,0,0.0
48321,2025-07-06 08:00:00,58.82463607155656,22.8,91.43,0.74,0.24,initial,0.0,2.375096376709019e-10,0,0.0
48322,2025-07-06 09:00:00,59.28455260001757,24.15,83.34,1.15,0.79,initial,0.0,2.596667905299555e-09,0,0.0
48323,2025-07-06 10:00:00,60.28151495890134,25.63,73.76,1.51,0.89,initial,0.0,9.918995204954388e-09,0,0.0
48324,2025-07-06 11:00:00,59.4854748721326,26.37,69.22,1.56,0.82,initial,0.0,1.8141270089770869e-07,0,0.0
48325,2025-07-06 12:00:00,61.02237180584002,26.75,67.56,1.54,0.69,initial,0.0,2.308574615767269e-08,0,0.0
48326,2025-07-06 13:00:00,61.55003859684464,26.38,68.82,1.3,0.62,initial,0.0,1.3717792277250282e-08,0,0.0
48327,2025-07-06 14:00:00,60.81449284784428,25.6,72.06,0.89,0.51,initial,0.0,6.941441472814182e-08,0,0.0
48328,2025-07-06 15:00:00,61.384285835451294,24.51,77.48,0.53,0.43,initial,0.0,2.4225957300778323e-08,0,0.0
48329,2025-07-06 16:00:00,61.92804550462477,23.29,85.02,0.17,0.35,initial,0.0,8.351790234083862e-09,0,0.0
48330,2025-07-06 17:00:00,62.18067822328951,21.99,92.41,0.01,0.26,initial,0.0,5.239485953469549e-09,0,0.0
48331,2025-07-06 18:00:00,61.02728687086612,21.42,95.38,0.0,0.2,initial,0.0,1.8097033950617173e-08,0,0.0
48332,2025-07-06 19:00:00,63.10752808760318,21.11,96.69,0.0,0.17,initial,0.0,7.178106060399184e-09,0,0.0
48333,2025-07-06 20:00:00,63.32676751265513,20.94,97.05,0.0,0.16,initial,0.0,1.442217073885349e-08,0,0.0
48334,2025-07-06 21:00:00,62.35337332455576,20.83,97.15,0.0,0.16,initial,0.0,4.652219902937202e-08,0,0.0
48335,2025-07-06 22:00:00,64.52718195331455,20.68,97.27,0.0,0.19,initial,0.0,1.2172232759515496e-08,0,0.0
48336,2025-07-06 23:00:00,63.79948722649726,20.51,97.48,0.0,0.2,initial,0.0,1.0158223013363714e-08,0,0.0
48337,2025-07-07 00:00:00,63.97134186552598,20.34,97.6,0.0,0.23,initial,0.0,2.197545806093109e-09,0,0.0
48338,2025-07-07 01:00:00,64.58127507069557,20.24,97.49,0.0,0.25,initial,0.0,1.640786760733954e-10,0,0.0
48339,2025-07-07 02:00:00,63.50842750005605,20.13,97.46,0.0,0.24,initial,0.0,2.6562273944060652e-11,0,0.0
48340,2025-07-07 03:00:00,64.33957413188516,20.07,97.41,0.0,0.23,initial,0.0,8.705255140271244e-13,0,0.0
48341,2025-07-07 04:00:00,65.41640374395512,20.06,97.37,0.0,0.24,initial,0.0,3.1204940470502e-14,0,0.0
48342,2025-07-07 05:00:00,64.59659559641375,20.15,97.28,0.0,0.25,initial,0.0,1.8757714636117922e-14,0,0.0
48343,2025-07-07 06:00:00,65.26537059279565,20.81,96.42,0.11,0.25,initial,0.0,7.666755513825482e-15,0,0.0
48344,2025-07-07 07:00:00,66.27801404462225,21.84,94.34,0.41,0.32,initial,0.0,6.08927832043171e-15,0,0.0
48345,2025-07-07 08:00:00,66.23005303874731,22.91,89.54,0.73,0.38,initial,0.0,3.009265741633588e-14,0,0.0
48346,2025-07-07 09:00:00,65.68876192676422,24.07,79.37,1.01,0.08,initial,0.0,3.191692362455144e-13,0,0.0
48347,2025-07-07 10:00:00,65.33224062604468,25.45,69.11,1.18,0.09,initial,0.0,1.4319005513669522e-12,0,0.0
48348,2025-07-07 11:00:00,64.6944906427017,26.06,65.07,1.31,0.09,initial,0.0,1.2933292962684007e-11,0,0.0
48349,2025-07-07 12:00:00,65.04907323227476,26.02,64.33,1.4,0.09,initial,0.0,1.4625871416212155e-11,0,0.0
48350,2025-07-07 13:00:00,65.55362128718524,25.63,65.12,1.05,0.06,initial,0.0,2.112117325208037e-11,0,0.0
48351,2025-07-07 14:00:00,63.6633725390198,25.14,66.37,0.69,0.04,initial,0.0,7.908840231565302e-10,0,0.0
48352,2025-07-07 15:00:00,64.08219922074912,24.41,69.07,0.42,0.03,initial,0.0,5.317745758173826e-10,0,0.0
48353,2025-07-07 16:00:00,62.45469094070636,23.45,73.97,0.15,0.03,initial,0.0,4.721944355099757e-09,0,0.0
48354,2025-07-07 17:00:00,62.133674551272726,22.12,81.65,0.01,0.02,initial,0.0,7.56791853520113e-09,0,0.0
48355,2025-07-07 18:00:00,62.07337702889172,21.44,86.03,0.0,0.02,initial,0.0,9.18586598366752e-09,0,0.0
48356,2025-07-07 19:00:00,61.98175409254487,21.06,88.55,0.0,0.01,initial,0.0,1.4973804194409982e-08,0,0.0
48357,2025-07-07 20:00:00,62.5066010585784,20.78,90.58,0.0,0.02,initial,0.0,2.060609694142398e-08,0,0.0
48358,2025-07-07 21:00:00,63.47531639999992,20.55,92.42,0.0,0.02,initial,0.0,1.6519668748097803e-08,0,0.0
48359,2025-07-07 22:00:00,63.59377740262921,20.35,93.88,0.0,0.02,initial,0.0,1.7251483227488825e-08,0,0.0
48360,2025-07-07 23:00:00,62.408707229385264,20.17,94.91,0.0,0.02,initial,0.0,2.3720784306793658e-08,0,0.0
48361,2025-07-08 00:00:00,62.582290289274894,20.04,95.29,0.0,0.02,development,0.0,3.247218315758352e-11,0,0.0
48362,2025-07-08 01:00:00,62.864793626989325,19.87,95.63,0.0,0.02,development,0.0,6.670822261609102e-12,0,0.0
48363,2025-07-08 02:00:00,63.066204935868576,19.76,95.36,0.0,0.01,development,0.0,8.18464140016621e-13,0,0.0
48364,2025-07-08 03:00:00,63.360796348801,19.72,94.49,0.0,0.01,development,0.0,6.58891169162865e-14,0,0.0
48365,2025-07-08 04:00:00,62.58461247936561,19.68,93.71,0.0,0.01,development,0.0,1.978280649544727e-14,0,0.0
48366,2025-07-08 05:00:00,62.7435903397653,19.67,92.89,0.0,0.0,development,0.0,4.368455848906023e-15,0,0.0
48367,2025-07-08 06:00:00,63.98767842996781,20.37,90.06,0.15,0.0,development,0.0,1.3462503323886496e-15,0,0.0
48368,2025-07-08 07:00:00,62.48356698546133,22.15,81.21,0.54,0.0,development,0.0,5.940989332492177e-14,0,0.0
48369,2025-07-08 08:00:00,61.86521810812968,24.0,69.5,0.98,0.0,development,0.0,7.683243872769638e-13,0,0.0
48370,2025-07-08 09:00:00,61.72941982707107,25.35,62.24,1.63,0.01,development,0.0,6.132673454839599e-12,0,0.0
48371,2025-07-08 10:00:00,61.2245411136652,26.32,58.14,1.55,0.02,development,0.0,3.8502234212901336e-11,0,0.0
48372,2025-07-08 11:00:00,59.21726424976724,26.98,55.75,1.89,0.02,development,0.0,4.38641935552499e-09,0,0.0
48373,2025-07-08 12:00:00,59.35696842727027,27.22,54.79,1.73,0.02,development,0.0,8.768501644310875e-09,0,0.0
48374,2025-07-08 13:00:00,59.335829341616254,27.1,55.04,1.61,0.02,development,0.0,1.4107633924417985e-08,0,0.0
48375,2025-07-08 14:00:00,59.955131560383656,26.62,56.36,1.01,0.01,development,0.0,4.6979922631236374e-09,0,0.0
48376,2025-07-08 15:00:00,57.40136276274416,25.73,59.44,0.68,0.01,development,0.0,1.421182892795585e-07,0,0.0
48377,2025-07-08 16:00:00,58.05484704015623,24.3,65.69,0.29,0.0,development,0.0,1.4616465522761533e-08,0,0.0
48378,2025-07-08 17:00:00,57.38881540834808,22.31,76.11,0.01,0.0,development,0.0,6.6953406642944726e-09,0,0.0
48379,2025-07-08 18:00:00,58.173460279075215,21.24,81.61,0.0,0.0,development,0.0,2.627618415774589e-09,0,0.0
48380,2025-07-08 19:00:00,56.75037014502978,20.57,85.08,0.0,0.0,development,0.0,2.471728173789708e-09,0,0.0
48381,2025-07-08 20:00:00,58.1280001863126,19.99,88.09,0.0,0.0,development,0.0,1.3172332496724156e-09,0,0.0
48382,2025-07-08 21:00:00,58.36710839595738,19.5,90.83,0.0,0.0,development,0.0,1.581939781722505e-09,0,0.0
48383,2025-07-08 22:00:00,58.40113867173432,19.05,93.47,0.0,0.0,development,0.0,1.383474312233195e-09,0,0.0
48384,2025-07-08 23:00:00,58.38737670892596,18.71,95.68,0.0,0.0,development,0.0,5.988441925700945e-10,0,0.0
48385,2025-07-09 00:00:00,57.39814449161892,18.55,97.2,0.0,0.0,development,0.0,3.585289405348124e-10,0,0.0
48386,2025-07-09 01:00:00,57.71340707706581,18.44,98.36,0.0,0.0,development,0.0,9.013087017806307e-11,0,0.0
48387,2025-07-09 02:00:00,56.90978800121113,18.46,99.1,0.0,0.0,development,0.0,4.147717728720077e-11,0,0.0
48388,2025-07-09 03:00:00,55.47960597363236,18.47,99.48,0.0,0.01,development,0.0,2.8141778279427858e-11,0,0.0
48389,2025-07-09 04:00:00,57.47515012676647,18.42,99.89,0.0,0.01,development,0.0,1.2812623697177063e-12,0,0.0
48390,2025-07-09 05:00:00,57.15415412962076,18.26,100.0,0.0,0.01,development,0.0,3.734793485862168e-13,0,0.0
48391,2025-07-09 06:00:00,58.06590129718185,19.55,95.0,0.2,0.01,development,0.0,2.934469897336905e-13,0,0.0
48392,2025-07-09 07:00:00,57.77932864815138,22.3,79.33,0.85,0.0,development,0.0,1.783636769295422e-11,0,0.0
48393,2025-07-09 08:00:00,55.8426260587581,24.28,67.01,1.63,0.0,development,0.0,1.5552761164831424e-08,0,0.0
48394,2025-07-09 09:00:00,58.00169276400545,25.67,59.65,2.19,0.0,development,0.0,4.2210874517785475e-09,0,0.0
48395,2025-07-09 10:00:00,55.75257906848301,26.78,54.21,2.6,0.0,development,0.0,1.57795362500254e-06,0,0.0
48396,2025-07-09 11:00:00,53.647042437943405,27.5,50.72,2.64,0.0,development,0.0,0.00042525376180547916,0,0.0
48397,2025-07-09 12:00:00,52.97680030501025,27.84,48.75,2.62,0.01,development,0.0,0.0036398574949277674,0,0.0
48398,2025-07-09 13:00:00,51.40720052190793,27.75,48.33,2.07,0.02,development,0.0,0.04803936257780499,0,0.0
48399,2025-07-09 14:00:00,53.08452638748346,27.19,49.57,1.5,0.01,development,0.0,0.0008411043819819194,0,0.0
48400,2025-07-09 15:00:00,51.50262524628883,26.14,52.64,0.92,0.01,development,0.0,0.00020542872401092802,0,0.0
48401,2025-07-09 16:00:00,50.85442094003279,24.56,59.66,0.38,0.0,development,0.0,5.558976566607509e-06,0,0.0
48402,2025-07-09 17:00:00,50.80585267975477,22.31,70.2,0.01,0.0,development,0.0,2.159942468340184e-07,0,0.0
48403,2025-07-09 18:00:00,51.08053811587954,21.26,75.91,0.0,0.0,development,0.0,4.393565467765379e-08,0,0.0
48404,2025-07-09 19:00:00,51.78155233095441,20.56,80.36,0.0,0.0,development,0.0,1.523448792912791e-08,0,0.0
48405,2025-07-09 20:00:00,50.00545665156142,19.96,84.19,0.0,0.0,development,0.0,2.8600755855699723e-08,0,0.0
48406,2025-07-09 21:00:00,50.4651868402398,19.48,87.68,0.0,0.0,development,0.0,2.318878782817043e-08,0,0.0
48407,2025-07-09 22:00:00,51.693054098132016,19.07,90.67,0.0,0.0,development,0.0,1.0769729788799966e-08,0,0.0
48408,2025-07-09 23:00:00,50.84576539231387,18.72,93.09,0.0,0.0,development,0.0,4.347577339366453e-09,0,0.0
48409,2025-07-10 00:00:00,51.79935450715861,18.4,95.23,0.0,0.01,development,0.0,1.5270776522147498e-09,0,0.0
48410,2025-07-10 01:00:00,50.960556115375375,18.17,96.86,0.0,0.02,development,0.0,7.923680819435345e-10,0,0.0
48411,2025-07-10 02:00:00,52.65587723638424,17.98,98.05,0.0,0.03,development,0.0,2.715779358346083e-10,0,0.0
48412,2025-07-10 03:00:00,51.60046293528271,17.91,98.47,0.0,0.03,development,0.0,1.7917238338231941e-10,0,0.0
48413,2025-07-10 04:00:00,52.45204011048144,17.89,98.53,0.0,0.03,development,0.0,4.190828887271401e-11,0,0.0
48414,2025-07-10 05:00:00,51.92273697074375,18.07,97.91,0.0,0.03,development,0.0,2.7103413950241214e-11,0,0.0
48415,2025-07-10 06:00:00,51.99615133882244,19.57,92.06,0.2,0.02,development,0.0,1.064294824929966e-10,0,0.0
48416,2025-07-10 07:00:00,50.81092954591303,21.6,83.51,0.76,0.06,development,0.0,2.5699938492632548e-08,0,0.0
48417,2025-07-10 08:00:00,52.06878255870537,23.42,73.0,1.37,0.08,development,0.0,5.934625469898274e-07,0,0.0
48418,2025-07-10 09:00:00,50.8729293495928,24.94,64.58,1.79,0.08,development,0.0,0.0004417115341953027,0,0.0
48419,2025-07-10 10:00:00,49.35758744854315,26.06,59.04,2.15,0.06,development,0.0,0.19989123816303192,0,0.0
48420,2025-07-10 11:00:00,47.86491499059232,26.58,56.67,2.19,0.13,development,0.0,0.9025926861106572,1,4.335533576028966
48421,2025-07-10 12:00:00,49.096382969720885,26.39,57.41,2.19,0.15,development,4.330858168215183,0.6332068870235158,1,4.073286178356771
48422,2025-07-10 13:00:00,56.81610886761382,26.08,58.53,1.83,0.11,development,0.0,1.3022365243908904e-06,0,0.0
48423,2025-07-10 14:00:00,54.329397688513765,25.54,60.21,1.39,0.08,development,0.0,7.012656917718799e-05,0,0.0
48424,2025-07-10 15:00:00,53.83041328632832,24.8,62.77,0.84,0.05,development,0.0,1.2263013837703564e-05,0,0.0
48425,2025-07-10 16:00:00,54.00206263307207,23.64,68.36,0.34,0.04,development,0.0,5.591411219319017e-07,0,0.0
48426,2025-07-10 17:00:00,54.99039882706805,21.61,79.27,0.01,0.04,development,0.0,1.800575007339556e-08,0,0.0
48427,2025-07-10 18:00:00,52.67747901937739,20.75,84.71,0.0,0.03,development,0.0,1.555004843044913e-08,0,0.0
48428,2025-07-10 19:00:00,53.65176578778338,20.24,88.46,0.0,0.02,development,0.0,6.104847243949543e-09,0,0.0
48429,2025-07-10 20:00:00,53.37980054850205,19.82,91.85,0.0,0.01,development,0.0,6.5065693340934e-09,0,0.0
48430,2025-07-10 21:00:00,54.65909020371689,19.54,94.57,0.0,0.02,development,0.0,6.388655712643429e-09,0,0.0
48431,2025-07-10 22:00:00,54.13273691198919,19.3,97.03,0.0,0.03,development,0.0,8.244398216725278e-09,0,0.0
48432,2025-07-10 23:00:00,54.032145322832925,19.18,98.42,0.0,0.05,development,0.0,3.9800929734825415e-09,0,0.0
48433,2025-07-11 00:00:00,54.240344847727805,19.27,98.23,0.0,0.06,development,0.0,1.3892300520589212e-09,0,0.0
48434,2025-07-11 01:00:00,55.09976895151518,19.37,97.85,0.0,0.07,development,0.0,4.47346570403949e-10,0,0.0
48435,2025-07-11 02:00:00,55.506691035468336,19.32,98.19,0.0,0.11,development,0.0,1.561244555484726e-10,0,0.0
48436,2025-07-11 03:00:00,55.579112924564,19.39,97.9,0.0,0.12,development,0.0,5.0895385533153524e-11,0,0.0
48437,2025-07-11 04:00:00,55.39473432719552,19.51,97.61,0.0,0.14,development,0.0,1.2870524678068568e-11,0,0.0
48438,2025-07-11 05:00:00,56.229033265197465,19.56,97.21,0.0,0.15,development,0.0,2.1715934652237442e-12,0,0.0
48439,2025-07-11 06:00:00,54.56411791505601,20.42,95.39,0.19,0.15,development,0.0,1.4125284783688671e-11,0,0.0
48440,2025-07-11 07:00:00,55.64184882299397,21.8,92.03,0.73,0.18,development,0.0,4.4562928628870765e-11,0,0.0
48441,2025-07-11 08:00:00,57.03148018147526,23.13,85.82,1.36,0.17,development,0.0,2.054538011803967e-10,0,0.0
48442,2025-07-11 09:00:00,53.30441939309328,24.87,72.81,1.83,0.14,development,0.0,3.8287266365471044e-06,0,0.0
48443,2025-07-11 10:00:00,53.95566144228329,26.46,62.27,2.07,0.23,development,0.0,2.7730072027839114e-05,0,0.0
48444,2025-07-11 11:00:00,53.16036942383827,26.99,58.35,2.21,0.29,development,0.0,0.0005282214090963303,0,0.0
48445,2025-07-11 12:00:00,53.811828717185335,26.92,57.83,2.11,0.3,development,0.0,0.00027486623216778296,0,0.0
48446,2025-07-11 13:00:00,54.26211500149019,26.45,59.19,1.57,0.23,development,0.0,0.00013334363273202822,0,0.0
48447,2025-07-11 14:00:00,53.05109238550924,25.71,62.21,1.24,0.15,development,0.0,0.00029991298791741026,0,0.0
48448,2025-07-11 15:00:00,51.98093352746344,25.19,64.47,0.7,0.07,development,0.0,5.636016737633896e-05,0,0.0
48449,2025-07-11 16:00:00,52.337235468477225,24.04,69.83,0.28,0.11,development,0.0,1.6296644662030458e-06,0,0.0
48450,2025-07-11 17:00:00,51.57871270264423,21.97,80.57,0.01,0.09,development,0.0,9.764056448942755e-08,0,0.0
48451,2025-07-11 18:00:00,52.06596117093575,21.21,84.81,0.0,0.08,development,0.0,2.7322413910093168e-08,0,0.0
48452,2025-07-11 19:00:00,52.54287732977664,20.84,87.51,0.0,0.11,development,0.0,1.3109948602343752e-08,0,0.0
48453,2025-07-11 20:00:00,53.65024573334159,20.69,89.39,0.0,0.16,development,0.0,9.996816148358366e-09,0,0.0
48454,2025-07-11 21:00:00,52.820034916660326,20.62,90.77,0.0,0.17,development,0.0,2.28236185750529e-08,0,0.0
48455,2025-07-11 22:00:00,52.85964438671759,20.53,91.93,0.0,0.18,development,0.0,2.891948077839739e-08,0,0.0
48456,2025-07-11 23:00:00,54.61380926007874,20.44,92.47,0.0,0.24,development,0.0,8.476783838755909e-09,0,0.0
48457,2025-07-12 00:00:00,51.64571472557547,20.28,92.73,0.0,0.18,development,0.0,5.204522568721473e-09,0,0.0
48458,2025-07-12 01:00:00,53.27437525990279,20.06,92.39,0.0,0.11,development,0.0,1.5118684350627886e-09,0,0.0
48459,2025-07-12 02:00:00,52.85496272891788,19.8,92.05,0.0,0.08,development,0.0,8.061934617776853e-10,0,0.0
48460,2025-07-12 03:00:00,53.33226059908439,19.64,91.3,0.0,0.06,development,0.0,2.8511683585248485e-10,0,0.0
48461,2025-07-12 04:00:00,54.06866760230503,19.54,90.49,0.0,0.05,development,0.0,3.737679226190343e-11,0,0.0
48462,2025-07-12 05:00:00,54.42001810357462,19.54,89.55,0.0,0.04,development,0.0,1.0973429123004262e-11,0,0.0
48463,2025-07-12 06:00:00,53.281666891602505,20.37,87.11,0.21,0.05,development,0.0,7.199790764235721e-11,0,0.0
48464,2025-07-12 07:00:00,54.096898462396254,21.89,82.13,0.73,0.06,development,0.0,6.388420400671935e-10,0,0.0
48465,2025-07-12 08:00:00,52.51009390199622,23.61,72.35,1.2,0.06,development,0.0,2.8096643804557006e-07,0,0.0
48466,2025-07-12 09:00:00,51.67627849905124,25.24,60.67,1.36,0.04,development,0.0,7.382830071618122e-05,0,0.0
48467,2025-07-12 10:00:00,52.11251341618713,26.25,55.4,1.97,0.05,development,0.0,0.001602953332232371,0,0.0
48468,2025-07-12 11:00:00,51.16706013860867,26.65,54.03,2.03,0.06,development,0.0,0.036083281811689155,0,0.0
48469,2025-07-12 12:00:00,51.75505195407639,26.56,53.78,2.15,0.03,development,0.0,0.020963450758941096,0,0.0
48470,2025-07-12 13:00:00,51.5139495402637,26.17,54.94,1.74,0.03,development,0.0,0.02188816508983177,0,0.0
48471,2025-07-12 14:00:00,48.65450827557452,25.68,56.43,1.68,0.03,development,4.061617579272749,0.12472141752258095,0,0.0
48472,2025-07-12 15:00:00,53.90894738216682,24.95,59.28,0.99,0.02,development,0.0,1.590699619213208e-05,0,0.0
48473,2025-07-12 16:00:00,53.86854722972945,23.86,64.91,0.42,0.01,development,0.0,8.354053051303992e-07,0,0.0
48474,2025-07-12 17:00:00,54.10733293900302,21.93,74.73,0.02,0.02,development,0.0,2.7752832512861853e-08,0,0.0
48475,2025-07-12 18:00:00,54.95423583520849,21.35,77.95,0.0,0.01,development,0.0,8.650887795181833e-09,0,0.0
48476,2025-07-12 19:00:00,54.59193798244046,20.79,80.98,0.0,0.01,development,0.0,5.699534053555934e-09,0,0.0
48477,2025-07-12 20:00:00,53.80658315472215,20.44,82.71,0.0,0.01,development,0.0,7.346610905313892e-09,0,0.0
48478,2025-07-12 21:00:00,56.25480191525634,20.38,82.97,0.0,0.01,development,0.0,5.076807986277174e-09,0,0.0
48479,2025-07-12 22:00:00,55.38117857309769,20.34,83.44,0.0,0.02,development,0.0,7.702151652833118e-09,0,0.0
48480,2025-07-12 23:00:00,56.28310699707633,20.24,84.4,0.0,0.02,development,0.0,3.423151345801438e-09,0,0.0
48481,2025-07-13 00:00:00,53.47251772482906,20.15,85.43,0.0,0.03,development,0.0,4.080417529603159e-09,0,0.0
48482,2025-07-13 01:00:00,55.96903374086629,19.99,86.92,0.0,0.03,development,0.0,7.069107060266986e-10,0,0.0
48483,2025-07-13 02:00:00,54.89416917082679,19.79,88.73,0.0,0.05,development,0.0,4.2629964703186333e-10,0,0.0
48484,2025-07-13 03:00:00,54.77492170901817,19.58,90.73,0.0,0.06,development,0.0,1.0488498413224374e-10,0,0.0
48485,2025-07-13 04:00:00,55.195355219598646,19.45,92.25,0.0,0.07,development,0.0,1.496207407453081e-11,0,0.0
48486,2025-07-13 05:00:00,54.71629442542155,19.43,93.31,0.0,0.08,development,0.0,8.01250232886255e-12,0,0.0
48487,2025-07-13 06:00:00,55.26149572085143,20.1,91.97,0.21,0.08,development,0.0,7.740589786696601e-12,0,0.0
48488,2025-07-13 07:00:00,56.04978821773458,21.43,88.03,0.72,0.09,development,0.0,3.069048188207323e-11,0,0.0
48489,2025-07-13 08:00:00,53.50659828669755,22.95,80.52,1.26,0.13,development,0.0,2.5939019165061444e-08,0,0.0
48490,2025-07-13 09:00:00,55.9150820243874,24.63,70.68,1.28,0.14,development,0.0,4.1545320589377564e-08,0,0.0
48491,2025-07-13 10:00:00,54.56368115366103,25.92,63.16,1.85,0.15,development,0.0,6.338761988907523e-06,0,0.0
48492,2025-07-13 11:00:00,53.61857787317233,26.36,61.82,1.82,0.15,development,0.0,0.00012736437357237573,0,0.0
48493,2025-07-13 12:00:00,53.8614563012683,26.05,65.18,1.54,0.13,development,0.0,9.539432294244368e-05,0,0.0
48494,2025-07-13 13:00:00,52.83600045398903,25.53,69.75,1.5,0.13,development,0.0,0.0007204037317461363,0,0.0
48495,2025-07-13 14:00:00,51.68105726591215,24.8,74.49,1.28,0.14,development,0.0,0.0007013676957560071,0,0.0
48496,2025-07-13 15:00:00,51.149425134674914,23.78,80.42,0.71,0.19,development,0.0,3.679209524437142e-05,0,0.0
48497,2025-07-13 16:00:00,52.88920721566702,22.73,87.2,0.31,0.24,development,0.0,5.512269258171927e-07,0,0.0
48498,2025-07-13 17:00:00,50.69810660364793,21.94,92.02,0.01,0.31,development,0.0,1.983601090026139e-07,0,0.0
48499,2025-07-13 18:00:00,52.14880060814163,21.58,93.57,0.0,0.34,development,0.0,4.358521128931967e-08,0,0.0
48500,2025-07-13 19:00:00,51.54049179095097,21.33,94.08,0.0,0.29,development,0.0,3.2083756213031856e-08,0,0.0
48501,2025-07-13 20:00:00,53.371556012943614,21.05,94.49,0.0,0.25,development,0.0,1.5495945624814275e-08,0,0.0
48502,2025-07-13 21:00:00,53.12868923284065,20.78,94.61,0.0,0.18,development,0.0,2.414684863238294e-08,0,0.0
48503,2025-07-13 22:00:00,52.3692096198498,20.47,95.51,0.0,0.13,development,0.0,2.9273160583132786e-08,0,0.0
48504,2025-07-13 23:00:00,52.798627207150666,20.3,95.84,0.0,0.1,development,0.0,9.661791551353634e-09,0,0.0
48505,2025-07-14 00:00:00,53.66685231323039,20.19,95.86,0.0,0.11,development,0.0,2.963699176842874e-09,0,0.0
48506,2025-07-14 01:00:00,53.99688668804591,20.08,96.0,0.0,0.11,development,0.0,1.0128546009673758e-09,0,0.0
48507,2025-07-14 02:00:00,52.369089672839685,19.95,96.53,0.0,0.12,development,0.0,8.20563872338637e-10,0,0.0
48508,2025-07-14 03:00:00,53.51698565468895,19.75,97.31,0.0,0.13,development,0.0,1.998248177358337e-10,0,0.0
48509,2025-07-14 04:00:00,54.3971882560549,19.56,97.55,0.0,0.15,development,0.0,2.8421241093631565e-11,0,0.0
48510,2025-07-14 05:00:00,55.44918518616087,19.47,97.49,0.0,0.17,development,0.0,4.132710013320108e-12,0,0.0
48511,2025-07-14 06:00:00,55.40273440920879,19.99,96.78,0.16,0.2,development,0.0,4.250838045900531e-12,0,0.0
48512,2025-07-14 07:00:00,54.44501431746178,21.26,94.52,0.51,0.21,development,0.0,7.37409952206905e-11,0,0.0
48513,2025-07-14 08:00:00,55.5386662043852,22.31,89.64,0.94,0.23,development,0.0,3.132785189193777e-10,0,0.0
48514,2025-07-14 09:00:00,54.73233477177947,23.23,82.29,1.54,0.6,development,0.0,4.8790975973824514e-08,0,0.0
48515,2025-07-14 10:00:00,52.780475601849815,24.47,75.12,1.84,0.73,development,0.0,2.407732612303237e-05,0,0.0
48516,2025-07-14 11:00:00,56.64124267593927,25.53,69.12,2.02,0.72,development,0.0,2.0538739840364984e-07,0,0.0
48517,2025-07-14 12:00:00,55.94048420845149,25.95,66.47,1.69,0.64,development,0.0,1.9389811086107134e-06,0,0.0
48518,2025-07-14 13:00:00,55.60995669687799,25.84,66.28,1.48,0.46,development,0.0,6.777536361351623e-06,0,0.0
48519,2025-07-14 14:00:00,55.235093595055496,25.23,68.56,1.11,0.31,development,0.0,8.274491457497429e-06,0,0.0
48520,2025-07-14 15:00:00,55.228184371923504,24.22,73.25,0.68,0.21,development,0.0,1.0771777741843545e-06,0,0.0
48521,2025-07-14 16:00:00,54.734763496408014,22.98,80.32,0.29,0.08,development,0.0,1.7067054520772392e-07,0,0.0
48522,2025-07-14 17:00:00,54.4252856781715,21.62,87.72,0.01,0.09,development,0.0,2.8231258341889245e-08,0,0.0
48523,2025-07-14 18:00:00,54.22159379686953,20.93,92.01,0.0,0.07,development,0.0,1.1788260755614036e-08,0,0.0
48524,2025-07-14 19:00:00,54.88063786295972,20.52,94.49,0.0,0.06,development,0.0,5.205058724170899e-09,0,0.0
48525,2025-07-14 20:00:00,54.2015569665654,20.24,95.91,0.0,0.07,development,0.0,6.878104095962811e-09,0,0.0
48526,2025-07-14 21:00:00,54.09259880635445,20.06,96.6,0.0,0.08,development,0.0,1.128564824248726e-08,0,0.0
48527,2025-07-14 22:00:00,55.32241644891321,19.82,97.35,0.0,0.08,development,0.0,8.176155269723972e-09,0,0.0
48528,2025-07-14 23:00:00,56.01557292570953,19.73,97.24,0.0,0.1,development,0.0,3.5498534527172668e-09,0,0.0
48529,2025-07-15 00:00:00,54.71962007175185,19.61,97.35,0.0,0.1,development,0.0,1.5389268978243318e-09,0,0.0
48530,2025-07-15 01:00:00,55.008779582000905,19.52,97.34,0.0,0.12,development,0.0,5.078699822364404e-10,0,0.0
48531,2025-07-15 02:00:00,54.27489189540913,19.48,97.26,0.0,0.1,development,0.0,3.247208442015551e-10,0,0.0
48532,2025-07-15 03:00:00,54.703636175884775,19.45,97.2,0.0,0.1,development,0.0,9.462060010864537e-11,0,0.0
48533,2025-07-15 04:00:00,54.84638199453108,19.38,97.2,0.0,0.09,development,0.0,1.812505491919248e-11,0,0.0
48534,2025-07-15 05:00:00,56.74848979243921,19.29,97.13,0.0,0.08,development,0.0,1.137692930994811e-12,0,0.0
48535,2025-07-15 06:00:00,54.667479989785306,20.16,95.63,0.15,0.07,development,0.0,1.0139836346425605e-11,0,0.0
48536,2025-07-15 07:00:00,56.365539480822704,21.46,92.14,0.51,0.11,development,0.0,1.2585878922721997e-11,0,0.0
48537,2025-07-15 08:00:00,55.48262470926038,22.88,83.6,1.0,0.06,development,0.0,8.897436385593613e-10,0,0.0
48538,2025-07-15 09:00:00,55.66887879294191,24.56,70.57,1.67,0.02,development,0.0,8.770386735358424e-08,0,0.0
48539,2025-07-15 10:00:00,55.47466046262792,26.13,61.24,1.66,0.01,development,0.0,1.4304670886639912e-06,0,0.0
48540,2025-07-15 11:00:00,53.799230415514906,27.0,56.62,1.98,0.01,development,0.0,0.00015815944387665492,0,0.0
48541,2025-07-15 12:00:00,53.985850101765074,27.21,54.94,2.28,0.01,development,0.0,0.00027079003960379385,0,0.0
48542,2025-07-15 13:00:00,53.60021713399474,27.05,54.78,1.67,0.01,development,0.0,0.0005598910541263259,0,0.0
48543,2025-07-15 14:00:00,52.79448606531031,26.53,56.03,1.21,0.01,development,0.0,0.0006094764450146755,0,0.0
48544,2025-07-15 15:00:00,50.65700835059396,25.67,58.79,0.72,0.01,development,0.0,0.00020797491555992113,0,0.0
48545,2025-07-15 16:00:00,49.24079683502505,24.29,64.84,0.3,0.0,development,0.0,1.2483374260371532e-05,0,0.0
48546,2025-07-15 17:00:00,50.52059337749722,22.27,75.6,0.01,0.0,development,0.0,2.3406220323453648e-07,0,0.0
48547,2025-07-15 18:00:00,50.76318190370136,21.4,81.39,0.0,0.0,development,0.0,5.4590917653607527e-08,0,0.0
48548,2025-07-15 19:00:00,49.05774804416208,20.8,86.24,0.0,0.0,development,0.0,5.951809678719202e-08,0,0.0
48549,2025-07-15 20:00:00,50.66933724523594,20.36,90.04,0.0,0.0,development,0.0,2.4595140524220632e-08,0,0.0
48550,2025-07-15 21:00:00,48.56227886680241,20.02,92.84,0.0,0.0,development,0.0,4.209426206657832e-08,0,0.0
48551,2025-07-15 22:00:00,51.85711251676102,19.73,94.98,0.0,0.0,development,0.0,1.816660610736935e-08,0,0.0
48552,2025-07-15 23:00:00,51.01490608395357,19.58,95.97,0.0,0.01,development,0.0,7.455846962452737e-09,0,0.0
48553,2025-07-16 00:00:00,49.99109676958729,19.57,96.03,0.0,0.01,development,0.0,3.73442404441338e-09,0,0.0
48554,2025-07-16 01:00:00,50.75932928440894,19.53,96.15,0.0,0.01,development,0.0,1.89740241676573e-09,0,0.0
48555,2025-07-16 02:00:00,50.87061657827156,19.45,96.38,0.0,0.01,development,0.0,1.071751991464605e-09,0,0.0
48556,2025-07-16 03:00:00,51.069301462978046,19.37,96.72,0.0,0.01,development,0.0,5.561266850132065e-10,0,0.0
48557,2025-07-16 04:00:00,50.75098657934192,19.35,96.73,0.0,0.01,development,0.0,2.6834959432269636e-10,0,0.0
48558,2025-07-16 05:00:00,51.46395750848048,19.28,97.34,0.0,0.01,development,0.0,7.328056848105999e-11,0,0.0
48559,2025-07-16 06:00:00,49.70618762397842,20.41,92.78,0.19,0.01,development,0.0,1.1019978505641556e-09,0,0.0
48560,2025-07-16 07:00:00,50.44136415283898,22.41,82.06,0.76,0.02,development,0.0,7.180305530467996e-08,0,0.0
48561,2025-07-16 08:00:00,51.61116688850727,24.31,70.49,1.41,0.02,development,0.0,2.4455887181360728e-06,0,0.0
48562,2025-07-16 09:00:00,49.4519305988598,25.72,63.08,1.8,0.08,development,0.0,0.006616059151866039,0,0.0
48563,2025-07-16 10:00:00,49.3546411609888,26.62,58.66,1.85,0.08,development,0.0,0.20832262830356685,0,0.0
48564,2025-07-16 11:00:00,47.70354783164012,27.25,55.38,2.1,0.07,development,4.597585187614676,0.9181292578539354,1,4.438429172849734
48565,2025-07-16 12:00:00,57.212158288204144,27.46,54.05,2.12,0.08,development,0.0,5.936102784513044e-07,0,0.0
48566,2025-07-16 13:00:00,55.028107791031125,27.21,54.19,1.68,0.05,development,0.0,4.402315597208299e-05,0,0.0
48567,2025-07-16 14:00:00,53.17111868011379,26.63,55.5,1.38,0.04,development,0.0,0.0004945079664370126,0,0.0
48568,2025-07-16 15:00:00,54.52686716549767,25.72,58.27,0.75,0.02,development,0.0,5.5566988255922784e-06,0,0.0
48569,2025-07-16 16:00:00,52.43313639880505,24.29,64.64,0.31,0.02,development,0.0,1.7730506177657357e-06,0,0.0
48570,2025-07-16 17:00:00,53.65048211925384,22.16,76.71,0.01,0.01,development,0.0,3.940760798770058e-08,0,0.0
48571,2025-07-16 18:00:00,53.93992322469112,21.23,84.01,0.0,0.01,development,0.0,1.3437908934448254e-08,0,0.0
48572,2025-07-16 19:00:00,54.7497861630976,20.66,89.41,0.0,0.01,development,0.0,5.564472035747358e-09,0,0.0
48573,2025-07-16 20:00:00,53.33251805141999,20.33,92.96,0.0,0.02,development,0.0,9.478793270269015e-09,0,0.0
48574,2025-07-16 21:00:00,53.217519841480055,20.16,94.69,0.0,0.02,development,0.0,1.540619685614497e-08,0,0.0
48575,2025-07-16 22:00:00,51.60691863051579,19.87,96.31,0.0,0.04,development,0.0,1.9572529815452807e-08,0,0.0
48576,2025-07-16 23:00:00,52.93810705715109,19.67,97.19,0.0,0.06,development,0.0,6.280021125928829e-09,0,0.0
48577,2025-07-17 00:00:00,52.80703388526042,19.43,97.67,0.0,0.06,development,0.0,2.2429589175964042e-09,0,0.0
48578,2025-07-17 01:00:00,53.33383984633043,19.19,98.1,0.0,0.08,development,0.0,7.568373485931059e-10,0,0.0
48579,2025-07-17 02:00:00,53.1623740619473,19.18,97.84,0.0,0.08,development,0.0,4.0801140820504386e-10,0,0.0
48580,2025-07-17 03:00:00,54.31990976055487,19.33,97.43,0.0,0.09,development,0.0,1.07873173524152e-10,0,0.0
48581,2025-07-17 04:00:00,53.38079367245599,19.35,97.47,0.0,0.11,development,0.0,5.2814372783198146e-11,0,0.0
48582,2025-07-17 05:00:00,54.408868940063606,19.41,97.58,0.0,0.16,development,0.0,9.520552480385939e-12,0,0.0
48583,2025-07-17 06:00:00,54.21101947084551,20.31,95.72,0.17,0.22,development,0.0,1.8052089270219184e-11,0,0.0
48584,2025-07-17 07:00:00,53.95702883860551,21.52,92.62,0.61,0.28,development,0.0,1.836321927987352e-10,0,0.0
48585,2025-07-17 08:00:00,53.87641294287856,22.77,86.15,1.24,0.3,development,0.0,7.666135686517073e-09,0,0.0
48586,2025-07-17 09:00:00,54.22962345595672,24.62,73.38,1.76,0.11,development,0.0,7.404304728430677e-07,0,0.0
48587,2025-07-17 10:00:00,54.62655420753487,26.42,62.46,2.07,0.12,development,0.0,7.3389449283825875e-06,0,0.0
48588,2025-07-17 11:00:00,52.34302406132626,27.32,58.09,2.13,0.11,development,0.0,0.003267035752644995,0,0.0
48589,2025-07-17 12:00:00,52.3123546439209,27.8,55.67,2.07,0.09,development,0.0,0.008834874866703455,0,0.0
48590,2025-07-17 13:00:00,52.03411975400624,27.71,55.54,1.69,0.09,development,0.0,0.010377089617893982,0,0.0
48591,2025-07-17 14:00:00,51.09293402423253,27.1,57.75,1.37,0.1,development,0.0,0.010639343689024342,0,0.0
48592,2025-07-17 15:00:00,49.296571775875904,26.05,62.43,0.86,0.11,development,0.0,0.0014478528651332783,0,0.0
48593,2025-07-17 16:00:00,50.83001873858338,24.41,71.3,0.36,0.1,development,0.0,6.263002582050472e-06,0,0.0
48594,2025-07-17 17:00:00,49.18095034424205,22.47,82.52,0.01,0.11,development,0.0,4.974527506255977e-07,0,0.0
48595,2025-07-17 18:00:00,49.342009669143536,21.58,88.71,0.0,0.12,development,0.0,1.1793138862288213e-07,0,0.0
48596,2025-07-17 19:00:00,49.642314871483606,21.08,93.04,0.0,0.12,development,0.0,5.686815923647771e-08,0,0.0
48597,2025-07-17 20:00:00,50.719138309453136,20.78,95.78,0.0,0.13,development,0.0,3.313908098573387e-08,0,0.0
48598,2025-07-17 21:00:00,50.27768610116644,20.7,96.73,0.0,0.16,development,0.0,3.7646375502234814e-08,0,0.0
48599,2025-07-17 22:00:00,50.1127212589114,20.66,97.4,0.0,0.17,development,0.0,3.4235051873778186e-08,0,0.0
48600,2025-07-17 23:00:00,51.75256075273979,20.69,97.65,0.0,0.15,development,0.0,1.3170412941638218e-08,0,0.0
48601,2025-07-18 00:00:00,51.60201073899536,20.77,97.82,0.0,0.14,development,0.0,6.108795252321896e-09,0,0.0
48602,2025-07-18 01:00:00,52.35470104457842,20.81,97.84,0.0,0.1,development,0.0,2.398291121054126e-09,0,0.0
48603,2025-07-18 02:00:00,51.25246768801319,20.83,97.68,0.0,0.07,development,0.0,1.6619080363177036e-09,0,0.0
48604,2025-07-18 03:00:00,51.835216039134174,20.79,97.6,0.0,0.04,development,0.0,7.238585062064913e-10,0,0.0
48605,2025-07-18 04:00:00,52.56383628608521,20.77,97.55,0.0,0.03,development,0.0,1.8391314788765623e-10,0,0.0
48606,2025-07-18 05:00:00,50.8978863321845,20.57,97.95,0.0,0.02,development,0.0,2.2214824404280957e-10,0,0.0
48607,2025-07-18 06:00:00,51.45680359552205,21.29,96.76,0.18,0.03,development,0.0,4.0318546405108533e-10,0,0.0
48608,2025-07-18 07:00:00,52.6247811691378,22.41,93.45,0.61,0.04,development,0.0,1.1867491992353766e-09,0,0.0
48609,2025-07-18 08:00:00,51.53665123278434,23.89,84.76,1.1,0.07,development,0.0,2.3119167714705349e-07,0,0.0
48610,2025-07-18 09:00:00,50.91404486980856,25.96,70.96,1.53,0.06,development,0.0,0.00015204011294871284,0,0.0
48611,2025-07-18 10:00:00,50.3909189336951,27.8,60.74,1.94,0.06,development,0.0,0.0585665072475263,0,0.0
48612,2025-07-18 11:00:00,50.70817461158345,28.86,56.22,2.1,0.06,development,0.0,0.17117800689714208,0,0.0
48613,2025-07-18 12:00:00,48.966406937082944,29.32,54.1,1.98,0.04,development,4.467334531721903,0.8406670681568859,1,4.177794045890218
48614,2025-07-18 13:00:00,55.73813743803472,29.28,53.87,1.37,0.03,development,0.0,9.982050565435201e-06,0,0.0
48615,2025-07-18 14:00:00,55.025587009062725,28.74,56.0,1.13,0.02,development,0.0,1.7563721206016468e-05,0,0.0
48616,2025-07-18 15:00:00,53.19723029709119,27.76,60.23,0.64,0.01,development,0.0,2.3816044007392054e-05,0,0.0
48617,2025-07-18 16:00:00,54.5075196162609,26.29,66.9,0.28,0.01,development,0.0,6.556985844201352e-07,0,0.0
48618,2025-07-18 17:00:00,53.25548128463256,24.45,75.88,0.01,0.01,development,0.0,1.7908631702379832e-07,0,0.0
48619,2025-07-18 18:00:00,52.90263559170726,23.41,81.39,0.0,0.0,development,0.0,6.500537577782281e-08,0,0.0
48620,2025-07-18 19:00:00,52.51523790684281,22.65,85.73,0.0,0.0,development,0.0,4.176491373413012e-08,0,0.0
48621,2025-07-18 20:00:00,52.68138695257725,22.08,89.16,0.0,0.0,development,0.0,3.630863386265141e-08,0,0.0
48622,2025-07-18 21:00:00,52.096932684323065,21.63,91.97,0.0,0.0,development,0.0,5.6615832569516083e-08,0,0.0
48623,2025-07-18 22:00:00,53.1048455789066,21.33,93.98,0.0,0.01,development,0.0,4.71120648001949e-08,0,0.0
48624,2025-07-18 23:00:00,53.58968463163337,20.99,95.93,0.0,0.01,development,0.0,1.2927960240453692e-08,0,0.0
48625,2025-07-19 00:00:00,54.79890710153292,20.63,97.7,0.0,0.01,development,0.0,2.7227694704066656e-09,0,0.0
48626,2025-07-19 01:00:00,54.01097828151045,20.35,98.89,0.0,0.01,development,0.0,1.0072549899308313e-09,0,0.0
48627,2025-07-19 02:00:00,54.17769932489382,20.17,99.43,0.0,0.01,development,0.0,4.050815501586187e-10,0,0.0
48628,2025-07-19 03:00:00,55.01091034425104,20.04,99.62,0.0,0.01,development,0.0,9.587382309428232e-11,0,0.0
48629,2025-07-19 04:00:00,51.718921730941936,19.98,99.34,0.0,0.01,development,0.0,1.9180412417164393e-10,0,0.0
48630,2025-07-19 05:00:00,54.325734683121816,19.92,98.79,0.0,0.01,development,0.0,1.316522339951746e-11,0,0.0
48631,2025-07-19 06:00:00,54.27682254797869,21.15,93.38,0.21,0.01,development,0.0,3.480242268104264e-11,0,0.0
48632,2025-07-19 07:00:00,54.48480845406636,23.17,81.9,0.75,0.01,development,0.0,8.022471953808424e-10,0,0.0
48633,2025-07-19 08:00:00,51.99274435481481,25.14,69.33,1.36,0.01,development,0.0,1.9987111705013254e-06,0,0.0
48634,2025-07-19 09:00:00,52.39270618613402,26.75,61.59,1.76,0.0,development,0.0,0.00010007381156714582,0,0.0
48635,2025-07-19 10:00:00,51.399395825572284,28.04,56.2,2.16,0.0,development,0.0,0.01562796421198362,0,0.0
48636,2025-07-19 11:00:00,50.32449482849188,28.84,52.85,2.35,0.0,development,0.0,0.3841584785755312,0,0.0
48637,2025-07-19 12:00:00,52.38770668427373,29.23,50.85,2.28,0.0,development,0.0,0.013468399747728477,0,0.0
48638,2025-07-19 13:00:00,49.29537102000026,29.15,50.37,2.12,0.0,development,0.0,0.5691578891163349,1,4.218187824321204
48639,2025-07-19 14:00:00,49.782265517452,28.51,51.72,1.69,0.0,development,4.123553554354213,0.08814688723519758,0,0.0
48640,2025-07-19 15:00:00,55.89976446935648,27.44,54.74,1.09,0.0,development,0.0,3.3373099469408915e-06,0,0.0
48641,2025-07-19 16:00:00,53.77443567578979,25.88,60.65,0.47,0.0,development,0.0,1.8396201570357688e-06,0,0.0
48642,2025-07-19 17:00:00,54.29497655532959,23.46,72.09,0.02,0.0,development,0.0,5.433931696594792e-08,0,0.0
48643,2025-07-19 18:00:00,54.76330203028734,22.31,78.74,0.0,0.0,development,0.0,1.6016785126129987e-08,0,0.0
48644,2025-07-19 19:00:00,55.03145791114744,21.51,84.44,0.0,0.0,development,0.0,8.21784052787098e-09,0,0.0
48645,2025-07-19 20:00:00,54.97964669932833,20.84,89.88,0.0,0.0,development,0.0,7.0039431319541205e-09,0,0.0
48646,2025-07-19 21:00:00,56.11759745646906,20.35,94.44,0.0,0.0,development,0.0,6.5660505298540255e-09,0,0.0
48647,2025-07-19 22:00:00,55.44340771875914,19.94,98.35,0.0,0.0,development,0.0,8.254081322349259e-09,0,0.0
48648,2025-07-19 23:00:00,55.240631492865525,19.58,100.0,0.0,0.0,development,0.0,4.172309494201453e-09,0,0.0
48649,2025-07-20 00:00:00,55.48971705771225,19.48,100.0,0.0,0.0,development,0.0,1.0835821871216933e-09,0,0.0
48650,2025-07-20 01:00:00,55.79731257579182,19.61,100.0,0.0,0.0,development,0.0,3.5521112938843055e-10,0,0.0
48651,2025-07-20 02:00:00,54.21666921454453,19.71,100.0,0.0,0.0,development,0.0,3.136066106924353e-10,0,0.0
48652,2025-07-20 03:00:00,53.45145937699901,19.63,99.92,0.0,0.0,development,0.0,1.6273674199928616e-10,0,0.0
48653,2025-07-20 04:00:00,54.22977346562137,19.44,100.0,0.0,0.0,development,0.0,2.949981602378526e-11,0,0.0
48654,2025-07-20 05:00:00,53.61617727239272,19.19,100.0,0.0,0.0,development,0.0,1.503180211218303e-11,0,0.0
48655,2025-07-20 06:00:00,53.92870314722371,20.6,94.05,0.27,0.0,development,0.0,3.883770526293345e-11,0,0.0
48656,2025-07-20 07:00:00,54.57576416489607,23.2,78.86,1.02,0.0,development,0.0,1.703400648052719e-09,0,0.0
48657,2025-07-20 08:00:00,53.629755623645366,25.17,67.38,1.83,0.0,development,0.0,7.185570697204495e-07,0,0.0
48658,2025-07-20 09:00:00,53.99219206566405,26.73,59.09,2.28,0.0,development,0.0,1.0868192764148639e-05,0,0.0
48659,2025-07-20 10:00:00,52.98326524237766,27.87,53.35,2.67,0.0,development,0.0,0.0007568295523485519,0,0.0
48660,2025-07-20 11:00:00,52.21422769989074,28.47,50.46,2.68,0.0,development,0.0,0.011531610659907552,0,0.0
48661,2025-07-20 12:00:00,50.06366068528996,28.64,49.2,2.63,0.0,development,0.0,0.5323948148425911,1,4.2091230142823015
48662,2025-07-20 13:00:00,49.55560449313238,28.37,49.73,2.35,0.0,development,0.0,0.4463815875719877,0,0.0
48663,2025-07-20 14:00:00,47.99634642283236,27.69,51.8,1.78,0.0,development,0.0,0.3439052303494128,0,0.0
48664,2025-07-20 15:00:00,49.37997559965948,26.61,55.6,1.15,0.0,development,0.0,0.0037066634719329756,0,0.0
48665,2025-07-20 16:00:00,50.03986519733203,25.08,62.68,0.5,0.0,development,0.0,1.9007569817074147e-05,0,0.0
48666,2025-07-20 17:00:00,48.43851705136966,22.89,75.23,0.02,0.01,development,0.0,1.1826915120368873e-06,0,0.0
48667,2025-07-20 18:00:00,48.52212990851414,21.84,83.45,0.0,0.01,development,0.0,2.2641698883718623e-07,0,0.0
48668,2025-07-20 19:00:00,47.89519915315254,21.42,87.97,0.0,0.01,development,0.0,1.665144008174176e-07,0,0.0
48669,2025-07-20 20:00:00,48.17222208201706,21.27,90.14,0.0,0.02,development,0.0,1.2854804455474906e-07,0,0.0
48670,2025-07-20 21:00:00,49.39019904628545,21.03,92.31,0.0,0.02,development,0.0,6.597064755076236e-08,0,0.0
48671,2025-07-20 22:00:00,48.48057485288052,20.89,93.67,0.0,0.03,development,0.0,5.101301001984739e-08,0,0.0
48672,2025-07-20 23:00:00,48.95691486719935,20.79,94.91,0.0,0.03,development,0.0,1.96087876501036e-08,0,0.0
48673,2025-07-21 00:00:00,49.53612524834678,20.67,95.94,0.0,0.04,development,0.0,7.679468722907378e-09,0,0.0
48674,2025-07-21 01:00:00,49.438332686173695,20.47,96.94,0.0,0.05,development,0.0,4.4121364703204814e-09,0,0.0
48675,2025-07-21 02:00:00,48.646339834846216,20.31,97.68,0.0,0.05,development,0.0,2.990463039274032e-09,0,0.0
48676,2025-07-21 03:00:00,48.76763559786475,20.26,98.04,0.0,0.05,development,0.0,1.7326384281617637e-09,0,0.0
48677,2025-07-21 04:00:00,48.43641703527511,20.23,98.11,0.0,0.05,development,0.0,1.3307078378655288e-09,0,0.0
48678,2025-07-21 05:00:00,49.219615773177125,20.27,98.29,0.0,0.06,development,0.0,5.645532502494742e-10,0,0.0
48679,2025-07-21 06:00:00,48.55231546904895,21.31,94.97,0.2,0.05,development,0.0,4.39073337386262e-09,0,0.0
48680,2025-07-21 07:00:00,48.99789104196074,22.7,89.26,0.62,0.03,development,0.0,1.2894127769568435e-07,0,0.0
48681,2025-07-21 08:00:00,49.19440388075458,24.15,80.88,1.03,0.03,development,0.0,7.0192669554307895e-06,0,0.0
48682,2025-07-21 09:00:00,46.4611691822162,25.78,69.45,1.52,0.0,development,4.307313945063349,0.09351348015846682,0,0.0
48683,2025-07-21 10:00:00,52.82478492717789,27.45,58.03,1.95,0.0,development,0.0,0.0005619398471431577,0,0.0
48684,2025-07-21 11:00:00,53.51865933016745,27.7,55.31,2.02,0.0,development,0.0,0.0004011534499510206,0,0.0
48685,2025-07-21 12:00:00,53.30640063041267,27.82,54.08,1.93,0.0,development,0.0,0.001166752834837399,0,0.0
48686,2025-07-21 13:00:00,52.24445016327675,27.85,53.1,1.43,0.0,development,0.0,0.0049205781074841805,0,0.0
48687,2025-07-21 14:00:00,50.3680629665049,27.34,54.19,1.19,0.0,development,0.0,0.020607848838222854,0,0.0
48688,2025-07-21 15:00:00,51.50285086607204,26.4,57.55,0.64,0.0,development,0.0,0.00010533735904674486,0,0.0
48689,2025-07-21 16:00:00,51.918184672937066,25.03,63.45,0.26,0.0,development,0.0,2.8007256374824656e-06,0,0.0
48690,2025-07-21 17:00:00,49.49393384082822,22.93,74.4,0.01,0.0,development,0.0,6.336794468465436e-07,0,0.0
48691,2025-07-21 18:00:00,49.608863177060414,21.76,82.06,0.0,0.0,development,0.0,1.219078430444705e-07,0,0.0
48692,2025-07-21 19:00:00,50.20937922166832,20.99,87.73,0.0,0.0,development,0.0,3.658791183891133e-08,0,0.0
48693,2025-07-21 20:00:00,50.08827581066663,20.42,92.16,0.0,0.0,development,0.0,3.1100666860663786e-08,0,0.0
48694,2025-07-21 21:00:00,51.151343467414826,20.01,95.56,0.0,0.0,development,0.0,2.1631705412200375e-08,0,0.0
48695,2025-07-21 22:00:00,50.41575320677461,19.73,98.11,0.0,0.0,development,0.0,1.7742779739009397e-08,0,0.0
48696,2025-07-21 23:00:00,49.95560155475465,19.58,99.61,0.0,0.0,development,0.0,7.595550172935313e-09,0,0.0
48697,2025-07-22 00:00:00,49.71712637731117,19.6,99.79,0.0,0.0,development,0.0,3.5356277250229164e-09,0,0.0
48698,2025-07-22 01:00:00,48.96682041331124,19.59,100.0,0.0,0.0,development,0.0,2.41236212678024e-09,0,0.0
48699,2025-07-22 02:00:00,51.28448591718243,19.66,99.83,0.0,0.0,development,0.0,8.475851602470452e-10,0,0.0
48700,2025-07-22 03:00:00,50.69099684756094,19.66,99.89,0.0,0.0,development,0.0,5.982320790366353e-10,0,0.0
48701,2025-07-22 04:00:00,50.116493220429774,19.56,100.0,0.0,0.0,development,0.0,3.376463743413756e-10,0,0.0
48702,2025-07-22 05:00:00,50.27587063308788,19.48,100.0,0.0,0.0,development,0.0,1.6900087194347293e-10,0,0.0
48703,2025-07-22 06:00:00,50.10275128718011,20.83,94.14,0.23,0.0,development,0.0,1.1220839443396485e-09,0,0.0
48704,2025-07-22 07:00:00,48.56311684544311,23.04,81.02,0.82,0.0,development,0.0,9.62684943657959e-07,0,0.0
48705,2025-07-22 08:00:00,48.42645166099648,24.8,70.5,1.42,0.0,development,0.0,0.00029331040967967644,0,0.0
48706,2025-07-22 09:00:00,48.829708529698905,26.35,62.41,2.14,0.01,development,0.0,0.04909177975620849,0,0.0
48707,2025-07-22 10:00:00,48.139840429754535,27.69,56.09,2.43,0.03,development,4.579650454800678,0.8999480153581658,1,4.596851806065161
48708,2025-07-22 11:00:00,55.18118908215417,28.58,52.07,2.53,0.03,development,0.0,2.476875546827933e-05,0,0.0
48709,2025-07-22 12:00:00,55.749684406219615,29.0,49.82,2.44,0.02,development,0.0,1.2997009739734233e-05,0,0.0
48710,2025-07-22 13:00:00,53.4039228338057,28.95,49.6,2.12,0.03,development,0.0,0.001826232231981139,0,0.0
48711,2025-07-22 14:00:00,52.3339758785513,28.41,51.28,1.72,0.02,development,0.0,0.003834648011876988,0,0.0
48712,2025-07-22 15:00:00,52.42876268202252,27.44,54.45,1.11,0.02,development,0.0,0.00021379754712863417,0,0.0
48713,2025-07-22 16:00:00,50.86925320298943,25.89,61.11,0.48,0.01,development,0.0,1.3347364046978248e-05,0,0.0
48714,2025-07-22 17:00:00,51.91035937087875,23.51,73.45,0.02,0.01,development,0.0,2.331591258901056e-07,0,0.0
48715,2025-07-22 18:00:00,51.21854665869104,22.46,80.6,0.0,0.01,development,0.0,8.113958086254286e-08,0,0.0
48716,2025-07-22 19:00:00,51.9909492843109,21.79,86.26,0.0,0.01,development,0.0,2.9341833377969344e-08,0,0.0
48717,2025-07-22 20:00:00,51.67920583103038,21.28,90.92,0.0,0.01,development,0.0,3.181957618381168e-08,0,0.0
48718,2025-07-22 21:00:00,51.72271127993853,20.93,94.25,0.0,0.01,development,0.0,3.78477195905719e-08,0,0.0
48719,2025-07-22 22:00:00,52.34961340190424,20.76,96.26,0.0,0.01,development,0.0,3.362456707158432e-08,0,0.0
48720,2025-07-22 23:00:00,52.448416654272826,20.67,97.67,0.0,0.01,development,0.0,1.2011033104419826e-08,0,0.0
48721,2025-07-23 00:00:00,53.512415246755154,20.62,98.63,0.0,0.02,mid,0.0,1.7472167657948363e-08,0,0.0
48722,2025-07-23 01:00:00,52.46635292166818,20.63,99.05,0.0,0.02,mid,0.0,1.0189360358467369e-08,0,0.0
48723,2025-07-23 02:00:00,51.739927895908,20.68,99.23,0.0,0.02,mid,0.0,6.194544881403705e-09,0,0.0
48724,2025-07-23 03:00:00,51.45480692242431,20.64,99.87,0.0,0.02,mid,0.0,2.5178467720402664e-09,0,0.0
48725,2025-07-23 04:00:00,52.27589336489599,20.57,100.0,0.0,0.03,mid,0.0,5.504845500359244e-10,0,0.0
48726,2025-07-23 05:00:00,53.20505576485563,20.58,100.0,0.0,0.03,mid,0.0,1.1617369023893566e-10,0,0.0
48727,2025-07-23 06:00:00,52.75843717105719,21.78,95.92,0.18,0.03,mid,0.0,4.105774950819508e-10,0,0.0
48728,2025-07-23 07:00:00,51.32635722643213,23.47,87.83,0.6,0.03,mid,0.0,2.7739573867150537e-08,0,0.0
48729,2025-07-23 08:00:00,51.880971867421344,25.43,75.03,1.05,0.03,mid,0.0,7.253293928284273e-07,0,0.0
48730,2025-07-23 09:00:00,51.33490666923853,27.22,65.27,1.41,0.18,mid,0.0,3.392311921090864e-05,0,0.0
48731,2025-07-23 10:00:00,51.57814192727171,28.35,60.42,1.82,0.24,mid,0.0,0.00040446135148749596,0,0.0
48732,2025-07-23 11:00:00,50.4536621029288,28.73,58.78,2.2,0.22,mid,0.0,0.010185208901397838,0,0.0
48733,2025-07-23 12:00:00,49.80666571913335,28.68,58.81,2.18,0.17,mid,0.0,0.04464779708389991,0,0.0
48734,2025-07-23 13:00:00,47.99912546255439,28.6,58.92,1.4,0.12,mid,0.0,0.32790317882098613,0,0.0
48735,2025-07-23 14:00:00,48.97183566955264,27.89,61.51,1.3,0.09,mid,0.0,0.023705076612136937,0,0.0
48736,2025-07-23 15:00:00,46.71410842280667,26.74,67.01,0.75,0.06,mid,0.0,0.003708347824458165,0,0.0
48737,2025-07-23 16:00:00,47.5584689238663,25.36,74.41,0.31,0.06,mid,0.0,5.038473597520092e-05,0,0.0
48738,2025-07-23 17:00:00,46.88146121437371,23.92,82.37,0.02,0.04,mid,0.0,5.790488940508271e-06,0,0.0
48739,2025-07-23 18:00:00,46.87176610613628,23.1,87.44,0.0,0.03,mid,0.0,2.163803216726657e-06,0,0.0
48740,2025-07-23 19:00:00,47.86315353629451,22.56,90.98,0.0,0.03,mid,0.0,8.805070448811579e-07,0,0.0
48741,2025-07-23 20:00:00,47.43200010242735,22.15,93.67,0.0,0.03,mid,0.0,8.687359687905333e-07,0,0.0
48742,2025-07-23 21:00:00,45.55734226066328,21.86,95.35,0.0,0.03,mid,0.0,5.388383934548704e-07,0,0.0
48743,2025-07-23 22:00:00,47.36380121490628,21.68,96.08,0.0,0.04,mid,0.0,2.2290532986818024e-07,0,0.0
48744,2025-07-23 23:00:00,47.27391876218357,21.55,96.5,0.0,0.05,mid,0.0,1.223775990920237e-07,0,0.0
48745,2025-07-24 00:00:00,48.65302361324265,21.46,96.77,0.0,0.05,mid,0.0,6.158676687668027e-08,0,0.0
48746,2025-07-24 01:00:00,46.70315830743552,21.33,96.87,0.0,0.04,mid,0.0,4.99567183304169e-08,0,0.0
48747,2025-07-24 02:00:00,49.29312036418081,21.17,97.17,0.0,0.05,mid,0.0,2.0767982156260478e-08,0,0.0
48748,2025-07-24 03:00:00,48.49495429201333,20.99,97.54,0.0,0.04,mid,0.0,1.646488063067072e-08,0,0.0
48749,2025-07-24 04:00:00,47.64965498898863,20.84,97.85,0.0,0.05,mid,0.0,1.1864639066965273e-08,0,0.0
48750,2025-07-24 05:00:00,47.611983430181006,20.83,97.76,0.0,0.06,mid,0.0,9.107104084634788e-09,0,0.0
48751,2025-07-24 06:00:00,47.498962306245865,21.72,95.24,0.2,0.05,mid,0.0,3.666951029952669e-08,0,0.0
48752,2025-07-24 07:00:00,48.10555324579638,22.99,89.97,0.68,0.05,mid,0.0,8.307724886060611e-07,0,0.0
48753,2025-07-24 08:00:00,46.90337231793614,24.56,80.27,1.23,0.09,mid,0.0,0.00039645702003852874,0,0.0
48754,2025-07-24 09:00:00,46.9082246293532,26.39,68.59,1.78,0.06,mid,0.0,0.052663007880713944,0,0.0
48755,2025-07-24 10:00:00,45.4524316767651,27.88,60.16,2.07,0.05,mid,4.681354671215267,0.908580241481332,1,4.506257354198592
48756,2025-07-24 11:00:00,53.953104178742784,28.69,55.97,1.88,0.07,mid,0.0,1.78032132348582e-05,0,0.0
48757,2025-07-24 12:00:00,52.723160882868335,28.99,54.21,2.09,0.05,mid,0.0,0.0002228751004194393,0,0.0
48758,2025-07-24 13:00:00,51.4221227306469,28.84,53.79,1.94,0.03,mid,0.0,0.003544415946058778,0,0.0
48759,2025-07-24 14:00:00,50.88521815899495,28.2,55.13,1.61,0.02,mid,0.0,0.0020620734151225754,0,0.0
48760,2025-07-24 15:00:00,49.93025016153938,27.19,58.12,1.01,0.01,mid,0.0,0.0003971085567256318,0,0.0
48761,2025-07-24 16:00:00,50.31878772694493,25.61,64.54,0.44,0.01,mid,0.0,7.572390736840082e-06,0,0.0
48762,2025-07-24 17:00:00,48.85458555386558,23.75,74.21,0.02,0.01,mid,0.0,1.6365269918196332e-06,0,0.0
48763,2025-07-24 18:00:00,50.59269831631672,22.61,81.69,0.0,0.01,mid,0.0,3.144735530641212e-07,0,0.0
48764,2025-07-24 19:00:00,50.02227226191671,21.99,86.09,0.0,0.01,mid,0.0,2.9919907208341083e-07,0,0.0
48765,2025-07-24 20:00:00,49.54971781227615,21.6,88.89,0.0,0.02,mid,0.0,4.075323770579376e-07,0,0.0
48766,2025-07-24 21:00:00,50.403790213535245,21.32,90.96,0.0,0.02,mid,0.0,3.7489005694572566e-07,0,0.0
48767,2025-07-24 22:00:00,50.28202873512181,21.0,93.01,0.0,0.03,mid,0.0,1.4672295908757047e-07,0,0.0
48768,2025-07-24 23:00:00,49.18463238772559,20.67,95.2,0.0,0.04,mid,0.0,6.412372185020622e-08,0,0.0
48769,2025-07-25 00:00:00,51.11703302787721,20.4,96.82,0.0,0.04,mid,0.0,2.3471124632203073e-08,0,0.0
48770,2025-07-25 01:00:00,48.14889346557497,20.26,97.41,0.0,0.06,mid,0.0,1.9279051266090272e-08,0,0.0
48771,2025-07-25 02:00:00,51.10526843975985,20.15,97.56,0.0,0.07,mid,0.0,6.399185636929033e-09,0,0.0
48772,2025-07-25 03:00:00,50.21561939952789,20.0,97.57,0.0,0.09,mid,0.0,3.782333592987016e-09,0,0.0
48773,2025-07-25 04:00:00,51.2260743618069,19.67,98.09,0.0,0.07,mid,0.0,6.220851381155684e-10,0,0.0
48774,2025-07-25 05:00:00,51.68597121440626,19.42,98.25,0.0,0.08,mid,0.0,1.9451946264529505e-10,0,0.0
48775,2025-07-25 06:00:00,50.266665474990994,20.64,94.42,0.23,0.06,mid,0.0,2.2714958975975985e-09,0,0.0
48776,2025-07-25 07:00:00,50.16765229833858,22.32,88.61,0.71,0.06,mid,0.0,6.08030839259247e-08,0,0.0
48777,2025-07-25 08:00:00,50.36492563995441,24.32,74.3,1.26,0.04,mid,0.0,6.094312457216211e-06,0,0.0
48778,2025-07-25 09:00:00,48.71567424611648,26.17,60.44,1.59,0.07,mid,0.0,0.003571854226938816,0,0.0
48779,2025-07-25 10:00:00,48.74917831980393,27.43,54.11,1.7,0.08,mid,0.0,0.06438915850822645,0,0.0
48780,2025-07-25 11:00:00,47.95400740339133,28.3,50.23,1.87,0.05,mid,0.0,0.6966267558023846,1,4.380991943063545
48781,2025-07-25 12:00:00,46.5707479004861,28.66,48.58,1.61,0.04,mid,4.231574543583992,0.8770202382762617,1,4.201075560616003
48782,2025-07-25 13:00:00,53.45723293166063,28.7,48.74,1.36,0.04,mid,0.0,5.198910389904714e-05,0,0.0
48783,2025-07-25 14:00:00,53.77691994522687,28.14,51.03,1.04,0.04,mid,0.0,1.2373750828144555e-05,0,0.0
48784,2025-07-25 15:00:00,53.19104816883228,27.19,55.39,0.65,0.04,mid,0.0,4.283082437765262e-06,0,0.0
48785,2025-07-25 16:00:00,52.14578130714773,25.63,63.35,0.29,0.04,mid,0.0,1.29262984431795e-06,0,0.0
48786,2025-07-25 17:00:00,52.163334850669415,23.72,74.29,0.02,0.03,mid,0.0,2.5342007096569145e-07,0,0.0
48787,2025-07-25 18:00:00,51.90757805883958,22.62,81.98,0.0,0.03,mid,0.0,1.8158167911739428e-07,0,0.0
48788,2025-07-25 19:00:00,50.77934232754215,21.73,88.11,0.0,0.03,mid,0.0,2.113495137971331e-07,0,0.0
48789,2025-07-25 20:00:00,51.42507665227005,21.08,92.05,0.0,0.04,mid,0.0,1.8573015216376512e-07,0,0.0
48790,2025-07-25 21:00:00,53.05562708004637,20.72,94.0,0.0,0.04,mid,0.0,1.3397520708972063e-07,0,0.0
48791,2025-07-25 22:00:00,53.30872090805886,20.47,95.26,0.0,0.05,mid,0.0,8.947030204540584e-08,0,0.0
48792,2025-07-25 23:00:00,51.726773063919374,20.23,96.32,0.0,0.05,mid,0.0,4.1887709335450214e-08,0,0.0
48793,2025-07-26 00:00:00,53.38370559743958,20.02,97.47,0.0,0.06,mid,0.0,1.2469497791732026e-08,0,0.0
48794,2025-07-26 01:00:00,51.61537980718629,19.86,98.12,0.0,0.07,mid,0.0,8.045219458072862e-09,0,0.0
48795,2025-07-26 02:00:00,52.249722735481065,19.86,98.16,0.0,0.07,mid,0.0,3.1423050237896273e-09,0,0.0
48796,2025-07-26 03:00:00,52.66839002731568,19.87,98.15,0.0,0.08,mid,0.0,7.154399212886303e-10,0,0.0
48797,2025-07-26 04:00:00,52.61989530904155,19.81,98.04,0.0,0.06,mid,0.0,2.643344595818213e-10,0,0.0
48798,2025-07-26 05:00:00,52.35969822588985,19.58,98.23,0.0,0.06,mid,0.0,1.26198581563684e-10,0,0.0
48799,2025-07-26 06:00:00,53.07732660475404,20.62,95.48,0.21,0.05,mid,0.0,1.692852077630179e-10,0,0.0
48800,2025-07-26 07:00:00,53.44223847421669,22.09,89.65,0.67,0.05,mid,0.0,1.0343411431747619e-09,0,0.0
48801,2025-07-26 08:00:00,51.30066363188285,23.78,77.99,1.2,0.05,mid,0.0,8.924767429829405e-07,0,0.0
48802,2025-07-26 09:00:00,52.1333031055773,25.84,63.98,1.71,0.13,mid,0.0,9.129842981672263e-06,0,0.0
48803,2025-07-26 10:00:00,52.22695866363654,27.27,56.96,2.03,0.12,mid,0.0,8.166508562506941e-05,0,0.0
48804,2025-07-26 11:00:00,50.42613809055657,28.23,52.81,2.24,0.09,mid,0.0,0.013780299398388275,0,0.0
48805,2025-07-26 12:00:00,49.55400955000853,28.73,50.4,2.4,0.06,mid,0.0,0.09546736652129427,0,0.0
48806,2025-07-26 13:00:00,48.56215359709315,28.73,49.71,2.15,0.05,mid,0.0,0.248717041764213,0,0.0
48807,2025-07-26 14:00:00,50.14079305877924,28.26,50.47,1.78,0.02,mid,0.0,0.006538664379191772,0,0.0
48808,2025-07-26 15:00:00,49.15372585194231,27.32,52.82,1.13,0.01,mid,0.0,0.0009261175142285792,0,0.0
48809,2025-07-26 16:00:00,47.3033566140999,25.74,58.31,0.51,0.0,mid,0.0,0.00010797139829818846,0,0.0
48810,2025-07-26 17:00:00,48.26612734174199,23.41,68.66,0.02,0.0,mid,0.0,1.653337571057116e-06,0,0.0
48811,2025-07-26 18:00:00,46.9010223645019,22.17,74.9,0.0,0.0,mid,0.0,1.3448085510341515e-06,0,0.0
48812,2025-07-26 19:00:00,47.19741507557298,21.3,79.74,0.0,0.0,mid,0.0,6.277262355249136e-07,0,0.0
48813,2025-07-26 20:00:00,46.473940369966,20.57,84.12,0.0,0.0,mid,0.0,7.07376664371514e-07,0,0.0
48814,2025-07-26 21:00:00,45.84741065436127,20.05,87.33,0.0,0.0,mid,0.0,2.569309704413887e-07,0,0.0
48815,2025-07-26 22:00:00,46.85776009641,19.72,89.56,0.0,0.0,mid,0.0,7.725172191358208e-08,0,0.0
48816,2025-07-26 23:00:00,46.98188869445447,19.45,91.54,0.0,0.0,mid,0.0,3.3878762054448613e-08,0,0.0
48817,2025-07-27 00:00:00,47.67566622982873,19.26,92.94,0.0,0.01,mid,0.0,1.5867544141318527e-08,0,0.0
48818,2025-07-27 01:00:00,47.88335369036805,19.34,92.92,0.0,0.02,mid,0.0,1.1506292656404589e-08,0,0.0
48819,2025-07-27 02:00:00,47.2862438765758,19.44,92.66,0.0,0.02,mid,0.0,1.038698689209875e-08,0,0.0
48820,2025-07-27 03:00:00,46.62899240185151,19.32,93.41,0.0,0.03,mid,0.0,1.078226035480075e-08,0,0.0
48821,2025-07-27 04:00:00,46.93304780352226,19.24,93.9,0.0,0.03,mid,0.0,7.159485974427048e-09,0,0.0
48822,2025-07-27 05:00:00,48.78228378078035,19.13,94.37,0.0,0.04,mid,0.0,1.6060275813705995e-09,0,0.0
48823,2025-07-27 06:00:00,48.07521922739496,20.25,90.01,0.29,0.05,mid,0.0,1.2859933987724692e-08,0,0.0
48824,2025-07-27 07:00:00,48.54467735971792,21.89,82.71,1.08,0.05,mid,0.0,1.132240024909748e-06,0,0.0
48825,2025-07-27 08:00:00,48.47501529354707,23.73,71.16,1.88,0.07,mid,0.0,0.0002525150261387068,0,0.0
48826,2025-07-27 09:00:00,45.90456433639481,25.71,60.06,2.36,0.0,mid,4.184135631058222,0.38244439172699385,0,0.0
48827,2025-07-27 10:00:00,53.29733815301816,27.13,53.57,2.72,0.0,mid,0.0,7.406883208118968e-06,0,0.0
48828,2025-07-27 11:00:00,51.06854072833567,28.02,49.82,2.83,0.0,mid,0.0,0.0017147377175223506,0,0.0
48829,2025-07-27 12:00:00,51.73601510839973,28.47,47.47,2.71,0.0,mid,0.0,0.0011229433531701764,0,0.0
48830,2025-07-27 13:00:00,50.72073234991101,28.43,46.93,2.33,0.0,mid,0.0,0.009096319700201016,0,0.0
48831,2025-07-27 14:00:00,47.60430988927788,27.91,47.97,1.92,0.0,mid,0.0,0.09379233959395454,0,0.0
48832,2025-07-27 15:00:00,48.994881697645965,26.91,50.71,1.26,0.0,mid,0.0,0.0010081761697204534,0,0.0
48833,2025-07-27 16:00:00,47.5469458853635,25.34,56.78,0.56,0.0,mid,0.0,8.312977944640753e-05,0,0.0
48834,2025-07-27 17:00:00,47.73187863346247,22.92,68.58,0.03,0.0,mid,0.0,1.8367578917474686e-06,0,0.0
48835,2025-07-27 18:00:00,47.476448871146914,21.83,75.81,0.0,0.0,mid,0.0,8.313147953718995e-07,0,0.0
48836,2025-07-27 19:00:00,48.730559561495134,21.05,81.78,0.0,0.0,mid,0.0,2.6034042740088807e-07,0,0.0
48837,2025-07-27 20:00:00,47.45740016515133,20.38,86.79,0.0,0.0,mid,0.0,4.0988509235697913e-07,0,0.0
48838,2025-07-27 21:00:00,46.98097869661967,20.04,89.67,0.0,0.0,mid,0.0,1.9097860940589336e-07,0,0.0
48839,2025-07-27 22:00:00,47.35815246723797,19.94,90.83,0.0,0.0,mid,0.0,8.029243616932567e-08,0,0.0
48840,2025-07-27 23:00:00,47.8325875317369,19.86,91.52,0.0,0.0,mid,0.0,4.1771199880455945e-08,0,0.0
48841,2025-07-28 00:00:00,48.33239364055112,19.71,92.33,0.0,0.0,mid,0.0,2.0603347875698942e-08,0,0.0
48842,2025-07-28 01:00:00,48.97339797639633,19.51,93.37,0.0,0.01,mid,0.0,1.0636687844222807e-08,0,0.0
48843,2025-07-28 02:00:00,48.42758365327668,19.29,94.48,0.0,0.0,mid,0.0,7.526074743350143e-09,0,0.0
48844,2025-07-28 03:00:00,48.483738213726056,19.06,95.7,0.0,0.0,mid,0.0,5.5305203369121475e-09,0,0.0
48845,2025-07-28 04:00:00,48.607495767450914,18.83,97.04,0.0,0.0,mid,0.0,2.082697310168745e-09,0,0.0
48846,2025-07-28 05:00:00,48.67058145990848,18.65,98.03,0.0,0.0,mid,0.0,1.2139772387060322e-09,0,0.0
48847,2025-07-28 06:00:00,48.843415452649744,20.18,91.01,0.3,0.0,mid,0.0,6.4698847477407355e-09,0,0.0
48848,2025-07-28 07:00:00,49.79269214401921,22.85,74.49,1.05,0.0,mid,0.0,7.959965457840201e-07,0,0.0
48849,2025-07-28 08:00:00,47.98870273883596,24.87,62.62,1.87,0.0,mid,0.0,0.0013228010476547163,0,0.0
48850,2025-07-28 09:00:00,46.95409245044874,26.42,55.79,2.38,0.0,mid,4.008314425804002,0.1799637128740708,0,0.0
48851,2025-07-28 10:00:00,52.27007144492111,27.68,51.06,2.73,0.0,mid,0.0,7.722574280395657e-05,0,0.0
48852,2025-07-28 11:00:00,52.03899353434337,28.64,47.41,2.74,0.0,mid,0.0,0.0004919902170694152,0,0.0
48853,2025-07-28 12:00:00,51.83291029614294,29.16,45.52,2.67,0.0,mid,0.0,0.0014897761355301322,0,0.0
48854,2025-07-28 13:00:00,49.08398998128273,29.11,45.38,2.46,0.0,mid,0.0,0.1472941063396793,0,0.0
48855,2025-07-28 14:00:00,50.30230539482485,28.61,46.69,1.87,0.0,mid,0.0,0.005681984792600716,0,0.0
48856,2025-07-28 15:00:00,48.33092075869419,27.6,49.59,1.23,0.0,mid,0.0,0.0027845973454844433,0,0.0
48857,2025-07-28 16:00:00,48.046157392785794,25.97,55.86,0.55,0.0,mid,0.0,6.47612489449711e-05,0,0.0
48858,2025-07-28 17:00:00,48.42104953758373,23.42,68.06,0.03,0.0,mid,0.0,1.529250751311289e-06,0,0.0
48859,2025-07-28 18:00:00,47.58225550236182,22.14,75.92,0.0,0.0,mid,0.0,9.115464013958815e-07,0,0.0
48860,2025-07-28 19:00:00,48.37067029403161,21.29,81.96,0.0,0.0,mid,0.0,3.4303670972094553e-07,0,0.0
48861,2025-07-28 20:00:00,47.08189085041218,20.59,87.11,0.0,0.0,mid,0.0,5.103987323451339e-07,0,0.0
48862,2025-07-28 21:00:00,48.70438846971906,19.99,91.57,0.0,0.0,mid,0.0,1.6819050018753504e-07,0,0.0
48863,2025-07-28 22:00:00,48.16039935249637,19.42,95.71,0.0,0.0,mid,0.0,4.8407911158510715e-08,0,0.0
48864,2025-07-28 23:00:00,48.00068073949064,19.01,98.51,0.0,0.0,mid,0.0,2.189082712235167e-08,0,0.0
48865,2025-07-29 00:00:00,48.22337737362047,18.74,100.0,0.0,0.0,mid,0.0,1.0499465456808074e-08,0,0.0
48866,2025-07-29 01:00:00,48.000001521248045,18.69,100.0,0.0,0.01,mid,0.0,6.67281653988707e-09,0,0.0
48867,2025-07-29 02:00:00,48.38186534177351,18.82,99.45,0.0,0.01,mid,0.0,5.1851657132331185e-09,0,0.0
48868,2025-07-29 03:00:00,47.87530584061389,18.91,98.58,0.0,0.01,mid,0.0,6.376364831456198e-09,0,0.0
48869,2025-07-29 04:00:00,47.82093485148889,19.07,97.16,0.0,0.01,mid,0.0,3.855950704060677e-09,0,0.0
48870,2025-07-29 05:00:00,46.65174835762902,19.1,96.57,0.0,0.01,mid,0.0,5.487020881693157e-09,0,0.0
48871,2025-07-29 06:00:00,49.15801560681636,19.85,93.65,0.28,0.0,mid,0.0,3.847292773442136e-09,0,0.0
48872,2025-07-29 07:00:00,46.90495291985776,22.46,79.71,0.95,0.0,mid,0.0,8.843346737576056e-06,0,0.0
48873,2025-07-29 08:00:00,48.68195899551012,25.29,63.43,1.61,0.0,mid,0.0,0.0003219421231407756,0,0.0
48874,2025-07-29 09:00:00,46.56530542542942,27.65,51.16,2.26,0.0,mid,4.014014971636186,0.40548815356037554,0,0.0
48875,2025-07-29 10:00:00,53.65110961586948,29.59,44.01,2.81,0.0,mid,0.0,1.1900080074470666e-05,0,0.0
48876,2025-07-29 11:00:00,52.649700575963664,30.83,39.67,2.96,0.0,mid,0.0,0.00045319090480311206,0,0.0
48877,2025-07-29 12:00:00,51.69415165992757,31.53,37.08,2.8,0.0,mid,0.0,0.004967484193012879,0,0.0
48878,2025-07-29 13:00:00,50.10034535600382,31.66,36.12,2.57,0.0,mid,0.0,0.0727467878576177,0,0.0
48879,2025-07-29 14:00:00,48.33536737958043,31.3,36.49,2.05,0.0,mid,0.0,0.11045623535234281,0,0.0
48880,2025-07-29 15:00:00,48.51504908140084,30.38,38.78,1.34,0.0,mid,0.0,0.005939485345115954,0,0.0
48881,2025-07-29 16:00:00,47.96330908131771,28.3,48.63,0.57,0.0,mid,0.0,0.000160113131103816,0,0.0
48882,2025-07-29 17:00:00,47.902408025386585,24.78,61.94,0.03,0.0,mid,0.0,3.307732592441566e-06,0,0.0
48883,2025-07-29 18:00:00,47.001985416148216,23.42,68.23,0.0,0.0,mid,0.0,1.973645430662065e-06,0,0.0
48884,2025-07-29 19:00:00,47.75511394831843,22.47,75.23,0.0,0.0,mid,0.0,8.735970030916795e-07,0,0.0
48885,2025-07-29 20:00:00,45.64601630950046,21.59,82.54,0.0,0.0,mid,0.0,1.5907007564754225e-06,0,0.0
48886,2025-07-29 21:00:00,47.74389840372461,20.81,89.38,0.0,0.0,mid,0.0,3.196655941286074e-07,0,0.0
48887,2025-07-29 22:00:00,48.0847806087676,20.14,95.17,0.0,0.0,mid,0.0,8.002305719510101e-08,0,0.0
48888,2025-07-29 23:00:00,47.358612311149166,19.55,100.0,0.0,0.0,mid,0.0,3.0500714360835147e-08,0,0.0
48889,2025-07-30 00:00:00,47.768024811451696,19.15,100.0,0.0,0.0,mid,0.0,1.4291264487224078e-08,0,0.0
48890,2025-07-30 01:00:00,48.11420199528108,18.89,100.0,0.0,0.0,mid,0.0,7.483769630581185e-09,0,0.0
48891,2025-07-30 02:00:00,48.79438976549915,18.66,100.0,0.0,0.0,mid,0.0,4.302344069752624e-09,0,0.0
48892,2025-07-30 03:00:00,48.827847813342416,18.47,100.0,0.0,0.0,mid,0.0,3.2139908403317247e-09,0,0.0
48893,2025-07-30 04:00:00,48.228450506132845,18.31,100.0,0.0,0.0,mid,0.0,1.7516538785002158e-09,0,0.0
48894,2025-07-30 05:00:00,47.97313199111227,18.16,100.0,0.0,0.01,mid,0.0,1.351566123572232e-09,0,0.0
48895,2025-07-30 06:00:00,48.29328242998506,19.92,97.51,0.21,0.01,mid,0.0,6.702542297517377e-09,0,0.0
48896,2025-07-30 07:00:00,49.21611666831144,23.01,82.01,0.74,0.0,mid,0.0,5.145169161444995e-07,0,0.0
48897,2025-07-30 08:00:00,47.72724376063091,25.81,67.26,1.33,0.0,mid,0.0,0.0007461765993251813,0,0.0
48898,2025-07-30 09:00:00,46.89802419587374,28.13,54.96,1.93,0.0,mid,4.07781080162809,0.19732862276682642,0,0.0
48899,2025-07-30 10:00:00,53.564591764263696,29.78,47.97,2.72,0.0,mid,0.0,1.4519997598158611e-05,0,0.0
48900,2025-07-30 11:00:00,51.87519427945498,30.83,43.83,2.84,0.0,mid,0.0,0.0018760446500677706,0,0.0
48901,2025-07-30 12:00:00,50.25386830108897,31.34,41.36,2.75,0.0,mid,0.0,0.07779801115753561,0,0.0
48902,2025-07-30 13:00:00,50.43436977364934,31.28,40.53,2.41,0.0,mid,0.0,0.03988712022118101,0,0.0
48903,2025-07-30 14:00:00,49.423721641368736,30.69,41.07,1.95,0.0,mid,0.0,0.03116689126799514,0,0.0
48904,2025-07-30 15:00:00,48.47603564401521,29.51,43.5,1.26,0.0,mid,0.0,0.004848038169539233,0,0.0
48905,2025-07-30 16:00:00,48.63580441943283,27.57,49.57,0.54,0.0,mid,0.0,5.860151079287938e-05,0,0.0
48906,2025-07-30 17:00:00,46.51778793015,24.66,61.88,0.03,0.0,mid,0.0,7.696097500923231e-06,0,0.0
48907,2025-07-30 18:00:00,47.53530207558698,23.31,69.6,0.0,0.0,mid,0.0,1.4369633926273509e-06,0,0.0
48908,2025-07-30 19:00:00,47.26487757515214,22.41,76.96,0.0,0.0,mid,0.0,1.1001187359862559e-06,0,0.0
48909,2025-07-30 20:00:00,47.34794630921918,21.69,83.83,0.0,0.0,mid,0.0,8.465987528557362e-07,0,0.0
48910,2025-07-30 21:00:00,47.84464399303548,21.07,89.9,0.0,0.0,mid,0.0,3.746037281843815e-07,0,0.0
48911,2025-07-30 22:00:00,47.23981491773799,20.54,95.04,0.0,0.0,mid,0.0,1.0670097275144385e-07,0,0.0
48912,2025-07-30 23:00:00,49.30940073466664,20.11,98.93,0.0,0.0,mid,0.0,4.353660280468914e-08,0,0.0
48913,2025-07-31 00:00:00,48.329161732498335,20.05,99.6,0.0,0.0,mid,0.0,2.558384373868413e-08,0,0.0
48914,2025-07-31 01:00:00,47.33233163441568,20.23,98.22,0.0,0.0,mid,0.0,2.1856833813682006e-08,0,0.0
48915,2025-07-31 02:00:00,46.57548058808662,20.35,97.0,0.0,0.0,mid,0.0,2.0280058950924244e-08,0,0.0
48916,2025-07-31 03:00:00,47.51357407067081,20.36,96.76,0.0,0.01,mid,0.0,1.7878944709590125e-08,0,0.0
48917,2025-07-31 04:00:00,47.72906071860913,20.3,97.02,0.0,0.01,mid,0.0,8.478562748083565e-09,0,0.0
48918,2025-07-31 05:00:00,47.49736835562475,20.27,97.45,0.0,0.01,mid,0.0,6.887730344923554e-09,0,0.0
48919,2025-07-31 06:00:00,50.06431733922835,21.43,91.85,0.19,0.02,mid,0.0,4.092543014037263e-09,0,0.0
48920,2025-07-31 07:00:00,46.51256315642033,23.29,80.86,0.61,0.02,mid,0.0,7.95329584370002e-06,0,0.0
48921,2025-07-31 08:00:00,47.4778883196972,25.08,70.08,1.19,0.02,mid,0.0,0.00047163855035703563,0,0.0
48922,2025-07-31 09:00:00,46.75868528637759,26.53,62.86,1.62,0.02,mid,0.0,0.06882517540248466,0,0.0
48923,2025-07-31 10:00:00,45.95417752222414,27.77,57.45,1.76,0.02,mid,4.750845075570123,0.8432578367051431,1,4.422745706700901
48924,2025-07-31 11:00:00,51.738709915418,28.64,53.49,1.7,0.03,mid,0.0,0.0014923451080184704,0,0.0
48925,2025-07-31 12:00:00,52.4582809165936,29.04,51.52,1.65,0.04,mid,0.0,0.00042502753074290917,0,0.0
48926,2025-07-31 13:00:00,51.880487169844,28.77,51.89,1.46,0.05,mid,0.0,0.0009818556301979104,0,0.0
48927,2025-07-31 14:00:00,51.6322698171122,27.94,54.24,1.23,0.05,mid,0.0,0.0004460057923842346,0,0.0
48928,2025-07-31 15:00:00,50.90165282218162,26.66,58.74,0.73,0.04,mid,0.0,6.590809142581999e-05,0,0.0
48929,2025-07-31 16:00:00,51.10332485917938,25.24,65.32,0.28,0.03,mid,0.0,2.616955561605253e-06,0,0.0
48930,2025-07-31 17:00:00,48.3098469191204,23.77,73.81,0.01,0.03,mid,0.0,2.1935395103713886e-06,0,0.0
48931,2025-07-31 18:00:00,49.79633994041141,22.91,80.18,0.0,0.03,mid,0.0,4.879959288017761e-07,0,0.0
48932,2025-07-31 19:00:00,52.03792278422452,22.32,85.1,0.0,0.04,mid,0.0,1.5517497490503874e-07,0,0.0
48933,2025-07-31 20:00:00,50.94489185284456,21.86,89.37,0.0,0.05,mid,0.0,3.0099940080131244e-07,0,0.0
48934,2025-07-31 21:00:00,49.034071023652224,21.64,92.08,0.0,0.08,mid,0.0,5.063131539919616e-07,0,0.0
48935,2025-07-31 22:00:00,50.42982738535109,21.53,93.63,0.0,0.13,mid,0.0,2.0552804898519424e-07,0,0.0
48936,2025-07-31 23:00:00,49.74639040828583,21.4,94.83,0.0,0.18,mid,0.0,9.921103408101696e-08,0,0.0
48937,2025-08-01 00:00:00,50.5140878375484,21.28,95.84,0.0,0.22,mid,0.0,4.4957821503856494e-08,0,0.0
48938,2025-08-01 01:00:00,52.8090459675123,21.24,96.28,0.0,0.28,mid,0.0,1.4902655735827716e-08,0,0.0
48939,2025-08-01 02:00:00,52.38861334907904,21.28,96.25,0.0,0.33,mid,0.0,7.046507355869313e-09,0,0.0
48940,2025-08-01 03:00:00,50.85586045646527,21.29,96.55,0.0,0.36,mid,0.0,5.6438450481637295e-09,0,0.0
48941,2025-08-01 04:00:00,51.89714088596008,21.32,96.58,0.0,0.35,mid,0.0,1.1680108515482803e-09,0,0.0
48942,2025-08-01 05:00:00,52.93496939902609,21.35,96.55,0.0,0.34,mid,0.0,2.431351020817431e-10,0,0.0
48943,2025-08-01 06:00:00,53.11035299722189,21.7,95.71,0.15,0.31,mid,0.0,2.667314897899382e-10,0,0.0
48944,2025-08-01 07:00:00,53.74352096176796,22.51,93.36,0.51,0.31,mid,0.0,6.248390530670355e-10,0,0.0
48945,2025-08-01 08:00:00,52.91793410514259,23.71,85.43,1.0,0.37,mid,0.0,3.9356149268188766e-08,0,0.0
48946,2025-08-01 09:00:00,52.9157855998957,25.58,70.5,1.33,0.21,mid,0.0,1.4986425469773948e-06,0,0.0
48947,2025-08-01 10:00:00,52.14344116679923,26.84,61.73,1.36,0.23,mid,0.0,7.855913797709664e-05,0,0.0
48948,2025-08-01 11:00:00,51.9206037294088,27.36,58.98,1.47,0.2,mid,0.0,0.0006198284629219948,0,0.0
48949,2025-08-01 12:00:00,52.17929711370559,27.29,58.75,1.42,0.19,mid,0.0,0.00041584155580525167,0,0.0
48950,2025-08-01 13:00:00,51.25852852199049,26.83,59.97,1.19,0.17,mid,0.0,0.0011870454081321364,0,0.0
48951,2025-08-01 14:00:00,49.948571588102624,26.15,62.02,0.9,0.17,mid,0.0,0.0013268638966344945,0,0.0
48952,2025-08-01 15:00:00,50.98679293388472,25.22,65.43,0.55,0.13,mid,0.0,2.7475905025642448e-05,0,0.0
48953,2025-08-01 16:00:00,50.62642762491047,23.87,71.56,0.22,0.09,mid,0.0,2.4946549656117014e-06,0,0.0
48954,2025-08-01 17:00:00,49.65816641357219,22.52,78.2,0.01,0.08,mid,0.0,6.882586243399718e-07,0,0.0
48955,2025-08-01 18:00:00,49.502606096318345,21.72,82.02,0.0,0.04,mid,0.0,3.2207102571971716e-07,0,0.0
48956,2025-08-01 19:00:00,51.15659049316113,21.29,83.62,0.0,0.03,mid,0.0,1.2482474636280283e-07,0,0.0
48957,2025-08-01 20:00:00,51.05709442421036,20.97,84.67,0.0,0.02,mid,0.0,1.6697553562080499e-07,0,0.0
48958,2025-08-01 21:00:00,48.5845896903782,20.67,85.98,0.0,0.02,mid,0.0,2.999602350016172e-07,0,0.0
48959,2025-08-01 22:00:00,50.77699398859944,20.54,86.39,0.0,0.02,mid,0.0,1.2188873943199553e-07,0,0.0
48960,2025-08-01 23:00:00,51.22559024657049,20.5,86.37,0.0,0.02,mid,0.0,5.3316181014524624e-08,0,0.0
48961,2025-08-02 00:00:00,50.39687118743223,20.41,86.54,0.0,0.02,mid,0.0,2.753730630565149e-08,0,0.0
48962,2025-08-02 01:00:00,49.53552237177812,20.25,86.89,0.0,0.03,mid,0.0,1.6787763700060543e-08,0,0.0
48963,2025-08-02 02:00:00,49.65751061245702,20.13,87.23,0.0,0.02,mid,0.0,9.449365984876946e-09,0,0.0
48964,2025-08-02 03:00:00,51.31505255004597,19.97,87.67,0.0,0.01,mid,0.0,2.0417895006886805e-09,0,0.0
48965,2025-08-02 04:00:00,50.627400102516354,19.87,87.81,0.0,0.01,mid,0.0,1.1914008825231249e-09,0,0.0
48966,2025-08-02 05:00:00,50.40936144756482,19.73,88.39,0.0,0.01,mid,0.0,6.412704927337482e-10,0,0.0
48967,2025-08-02 06:00:00,51.86278422077834,20.51,85.25,0.18,0.02,mid,0.0,4.998083556796045e-10,0,0.0
48968,2025-08-02 07:00:00,49.00424541581984,22.38,75.65,0.63,0.03,mid,0.0,3.683434366997232e-07,0,0.0
48969,2025-08-02 08:00:00,49.35575855916037,24.35,64.07,1.1,0.04,mid,0.0,2.216308345292929e-05,0,0.0
48970,2025-08-02 09:00:00,49.094339478486205,25.55,58.54,1.41,0.1,mid,0.0,0.0011311124131157127,0,0.0
48971,2025-08-02 10:00:00,48.16223244434314,26.41,55.44,1.95,0.11,mid,0.0,0.15044339785330013,0,0.0
48972,2025-08-02 11:00:00,46.13704625441805,26.88,53.57,2.13,0.09,mid,4.239187872259166,0.8997409017963891,1,4.380342139835032
48973,2025-08-02 12:00:00,54.713639746952936,27.0,52.98,1.98,0.08,mid,0.0,4.117058856955825e-06,0,0.0
48974,2025-08-02 13:00:00,52.5624095953382,26.84,53.25,1.64,0.07,mid,0.0,0.00027158365890951917,0,0.0
48975,2025-08-02 14:00:00,51.86223393531409,26.2,55.36,1.45,0.05,mid,0.0,0.00022449994888025025,0,0.0
48976,2025-08-02 15:00:00,51.61678372844132,25.22,58.91,0.91,0.03,mid,0.0,2.236659686345049e-05,0,0.0
48977,2025-08-02 16:00:00,51.30028598792989,23.99,63.65,0.4,0.01,mid,0.0,1.925110479991018e-06,0,0.0
48978,2025-08-02 17:00:00,51.17611745222048,22.55,70.63,0.02,0.01,mid,0.0,2.288822674090343e-07,0,0.0
48979,2025-08-02 18:00:00,52.05679068036757,21.6,76.54,0.0,0.01,mid,0.0,8.137874229071532e-08,0,0.0
48980,2025-08-02 19:00:00,52.233398747328415,20.94,80.83,0.0,0.01,mid,0.0,6.17593381365734e-08,0,0.0
48981,2025-08-02 20:00:00,51.103348705145685,20.49,83.86,0.0,0.01,mid,0.0,1.2391553010565166e-07,0,0.0
48982,2025-08-02 21:00:00,50.84480768365712,20.37,85.23,0.0,0.01,mid,0.0,1.5918452441643657e-07,0,0.0
48983,2025-08-02 22:00:00,51.23309339532374,20.17,87.02,0.0,0.01,mid,0.0,9.183908443229297e-08,0,0.0
48984,2025-08-02 23:00:00,50.63339189783722,19.95,88.46,0.0,0.01,mid,0.0,3.811053733261599e-08,0,0.0
48985,2025-08-03 00:00:00,51.33813212963712,19.53,90.87,0.0,0.01,mid,0.0,1.3234662330240195e-08,0,0.0
48986,2025-08-03 01:00:00,50.616420880195975,19.3,92.13,0.0,0.01,mid,0.0,7.110906768473925e-09,0,0.0
48987,2025-08-03 02:00:00,53.08759922017799,19.13,92.79,0.0,0.01,mid,0.0,1.2402807539387344e-09,0,0.0
48988,2025-08-03 03:00:00,51.50065524123,19.04,92.72,0.0,0.01,mid,0.0,9.369477272843877e-10,0,0.0
48989,2025-08-03 04:00:00,50.98055877064131,18.97,91.84,0.0,0.01,mid,0.0,4.787062300459725e-10,0,0.0
48990,2025-08-03 05:00:00,51.98801115182686,18.71,91.97,0.0,0.01,mid,0.0,9.74803604778259e-11,0,0.0
48991,2025-08-03 06:00:00,50.45017603168008,20.26,84.42,0.26,0.01,mid,0.0,1.646161477550125e-09,0,0.0
48992,2025-08-03 07:00:00,50.645899407330326,22.83,70.86,0.86,0.01,mid,0.0,2.2146748213046436e-07,0,0.0
48993,2025-08-03 08:00:00,51.11622332002515,24.99,59.14,1.56,0.01,mid,0.0,8.163633322637678e-06,0,0.0
48994,2025-08-03 09:00:00,50.28595005027029,26.47,52.93,2.02,0.03,mid,0.0,0.0005344532577104236,0,0.0
48995,2025-08-03 10:00:00,50.28643924373616,27.57,49.38,2.3,0.04,mid,0.0,0.005648763709935432,0,0.0
48996,2025-08-03 11:00:00,46.4310442994313,28.29,47.56,2.58,0.03,mid,0.0,0.912651961597579,1,4.476903783176527
48997,2025-08-03 12:00:00,48.40580078239661,28.6,47.12,2.49,0.03,mid,4.392514618390482,0.4190311068791327,0,0.0
48998,2025-08-03 13:00:00,53.804748661742266,28.46,47.8,2.18,0.03,mid,0.0,4.0710784241855174e-05,0,0.0
48999,2025-08-03 14:00:00,52.5480207287041,27.71,50.38,1.75,0.02,mid,0.0,0.00018954746816126912,0,0.0
49000,2025-08-03 15:00:00,51.49366537141661,26.57,55.27,1.14,0.02,mid,0.0,6.155057940802647e-05,0,0.0
49001,2025-08-03 16:00:00,52.00218561802736,24.96,62.89,0.5,0.02,mid,0.0,1.7896055794042552e-06,0,0.0
49002,2025-08-03 17:00:00,53.49803290442832,23.25,72.22,0.03,0.01,mid,0.0,9.19210726122304e-08,0,0.0
49003,2025-08-03 18:00:00,53.01383797301474,22.39,78.48,0.0,0.01,mid,0.0,8.118552192591865e-08,0,0.0
49004,2025-08-03 19:00:00,53.57104403517567,21.9,82.74,0.0,0.02,mid,0.0,6.298279013853991e-08,0,0.0
49005,2025-08-03 20:00:00,52.19748776942097,21.48,86.24,0.0,0.02,mid,0.0,1.5033363189266225e-07,0,0.0
49006,2025-08-03 21:00:00,52.42397772296702,21.18,88.82,0.0,0.04,mid,0.0,2.1136426870063217e-07,0,0.0
49007,2025-08-03 22:00:00,51.11262647894664,21.09,89.82,0.0,0.03,mid,0.0,1.6471940508406235e-07,0,0.0
49008,2025-08-03 23:00:00,51.187480305897466,20.96,90.64,0.0,0.06,mid,0.0,7.116975095367364e-08,0,0.0
49009,2025-08-04 00:00:00,52.42130965661595,20.76,91.45,0.0,0.07,late,0.0,1.6632243947282631e-07,0,0.0
49010,2025-08-04 01:00:00,51.52510366609135,20.49,92.35,0.0,0.07,late,0.0,9.613413933546991e-08,0,0.0
49011,2025-08-04 02:00:00,52.04028168228115,20.17,93.15,0.0,0.08,late,0.0,3.278504373987989e-08,0,0.0
49012,2025-08-04 03:00:00,52.873165364285065,19.69,94.37,0.0,0.09,late,0.0,5.296060371151099e-09,0,0.0
49013,2025-08-04 04:00:00,54.0064225476218,19.42,94.78,0.0,0.12,late,0.0,7.351714544807822e-10,0,0.0
49014,2025-08-04 05:00:00,53.08392496767208,19.22,95.0,0.0,0.07,late,0.0,6.680474578613082e-10,0,0.0
49015,2025-08-04 06:00:00,52.06279550451039,20.32,91.35,0.26,0.06,late,0.0,7.70892165446073e-09,0,0.0
49016,2025-08-04 07:00:00,51.5446341257591,22.1,83.43,0.85,0.04,late,0.0,7.466440042772127e-07,0,0.0
49017,2025-08-04 08:00:00,52.738614578332616,24.32,65.51,1.51,0.02,late,0.0,2.663051580685938e-05,0,0.0
49018,2025-08-04 09:00:00,51.7208139385596,26.23,54.0,1.99,0.1,late,0.0,0.0026645001387212174,0,0.0
49019,2025-08-04 10:00:00,51.78872494482672,27.56,48.71,2.19,0.11,late,0.0,0.013281190058913945,0,0.0
49020,2025-08-04 11:00:00,50.8773806296794,28.47,44.69,2.39,0.07,late,0.0,0.23600419492942146,0,0.0
49021,2025-08-04 12:00:00,50.26558713073673,28.7,43.13,2.63,0.04,late,4.174430937641315,0.6208685929164862,1,4.121594576390952
49022,2025-08-04 13:00:00,57.54800831491077,28.5,43.19,2.1,0.04,late,0.0,2.396716315107095e-06,0,0.0
49023,2025-08-04 14:00:00,56.8013703554732,27.83,44.84,1.82,0.03,late,0.0,1.2861776761742891e-05,0,0.0
49024,2025-08-04 15:00:00,55.734934950601904,26.7,48.36,1.18,0.02,late,0.0,9.637245607930825e-06,0,0.0
49025,2025-08-04 16:00:00,54.35181709847684,25.29,53.92,0.52,0.01,late,0.0,2.4206039613348876e-06,0,0.0
49026,2025-08-04 17:00:00,54.44049823150685,23.08,64.13,0.03,0.01,late,0.0,2.6909493412691607e-07,0,0.0
49027,2025-08-04 18:00:00,55.50459472735181,21.82,70.38,0.0,0.01,late,0.0,5.221762250622426e-08,0,0.0
49028,2025-08-04 19:00:00,55.960115652153206,21.06,74.49,0.0,0.02,late,0.0,3.267054431406211e-08,0,0.0
49029,2025-08-04 20:00:00,53.925018553890624,20.49,77.86,0.0,0.02,late,0.0,7.001916033208552e-08,0,0.0
49030,2025-08-04 21:00:00,56.19101796142472,20.03,80.73,0.0,0.02,late,0.0,3.9106181465872734e-08,0,0.0
49031,2025-08-04 22:00:00,54.37019950119152,19.68,83.26,0.0,0.02,late,0.0,8.320361294637485e-08,0,0.0
49032,2025-08-04 23:00:00,55.55402688152685,19.38,85.85,0.0,0.02,late,0.0,5.06114284329818e-08,0,0.0
49033,2025-08-05 00:00:00,57.28484287369524,19.14,88.23,0.0,0.02,late,0.0,9.742343607126193e-09,0,0.0
49034,2025-08-05 01:00:00,53.79723077963779,18.93,90.79,0.0,0.02,late,0.0,1.5817337872920362e-08,0,0.0
49035,2025-08-05 02:00:00,55.4981591850363,18.75,93.16,0.0,0.02,late,0.0,2.5942191564481838e-09,0,0.0
49036,2025-08-05 03:00:00,54.88033576382608,18.6,95.21,0.0,0.03,late,0.0,8.122760771332932e-10,0,0.0
49037,2025-08-05 04:00:00,55.526790024101146,18.56,96.6,0.0,0.03,late,0.0,1.3919797667779114e-10,0,0.0
49038,2025-08-05 05:00:00,54.71131733462777,18.61,97.1,0.0,0.03,late,0.0,1.2495584547959516e-10,0,0.0
49039,2025-08-05 06:00:00,53.26042460883467,20.21,91.38,0.26,0.03,late,0.0,2.1571125453464256e-09,0,0.0
49040,2025-08-05 07:00:00,54.59098199149973,22.76,79.54,0.72,0.11,late,0.0,1.9635426339953937e-08,0,0.0
49041,2025-08-05 08:00:00,55.34698619835768,25.17,67.22,1.23,0.19,late,0.0,3.9485438902550935e-07,0,0.0
49042,2025-08-05 09:00:00,55.74909817501758,26.67,58.75,1.63,0.09,late,0.0,9.165368869672178e-07,0,0.0
49043,2025-08-05 10:00:00,54.51689510866811,27.85,54.37,1.79,0.12,late,0.0,3.67229902148476e-05,0,0.0
49044,2025-08-05 11:00:00,54.79604950032677,28.73,51.58,1.64,0.1,late,0.0,7.872976738432737e-05,0,0.0
49045,2025-08-05 12:00:00,52.59879412630384,29.14,50.23,2.07,0.08,late,0.0,0.02293234937504575,0,0.0
49046,2025-08-05 13:00:00,51.8965962632304,28.98,50.41,1.5,0.05,late,0.0,0.06346804473698393,0,0.0
49047,2025-08-05 14:00:00,52.04112338056505,28.46,51.51,1.19,0.03,late,0.0,0.01001823922180183,0,0.0
49048,2025-08-05 15:00:00,50.979499356276335,27.37,54.89,0.78,0.02,late,0.0,0.0017749624653879393,0,0.0
49049,2025-08-05 16:00:00,51.82785793050175,25.8,60.8,0.36,0.01,late,0.0,2.7022085581651066e-05,0,0.0
49050,2025-08-05 17:00:00,49.617920756219206,23.86,69.79,0.02,0.0,late,0.0,7.723272155638907e-06,0,0.0
49051,2025-08-05 18:00:00,51.43255046018066,22.76,75.89,0.0,0.0,late,0.0,7.453720698805659e-07,0,0.0
49052,2025-08-05 19:00:00,51.70881344856089,22.16,79.82,0.0,0.0,late,0.0,4.12159731091558e-07,0,0.0
49053,2025-08-05 20:00:00,51.0344619123572,21.6,83.81,0.0,0.0,late,0.0,5.056969917547467e-07,0,0.0
49054,2025-08-05 21:00:00,51.47257104776477,21.01,87.94,0.0,0.0,late,0.0,4.2311676741882954e-07,0,0.0
49055,2025-08-05 22:00:00,50.22303817026857,20.53,91.49,0.0,0.0,late,0.0,4.05288548926983e-07,0,0.0
49056,2025-08-05 23:00:00,50.07725918569825,20.06,94.67,0.0,0.0,late,0.0,2.3214426803105878e-07,0,0.0
49057,2025-08-06 00:00:00,51.0241513354904,19.65,97.37,0.0,0.0,late,0.0,9.344272984561166e-08,0,0.0
49058,2025-08-06 01:00:00,50.16461179126932,19.34,98.99,0.0,0.0,late,0.0,5.3962626811826166e-08,0,0.0
49059,2025-08-06 02:00:00,50.98280052493107,19.11,100.0,0.0,0.0,late,0.0,2.665057519712378e-08,0,0.0
49060,2025-08-06 03:00:00,50.98367016905709,19.03,100.0,0.0,0.0,late,0.0,1.2035743970824525e-08,0,0.0
49061,2025-08-06 04:00:00,50.68846570547163,19.11,99.63,0.0,0.0,late,0.0,6.208202411177834e-09,0,0.0
49062,2025-08-06 05:00:00,50.968230347823855,19.23,98.93,0.0,0.0,late,0.0,3.139956026249872e-09,0,0.0
49063,2025-08-06 06:00:00,51.2626470761656,20.84,90.74,0.29,0.01,late,0.0,2.308242819921337e-08,0,0.0
49064,2025-08-06 07:00:00,50.50265612790458,23.22,75.91,0.95,0.02,late,0.0,1.5512936444500567e-05,0,0.0
49065,2025-08-06 08:00:00,49.83269454095271,25.26,64.19,1.59,0.01,late,0.0,0.008048686277269282,0,0.0
49066,2025-08-06 09:00:00,50.35851722113413,26.93,56.85,1.95,0.02,late,0.0,0.04123666795068264,0,0.0
49067,2025-08-06 10:00:00,49.29661694571381,28.2,51.96,2.24,0.03,late,4.528812563072918,0.7277548146600882,1,4.536103007241172
49068,2025-08-06 11:00:00,56.28836482304081,29.09,48.71,2.35,0.03,late,0.0,4.123821536692326e-06,0,0.0
49069,2025-08-06 12:00:00,55.66908983786024,29.41,47.47,2.65,0.03,late,0.0,3.6645399666172226e-05,0,0.0
49070,2025-08-06 13:00:00,54.6233526361948,29.28,47.47,1.98,0.03,late,0.0,0.0008460505078178995,0,0.0
49071,2025-08-06 14:00:00,53.59426295654693,28.7,48.85,1.75,0.02,late,0.0,0.0022293879352017344,0,0.0
49072,2025-08-06 15:00:00,52.86235039824091,27.61,52.18,1.11,0.02,late,0.0,0.00046994795573109135,0,0.0
49073,2025-08-06 16:00:00,52.90407327917519,26.04,58.09,0.49,0.0,late,0.0,1.4374970537369459e-05,0,0.0
49074,2025-08-06 17:00:00,53.16302014661639,24.09,67.09,0.03,0.0,late,0.0,9.863720775153148e-07,0,0.0
49075,2025-08-06 18:00:00,53.200347322590254,22.73,74.77,0.0,0.0,late,0.0,2.9765485555683375e-07,0,0.0
49076,2025-08-06 19:00:00,52.9052408359786,21.91,80.45,0.0,0.01,late,0.0,2.1856815226158868e-07,0,0.0
49077,2025-08-06 20:00:00,53.08437180639268,21.24,85.48,0.0,0.01,late,0.0,1.8007752098773186e-07,0,0.0
49078,2025-08-06 21:00:00,51.93140753575256,20.65,89.83,0.0,0.01,late,0.0,2.8737052398510747e-07,0,0.0
49079,2025-08-06 22:00:00,52.456087498383766,20.17,93.46,0.0,0.01,late,0.0,2.19906692150699e-07,0,0.0
49080,2025-08-06 23:00:00,53.37684230995058,19.79,96.33,0.0,0.01,late,0.0,1.294520802789827e-07,0,0.0
49081,2025-08-07 00:00:00,52.210859076745294,19.54,98.27,0.0,0.03,late,0.0,7.422533215626363e-08,0,0.0
49082,2025-08-07 01:00:00,53.01564062985446,19.56,98.73,0.0,0.02,late,0.0,3.243051958740053e-08,0,0.0
49083,2025-08-07 02:00:00,52.96887126675309,19.59,98.86,0.0,0.02,late,0.0,1.6802887544750564e-08,0,0.0
49084,2025-08-07 03:00:00,52.86152478348208,19.67,98.58,0.0,0.02,late,0.0,4.91382436094569e-09,0,0.0
49085,2025-08-07 04:00:00,53.52065304408842,19.63,98.72,0.0,0.02,late,0.0,1.225071098482228e-09,0,0.0
49086,2025-08-07 05:00:00,53.18436953227555,19.56,98.79,0.0,0.02,late,0.0,7.55260414516251e-10,0,0.0
49087,2025-08-07 06:00:00,52.08214448811139,20.93,93.33,0.26,0.03,late,0.0,9.87422403900617e-09,0,0.0
49088,2025-08-07 07:00:00,53.306164829338776,22.75,82.88,0.88,0.04,late,0.0,1.1760150590319723e-07,0,0.0
49089,2025-08-07 08:00:00,52.144710041535255,24.76,69.92,1.55,0.03,late,0.0,7.274178113369565e-05,0,0.0
49090,2025-08-07 09:00:00,50.95890861705351,26.69,59.49,1.97,0.03,late,0.0,0.010772525957668786,0,0.0
49091,2025-08-07 10:00:00,52.0100461753053,28.11,53.24,2.28,0.02,late,0.0,0.008792460568491775,0,0.0
49092,2025-08-07 11:00:00,49.74530574434423,29.08,49.53,2.63,0.01,late,0.0,0.7169965810072134,1,4.296599214362401
49093,2025-08-07 12:00:00,49.64955061924148,29.59,47.62,2.45,0.0,late,4.378483530789438,0.8562321625875684,1,4.231124437397629
49094,2025-08-07 13:00:00,56.730804846337314,29.57,47.1,2.23,0.0,late,0.0,1.2408907633819594e-05,0,0.0
49095,2025-08-07 14:00:00,55.7785895570325,29.01,48.31,1.74,0.0,late,0.0,7.474528440201557e-05,0,0.0
49096,2025-08-07 15:00:00,54.79992032338128,27.9,51.36,1.17,0.0,late,0.0,5.7984026816749524e-05,0,0.0
49097,2025-08-07 16:00:00,54.12402855442512,26.27,56.83,0.51,0.0,late,0.0,5.0587309295212685e-06,0,0.0
49098,2025-08-07 17:00:00,54.11406120044787,24.06,66.49,0.03,0.0,late,0.0,5.326412480145204e-07,0,0.0
49099,2025-08-07 18:00:00,53.86017494401935,22.71,74.08,0.0,0.0,late,0.0,2.1048704058657358e-07,0,0.0
49100,2025-08-07 19:00:00,54.62093633089586,21.9,79.5,0.0,0.0,late,0.0,9.988869843272987e-08,0,0.0
49101,2025-08-07 20:00:00,54.285832979036975,21.25,84.26,0.0,0.0,late,0.0,1.1086665868895087e-07,0,0.0
49102,2025-08-07 21:00:00,53.61912076425836,20.64,88.79,0.0,0.0,late,0.0,1.7000490006009611e-07,0,0.0
49103,2025-08-07 22:00:00,54.49075230337383,20.08,92.85,0.0,0.0,late,0.0,1.5282362763766752e-07,0,0.0
49104,2025-08-07 23:00:00,54.20755184019463,19.64,95.86,0.0,0.0,late,0.0,1.0008401851655129e-07,0,0.0
49105,2025-08-08 00:00:00,54.93661189171556,19.25,98.44,0.0,0.0,late,0.0,3.894536568492872e-08,0,0.0
49106,2025-08-08 01:00:00,55.01181769539991,18.96,100.0,0.0,0.0,late,0.0,1.0962978922766044e-08,0,0.0
49107,2025-08-08 02:00:00,55.795700086473765,18.78,100.0,0.0,0.0,late,0.0,2.0071867643382865e-09,0,0.0
49108,2025-08-08 03:00:00,55.25285185441392,18.69,100.0,0.0,0.01,late,0.0,6.156979154366389e-10,0,0.0
49109,2025-08-08 04:00:00,53.87652698182789,18.64,100.0,0.0,0.01,late,0.0,5.412438768671176e-10,0,0.0
49110,2025-08-08 05:00:00,53.02117312115368,18.66,100.0,0.0,0.01,late,0.0,5.171683421582553e-10,0,0.0
49111,2025-08-08 06:00:00,53.55713048265139,20.12,93.7,0.29,0.01,late,0.0,1.3696098605829938e-09,0,0.0
49112,2025-08-08 07:00:00,54.18353247111458,22.72,78.75,1.0,0.01,late,0.0,6.701616366366795e-08,0,0.0
49113,2025-08-08 08:00:00,52.91461413427279,25.02,64.86,1.68,0.0,late,0.0,3.590283071323857e-05,0,0.0
49114,2025-08-08 09:00:00,53.16422734072896,27.09,54.1,1.94,0.0,late,0.0,0.00016769781072034065,0,0.0
49115,2025-08-08 10:00:00,53.01683370109919,28.83,46.17,2.78,0.0,late,0.0,0.0012282080903919985,0,0.0
49116,2025-08-08 11:00:00,51.79755162106835,30.02,41.43,2.77,0.0,late,0.0,0.06137223209971996,0,0.0
49117,2025-08-08 12:00:00,51.701950280831554,30.65,38.87,2.63,0.0,late,0.0,0.22396407788122155,0,0.0
49118,2025-08-08 13:00:00,50.249216494193526,30.73,38.19,2.34,0.0,late,0.0,0.6807827808632494,1,4.100434236872776
49119,2025-08-08 14:00:00,49.4603577785375,30.26,39.2,1.88,0.0,late,0.0,0.4917108843225263,0,0.0
49120,2025-08-08 15:00:00,50.89246448658362,29.27,41.96,1.22,0.0,late,0.0,0.00691388168725942,0,0.0
49121,2025-08-08 16:00:00,49.11506087004772,27.56,47.99,0.54,0.0,late,0.0,0.0009152616547321861,0,0.0
49122,2025-08-08 17:00:00,49.03203298467845,24.55,61.69,0.03,0.0,late,0.0,1.4715797735598781e-05,0,0.0
49123,2025-08-08 18:00:00,49.61781378448775,23.19,70.1,0.0,0.0,late,0.0,2.870276021937424e-06,0,0.0
49124,2025-08-08 19:00:00,49.64405979017578,22.12,78.36,0.0,0.0,late,0.0,1.161723629229475e-06,0,0.0
49125,2025-08-08 20:00:00,48.64956003112279,21.15,86.4,0.0,0.0,late,0.0,9.692731341494896e-07,0,0.0
49126,2025-08-08 21:00:00,49.77918746103823,20.39,93.06,0.0,0.0,late,0.0,4.314876977963578e-07,0,0.0
49127,2025-08-08 22:00:00,48.58332247986816,19.81,98.37,0.0,0.0,late,0.0,3.106472189216947e-07,0,0.0
49128,2025-08-08 23:00:00,49.75541530731608,19.44,100.0,0.0,0.0,late,0.0,1.8318038953493425e-07,0,0.0
49129,2025-08-09 00:00:00,47.95536941912331,19.32,100.0,0.0,0.0,late,0.0,1.1509130334163585e-07,0,0.0
49130,2025-08-09 01:00:00,48.69702749576046,19.42,100.0,0.0,0.0,late,0.0,7.055138210250813e-08,0,0.0
49131,2025-08-09 02:00:00,49.12049861309493,19.61,100.0,0.0,0.0,late,0.0,7.452204035308227e-08,0,0.0
49132,2025-08-09 03:00:00,49.231053757813896,19.87,99.88,0.0,0.0,late,0.0,5.536933202387097e-08,0,0.0
49133,2025-08-09 04:00:00,48.26753493801864,20.26,97.25,0.0,0.0,late,0.0,6.824784020977624e-08,0,0.0
49134,2025-08-09 05:00:00,47.62341122800368,20.35,96.08,0.0,0.0,late,0.0,8.906069209688062e-08,0,0.0
49135,2025-08-09 06:00:00,49.3106655893055,21.16,92.33,0.3,0.0,late,0.0,1.3431687854453144e-07,0,0.0
49136,2025-08-09 07:00:00,48.56496916735914,23.67,77.31,0.93,0.0,late,0.0,0.0001742424929221726,0,0.0
49137,2025-08-09 08:00:00,48.0079998385538,26.35,60.72,1.52,0.0,late,4.082662648141355,0.15625072354212005,0,0.0
49138,2025-08-09 09:00:00,55.86911584398257,28.76,48.37,2.19,0.0,late,0.0,1.1801190633954193e-06,0,0.0
49139,2025-08-09 10:00:00,53.601514463957066,30.62,40.66,2.78,0.0,late,0.0,0.0006175506907468124,0,0.0
49140,2025-08-09 11:00:00,52.63084562909379,31.92,36.05,2.91,0.0,late,0.0,0.022814397124530563,0,0.0
49141,2025-08-09 12:00:00,50.78482689484414,32.75,33.43,2.77,0.0,late,0.0,0.7797063502554062,1,4.31278978314903
49142,2025-08-09 13:00:00,50.56715636616877,33.06,32.48,2.6,0.0,late,0.0,0.7349927619164042,1,4.206664720698347
49143,2025-08-09 14:00:00,51.42438182739976,32.86,32.72,2.09,0.0,late,0.0,0.16674982966646276,0,0.0
49144,2025-08-09 15:00:00,49.56394313407994,32.08,34.55,1.41,0.0,late,0.0,0.09320986557283716,0,0.0
49145,2025-08-09 16:00:00,50.23736199572604,30.17,43.47,0.59,0.0,late,0.0,0.0009398469628198986,0,0.0
49146,2025-08-09 17:00:00,48.488461747581,26.74,57.67,0.03,0.0,late,0.0,6.425539706634415e-05,0,0.0
49147,2025-08-09 18:00:00,48.827106171040825,25.45,63.56,0.0,0.0,late,0.0,1.403778832060752e-05,0,0.0
49148,2025-08-09 19:00:00,48.80669409526477,24.57,70.97,0.0,0.0,late,0.0,9.406096753737718e-06,0,0.0
49149,2025-08-09 20:00:00,49.903874417518345,23.67,78.56,0.0,0.0,late,0.0,3.211016603094969e-06,0,0.0
49150,2025-08-09 21:00:00,49.352936303599705,22.82,84.77,0.0,0.0,late,0.0,2.3198777970671793e-06,0,0.0
49151,2025-08-09 22:00:00,48.63395565691472,22.01,90.06,0.0,0.0,late,0.0,1.4202186383805838e-06,0,0.0
49152,2025-08-09 23:00:00,50.09404995483864,21.31,94.33,0.0,0.0,late,0.0,4.63837244893929e-07,0,0.0
49153,2025-08-10 00:00:00,49.91790234782346,20.71,97.49,0.0,0.0,late,0.0,2.1402092528392724e-07,0,0.0
49154,2025-08-10 01:00:00,49.7948086746118,20.29,99.73,0.0,0.0,late,0.0,1.0437306372816342e-07,0,0.0
49155,2025-08-10 02:00:00,49.75865825806932,19.97,100.0,0.0,0.0,late,0.0,7.531081451532074e-08,0,0.0
49156,2025-08-10 03:00:00,48.83929125980814,19.79,100.0,0.0,0.0,late,0.0,6.370672743922302e-08,0,0.0
49157,2025-08-10 04:00:00,50.52932729807657,19.72,100.0,0.0,0.0,late,0.0,9.770224679581774e-09,0,0.0
49158,2025-08-10 05:00:00,49.44163280538407,19.59,100.0,0.0,0.0,late,0.0,1.1956984492702685e-08,0,0.0
49159,2025-08-10 06:00:00,49.73687020988593,21.38,93.93,0.22,0.0,late,0.0,8.137688733653842e-08,0,0.0
49160,2025-08-10 07:00:00,49.61086421835813,24.22,78.98,0.67,0.0,late,0.0,2.054640250222154e-05,0,0.0
49161,2025-08-10 08:00:00,48.1275923573737,26.74,65.52,1.27,0.0,late,0.0,0.059012293510548076,0,0.0
49162,2025-08-10 09:00:00,49.80521811916019,29.05,54.86,1.87,0.0,late,4.770604086867991,0.17180267115529968,0,0.0
49163,2025-08-10 10:00:00,55.48823687539266,31.07,46.41,2.46,0.0,late,0.0,1.2236510515214766e-05,0,0.0
49164,2025-08-10 11:00:00,54.72326488875497,32.6,40.37,3.15,0.0,late,0.0,0.0003105176782432681,0,0.0
49165,2025-08-10 12:00:00,53.524499849553074,33.58,36.74,2.74,0.0,late,0.0,0.02003267144134431,0,0.0
49166,2025-08-10 13:00:00,53.961150584382366,33.91,35.31,2.39,0.0,late,0.0,0.011305476006863376,0,0.0
49167,2025-08-10 14:00:00,53.265686965264,33.62,35.53,1.83,0.0,late,0.0,0.011090431959997987,0,0.0
49168,2025-08-10 15:00:00,51.84317747868716,32.69,37.64,1.14,0.0,late,0.0,0.006140513312860392,0,0.0
49169,2025-08-10 16:00:00,50.12286496982456,30.76,44.43,0.5,0.0,late,0.0,0.0010427048758954846,0,0.0
49170,2025-08-10 17:00:00,50.94602146654304,27.59,57.67,0.03,0.0,late,0.0,1.1507946212829138e-05,0,0.0
49171,2025-08-10 18:00:00,51.02559938608614,26.22,65.71,0.0,0.0,late,0.0,4.937753810501684e-06,0,0.0
49172,2025-08-10 19:00:00,50.71627544067067,24.93,74.99,0.0,0.0,late,0.0,3.467372688597436e-06,0,0.0
49173,2025-08-10 20:00:00,50.29092728507871,23.95,82.49,0.0,0.0,late,0.0,3.0426334495324678e-06,0,0.0
49174,2025-08-10 21:00:00,49.83420099645346,23.17,88.43,0.0,0.0,late,0.0,2.6876257383387707e-06,0,0.0
49175,2025-08-10 22:00:00,52.25450586446052,22.57,92.85,0.0,0.0,late,0.0,1.2300921903128158e-06,0,0.0
49176,2025-08-10 23:00:00,51.67086915020992,22.28,94.93,0.0,0.0,late,0.0,5.993978709404563e-07,0,0.0
49177,2025-08-11 00:00:00,51.10515241536125,22.21,95.28,0.0,0.0,late,0.0,3.71759829951632e-07,0,0.0
49178,2025-08-11 01:00:00,50.5577732788531,22.23,94.77,0.0,0.0,late,0.0,3.387467869399208e-07,0,0.0
49179,2025-08-11 02:00:00,51.36567984913248,22.18,94.74,0.0,0.0,late,0.0,1.6105739986413529e-07,0,0.0
49180,2025-08-11 03:00:00,51.240896103858574,22.15,94.62,0.0,0.0,late,0.0,7.315181940425347e-08,0,0.0
49181,2025-08-11 04:00:00,50.75667112626089,22.03,95.1,0.0,0.0,late,0.0,4.015745332988699e-08,0,0.0
49182,2025-08-11 05:00:00,51.38934186965424,21.92,95.62,0.0,0.0,late,0.0,1.2261073721928063e-08,0,0.0
49183,2025-08-11 06:00:00,51.48749948575778,22.74,91.27,0.28,0.0,late,0.0,5.804877166925743e-08,0,0.0
49184,2025-08-11 07:00:00,51.41242778516502,24.45,79.82,0.88,0.0,late,0.0,3.993869113576417e-06,0,0.0
49185,2025-08-11 08:00:00,49.73659114855554,26.37,68.12,1.52,0.0,late,0.0,0.007723690712722832,0,0.0
49186,2025-08-11 09:00:00,50.21708290292575,28.43,58.39,2.03,0.01,late,0.0,0.07030983859163072,0,0.0
49187,2025-08-11 10:00:00,50.09456398095625,30.23,51.1,2.35,0.0,late,4.69893837410433,0.44734653096852006,0,0.0
49188,2025-08-11 11:00:00,56.43109363629616,31.5,45.98,2.37,0.01,late,0.0,5.455086716128818e-06,0,0.0
49189,2025-08-11 12:00:00,57.14218158867822,32.16,43.32,2.07,0.01,late,0.0,4.258431569762156e-06,0,0.0
49190,2025-08-11 13:00:00,54.44122523843154,32.21,42.85,2.03,0.01,late,0.0,0.002127501138140638,0,0.0
49191,2025-08-11 14:00:00,52.50429488084289,31.65,44.37,1.68,0.01,late,0.0,0.022414436174147064,0,0.0
49192,2025-08-11 15:00:00,52.61183241438651,30.57,47.57,1.04,0.0,late,0.0,0.0012959797131651134,0,0.0
49193,2025-08-11 16:00:00,52.34006363930231,28.91,53.28,0.47,0.0,late,0.0,6.630038528758483e-05,0,0.0
49194,2025-08-11 17:00:00,53.107320851922125,26.84,61.9,0.03,0.0,late,0.0,2.3351751099850975e-06,0,0.0
49195,2025-08-11 18:00:00,53.32592216351829,25.5,68.51,0.0,0.0,late,0.0,8.954692273166025e-07,0,0.0
49196,2025-08-11 19:00:00,52.76934020909671,24.49,73.75,0.0,0.0,late,0.0,8.16225572591432e-07,0,0.0
49197,2025-08-11 20:00:00,52.894533156323405,23.78,77.61,0.0,0.0,late,0.0,7.86154994861112e-07,0,0.0
49198,2025-08-11 21:00:00,54.20501723063864,23.15,81.16,0.0,0.01,late,0.0,6.171032725424754e-07,0,0.0
49199,2025-08-11 22:00:00,52.02058616916258,22.63,84.09,0.0,0.01,late,0.0,9.389824553016328e-07,0,0.0
49200,2025-08-11 23:00:00,52.65215792861889,22.17,86.62,0.0,0.02,late,0.0,4.517493661684527e-07,0,0.0
49201,2025-08-12 00:00:00,52.37351967516319,21.78,88.95,0.0,0.02,initial,0.0,4.461974895373682e-07,0,0.0
49202,2025-08-12 01:00:00,51.82136109052529,21.41,91.56,0.0,0.02,initial,0.0,2.3660030142943233e-07,0,0.0
49203,2025-08-12 02:00:00,51.16551861526429,21.16,93.19,0.0,0.02,initial,0.0,1.5224324024298362e-07,0,0.0
49204,2025-08-12 03:00:00,53.835167489181934,21.08,93.84,0.0,0.01,initial,0.0,2.3993613406719895e-08,0,0.0
49205,2025-08-12 04:00:00,52.19909738899591,20.94,94.75,0.0,0.01,initial,0.0,1.530036538391406e-08,0,0.0
49206,2025-08-12 05:00:00,52.622642101428205,20.8,95.49,0.0,0.01,initial,0.0,3.822737886145692e-09,0,0.0
49207,2025-08-12 06:00:00,53.179930038720045,22.16,89.63,0.31,0.01,initial,0.0,9.09442546770526e-09,0,0.0
49208,2025-08-12 07:00:00,51.70538949198541,24.5,76.02,0.97,0.01,initial,0.0,4.932087909992338e-06,0,0.0
49209,2025-08-12 08:00:00,51.621694826889865,26.87,62.28,1.57,0.0,initial,0.0,0.0009268629939242442,0,0.0
49210,2025-08-12 09:00:00,51.75117580231595,28.81,53.74,2.28,0.0,initial,0.0,0.09848650735311999,0,0.0
49211,2025-08-12 10:00:00,50.78027873750239,30.29,48.12,2.69,0.0,initial,4.417064214051013,0.8637331915480014,1,4.413201240269037
49212,2025-08-12 11:00:00,56.76073374505335,31.3,44.21,2.69,0.0,initial,0.0,0.00011872570608211251,0,0.0
49213,2025-08-12 12:00:00,57.53088362790451,31.76,42.12,2.6,0.0,initial,0.0,4.4638144271749205e-05,0,0.0
49214,2025-08-12 13:00:00,55.97501956840645,31.56,42.25,2.29,0.01,initial,0.0,0.001341203590139234,0,0.0
49215,2025-08-12 14:00:00,55.83063958288332,30.91,43.74,1.89,0.01,initial,0.0,0.0010025703254308445,0,0.0
49216,2025-08-12 15:00:00,55.25863139836528,29.65,47.36,1.22,0.01,initial,0.0,0.00044257858087607896,0,0.0
49217,2025-08-12 16:00:00,55.62061776453393,28.09,52.9,0.52,0.0,initial,0.0,1.025293962911645e-05,0,0.0
49218,2025-08-12 17:00:00,54.93680951024292,26.02,61.6,0.03,0.0,initial,0.0,2.570924852015504e-06,0,0.0
49219,2025-08-12 18:00:00,53.96427647346139,24.66,68.77,0.0,0.0,initial,0.0,2.366028212875836e-06,0,0.0
49220,2025-08-12 19:00:00,55.584119374117215,23.78,74.22,0.0,0.0,initial,0.0,9.182594180619627e-07,0,0.0
49221,2025-08-12 20:00:00,54.27573020050507,23.07,79.2,0.0,0.0,initial,0.0,1.1007421332934789e-06,0,0.0
49222,2025-08-12 21:00:00,54.01576829354161,22.49,83.69,0.0,0.01,initial,0.0,1.1964029915874816e-06,0,0.0
49223,2025-08-12 22:00:00,53.90973539716668,22.09,87.11,0.0,0.01,initial,0.0,1.2542561076254698e-06,0,0.0
49224,2025-08-12 23:00:00,52.82955057449496,21.87,89.35,0.0,0.02,initial,0.0,8.16024698597236e-07,0,0.0
49225,2025-08-13 00:00:00,54.242573004262304,21.66,91.39,0.0,0.02,initial,0.0,3.135730633738848e-07,0,0.0
49226,2025-08-13 01:00:00,55.07168118765403,21.41,93.32,0.0,0.02,initial,0.0,1.5671830589796094e-07,0,0.0
49227,2025-08-13 02:00:00,53.70236038135564,21.3,94.18,0.0,0.03,initial,0.0,1.24621221231566e-07,0,0.0
49228,2025-08-13 03:00:00,56.19623547874996,21.22,94.9,0.0,0.03,initial,0.0,4.583600241307877e-09,0,0.0
49229,2025-08-13 04:00:00,53.074314128537125,21.15,95.6,0.0,0.03,initial,0.0,9.03086368410575e-09,0,0.0
49230,2025-08-13 05:00:00,54.27779910888373,21.09,96.33,0.0,0.03,initial,0.0,1.0439777405102083e-09,0,0.0
49231,2025-08-13 06:00:00,53.75182192445743,22.15,91.84,0.23,0.03,initial,0.0,4.0502458356869535e-09,0,0.0
49232,2025-08-13 07:00:00,55.54551584340403,23.76,81.98,0.73,0.04,initial,0.0,9.278547422674368e-09,0,0.0
49233,2025-08-13 08:00:00,55.033780534597824,25.57,70.54,1.39,0.04,initial,0.0,1.1860965665083292e-06,0,0.0
49234,2025-08-13 09:00:00,53.83000552974705,27.14,61.67,1.91,0.02,initial,0.0,0.0005297723405826028,0,0.0
49235,2025-08-13 10:00:00,52.32545677339265,28.32,55.93,2.37,0.02,initial,0.0,0.16066673893931022,0,0.0
49236,2025-08-13 11:00:00,51.85436230646128,29.35,51.75,2.4,0.02,initial,0.0,0.6443900226545943,1,4.389556109075903
49237,2025-08-13 12:00:00,52.33957627243191,29.98,49.19,2.21,0.02,initial,4.031016887691447,0.44212637176061503,0,0.0
49238,2025-08-13 13:00:00,57.65479172041881,30.15,47.85,1.97,0.01,initial,0.0,3.242127371064841e-05,0,0.0
49239,2025-08-13 14:00:00,57.15361039534692,29.71,48.56,1.77,0.01,initial,0.0,6.027894963805216e-05,0,0.0
49240,2025-08-13 15:00:00,57.05029244905799,28.79,51.05,1.11,0.0,initial,0.0,2.722786873369739e-05,0,0.0
49241,2025-08-13 16:00:00,56.42996221730365,27.39,55.89,0.49,0.0,initial,0.0,4.499395499154562e-06,0,0.0
49242,2025-08-13 17:00:00,55.179499826439326,25.38,64.93,0.03,0.0,initial,0.0,2.136409066600522e-06,0,0.0
49243,2025-08-13 18:00:00,55.5145106360931,24.11,72.43,0.0,0.0,initial,0.0,8.970194367400624e-07,0,0.0
49244,2025-08-13 19:00:00,55.53388503258388,23.26,78.57,0.0,0.0,initial,0.0,8.66610197697582e-07,0,0.0
49245,2025-08-13 20:00:00,55.99719378616805,22.58,84.05,0.0,0.0,initial,0.0,5.65211742715306e-07,0,0.0
49246,2025-08-13 21:00:00,56.66380153199104,22.16,88.09,0.0,0.01,initial,0.0,4.741826322223689e-07,0,0.0
49247,2025-08-13 22:00:00,56.65585191337726,21.69,92.22,0.0,0.02,initial,0.0,7.188726025527092e-07,0,0.0
49248,2025-08-13 23:00:00,57.5910027906588,21.5,94.18,0.0,0.02,initial,0.0,4.025535163497611e-07,0,0.0
49249,2025-08-14 00:00:00,55.54110503014087,21.21,96.07,0.0,0.02,initial,0.0,1.9420005131038303e-07,0,0.0
49250,2025-08-14 01:00:00,56.93685855467327,20.97,97.0,0.0,0.02,initial,0.0,7.423311269865732e-08,0,0.0
49251,2025-08-14 02:00:00,56.08744061865408,20.79,97.6,0.0,0.02,initial,0.0,2.354969271705333e-08,0,0.0
49252,2025-08-14 03:00:00,58.32214150224238,20.67,97.93,0.0,0.02,initial,0.0,4.944052778241997e-10,0,0.0
49253,2025-08-14 04:00:00,56.68200283562982,20.52,98.35,0.0,0.02,initial,0.0,2.611302807596695e-10,0,0.0
49254,2025-08-14 05:00:00,56.3299451016653,20.32,98.97,0.0,0.01,initial,0.0,8.944645949953863e-11,0,0.0
49255,2025-08-14 06:00:00,57.01116724325836,21.84,91.23,0.33,0.01,initial,0.0,1.8323740707344037e-10,0,0.0
49256,2025-08-14 07:00:00,56.78627652146898,23.95,77.61,0.99,0.02,initial,0.0,4.809065089559534e-09,0,0.0
49257,2025-08-14 08:00:00,55.97378695181025,26.17,64.24,1.68,0.01,initial,0.0,9.443623713433572e-07,0,0.0
49258,2025-08-14 09:00:00,56.23898976892076,28.16,54.58,2.39,0.0,initial,0.0,1.592212648445936e-05,0,0.0
49259,2025-08-14 10:00:00,56.34275012374052,29.75,47.93,2.7,0.0,initial,0.0,8.103039102848635e-05,0,0.0
49260,2025-08-14 11:00:00,55.16698155213112,30.85,43.93,3.04,0.0,initial,0.0,0.0023646898530341495,0,0.0
49261,2025-08-14 12:00:00,53.58656221548271,31.38,41.86,2.81,0.0,initial,0.0,0.08865612360900102,0,0.0
49262,2025-08-14 13:00:00,54.42500876184048,31.28,41.72,2.59,0.0,initial,0.0,0.021254435072344594,0,0.0
49263,2025-08-14 14:00:00,52.75996664960714,30.6,43.25,1.95,0.0,initial,0.0,0.15942371816203313,0,0.0
49264,2025-08-14 15:00:00,50.98220387428415,29.32,46.91,1.27,0.0,initial,0.0,0.04240664185844868,0,0.0
49265,2025-08-14 16:00:00,51.54092662434162,27.52,53.37,0.56,0.0,initial,0.0,0.0004481210456017627,0,0.0
49266,2025-08-14 17:00:00,51.13549415194488,25.38,62.95,0.03,0.0,initial,0.0,2.745117561029923e-05,0,0.0
49267,2025-08-14 18:00:00,50.87578194858306,23.9,71.51,0.0,0.0,initial,0.0,9.796403685528951e-06,0,0.0
49268,2025-08-14 19:00:00,51.56039401086903,22.91,78.36,0.0,0.0,initial,0.0,3.436648983094041e-06,0,0.0
49269,2025-08-14 20:00:00,49.805688499536906,22.18,83.85,0.0,0.0,initial,0.0,3.857408241331866e-06,0,0.0
49270,2025-08-14 21:00:00,52.60389439225364,21.66,87.62,0.0,0.01,initial,0.0,1.3081816961041661e-06,0,0.0
49271,2025-08-14 22:00:00,51.82344732628069,21.21,90.95,0.0,0.01,initial,0.0,9.100020796032302e-07,0,0.0
49272,2025-08-14 23:00:00,49.87328235218651,20.92,93.26,0.0,0.01,initial,0.0,4.85950500971622e-07,0,0.0
49273,2025-08-15 00:00:00,51.838964511532005,20.81,94.36,0.0,0.01,initial,0.0,2.0367187273607847e-07,0,0.0
49274,2025-08-15 01:00:00,51.72601126974579,20.72,95.35,0.0,0.01,initial,0.0,1.367802717497557e-07,0,0.0
49275,2025-08-15 02:00:00,52.56863631765109,20.59,96.28,0.0,0.02,initial,0.0,8.188871028063976e-08,0,0.0
49276,2025-08-15 03:00:00,52.800630442122326,20.52,96.88,0.0,0.02,initial,0.0,3.0071488438107306e-08,0,0.0
49277,2025-08-15 04:00:00,52.96042428728561,20.39,97.88,0.0,0.02,initial,0.0,5.752772543386128e-09,0,0.0
49278,2025-08-15 05:00:00,51.2616656974205,20.33,98.55,0.0,0.03,initial,0.0,6.893431402076022e-09,0,0.0
49279,2025-08-15 06:00:00,51.96654978985837,21.71,91.5,0.29,0.04,initial,0.0,1.863463720673974e-08,0,0.0
49280,2025-08-15 07:00:00,51.021387189770905,23.65,78.94,0.87,0.04,initial,0.0,4.334004389717767e-06,0,0.0
49281,2025-08-15 08:00:00,51.89417014652592,25.7,66.75,1.54,0.04,initial,0.0,0.00024352161606960615,0,0.0
49282,2025-08-15 09:00:00,49.0204038358565,27.38,58.98,2.02,0.1,initial,4.102976312632467,0.6964510488378339,1,4.4385127408483855
49283,2025-08-15 10:00:00,56.09624878304264,28.59,53.84,2.27,0.1,initial,0.0,9.467082232364945e-05,0,0.0
49284,2025-08-15 11:00:00,56.19190291504471,29.34,50.55,2.38,0.07,initial,0.0,0.00023146805163571277,0,0.0
49285,2025-08-15 12:00:00,55.88980001736166,29.61,49.16,2.01,0.07,initial,0.0,0.0008077995713965152,0,0.0
49286,2025-08-15 13:00:00,55.47868006934251,29.24,50.18,2.01,0.06,initial,0.0,0.0016005651554929893,0,0.0
49287,2025-08-15 14:00:00,55.83359777024163,28.47,52.45,1.6,0.05,initial,0.0,0.0003926989461845336,0,0.0
49288,2025-08-15 15:00:00,53.85719019200204,27.3,56.41,0.9,0.04,initial,0.0,0.0006644526418935472,0,0.0
49289,2025-08-15 16:00:00,53.04926418313031,25.61,63.46,0.42,0.04,initial,0.0,4.6757809655059224e-05,0,0.0
49290,2025-08-15 17:00:00,53.63224330732232,23.91,72.48,0.02,0.03,initial,0.0,3.4053223080121188e-06,0,0.0
49291,2025-08-15 18:00:00,53.49493339024823,22.9,79.75,0.0,0.03,initial,0.0,1.7516935041222686e-06,0,0.0
49292,2025-08-15 19:00:00,54.47234785055576,22.26,85.33,0.0,0.04,initial,0.0,1.025274238297223e-06,0,0.0
49293,2025-08-15 20:00:00,55.31228096467429,21.81,89.7,0.0,0.05,initial,0.0,6.050157614293085e-07,0,0.0
49294,2025-08-15 21:00:00,55.34028557774988,21.48,92.92,0.0,0.08,initial,0.0,6.251591627071521e-07,0,0.0
49295,2025-08-15 22:00:00,55.20133383362089,21.26,94.87,0.0,0.11,initial,0.0,6.604658329394734e-07,0,0.0
49296,2025-08-15 23:00:00,54.04913765408519,21.14,95.85,0.0,0.14,initial,0.0,4.1017352308553296e-07,0,0.0
49297,2025-08-16 00:00:00,54.62538625838809,21.09,96.27,0.0,0.2,initial,0.0,1.9339344141915055e-07,0,0.0
49298,2025-08-16 01:00:00,55.3944685055891,21.1,96.34,0.0,0.24,initial,0.0,1.1749341924356181e-07,0,0.0
49299,2025-08-16 02:00:00,54.78828011108391,21.08,96.61,0.0,0.28,initial,0.0,6.146160814165168e-08,0,0.0
49300,2025-08-16 03:00:00,55.20030603352667,21.09,96.65,0.0,0.27,initial,0.0,8.054779787305775e-09,0,0.0
49301,2025-08-16 04:00:00,56.37935778185226,21.04,96.95,0.0,0.27,initial,0.0,4.97694313132262e-10,0,0.0
49302,2025-08-16 05:00:00,55.30073417733943,21.01,96.9,0.0,0.25,initial,0.0,3.84469182403906e-10,0,0.0
49303,2025-08-16 06:00:00,57.57886340874252,21.6,95.42,0.23,0.25,initial,0.0,5.793072887857619e-11,0,0.0
49304,2025-08-16 07:00:00,56.51272175386744,22.71,91.07,0.59,0.24,initial,0.0,9.204074785111685e-10,0,0.0
49305,2025-08-16 08:00:00,57.28634754141805,24.32,79.31,0.84,0.28,initial,0.0,7.34703497880661e-09,0,0.0
49306,2025-08-16 09:00:00,57.41511496595561,26.69,63.45,1.34,0.69,initial,0.0,4.791931478390014e-07,0,0.0
49307,2025-08-16 10:00:00,58.33137613443501,27.89,56.54,1.63,0.52,initial,0.0,6.704075974572155e-07,0,0.0
49308,2025-08-16 11:00:00,55.51289842922175,28.35,54.1,1.76,0.42,initial,0.0,0.0006688424441516107,0,0.0
49309,2025-08-16 12:00:00,57.91372512333942,28.58,53.25,2.02,0.28,initial,0.0,1.1330472983549543e-05,0,0.0
49310,2025-08-16 13:00:00,57.55827825638967,28.58,53.19,1.86,0.24,initial,0.0,2.8138062777612638e-05,0,0.0
49311,2025-08-16 14:00:00,56.3711343620444,28.22,54.28,1.12,0.12,initial,0.0,9.325171380869838e-05,0,0.0
49312,2025-08-16 15:00:00,56.20895800875756,27.26,58.23,0.77,0.09,initial,0.0,2.7686576354254042e-05,0,0.0
49313,2025-08-16 16:00:00,56.01397682550432,25.75,65.77,0.34,0.06,initial,0.0,4.533644920965322e-06,0,0.0
49314,2025-08-16 17:00:00,54.682663085335605,23.86,77.02,0.02,0.03,initial,0.0,2.2617402059795724e-06,0,0.0
49315,2025-08-16 18:00:00,55.48434863078449,22.81,84.28,0.0,0.03,initial,0.0,6.776050085288985e-07,0,0.0
49316,2025-08-16 19:00:00,56.20304955596916,22.11,88.83,0.0,0.04,initial,0.0,4.4160243016615945e-07,0,0.0
49317,2025-08-16 20:00:00,54.13594135073145,21.64,91.85,0.0,0.06,initial,0.0,8.992650792628354e-07,0,0.0
49318,2025-08-16 21:00:00,56.06786090243685,21.34,93.9,0.0,0.1,initial,0.0,4.89949214923002e-07,0,0.0
49319,2025-08-16 22:00:00,55.94818812948274,21.22,94.73,0.0,0.15,initial,0.0,6.142604091971193e-07,0,0.0
49320,2025-08-16 23:00:00,56.642916046271175,21.21,95.07,0.0,0.21,initial,0.0,3.788515949534673e-07,0,0.0
49321,2025-08-17 00:00:00,55.48600308651762,21.1,95.84,0.0,0.29,initial,0.0,1.807153998800095e-07,0,0.0
49322,2025-08-17 01:00:00,56.333611530933936,21.04,96.26,0.0,0.34,initial,0.0,9.449651852782035e-08,0,0.0
49323,2025-08-17 02:00:00,56.26162629708102,21.0,96.39,0.0,0.36,initial,0.0,2.4869544279113947e-08,0,0.0
49324,2025-08-17 03:00:00,56.74052876561286,20.91,96.52,0.0,0.39,initial,0.0,2.2156630398530953e-09,0,0.0
49325,2025-08-17 04:00:00,58.98076061194244,20.79,96.42,0.0,0.36,initial,0.0,3.6716475629763747e-11,0,0.0
49326,2025-08-17 05:00:00,58.23243050981728,20.55,96.6,0.0,0.31,initial,0.0,1.756662653389869e-11,0,0.0
49327,2025-08-17 06:00:00,58.536138703085705,21.2,95.26,0.2,0.29,initial,0.0,1.634432316098799e-11,0,0.0
49328,2025-08-17 07:00:00,60.24077928862256,22.28,91.35,0.55,0.37,initial,0.0,1.1328580510757856e-11,0,0.0
49329,2025-08-17 08:00:00,59.40891187939669,23.63,81.97,0.9,0.5,initial,0.0,3.0913769385874863e-10,0,0.0
49330,2025-08-17 09:00:00,60.36686688793846,25.53,68.43,1.3,0.28,initial,0.0,1.942156128023747e-09,0,0.0
49331,2025-08-17 10:00:00,58.57016939237778,26.6,61.79,1.56,0.28,initial,0.0,2.722633698753794e-07,0,0.0
49332,2025-08-17 11:00:00,58.87209506729669,27.17,58.79,1.62,0.27,initial,0.0,6.482838744515577e-07,0,0.0
49333,2025-08-17 12:00:00,58.08040212093251,27.46,57.48,1.66,0.22,initial,0.0,6.910623646902224e-06,0,0.0
49334,2025-08-17 13:00:00,58.8701874893702,27.14,58.57,1.45,0.18,initial,0.0,1.7203616895917592e-06,0,0.0
49335,2025-08-17 14:00:00,57.91762668002463,26.5,61.05,1.15,0.15,initial,0.0,7.0756681905699065e-06,0,0.0
49336,2025-08-17 15:00:00,58.40524358003784,25.49,65.38,0.74,0.14,initial,0.0,1.4824706609891224e-06,0,0.0
49337,2025-08-17 16:00:00,57.80804831763881,24.12,72.6,0.33,0.14,initial,0.0,1.006416093143323e-06,0,0.0
49338,2025-08-17 17:00:00,56.16873681827706,22.44,83.19,0.02,0.16,initial,0.0,6.455718168788299e-07,0,0.0
49339,2025-08-17 18:00:00,57.714252830269785,21.43,90.45,0.0,0.16,initial,0.0,1.3164008071872033e-07,0,0.0
49340,2025-08-17 19:00:00,56.88466923431768,20.91,93.84,0.0,0.15,initial,0.0,1.9175758378667315e-07,0,0.0
49341,2025-08-17 20:00:00,58.56521435785413,20.64,95.14,0.0,0.14,initial,0.0,1.2508411997956075e-07,0,0.0
49342,2025-08-17 21:00:00,58.882156832452814,20.47,95.77,0.0,0.12,initial,0.0,1.3752874400335805e-07,0,0.0
49343,2025-08-17 22:00:00,59.09013777476677,20.37,95.82,0.0,0.1,initial,0.0,1.7520857501432546e-07,0,0.0
49344,2025-08-17 23:00:00,58.57722474290384,20.27,95.83,0.0,0.09,initial,0.0,1.6537932606278675e-07,0,0.0
49345,2025-08-18 00:00:00,57.46982832184138,20.14,96.15,0.0,0.08,initial,0.0,7.887303808167122e-08,0,0.0
49346,2025-08-18 01:00:00,59.03067692903755,20.08,95.97,0.0,0.07,initial,0.0,1.5526465501544985e-08,0,0.0
49347,2025-08-18 02:00:00,59.27622673117806,20.1,95.55,0.0,0.07,initial,0.0,1.6998869048329316e-09,0,0.0
49348,2025-08-18 03:00:00,58.87947556342424,20.08,95.52,0.0,0.06,initial,0.0,2.1634213097032585e-10,0,0.0
49349,2025-08-18 04:00:00,59.15640062914243,20.07,95.67,0.0,0.05,initial,0.0,2.0883749134818384e-11,0,0.0
49350,2025-08-18 05:00:00,57.615170235579086,20.05,95.71,0.0,0.03,initial,0.0,2.416949477798524e-11,0,0.0
49351,2025-08-18 06:00:00,59.22849700447754,20.73,93.53,0.27,0.04,initial,0.0,7.32619488071273e-12,0,0.0
49352,2025-08-18 07:00:00,58.968218933104346,21.96,87.53,0.7,0.04,initial,0.0,6.138991220180743e-11,0,0.0
49353,2025-08-18 08:00:00,57.80520350112271,23.78,75.49,1.08,0.04,initial,0.0,5.207839414238526e-09,0,0.0
49354,2025-08-18 09:00:00,58.769461494910416,26.01,61.95,1.78,0.03,initial,0.0,4.9992705045267775e-08,0,0.0
49355,2025-08-18 10:00:00,57.43064904870697,27.34,55.95,2.05,0.04,initial,0.0,4.3828275366571745e-06,0,0.0
49356,2025-08-18 11:00:00,57.42273223259158,28.07,52.66,2.07,0.04,initial,0.0,1.3163117363413968e-05,0,0.0
49357,2025-08-18 12:00:00,57.00828726960508,28.28,50.81,2.07,0.03,initial,0.0,5.7839274648472096e-05,0,0.0
49358,2025-08-18 13:00:00,56.28177027192064,28.14,49.98,1.73,0.03,initial,0.0,0.00023566982758515458,0,0.0
49359,2025-08-18 14:00:00,54.387820057754965,27.7,49.98,1.55,0.01,initial,0.0,0.0037821028029541882,0,0.0
49360,2025-08-18 15:00:00,54.69962181595103,26.58,52.55,0.98,0.01,initial,0.0,0.00021639302246071325,0,0.0
49361,2025-08-18 16:00:00,56.38093266273471,24.93,57.72,0.47,0.0,initial,0.0,2.8536625432658642e-06,0,0.0
49362,2025-08-18 17:00:00,55.62320852740004,22.8,66.57,0.03,0.0,initial,0.0,6.249619619665495e-07,0,0.0
49363,2025-08-18 18:00:00,55.17439667432502,21.36,74.54,0.0,0.0,initial,0.0,3.1746161806751073e-07,0,0.0
49364,2025-08-18 19:00:00,54.72624070289855,20.46,79.96,0.0,0.0,initial,0.0,2.2592174721813297e-07,0,0.0
49365,2025-08-18 20:00:00,53.71633718811656,19.82,83.92,0.0,0.0,initial,0.0,2.2917665514976798e-07,0,0.0
49366,2025-08-18 21:00:00,54.37695189483869,19.4,86.8,0.0,0.0,initial,0.0,1.5896037429111363e-07,0,0.0
49367,2025-08-18 22:00:00,54.1688291981524,19.57,86.3,0.0,0.0,initial,0.0,2.2746095457126577e-07,0,0.0
49368,2025-08-18 23:00:00,54.45152600948924,19.74,85.92,0.0,0.01,initial,0.0,1.6147095850198133e-07,0,0.0
49369,2025-08-19 00:00:00,53.37459566707255,20.05,84.99,0.0,0.01,initial,0.0,1.1105000724053625e-07,0,0.0
49370,2025-08-19 01:00:00,55.3203792844162,20.21,85.25,0.0,0.02,initial,0.0,6.277001108844928e-08,0,0.0
49371,2025-08-19 02:00:00,52.445098001171736,20.11,87.04,0.0,0.03,initial,0.0,6.653490868455565e-08,0,0.0
49372,2025-08-19 03:00:00,55.304968168099855,19.91,89.15,0.0,0.02,initial,0.0,5.869152575835628e-09,0,0.0
49373,2025-08-19 04:00:00,55.33276365433253,19.63,90.87,0.0,0.01,initial,0.0,7.806413817468319e-10,0,0.0
49374,2025-08-19 05:00:00,56.50575083804415,19.41,91.73,0.0,0.01,initial,0.0,5.463195165228621e-11,0,0.0
49375,2025-08-19 06:00:00,54.45694893327676,20.59,85.18,0.41,0.01,initial,0.0,1.5792463616273734e-09,0,0.0
49376,2025-08-19 07:00:00,54.0821960885545,22.64,72.64,1.12,0.02,initial,0.0,1.460230198494683e-07,0,0.0
49377,2025-08-19 08:00:00,54.25228624818167,24.54,61.0,1.82,0.01,initial,0.0,1.142573181474553e-05,0,0.0
49378,2025-08-19 09:00:00,54.114774988828046,26.04,53.86,2.43,0.01,initial,0.0,0.0005065891461177793,0,0.0
49379,2025-08-19 10:00:00,52.99291703647,27.15,48.96,2.69,0.01,initial,0.0,0.024809351103425994,0,0.0
49380,2025-08-19 11:00:00,51.445977984256295,27.77,46.2,2.9,0.01,initial,0.0,0.4708238934510322,0,0.0
49381,2025-08-19 12:00:00,52.12988957333455,27.93,45.56,2.82,0.0,initial,4.3438365569413655,0.30090139651634024,0,0.0
49382,2025-08-19 13:00:00,58.24958218464473,27.68,46.12,2.39,0.01,initial,0.0,7.036069297382149e-06,0,0.0
49383,2025-08-19 14:00:00,56.84174167561425,26.95,47.98,1.95,0.01,initial,0.0,5.614682500476708e-05,0,0.0
49384,2025-08-19 15:00:00,55.85932858309209,25.94,50.6,1.26,0.01,initial,0.0,7.636988287586085e-05,0,0.0
49385,2025-08-19 16:00:00,58.77965632214557,24.61,54.69,0.57,0.0,initial,0.0,3.1765875218225785e-07,0,0.0
49386,2025-08-19 17:00:00,57.2865635308672,22.99,61.97,0.03,0.0,initial,0.0,2.1562154055131214e-07,0,0.0
49387,2025-08-19 18:00:00,57.06843551352277,21.6,70.07,0.0,0.0,initial,0.0,1.2295287242308707e-07,0,0.0
49388,2025-08-19 19:00:00,56.528947673478825,20.56,76.58,0.0,0.0,initial,0.0,1.0384142429143677e-07,0,0.0
49389,2025-08-19 20:00:00,57.17291876190691,19.89,80.79,0.0,0.0,initial,0.0,6.237263585630258e-08,0,0.0
49390,2025-08-19 21:00:00,55.77910092346915,19.46,83.47,0.0,0.0,initial,0.0,8.98789897255877e-08,0,0.0
49391,2025-08-19 22:00:00,56.78044701069379,19.11,85.65,0.0,0.0,initial,0.0,8.345378242436558e-08,0,0.0
49392,2025-08-19 23:00:00,56.8153250450289,18.73,87.88,0.0,0.0,initial,0.0,5.399116023871664e-08,0,0.0
49393,2025-08-20 00:00:00,55.79889907638496,18.49,89.08,0.0,0.0,initial,0.0,2.84115012944832e-08,0,0.0
49394,2025-08-20 01:00:00,56.53737259118878,18.27,90.11,0.0,0.0,initial,0.0,1.2757622687859419e-08,0,0.0
49395,2025-08-20 02:00:00,56.2907178608919,18.17,90.59,0.0,0.0,initial,0.0,4.00651049183102e-09,0,0.0
49396,2025-08-20 03:00:00,56.00976737514953,18.09,90.82,0.0,0.0,initial,0.0,1.015787565593141e-09,0,0.0
49397,2025-08-20 04:00:00,56.18984794631666,18.06,90.63,0.0,0.0,initial,0.0,1.183011504327442e-10,0,0.0
49398,2025-08-20 05:00:00,55.26794582051263,18.04,90.41,0.0,0.01,initial,0.0,7.781083784155503e-11,0,0.0
49399,2025-08-20 06:00:00,57.49617358847233,19.91,81.12,0.4,0.01,initial,0.0,5.819706180405595e-11,0,0.0
49400,2025-08-20 07:00:00,57.73315047840644,22.49,65.54,1.16,0.01,initial,0.0,3.054576719726639e-09,0,0.0
49401,2025-08-20 08:00:00,55.41639434006626,24.39,55.76,1.92,0.01,initial,0.0,2.4855801054425736e-06,0,0.0
49402,2025-08-20 09:00:00,56.57946855855831,25.91,49.76,2.5,0.01,initial,0.0,3.7509206250909317e-06,0,0.0
49403,2025-08-20 10:00:00,55.0923485949023,27.27,44.9,2.56,0.01,initial,0.0,0.0004874850100208045,0,0.0
49404,2025-08-20 11:00:00,54.46868148561547,27.87,43.07,2.46,0.01,initial,0.0,0.004517733225468721,0,0.0
49405,2025-08-20 12:00:00,52.76393204422645,28.18,42.39,2.28,0.0,initial,0.0,0.13678691989616232,0,0.0
49406,2025-08-20 13:00:00,52.70036268112565,28.2,42.25,2.26,0.0,initial,0.0,0.10982989404269328,0,0.0
49407,2025-08-20 14:00:00,52.98678218680802,27.67,43.76,1.83,0.0,initial,0.0,0.03255607022868449,0,0.0
49408,2025-08-20 15:00:00,51.30178092361469,26.55,47.14,1.15,0.0,initial,0.0,0.009652570199737077,0,0.0
49409,2025-08-20 16:00:00,51.15036400506193,24.99,52.98,0.52,0.0,initial,0.0,0.0001956973162949839,0,0.0
49410,2025-08-20 17:00:00,51.16209008754438,23.04,62.31,0.03,0.0,initial,0.0,9.059458759084278e-06,0,0.0
49411,2025-08-20 18:00:00,48.84275526921356,21.69,70.5,0.0,0.0,initial,0.0,7.132290445487819e-06,0,0.0
49412,2025-08-20 19:00:00,51.83120033905827,20.93,76.23,0.0,0.0,initial,0.0,9.118134345684779e-07,0,0.0
49413,2025-08-20 20:00:00,52.07815420783557,20.38,80.81,0.0,0.0,initial,0.0,5.166030370688972e-07,0,0.0
49414,2025-08-20 21:00:00,51.86025180256805,19.9,84.69,0.0,0.0,initial,0.0,4.479957601877656e-07,0,0.0
49415,2025-08-20 22:00:00,52.322847485640885,19.44,88.38,0.0,0.0,initial,0.0,2.800450872705964e-07,0,0.0
49416,2025-08-20 23:00:00,51.21335616410841,18.98,91.98,0.0,0.0,initial,0.0,1.0927500179707626e-07,0,0.0
49417,2025-08-21 00:00:00,53.01752991843378,18.65,94.93,0.0,0.0,initial,0.0,3.8918638339500774e-08,0,0.0
49418,2025-08-21 01:00:00,50.8927487728032,18.29,97.88,0.0,0.0,initial,0.0,2.4023899844880496e-08,0,0.0
49419,2025-08-21 02:00:00,51.38900028595717,17.95,100.0,0.0,0.0,initial,0.0,1.2340996616925593e-08,0,0.0
49420,2025-08-21 03:00:00,51.31000038817097,17.76,100.0,0.0,0.0,initial,0.0,7.412459574423336e-09,0,0.0
49421,2025-08-21 04:00:00,51.71761513576675,17.59,100.0,0.0,0.0,initial,0.0,3.064224682205276e-09,0,0.0
49422,2025-08-21 05:00:00,51.37692201054711,17.49,100.0,0.0,0.0,initial,0.0,1.3735018167100627e-09,0,0.0
49423,2025-08-21 06:00:00,51.48623235390925,19.79,90.67,0.44,0.0,initial,0.0,1.500243946482777e-08,0,0.0
49424,2025-08-21 07:00:00,50.84919168470032,22.83,72.1,1.21,0.0,initial,0.0,1.2377402192095666e-05,0,0.0
49425,2025-08-21 08:00:00,50.69999101834508,25.07,57.85,1.95,0.0,initial,0.0,0.005140039956548036,0,0.0
49426,2025-08-21 09:00:00,48.79335665710634,26.9,49.09,2.49,0.01,initial,4.188562603585126,0.8883710714853484,1,4.573536247837713
49427,2025-08-21 10:00:00,57.63771265060152,28.31,44.48,2.73,0.02,initial,0.0,3.508702353645787e-06,0,0.0
49428,2025-08-21 11:00:00,55.544061085408096,29.28,42.09,2.68,0.02,initial,0.0,0.0007845251666732329,0,0.0
49429,2025-08-21 12:00:00,55.31175204264757,29.74,41.45,2.39,0.02,initial,0.0,0.0023486597406434666,0,0.0
49430,2025-08-21 13:00:00,54.22235371998509,29.76,42.12,2.12,0.02,initial,0.0,0.017100046979973457,0,0.0
49431,2025-08-21 14:00:00,54.95995594028228,29.05,44.81,1.66,0.02,initial,0.0,0.002215315489674378,0,0.0
49432,2025-08-21 15:00:00,53.59950651450459,27.88,49.48,1.03,0.01,initial,0.0,0.0014236125603563114,0,0.0
49433,2025-08-21 16:00:00,51.75093590158279,26.19,56.7,0.45,0.01,initial,0.0,0.0001669034826345154,0,0.0
49434,2025-08-21 17:00:00,53.76600989893112,24.2,66.22,0.03,0.01,initial,0.0,3.40100709260359e-06,0,0.0
49435,2025-08-21 18:00:00,52.95611515392534,22.96,73.39,0.0,0.01,initial,0.0,1.948223310401005e-06,0,0.0
49436,2025-08-21 19:00:00,53.53521212281376,22.08,78.72,0.0,0.0,initial,0.0,9.231273761517742e-07,0,0.0
49437,2025-08-21 20:00:00,54.23215572857605,21.38,83.51,0.0,0.01,initial,0.0,5.002468588903137e-07,0,0.0
49438,2025-08-21 21:00:00,52.78886482204374,20.88,87.36,0.0,0.01,initial,0.0,7.681077823007097e-07,0,0.0
49439,2025-08-21 22:00:00,53.53820425655668,20.51,90.49,0.0,0.0,initial,0.0,4.990263193731853e-07,0,0.0
49440,2025-08-21 23:00:00,52.97407835612372,20.32,92.37,0.0,0.01,initial,0.0,2.5703119846258663e-07,0,0.0
49441,2025-08-22 00:00:00,54.39324624758184,20.14,93.99,0.0,0.01,initial,0.0,1.0163296237459941e-07,0,0.0
49442,2025-08-22 01:00:00,53.67957333832938,20.0,95.22,0.0,0.01,initial,0.0,6.507823734005266e-08,0,0.0
49443,2025-08-22 02:00:00,53.622936465728486,19.87,96.08,0.0,0.02,initial,0.0,4.3119899737305456e-08,0,0.0
49444,2025-08-22 03:00:00,52.67368132721461,19.69,97.22,0.0,0.02,initial,0.0,1.9923004015963455e-08,0,0.0
49445,2025-08-22 04:00:00,54.29156424365369,19.52,98.12,0.0,0.02,initial,0.0,1.2792184954407556e-09,0,0.0
49446,2025-08-22 05:00:00,54.41807897544192,19.48,98.27,0.0,0.02,initial,0.0,3.288427304467546e-10,0,0.0
49447,2025-08-22 06:00:00,53.12849205586073,20.92,90.7,0.32,0.02,initial,0.0,4.918827218482851e-09,0,0.0
49448,2025-08-22 07:00:00,53.698832791113965,22.93,77.72,0.87,0.01,initial,0.0,1.0867727107491646e-07,0,0.0
49449,2025-08-22 08:00:00,53.72690635561455,25.12,64.15,1.5,0.02,initial,0.0,1.430386594165573e-05,0,0.0
49450,2025-08-22 09:00:00,54.60658417878747,26.89,55.36,1.92,0.05,initial,0.0,0.00018272729815088732,0,0.0
49451,2025-08-22 10:00:00,52.59890308776403,28.08,49.57,2.19,0.04,initial,0.0,0.1050718249919889,0,0.0
49452,2025-08-22 11:00:00,51.64569018057194,28.71,46.63,2.24,0.02,initial,4.206323367805091,0.6771073964132404,1,4.307179402796132
49453,2025-08-22 12:00:00,57.86859338407677,28.98,45.11,2.65,0.02,initial,0.0,1.0406211818511881e-05,0,0.0
49454,2025-08-22 13:00:00,57.27618085846448,28.82,44.73,2.46,0.02,initial,0.0,5.369472047951588e-05,0,0.0
49455,2025-08-22 14:00:00,57.408267856194925,28.03,45.84,1.89,0.03,initial,0.0,2.742057865808809e-05,0,0.0
49456,2025-08-22 15:00:00,55.639500913618285,26.88,47.88,1.21,0.03,initial,0.0,0.00011245964066370693,0,0.0
49457,2025-08-22 16:00:00,56.75955648847021,25.38,51.81,0.53,0.01,initial,0.0,2.0834293802442865e-06,0,0.0
49458,2025-08-22 17:00:00,54.61472889629462,23.65,58.81,0.03,0.01,initial,0.0,1.5020392902611468e-06,0,0.0
49459,2025-08-22 18:00:00,56.38079717445071,22.03,67.74,0.0,0.0,initial,0.0,1.981307320306018e-07,0,0.0
49460,2025-08-22 19:00:00,56.60357221764116,21.08,74.33,0.0,0.0,initial,0.0,1.2328315565500318e-07,0,0.0
49461,2025-08-22 20:00:00,56.50516805383512,20.49,79.56,0.0,0.01,initial,0.0,1.0458829432716573e-07,0,0.0
49462,2025-08-22 21:00:00,56.10153731007906,20.18,83.69,0.0,0.02,initial,0.0,1.3572462248015453e-07,0,0.0
49463,2025-08-22 22:00:00,56.23864117102979,19.9,87.34,0.0,0.03,initial,0.0,1.9220277165686802e-07,0,0.0
49464,2025-08-22 23:00:00,55.65256621900806,19.77,89.99,0.0,0.04,initial,0.0,1.5075595897053343e-07,0,0.0
49465,2025-08-23 00:00:00,55.19776473595955,19.5,92.92,0.0,0.1,initial,0.0,6.08455383177817e-08,0,0.0
49466,2025-08-23 01:00:00,56.44750104382102,19.24,95.09,0.0,0.12,initial,0.0,2.8923566978112863e-08,0,0.0
49467,2025-08-23 02:00:00,56.45291355238124,19.01,96.71,0.0,0.12,initial,0.0,7.152116711250522e-09,0,0.0
49468,2025-08-23 03:00:00,57.24917574500194,18.87,98.13,0.0,0.09,initial,0.0,4.708477367703509e-10,0,0.0
49469,2025-08-23 04:00:00,56.50970417272193,19.07,98.02,0.0,0.09,initial,0.0,1.324159512470485e-10,0,0.0
49470,2025-08-23 05:00:00,56.8123876877186,19.25,97.88,0.0,0.05,initial,0.0,2.8921213928331034e-11,0,0.0
49471,2025-08-23 06:00:00,57.04016583729807,20.67,94.5,0.39,0.1,initial,0.0,7.902326015145801e-11,0,0.0
49472,2025-08-23 07:00:00,57.24606484750138,22.14,90.1,1.03,0.12,initial,0.0,5.233100857584529e-10,0,0.0
49473,2025-08-23 08:00:00,57.41459963135272,23.84,80.63,1.7,0.16,initial,0.0,1.3344043370181912e-08,0,0.0
49474,2025-08-23 09:00:00,56.04761068041626,26.0,66.45,2.14,0.5,initial,0.0,6.219865036838523e-06,0,0.0
49475,2025-08-23 10:00:00,57.35867997006632,27.55,57.44,2.41,0.45,initial,0.0,5.331445910031373e-06,0,0.0
49476,2025-08-23 11:00:00,56.43566052872672,28.0,54.69,2.48,0.34,initial,0.0,8.855843385870343e-05,0,0.0
49477,2025-08-23 12:00:00,56.741851764142886,27.81,54.59,2.65,0.25,initial,0.0,7.535871393239757e-05,0,0.0
49478,2025-08-23 13:00:00,56.930837021873046,27.79,53.42,2.19,0.13,initial,0.0,8.096507721479269e-05,0,0.0
49479,2025-08-23 14:00:00,53.54807468594393,27.69,51.87,1.72,0.05,initial,0.0,0.01803982224533566,0,0.0
49480,2025-08-23 15:00:00,55.77371428276321,27.17,52.02,1.12,0.03,initial,0.0,9.950352704819011e-05,0,0.0
49481,2025-08-23 16:00:00,54.3875198446403,26.1,55.61,0.5,0.01,initial,0.0,1.6581429910995244e-05,0,0.0
49482,2025-08-23 17:00:00,53.62578116956103,23.77,66.85,0.03,0.0,initial,0.0,3.1634117864258897e-06,0,0.0
49483,2025-08-23 18:00:00,53.960133895489015,22.37,74.85,0.0,0.0,initial,0.0,9.138552091536902e-07,0,0.0
49484,2025-08-23 19:00:00,53.485009044873614,21.7,80.11,0.0,0.0,initial,0.0,8.024631179974286e-07,0,0.0
49485,2025-08-23 20:00:00,54.71614588419176,21.1,85.68,0.0,0.0,initial,0.0,3.96457380701028e-07,0,0.0
49486,2025-08-23 21:00:00,53.48230031961669,20.6,90.6,0.0,0.0,initial,0.0,5.59120568909581e-07,0,0.0
49487,2025-08-23 22:00:00,55.28610879716888,20.15,94.98,0.0,0.01,initial,0.0,3.5103307179286965e-07,0,0.0
49488,2025-08-23 23:00:00,54.88868154230451,19.82,98.07,0.0,0.01,initial,0.0,1.5615657970143187e-07,0,0.0
49489,2025-08-24 00:00:00,54.55437264373244,19.56,100.0,0.0,0.03,initial,0.0,6.710240739477147e-08,0,0.0
49490,2025-08-24 01:00:00,52.793730780263246,19.43,100.0,0.0,0.04,initial,0.0,4.8181221259170913e-08,0,0.0
49491,2025-08-24 02:00:00,53.402105554729424,19.32,100.0,0.0,0.03,initial,0.0,2.8699827815461773e-08,0,0.0
49492,2025-08-24 03:00:00,54.433527078535775,19.21,100.0,0.0,0.03,initial,0.0,4.804799127375977e-09,0,0.0
49493,2025-08-24 04:00:00,54.51460773478208,19.08,100.0,0.0,0.03,initial,0.0,7.316867438632725e-10,0,0.0
49494,2025-08-24 05:00:00,55.324495144381,18.95,100.0,0.0,0.03,initial,0.0,9.399367512010917e-11,0,0.0
49495,2025-08-24 06:00:00,52.28011271328653,20.95,95.32,0.31,0.03,initial,0.0,7.918810854621024e-09,0,0.0
49496,2025-08-24 07:00:00,53.893753419019696,23.63,82.45,0.8,0.05,initial,0.0,7.888906999630599e-08,0,0.0
49497,2025-08-24 08:00:00,55.03933206460608,25.68,67.15,1.39,0.16,initial,0.0,1.6547352699871072e-06,0,0.0
49498,2025-08-24 09:00:00,53.73118156841274,26.94,60.52,1.69,0.08,initial,0.0,0.0004415143558119743,0,0.0
49499,2025-08-24 10:00:00,53.15305981746341,27.78,58.05,2.22,0.08,initial,0.0,0.02802274087036837,0,0.0
49500,2025-08-24 11:00:00,51.68436123537011,27.73,58.96,2.3,0.07,initial,0.0,0.4588694203194766,0,0.0
49501,2025-08-24 12:00:00,53.2206191973717,27.53,59.48,2.35,0.05,initial,0.0,0.0685057428790565,0,0.0
49502,2025-08-24 13:00:00,51.39556165078191,27.38,58.63,1.95,0.04,initial,4.034828831026751,0.47410196902216684,0,0.0
49503,2025-08-24 14:00:00,58.84666298428232,27.17,57.48,1.49,0.03,initial,0.0,2.284141438585443e-06,0,0.0
49504,2025-08-24 15:00:00,58.70060479384312,26.8,56.99,0.95,0.02,initial,0.0,1.4612455668318573e-06,0,0.0
49505,2025-08-24 16:00:00,58.2627803374501,25.99,59.09,0.44,0.01,initial,0.0,6.767319332423682e-07,0,0.0
49506,2025-08-24 17:00:00,57.02408283807737,24.28,67.23,0.03,0.01,initial,0.0,5.460406355307405e-07,0,0.0
49507,2025-08-24 18:00:00,56.67517524081233,23.18,73.77,0.0,0.01,initial,0.0,3.4483907041558446e-07,0,0.0
49508,2025-08-24 19:00:00,56.63318183834605,22.69,77.26,0.0,0.01,initial,0.0,3.6888903960114455e-07,0,0.0
49509,2025-08-24 20:00:00,58.67469035301807,22.33,80.12,0.0,0.02,initial,0.0,1.5156369411135044e-07,0,0.0
49510,2025-08-24 21:00:00,56.955497134816376,22.07,82.2,0.0,0.02,initial,0.0,3.1068125215214757e-07,0,0.0
49511,2025-08-24 22:00:00,58.00504619791493,21.73,84.54,0.0,0.03,initial,0.0,3.0647445457172175e-07,0,0.0
49512,2025-08-24 23:00:00,57.59843692488077,21.37,86.96,0.0,0.04,initial,0.0,2.6960360973052457e-07,0,0.0
49513,2025-08-25 00:00:00,56.93329271474943,21.02,89.69,0.0,0.04,initial,0.0,1.4760880530522077e-07,0,0.0
49514,2025-08-25 01:00:00,57.160082188983054,20.73,92.42,0.0,0.08,initial,0.0,6.340881662011758e-08,0,0.0
49515,2025-08-25 02:00:00,58.43423559017643,20.54,94.86,0.0,0.1,initial,0.0,4.804308781165485e-09,0,0.0
49516,2025-08-25 03:00:00,57.70002734316332,20.38,96.78,0.0,0.15,initial,0.0,7.751524634200448e-10,0,0.0
49517,2025-08-25 04:00:00,57.56196496166092,20.3,97.93,0.0,0.2,initial,0.0,1.0101890941663843e-10,0,0.0
49518,2025-08-25 05:00:00,57.57951892752911,20.33,98.7,0.0,0.24,initial,0.0,2.6531986886759095e-11,0,0.0
49519,2025-08-25 06:00:00,58.84357090401594,21.66,95.08,0.34,0.29,initial,0.0,1.7899790626499102e-11,0,0.0
49520,2025-08-25 07:00:00,58.4184403316727,22.9,91.46,0.83,0.33,initial,0.0,1.487059306097182e-10,0,0.0
49521,2025-08-25 08:00:00,59.36888220649806,24.13,82.98,1.5,0.31,initial,0.0,5.893123542658505e-10,0,0.0
49522,2025-08-25 09:00:00,62.58149468132359,25.54,71.91,1.88,1.69,initial,0.0,4.905175989974511e-11,0,0.0
49523,2025-08-25 10:00:00,61.69714835522584,26.55,64.77,1.78,1.04,initial,0.0,1.0500206093451084e-09,0,0.0
49524,2025-08-25 11:00:00,62.80995227219247,27.3,60.28,2.14,0.57,initial,0.0,4.158732738938425e-10,0,0.0
49525,2025-08-25 12:00:00,60.56912910833356,27.97,56.7,2.21,0.34,initial,0.0,6.926387893577554e-08,0,0.0
49526,2025-08-25 13:00:00,61.43467209104614,28.12,55.2,1.82,0.3,initial,0.0,2.002374718635554e-08,0,0.0
49527,2025-08-25 14:00:00,61.56599537261513,27.62,56.41,1.34,0.19,initial,0.0,2.402848257136835e-08,0,0.0
49528,2025-08-25 15:00:00,61.31774940962138,26.68,59.79,0.83,0.09,initial,0.0,3.098030947203256e-08,0,0.0
49529,2025-08-25 16:00:00,61.02447217605595,25.14,67.06,0.35,0.09,initial,0.0,4.5146992014430184e-08,0,0.0
49530,2025-08-25 17:00:00,59.89591197794503,23.29,77.81,0.02,0.04,initial,0.0,7.186534778904478e-08,0,0.0
49531,2025-08-25 18:00:00,60.64457962495649,22.31,83.91,0.0,0.04,initial,0.0,3.107428733822356e-08,0,0.0
49532,2025-08-25 19:00:00,59.18108218471526,21.48,89.08,0.0,0.05,initial,0.0,7.958289950967732e-08,0,0.0
49533,2025-08-25 20:00:00,61.33084463550019,20.84,92.82,0.0,0.04,initial,0.0,4.20996740139072e-08,0,0.0
49534,2025-08-25 21:00:00,59.30842379249296,20.35,95.48,0.0,0.02,initial,0.0,1.0955757767241713e-07,0,0.0
49535,2025-08-25 22:00:00,61.09845639016758,19.96,97.4,0.0,0.02,initial,0.0,7.109255033722017e-08,0,0.0
49536,2025-08-25 23:00:00,60.967486810481454,19.61,98.85,0.0,0.03,initial,0.0,5.591444496175855e-08,0,0.0
49537,2025-08-26 00:00:00,61.03740347307584,19.29,99.71,0.0,0.06,initial,0.0,1.1402106425211961e-08,0,0.0
49538,2025-08-26 01:00:00,61.93511143635944,19.03,100.0,0.0,0.06,initial,0.0,7.96577043361426e-10,0,0.0
49539,2025-08-26 02:00:00,61.19956776899381,18.83,100.0,0.0,0.06,initial,0.0,1.1410006408722463e-10,0,0.0
49540,2025-08-26 03:00:00,59.37137650764276,18.69,100.0,0.0,0.06,initial,0.0,5.1625595874185394e-11,0,0.0
49541,2025-08-26 04:00:00,60.954529895617576,18.59,100.0,0.0,0.04,initial,0.0,1.326418074495879e-12,0,0.0
49542,2025-08-26 05:00:00,59.00866120995156,18.52,99.75,0.0,0.03,initial,0.0,2.1220496787680767e-12,0,0.0
49543,2025-08-26 06:00:00,60.459742366207344,20.48,94.55,0.44,0.01,initial,0.0,1.9088604029795363e-12,0,0.0
49544,2025-08-26 07:00:00,60.03848832708837,22.42,86.99,1.18,0.02,initial,0.0,3.0137456001376064e-11,0,0.0
49545,2025-08-26 08:00:00,60.56158199147996,24.87,68.98,1.98,0.02,initial,0.0,3.396046770879506e-10,0,0.0
49546,2025-08-26 09:00:00,58.91027264730555,27.04,54.4,2.35,0.01,initial,0.0,7.300120414776764e-08,0,0.0
49547,2025-08-26 10:00:00,58.34038281451048,28.4,47.92,2.76,0.01,initial,0.0,9.585265980277244e-07,0,0.0
49548,2025-08-26 11:00:00,58.73687326854755,29.18,44.74,3.0,0.03,initial,0.0,1.049992332038569e-06,0,0.0
49549,2025-08-26 12:00:00,58.62551300022172,29.49,43.45,3.1,0.04,initial,0.0,2.004401353605491e-06,0,0.0
49550,2025-08-26 13:00:00,57.06144242180287,29.32,43.33,2.72,0.04,initial,0.0,8.424542475759785e-05,0,0.0
49551,2025-08-26 14:00:00,58.34887778039211,28.76,44.32,2.3,0.03,initial,0.0,8.092301149494264e-06,0,0.0
49552,2025-08-26 15:00:00,55.75819482969419,27.76,47.06,1.41,0.03,initial,0.0,0.00019521959724289533,0,0.0
49553,2025-08-26 16:00:00,56.263990753044254,26.17,53.28,0.59,0.03,initial,0.0,4.6617809870815e-06,0,0.0
49554,2025-08-26 17:00:00,55.83697435646775,23.87,65.18,0.03,0.02,initial,0.0,8.215591313272259e-07,0,0.0
49555,2025-08-26 18:00:00,55.32726877863013,22.48,75.15,0.0,0.03,initial,0.0,5.143141779524003e-07,0,0.0
49556,2025-08-26 19:00:00,56.71308761062418,21.69,82.83,0.0,0.05,initial,0.0,2.4620978954632774e-07,0,0.0
49557,2025-08-26 20:00:00,55.07671364801073,21.09,88.97,0.0,0.1,initial,0.0,4.105813359931471e-07,0,0.0
49558,2025-08-26 21:00:00,54.26580245797849,20.63,93.37,0.0,0.11,initial,0.0,4.935596002469069e-07,0,0.0
49559,2025-08-26 22:00:00,55.963071489920445,20.39,95.89,0.0,0.11,initial,0.0,3.7507498341080956e-07,0,0.0
49560,2025-08-26 23:00:00,56.070975480271,20.37,96.82,0.0,0.17,initial,0.0,2.1630149715772045e-07,0,0.0
49561,2025-08-27 00:00:00,57.37674277838839,20.4,97.49,0.0,0.2,development,0.0,1.0264413577078594e-09,0,0.0
49562,2025-08-27 01:00:00,55.86417029496996,20.38,97.95,0.0,0.27,development,0.0,5.493211219446436e-10,0,0.0
49563,2025-08-27 02:00:00,57.632937478733865,20.46,97.89,0.0,0.28,development,0.0,8.522523748846382e-11,0,0.0
49564,2025-08-27 03:00:00,57.89859344206141,20.46,98.06,0.0,0.29,development,0.0,1.5223325604788107e-11,0,0.0
49565,2025-08-27 04:00:00,58.197211909037335,20.49,98.16,0.0,0.29,development,0.0,2.1810243110918345e-12,0,0.0
49566,2025-08-27 05:00:00,59.0867350642966,20.61,97.94,0.0,0.25,development,0.0,2.1075513360378597e-13,0,0.0
49567,2025-08-27 06:00:00,58.54521124173367,21.58,96.21,0.29,0.25,development,0.0,5.655243815140198e-13,0,0.0
49568,2025-08-27 07:00:00,58.78950096625486,22.79,92.87,0.69,0.32,development,0.0,2.570007071499665e-12,0,0.0
49569,2025-08-27 08:00:00,59.07777671973231,24.38,82.3,1.14,0.31,development,0.0,3.121271307877429e-11,0,0.0
49570,2025-08-27 09:00:00,58.28276543172831,26.86,64.72,1.62,0.19,development,0.0,3.869802452520021e-09,0,0.0
49571,2025-08-27 10:00:00,56.7832350660376,28.39,55.74,1.88,0.18,development,0.0,3.433741571113428e-07,0,0.0
49572,2025-08-27 11:00:00,56.90553146843844,29.09,52.31,2.01,0.14,development,0.0,7.43915222356579e-07,0,0.0
49573,2025-08-27 12:00:00,56.32884757435547,28.94,52.44,1.87,0.11,development,0.0,3.7492447925779e-06,0,0.0
49574,2025-08-27 13:00:00,55.37915380598257,28.77,52.56,1.79,0.08,development,0.0,2.6609067859014434e-05,0,0.0
49575,2025-08-27 14:00:00,54.88990076725014,28.51,52.32,1.32,0.03,development,0.0,3.370168219302215e-05,0,0.0
49576,2025-08-27 15:00:00,54.70856170191727,27.72,53.71,0.81,0.01,development,0.0,7.679567710969367e-06,0,0.0
49577,2025-08-27 16:00:00,53.94052676044216,26.3,58.91,0.38,0.01,development,0.0,1.3195726048970189e-06,0,0.0
49578,2025-08-27 17:00:00,54.62663930537045,24.19,68.99,0.03,0.0,development,0.0,6.725554478391933e-08,0,0.0
49579,2025-08-27 18:00:00,54.63911922399549,22.81,77.25,0.0,0.0,development,0.0,2.0446228336830288e-08,0,0.0
49580,2025-08-27 19:00:00,52.04043444912,22.07,82.53,0.0,0.0,development,0.0,3.317330900921924e-08,0,0.0
49581,2025-08-27 20:00:00,52.7969390200161,21.55,86.29,0.0,0.0,development,0.0,2.302633595697717e-08,0,0.0
49582,2025-08-27 21:00:00,52.03215934053735,21.21,88.7,0.0,0.01,development,0.0,4.1248433557029124e-08,0,0.0
49583,2025-08-27 22:00:00,53.74940788422185,21.1,89.8,0.0,0.01,development,0.0,3.404363197611818e-08,0,0.0
49584,2025-08-27 23:00:00,53.72465632306941,21.05,90.35,0.0,0.02,development,0.0,1.4481603084008737e-08,0,0.0
49585,2025-08-28 00:00:00,54.15173996448792,21.01,90.83,0.0,0.03,development,0.0,4.900685597778044e-09,0,0.0
49586,2025-08-28 01:00:00,54.75497493030836,20.89,91.83,0.0,0.04,development,0.0,1.3862506609034974e-09,0,0.0
49587,2025-08-28 02:00:00,54.10926494425448,20.74,92.66,0.0,0.05,development,0.0,7.843640292522292e-10,0,0.0
49588,2025-08-28 03:00:00,53.74864910088897,20.59,93.45,0.0,0.07,development,0.0,3.5214504798097857e-10,0,0.0
49589,2025-08-28 04:00:00,54.315006918031,20.42,94.27,0.0,0.07,development,0.0,5.287380254898513e-11,0,0.0
49590,2025-08-28 05:00:00,53.99834448551688,20.27,94.86,0.0,0.06,development,0.0,2.258350808998964e-11,0,0.0
49591,2025-08-28 06:00:00,53.29908272450497,21.35,90.69,0.48,0.07,development,0.0,2.1658270420366115e-10,0,0.0
49592,2025-08-28 07:00:00,55.089269565978825,22.98,81.34,1.2,0.06,development,0.0,8.596191450326528e-10,0,0.0
49593,2025-08-28 08:00:00,54.28768333314464,25.03,68.0,1.91,0.06,development,0.0,2.922128322748234e-07,0,0.0
49594,2025-08-28 09:00:00,54.48328038433989,27.14,55.96,2.41,0.01,development,0.0,6.334839006062433e-06,0,0.0
49595,2025-08-28 10:00:00,51.58009821306182,28.58,49.17,2.77,0.02,development,0.0,0.02253230688080355,0,0.0
49596,2025-08-28 11:00:00,50.43358765599458,29.25,45.81,2.9,0.02,development,0.0,0.4075662338022709,0,0.0
49597,2025-08-28 12:00:00,50.10164319274578,29.27,45.24,2.82,0.02,development,0.0,0.569131782213967,1,4.290939958585932
49598,2025-08-28 13:00:00,50.32517373077141,29.21,45.27,2.62,0.02,development,4.125914386903389,0.28221612513610883,0,0.0
49599,2025-08-28 14:00:00,56.81535807741444,28.71,46.29,1.96,0.02,development,0.0,3.1040152484993574e-06,0,0.0
49600,2025-08-28 15:00:00,55.73333018128487,27.76,49.12,1.29,0.01,development,0.0,6.995203273638445e-06,0,0.0
49601,2025-08-28 16:00:00,55.18170643600384,26.2,55.16,0.58,0.01,development,0.0,8.02671353920263e-07,0,0.0
49602,2025-08-28 17:00:00,55.53000570239696,24.02,65.81,0.04,0.01,development,0.0,3.895114282894917e-08,0,0.0
49603,2025-08-28 18:00:00,54.49133307327486,22.58,75.2,0.0,0.01,development,0.0,1.807152406482176e-08,0,0.0
49604,2025-08-28 19:00:00,55.71653441637051,21.81,81.72,0.0,0.01,development,0.0,7.599200113909452e-09,0,0.0
49605,2025-08-28 20:00:00,56.47189006106304,21.18,87.18,0.0,0.01,development,0.0,5.028894880774457e-09,0,0.0
49606,2025-08-28 21:00:00,54.04617644582064,20.62,91.94,0.0,0.01,development,0.0,1.5278562977896973e-08,0,0.0
49607,2025-08-28 22:00:00,54.70563026003023,20.38,94.62,0.0,0.01,development,0.0,1.5780783644640262e-08,0,0.0
49608,2025-08-28 23:00:00,53.809508228029216,20.17,96.6,0.0,0.01,development,0.0,7.713337726977931e-09,0,0.0
49609,2025-08-29 00:00:00,54.17423190337441,20.08,97.4,0.0,0.02,development,0.0,2.3323437675558433e-09,0,0.0
49610,2025-08-29 01:00:00,55.2854114203577,20.14,96.97,0.0,0.02,development,0.0,6.322505827612607e-10,0,0.0
49611,2025-08-29 02:00:00,53.64788281395589,20.15,96.66,0.0,0.02,development,0.0,5.684272775963655e-10,0,0.0
49612,2025-08-29 03:00:00,54.39770811693885,20.04,96.83,0.0,0.02,development,0.0,1.5578948597560061e-10,0,0.0
49613,2025-08-29 04:00:00,55.88928025173555,19.9,97.28,0.0,0.02,development,0.0,1.1102964473658309e-11,0,0.0
49614,2025-08-29 05:00:00,55.25013548362258,19.84,97.28,0.0,0.02,development,0.0,5.996579298934653e-12,0,0.0
49615,2025-08-29 06:00:00,55.71077655764368,21.17,90.54,0.45,0.02,development,0.0,1.4993065131528965e-11,0,0.0
49616,2025-08-29 07:00:00,53.86821165061944,23.07,78.33,1.06,0.03,development,0.0,4.457104573806926e-09,0,0.0
49617,2025-08-29 08:00:00,54.56131066483464,25.3,65.06,1.71,0.04,development,0.0,1.9223138019303854e-07,0,0.0
49618,2025-08-29 09:00:00,55.44838467260431,27.07,56.43,2.29,0.05,development,0.0,9.443826022789973e-07,0,0.0
49619,2025-08-29 10:00:00,52.69963507668141,28.32,50.94,2.65,0.05,development,0.0,0.0018418895449141446,0,0.0
49620,2025-08-29 11:00:00,52.03978923025246,29.1,47.5,2.76,0.05,development,0.0,0.022617689289197097,0,0.0
49621,2025-08-29 12:00:00,52.04122540317946,29.11,46.48,2.7,0.03,development,0.0,0.03438210398929639,0,0.0
49622,2025-08-29 13:00:00,50.00705088363147,28.97,46.22,2.45,0.01,development,0.0,0.3599975992422236,0,0.0
49623,2025-08-29 14:00:00,50.54086659983197,28.29,47.4,1.96,0.01,development,0.0,0.04148626364869414,0,0.0
49624,2025-08-29 15:00:00,47.91161666077069,27.19,50.51,1.27,0.01,development,0.0,0.02206297341526068,0,0.0
49625,2025-08-29 16:00:00,46.96250089591098,25.69,56.41,0.57,0.0,development,0.0,0.0003875305016011537,0,0.0
49626,2025-08-29 17:00:00,48.92374280605665,23.74,65.81,0.03,0.0,development,0.0,1.649005221702101e-06,0,0.0
49627,2025-08-29 18:00:00,47.8883328222952,22.4,74.05,0.0,0.0,development,0.0,5.63666146072147e-07,0,0.0
49628,2025-08-29 19:00:00,48.21959409220998,21.76,78.76,0.0,0.0,development,0.0,1.950558060336639e-07,0,0.0
49629,2025-08-29 20:00:00,49.37349576408783,21.49,81.43,0.0,0.0,development,0.0,1.0752972556265845e-07,0,0.0
49630,2025-08-29 21:00:00,49.18407066636017,21.29,83.72,0.0,0.01,development,0.0,1.5282561475328474e-07,0,0.0
49631,2025-08-29 22:00:00,47.715344089243615,21.0,86.3,0.0,0.01,development,0.0,9.455783754028094e-08,0,0.0
49632,2025-08-29 23:00:00,49.1254746944586,20.72,88.67,0.0,0.01,development,0.0,2.4366341244752073e-08,0,0.0
49633,2025-08-30 00:00:00,48.49452246724597,20.6,89.85,0.0,0.02,development,0.0,1.2807321611466833e-08,0,0.0
49634,2025-08-30 01:00:00,49.09336597549358,20.39,91.36,0.0,0.02,development,0.0,6.329465444910952e-09,0,0.0
49635,2025-08-30 02:00:00,48.768563830217126,20.14,92.94,0.0,0.02,development,0.0,3.916041316087794e-09,0,0.0
49636,2025-08-30 03:00:00,47.6069220609544,19.91,94.33,0.0,0.02,development,0.0,3.2951243012414254e-09,0,0.0
49637,2025-08-30 04:00:00,48.26418969837753,19.73,95.26,0.0,0.02,development,0.0,1.3971618374064303e-09,0,0.0
49638,2025-08-30 05:00:00,46.93000706106144,19.64,95.7,0.01,0.02,development,0.0,2.465014519892139e-09,0,0.0
49639,2025-08-30 06:00:00,49.03283188977693,21.11,89.1,0.45,0.02,development,0.0,1.0368430241318711e-08,0,0.0
49640,2025-08-30 07:00:00,49.00034916475165,23.24,76.03,1.09,0.02,development,0.0,2.1160197097197315e-06,0,0.0
49641,2025-08-30 08:00:00,47.693526939095456,25.54,62.3,1.75,0.01,development,0.0,0.005559507801497427,0,0.0
49642,2025-08-30 09:00:00,47.557200320848814,27.41,53.07,1.99,0.01,development,4.641415429953057,0.45948748167074444,0,0.0
49643,2025-08-30 10:00:00,53.84711215681239,28.83,47.51,1.87,0.0,development,0.0,0.0001739043697323511,0,0.0
49644,2025-08-30 11:00:00,54.79732312846154,29.74,44.35,2.38,0.01,development,0.0,8.379880498343343e-05,0,0.0
49645,2025-08-30 12:00:00,51.89941173221451,30.13,43.18,2.54,0.01,development,0.0,0.06860661908936615,0,0.0
49646,2025-08-30 13:00:00,51.87018807283975,30.0,43.61,2.28,0.03,development,0.0,0.04270539295859245,0,0.0
49647,2025-08-30 14:00:00,50.37130050780328,29.35,45.68,1.78,0.04,development,0.0,0.0641881289554574,0,0.0
49648,2025-08-30 15:00:00,51.02797905109434,28.23,49.53,1.08,0.04,development,0.0,0.0011512382677401933,0,0.0
49649,2025-08-30 16:00:00,51.26991645814247,26.55,56.14,0.49,0.03,development,0.0,1.1266645397035355e-05,0,0.0
49650,2025-08-30 17:00:00,48.57670683565198,24.51,66.15,0.03,0.02,development,0.0,3.0732803704026003e-06,0,0.0
49651,2025-08-30 18:00:00,50.785708589118784,23.01,75.73,0.0,0.02,development,0.0,1.4793926554307424e-07,0,0.0
49652,2025-08-30 19:00:00,51.592733344828574,22.13,82.45,0.0,0.02,development,0.0,4.2195033127757995e-08,0,0.0
49653,2025-08-30 20:00:00,50.41566539747365,21.48,87.33,0.0,0.02,development,0.0,5.822996704216453e-08,0,0.0
49654,2025-08-30 21:00:00,49.81019130879484,20.96,90.95,0.0,0.03,development,0.0,6.380811813617716e-08,0,0.0
49655,2025-08-30 22:00:00,50.36953310517079,20.59,93.49,0.0,0.04,development,0.0,3.519449594271189e-08,0,0.0
49656,2025-08-30 23:00:00,50.05099950145972,20.41,94.89,0.0,0.07,development,0.0,1.3749384218816195e-08,0,0.0
49657,2025-08-31 00:00:00,52.17143323012161,20.32,95.74,0.0,0.09,development,0.0,4.617909920511452e-09,0,0.0
49658,2025-08-31 01:00:00,51.41799178895409,20.21,96.61,0.0,0.12,development,0.0,2.358467314799416e-09,0,0.0
49659,2025-08-31 02:00:00,51.65786264921425,20.3,96.56,0.0,0.15,development,0.0,1.22421759513332e-09,0,0.0
49660,2025-08-31 03:00:00,52.83652644793134,20.28,97.01,0.0,0.14,development,0.0,3.68773332506485e-10,0,0.0
49661,2025-08-31 04:00:00,52.33812884459639,20.31,97.13,0.0,0.12,development,0.0,1.7254867977191537e-10,0,0.0
49662,2025-08-31 05:00:00,51.31538039396192,20.4,97.04,0.01,0.12,development,0.0,1.6143943014398873e-10,0,0.0
49663,2025-08-31 06:00:00,51.55778102049301,21.39,94.61,0.34,0.1,development,0.0,6.910342395870062e-10,0,0.0
49664,2025-08-31 07:00:00,53.35758037003322,22.72,89.66,0.89,0.13,development,0.0,1.4334919557470451e-09,0,0.0
49665,2025-08-31 08:00:00,50.74603566534614,24.69,76.11,1.48,0.25,development,0.0,5.707458261227024e-06,0,0.0
49666,2025-08-31 09:00:00,50.80864021487528,26.9,62.25,1.91,0.19,development,0.0,0.001748364442809791,0,0.0
49667,2025-08-31 10:00:00,49.57771730218142,28.31,55.77,2.43,0.17,development,0.0,0.45494248613880944,0,0.0
49668,2025-08-31 11:00:00,48.211676720999066,29.27,51.78,2.42,0.11,development,4.293587615843734,0.9453183088386592,1,4.588954367751322
49669,2025-08-31 12:00:00,55.36637637481103,29.84,49.49,2.65,0.11,development,0.0,3.416664298887974e-05,0,0.0
49670,2025-08-31 13:00:00,54.64781044271445,29.62,49.56,2.07,0.1,development,0.0,0.00015861322252828968,0,0.0
49671,2025-08-31 14:00:00,54.12793791266667,29.04,50.95,1.7,0.05,development,0.0,0.00024215297285009,0,0.0
49672,2025-08-31 15:00:00,54.51380718281324,27.94,54.12,1.06,0.02,development,0.0,1.969786520877767e-05,0,0.0
49673,2025-08-31 16:00:00,53.594690632253865,26.44,59.27,0.48,0.02,development,0.0,2.384295160820919e-06,0,0.0
49674,2025-08-31 17:00:00,54.19526955829865,24.72,66.76,0.03,0.01,development,0.0,1.1063131944808562e-07,0,0.0
49675,2025-08-31 18:00:00,53.51973881516044,23.69,72.81,0.0,0.01,development,0.0,5.038325823155673e-08,0,0.0
49676,2025-08-31 19:00:00,53.56721223656287,23.14,76.93,0.0,0.02,development,0.0,3.275955610367685e-08,0,0.0
49677,2025-08-31 20:00:00,53.21588457990944,22.79,79.93,0.0,0.02,development,0.0,4.052077859129842e-08,0,0.0
49678,2025-08-31 21:00:00,55.04403750012253,22.42,83.05,0.0,0.03,development,0.0,2.60228889014113e-08,0,0.0
49679,2025-08-31 22:00:00,53.18525825719428,22.05,86.08,0.0,0.03,development,0.0,5.997665799642825e-08,0,0.0
49680,2025-08-31 23:00:00,54.30731401640836,21.69,88.99,0.0,0.04,development,0.0,1.9856024658926478e-08,0,0.0
49681,2025-09-01 00:00:00,52.690702419301154,21.43,91.18,0.0,0.05,development,0.0,9.048613834057527e-09,0,0.0
49682,2025-09-01 01:00:00,53.529199233173344,21.19,93.24,0.0,0.07,development,0.0,2.3111983235373047e-09,0,0.0
49683,2025-09-01 02:00:00,55.4175220753692,21.02,94.57,0.0,0.07,development,0.0,4.488824384549166e-10,0,0.0
49684,2025-09-01 03:00:00,54.47199844801864,20.89,95.44,0.0,0.09,development,0.0,2.5216391388816767e-10,0,0.0
49685,2025-09-01 04:00:00,52.941690734159245,20.78,96.03,0.0,0.11,development,0.0,1.5858513240028552e-10,0,0.0
49686,2025-09-01 05:00:00,53.36097930877767,20.68,96.46,0.01,0.1,development,0.0,4.5120737120340666e-11,0,0.0
49687,2025-09-01 06:00:00,55.61817419144039,21.57,93.66,0.39,0.12,development,0.0,1.518325323907095e-11,0,0.0
49688,2025-09-01 07:00:00,54.35359815082774,22.87,87.39,1.0,0.14,development,0.0,7.139482677115594e-10,0,0.0
49689,2025-09-01 08:00:00,53.87120397084597,24.92,73.48,1.65,0.2,development,0.0,1.8722896068495396e-07,0,0.0
49690,2025-09-01 09:00:00,53.20626955395597,27.07,61.4,2.2,0.29,development,0.0,4.96123062304685e-05,0,0.0
49691,2025-09-01 10:00:00,53.09833507801592,28.45,54.95,2.5,0.23,development,0.0,0.0006536384969432875,0,0.0
49692,2025-09-01 11:00:00,53.91791665152643,29.18,51.62,2.32,0.23,development,0.0,0.00039697825077436534,0,0.0
49693,2025-09-01 12:00:00,51.61874718926654,29.38,50.49,2.26,0.22,development,0.0,0.06720543443440274,0,0.0
49694,2025-09-01 13:00:00,51.119210478377774,29.02,51.19,2.01,0.22,development,0.0,0.0941909377408957,0,0.0
49695,2025-09-01 14:00:00,51.54070472448374,28.07,54.07,1.39,0.18,development,0.0,0.008069763658962326,0,0.0
49696,2025-09-01 15:00:00,49.79241383672623,26.85,58.52,0.76,0.15,development,0.0,0.0008974880745201898,0,0.0
49697,2025-09-01 16:00:00,49.59717636217514,25.26,66.04,0.33,0.13,development,0.0,1.8200315419609968e-05,0,0.0
49698,2025-09-01 17:00:00,50.20914017131229,23.49,76.09,0.02,0.07,development,0.0,5.956430489342259e-07,0,0.0
49699,2025-09-01 18:00:00,50.32919701196055,22.55,82.69,0.0,0.08,development,0.0,1.3402409574048206e-07,0,0.0
49700,2025-09-01 19:00:00,49.75672264207298,22.07,86.2,0.0,0.08,development,0.0,9.907990669877524e-08,0,0.0
49701,2025-09-01 20:00:00,50.88264807840177,21.8,88.28,0.0,0.08,development,0.0,5.849567954254096e-08,0,0.0
49702,2025-09-01 21:00:00,50.79165570691492,21.63,89.52,0.0,0.09,development,0.0,8.429480950036048e-08,0,0.0
49703,2025-09-01 22:00:00,49.162794846632096,21.47,90.52,0.0,0.1,development,0.0,8.179964241316298e-08,0,0.0
49704,2025-09-01 23:00:00,51.51600463110368,21.29,91.56,0.0,0.12,development,0.0,2.1967750262987943e-08,0,0.0
49705,2025-09-02 00:00:00,50.610946534346944,21.12,92.59,0.0,0.14,development,0.0,9.782041031550302e-09,0,0.0
49706,2025-09-02 01:00:00,51.88645231155456,20.93,93.75,0.0,0.14,development,0.0,3.469168214799388e-09,0,0.0
49707,2025-09-02 02:00:00,53.10535748975385,20.77,94.83,0.0,0.16,development,0.0,1.0114912940733018e-09,0,0.0
49708,2025-09-02 03:00:00,51.612936509959866,20.71,95.36,0.0,0.18,development,0.0,9.165203430324453e-10,0,0.0
49709,2025-09-02 04:00:00,51.38821702737735,20.67,95.87,0.0,0.19,development,0.0,3.8529344568196235e-10,0,0.0
49710,2025-09-02 05:00:00,53.294638661133845,20.65,96.08,0.02,0.23,development,0.0,4.8455599673252484e-11,0,0.0
49711,2025-09-02 06:00:00,51.907809573086766,21.28,94.29,0.38,0.31,development,0.0,5.542790023286314e-10,0,0.0
49712,2025-09-02 07:00:00,54.26351280023229,22.51,88.17,0.92,0.32,development,0.0,5.286526487755391e-10,0,0.0
49713,2025-09-02 08:00:00,52.16026543253325,24.37,74.13,1.52,0.18,development,0.0,1.0232483855751274e-06,0,0.0
49714,2025-09-02 09:00:00,51.82744102381941,26.34,60.81,2.06,0.34,development,0.0,0.00041935589101928846,0,0.0
49715,2025-09-02 10:00:00,53.81611899645437,27.58,54.15,2.31,0.29,development,0.0,0.00010484031938432123,0,0.0
49716,2025-09-02 11:00:00,51.68214696832813,28.03,50.91,2.47,0.26,development,0.0,0.02925331704297845,0,0.0
49717,2025-09-02 12:00:00,51.989908257185576,28.0,49.54,2.41,0.15,development,0.0,0.02720430849262836,0,0.0
49718,2025-09-02 13:00:00,49.91467751594515,27.85,48.76,2.4,0.08,development,4.12263655627757,0.30897683321978414,0,0.0
49719,2025-09-02 14:00:00,56.010751849651584,27.37,49.34,1.9,0.04,development,0.0,1.1268504595053796e-05,0,0.0
49720,2025-09-02 15:00:00,53.15885741930198,26.48,51.99,1.2,0.03,development,0.0,8.122260820818679e-05,0,0.0
49721,2025-09-02 16:00:00,55.914933737637575,25.06,57.92,0.52,0.04,development,0.0,3.0415553351795455e-07,0,0.0
49722,2025-09-02 17:00:00,55.23422839159281,23.18,68.17,0.03,0.04,development,0.0,2.9336101089068642e-08,0,0.0
49723,2025-09-02 18:00:00,54.911580809884406,21.88,77.38,0.0,0.06,development,0.0,1.1767303363213183e-08,0,0.0
49724,2025-09-02 19:00:00,55.61204772438862,21.13,83.64,0.0,0.11,development,0.0,5.184835762514209e-09,0,0.0
49725,2025-09-02 20:00:00,55.38165427186468,20.67,88.1,0.0,0.17,development,0.0,5.320091740769127e-09,0,0.0
49726,2025-09-02 21:00:00,54.896308213239536,20.35,91.27,0.0,0.24,development,0.0,9.49792141960575e-09,0,0.0
49727,2025-09-02 22:00:00,56.22863364281822,20.02,93.62,0.0,0.23,development,0.0,6.653627691183108e-09,0,0.0
49728,2025-09-02 23:00:00,56.12346628249616,19.85,94.76,0.0,0.27,development,0.0,3.624049493141074e-09,0,0.0
49729,2025-09-03 00:00:00,57.23136727474112,19.76,95.15,0.0,0.29,development,0.0,8.588554918717434e-10,0,0.0
49730,2025-09-03 01:00:00,56.72680032795444,19.72,95.25,0.0,0.25,development,0.0,3.3844561097536355e-10,0,0.0
49731,2025-09-03 02:00:00,56.80109304504036,19.63,95.32,0.0,0.18,development,0.0,1.0078183230328629e-10,0,0.0
49732,2025-09-03 03:00:00,56.89066424759345,19.4,95.76,0.0,0.12,development,0.0,1.873504683849433e-11,0,0.0
49733,2025-09-03 04:00:00,56.8313328611118,19.15,96.27,0.0,0.17,development,0.0,3.4548475212515403e-12,0,0.0
49734,2025-09-03 05:00:00,57.34547651322535,19.07,96.65,0.02,0.18,development,0.0,6.024212912230891e-13,0,0.0
49735,2025-09-03 06:00:00,58.3840436284986,20.43,94.69,0.39,0.22,development,0.0,4.780163738184949e-13,0,0.0
49736,2025-09-03 07:00:00,57.6271075654003,21.94,90.65,0.94,0.32,development,0.0,8.639082753531319e-12,0,0.0
49737,2025-09-03 08:00:00,57.24010670376671,23.88,77.39,1.63,0.29,development,0.0,8.373818356450962e-10,0,0.0
49738,2025-09-03 09:00:00,58.658679366670505,26.03,61.17,2.1,0.34,development,0.0,1.5396135297966948e-09,0,0.0
49739,2025-09-03 10:00:00,57.69588259274752,26.84,56.0,2.42,0.39,development,0.0,3.7404043285399545e-08,0,0.0
49740,2025-09-03 11:00:00,58.093370012559205,27.04,55.18,2.28,0.37,development,0.0,5.0066844992652056e-08,0,0.0
49741,2025-09-03 12:00:00,57.02241460006525,27.13,54.85,2.19,0.43,development,0.0,7.931886604457795e-07,0,0.0
49742,2025-09-03 13:00:00,56.48878782178912,26.68,56.78,1.47,0.43,development,0.0,2.388531938165623e-06,0,0.0
49743,2025-09-03 14:00:00,55.19336090057728,25.98,60.05,1.21,0.28,development,0.0,1.404126001489407e-05,0,0.0
49744,2025-09-03 15:00:00,55.355713473644045,25.03,64.38,0.76,0.2,development,0.0,1.7237971338066864e-06,0,0.0
49745,2025-09-03 16:00:00,55.390139633093696,23.71,71.11,0.32,0.19,development,0.0,1.606989960508691e-07,0,0.0
49746,2025-09-03 17:00:00,56.388838051619445,22.14,80.57,0.02,0.23,development,0.0,1.2763284996701198e-08,0,0.0
49747,2025-09-03 18:00:00,56.33939126045581,21.23,86.86,0.0,0.21,development,0.0,6.085004424172958e-09,0,0.0
49748,2025-09-03 19:00:00,55.79367875146606,20.78,90.31,0.0,0.15,development,0.0,4.243862140340224e-09,0,0.0
49749,2025-09-03 20:00:00,54.52698526756701,20.51,92.2,0.0,0.11,development,0.0,6.816614100389868e-09,0,0.0
49750,2025-09-03 21:00:00,57.27166912657195,20.18,94.11,0.0,0.12,development,0.0,3.7023588250238204e-09,0,0.0
49751,2025-09-03 22:00:00,57.77849059746622,19.97,95.05,0.0,0.14,development,0.0,3.409727672241452e-09,0,0.0
49752,2025-09-03 23:00:00,58.03582954859339,19.82,95.61,0.0,0.15,development,0.0,1.6710819216050865e-09,0,0.0
49753,2025-09-04 00:00:00,56.7422426339054,19.68,96.03,0.0,0.2,development,0.0,9.769547201927742e-10,0,0.0
49754,2025-09-04 01:00:00,58.610539065831965,19.55,96.26,0.0,0.22,development,0.0,1.0913631640816826e-10,0,0.0
49755,2025-09-04 02:00:00,58.41689323690475,19.39,96.41,0.0,0.14,development,0.0,3.0023981202215565e-11,0,0.0
49756,2025-09-04 03:00:00,58.53805698871136,19.23,96.44,0.0,0.1,development,0.0,4.410003614289567e-12,0,0.0
49757,2025-09-04 04:00:00,57.701573196265095,19.04,96.6,0.0,0.08,development,0.0,1.642972734605996e-12,0,0.0
49758,2025-09-04 05:00:00,58.14539096957216,19.01,96.47,0.01,0.05,development,0.0,2.6342836103467457e-13,0,0.0
49759,2025-09-04 06:00:00,59.77929628744772,20.2,94.22,0.3,0.05,development,0.0,9.400132698116697e-14,0,0.0
49760,2025-09-04 07:00:00,59.70240729197161,21.75,88.05,0.68,0.2,development,0.0,8.183321252046374e-13,0,0.0
49761,2025-09-04 08:00:00,58.15366518087952,23.82,72.75,1.21,0.18,development,0.0,1.9141862108025363e-10,0,0.0
49762,2025-09-04 09:00:00,58.12702522536114,25.74,59.69,1.66,0.27,development,0.0,4.1409297978719096e-09,0,0.0
49763,2025-09-04 10:00:00,55.961568845919466,26.72,54.82,1.77,0.34,development,0.0,9.614518080769905e-07,0,0.0
49764,2025-09-04 11:00:00,58.19605391803682,27.03,53.12,1.6,0.22,development,0.0,2.6491731517853716e-08,0,0.0
49765,2025-09-04 12:00:00,57.28041630533946,27.39,51.65,1.5,0.19,development,0.0,4.271831367033197e-07,0,0.0
49766,2025-09-04 13:00:00,56.43779351390164,27.59,50.57,1.27,0.19,development,0.0,2.4035337753020885e-06,0,0.0
49767,2025-09-04 14:00:00,55.17371724144336,27.13,51.74,1.04,0.14,development,0.0,1.077350502150919e-05,0,0.0
49768,2025-09-04 15:00:00,55.2276415929309,26.06,55.57,0.67,0.06,development,0.0,2.110967525152575e-06,0,0.0
49769,2025-09-04 16:00:00,55.97887409926189,24.65,61.37,0.28,0.02,development,0.0,1.2968495613090263e-07,0,0.0
49770,2025-09-04 17:00:00,54.904778618557245,23.08,69.17,0.02,0.01,development,0.0,3.256147981910068e-08,0,0.0
49771,2025-09-04 18:00:00,56.75805087186794,21.95,75.88,0.0,0.03,development,0.0,5.803157700831302e-09,0,0.0
49772,2025-09-04 19:00:00,55.31439798312257,21.04,81.22,0.0,0.01,development,0.0,5.243212188257273e-09,0,0.0
49773,2025-09-04 20:00:00,53.94269758375932,20.41,84.94,0.0,0.01,development,0.0,7.075755156531861e-09,0,0.0
49774,2025-09-04 21:00:00,54.34907538922577,19.88,88.33,0.0,0.0,development,0.0,7.929427431515009e-09,0,0.0
49775,2025-09-04 22:00:00,54.12236979861781,19.45,91.35,0.0,0.01,development,0.0,8.795540057519068e-09,0,0.0
49776,2025-09-04 23:00:00,55.38888039656527,19.07,94.06,0.0,0.01,development,0.0,2.826314966949548e-09,0,0.0
49777,2025-09-05 00:00:00,55.62555769913974,18.73,96.16,0.0,0.0,development,0.0,7.5105186858113e-10,0,0.0
49778,2025-09-05 01:00:00,56.07574667745651,18.46,97.59,0.0,0.0,development,0.0,2.0390467982519895e-10,0,0.0
49779,2025-09-05 02:00:00,54.44932036993232,18.26,98.49,0.0,0.01,development,0.0,1.5795780248130807e-10,0,0.0
49780,2025-09-05 03:00:00,55.10212361445703,18.11,98.95,0.0,0.01,development,0.0,2.8242487773651327e-11,0,0.0
49781,2025-09-05 04:00:00,55.76455131769251,17.97,99.62,0.0,0.01,development,0.0,3.688733903517221e-12,0,0.0
49782,2025-09-05 05:00:00,55.99258360349931,17.88,100.0,0.02,0.01,development,0.0,1.0031888020026808e-12,0,0.0
49783,2025-09-05 06:00:00,53.78079543623316,20.22,89.75,0.46,0.01,development,0.0,6.675414920384254e-11,0,0.0
49784,2025-09-05 07:00:00,55.046669894074654,23.03,72.91,1.2,0.01,development,0.0,2.3609475257827075e-09,0,0.0
49785,2025-09-05 08:00:00,53.16984113881142,25.52,57.57,2.04,0.01,development,0.0,4.753215692107536e-06,0,0.0
49786,2025-09-05 09:00:00,53.03479232884698,27.23,50.16,2.37,0.01,development,0.0,0.00014677489217376655,0,0.0
49787,2025-09-05 10:00:00,51.7357410639931,28.57,45.5,2.54,0.02,development,0.0,0.016948991290893545,0,0.0
49788,2025-09-05 11:00:00,51.44921266191929,29.51,42.67,2.72,0.01,development,0.0,0.10950232474956914,0,0.0
49789,2025-09-05 12:00:00,49.92109582580907,29.86,41.78,2.66,0.01,development,0.0,0.7228635325420985,1,4.2977607334423675
49790,2025-09-05 13:00:00,49.31259123008376,29.8,42.23,2.4,0.02,development,0.0,0.6094986754406754,1,4.233073133906889
49791,2025-09-05 14:00:00,48.79946074291704,29.24,43.74,1.97,0.02,development,4.022245188662343,0.31120664259185765,0,0.0
49792,2025-09-05 15:00:00,55.8612752899111,28.2,46.53,1.28,0.01,development,0.0,6.129871113066003e-06,0,0.0
49793,2025-09-05 16:00:00,55.219606566841726,26.67,51.67,0.57,0.01,development,0.0,7.792652882283386e-07,0,0.0
49794,2025-09-05 17:00:00,53.662639867675374,24.34,61.92,0.03,0.01,development,0.0,1.299674984063457e-07,0,0.0
49795,2025-09-05 18:00:00,57.183464758401264,22.84,70.39,0.0,0.01,development,0.0,5.910487748663664e-09,0,0.0
49796,2025-09-05 19:00:00,54.61203035607782,21.92,77.2,0.0,0.01,development,0.0,1.131424433306329e-08,0,0.0
49797,2025-09-05 20:00:00,53.95193951122896,21.21,83.5,0.0,0.01,development,0.0,1.1732799398326192e-08,0,0.0
49798,2025-09-05 21:00:00,55.4938933974823,20.63,88.98,0.0,0.01,development,0.0,8.618117194705433e-09,0,0.0
49799,2025-09-05 22:00:00,55.03668988422314,20.18,93.43,0.0,0.01,development,0.0,1.2215537393024736e-08,0,0.0
49800,2025-09-05 23:00:00,54.40273790679253,20.01,95.79,0.0,0.01,development,0.0,6.580482911779921e-09,0,0.0
49801,2025-09-06 00:00:00,55.40284218039813,20.04,96.57,0.0,0.03,development,0.0,1.7008341161930828e-09,0,0.0
49802,2025-09-06 01:00:00,54.58991897317927,19.97,97.47,0.0,0.03,development,0.0,7.25592455746773e-10,0,0.0
49803,2025-09-06 02:00:00,54.94129678767937,19.92,98.28,0.0,0.04,development,0.0,2.700244034757248e-10,0,0.0
49804,2025-09-06 03:00:00,56.40034956381187,19.84,99.04,0.0,0.04,development,0.0,3.6372200173707395e-11,0,0.0
49805,2025-09-06 04:00:00,55.37668627668506,19.75,99.74,0.0,0.04,development,0.0,1.470123510097993e-11,0,0.0
49806,2025-09-06 05:00:00,55.80664622778147,19.7,100.0,0.02,0.03,development,0.0,3.0741718632752927e-12,0,0.0
49807,2025-09-06 06:00:00,54.94764830853992,21.44,93.56,0.33,0.04,development,0.0,2.5513443508106446e-11,0,0.0
49808,2025-09-06 07:00:00,55.37756542934629,23.24,84.64,0.77,0.09,development,0.0,2.2528045524676037e-10,0,0.0
49809,2025-09-06 08:00:00,54.32034754027587,25.57,70.03,1.38,0.09,development,0.0,1.0781769739778548e-07,0,0.0
49810,2025-09-06 09:00:00,53.80110576432292,27.6,59.35,1.92,0.1,development,0.0,1.960905296201232e-05,0,0.0
49811,2025-09-06 10:00:00,53.50261456389785,29.0,52.86,2.25,0.1,development,0.0,0.0003523013534126009,0,0.0
49812,2025-09-06 11:00:00,52.53273540905152,29.85,49.43,2.2,0.07,development,0.0,0.00867708878368046,0,0.0
49813,2025-09-06 12:00:00,53.15776136416155,30.26,47.87,2.47,0.08,development,0.0,0.003923942102587055,0,0.0
49814,2025-09-06 13:00:00,52.03396769576218,30.23,47.54,1.95,0.06,development,0.0,0.02287000483767545,0,0.0
49815,2025-09-06 14:00:00,49.04116003244747,29.72,48.54,1.58,0.04,development,0.0,0.2091497040196594,0,0.0
49816,2025-09-06 15:00:00,51.67052010698337,28.62,51.52,0.97,0.02,development,0.0,0.0005203699761546481,0,0.0
49817,2025-09-06 16:00:00,50.38607443945825,27.05,57.11,0.43,0.01,development,0.0,2.4841726520184228e-05,0,0.0
49818,2025-09-06 17:00:00,50.566005875516176,25.02,66.24,0.03,0.0,development,0.0,1.1379893185929925e-06,0,0.0
49819,2025-09-06 18:00:00,49.51356606777525,23.57,74.38,0.0,0.0,development,0.0,4.434329325732379e-07,0,0.0
49820,2025-09-06 19:00:00,48.45508209892126,22.68,80.11,0.0,0.0,development,0.0,3.109463532490909e-07,0,0.0
49821,2025-09-06 20:00:00,48.59108249195378,21.98,84.91,0.0,0.0,development,0.0,2.0105179268508303e-07,0,0.0
49822,2025-09-06 21:00:00,51.01612080351772,21.36,89.05,0.0,0.0,development,0.0,6.527624556992196e-08,0,0.0
49823,2025-09-06 22:00:00,48.34849834780034,20.81,92.81,0.0,0.0,development,0.0,5.201025717639277e-08,0,0.0
49824,2025-09-06 23:00:00,48.50632265253032,20.34,95.95,0.0,0.01,development,0.0,1.4987730308227827e-08,0,0.0
49825,2025-09-07 00:00:00,49.34155882942526,20.03,98.15,0.0,0.02,development,0.0,5.01281856563158e-09,0,0.0
49826,2025-09-07 01:00:00,48.60500287783885,19.93,98.84,0.0,0.02,development,0.0,3.1640847350045274e-09,0,0.0
49827,2025-09-07 02:00:00,50.16433434034592,19.95,98.57,0.0,0.02,development,0.0,1.482550490983016e-09,0,0.0
49828,2025-09-07 03:00:00,50.26395952186326,19.97,98.31,0.0,0.03,development,0.0,8.861335785872297e-10,0,0.0
49829,2025-09-07 04:00:00,50.14377290845054,19.94,98.46,0.0,0.03,development,0.0,4.5243836603786563e-10,0,0.0
49830,2025-09-07 05:00:00,49.37149849607354,19.87,98.96,0.02,0.04,development,0.0,4.222022149257057e-10,0,0.0
49831,2025-09-07 06:00:00,50.18133082684765,21.43,92.25,0.42,0.07,development,0.0,3.4495742279036685e-09,0,0.0
49832,2025-09-07 07:00:00,51.25640639909824,23.17,82.37,0.95,0.08,development,0.0,6.553289053864027e-08,0,0.0
49833,2025-09-07 08:00:00,48.34335218061806,25.42,67.91,1.53,0.07,development,0.0,0.0007542416838645302,0,0.0
49834,2025-09-07 09:00:00,49.85573067096184,27.24,59.0,2.12,0.06,development,0.0,0.020233559886603147,0,0.0
49835,2025-09-07 10:00:00,48.94504781607528,28.54,53.77,2.3,0.06,development,4.680207953699462,0.7837289756994524,1,4.32515633808191
49836,2025-09-07 11:00:00,55.265855560291335,29.4,50.27,2.18,0.06,development,0.0,2.2259715576295458e-05,0,0.0
49837,2025-09-07 12:00:00,54.68015899560673,29.63,48.8,2.04,0.04,development,0.0,0.00012710937372482055,0,0.0
49838,2025-09-07 13:00:00,54.05850148634902,29.23,49.55,1.82,0.04,development,0.0,0.0003706921037864255,0,0.0
49839,2025-09-07 14:00:00,52.29067900374366,28.41,51.64,1.3,0.03,development,0.0,0.0026431969947198234,0,0.0
49840,2025-09-07 15:00:00,51.20040649486493,27.22,55.18,0.82,0.03,development,0.0,0.0003313843469364757,0,0.0
49841,2025-09-07 16:00:00,52.84245015744379,25.56,61.61,0.33,0.03,development,0.0,2.177622651236397e-06,0,0.0
49842,2025-09-07 17:00:00,50.9255318597404,23.58,71.74,0.02,0.02,development,0.0,4.363512018746299e-07,0,0.0
49843,2025-09-07 18:00:00,51.05944144012638,22.32,80.13,0.0,0.01,development,0.0,8.154348276524479e-08,0,0.0
49844,2025-09-07 19:00:00,51.53400265148926,21.68,85.09,0.0,0.01,development,0.0,3.154998750967285e-08,0,0.0
49845,2025-09-07 20:00:00,52.18655503285076,21.31,88.09,0.0,0.01,development,0.0,2.546310789568882e-08,0,0.0
49846,2025-09-07 21:00:00,51.57197569763339,21.0,90.45,0.0,0.01,development,0.0,4.3442546136545035e-08,0,0.0
49847,2025-09-07 22:00:00,51.40477795790344,20.75,91.97,0.0,0.01,development,0.0,3.930472276850112e-08,0,0.0
49848,2025-09-07 23:00:00,52.77116960496423,20.65,92.22,0.0,0.02,development,0.0,1.2649023275838128e-08,0,0.0
49849,2025-09-08 00:00:00,51.76739239685145,20.48,92.88,0.0,0.02,development,0.0,5.769776659789993e-09,0,0.0
49850,2025-09-08 01:00:00,51.42015802428234,20.29,93.58,0.0,0.02,development,0.0,2.6956368813468227e-09,0,0.0
49851,2025-09-08 02:00:00,52.412160450751095,20.07,94.36,0.0,0.03,development,0.0,9.5158645357506e-10,0,0.0
49852,2025-09-08 03:00:00,52.19332920342653,19.94,94.91,0.0,0.04,development,0.0,4.895366747734547e-10,0,0.0
49853,2025-09-08 04:00:00,52.23193608953231,19.81,95.57,0.0,0.05,development,0.0,1.5224785435267322e-10,0,0.0
49854,2025-09-08 05:00:00,52.62620808862256,19.71,96.22,0.02,0.05,development,0.0,4.636606351993263e-11,0,0.0
49855,2025-09-08 06:00:00,52.22400261718381,20.81,91.96,0.34,0.05,development,0.0,3.001813559544767e-10,0,0.0
49856,2025-09-08 07:00:00,52.856827532565326,22.41,82.82,0.76,0.06,development,0.0,3.730835456160674e-09,0,0.0
49857,2025-09-08 08:00:00,50.66055952168824,24.76,67.34,1.36,0.05,development,0.0,1.5306824126369905e-05,0,0.0
49858,2025-09-08 09:00:00,52.26116389522158,26.62,57.57,1.99,0.07,development,0.0,0.000248393106120627,0,0.0
49859,2025-09-08 10:00:00,49.85000074158754,27.95,52.0,2.22,0.06,development,0.0,0.31577622097622543,0,0.0
49860,2025-09-08 11:00:00,48.45819329229862,28.87,47.61,2.33,0.03,development,4.201467631578318,0.9382795615176078,1,4.525810295026494
49861,2025-09-08 12:00:00,55.27124965318386,29.2,44.94,2.37,0.01,development,0.0,4.722868558083389e-05,0,0.0
49862,2025-09-08 13:00:00,54.77173429656624,29.03,44.31,1.96,0.0,development,0.0,0.00011558305148986314,0,0.0
49863,2025-09-08 14:00:00,53.700785780708216,28.17,45.97,1.85,0.0,development,0.0,0.0005132459226542664,0,0.0
49864,2025-09-08 15:00:00,52.89399938949952,26.85,49.48,1.19,0.0,development,0.0,0.00012099150244071706,0,0.0
49865,2025-09-08 16:00:00,54.034313171441376,25.14,54.81,0.55,0.0,development,0.0,1.1031780869974694e-06,0,0.0
49866,2025-09-08 17:00:00,52.30144324359921,23.34,61.98,0.04,0.0,development,0.0,1.795145086229543e-07,0,0.0
49867,2025-09-08 18:00:00,51.19171782724164,22.45,67.57,0.0,0.0,development,0.0,9.879372750347067e-08,0,0.0
49868,2025-09-08 19:00:00,52.71759664164871,21.98,71.69,0.0,0.0,development,0.0,2.8943568870008612e-08,0,0.0
49869,2025-09-08 20:00:00,54.646761999551295,21.54,75.59,0.0,0.01,development,0.0,1.119925896455193e-08,0,0.0
49870,2025-09-08 21:00:00,52.1717197287674,21.11,79.41,0.0,0.01,development,0.0,3.786358305627172e-08,0,0.0
49871,2025-09-08 22:00:00,52.31573008963126,20.7,82.66,0.0,0.01,development,0.0,2.8971104872133354e-08,0,0.0
49872,2025-09-08 23:00:00,52.72500807333074,20.28,85.37,0.0,0.01,development,0.0,1.0816936781946796e-08,0,0.0
49873,2025-09-09 00:00:00,54.28332259433796,19.92,87.64,0.0,0.0,development,0.0,2.7254111364754638e-09,0,0.0
49874,2025-09-09 01:00:00,52.76033018409648,19.67,89.29,0.0,0.0,development,0.0,1.4990394018043566e-09,0,0.0
49875,2025-09-09 02:00:00,52.241785006063694,19.39,90.97,0.0,0.01,development,0.0,8.605680298154728e-10,0,0.0
49876,2025-09-09 03:00:00,53.36340979469696,19.04,92.89,0.0,0.01,development,0.0,1.8248188629499157e-10,0,0.0
49877,2025-09-09 04:00:00,53.31636964104837,18.66,94.85,0.0,0.01,development,0.0,3.699392142441662e-11,0,0.0
49878,2025-09-09 05:00:00,53.487270343063706,18.46,96.02,0.03,0.01,development,0.0,1.1663806132030388e-11,0,0.0
49879,2025-09-09 06:00:00,52.26059611085877,20.66,85.38,0.54,0.01,development,0.0,6.362516189699529e-10,0,0.0
49880,2025-09-09 07:00:00,52.45430430235161,23.24,69.77,1.27,0.02,development,0.0,1.1249283887613112e-07,0,0.0
49881,2025-09-09 08:00:00,53.375454779064334,25.44,57.66,2.01,0.01,development,0.0,3.028621413090338e-06,0,0.0
49882,2025-09-09 09:00:00,52.21246760441487,27.22,50.86,2.35,0.03,development,0.0,0.0007207542414129659,0,0.0
49883,2025-09-09 10:00:00,51.80157764316218,28.9,45.29,2.56,0.03,development,0.0,0.017643600305159705,0,0.0
49884,2025-09-09 11:00:00,50.27963299542432,30.11,41.39,2.39,0.02,development,0.0,0.5977183542190673,1,4.409876921617909
49885,2025-09-09 12:00:00,50.30607673649404,30.84,39.04,2.46,0.02,development,4.516412017935767,0.6298709448766621,1,4.259314611959926
49886,2025-09-09 13:00:00,56.37862752713702,31.07,38.15,1.69,0.01,development,0.0,4.773845725152231e-06,0,0.0
49887,2025-09-09 14:00:00,54.95716093960136,30.69,39.0,1.76,0.0,development,0.0,8.735839141932039e-05,0,0.0
49888,2025-09-09 15:00:00,55.34519955124848,29.72,41.64,1.11,0.0,development,0.0,9.309768751684923e-06,0,0.0
49889,2025-09-09 16:00:00,53.60530736720151,28.06,47.06,0.49,0.0,development,0.0,2.5783090770783283e-06,0,0.0
49890,2025-09-09 17:00:00,55.310637839279096,25.52,57.49,0.03,0.0,development,0.0,6.238417029951596e-08,0,0.0
49891,2025-09-09 18:00:00,54.882298462403405,23.82,66.48,0.0,0.0,development,0.0,2.778392784366309e-08,0,0.0
49892,2025-09-09 19:00:00,53.84163219553665,22.65,74.06,0.0,0.0,development,0.0,2.348816334548376e-08,0,0.0
49893,2025-09-09 20:00:00,53.92782048432646,21.77,80.44,0.0,0.0,development,0.0,1.6496606608370293e-08,0,0.0
49894,2025-09-09 21:00:00,54.18168751249094,21.07,85.77,0.0,0.0,development,0.0,1.6393877097461383e-08,0,0.0
49895,2025-09-09 22:00:00,53.937507683107015,20.5,90.4,0.0,0.0,development,0.0,2.1100651553814287e-08,0,0.0
49896,2025-09-09 23:00:00,55.1309969807344,19.98,94.79,0.0,0.0,development,0.0,5.6619276446425925e-09,0,0.0
49897,2025-09-10 00:00:00,53.64478617848624,19.51,98.57,0.0,0.0,development,0.0,1.847050095616369e-09,0,0.0
49898,2025-09-10 01:00:00,52.88626655536143,19.27,100.0,0.0,0.01,development,0.0,8.428871254873794e-10,0,0.0
49899,2025-09-10 02:00:00,53.89387651510827,19.12,100.0,0.0,0.01,development,0.0,2.719504275105848e-10,0,0.0
49900,2025-09-10 03:00:00,54.71533082349265,18.99,100.0,0.0,0.01,development,0.0,6.249122492338941e-11,0,0.0
49901,2025-09-10 04:00:00,54.93753445860804,18.89,100.0,0.0,0.01,development,0.0,1.2244310291651931e-11,0,0.0
49902,2025-09-10 05:00:00,54.229347052587386,18.87,100.0,0.03,0.01,development,0.0,8.326156922815246e-12,0,0.0
49903,2025-09-10 06:00:00,53.64372272390536,21.08,92.07,0.54,0.01,development,0.0,1.3132980678904819e-10,0,0.0
49904,2025-09-10 07:00:00,53.870880974991465,23.66,76.57,1.21,0.0,development,0.0,9.763566127664633e-09,0,0.0
49905,2025-09-10 08:00:00,52.90939838965808,26.42,61.05,1.89,0.0,development,0.0,7.005600524429795e-06,0,0.0
49906,2025-09-10 09:00:00,50.92091758285268,28.9,49.82,2.49,0.0,development,0.0,0.018443764310687834,0,0.0
49907,2025-09-10 10:00:00,51.26488915948643,30.89,42.2,2.95,0.0,development,0.0,0.11221956339968794,0,0.0
49908,2025-09-10 11:00:00,51.4418051394574,32.41,36.48,2.99,0.0,development,0.0,0.23790952565583587,0,0.0
49909,2025-09-10 12:00:00,49.87171472452155,33.37,32.89,2.7,0.0,development,4.349940965692884,0.8466212736102895,1,4.461695414644918
49910,2025-09-10 13:00:00,56.17826806618249,33.7,31.43,2.64,0.0,development,0.0,2.461000933528499e-05,0,0.0
49911,2025-09-10 14:00:00,56.49196689819072,33.4,31.91,2.18,0.0,development,0.0,1.0261770960820296e-05,0,0.0
49912,2025-09-10 15:00:00,54.16692780484796,32.44,34.29,1.4,0.0,development,0.0,0.00017191134972011071,0,0.0
49913,2025-09-10 16:00:00,53.77251633975513,30.66,39.71,0.61,0.0,development,0.0,6.596144740045187e-06,0,0.0
49914,2025-09-10 17:00:00,54.48559071918552,27.4,52.62,0.03,0.0,development,0.0,1.4350930260303984e-07,0,0.0
49915,2025-09-10 18:00:00,53.65136392354098,25.61,61.85,0.0,0.0,development,0.0,1.1655366160101957e-07,0,0.0
49916,2025-09-10 19:00:00,53.64737503786543,24.31,70.8,0.0,0.0,development,0.0,6.442648092243076e-08,0,0.0
49917,2025-09-10 20:00:00,55.46022762861471,23.21,79.23,0.0,0.0,development,0.0,2.2957756842596064e-08,0,0.0
49918,2025-09-10 21:00:00,53.363205234757416,22.37,86.06,0.0,0.0,development,0.0,4.946307832098203e-08,0,0.0
49919,2025-09-10 22:00:00,53.634839682684486,21.66,91.72,0.0,0.0,development,0.0,5.112487487415171e-08,0,0.0
49920,2025-09-10 23:00:00,54.571952343629874,21.07,96.07,0.0,0.0,development,0.0,1.1828044307889916e-08,0,0.0
49921,2025-09-11 00:00:00,54.18171587584503,20.67,98.74,0.0,0.0,mid,0.0,1.5246486825919763e-08,0,0.0
49922,2025-09-11 01:00:00,53.1220668931168,20.45,100.0,0.0,0.0,mid,0.0,7.55687989900546e-09,0,0.0
49923,2025-09-11 02:00:00,55.64805268072927,20.39,100.0,0.0,0.0,mid,0.0,4.688380341755744e-10,0,0.0
49924,2025-09-11 03:00:00,53.58542512465205,20.44,99.8,0.0,0.0,mid,0.0,5.603090863751957e-10,0,0.0
49925,2025-09-11 04:00:00,54.02441575419021,20.41,99.55,0.0,0.0,mid,0.0,1.2633070671970793e-10,0,0.0
49926,2025-09-11 05:00:00,54.57029744416383,20.36,99.65,0.03,0.0,mid,0.0,3.084591788589553e-11,0,0.0
49927,2025-09-11 06:00:00,55.95072973925716,22.36,87.35,0.48,0.0,mid,0.0,4.858840123418997e-11,0,0.0
49928,2025-09-11 07:00:00,53.64476366360051,24.7,71.53,1.09,0.0,mid,0.0,1.992649073903257e-08,0,0.0
49929,2025-09-11 08:00:00,52.757381747050005,26.86,60.05,1.83,0.0,mid,0.0,1.0982176440504302e-06,0,0.0
49930,2025-09-11 09:00:00,53.26276644247201,28.6,52.05,2.35,0.04,mid,0.0,4.888811864118238e-06,0,0.0
49931,2025-09-11 10:00:00,53.74183184169164,29.92,46.82,2.69,0.03,mid,0.0,1.1394249172929378e-05,0,0.0
49932,2025-09-11 11:00:00,51.26598116491197,30.89,43.04,2.79,0.01,mid,0.0,0.0075539847308263896,0,0.0
49933,2025-09-11 12:00:00,49.969548989770594,31.25,41.32,2.85,0.0,mid,0.0,0.11786547153814417,0,0.0
49934,2025-09-11 13:00:00,49.59685998461487,30.99,41.7,2.35,0.01,mid,0.0,0.12871537527704105,0,0.0
49935,2025-09-11 14:00:00,46.79275310449164,30.21,43.39,1.93,0.0,mid,0.0,0.34980984166842116,0,0.0
49936,2025-09-11 15:00:00,47.28271376555716,28.89,46.94,1.24,0.0,mid,0.0,0.014948194142542469,0,0.0
49937,2025-09-11 16:00:00,45.83483600912869,27.08,52.85,0.56,0.0,mid,0.0,0.0007288175349572817,0,0.0
49938,2025-09-11 17:00:00,46.75879582655312,24.95,61.39,0.03,0.0,mid,0.0,7.342262568533758e-06,0,0.0
49939,2025-09-11 18:00:00,46.63641307669746,23.55,68.93,0.0,0.0,mid,0.0,2.6572750379740476e-06,0,0.0
49940,2025-09-11 19:00:00,44.93677657449012,22.46,75.82,0.0,0.0,mid,0.0,3.5085223565280765e-06,0,0.0
49941,2025-09-11 20:00:00,47.19019974968245,21.59,81.76,0.0,0.0,mid,0.0,9.27180746297908e-07,0,0.0
49942,2025-09-11 21:00:00,47.54128636235797,20.86,86.87,0.0,0.0,mid,0.0,3.6357603072815725e-07,0,0.0
49943,2025-09-11 22:00:00,46.8920744635343,20.26,91.14,0.0,0.0,mid,0.0,9.951520034778046e-08,0,0.0
49944,2025-09-11 23:00:00,45.82407996539261,19.76,94.71,0.0,0.0,mid,0.0,4.2046950754855205e-08,0,0.0
49945,2025-09-12 00:00:00,48.07148658958972,19.44,96.61,0.0,0.01,mid,0.0,1.7466739958554294e-08,0,0.0
49946,2025-09-12 01:00:00,48.58952699447944,19.19,97.64,0.0,0.01,mid,0.0,8.619680520578265e-09,0,0.0
49947,2025-09-12 02:00:00,47.40445345936328,18.96,98.37,0.0,0.01,mid,0.0,6.81161687213399e-09,0,0.0
49948,2025-09-12 03:00:00,46.81348383438651,18.73,99.19,0.0,0.01,mid,0.0,7.4475038996382935e-09,0,0.0
49949,2025-09-12 04:00:00,46.83642769487199,18.51,100.0,0.0,0.01,mid,0.0,4.502214584618037e-09,0,0.0
49950,2025-09-12 05:00:00,47.46847228144641,18.39,100.0,0.03,0.01,mid,0.0,2.2207813480393816e-09,0,0.0
49951,2025-09-12 06:00:00,47.20630157180651,20.79,88.65,0.61,0.01,mid,0.0,1.5905037779742448e-07,0,0.0
49952,2025-09-12 07:00:00,47.264276757244936,23.53,73.05,1.4,0.02,mid,0.0,5.8195595731412505e-05,0,0.0
49953,2025-09-12 08:00:00,46.830503694705335,25.92,60.6,2.14,0.02,mid,0.0,0.019984294332668646,0,0.0
49954,2025-09-12 09:00:00,45.21488937130162,27.9,52.51,2.61,0.0,mid,4.711143274019921,0.8748803075225652,1,4.821252065073357
49955,2025-09-12 10:00:00,52.18445641952677,29.38,47.2,2.9,0.0,mid,0.0,0.00019014109080784565,0,0.0
49956,2025-09-12 11:00:00,51.70987764697556,30.41,43.86,3.03,0.0,mid,0.0,0.001594489464245241,0,0.0
49957,2025-09-12 12:00:00,51.36759682164184,30.86,42.06,2.77,0.0,mid,0.0,0.006940382615589995,0,0.0
49958,2025-09-12 13:00:00,48.83749070337356,30.66,42.28,2.34,0.0,mid,0.0,0.2973970516237052,0,0.0
49959,2025-09-12 14:00:00,49.08749445416109,29.97,44.04,1.79,0.0,mid,0.0,0.03570793308835107,0,0.0
49960,2025-09-12 15:00:00,48.57651872983558,28.74,47.47,1.11,0.0,mid,0.0,0.0026646327933523345,0,0.0
49961,2025-09-12 16:00:00,47.74559032436963,27.08,52.76,0.48,0.0,mid,0.0,0.00010227368267405105,0,0.0
49962,2025-09-12 17:00:00,49.01373249167591,25.02,61.38,0.03,0.0,mid,0.0,1.7177527367372608e-06,0,0.0
49963,2025-09-12 18:00:00,48.87718283258123,23.47,69.93,0.0,0.0,mid,0.0,7.408149903862007e-07,0,0.0
49964,2025-09-12 19:00:00,48.22400497147489,22.52,76.63,0.0,0.0,mid,0.0,6.947999447313116e-07,0,0.0
49965,2025-09-12 20:00:00,49.30787924931121,21.78,82.47,0.0,0.0,mid,0.0,4.600356763016466e-07,0,0.0
49966,2025-09-12 21:00:00,48.59423690553711,21.2,87.05,0.0,0.0,mid,0.0,4.162269506549531e-07,0,0.0
49967,2025-09-12 22:00:00,47.99884731916848,20.82,90.46,0.0,0.0,mid,0.0,1.4538109564471936e-07,0,0.0
49968,2025-09-12 23:00:00,47.52251218148982,20.68,92.24,0.0,0.01,mid,0.0,7.162881033563151e-08,0,0.0
49969,2025-09-13 00:00:00,47.60035742704893,20.51,93.6,0.0,0.01,mid,0.0,3.609207979006037e-08,0,0.0
49970,2025-09-13 01:00:00,48.233468145120526,20.26,95.07,0.0,0.01,mid,0.0,1.949499663171887e-08,0,0.0
49971,2025-09-13 02:00:00,47.644123284512254,20.04,96.35,0.0,0.01,mid,0.0,1.3896651703085021e-08,0,0.0
49972,2025-09-13 03:00:00,46.7404993855256,19.83,97.39,0.0,0.01,mid,0.0,1.6380574468785795e-08,0,0.0
49973,2025-09-13 04:00:00,47.66200791546868,19.65,98.23,0.0,0.01,mid,0.0,5.825547462482375e-09,0,0.0
49974,2025-09-13 05:00:00,48.8011402136984,19.54,98.74,0.04,0.01,mid,0.0,2.199680021346183e-09,0,0.0
49975,2025-09-13 06:00:00,45.93230101951021,21.49,87.79,0.59,0.01,mid,0.0,9.516696759682738e-07,0,0.0
49976,2025-09-13 07:00:00,48.87835995843239,23.78,72.73,1.35,0.01,mid,0.0,8.878933484763104e-06,0,0.0
49977,2025-09-13 08:00:00,47.73579699515847,26.01,58.99,2.09,0.0,mid,0.0,0.004979565691800304,0,0.0
49978,2025-09-13 09:00:00,46.42358963455658,27.86,50.69,2.63,0.01,mid,4.27386472827655,0.5277263241091734,0,0.0
49979,2025-09-13 10:00:00,53.146567171896415,29.26,45.59,2.82,0.01,mid,0.0,2.7787994939440243e-05,0,0.0
49980,2025-09-13 11:00:00,52.7592613916232,30.25,41.92,2.68,0.0,mid,0.0,0.00034542309203666315,0,0.0
49981,2025-09-13 12:00:00,51.05836215135729,30.61,40.7,2.79,0.0,mid,0.0,0.012260500594246574,0,0.0
49982,2025-09-13 13:00:00,50.86449498229776,30.43,40.94,2.46,0.0,mid,0.0,0.014941598336184178,0,0.0
49983,2025-09-13 14:00:00,49.95594747599692,29.75,42.35,2.06,0.0,mid,0.0,0.012694008228507792,0,0.0
49984,2025-09-13 15:00:00,48.73748940313788,28.51,45.89,1.35,0.0,mid,0.0,0.002903661409247305,0,0.0
49985,2025-09-13 16:00:00,47.22942402305601,26.77,51.95,0.61,0.0,mid,0.0,0.00020964164138291962,0,0.0
49986,2025-09-13 17:00:00,47.79165001927609,24.88,59.96,0.04,0.0,mid,0.0,3.42558000234615e-06,0,0.0
49987,2025-09-13 18:00:00,46.23679457561984,23.52,67.06,0.0,0.0,mid,0.0,3.17516236745682e-06,0,0.0
49988,2025-09-13 19:00:00,48.22641868319127,22.72,71.93,0.0,0.0,mid,0.0,7.794695237829135e-07,0,0.0
49989,2025-09-13 20:00:00,47.534096381806044,22.03,76.31,0.0,0.0,mid,0.0,1.1602938342858084e-06,0,0.0
49990,2025-09-13 21:00:00,47.3776317502708,21.24,80.99,0.0,0.0,mid,0.0,5.962115090198528e-07,0,0.0
49991,2025-09-13 22:00:00,48.39426089338064,20.51,85.36,0.0,0.0,mid,0.0,1.4193649609217164e-07,0,0.0
49992,2025-09-13 23:00:00,46.853518915141954,19.97,88.68,0.0,0.0,mid,0.0,5.383943824882918e-08,0,0.0
49993,2025-09-14 00:00:00,47.95954664843918,19.57,91.35,0.0,0.0,mid,0.0,1.9174100193799443e-08,0,0.0
49994,2025-09-14 01:00:00,47.5980118316849,19.26,93.64,0.0,0.0,mid,0.0,1.1414835226689712e-08,0,0.0
49995,2025-09-14 02:00:00,47.72552460934525,19.01,95.38,0.0,0.0,mid,0.0,6.96061274910266e-09,0,0.0
49996,2025-09-14 03:00:00,48.09728414749964,18.74,97.15,0.0,0.0,mid,0.0,5.207516774337283e-09,0,0.0
49997,2025-09-14 04:00:00,49.34110445023548,18.56,98.22,0.0,0.01,mid,0.0,1.0342097706241767e-09,0,0.0
49998,2025-09-14 05:00:00,48.213648648086,18.67,97.36,0.04,0.01,mid,0.0,1.8328298087190483e-09,0,0.0
49999,2025-09-14 06:00:00,48.99397228884072,21.39,82.5,0.66,0.01,mid,0.0,5.293652858574565e-08,0,0.0
50000,2025-09-14 07:00:00,48.78461207205621,24.3,65.45,1.48,0.01,mid,0.0,2.6332431614126948e-05,0,0.0
50001,2025-09-14 08:00:00,47.81037534599261,26.35,54.68,2.21,0.01,mid,0.0,0.007506494552335839,0,0.0
50002,2025-09-14 09:00:00,45.06955784095,28.1,47.94,2.66,0.03,mid,4.3480078989733,0.90047771880863,1,4.714696145707911
50003,2025-09-14 10:00:00,52.807685891329626,29.44,43.92,2.98,0.04,mid,0.0,5.645282673703933e-05,0,0.0
50004,2025-09-14 11:00:00,51.23783003843148,30.45,41.13,3.12,0.04,mid,0.0,0.003698997404963569,0,0.0
50005,2025-09-14 12:00:00,53.47906135810089,30.79,40.12,2.92,0.04,mid,0.0,8.911378727023628e-05,0,0.0
50006,2025-09-14 13:00:00,49.49604226430143,30.53,40.94,2.69,0.04,mid,0.0,0.11729970087398364,0,0.0
50007,2025-09-14 14:00:00,48.30932077375054,29.7,43.41,2.11,0.04,mid,0.0,0.08348621901516375,0,0.0
50008,2025-09-14 15:00:00,46.64086962767287,28.48,47.28,1.32,0.03,mid,0.0,0.02896422425323037,0,0.0
50009,2025-09-14 16:00:00,47.57955529359647,26.79,54.32,0.54,0.03,mid,0.0,0.0001293548657430626,0,0.0
50010,2025-09-14 17:00:00,48.292720748586966,24.63,65.46,0.03,0.03,mid,0.0,2.675301001083685e-06,0,0.0
50011,2025-09-14 18:00:00,49.10174152685138,23.14,75.72,0.0,0.03,mid,0.0,6.302420020436974e-07,0,0.0
50012,2025-09-14 19:00:00,47.413304918379566,22.31,82.98,0.0,0.03,mid,0.0,8.063237101123552e-07,0,0.0
50013,2025-09-14 20:00:00,49.24412337278122,21.84,87.25,0.0,0.03,mid,0.0,4.928838905725223e-07,0,0.0
50014,2025-09-14 21:00:00,48.29349002970645,21.59,89.6,0.0,0.03,mid,0.0,5.243811003690506e-07,0,0.0
50015,2025-09-14 22:00:00,48.01861118994535,21.39,91.32,0.0,0.05,mid,0.0,2.0820845279764712e-07,0,0.0
50016,2025-09-14 23:00:00,48.62021377528093,21.13,93.32,0.0,0.06,mid,0.0,8.936931064115322e-08,0,0.0
50017,2025-09-15 00:00:00,49.6910004952891,20.93,94.55,0.0,0.06,mid,0.0,4.240927065227266e-08,0,0.0
50018,2025-09-15 01:00:00,48.67282945698144,20.77,95.37,0.0,0.06,mid,0.0,2.533931050828255e-08,0,0.0
50019,2025-09-15 02:00:00,47.80783359278843,20.64,95.84,0.0,0.05,mid,0.0,2.037029011450307e-08,0,0.0
50020,2025-09-15 03:00:00,49.1087561585762,20.55,96.03,0.0,0.06,mid,0.0,1.0219615024537659e-08,0,0.0
50021,2025-09-15 04:00:00,49.183456190016656,20.42,96.42,0.0,0.07,mid,0.0,3.908418306395453e-09,0,0.0
50022,2025-09-15 05:00:00,48.77972219297094,20.37,96.63,0.03,0.06,mid,0.0,3.60922126531301e-09,0,0.0
50023,2025-09-15 06:00:00,49.82417847040095,21.6,92.65,0.39,0.06,mid,0.0,9.604891413123446e-09,0,0.0
50024,2025-09-15 07:00:00,47.01495254856573,23.32,83.22,0.8,0.06,mid,0.0,7.418800297835629e-06,0,0.0
50025,2025-09-15 08:00:00,48.726639108262376,25.95,65.84,1.38,0.04,mid,0.0,0.00022301244430542323,0,0.0
50026,2025-09-15 09:00:00,48.599585366883055,27.88,56.45,2.06,0.14,mid,0.0,0.014481481711977016,0,0.0
50027,2025-09-15 10:00:00,46.09947130775878,29.29,50.28,2.43,0.06,mid,4.283779577410122,0.9407042037467144,1,4.685465617757751
50028,2025-09-15 11:00:00,52.38200007897176,30.08,46.89,2.44,0.04,mid,0.0,0.0006085258317485236,0,0.0
50029,2025-09-15 12:00:00,53.5065355108509,30.4,45.59,2.29,0.04,mid,0.0,7.904342727358566e-05,0,0.0
50030,2025-09-15 13:00:00,52.81804740590959,30.14,46.24,1.54,0.04,mid,0.0,0.00024794097498177873,0,0.0
50031,2025-09-15 14:00:00,52.26521798366238,29.27,49.06,1.26,0.07,mid,0.0,0.0002653226835119274,0,0.0
50032,2025-09-15 15:00:00,50.091636459695366,27.84,54.07,0.81,0.09,mid,0.0,0.000230644959483069,0,0.0
50033,2025-09-15 16:00:00,50.46409362298745,26.2,60.63,0.35,0.09,mid,0.0,6.004618263629158e-06,0,0.0
50034,2025-09-15 17:00:00,50.421680979991685,24.28,70.1,0.03,0.07,mid,0.0,7.324782186730445e-07,0,0.0
50035,2025-09-15 18:00:00,48.85179966185186,22.94,78.81,0.0,0.05,mid,0.0,7.24192837541781e-07,0,0.0
50036,2025-09-15 19:00:00,50.43087414947751,22.2,84.55,0.0,0.07,mid,0.0,2.692805453812536e-07,0,0.0
50037,2025-09-15 20:00:00,50.49103296680698,21.67,88.91,0.0,0.06,mid,0.0,3.1734024296732675e-07,0,0.0
50038,2025-09-15 21:00:00,51.06381430653127,21.38,91.28,0.0,0.07,mid,0.0,3.4583140860325416e-07,0,0.0
50039,2025-09-15 22:00:00,50.160312287127546,21.18,92.7,0.0,0.12,mid,0.0,1.6750479918130918e-07,0,0.0
50040,2025-09-15 23:00:00,51.767915677843256,20.96,93.91,0.0,0.12,mid,0.0,6.762617438962517e-08,0,0.0
50041,2025-09-16 00:00:00,50.96933621087589,20.76,94.68,0.0,0.11,mid,0.0,3.039152940348781e-08,0,0.0
50042,2025-09-16 01:00:00,52.42284077990624,20.59,95.16,0.0,0.12,mid,0.0,1.1448763587337264e-08,0,0.0
50043,2025-09-16 02:00:00,51.78985291869978,20.45,95.5,0.0,0.11,mid,0.0,6.003446795066932e-09,0,0.0
50044,2025-09-16 03:00:00,51.527223778657536,20.32,95.68,0.0,0.09,mid,0.0,2.1048253865168616e-09,0,0.0
50045,2025-09-16 04:00:00,50.45954885236679,20.2,95.75,0.0,0.08,mid,0.0,1.5557211657360758e-09,0,0.0
50046,2025-09-16 05:00:00,50.43656454274364,20.1,95.85,0.03,0.07,mid,0.0,8.614079566296315e-10,0,0.0
50047,2025-09-16 06:00:00,52.87325904736,21.27,92.79,0.48,0.08,mid,0.0,5.257961753928427e-10,0,0.0
50048,2025-09-16 07:00:00,52.19717971742469,22.74,84.98,1.08,0.12,mid,0.0,1.6936323894165583e-08,0,0.0
50049,2025-09-16 08:00:00,50.9011618184205,25.14,67.99,1.93,0.09,mid,0.0,1.0307009394476509e-05,0,0.0
50050,2025-09-16 09:00:00,50.13191018060197,27.56,54.17,2.57,0.01,mid,0.0,0.0013356812960030767,0,0.0
50051,2025-09-16 10:00:00,49.8394778770111,29.18,47.32,2.81,0.02,mid,0.0,0.022498234654570997,0,0.0
50052,2025-09-16 11:00:00,47.69937687118639,30.1,43.69,2.9,0.03,mid,0.0,0.7723709646292819,1,4.4412262853251105
50053,2025-09-16 12:00:00,47.4948488360034,30.49,42.28,2.95,0.04,mid,4.522134458540293,0.8126453923313195,1,4.433981881551561
50054,2025-09-16 13:00:00,55.00947018436247,30.44,42.15,2.5,0.03,mid,0.0,5.754052262705476e-06,0,0.0
50055,2025-09-16 14:00:00,54.31310036480098,29.98,42.88,1.99,0.02,mid,0.0,2.5694573028837856e-05,0,0.0
50056,2025-09-16 15:00:00,52.75770975769576,28.77,46.22,1.26,0.01,mid,0.0,3.223893201124886e-05,0,0.0
50057,2025-09-16 16:00:00,53.8666128309789,27.17,51.59,0.56,0.01,mid,0.0,4.993747332388986e-07,0,0.0
50058,2025-09-16 17:00:00,53.1748328088682,25.22,59.45,0.03,0.0,mid,0.0,1.238865769239278e-07,0,0.0
50059,2025-09-16 18:00:00,51.72383289762881,23.69,67.35,0.0,0.0,mid,0.0,1.6238688520929257e-07,0,0.0
50060,2025-09-16 19:00:00,51.31819364814889,22.79,73.1,0.0,0.0,mid,0.0,1.5716889720235148e-07,0,0.0
50061,2025-09-16 20:00:00,52.81449892838328,22.11,78.07,0.0,0.0,mid,0.0,1.2372700157156355e-07,0,0.0
50062,2025-09-16 21:00:00,51.991287854536566,21.55,82.47,0.0,0.01,mid,0.0,2.2864044140272356e-07,0,0.0
50063,2025-09-16 22:00:00,51.85181269800947,21.05,86.55,0.0,0.01,mid,0.0,1.5217095202113845e-07,0,0.0
50064,2025-09-16 23:00:00,52.55465702548023,20.48,90.91,0.0,0.01,mid,0.0,4.854255380104742e-08,0,0.0
50065,2025-09-17 00:00:00,52.97684985207474,20.11,93.76,0.0,0.02,mid,0.0,1.4328389294703178e-08,0,0.0
50066,2025-09-17 01:00:00,53.059884657246656,19.98,94.66,0.0,0.02,mid,0.0,6.203789025768576e-09,0,0.0
50067,2025-09-17 02:00:00,52.49549150060416,20.13,93.7,0.0,0.02,mid,0.0,3.4651063471277596e-09,0,0.0
50068,2025-09-17 03:00:00,50.64121676381716,20.01,94.14,0.0,0.02,mid,0.0,3.123813092950238e-09,0,0.0
50069,2025-09-17 04:00:00,53.26488086549048,19.83,95.08,0.0,0.02,mid,0.0,1.604133786006993e-10,0,0.0
50070,2025-09-17 05:00:00,51.88148259893838,19.81,95.25,0.04,0.02,mid,0.0,2.3437599129733906e-10,0,0.0
50071,2025-09-17 06:00:00,52.79804732598688,21.69,85.12,0.62,0.02,mid,0.0,1.0815379113144375e-09,0,0.0
50072,2025-09-17 07:00:00,52.23930925059839,24.05,71.23,1.4,0.03,mid,0.0,1.7333550919032937e-07,0,0.0
50073,2025-09-17 08:00:00,53.65832511426682,26.41,58.19,2.06,0.01,mid,0.0,2.789075708836652e-07,0,0.0
50074,2025-09-17 09:00:00,52.92144431910716,28.39,49.93,2.59,0.08,mid,0.0,9.375242478822656e-06,0,0.0
50075,2025-09-17 10:00:00,50.177483052090615,29.85,44.93,2.69,0.09,mid,0.0,0.017733886598721285,0,0.0
50076,2025-09-17 11:00:00,48.69209042283229,30.83,41.94,2.71,0.13,mid,0.0,0.5625904257232108,1,4.485574439888961
50077,2025-09-17 12:00:00,47.94425126640085,31.25,40.52,2.86,0.13,mid,0.0,0.8004078755246303,1,4.32113409586678
50078,2025-09-17 13:00:00,48.34738074052095,31.24,40.23,2.37,0.09,mid,4.305061838566889,0.4899139240468444,0,0.0
50079,2025-09-17 14:00:00,54.080865634096256,30.72,41.17,2.0,0.04,mid,0.0,4.430539187087635e-05,0,0.0
50080,2025-09-17 15:00:00,52.97331228072525,29.72,43.52,1.24,0.03,mid,0.0,3.109355584079835e-05,0,0.0
50081,2025-09-17 16:00:00,52.96931785843559,28.06,48.6,0.52,0.01,mid,0.0,1.266892454309271e-06,0,0.0
50082,2025-09-17 17:00:00,53.49740052879136,25.97,56.68,0.03,0.0,mid,0.0,1.1282760626564194e-07,0,0.0
50083,2025-09-17 18:00:00,53.07383676693594,24.27,65.07,0.0,0.0,mid,0.0,9.054373663596383e-08,0,0.0
50084,2025-09-17 19:00:00,52.7505371228266,23.22,71.38,0.0,0.0,mid,0.0,9.504688038686565e-08,0,0.0
50085,2025-09-17 20:00:00,52.85094154484944,22.4,77.22,0.0,0.0,mid,0.0,1.3583728877912225e-07,0,0.0
50086,2025-09-17 21:00:00,53.006903764725806,21.71,82.63,0.0,0.0,mid,0.0,1.846131300150325e-07,0,0.0
50087,2025-09-17 22:00:00,53.3145503009601,21.1,87.59,0.0,0.0,mid,0.0,1.369192970004901e-07,0,0.0
50088,2025-09-17 23:00:00,53.36147492901826,20.58,91.82,0.0,0.0,mid,0.0,4.411880055913941e-08,0,0.0
50089,2025-09-18 00:00:00,51.81773116729855,20.03,96.0,0.0,0.0,mid,0.0,1.6491289505096097e-08,0,0.0
50090,2025-09-18 01:00:00,53.307306299792,19.6,99.01,0.0,0.03,mid,0.0,4.253313718420214e-09,0,0.0
50091,2025-09-18 02:00:00,52.99680445100415,19.3,100.0,0.0,0.09,mid,0.0,1.2956517783202071e-09,0,0.0
50092,2025-09-18 03:00:00,52.62541184099838,19.14,100.0,0.0,0.12,mid,0.0,4.417752400097168e-10,0,0.0
50093,2025-09-18 04:00:00,53.313278598384784,19.19,100.0,0.0,0.14,mid,0.0,1.0387331076396045e-10,0,0.0
50094,2025-09-18 05:00:00,54.67385703126092,19.69,98.57,0.04,0.11,mid,0.0,1.949401804008126e-11,0,0.0
50095,2025-09-18 06:00:00,54.47084674703236,21.3,93.0,0.64,0.06,mid,0.0,1.288034004395423e-10,0,0.0
50096,2025-09-18 07:00:00,53.751285562746666,23.24,82.87,1.39,0.08,mid,0.0,5.0630070416203545e-09,0,0.0
50097,2025-09-18 08:00:00,52.50955144769307,25.97,65.67,2.02,0.03,mid,0.0,1.1972678193372436e-06,0,0.0
50098,2025-09-18 09:00:00,51.45534491360672,28.34,53.46,2.44,0.0,mid,0.0,0.0001276625632423603,0,0.0
50099,2025-09-18 10:00:00,50.95164655491156,30.15,46.17,2.7,0.0,mid,0.0,0.0038386484584700714,0,0.0
50100,2025-09-18 11:00:00,50.78025643896756,31.32,41.98,2.79,0.0,mid,0.0,0.0258153712614507,0,0.0
50101,2025-09-18 12:00:00,49.82953599059503,31.78,40.04,2.5,0.0,mid,0.0,0.22420800734661941,0,0.0
50102,2025-09-18 13:00:00,48.347210034341664,31.63,40.15,2.31,0.0,mid,0.0,0.5250439577001165,0,0.0
50103,2025-09-18 14:00:00,48.7325902968606,30.8,42.39,1.96,0.0,mid,0.0,0.07433390373911807,0,0.0
50104,2025-09-18 15:00:00,47.65375990718436,29.57,45.88,1.23,0.0,mid,0.0,0.012654277435979844,0,0.0
50105,2025-09-18 16:00:00,44.74135520999469,27.98,50.96,0.54,0.0,mid,0.0,0.0026430377607490154,0,0.0
50106,2025-09-18 17:00:00,46.69928733566478,25.98,58.96,0.03,0.0,mid,0.0,1.1149719652222149e-05,0,0.0
50107,2025-09-18 18:00:00,47.21632992476006,24.42,66.92,0.0,0.0,mid,0.0,2.6663663744455086e-06,0,0.0
50108,2025-09-18 19:00:00,46.773897503715055,23.49,72.42,0.0,0.0,mid,0.0,2.4790432295458677e-06,0,0.0
50109,2025-09-18 20:00:00,47.07715576651282,22.8,76.81,0.0,0.0,mid,0.0,1.7783232690698315e-06,0,0.0
50110,2025-09-18 21:00:00,46.413670093116366,22.18,80.87,0.0,0.01,mid,0.0,1.0732414103875866e-06,0,0.0
50111,2025-09-18 22:00:00,46.584746022955386,21.68,84.47,0.0,0.01,mid,0.0,3.925759901443483e-07,0,0.0
50112,2025-09-18 23:00:00,46.61396938400576,21.32,87.38,0.0,0.01,mid,0.0,1.3353794074089046e-07,0,0.0
50113,2025-09-19 00:00:00,46.82171440003885,21.05,89.79,0.0,0.02,mid,0.0,5.6987815516710894e-08,0,0.0
50114,2025-09-19 01:00:00,46.23616450766652,20.86,91.81,0.0,0.02,mid,0.0,4.058653523982401e-08,0,0.0
50115,2025-09-19 02:00:00,47.59843751865177,20.76,93.25,0.0,0.02,mid,0.0,2.371158185816717e-08,0,0.0
50116,2025-09-19 03:00:00,47.88767476082849,20.65,94.55,0.0,0.02,mid,0.0,1.8751543408028712e-08,0,0.0
50117,2025-09-19 04:00:00,46.3371335124284,20.6,95.21,0.0,0.01,mid,0.0,2.3678046740617e-08,0,0.0
50118,2025-09-19 05:00:00,45.8394867075472,20.66,95.06,0.04,0.01,mid,0.0,2.938633175343726e-08,0,0.0
50119,2025-09-19 06:00:00,45.71074791556303,22.56,84.52,0.55,0.01,mid,0.0,2.5345945633238793e-06,0,0.0
50120,2025-09-19 07:00:00,46.86342793267215,25.02,68.4,1.15,0.01,mid,0.0,0.0001565817326683471,0,0.0
50121,2025-09-19 08:00:00,46.50745223770878,27.06,56.26,1.85,0.0,mid,0.0,0.02762750102555383,0,0.0
50122,2025-09-19 09:00:00,45.65419942745067,28.77,48.91,2.49,0.0,mid,5.161034211185957,0.8278020348164244,1,4.636776400569334
50123,2025-09-19 10:00:00,53.46725128911557,30.17,43.98,2.91,0.01,mid,0.0,2.0442544977936217e-05,0,0.0
50124,2025-09-19 11:00:00,51.65861168977158,31.19,40.43,2.93,0.01,mid,0.0,0.003761204309922729,0,0.0
50125,2025-09-19 12:00:00,49.51664623761837,31.56,38.9,2.87,0.0,mid,0.0,0.2756288637496966,0,0.0
50126,2025-09-19 13:00:00,49.740621625470666,31.32,39.4,2.43,0.0,mid,0.0,0.11410415738792119,0,0.0
50127,2025-09-19 14:00:00,50.59158245707377,30.56,41.56,1.79,0.0,mid,0.0,0.007353467512750881,0,0.0
50128,2025-09-19 15:00:00,48.78250885780192,29.38,45.32,1.1,0.01,mid,0.0,0.002566851383624473,0,0.0
50129,2025-09-19 16:00:00,48.42052923947056,27.78,51.25,0.42,0.01,mid,0.0,5.8802013515163635e-05,0,0.0
50130,2025-09-19 17:00:00,48.55719769967895,25.95,59.68,0.03,0.01,mid,0.0,2.899753148968112e-06,0,0.0
50131,2025-09-19 18:00:00,47.17383512497517,24.72,67.01,0.0,0.01,mid,0.0,3.1883347086848902e-06,0,0.0
50132,2025-09-19 19:00:00,48.03718591549736,23.98,72.24,0.0,0.01,mid,0.0,1.5934100101927184e-06,0,0.0
50133,2025-09-19 20:00:00,48.293166867592944,23.33,76.98,0.0,0.02,mid,0.0,1.291455234206688e-06,0,0.0
50134,2025-09-19 21:00:00,47.16238857258316,22.75,81.17,0.0,0.02,mid,0.0,1.1449599806409184e-06,0,0.0
50135,2025-09-19 22:00:00,48.23699123358877,22.24,84.87,0.0,0.03,mid,0.0,4.4874480085764577e-07,0,0.0
50136,2025-09-19 23:00:00,49.0571958291095,21.83,88.23,0.0,0.06,mid,0.0,1.3949431529818876e-07,0,0.0
50137,2025-09-20 00:00:00,47.77534166175986,21.52,90.84,0.0,0.06,mid,0.0,6.902536491031733e-08,0,0.0
50138,2025-09-20 01:00:00,46.78051271375321,21.33,92.54,0.0,0.05,mid,0.0,5.174311740725945e-08,0,0.0
50139,2025-09-20 02:00:00,48.358978766342965,21.24,93.79,0.0,0.05,mid,0.0,2.8593100408554992e-08,0,0.0
50140,2025-09-20 03:00:00,47.75816559186656,21.18,94.77,0.0,0.05,mid,0.0,2.6668611898267804e-08,0,0.0
50141,2025-09-20 04:00:00,48.47827179899535,21.08,95.63,0.0,0.04,mid,0.0,8.931978116555222e-09,0,0.0
50142,2025-09-20 05:00:00,47.70968396828279,20.99,96.07,0.04,0.04,mid,0.0,1.1093399450058946e-08,0,0.0
50143,2025-09-20 06:00:00,48.48218099507388,22.14,91.6,0.46,0.04,mid,0.0,5.975187039970104e-08,0,0.0
50144,2025-09-20 07:00:00,49.20221623731249,23.86,81.05,1.09,0.02,mid,0.0,1.9285618913622116e-06,0,0.0
50145,2025-09-20 08:00:00,47.750977395592216,26.26,64.76,1.61,0.01,mid,0.0,0.0017964536765060506,0,0.0
50146,2025-09-20 09:00:00,45.99125704414726,28.08,56.32,1.91,0.15,mid,0.0,0.4629509939675682,0,0.0
50147,2025-09-20 10:00:00,47.164904383034646,29.54,51.57,2.06,0.28,mid,4.5479253705143705,0.7461757396408863,1,4.547528176235478
50148,2025-09-20 11:00:00,53.75951641722266,30.66,47.95,2.15,0.15,mid,0.0,3.8746518898201484e-05,0,0.0
50149,2025-09-20 12:00:00,53.14473601061553,31.22,46.01,1.78,0.12,mid,0.0,0.00018081297328585296,0,0.0
50150,2025-09-20 13:00:00,52.97710437987447,31.21,45.74,1.24,0.09,mid,0.0,0.00013984973348559035,0,0.0
50151,2025-09-20 14:00:00,51.0822370349071,30.7,47.05,1.1,0.08,mid,0.0,0.001521677222613213,0,0.0
50152,2025-09-20 15:00:00,50.68421895844075,29.58,50.49,0.61,0.05,mid,0.0,0.0001424428439990587,0,0.0
50153,2025-09-20 16:00:00,49.668894111678576,27.92,56.71,0.24,0.03,mid,0.0,1.4436787434176905e-05,0,0.0
50154,2025-09-20 17:00:00,50.42165361738164,26.05,65.26,0.02,0.01,mid,0.0,1.190708767323649e-06,0,0.0
50155,2025-09-20 18:00:00,50.400676667332576,24.74,72.74,0.0,0.0,mid,0.0,5.947091345766279e-07,0,0.0
50156,2025-09-20 19:00:00,50.05918485305738,23.89,78.15,0.0,0.0,mid,0.0,5.592934289189969e-07,0,0.0
50157,2025-09-20 20:00:00,50.86463315022326,23.12,83.22,0.0,0.0,mid,0.0,4.784898304091226e-07,0,0.0
50158,2025-09-20 21:00:00,49.45011161845336,22.53,87.32,0.0,0.01,mid,0.0,7.220946620566744e-07,0,0.0
50159,2025-09-20 22:00:00,50.39352714682834,22.03,90.79,0.0,0.01,mid,0.0,3.129431991701971e-07,0,0.0
50160,2025-09-20 23:00:00,50.81035526213733,21.5,94.27,0.0,0.03,mid,0.0,1.00384723834136e-07,0,0.0
50161,2025-09-21 00:00:00,49.98332138024511,21.09,97.04,0.0,0.07,mid,0.0,4.403908816606134e-08,0,0.0
50162,2025-09-21 01:00:00,49.4681397729567,20.82,98.6,0.0,0.12,mid,0.0,2.192127663791371e-08,0,0.0
50163,2025-09-21 02:00:00,49.37317889867103,20.58,99.56,0.0,0.13,mid,0.0,1.3171717040213191e-08,0,0.0
50164,2025-09-21 03:00:00,51.066218112610194,20.46,99.76,0.0,0.17,mid,0.0,2.8533676951209423e-09,0,0.0
50165,2025-09-21 04:00:00,52.60968760719576,20.37,99.87,0.0,0.25,mid,0.0,3.7603280811288416e-10,0,0.0
50166,2025-09-21 05:00:00,51.06669002543469,20.4,99.48,0.03,0.24,mid,0.0,6.345631826227963e-10,0,0.0
50167,2025-09-21 06:00:00,52.26552368710376,21.95,95.56,0.45,0.28,mid,0.0,1.1850881845669885e-09,0,0.0
50168,2025-09-21 07:00:00,50.22024143489422,23.58,88.9,1.02,0.41,mid,0.0,2.0927489708416805e-07,0,0.0
50169,2025-09-21 08:00:00,52.31368684190805,25.85,73.62,1.69,0.28,mid,0.0,8.117749614100452e-07,0,0.0
50170,2025-09-21 09:00:00,50.468685749069984,28.44,58.54,2.48,0.02,mid,0.0,0.0006396611594204208,0,0.0
50171,2025-09-21 10:00:00,50.19162390451282,30.26,50.79,2.73,0.02,mid,0.0,0.017032644897334727,0,0.0
50172,2025-09-21 11:00:00,49.62475902707207,31.57,46.47,3.0,0.01,mid,0.0,0.13925335071690192,0,0.0
50173,2025-09-21 12:00:00,47.25465707924116,32.47,42.71,2.82,0.01,mid,4.217198218329273,0.928793131246697,1,4.429699222313009
50174,2025-09-21 13:00:00,57.171344684157305,32.7,41.03,2.63,0.0,mid,0.0,1.2066357937788579e-07,0,0.0
50175,2025-09-21 14:00:00,53.31245318574091,32.23,41.51,2.12,0.0,mid,0.0,0.000209871568370474,0,0.0
50176,2025-09-21 15:00:00,53.581651268532696,31.24,43.58,1.35,0.0,mid,0.0,3.334938357312421e-05,0,0.0
50177,2025-09-21 16:00:00,53.79473957501749,29.69,47.71,0.57,0.0,mid,0.0,1.1715745355220493e-06,0,0.0
50178,2025-09-21 17:00:00,52.57870153813127,27.45,55.62,0.03,0.0,mid,0.0,2.9988020103992516e-07,0,0.0
50179,2025-09-21 18:00:00,51.36197076712533,25.69,63.43,0.0,0.0,mid,0.0,3.878512390526819e-07,0,0.0
50180,2025-09-21 19:00:00,52.42631015733125,24.5,69.45,0.0,0.0,mid,0.0,1.925383318272845e-07,0,0.0
50181,2025-09-21 20:00:00,50.87403403689692,23.56,74.64,0.0,0.0,mid,0.0,4.2052958665401553e-07,0,0.0
50182,2025-09-21 21:00:00,52.0793560799601,22.8,79.29,0.0,0.0,mid,0.0,3.760858025739464e-07,0,0.0
50183,2025-09-21 22:00:00,53.6856615954953,22.15,83.67,0.0,0.0,mid,0.0,1.9185595621195697e-07,0,0.0
50184,2025-09-21 23:00:00,51.21518711912495,21.56,87.85,0.0,0.0,mid,0.0,1.0581033678316245e-07,0,0.0
50185,2025-09-22 00:00:00,51.68481003974714,21.04,91.71,0.0,0.0,mid,0.0,3.237162661685146e-08,0,0.0
50186,2025-09-22 01:00:00,53.82703181353435,20.49,95.72,0.0,0.0,mid,0.0,6.8409297225390394e-09,0,0.0
50187,2025-09-22 02:00:00,52.2047577645472,20.05,98.8,0.0,0.0,mid,0.0,3.6023586713055475e-09,0,0.0
50188,2025-09-22 03:00:00,51.629186173830206,19.9,100.0,0.0,0.0,mid,0.0,1.4317014629116146e-09,0,0.0
50189,2025-09-22 04:00:00,52.65551206703389,19.93,100.0,0.0,0.0,mid,0.0,2.744997802932348e-10,0,0.0
50190,2025-09-22 05:00:00,51.96910807606596,19.95,100.0,0.05,0.0,mid,0.0,2.4626755716270893e-10,0,0.0
50191,2025-09-22 06:00:00,50.17137022518723,22.38,86.24,0.61,0.0,mid,0.0,2.2529765026343616e-08,0,0.0
50192,2025-09-22 07:00:00,50.99093766664046,25.12,69.56,1.35,0.0,mid,0.0,1.4506711448862267e-06,0,0.0
50193,2025-09-22 08:00:00,53.21325862025845,27.4,58.13,2.0,0.0,mid,0.0,6.695690629906288e-07,0,0.0
50194,2025-09-22 09:00:00,51.10661725083348,29.49,49.68,2.71,0.0,mid,0.0,0.0004509412539083694,0,0.0
50195,2025-09-22 10:00:00,51.128865767408,31.29,43.47,2.79,0.0,mid,0.0,0.004257373520454311,0,0.0
50196,2025-09-22 11:00:00,48.14614924938273,32.64,39.02,2.82,0.0,mid,0.0,0.8847427326146237,1,4.5711375801329694
50197,2025-09-22 12:00:00,47.90220207227446,33.49,35.99,2.69,0.0,mid,4.716057619147666,0.898116079436004,1,4.465550304305274
50198,2025-09-22 13:00:00,54.68279981298191,33.75,34.79,2.34,0.0,mid,0.0,2.1847732996902317e-05,0,0.0
50199,2025-09-22 14:00:00,53.49389945218069,33.44,35.16,1.84,0.0,mid,0.0,0.00017919745009614089,0,0.0
50200,2025-09-22 15:00:00,53.37635483622895,32.53,37.33,1.11,0.0,mid,0.0,3.398134723652639e-05,0,0.0
50201,2025-09-22 16:00:00,51.80471624419872,30.94,41.93,0.49,0.0,mid,0.0,7.613768081251087e-06,0,0.0
50202,2025-09-22 17:00:00,53.399273638859846,28.49,51.08,0.03,0.0,mid,0.0,2.0265903391000487e-07,0,0.0
50203,2025-09-22 18:00:00,52.80549047966912,26.41,61.19,0.0,0.0,mid,0.0,1.860224546061432e-07,0,0.0
50204,2025-09-22 19:00:00,52.29240296307932,25.01,69.95,0.0,0.0,mid,0.0,2.705213326309291e-07,0,0.0
50205,2025-09-22 20:00:00,52.53830791873742,23.94,77.89,0.0,0.0,mid,0.0,2.8886165410875593e-07,0,0.0
50206,2025-09-22 21:00:00,52.18980247994147,23.17,84.13,0.0,0.0,mid,0.0,5.120588170607651e-07,0,0.0
50207,2025-09-22 22:00:00,51.05285851294972,22.59,89.15,0.0,0.0,mid,0.0,4.258065251643398e-07,0,0.0
50208,2025-09-22 23:00:00,51.639144513774845,22.21,92.42,0.0,0.0,mid,0.0,1.5194014911235178e-07,0,0.0
50209,2025-09-23 00:00:00,52.28762746393815,21.97,94.03,0.0,0.0,late,0.0,2.7541892796820857e-07,0,0.0
50210,2025-09-23 01:00:00,52.14944064985821,21.72,95.19,0.0,0.0,late,0.0,1.5670967072160976e-07,0,0.0
50211,2025-09-23 02:00:00,52.94975365680997,21.41,96.68,0.0,0.0,late,0.0,4.520954963789663e-08,0,0.0
50212,2025-09-23 03:00:00,52.8924774506,21.31,97.22,0.0,0.01,late,0.0,1.310126130192632e-08,0,0.0
50213,2025-09-23 04:00:00,52.0088103994593,21.23,97.55,0.0,0.01,late,0.0,8.937769600072917e-09,0,0.0
50214,2025-09-23 05:00:00,51.70359727014288,21.18,97.71,0.05,0.01,late,0.0,6.9714504845272364e-09,0,0.0
50215,2025-09-23 06:00:00,53.08554626758974,23.03,86.45,0.58,0.01,late,0.0,4.1159711769658416e-08,0,0.0
50216,2025-09-23 07:00:00,52.40044332830278,25.44,71.14,1.27,0.0,late,0.0,9.408437898247743e-06,0,0.0
50217,2025-09-23 08:00:00,51.30224087592289,27.85,59.18,1.8,0.0,late,0.0,0.0022075175668344244,0,0.0
50218,2025-09-23 09:00:00,50.250255609632895,30.04,50.25,2.18,0.0,late,0.0,0.11160968695599677,0,0.0
50219,2025-09-23 10:00:00,49.84461443951093,31.83,43.71,2.6,0.0,late,4.171607546966982,0.6654798964097001,1,4.405301064194824
50220,2025-09-23 11:00:00,56.78316443036314,33.07,39.15,2.76,0.0,late,0.0,4.304463609481286e-06,0,0.0
50221,2025-09-23 12:00:00,56.92005653106703,33.78,36.65,2.63,0.0,late,0.0,1.2237407959783226e-05,0,0.0
50222,2025-09-23 13:00:00,54.53272489552624,33.84,36.43,2.14,0.0,late,0.0,0.0028427570921284373,0,0.0
50223,2025-09-23 14:00:00,53.25730789000373,33.32,37.86,1.97,0.0,late,0.0,0.012959909156635153,0,0.0
50224,2025-09-23 15:00:00,55.013786209075136,32.17,41.14,1.24,0.0,late,0.0,0.000111234197831491,0,0.0
50225,2025-09-23 16:00:00,52.54101240725177,30.42,46.64,0.52,0.0,late,0.0,8.690337634580293e-05,0,0.0
50226,2025-09-23 17:00:00,51.97056207237007,28.18,54.57,0.03,0.0,late,0.0,5.770771558831945e-06,0,0.0
50227,2025-09-23 18:00:00,52.28000334508728,26.39,62.46,0.0,0.0,late,0.0,2.05850858396035e-06,0,0.0
50228,2025-09-23 19:00:00,52.24015844994282,25.19,68.66,0.0,0.0,late,0.0,1.5398584318346628e-06,0,0.0
50229,2025-09-23 20:00:00,53.62229042846891,24.2,74.32,0.0,0.0,late,0.0,6.101840815238334e-07,0,0.0
50230,2025-09-23 21:00:00,51.26686331186724,23.4,79.45,0.0,0.0,late,0.0,1.6045878470580066e-06,0,0.0
50231,2025-09-23 22:00:00,53.08145939401473,22.76,84.18,0.0,0.0,late,0.0,7.549623274376623e-07,0,0.0
50232,2025-09-23 23:00:00,52.59708340651036,22.11,89.31,0.0,0.0,late,0.0,4.651430179190555e-07,0,0.0
50233,2025-09-24 00:00:00,52.16049410435888,21.75,92.69,0.0,0.0,late,0.0,2.6007216017991994e-07,0,0.0
50234,2025-09-24 01:00:00,52.33711494612504,21.61,94.36,0.0,0.0,late,0.0,1.4093889669729603e-07,0,0.0
50235,2025-09-24 02:00:00,52.40530522203986,21.4,96.13,0.0,0.0,late,0.0,6.019037412623088e-08,0,0.0
50236,2025-09-24 03:00:00,52.6763129224801,21.28,97.18,0.0,0.0,late,0.0,1.4854686571762837e-08,0,0.0
50237,2025-09-24 04:00:00,52.2447883807756,21.08,98.44,0.0,0.0,late,0.0,6.904300558290616e-09,0,0.0
50238,2025-09-24 05:00:00,52.553442774908,20.95,99.31,0.05,0.0,late,0.0,3.059384456090477e-09,0,0.0
50239,2025-09-24 06:00:00,51.98397432612465,23.14,86.41,0.62,0.0,late,0.0,1.668377177293922e-07,0,0.0
50240,2025-09-24 07:00:00,54.11760639925852,25.75,68.98,1.35,0.0,late,0.0,1.1801918116792192e-06,0,0.0
50241,2025-09-24 08:00:00,52.72785050486262,27.88,58.09,2.11,0.0,late,0.0,0.00015091763783244407,0,0.0
50242,2025-09-24 09:00:00,51.68508050113651,29.99,49.87,2.68,0.01,late,0.0,0.0072023498728586485,0,0.0
50243,2025-09-24 10:00:00,50.169427578118686,31.55,44.16,2.96,0.01,late,4.101410072586269,0.5039561500310927,0,0.0
50244,2025-09-24 11:00:00,57.14485017722475,32.23,41.15,3.04,0.0,late,0.0,1.4922693008929558e-06,0,0.0
50245,2025-09-24 12:00:00,55.8238440665794,32.42,40.32,2.76,0.0,late,0.0,8.073907366467343e-05,0,0.0
50246,2025-09-24 13:00:00,54.81966974376907,31.94,41.31,2.51,0.01,late,0.0,0.0010871774330428745,0,0.0
50247,2025-09-24 14:00:00,53.52826069543708,31.07,43.33,1.9,0.01,late,0.0,0.005250059168106918,0,0.0
50248,2025-09-24 15:00:00,53.54813885936858,29.78,47.18,1.17,0.01,late,0.0,0.00043394357838682655,0,0.0
50249,2025-09-24 16:00:00,54.23619094590583,28.12,53.31,0.49,0.01,late,0.0,7.575146718097857e-06,0,0.0
50250,2025-09-24 17:00:00,52.73259890889224,26.17,62.86,0.03,0.01,late,0.0,2.533347399035122e-06,0,0.0
50251,2025-09-24 18:00:00,52.46961463359757,24.88,71.65,0.0,0.01,late,0.0,1.1637411018963793e-06,0,0.0
50252,2025-09-24 19:00:00,52.78494802277848,24.15,77.79,0.0,0.02,late,0.0,7.568873222104066e-07,0,0.0
50253,2025-09-24 20:00:00,52.76559090099621,23.68,82.1,0.0,0.02,late,0.0,8.70909758615721e-07,0,0.0
50254,2025-09-24 21:00:00,52.30535629556985,23.37,84.86,0.0,0.01,late,0.0,1.4219714547316689e-06,0,0.0
50255,2025-09-24 22:00:00,52.16259264690197,23.05,87.15,0.0,0.01,late,0.0,1.3800695282702864e-06,0,0.0
50256,2025-09-24 23:00:00,53.40267018268929,22.73,88.97,0.0,0.01,late,0.0,5.282453267441373e-07,0,0.0
50257,2025-09-25 00:00:00,53.74483467645303,22.45,90.31,0.0,0.01,late,0.0,2.9038203624635414e-07,0,0.0
50258,2025-09-25 01:00:00,54.61822684893204,22.15,91.8,0.0,0.02,late,0.0,9.014485928391735e-08,0,0.0
50259,2025-09-25 02:00:00,53.19716973354432,21.85,92.79,0.0,0.02,late,0.0,5.26469839742909e-08,0,0.0
50260,2025-09-25 03:00:00,52.94892763300709,21.34,95.12,0.0,0.02,late,0.0,1.3232007314867828e-08,0,0.0
50261,2025-09-25 04:00:00,53.60198779400161,21.08,95.86,0.0,0.02,late,0.0,2.4694811585903935e-09,0,0.0
50262,2025-09-25 05:00:00,52.16665154659936,21.01,95.3,0.06,0.01,late,0.0,4.70334118870188e-09,0,0.0
50263,2025-09-25 06:00:00,53.43212259067337,22.65,86.37,0.67,0.02,late,0.0,2.5735124243210623e-08,0,0.0
50264,2025-09-25 07:00:00,53.54254710551172,24.95,70.31,1.43,0.02,late,0.0,2.2117126379516038e-06,0,0.0
50265,2025-09-25 08:00:00,53.10863312093015,27.03,57.55,2.08,0.02,late,0.0,5.885631225758933e-05,0,0.0
50266,2025-09-25 09:00:00,53.02803165343207,28.71,50.96,2.56,0.03,late,0.0,0.0003429807719051341,0,0.0
50267,2025-09-25 10:00:00,50.46577218373454,30.15,46.05,2.83,0.02,late,0.0,0.2792076320778039,0,0.0
50268,2025-09-25 11:00:00,49.69905150753637,31.24,42.18,2.95,0.01,late,4.654912188465456,0.8488549816020421,1,4.487516123388389
50269,2025-09-25 12:00:00,56.79693283873101,31.7,40.12,2.87,0.01,late,0.0,7.978068258473806e-06,0,0.0
50270,2025-09-25 13:00:00,55.21253694538349,31.43,40.61,2.52,0.0,late,0.0,0.00045949304287962417,0,0.0
50271,2025-09-25 14:00:00,55.77349682840798,30.63,42.98,2.08,0.01,late,0.0,0.0001395426873627821,0,0.0
50272,2025-09-25 15:00:00,55.2628489167815,29.32,47.16,1.33,0.01,late,0.0,5.586601775514727e-05,0,0.0
50273,2025-09-25 16:00:00,54.737195124563264,27.6,53.61,0.58,0.01,late,0.0,4.669634140214577e-06,0,0.0
50274,2025-09-25 17:00:00,54.17592964305953,25.66,63.08,0.03,0.0,late,0.0,8.249610268028711e-07,0,0.0
50275,2025-09-25 18:00:00,54.86107116448516,24.28,72.0,0.0,0.0,late,0.0,2.6553137907003326e-07,0,0.0
50276,2025-09-25 19:00:00,54.51656500460953,23.56,77.87,0.0,0.0,late,0.0,2.4845778458762646e-07,0,0.0
50277,2025-09-25 20:00:00,53.586911361291946,23.14,81.48,0.0,0.01,late,0.0,4.254012544587712e-07,0,0.0
50278,2025-09-25 21:00:00,51.72146723295148,22.61,85.08,0.0,0.01,late,0.0,1.0363179375710329e-06,0,0.0
50279,2025-09-25 22:00:00,53.82925486394813,22.09,88.39,0.0,0.01,late,0.0,5.293856022180888e-07,0,0.0
50280,2025-09-25 23:00:00,54.13766464196572,21.9,89.49,0.0,0.01,late,0.0,2.9591430654319266e-07,0,0.0
50281,2025-09-26 00:00:00,54.15680661427772,21.68,90.52,0.0,0.01,late,0.0,1.9005077291997787e-07,0,0.0
50282,2025-09-26 01:00:00,53.98804968848151,21.49,91.61,0.0,0.01,late,0.0,7.440024091977851e-08,0,0.0
50283,2025-09-26 02:00:00,53.72696788721167,21.34,92.55,0.0,0.02,late,0.0,3.122872480778308e-08,0,0.0
50284,2025-09-26 03:00:00,53.50398128581539,21.27,92.57,0.0,0.02,late,0.0,9.119875302888056e-09,0,0.0
50285,2025-09-26 04:00:00,53.3925504683639,21.11,93.19,0.0,0.03,late,0.0,2.910953297396889e-09,0,0.0
50286,2025-09-26 05:00:00,54.5918886142701,21.05,93.45,0.05,0.02,late,0.0,7.116576816382424e-10,0,0.0
50287,2025-09-26 06:00:00,55.16455258059439,22.18,87.67,0.55,0.04,late,0.0,1.9731802635788614e-09,0,0.0
50288,2025-09-26 07:00:00,53.14410284941084,24.02,75.94,1.2,0.05,late,0.0,9.8826502227806e-07,0,0.0
50289,2025-09-26 08:00:00,53.72529334928286,26.2,63.03,1.73,0.03,late,0.0,1.194168429243239e-05,0,0.0
50290,2025-09-26 09:00:00,53.87793276012425,27.84,55.5,2.15,0.04,late,0.0,4.3006330887068655e-05,0,0.0
50291,2025-09-26 10:00:00,52.438710408523214,28.93,51.39,2.29,0.04,late,0.0,0.004763999004473123,0,0.0
50292,2025-09-26 11:00:00,52.43641866843603,29.62,49.2,2.41,0.05,late,0.0,0.01755900050150692,0,0.0
50293,2025-09-26 12:00:00,51.97226333068853,29.95,47.77,2.0,0.05,late,0.0,0.11423751128151226,0,0.0
50294,2025-09-26 13:00:00,50.69890018712257,29.69,48.19,1.91,0.05,late,4.209312220172045,0.4295278880124988,0,0.0
50295,2025-09-26 14:00:00,56.34522429783555,28.91,50.54,1.26,0.04,late,0.0,1.2121871556076595e-05,0,0.0
50296,2025-09-26 15:00:00,57.26644096385013,27.65,54.59,0.81,0.04,late,0.0,8.156975369415877e-07,0,0.0
50297,2025-09-26 16:00:00,55.6421608003545,25.99,60.82,0.33,0.04,late,0.0,9.685089637782817e-07,0,0.0
50298,2025-09-26 17:00:00,55.49335081093136,24.02,70.63,0.02,0.05,late,0.0,2.674425116036005e-07,0,0.0
50299,2025-09-26 18:00:00,56.19420686911713,22.65,80.06,0.0,0.06,late,0.0,7.729738032090232e-08,0,0.0
50300,2025-09-26 19:00:00,55.616115062456586,21.97,85.84,0.0,0.06,late,0.0,8.924453372712543e-08,0,0.0
50301,2025-09-26 20:00:00,55.79074665603307,21.63,89.1,0.0,0.09,late,0.0,8.901925502073998e-08,0,0.0
50302,2025-09-26 21:00:00,55.80830665186189,21.44,91.04,0.0,0.11,late,0.0,1.7072021823413317e-07,0,0.0
50303,2025-09-26 22:00:00,56.15026668079375,21.29,92.5,0.0,0.15,late,0.0,1.9856989071918546e-07,0,0.0
50304,2025-09-26 23:00:00,56.677368807449945,21.19,93.35,0.0,0.18,late,0.0,1.2421316310961965e-07,0,0.0
50305,2025-09-27 00:00:00,55.19164040091881,21.11,94.0,0.0,0.2,late,0.0,1.0407571344581566e-07,0,0.0
50306,2025-09-27 01:00:00,56.97895960203022,21.04,94.35,0.0,0.23,late,0.0,1.7515277051336004e-08,0,0.0
50307,2025-09-27 02:00:00,55.90782875814405,20.88,94.6,0.0,0.21,late,0.0,6.485250095586807e-09,0,0.0
50308,2025-09-27 03:00:00,57.219518478174784,20.68,94.27,0.0,0.18,late,0.0,5.002685869247008e-10,0,0.0
50309,2025-09-27 04:00:00,58.02778557575524,20.42,94.1,0.0,0.17,late,0.0,4.424632637853401e-11,0,0.0
50310,2025-09-27 05:00:00,57.69532127948523,20.25,93.88,0.04,0.16,late,0.0,1.5877388519030856e-11,0,0.0
50311,2025-09-27 06:00:00,58.78215800625314,20.8,91.27,0.35,0.21,late,0.0,7.421236631093382e-12,0,0.0
50312,2025-09-27 07:00:00,58.55664242778892,22.1,83.82,0.72,0.21,late,0.0,8.665770493043449e-11,0,0.0
50313,2025-09-27 08:00:00,56.48506635845441,24.27,68.65,1.2,0.26,late,0.0,3.6225137252519536e-08,0,0.0
50314,2025-09-27 09:00:00,58.8116202237085,25.87,59.37,1.54,0.16,late,0.0,2.5490981832025484e-09,0,0.0
50315,2025-09-27 10:00:00,57.54624863740614,26.98,54.22,1.76,0.14,late,0.0,8.197851681075195e-08,0,0.0
50316,2025-09-27 11:00:00,56.28070249737341,27.64,51.27,1.65,0.12,late,0.0,3.406872448927071e-06,0,0.0
50317,2025-09-27 12:00:00,55.69800621812838,27.78,50.26,1.93,0.1,late,0.0,2.7414330830037954e-05,0,0.0
50318,2025-09-27 13:00:00,53.745707247459954,27.57,50.59,1.59,0.08,late,0.0,0.002251686015408474,0,0.0
50319,2025-09-27 14:00:00,54.980901310318536,26.93,52.27,1.19,0.06,late,0.0,8.003556604131022e-05,0,0.0
50320,2025-09-27 15:00:00,54.82096650528691,25.8,55.78,0.75,0.04,late,0.0,1.1337653088800134e-05,0,0.0
50321,2025-09-27 16:00:00,53.37487664543369,24.39,60.63,0.31,0.01,late,0.0,3.9622086128856046e-06,0,0.0
50322,2025-09-27 17:00:00,53.00366636846035,22.92,66.5,0.02,0.01,late,0.0,5.937154412931053e-07,0,0.0
50323,2025-09-27 18:00:00,53.84005470039928,22.14,70.53,0.0,0.0,late,0.0,1.377022822006822e-07,0,0.0
50324,2025-09-27 19:00:00,54.683364229678574,21.72,73.14,0.0,0.0,late,0.0,7.407248548622853e-08,0,0.0
50325,2025-09-27 20:00:00,54.60028714106956,21.32,75.74,0.0,0.0,late,0.0,9.117411166609077e-08,0,0.0
50326,2025-09-27 21:00:00,54.390772319208814,21.04,77.72,0.0,0.0,late,0.0,1.2254848133466554e-07,0,0.0
50327,2025-09-27 22:00:00,55.34373841899187,21.14,77.49,0.0,0.0,late,0.0,1.122976322651385e-07,0,0.0
50328,2025-09-27 23:00:00,54.47960841554338,21.03,78.56,0.0,0.01,late,0.0,1.0548805085724281e-07,0,0.0
50329,2025-09-28 00:00:00,54.69046497825255,20.75,80.52,0.0,0.02,late,0.0,6.07034013444104e-08,0,0.0
50330,2025-09-28 01:00:00,53.84729820110635,20.55,81.73,0.0,0.01,late,0.0,3.8841788813915756e-08,0,0.0
50331,2025-09-28 02:00:00,53.525284021852215,20.45,82.55,0.0,0.02,late,0.0,1.878117711105132e-08,0,0.0
50332,2025-09-28 03:00:00,54.73537341705667,20.27,83.8,0.0,0.02,late,0.0,2.729504437945354e-09,0,0.0
50333,2025-09-28 04:00:00,53.05529894331433,20.07,84.94,0.0,0.01,late,0.0,2.1213237047841114e-09,0,0.0
50334,2025-09-28 05:00:00,54.19166258651355,20.02,85.32,0.05,0.01,late,0.0,4.692936014632958e-10,0,0.0
50335,2025-09-28 06:00:00,53.39129414454707,21.4,78.92,0.44,0.02,late,0.0,1.0545780616308913e-08,0,0.0
50336,2025-09-28 07:00:00,53.98048436521545,23.51,67.1,0.97,0.03,late,0.0,3.250346214869449e-07,0,0.0
50337,2025-09-28 08:00:00,53.57534564481029,25.47,57.74,1.39,0.04,late,0.0,1.2744149647284333e-05,0,0.0
50338,2025-09-28 09:00:00,52.978468087544975,26.96,52.11,1.71,0.04,late,0.0,0.0002333649177022104,0,0.0
50339,2025-09-28 10:00:00,52.18195421691024,28.2,47.91,1.8,0.03,late,0.0,0.0058756788286264995,0,0.0
50340,2025-09-28 11:00:00,51.87816626636785,28.96,45.5,1.7,0.02,late,0.0,0.04303320808481525,0,0.0
50341,2025-09-28 12:00:00,51.235264798391285,29.3,44.61,1.87,0.02,late,4.057403845047169,0.34298741070788796,0,0.0
50342,2025-09-28 13:00:00,55.58025327181132,29.02,45.78,1.83,0.02,late,0.0,0.0001143969639881985,0,0.0
50343,2025-09-28 14:00:00,55.99862386791868,28.32,48.02,1.38,0.02,late,0.0,2.760174749036695e-05,0,0.0
50344,2025-09-28 15:00:00,55.1500113446922,27.0,52.12,0.86,0.01,late,0.0,1.3033756146666882e-05,0,0.0
50345,2025-09-28 16:00:00,55.25422342210274,25.29,58.28,0.34,0.01,late,0.0,1.0931302855659904e-06,0,0.0
50346,2025-09-28 17:00:00,54.559971106048906,23.51,65.7,0.02,0.0,late,0.0,3.003191189157585e-07,0,0.0
50347,2025-09-28 18:00:00,55.91294637826677,22.42,70.95,0.0,0.0,late,0.0,5.730626042009187e-08,0,0.0
50348,2025-09-28 19:00:00,54.83825884151376,21.84,73.8,0.0,0.0,late,0.0,7.498731569379606e-08,0,0.0
50349,2025-09-28 20:00:00,55.68210769513242,21.33,76.43,0.0,0.0,late,0.0,6.421931494572396e-08,0,0.0
50350,2025-09-28 21:00:00,54.13113515956872,20.91,78.65,0.0,0.0,late,0.0,1.2630540843713156e-07,0,0.0
50351,2025-09-28 22:00:00,54.66828373832512,20.53,80.57,0.0,0.0,late,0.0,1.104770885650825e-07,0,0.0
50352,2025-09-28 23:00:00,54.41360825229967,20.24,82.13,0.0,0.01,late,0.0,9.360304453478082e-08,0,0.0
50353,2025-09-29 00:00:00,55.23281502295607,19.91,84.03,0.0,0.01,late,0.0,3.5454175780270823e-08,0,0.0
50354,2025-09-29 01:00:00,53.98238682412087,19.62,85.72,0.0,0.01,late,0.0,2.1080596568622332e-08,0,0.0
50355,2025-09-29 02:00:00,53.57580510327537,19.35,87.48,0.0,0.01,late,0.0,9.510607092109242e-09,0,0.0
50356,2025-09-29 03:00:00,54.45488814785459,19.15,88.86,0.0,0.01,late,0.0,1.5991063574958284e-09,0,0.0
50357,2025-09-29 04:00:00,55.41675366204064,19.05,89.72,0.0,0.01,late,0.0,1.8097172409973762e-10,0,0.0
50358,2025-09-29 05:00:00,54.33257355304808,19.16,89.65,0.07,0.01,late,0.0,2.6382861707685653e-10,0,0.0
50359,2025-09-29 06:00:00,55.20533190130728,21.0,80.96,0.62,0.01,late,0.0,1.4085152467840824e-09,0,0.0
50360,2025-09-29 07:00:00,54.27839270398223,23.29,68.18,1.25,0.01,late,0.0,2.948521449109202e-07,0,0.0
50361,2025-09-29 08:00:00,53.00248489979704,25.4,58.14,1.43,0.01,late,0.0,3.6994528725834224e-05,0,0.0
50362,2025-09-29 09:00:00,54.51497907770259,27.3,50.51,2.16,0.0,late,0.0,1.258426091623167e-05,0,0.0
50363,2025-09-29 10:00:00,53.65317596852466,28.9,44.31,2.05,0.0,late,0.0,0.00037933247326343134,0,0.0
50364,2025-09-29 11:00:00,52.3213662330619,30.05,39.97,2.54,0.0,late,0.0,0.02717774607181124,0,0.0
50365,2025-09-29 12:00:00,51.57955560311757,30.6,37.88,2.51,0.0,late,0.0,0.3026554195174336,0,0.0
50366,2025-09-29 13:00:00,50.598762921841725,30.55,37.81,1.95,0.0,late,0.0,0.5507683440409131,1,3.9998523206290035
50367,2025-09-29 14:00:00,49.238988506150655,29.86,39.58,1.71,0.0,late,4.080024277182606,0.4666695613731422,0,0.0
50368,2025-09-29 15:00:00,57.33856153384517,28.55,43.21,1.09,0.0,late,0.0,1.204419289152321e-06,0,0.0
50369,2025-09-29 16:00:00,55.80927490012513,26.68,49.22,0.49,0.0,late,0.0,7.540564391169313e-07,0,0.0
50370,2025-09-29 17:00:00,55.96995402581981,24.46,57.96,0.03,0.0,late,0.0,1.0658345095344061e-07,0,0.0
50371,2025-09-29 18:00:00,55.28158330497874,22.81,66.53,0.0,0.0,late,0.0,7.659662867679413e-08,0,0.0
50372,2025-09-29 19:00:00,56.03494016845571,21.84,73.05,0.0,0.0,late,0.0,4.5181078864890286e-08,0,0.0
50373,2025-09-29 20:00:00,56.59676923167972,21.12,78.62,0.0,0.0,late,0.0,4.409791416089583e-08,0,0.0
50374,2025-09-29 21:00:00,55.81394022014331,20.5,83.56,0.0,0.0,late,0.0,6.695035883945813e-08,0,0.0
50375,2025-09-29 22:00:00,55.96909257429032,19.93,87.86,0.0,0.0,late,0.0,7.505772737962774e-08,0,0.0
50376,2025-09-29 23:00:00,56.3830433286435,19.47,91.06,0.0,0.0,late,0.0,5.214935590830293e-08,0,0.0
50377,2025-09-30 00:00:00,56.24651789962272,19.27,92.29,0.0,0.0,late,0.0,1.9284029277763532e-08,0,0.0
50378,2025-09-30 01:00:00,56.51595544827074,19.27,91.83,0.0,0.0,late,0.0,6.444632685915953e-09,0,0.0
50379,2025-09-30 02:00:00,55.93733582265646,19.09,92.2,0.0,0.0,late,0.0,2.4292766213589266e-09,0,0.0
50380,2025-09-30 03:00:00,55.93690092071448,18.87,92.89,0.0,0.0,late,0.0,4.6437903330086416e-10,0,0.0
50381,2025-09-30 04:00:00,55.87213581093687,18.74,93.08,0.0,0.0,late,0.0,1.1010761300502574e-10,0,0.0
50382,2025-09-30 05:00:00,56.3724434643532,18.72,92.51,0.09,0.0,late,0.0,3.329613774236263e-11,0,0.0
50383,2025-09-30 06:00:00,55.3352411412991,21.26,77.7,0.8,0.0,late,0.0,2.9815012926064468e-09,0,0.0
50384,2025-09-30 07:00:00,55.88621217571265,23.83,62.14,1.61,0.0,late,0.0,6.316352979993104e-08,0,0.0
50385,2025-09-30 08:00:00,56.87689804776738,25.91,52.47,2.26,0.0,late,0.0,3.660682746660114e-08,0,0.0
50386,2025-09-30 09:00:00,54.72814944790412,27.73,45.67,2.71,0.0,late,0.0,8.383513102225986e-06,0,0.0
50387,2025-09-30 10:00:00,52.75091007486684,29.19,40.87,2.88,0.0,late,0.0,0.002240338349601847,0,0.0
50388,2025-09-30 11:00:00,52.65967945507187,30.06,38.05,2.83,0.0,late,0.0,0.010174474774247348,0,0.0
50389,2025-09-30 12:00:00,52.54279100486246,30.32,37.19,2.93,0.0,late,0.0,0.03039368557467001,0,0.0
50390,2025-09-30 13:00:00,50.6928521484052,29.95,38.26,2.51,0.0,late,0.0,0.4876753952308654,0,0.0
50391,2025-09-30 14:00:00,49.71465780099562,28.99,41.09,2.18,0.0,late,0.0,0.32305731953364086,0,0.0
50392,2025-09-30 15:00:00,48.7956006275778,27.61,45.13,1.35,0.0,late,0.0,0.04690579504564554,0,0.0
50393,2025-09-30 16:00:00,49.30956156609937,25.89,50.28,0.61,0.0,late,0.0,0.0004614698630758122,0,0.0
50394,2025-09-30 17:00:00,50.54668870640754,23.92,57.28,0.04,0.0,late,0.0,3.5740415760216096e-06,0,0.0
50395,2025-09-30 18:00:00,48.84486834885423,22.48,64.87,0.0,0.01,late,0.0,3.1530004147183993e-06,0,0.0
50396,2025-09-30 19:00:00,49.97048683432679,21.59,71.58,0.0,0.0,late,0.0,7.954288328421534e-07,0,0.0
50397,2025-09-30 20:00:00,49.0590826702717,20.97,77.37,0.0,0.01,late,0.0,7.626106805112426e-07,0,0.0
50398,2025-09-30 21:00:00,48.985003136432,20.44,82.43,0.0,0.01,late,0.0,5.603906809039929e-07,0,0.0
50399,2025-09-30 22:00:00,49.73338322968858,20.09,86.33,0.0,0.02,late,0.0,3.1987823910991867e-07,0,0.0
50400,2025-09-30 23:00:00,48.11786055947803,19.92,88.63,0.0,0.02,late,0.0,2.8992500004991403e-07,0,0.0
50401,2025-10-01 00:00:00,50.69281550262769,19.72,90.23,0.0,0.01,initial,0.0,1.0569179386419255e-07,0,0.0
50402,2025-10-01 01:00:00,49.82467497675056,19.49,91.75,0.0,0.03,initial,0.0,7.08684932872707e-08,0,0.0
50403,2025-10-01 02:00:00,50.26095341145584,19.33,92.91,0.0,0.02,initial,0.0,4.18622891610219e-08,0,0.0
50404,2025-10-01 03:00:00,49.238518737910624,19.24,93.21,0.0,0.02,initial,0.0,3.624271183276163e-08,0,0.0
50405,2025-10-01 04:00:00,49.87943098752658,19.12,93.66,0.0,0.03,initial,0.0,2.4687599507509935e-08,0,0.0
50406,2025-10-01 05:00:00,50.25356538113789,19.03,94.01,0.06,0.02,initial,0.0,1.208829768331592e-08,0,0.0
50407,2025-10-01 06:00:00,49.47225383342099,21.01,85.01,0.45,0.03,initial,0.0,3.568807940766868e-07,0,0.0
50408,2025-10-01 07:00:00,48.69931869237593,23.42,69.43,1.07,0.03,initial,0.0,0.000360490853936257,0,0.0
50409,2025-10-01 08:00:00,48.32457126670012,25.98,54.77,1.68,0.03,initial,4.635274126957153,0.16407467088750005,0,0.0
50410,2025-10-01 09:00:00,56.01237561918528,27.92,47.22,1.95,0.04,initial,0.0,1.876991201077308e-05,0,0.0
50411,2025-10-01 10:00:00,55.94006860566291,29.51,41.84,2.15,0.02,initial,0.0,0.00011570178793513087,0,0.0
50412,2025-10-01 11:00:00,54.95238156392163,30.47,38.51,2.37,0.01,initial,0.0,0.003828468866285761,0,0.0
50413,2025-10-01 12:00:00,53.99099162066295,30.56,38.05,2.18,0.01,initial,0.0,0.037583115983580155,0,0.0
50414,2025-10-01 13:00:00,54.24910395998073,30.44,38.87,1.59,0.01,initial,0.0,0.014549310376724835,0,0.0
50415,2025-10-01 14:00:00,52.74568586231332,29.89,40.36,1.38,0.02,initial,0.0,0.03737833474695163,0,0.0
50416,2025-10-01 15:00:00,52.157556480995126,28.74,43.82,0.88,0.02,initial,0.0,0.004254587491401424,0,0.0
50417,2025-10-01 16:00:00,53.04333149692314,26.94,50.26,0.4,0.01,initial,0.0,4.9543068504803714e-05,0,0.0
50418,2025-10-01 17:00:00,52.56033598753065,25.01,58.5,0.03,0.01,initial,0.0,8.068215185324701e-06,0,0.0
50419,2025-10-01 18:00:00,51.13986635169963,23.57,66.06,0.0,0.0,initial,0.0,6.416687912289037e-06,0,0.0
50420,2025-10-01 19:00:00,51.05521535179406,22.69,71.58,0.0,0.0,initial,0.0,3.3224019214070423e-06,0,0.0
50421,2025-10-01 20:00:00,51.23370047359058,22.06,76.1,0.0,0.0,initial,0.0,1.9613202668392e-06,0,0.0
50422,2025-10-01 21:00:00,52.09538777207571,21.48,80.36,0.0,0.0,initial,0.0,1.1371903999108572e-06,0,0.0
50423,2025-10-01 22:00:00,53.06264471202393,20.96,84.28,0.0,0.0,initial,0.0,7.285916315117519e-07,0,0.0
50424,2025-10-01 23:00:00,53.27779108256932,20.48,88.01,0.0,0.0,initial,0.0,3.0453103138994297e-07,0,0.0
50425,2025-10-02 00:00:00,52.72028110638858,20.03,91.37,0.0,0.0,initial,0.0,1.0924154780201739e-07,0,0.0
50426,2025-10-02 01:00:00,53.65019517393984,19.61,94.4,0.0,0.0,initial,0.0,4.971709867900304e-08,0,0.0
50427,2025-10-02 02:00:00,52.29368821583587,19.24,97.04,0.0,0.01,initial,0.0,2.990602596030934e-08,0,0.0
50428,2025-10-02 03:00:00,53.044610421287786,18.95,98.94,0.0,0.02,initial,0.0,9.54375260967531e-09,0,0.0
50429,2025-10-02 04:00:00,51.75042391512647,18.76,99.85,0.0,0.04,initial,0.0,5.48940115208699e-09,0,0.0
50430,2025-10-02 05:00:00,51.01250481935538,18.9,98.6,0.09,0.04,initial,0.0,5.443773175286414e-09,0,0.0
50431,2025-10-02 06:00:00,52.0729667665873,21.44,86.48,0.79,0.05,initial,0.0,5.8694685049073746e-08,0,0.0
50432,2025-10-02 07:00:00,52.09199705619319,23.89,71.36,1.57,0.05,initial,0.0,1.256727032364726e-05,0,0.0
50433,2025-10-02 08:00:00,53.95491760372737,26.22,57.28,1.9,0.05,initial,0.0,5.868682745260415e-05,0,0.0
50434,2025-10-02 09:00:00,51.59183029859582,27.91,50.13,2.34,0.18,initial,0.0,0.11958128618795805,0,0.0
50435,2025-10-02 10:00:00,50.26624954041001,29.31,44.87,2.7,0.1,initial,4.443749328452547,0.9065589948793763,1,4.3980616067075475
50436,2025-10-02 11:00:00,58.58584015725352,30.34,40.78,2.76,0.03,initial,0.0,1.8351012816550084e-06,0,0.0
50437,2025-10-02 12:00:00,56.53377780972291,30.51,39.26,2.52,0.05,initial,0.0,0.00024413940739945184,0,0.0
50438,2025-10-02 13:00:00,56.60865516577604,30.05,40.46,2.47,0.05,initial,0.0,0.00026803407722806043,0,0.0
50439,2025-10-02 14:00:00,56.63397188016667,29.13,42.84,2.06,0.06,initial,0.0,0.0001558415833016055,0,0.0
50440,2025-10-02 15:00:00,54.71698566375987,27.86,45.79,1.29,0.04,initial,0.0,0.0006164782862916128,0,0.0
50441,2025-10-02 16:00:00,56.34617687721998,26.38,50.24,0.55,0.03,initial,0.0,3.776212278083783e-06,0,0.0
50442,2025-10-02 17:00:00,55.85587392806536,24.64,57.91,0.03,0.01,initial,0.0,8.462994015585687e-07,0,0.0
50443,2025-10-02 18:00:00,55.24955564370251,23.13,66.71,0.0,0.01,initial,0.0,5.962387677029962e-07,0,0.0
50444,2025-10-02 19:00:00,56.38077691355101,22.32,72.77,0.0,0.01,initial,0.0,2.637466019478291e-07,0,0.0
50445,2025-10-02 20:00:00,54.6986328519596,21.65,78.07,0.0,0.02,initial,0.0,3.712134702102003e-07,0,0.0
50446,2025-10-02 21:00:00,55.66476554778168,21.08,82.9,0.0,0.02,initial,0.0,2.693469450468424e-07,0,0.0
50447,2025-10-02 22:00:00,55.28998654059779,20.72,86.83,0.0,0.03,initial,0.0,4.258644531776887e-07,0,0.0
50448,2025-10-02 23:00:00,54.65665586673092,20.59,89.43,0.0,0.08,initial,0.0,2.8522171445041054e-07,0,0.0
50449,2025-10-03 00:00:00,54.818206747169526,20.58,90.8,0.0,0.11,initial,0.0,1.3103432496415724e-07,0,0.0
50450,2025-10-03 01:00:00,57.12928852509369,20.44,91.93,0.0,0.16,initial,0.0,5.352332358642103e-08,0,0.0
50451,2025-10-03 02:00:00,56.51438329814816,20.14,93.07,0.0,0.13,initial,0.0,1.5138453161765974e-08,0,0.0
50452,2025-10-03 03:00:00,56.45353768150625,19.7,94.18,0.0,0.06,initial,0.0,1.8177941155971746e-09,0,0.0
50453,2025-10-03 04:00:00,55.29171695874388,19.39,94.49,0.0,0.04,initial,0.0,5.984576606116444e-10,0,0.0
50454,2025-10-03 05:00:00,56.39578769162797,19.37,93.52,0.09,0.03,initial,0.0,6.632231451529403e-11,0,0.0
50455,2025-10-03 06:00:00,55.5725052487323,21.26,86.59,0.78,0.03,initial,0.0,1.2131186630591712e-09,0,0.0
50456,2025-10-03 07:00:00,57.096319123472135,23.76,70.11,1.54,0.05,initial,0.0,1.7054555749882358e-08,0,0.0
50457,2025-10-03 08:00:00,56.45067820916604,26.16,54.56,2.1,0.09,initial,0.0,1.0692861499254721e-06,0,0.0
50458,2025-10-03 09:00:00,55.73000717879123,27.93,46.04,2.49,0.03,initial,0.0,4.961922807004738e-05,0,0.0
50459,2025-10-03 10:00:00,55.02034403089628,28.92,41.48,2.68,0.01,initial,0.0,0.0010313135998159416,0,0.0
50460,2025-10-03 11:00:00,53.59354707401353,29.27,40.12,2.67,0.01,initial,0.0,0.038021816853666665,0,0.0
50461,2025-10-03 12:00:00,53.32594897462781,29.27,40.04,2.16,0.01,initial,0.0,0.07741377677216833,0,0.0
50462,2025-10-03 13:00:00,53.46692377068386,28.9,41.11,2.09,0.01,initial,4.0331519444755735,0.03966513108405169,0,0.0
50463,2025-10-03 14:00:00,58.7006842414429,28.23,43.1,1.62,0.01,initial,0.0,2.906361306252577e-06,0,0.0
50464,2025-10-03 15:00:00,57.13147110902546,27.28,45.82,1.01,0.0,initial,0.0,8.97770609229938e-06,0,0.0
50465,2025-10-03 16:00:00,58.43797287552309,26.13,49.76,0.46,0.0,initial,0.0,3.60487425630185e-07,0,0.0
50466,2025-10-03 17:00:00,56.71142917662024,24.66,56.9,0.03,0.01,initial,0.0,4.448280490290088e-07,0,0.0
50467,2025-10-03 18:00:00,57.24382265556955,23.48,64.52,0.0,0.01,initial,0.0,2.0462318913261152e-07,0,0.0
50468,2025-10-03 19:00:00,56.951032634888925,22.66,71.48,0.0,0.05,initial,0.0,2.423818001097419e-07,0,0.0
50469,2025-10-03 20:00:00,55.29278472903248,22.15,77.7,0.0,0.04,initial,0.0,3.986297879351758e-07,0,0.0
50470,2025-10-03 21:00:00,57.59519094610018,21.87,82.52,0.0,0.06,initial,0.0,2.2277911051476362e-07,0,0.0
50471,2025-10-03 22:00:00,59.31819084890174,21.56,86.92,0.0,0.1,initial,0.0,2.0305069928650262e-07,0,0.0
50472,2025-10-03 23:00:00,58.0609598513341,21.21,90.27,0.0,0.18,initial,0.0,2.692944969773216e-07,0,0.0
50473,2025-10-04 00:00:00,60.45061308366999,20.98,91.94,0.0,0.22,initial,0.0,5.507524749976848e-08,0,0.0
50474,2025-10-04 01:00:00,58.28239726468446,20.67,93.14,0.0,0.26,initial,0.0,3.491856324465229e-08,0,0.0
50475,2025-10-04 02:00:00,58.90713008146715,20.09,94.81,0.0,0.26,initial,0.0,2.451350204609797e-09,0,0.0
50476,2025-10-04 03:00:00,58.834087161403424,19.68,95.74,0.0,0.15,initial,0.0,1.7670469092988398e-10,0,0.0
50477,2025-10-04 04:00:00,59.10323771667354,19.41,96.27,0.0,0.11,initial,0.0,1.448242099955703e-11,0,0.0
50478,2025-10-04 05:00:00,59.47597121414828,19.34,96.38,0.07,0.1,initial,0.0,2.8100367047079026e-12,0,0.0
50479,2025-10-04 06:00:00,60.53821106332255,21.15,92.23,0.51,0.12,initial,0.0,3.226660881575632e-12,0,0.0
50480,2025-10-04 07:00:00,58.66520831386658,23.03,81.23,1.16,0.15,initial,0.0,2.716392868853728e-10,0,0.0
50481,2025-10-04 08:00:00,59.11823940647875,25.48,63.54,1.81,0.1,initial,0.0,5.8697077718590344e-09,0,0.0
50482,2025-10-04 09:00:00,59.38385741328011,27.02,56.4,2.38,0.22,initial,0.0,2.989002853803208e-08,0,0.0
50483,2025-10-04 10:00:00,59.55907585137388,27.85,54.12,2.68,0.2,initial,0.0,8.290212179267053e-08,0,0.0
50484,2025-10-04 11:00:00,56.42009766152583,28.25,53.67,2.6,0.23,initial,0.0,9.756845628175329e-05,0,0.0
50485,2025-10-04 12:00:00,56.65258414305969,28.2,54.48,2.62,0.26,initial,0.0,0.00010395954101575307,0,0.0
50486,2025-10-04 13:00:00,57.51508709208583,27.87,56.13,2.07,0.31,initial,0.0,2.9930198443895803e-05,0,0.0
50487,2025-10-04 14:00:00,58.171777880741445,27.34,58.35,1.43,0.32,initial,0.0,6.684260941424822e-06,0,0.0
50488,2025-10-04 15:00:00,56.77181274188355,26.65,61.22,0.88,0.3,initial,0.0,1.8554243149548333e-05,0,0.0
50489,2025-10-04 16:00:00,57.69148711433006,25.45,66.82,0.38,0.28,initial,0.0,1.304970269317367e-06,0,0.0
50490,2025-10-04 17:00:00,58.89492817713853,23.85,76.25,0.03,0.27,initial,0.0,1.7319158176904162e-07,0,0.0
50491,2025-10-04 18:00:00,57.6209110447608,22.63,85.35,0.0,0.24,initial,0.0,2.239738552551783e-07,0,0.0
50492,2025-10-04 19:00:00,57.70510557645119,22.05,90.68,0.0,0.22,initial,0.0,2.1140831851781826e-07,0,0.0
50493,2025-10-04 20:00:00,58.50261863093767,21.72,94.16,0.0,0.19,initial,0.0,2.2266540426802682e-07,0,0.0
50494,2025-10-04 21:00:00,58.4941539748888,21.71,94.75,0.0,0.18,initial,0.0,3.013935203739762e-07,0,0.0
50495,2025-10-04 22:00:00,58.77933233081357,21.66,95.39,0.0,0.18,initial,0.0,4.6084888640124955e-07,0,0.0
50496,2025-10-04 23:00:00,58.65544306437487,21.61,95.43,0.0,0.18,initial,0.0,3.7240024042934993e-07,0,0.0
50497,2025-10-05 00:00:00,58.83192379841406,21.38,96.28,0.0,0.19,initial,0.0,1.4225420783615157e-07,0,0.0
50498,2025-10-05 01:00:00,58.52158906277156,21.09,96.98,0.0,0.23,initial,0.0,3.588269674359154e-08,0,0.0
50499,2025-10-05 02:00:00,60.10326484623274,20.78,97.37,0.0,0.23,initial,0.0,1.0572789909502855e-09,0,0.0
50500,2025-10-05 03:00:00,59.08083079665362,20.52,97.62,0.0,0.24,initial,0.0,2.2178464051508493e-10,0,0.0
50501,2025-10-05 04:00:00,59.533924441083904,20.4,97.52,0.0,0.22,initial,0.0,1.6609436675964325e-11,0,0.0
50502,2025-10-05 05:00:00,59.441846822872286,20.4,97.11,0.08,0.17,initial,0.0,5.603035244506119e-12,0,0.0
50503,2025-10-05 06:00:00,60.389211542366894,21.66,93.84,0.46,0.2,initial,0.0,4.24239946188114e-12,0,0.0
50504,2025-10-05 07:00:00,60.76769366997616,23.25,85.38,1.09,0.23,initial,0.0,1.874499291370809e-11,0,0.0
50505,2025-10-05 08:00:00,59.723817013012194,25.8,67.03,1.78,0.18,initial,0.0,2.1447324670764285e-09,0,0.0
50506,2025-10-05 09:00:00,60.18206685511309,27.77,56.12,2.18,0.25,initial,0.0,8.904587637630377e-09,0,0.0
50507,2025-10-05 10:00:00,60.13647148897739,29.17,50.23,2.58,0.2,initial,0.0,3.5860985131223295e-08,0,0.0
50508,2025-10-05 11:00:00,58.214993819808434,30.11,46.58,2.52,0.14,initial,0.0,4.2005015700591596e-06,0,0.0
50509,2025-10-05 12:00:00,58.21365138672998,30.53,44.77,2.51,0.07,initial,0.0,8.180932147184845e-06,0,0.0
50510,2025-10-05 13:00:00,59.60329095299163,30.45,44.58,1.98,0.04,initial,0.0,9.124810446992931e-07,0,0.0
50511,2025-10-05 14:00:00,56.97963133037934,29.94,45.72,1.69,0.02,initial,0.0,8.214849576777959e-05,0,0.0
50512,2025-10-05 15:00:00,57.604821011850895,28.93,48.45,1.06,0.01,initial,0.0,1.1101175770788006e-05,0,0.0
50513,2025-10-05 16:00:00,56.26370686912299,27.31,53.79,0.47,0.0,initial,0.0,4.504698997222973e-06,0,0.0
50514,2025-10-05 17:00:00,56.63911251950282,25.45,61.47,0.03,0.0,initial,0.0,7.067597313910771e-07,0,0.0
50515,2025-10-05 18:00:00,55.85368318465183,23.99,69.24,0.0,0.01,initial,0.0,6.32276324830158e-07,0,0.0
50516,2025-10-05 19:00:00,54.98262299645486,23.19,74.38,0.0,0.01,initial,0.0,8.209824668731444e-07,0,0.0
50517,2025-10-05 20:00:00,56.17623496603504,22.64,78.5,0.0,0.02,initial,0.0,4.0855176093596677e-07,0,0.0
50518,2025-10-05 21:00:00,56.90749052656528,22.25,81.83,0.0,0.02,initial,0.0,3.470364811099211e-07,0,0.0
50519,2025-10-05 22:00:00,57.13414731191188,21.86,84.75,0.0,0.03,initial,0.0,4.437163599594389e-07,0,0.0
50520,2025-10-05 23:00:00,56.74345079488499,21.61,86.79,0.0,0.03,initial,0.0,4.054030959451802e-07,0,0.0
50521,2025-10-06 00:00:00,56.04461110625876,21.33,88.77,0.0,0.03,initial,0.0,1.9953807047651817e-07,0,0.0
50522,2025-10-06 01:00:00,57.44022666020006,21.1,90.41,0.0,0.03,initial,0.0,7.286202758388346e-08,0,0.0
50523,2025-10-06 02:00:00,56.16394980172189,20.91,91.74,0.0,0.03,initial,0.0,3.117705226447791e-08,0,0.0
50524,2025-10-06 03:00:00,56.25045141186614,20.68,93.28,0.0,0.03,initial,0.0,3.857548235138481e-09,0,0.0
50525,2025-10-06 04:00:00,56.03234056697081,20.43,94.94,0.0,0.03,initial,0.0,5.486095570583812e-10,0,0.0
50526,2025-10-06 05:00:00,56.528094119118194,20.36,95.98,0.09,0.04,initial,0.0,1.027122459145441e-10,0,0.0
50527,2025-10-06 06:00:00,56.71756116423961,21.95,90.1,0.7,0.07,initial,0.0,4.29522187645294e-10,0,0.0
50528,2025-10-06 07:00:00,57.17130319380994,23.88,79.04,1.36,0.14,initial,0.0,4.770947132796913e-09,0,0.0
50529,2025-10-06 08:00:00,55.732685565387946,26.36,64.34,1.92,0.2,initial,0.0,1.9270653802462248e-06,0,0.0
50530,2025-10-06 09:00:00,56.05863279854964,28.38,54.61,2.37,0.11,initial,0.0,2.505549601574859e-05,0,0.0
50531,2025-10-06 10:00:00,55.30524779632984,29.77,48.85,2.73,0.13,initial,0.0,0.0007028014967766928,0,0.0
50532,2025-10-06 11:00:00,55.74481047838865,30.76,45.22,2.81,0.14,initial,0.0,0.0008851731201547973,0,0.0
50533,2025-10-06 12:00:00,55.03899924085681,31.35,43.23,2.62,0.11,initial,0.0,0.006202019914380602,0,0.0
50534,2025-10-06 13:00:00,53.367908007306994,31.01,44.1,2.15,0.09,initial,0.0,0.11886532456986443,0,0.0
50535,2025-10-06 14:00:00,54.02909635708072,30.21,46.76,1.8,0.07,initial,0.0,0.018534479727984398,0,0.0
50536,2025-10-06 15:00:00,53.14283462595385,29.05,50.93,1.06,0.06,initial,0.0,0.0036966330529919055,0,0.0
50537,2025-10-06 16:00:00,53.49761756799156,27.44,57.04,0.45,0.04,initial,0.0,5.4807413960490675e-05,0,0.0
50538,2025-10-06 17:00:00,52.1912913220936,25.58,65.32,0.03,0.03,initial,0.0,1.5714241156402426e-05,0,0.0
50539,2025-10-06 18:00:00,53.21805436948917,24.18,73.42,0.0,0.03,initial,0.0,3.0759850400397866e-06,0,0.0
50540,2025-10-06 19:00:00,53.47518665686828,23.43,79.6,0.0,0.03,initial,0.0,2.319742212195946e-06,0,0.0
50541,2025-10-06 20:00:00,52.87583609832101,22.9,84.83,0.0,0.03,initial,0.0,2.1812375677796222e-06,0,0.0
50542,2025-10-06 21:00:00,54.54897132333071,22.61,88.5,0.0,0.04,initial,0.0,1.3249846822829005e-06,0,0.0
50543,2025-10-06 22:00:00,53.3138803856187,22.44,90.86,0.0,0.04,initial,0.0,1.5420369054697972e-06,0,0.0
50544,2025-10-06 23:00:00,54.40594222797483,22.27,92.29,0.0,0.06,initial,0.0,9.0385952718343e-07,0,0.0
50545,2025-10-07 00:00:00,55.07567819805585,22.06,93.13,0.0,0.05,initial,0.0,3.725291683915131e-07,0,0.0
50546,2025-10-07 01:00:00,51.76988534388375,21.78,93.77,0.0,0.04,initial,0.0,3.037516897050885e-07,0,0.0
50547,2025-10-07 02:00:00,54.09202154014926,21.46,94.6,0.0,0.05,initial,0.0,1.2127473142583656e-07,0,0.0
50548,2025-10-07 03:00:00,53.63377079499544,21.13,95.45,0.0,0.04,initial,0.0,2.5731965134951457e-08,0,0.0
50549,2025-10-07 04:00:00,53.46542215813896,20.91,95.95,0.0,0.04,initial,0.0,5.8319101377556135e-09,0,0.0
50550,2025-10-07 05:00:00,52.79201095067356,20.82,95.96,0.09,0.04,initial,0.0,4.199730184621014e-09,0,0.0
50551,2025-10-07 06:00:00,52.682653732393184,22.3,88.47,0.66,0.06,initial,0.0,3.2090784250707124e-08,0,0.0
50552,2025-10-07 07:00:00,52.42863916016505,24.48,74.79,1.37,0.06,initial,0.0,5.386187281434099e-06,0,0.0
50553,2025-10-07 08:00:00,54.751787640807365,26.89,60.84,1.93,0.07,initial,0.0,1.4844373732952094e-05,0,0.0
50554,2025-10-07 09:00:00,52.88037573743066,28.99,52.07,2.31,0.05,initial,0.0,0.015212794318196273,0,0.0
50555,2025-10-07 10:00:00,50.785421689563215,30.74,46.0,2.67,0.04,initial,4.080082274137169,0.8749481391676402,1,4.382389275501128
50556,2025-10-07 11:00:00,57.12358018479321,31.87,42.46,2.55,0.03,initial,0.0,5.5906664170583145e-05,0,0.0
50557,2025-10-07 12:00:00,55.61207730107928,32.42,40.63,2.51,0.03,initial,0.0,0.002917878856449802,0,0.0
50558,2025-10-07 13:00:00,57.465291287620346,32.5,40.28,2.39,0.02,initial,0.0,0.00010132243549012872,0,0.0
50559,2025-10-07 14:00:00,55.90596621338144,32.06,40.93,1.99,0.02,initial,0.0,0.001315851241504615,0,0.0
50560,2025-10-07 15:00:00,55.74440073492365,30.83,43.72,1.24,0.01,initial,0.0,0.000288311103440256,0,0.0
50561,2025-10-07 16:00:00,54.95350331356112,28.92,49.64,0.53,0.0,initial,0.0,2.3974681084370625e-05,0,0.0
50562,2025-10-07 17:00:00,55.51025047035581,26.69,57.95,0.03,0.0,initial,0.0,1.7268605837120925e-06,0,0.0
50563,2025-10-07 18:00:00,54.434529533376974,24.95,65.59,0.0,0.0,initial,0.0,1.9573325492894825e-06,0,0.0
50564,2025-10-07 19:00:00,54.98836319096497,23.89,70.85,0.0,0.0,initial,0.0,9.666505995946076e-07,0,0.0
50565,2025-10-07 20:00:00,54.97124800683188,23.14,75.23,0.0,0.0,initial,0.0,7.186230438166643e-07,0,0.0
50566,2025-10-07 21:00:00,53.823770235527725,22.53,79.31,0.0,0.0,initial,0.0,1.078435080224387e-06,0,0.0
50567,2025-10-07 22:00:00,54.17357823496981,21.88,83.59,0.0,0.0,initial,0.0,1.0274010440700802e-06,0,0.0
50568,2025-10-07 23:00:00,54.509686626256055,21.32,87.4,0.0,0.0,initial,0.0,5.043194369935395e-07,0,0.0
50569,2025-10-08 00:00:00,55.00880768051192,20.9,90.2,0.0,0.0,initial,0.0,1.6268055626445142e-07,0,0.0
50570,2025-10-08 01:00:00,55.86274683304021,20.57,92.33,0.0,0.0,initial,0.0,7.914413929349639e-08,0,0.0
50571,2025-10-08 02:00:00,54.84459804488559,20.31,93.87,0.0,0.0,initial,0.0,4.052647104706961e-08,0,0.0
50572,2025-10-08 03:00:00,54.68183613872081,20.05,95.25,0.0,0.0,initial,0.0,7.564805373561363e-09,0,0.0
50573,2025-10-08 04:00:00,54.99998844582719,19.83,96.31,0.0,0.0,initial,0.0,9.185320809071466e-10,0,0.0
50574,2025-10-08 05:00:00,54.62635562297344,19.83,96.09,0.1,0.0,initial,0.0,4.803627973667612e-10,0,0.0
50575,2025-10-08 06:00:00,54.73384548822918,21.77,84.72,0.78,0.0,initial,0.0,4.337107143015557e-09,0,0.0
50576,2025-10-08 07:00:00,55.7712407298358,24.34,68.73,1.58,0.0,initial,0.0,1.57843311260196e-07,0,0.0
50577,2025-10-08 08:00:00,54.00625979173447,26.4,57.84,2.26,0.0,initial,0.0,9.64056554341132e-05,0,0.0
50578,2025-10-08 09:00:00,53.878128325940345,28.22,50.34,2.71,0.01,initial,0.0,0.002342758634445854,0,0.0
50579,2025-10-08 10:00:00,52.51766568577897,29.69,44.77,2.84,0.01,initial,0.0,0.1496491165096039,0,0.0
50580,2025-10-08 11:00:00,53.32017391458014,30.71,41.19,2.69,0.0,initial,4.012770076430989,0.10510424781317951,0,0.0
50581,2025-10-08 12:00:00,57.52272841435893,31.19,39.45,2.67,0.0,initial,0.0,3.864253567646969e-05,0,0.0
50582,2025-10-08 13:00:00,57.47220663718806,31.12,39.47,2.09,0.0,initial,0.0,7.497673710582173e-05,0,0.0
50583,2025-10-08 14:00:00,57.680769310208,30.53,41.13,1.63,0.01,initial,0.0,2.5829782075405823e-05,0,0.0
50584,2025-10-08 15:00:00,55.68584609004024,29.54,44.3,1.0,0.01,initial,0.0,0.00011456962548143953,0,0.0
50585,2025-10-08 16:00:00,56.71163776397443,28.05,49.27,0.38,0.01,initial,0.0,2.0861238528505976e-06,0,0.0
50586,2025-10-08 17:00:00,54.18457234944093,26.19,56.77,0.03,0.0,initial,0.0,3.8091700363132053e-06,0,0.0
50587,2025-10-08 18:00:00,54.95029074780813,24.66,64.82,0.0,0.0,initial,0.0,1.2949075211054115e-06,0,0.0
50588,2025-10-08 19:00:00,55.748487361634126,23.64,71.56,0.0,0.0,initial,0.0,6.740565299992636e-07,0,0.0
50589,2025-10-08 20:00:00,57.751549968130185,22.9,77.43,0.0,0.0,initial,0.0,2.613857238966996e-07,0,0.0
50590,2025-10-08 21:00:00,55.95271257965225,22.23,82.97,0.0,0.01,initial,0.0,5.044412337925587e-07,0,0.0
50591,2025-10-08 22:00:00,55.98225281470356,21.63,88.07,0.0,0.01,initial,0.0,6.645261882773014e-07,0,0.0
50592,2025-10-08 23:00:00,56.80451730709405,21.2,92.13,0.0,0.03,initial,0.0,3.6424211676226643e-07,0,0.0
50593,2025-10-09 00:00:00,55.07975586022858,20.99,94.87,0.0,0.05,initial,0.0,1.7273739000562155e-07,0,0.0
50594,2025-10-09 01:00:00,53.60967952479711,20.89,96.5,0.0,0.07,initial,0.0,1.2412041025211457e-07,0,0.0
50595,2025-10-09 02:00:00,57.535918955407226,20.9,97.06,0.0,0.09,initial,0.0,1.0266729073049493e-08,0,0.0
50596,2025-10-09 03:00:00,56.65756419969957,20.95,97.35,0.0,0.02,initial,0.0,2.2636194685820474e-09,0,0.0
50597,2025-10-09 04:00:00,55.84261804758078,21.09,97.19,0.0,0.02,initial,0.0,8.178145031411797e-10,0,0.0
50598,2025-10-09 05:00:00,56.26972413256745,21.19,96.82,0.08,0.02,initial,0.0,2.1588667183985383e-10,0,0.0
50599,2025-10-09 06:00:00,57.09054631518092,22.59,91.02,0.57,0.02,initial,0.0,3.2629523450715056e-10,0,0.0
50600,2025-10-09 07:00:00,55.96065958168513,24.76,76.53,1.25,0.01,initial,0.0,4.188350301019326e-08,0,0.0
50601,2025-10-09 08:00:00,55.79889357723855,27.37,59.4,1.77,0.0,initial,0.0,2.8991357082412183e-06,0,0.0
50602,2025-10-09 09:00:00,56.77231465817322,29.18,51.19,2.24,0.0,initial,0.0,7.384825998046532e-06,0,0.0
50603,2025-10-09 10:00:00,53.50164049953811,30.52,45.97,2.39,0.01,initial,0.0,0.03336238706830489,0,0.0
50604,2025-10-09 11:00:00,54.18654740887046,31.43,42.21,2.44,0.01,initial,0.0,0.02647851143411438,0,0.0
50605,2025-10-09 12:00:00,52.032989278966056,31.68,40.74,2.33,0.0,initial,0.0,0.6753006829828103,1,4.217355043639832
50606,2025-10-09 13:00:00,53.52497239493439,31.26,41.66,2.33,0.0,initial,4.085697328089978,0.0987676210000672,0,0.0
50607,2025-10-09 14:00:00,58.658315917288434,30.52,43.15,1.81,0.0,initial,0.0,6.0694428184907175e-06,0,0.0
50608,2025-10-09 15:00:00,57.33542996482922,29.35,46.19,1.12,0.0,initial,0.0,1.7739068431857007e-05,0,0.0
50609,2025-10-09 16:00:00,56.30334616960052,27.75,51.18,0.51,0.0,initial,0.0,4.571789586768569e-06,0,0.0
50610,2025-10-09 17:00:00,57.02638368986866,25.82,59.37,0.03,0.0,initial,0.0,5.275600006662074e-07,0,0.0
50611,2025-10-09 18:00:00,57.455041108770445,24.28,67.95,0.0,0.0,initial,0.0,2.9016478384909043e-07,0,0.0
50612,2025-10-09 19:00:00,58.23328384671951,23.27,74.66,0.0,0.0,initial,0.0,2.0747248190198722e-07,0,0.0
50613,2025-10-09 20:00:00,56.43164987377934,22.68,79.38,0.0,0.0,initial,0.0,4.0111287485043386e-07,0,0.0
50614,2025-10-09 21:00:00,56.646842189508654,22.23,82.73,0.0,0.0,initial,0.0,3.912590537988452e-07,0,0.0
50615,2025-10-09 22:00:00,56.90890823552058,21.85,85.12,0.0,0.0,initial,0.0,4.840310301077579e-07,0,0.0
50616,2025-10-09 23:00:00,56.6863907298227,21.67,86.14,0.0,0.0,initial,0.0,4.198036941876745e-07,0,0.0
50617,2025-10-10 00:00:00,56.89489635883186,21.45,87.37,0.0,0.0,initial,0.0,1.9839993379205418e-07,0,0.0
50618,2025-10-10 01:00:00,56.55040138554863,21.22,88.49,0.0,0.0,initial,0.0,1.0818766811170078e-07,0,0.0
50619,2025-10-10 02:00:00,57.64025072053914,21.01,89.54,0.0,0.0,initial,0.0,1.2663532597852113e-08,0,0.0
50620,2025-10-10 03:00:00,56.92018799714971,20.82,90.52,0.0,0.0,initial,0.0,2.6472900728960693e-09,0,0.0
50621,2025-10-10 04:00:00,57.315184703009926,20.68,91.39,0.0,0.0,initial,0.0,2.134924398436641e-10,0,0.0
50622,2025-10-10 05:00:00,57.54998233810655,20.78,91.13,0.12,0.0,initial,0.0,6.263097017334047e-11,0,0.0
50623,2025-10-10 06:00:00,56.21551452281206,22.41,81.77,0.83,0.01,initial,0.0,1.764163546846442e-09,0,0.0
50624,2025-10-10 07:00:00,57.603304220450624,24.75,68.11,1.74,0.01,initial,0.0,1.5596570282704455e-08,0,0.0
50625,2025-10-10 08:00:00,56.91603779689794,27.02,57.34,2.25,0.01,initial,0.0,6.593896026110084e-07,0,0.0
50626,2025-10-10 09:00:00,56.38688626725829,29.03,49.22,2.61,0.02,initial,0.0,1.7273504999172957e-05,0,0.0
50627,2025-10-10 10:00:00,55.44464789515099,30.5,44.0,2.85,0.01,initial,0.0,0.0006645868557356874,0,0.0
50628,2025-10-10 11:00:00,54.59001650778471,31.73,40.08,2.9,0.01,initial,0.0,0.010838896611350887,0,0.0
50629,2025-10-10 12:00:00,54.07636877837256,32.33,37.95,2.62,0.01,initial,0.0,0.05160416468122965,0,0.0
50630,2025-10-10 13:00:00,53.36427198531011,32.31,37.59,2.13,0.01,initial,0.0,0.159891214267069,0,0.0
50631,2025-10-10 14:00:00,51.67635971718979,31.73,38.99,1.73,0.01,initial,0.0,0.3016593421460037,0,0.0
50632,2025-10-10 15:00:00,53.33826568040392,30.61,42.02,1.1,0.01,initial,0.0,0.0031522599412788484,0,0.0
50633,2025-10-10 16:00:00,51.14149001781284,28.95,47.58,0.5,0.01,initial,0.0,0.0009139309615560639,0,0.0
50634,2025-10-10 17:00:00,51.56082781225983,26.8,56.67,0.03,0.01,initial,0.0,3.004262809347303e-05,0,0.0
50635,2025-10-10 18:00:00,52.452124730609896,25.03,66.57,0.0,0.01,initial,0.0,6.597566543576663e-06,0,0.0
50636,2025-10-10 19:00:00,51.25903974618006,23.93,74.62,0.0,0.01,initial,0.0,6.296437929218771e-06,0,0.0
50637,2025-10-10 20:00:00,51.73454205161279,23.18,81.3,0.0,0.01,initial,0.0,3.263594438371359e-06,0,0.0
50638,2025-10-10 21:00:00,49.81697389278151,22.62,86.91,0.0,0.02,initial,0.0,2.834648304126303e-06,0,0.0
50639,2025-10-10 22:00:00,50.00951843505894,22.2,91.28,0.0,0.02,initial,0.0,1.8583782503879605e-06,0,0.0
50640,2025-10-10 23:00:00,51.62449479349531,21.94,94.11,0.0,0.04,initial,0.0,8.421095707774526e-07,0,0.0
50641,2025-10-11 00:00:00,51.84653573509894,21.8,95.46,0.0,0.04,initial,0.0,4.191833972111695e-07,0,0.0
50642,2025-10-11 01:00:00,52.65486303353092,21.65,96.39,0.0,0.06,initial,0.0,2.448255740110375e-07,0,0.0
50643,2025-10-11 02:00:00,52.485888138987015,21.56,96.89,0.0,0.06,initial,0.0,1.6539934122677465e-07,0,0.0
50644,2025-10-11 03:00:00,50.62132360175325,21.28,97.75,0.0,0.04,initial,0.0,1.254739155176447e-07,0,0.0
50645,2025-10-11 04:00:00,52.94707495673618,20.8,99.03,0.0,0.03,initial,0.0,6.3575236144294214e-09,0,0.0
50646,2025-10-11 05:00:00,51.017509860938006,20.79,98.38,0.13,0.03,initial,0.0,1.4510653508056405e-08,0,0.0
50647,2025-10-11 06:00:00,52.697686261616205,22.47,91.38,0.9,0.03,initial,0.0,4.8012088988187357e-08,0,0.0
50648,2025-10-11 07:00:00,51.46662985017166,24.42,78.65,1.79,0.02,initial,0.0,3.058982077063623e-05,0,0.0
50649,2025-10-11 08:00:00,53.6181471160365,27.35,60.67,2.61,0.01,initial,0.0,0.0003212063866210287,0,0.0
50650,2025-10-11 09:00:00,50.42712804307944,29.62,50.53,3.0,0.01,initial,4.271321150393135,0.6559436319320519,1,4.431668639573558
50651,2025-10-11 10:00:00,57.28740708845019,31.34,44.52,2.9,0.01,initial,0.0,1.5076383868863468e-05,0,0.0
50652,2025-10-11 11:00:00,56.7227100641775,32.5,40.91,2.77,0.01,initial,0.0,0.00015894198738452544,0,0.0
50653,2025-10-11 12:00:00,55.62457379465422,33.09,39.15,2.63,0.01,initial,0.0,0.0032540622969458224,0,0.0
50654,2025-10-11 13:00:00,54.25778734313783,33.05,39.33,1.96,0.0,initial,0.0,0.04374757975663256,0,0.0
50655,2025-10-11 14:00:00,56.1346593177047,32.44,41.25,1.97,0.0,initial,0.0,0.0009619029426375292,0,0.0
50656,2025-10-11 15:00:00,53.32424445438638,31.29,44.64,1.22,0.0,initial,0.0,0.005555457163299751,0,0.0
50657,2025-10-11 16:00:00,52.90059012317688,29.74,49.82,0.53,0.0,initial,0.0,0.00026462658092173325,0,0.0
50658,2025-10-11 17:00:00,53.12580331036027,27.7,58.36,0.03,0.0,initial,0.0,1.3564406447748887e-05,0,0.0
50659,2025-10-11 18:00:00,53.36792183319828,26.03,67.05,0.0,0.0,initial,0.0,5.874129136572868e-06,0,0.0
50660,2025-10-11 19:00:00,52.66543361466148,24.89,74.21,0.0,0.0,initial,0.0,5.304192387633183e-06,0,0.0
50661,2025-10-11 20:00:00,53.976113998081885,23.99,80.7,0.0,0.0,initial,0.0,2.275658864084772e-06,0,0.0
50662,2025-10-11 21:00:00,53.33550436607939,23.34,85.76,0.0,0.0,initial,0.0,2.3117802086379656e-06,0,0.0
50663,2025-10-11 22:00:00,53.24189945022452,22.88,89.65,0.0,0.01,initial,0.0,1.911350272510541e-06,0,0.0
50664,2025-10-11 23:00:00,53.68480118677953,22.58,92.23,0.0,0.01,initial,0.0,1.1703639543068633e-06,0,0.0
50665,2025-10-12 00:00:00,52.58444339828322,22.3,94.17,0.0,0.02,initial,0.0,5.833441115028115e-07,0,0.0
50666,2025-10-12 01:00:00,52.82029488406665,22.02,95.81,0.0,0.02,initial,0.0,3.1808840176046547e-07,0,0.0
50667,2025-10-12 02:00:00,53.29568408020314,21.76,97.2,0.0,0.02,initial,0.0,1.644924681098991e-07,0,0.0
50668,2025-10-12 03:00:00,54.069759692620806,21.54,98.34,0.0,0.01,initial,0.0,1.9641151881634808e-08,0,0.0
50669,2025-10-12 04:00:00,53.14321847362199,21.33,99.27,0.0,0.01,initial,0.0,6.823619313845342e-09,0,0.0
50670,2025-10-12 05:00:00,53.09714264044269,21.42,98.71,0.1,0.01,initial,0.0,3.322085965326552e-09,0,0.0
50671,2025-10-12 06:00:00,51.68909610510339,23.32,88.7,0.69,0.02,initial,0.0,1.7841298129634052e-07,0,0.0
50672,2025-10-12 07:00:00,52.62743975236874,25.66,72.98,1.51,0.01,initial,0.0,1.2457632475095715e-05,0,0.0
50673,2025-10-12 08:00:00,51.47622076980191,28.17,59.05,2.21,0.01,initial,0.0,0.009818783199305039,0,0.0
50674,2025-10-12 09:00:00,51.12499055270999,30.22,50.22,2.3,0.01,initial,0.0,0.3171262214539203,0,0.0
50675,2025-10-12 10:00:00,51.86175850108982,31.87,44.35,2.53,0.01,initial,4.340795780333551,0.561770521792896,1,4.409938470829926
50676,2025-10-12 11:00:00,60.7023235481782,32.99,40.49,2.82,0.01,initial,0.0,4.4597582043957224e-08,0,0.0
50677,2025-10-12 12:00:00,57.41893388805781,33.44,38.8,2.56,0.01,initial,0.0,8.198475492741251e-05,0,0.0
50678,2025-10-12 13:00:00,56.77318873639919,33.29,38.97,2.18,0.01,initial,0.0,0.00043441882911037286,0,0.0
50679,2025-10-12 14:00:00,55.22155823052438,32.52,41.02,1.79,0.01,initial,0.0,0.004275331721861534,0,0.0
50680,2025-10-12 15:00:00,54.4282495321262,31.32,44.35,1.07,0.0,initial,0.0,0.0010797138355577948,0,0.0
50681,2025-10-12 16:00:00,56.513787375802416,29.64,49.57,0.46,0.0,initial,0.0,4.430555982110219e-06,0,0.0
50682,2025-10-12 17:00:00,54.01850768505827,27.65,57.72,0.03,0.0,initial,0.0,6.509946519248702e-06,0,0.0
50683,2025-10-12 18:00:00,53.06289964678853,26.12,66.02,0.0,0.0,initial,0.0,7.202815419688526e-06,0,0.0
50684,2025-10-12 19:00:00,54.85925037722959,25.11,72.55,0.0,0.0,initial,0.0,2.1722814357060837e-06,0,0.0
50685,2025-10-12 20:00:00,54.3189921292507,24.37,77.54,0.0,0.0,initial,0.0,2.1445958875726237e-06,0,0.0
50686,2025-10-12 21:00:00,55.15198704352307,23.83,81.11,0.0,0.01,initial,0.0,1.5895942431833695e-06,0,0.0
50687,2025-10-12 22:00:00,55.941901703508464,23.28,84.62,0.0,0.01,initial,0.0,1.2346066958528932e-06,0,0.0
50688,2025-10-12 23:00:00,54.9955009886372,22.97,86.64,0.0,0.01,initial,0.0,1.2314545968023024e-06,0,0.0
50689,2025-10-13 00:00:00,54.89433699322854,22.7,88.48,0.0,0.01,initial,0.0,6.482962609058656e-07,0,0.0
50690,2025-10-13 01:00:00,55.25299712359413,22.28,91.27,0.0,0.01,initial,0.0,2.973444150626895e-07,0,0.0
50691,2025-10-13 02:00:00,56.901566714932336,21.89,93.86,0.0,0.01,initial,0.0,2.980770517881049e-08,0,0.0
50692,2025-10-13 03:00:00,56.5731073418593,21.51,96.37,0.0,0.01,initial,0.0,3.4204957147374607e-09,0,0.0
50693,2025-10-13 04:00:00,54.51003469530709,21.27,97.76,0.0,0.01,initial,0.0,2.5822780240514448e-09,0,0.0
50694,2025-10-13 05:00:00,55.535145399189766,21.4,97.03,0.11,0.01,initial,0.0,4.873501645580259e-10,0,0.0
50695,2025-10-13 06:00:00,56.22917320963998,23.23,86.98,0.76,0.02,initial,0.0,1.8506672580049882e-09,0,0.0
50696,2025-10-13 07:00:00,55.18225627487024,25.65,71.36,1.49,0.03,initial,0.0,3.936132194973311e-07,0,0.0
50697,2025-10-13 08:00:00,54.205692072489605,28.11,58.44,1.95,0.03,initial,0.0,6.977052374901543e-05,0,0.0
50698,2025-10-13 09:00:00,53.31095983435013,30.21,49.95,2.59,0.02,initial,0.0,0.009812153383089694,0,0.0
50699,2025-10-13 10:00:00,53.09697103135501,32.03,43.77,2.77,0.01,initial,0.0,0.11865964719588544,0,0.0
50700,2025-10-13 11:00:00,51.333891081348646,33.35,39.43,2.91,0.01,initial,4.277915272434299,0.9003500007582225,1,4.49771513938102
50701,2025-10-13 12:00:00,59.29186591785909,34.04,37.19,3.03,0.01,initial,0.0,1.8046947748014657e-06,0,0.0
50702,2025-10-13 13:00:00,58.90351407447682,34.06,37.03,2.26,0.0,initial,0.0,6.1663902816630775e-06,0,0.0
50703,2025-10-13 14:00:00,56.76956475909163,33.43,38.73,1.91,0.0,initial,0.0,0.0003788731793356524,0,0.0
50704,2025-10-13 15:00:00,56.15216104829899,32.29,41.71,1.19,0.0,initial,0.0,0.00018650482181004774,0,0.0
50705,2025-10-13 16:00:00,55.26143190232678,30.65,46.44,0.52,0.0,initial,0.0,2.4237313030813603e-05,0,0.0
50706,2025-10-13 17:00:00,56.26959571807222,28.59,53.73,0.03,0.0,initial,0.0,1.297613749802046e-06,0,0.0
50707,2025-10-13 18:00:00,55.88734403237984,26.84,61.66,0.0,0.0,initial,0.0,1.383154511522544e-06,0,0.0
50708,2025-10-13 19:00:00,54.7413306373682,25.64,68.17,0.0,0.0,initial,0.0,2.3622822955140656e-06,0,0.0
50709,2025-10-13 20:00:00,58.22797530217388,24.67,74.02,0.0,0.0,initial,0.0,5.082324364055093e-07,0,0.0
50710,2025-10-13 21:00:00,54.47340408796998,23.84,79.56,0.0,0.0,initial,0.0,1.7853928091261342e-06,0,0.0
50711,2025-10-13 22:00:00,54.74421109953608,23.06,84.96,0.0,0.0,initial,0.0,1.5216517075547643e-06,0,0.0
50712,2025-10-13 23:00:00,56.647660563819095,22.48,89.18,0.0,0.0,initial,0.0,7.268316521935284e-07,0,0.0
50713,2025-10-14 00:00:00,56.42172318286615,22.09,92.16,0.0,0.0,initial,0.0,3.2583764225803004e-07,0,0.0
50714,2025-10-14 01:00:00,55.324600982439634,21.77,94.41,0.0,0.0,initial,0.0,1.9129553292189112e-07,0,0.0
50715,2025-10-14 02:00:00,55.2730645410794,21.6,95.56,0.0,0.0,initial,0.0,6.660321172014144e-08,0,0.0
50716,2025-10-14 03:00:00,56.26235235984333,21.33,97.04,0.0,0.0,initial,0.0,3.824355728261102e-09,0,0.0
50717,2025-10-14 04:00:00,56.19854213772524,21.12,98.09,0.0,0.0,initial,0.0,5.713309273707283e-10,0,0.0
50718,2025-10-14 05:00:00,55.34542094528146,21.14,97.71,0.12,0.01,initial,0.0,4.915066275260906e-10,0,0.0
50719,2025-10-14 06:00:00,56.71613492107951,23.35,83.98,0.8,0.01,initial,0.0,1.5160045211984096e-09,0,0.0
50720,2025-10-14 07:00:00,56.177017781638135,25.97,66.68,1.65,0.01,initial,0.0,1.7795637478847694e-07,0,0.0
50721,2025-10-14 08:00:00,56.37527353592761,28.28,55.14,2.15,0.0,initial,0.0,2.5746863837593853e-06,0,0.0
50722,2025-10-14 09:00:00,54.68153422946447,30.42,46.75,2.61,0.0,initial,0.0,0.0006932328823448106,0,0.0
50723,2025-10-14 10:00:00,54.6534435079552,32.23,40.84,3.01,0.0,initial,0.0,0.005211226976701258,0,0.0
50724,2025-10-14 11:00:00,53.02396359661492,33.62,36.61,3.04,0.0,initial,0.0,0.2888820090831252,0,0.0
50725,2025-10-14 12:00:00,52.81256233380753,34.46,34.09,2.35,0.0,initial,4.348963665625302,0.5687257361857129,1,4.238277230431727
50726,2025-10-14 13:00:00,59.11551900812596,34.69,33.28,2.47,0.0,initial,0.0,4.958045478839009e-06,0,0.0
50727,2025-10-14 14:00:00,58.79163697818444,34.25,34.18,1.97,0.0,initial,0.0,1.0835694629168393e-05,0,0.0
50728,2025-10-14 15:00:00,57.94406182727008,33.14,36.99,1.19,0.0,initial,0.0,1.546754068233202e-05,0,0.0
50729,2025-10-14 16:00:00,55.60394496616797,31.37,42.27,0.52,0.0,initial,0.0,1.639851544606991e-05,0,0.0
50730,2025-10-14 17:00:00,56.39978395600126,28.97,51.0,0.03,0.0,initial,0.0,1.1395086504899667e-06,0,0.0
50731,2025-10-14 18:00:00,56.96754721298677,26.88,60.73,0.0,0.0,initial,0.0,6.551220448498935e-07,0,0.0
50732,2025-10-14 19:00:00,57.27410631423498,25.53,68.2,0.0,0.0,initial,0.0,6.660240822392488e-07,0,0.0
50733,2025-10-14 20:00:00,57.56089799638767,24.57,73.91,0.0,0.0,initial,0.0,6.122278315992241e-07,0,0.0
50734,2025-10-14 21:00:00,57.33995868114944,23.84,78.43,0.0,0.0,initial,0.0,6.497655073219925e-07,0,0.0
50735,2025-10-14 22:00:00,56.3372555518491,23.22,82.31,0.0,0.0,initial,0.0,9.0404200119007e-07,0,0.0
50736,2025-10-14 23:00:00,57.63550247116412,22.55,86.14,0.0,0.0,initial,0.0,5.348536616485947e-07,0,0.0
50737,2025-10-15 00:00:00,56.25377348652596,21.95,89.49,0.0,0.0,initial,0.0,3.069299670244465e-07,0,0.0
50738,2025-10-15 01:00:00,57.9116133699751,21.79,90.21,0.0,0.0,initial,0.0,9.143351508060016e-08,0,0.0
50739,2025-10-15 02:00:00,57.96498551908418,21.6,90.81,0.0,0.0,initial,0.0,1.2849527634776128e-08,0,0.0
50740,2025-10-15 03:00:00,56.892927654404666,21.52,91.02,0.0,0.0,initial,0.0,3.990200979314529e-09,0,0.0
50741,2025-10-15 04:00:00,56.38258590943354,21.3,92.28,0.0,0.0,initial,0.0,7.605129314462929e-10,0,0.0
50742,2025-10-15 05:00:00,56.34417111443392,21.32,92.38,0.13,0.0,initial,0.0,2.903650638870042e-10,0,0.0
50743,2025-10-15 06:00:00,56.03831263095952,23.39,81.11,0.72,0.01,initial,0.0,3.1627941107997313e-09,0,0.0
50744,2025-10-15 07:00:00,55.97801634790273,26.01,66.38,1.36,0.01,initial,0.0,1.7332467623678736e-07,0,0.0
50745,2025-10-15 08:00:00,56.1787643124924,28.37,55.65,2.02,0.01,initial,0.0,3.507389987255556e-06,0,0.0
50746,2025-10-15 09:00:00,55.37714740918765,30.36,48.22,2.57,0.06,initial,0.0,0.00016763810653445239,0,0.0
50747,2025-10-15 10:00:00,53.87193894747614,31.88,43.06,2.97,0.03,initial,0.0,0.026060151717948312,0,0.0
50748,2025-10-15 11:00:00,54.01467036204191,33.07,39.27,2.94,0.02,initial,0.0,0.04896792120728288,0,0.0
50749,2025-10-15 12:00:00,53.70236802312848,33.54,37.26,2.85,0.03,initial,0.0,0.12739077136639393,0,0.0
50750,2025-10-15 13:00:00,52.59842860424112,33.38,36.96,2.41,0.02,initial,0.0,0.49628370917821846,0,0.0
50751,2025-10-15 14:00:00,51.46396339782657,32.63,38.4,1.99,0.01,initial,4.020418567829697,0.49096508365189734,0,0.0
50752,2025-10-15 15:00:00,56.40670004573976,31.2,42.12,1.23,0.01,initial,0.0,0.0001201998312691296,0,0.0
50753,2025-10-15 16:00:00,58.83051704890169,29.3,47.96,0.55,0.0,initial,0.0,4.959738708855347e-07,0,0.0
50754,2025-10-15 17:00:00,57.67257987835372,27.08,55.93,0.03,0.0,initial,0.0,3.6825296596809713e-07,0,0.0
50755,2025-10-15 18:00:00,57.96083183789701,25.53,63.12,0.0,0.0,initial,0.0,2.9128233373276555e-07,0,0.0
50756,2025-10-15 19:00:00,57.84892802900495,24.57,68.73,0.0,0.0,initial,0.0,3.5967292862407807e-07,0,0.0
50757,2025-10-15 20:00:00,58.10216638485957,23.73,74.0,0.0,0.0,initial,0.0,3.19847263049452e-07,0,0.0
50758,2025-10-15 21:00:00,57.89673904237381,23.08,78.28,0.0,0.0,initial,0.0,3.3629442938820407e-07,0,0.0
50759,2025-10-15 22:00:00,57.783159230537535,22.35,82.76,0.0,0.0,initial,0.0,3.9519721162269774e-07,0,0.0
50760,2025-10-15 23:00:00,58.31490815022977,21.96,85.19,0.0,0.0,initial,0.0,2.7037606841869066e-07,0,0.0
50761,2025-10-16 00:00:00,58.49907674597886,21.75,86.54,0.0,0.01,development,0.0,1.3048242282917617e-09,0,0.0
50762,2025-10-16 01:00:00,58.86090846551775,21.41,88.69,0.0,0.03,development,0.0,3.629885966569326e-10,0,0.0
50763,2025-10-16 02:00:00,57.13874023921836,21.17,90.42,0.0,0.04,development,0.0,2.33847931957543e-10,0,0.0
50764,2025-10-16 03:00:00,58.04131642827596,21.01,91.45,0.0,0.03,development,0.0,1.898324242493734e-11,0,0.0
50765,2025-10-16 04:00:00,56.60746857447586,20.83,92.64,0.0,0.04,development,0.0,1.167362720491811e-11,0,0.0
50766,2025-10-16 05:00:00,57.569144716589584,20.88,92.71,0.16,0.05,development,0.0,2.012874762719943e-12,0,0.0
50767,2025-10-16 06:00:00,57.85918759331443,22.56,85.39,0.97,0.05,development,0.0,1.0223936538022967e-11,0,0.0
50768,2025-10-16 07:00:00,58.419928548328,24.94,70.59,1.87,0.06,development,0.0,1.4730034248969198e-10,0,0.0
50769,2025-10-16 08:00:00,57.28435671549092,27.5,56.59,2.59,0.05,development,0.0,1.222947470640771e-08,0,0.0
50770,2025-10-16 09:00:00,57.23151920271111,29.73,47.97,2.94,0.03,development,0.0,1.24521465035636e-07,0,0.0
50771,2025-10-16 10:00:00,55.55692673785784,31.52,41.81,3.13,0.02,development,0.0,1.5889932238772597e-05,0,0.0
50772,2025-10-16 11:00:00,54.40845367113116,32.52,38.7,3.2,0.02,development,0.0,0.000464716579172471,0,0.0
50773,2025-10-16 12:00:00,53.231678405189385,33.02,37.15,2.97,0.02,development,0.0,0.0094001003028357,0,0.0
50774,2025-10-16 13:00:00,53.46358830962243,32.71,38.05,2.39,0.02,development,0.0,0.0035160182024995355,0,0.0
50775,2025-10-16 14:00:00,51.74802592872914,32.05,39.79,2.05,0.02,development,0.0,0.023318529721139823,0,0.0
50776,2025-10-16 15:00:00,49.399229061504826,30.83,43.27,1.29,0.01,development,0.0,0.020357622511817327,0,0.0
50777,2025-10-16 16:00:00,51.35040603486116,29.21,48.74,0.56,0.01,development,0.0,3.4754199856382806e-05,0,0.0
50778,2025-10-16 17:00:00,49.83382731451585,27.27,56.86,0.03,0.0,development,0.0,3.3345302147675844e-06,0,0.0
50779,2025-10-16 18:00:00,50.73179512094156,25.75,65.05,0.0,0.0,development,0.0,7.034921903299315e-07,0,0.0
50780,2025-10-16 19:00:00,49.67395319710486,24.75,71.36,0.0,0.0,development,0.0,7.122506113925865e-07,0,0.0
50781,2025-10-16 20:00:00,50.58902780822033,23.98,76.48,0.0,0.0,development,0.0,2.567912720165343e-07,0,0.0
50782,2025-10-16 21:00:00,48.28091372352127,23.33,80.74,0.0,0.0,development,0.0,5.430511744845081e-07,0,0.0
50783,2025-10-16 22:00:00,50.55029365164038,22.79,84.16,0.0,0.0,development,0.0,1.7204435911885996e-07,0,0.0
50784,2025-10-16 23:00:00,49.87710740492192,22.43,86.38,0.0,0.0,development,0.0,6.621252572865944e-08,0,0.0
50785,2025-10-17 00:00:00,49.57555426181644,22.19,87.72,0.0,0.01,development,0.0,3.0570181803699235e-08,0,0.0
50786,2025-10-17 01:00:00,51.2260874531797,21.92,89.18,0.0,0.02,development,0.0,8.637986299170113e-09,0,0.0
50787,2025-10-17 02:00:00,50.58230276595244,21.63,91.07,0.0,0.05,development,0.0,4.450640670439864e-09,0,0.0
50788,2025-10-17 03:00:00,50.54445453137692,21.3,93.22,0.0,0.05,development,0.0,2.0303561578024837e-09,0,0.0
50789,2025-10-17 04:00:00,50.2477972875221,20.99,95.0,0.0,0.07,development,0.0,9.544718328083137e-10,0,0.0
50790,2025-10-17 05:00:00,51.60539743851892,20.99,95.18,0.16,0.05,development,0.0,3.143085894188254e-10,0,0.0
50791,2025-10-17 06:00:00,50.62945374266467,22.48,88.86,0.92,0.07,development,0.0,2.5656177582465388e-08,0,0.0
50792,2025-10-17 07:00:00,51.97588934660551,24.55,75.26,1.76,0.06,development,0.0,5.057580187149837e-07,0,0.0
50793,2025-10-17 08:00:00,51.379426415948224,27.23,58.49,2.43,0.1,development,0.0,0.0003797812817592418,0,0.0
50794,2025-10-17 09:00:00,50.832797621149325,29.4,49.15,2.75,0.02,development,0.0,0.03458826501978239,0,0.0
50795,2025-10-17 10:00:00,49.58759067581017,31.25,42.83,3.09,0.01,development,4.9228491522063,0.8096351481956853,1,4.3663215131081285
50796,2025-10-17 11:00:00,55.55065534445486,32.73,38.17,3.06,0.01,development,0.0,3.811628440882112e-05,0,0.0
50797,2025-10-17 12:00:00,55.04777841062336,33.48,35.75,2.99,0.0,development,0.0,0.0002328712681622923,0,0.0
50798,2025-10-17 13:00:00,53.84860561838349,33.55,35.31,2.53,0.0,development,0.0,0.002115543654281001,0,0.0
50799,2025-10-17 14:00:00,53.789715828498274,33.17,35.85,2.19,0.0,development,0.0,0.0015635220381567335,0,0.0
50800,2025-10-17 15:00:00,52.38249045655563,32.11,38.08,1.43,0.0,development,0.0,0.0016576845486718412,0,0.0
50801,2025-10-17 16:00:00,51.68144726868076,30.51,42.41,0.66,0.0,development,0.0,5.1682732732518314e-05,0,0.0
50802,2025-10-17 17:00:00,52.93591985597202,28.29,50.12,0.04,0.0,development,0.0,4.314247581740467e-07,0,0.0
50803,2025-10-17 18:00:00,51.34755876978535,26.31,59.09,0.0,0.0,development,0.0,5.094524332908873e-07,0,0.0
50804,2025-10-17 19:00:00,51.10994624902298,25.12,66.08,0.0,0.0,development,0.0,4.306586763201158e-07,0,0.0
50805,2025-10-17 20:00:00,51.287938796573975,24.3,71.78,0.0,0.0,development,0.0,2.4222674652375596e-07,0,0.0
50806,2025-10-17 21:00:00,52.46648365870411,23.66,76.69,0.0,0.0,development,0.0,1.4795555919399177e-07,0,0.0
50807,2025-10-17 22:00:00,51.75972429558842,23.12,80.89,0.0,0.0,development,0.0,1.4070299730489126e-07,0,0.0
50808,2025-10-17 23:00:00,51.976260146462735,22.61,84.71,0.0,0.0,development,0.0,5.397255352528552e-08,0,0.0
50809,2025-10-18 00:00:00,51.79829374672314,22.16,87.84,0.0,0.0,development,0.0,1.8314027096473595e-08,0,0.0
50810,2025-10-18 01:00:00,49.85517806210067,21.69,90.88,0.0,0.0,development,0.0,1.1080004117876698e-08,0,0.0
50811,2025-10-18 02:00:00,50.75444840350373,21.35,93.01,0.0,0.0,development,0.0,3.240880567337664e-09,0,0.0
50812,2025-10-18 03:00:00,51.38648229653711,21.1,94.45,0.0,0.0,development,0.0,1.29544244598014e-09,0,0.0
50813,2025-10-18 04:00:00,51.861294638713325,21.19,93.82,0.0,0.0,development,0.0,4.1495749314919697e-10,0,0.0
50814,2025-10-18 05:00:00,50.82205217121349,21.4,92.29,0.15,0.0,development,0.0,7.36001649526071e-10,0,0.0
50815,2025-10-18 06:00:00,50.797383927826,23.37,80.28,0.84,0.0,development,0.0,5.6054535862852084e-08,0,0.0
50816,2025-10-18 07:00:00,51.08907988021072,25.9,65.82,1.79,0.0,development,0.0,1.112829482765735e-05,0,0.0
50817,2025-10-18 08:00:00,51.877226836335765,28.34,54.15,2.16,0.0,development,0.0,0.0002102956056331807,0,0.0
50818,2025-10-18 09:00:00,48.35467578102792,30.56,45.29,2.69,0.0,development,0.0,0.8612891745688234,1,4.693875086059174
50819,2025-10-18 10:00:00,47.05035627549525,32.38,38.87,2.73,0.0,development,4.756380276847313,0.9806762640039398,1,5.096318687275486
50820,2025-10-18 11:00:00,57.47736306480224,33.71,34.61,2.58,0.0,development,0.0,6.039957576764165e-07,0,0.0
50821,2025-10-18 12:00:00,53.819346750163824,34.49,32.14,2.5,0.0,development,0.0,0.002638364323707672,0,0.0
50822,2025-10-18 13:00:00,53.709584229786,34.75,30.96,2.53,0.0,development,0.0,0.003128970510491124,0,0.0
50823,2025-10-18 14:00:00,51.92786216624253,34.48,31.0,2.11,0.0,development,0.0,0.02756631845128074,0,0.0
50824,2025-10-18 15:00:00,52.147183702206846,33.64,32.42,1.32,0.0,development,0.0,0.0024131277480137444,0,0.0
50825,2025-10-18 16:00:00,51.75761993775164,32.18,35.59,0.59,0.0,development,0.0,6.283824296698075e-05,0,0.0
50826,2025-10-18 17:00:00,52.88447597013156,29.75,42.72,0.04,0.0,development,0.0,5.64754311863208e-07,0,0.0
50827,2025-10-18 18:00:00,52.1724825152955,27.39,52.62,0.0,0.0,development,0.0,3.6130545441705634e-07,0,0.0
50828,2025-10-18 19:00:00,50.56944346452281,25.85,61.36,0.0,0.0,development,0.0,8.638376946632916e-07,0,0.0
50829,2025-10-18 20:00:00,50.06956549954258,24.73,68.87,0.0,0.0,development,0.0,6.228258765182598e-07,0,0.0
50830,2025-10-18 21:00:00,51.9956860721766,23.9,75.25,0.0,0.0,development,0.0,1.9047207871680246e-07,0,0.0
50831,2025-10-18 22:00:00,51.180252798637206,23.24,80.72,0.0,0.0,development,0.0,1.7863994227714822e-07,0,0.0
50832,2025-10-18 23:00:00,51.017460074124,22.72,85.18,0.0,0.0,development,0.0,6.817021175971435e-08,0,0.0
50833,2025-10-19 00:00:00,52.543769231633306,22.25,88.98,0.0,0.0,development,0.0,1.601049308287428e-08,0,0.0
50834,2025-10-19 01:00:00,50.1907890763306,21.94,91.45,0.0,0.0,development,0.0,1.08450961644834e-08,0,0.0
50835,2025-10-19 02:00:00,51.30289219403075,21.78,92.72,0.0,0.0,development,0.0,3.38097048785567e-09,0,0.0
50836,2025-10-19 03:00:00,52.100564360878,21.71,93.29,0.0,0.0,development,0.0,1.344888849698859e-09,0,0.0
50837,2025-10-19 04:00:00,50.65169898314991,21.63,93.95,0.0,0.0,development,0.0,1.0904846315263295e-09,0,0.0
50838,2025-10-19 05:00:00,52.63442679798069,22.05,91.92,0.15,0.0,development,0.0,2.8641629701827517e-10,0,0.0
50839,2025-10-19 06:00:00,50.78661664584362,23.85,81.79,0.81,0.0,development,0.0,6.280025907369277e-08,0,0.0
50840,2025-10-19 07:00:00,51.2506962863102,26.52,67.5,1.57,0.0,development,0.0,5.574958773999029e-06,0,0.0
50841,2025-10-19 08:00:00,50.19424597968992,29.36,55.4,1.96,0.0,development,0.0,0.002681924997201853,0,0.0
50842,2025-10-19 09:00:00,47.79248007551114,32.14,46.27,2.55,0.02,development,0.0,0.9302489485336948,1,4.849921336873066
50843,2025-10-19 10:00:00,48.7313776541246,34.52,39.32,3.07,0.04,development,5.0394874225471895,0.9653427044301339,1,4.8171980188912356
50844,2025-10-19 11:00:00,57.08507390383834,36.31,34.62,3.36,0.05,development,0.0,2.4774106406821244e-06,0,0.0
50845,2025-10-19 12:00:00,54.55735265024877,37.48,31.72,3.32,0.04,development,0.0,0.0011115651571899816,0,0.0
50846,2025-10-19 13:00:00,53.82917903740722,37.96,30.43,2.74,0.02,development,0.0,0.004006753253823617,0,0.0
50847,2025-10-19 14:00:00,52.964358207883,37.74,30.45,2.25,0.01,development,0.0,0.0075892487999905086,0,0.0
50848,2025-10-19 15:00:00,53.02955122076402,36.94,31.84,1.43,0.01,development,0.0,0.0006165625108559135,0,0.0
50849,2025-10-19 16:00:00,51.76726490402273,35.42,35.19,0.61,0.01,development,0.0,0.00012311298652563848,0,0.0
50850,2025-10-19 17:00:00,51.7846844468833,32.83,42.79,0.04,0.0,development,0.0,3.6852079228255374e-06,0,0.0
50851,2025-10-19 18:00:00,51.79513816210022,30.47,51.78,0.0,0.0,development,0.0,1.1317672612330544e-06,0,0.0
50852,2025-10-19 19:00:00,51.34740673704587,28.56,61.04,0.0,0.0,development,0.0,1.1639980038462243e-06,0,0.0
50853,2025-10-19 20:00:00,53.11784853981544,26.94,69.86,0.0,0.0,development,0.0,3.6501299936041176e-07,0,0.0
50854,2025-10-19 21:00:00,50.94591377634031,25.9,76.01,0.0,0.0,development,0.0,6.80985355708243e-07,0,0.0
50855,2025-10-19 22:00:00,52.32852443027418,25.24,79.92,0.0,0.0,development,0.0,2.8308158032803053e-07,0,0.0
50856,2025-10-19 23:00:00,52.81179306025947,24.74,82.9,0.0,0.02,development,0.0,1.2903573602550484e-07,0,0.0
50857,2025-10-20 00:00:00,51.74300921478751,24.26,85.99,0.0,0.05,development,0.0,6.339060428541285e-08,0,0.0
50858,2025-10-20 01:00:00,52.00232486349055,23.82,89.22,0.0,0.08,development,0.0,1.6694114833117086e-08,0,0.0
50859,2025-10-20 02:00:00,52.52794259571549,23.52,91.49,0.0,0.12,development,0.0,5.070578471911216e-09,0,0.0
50860,2025-10-20 03:00:00,52.01914490118583,23.37,92.53,0.0,0.17,development,0.0,3.281595659446407e-09,0,0.0
50861,2025-10-20 04:00:00,50.93677436074817,23.31,92.56,0.0,0.11,development,0.0,2.2651737163718907e-09,0,0.0
50862,2025-10-20 05:00:00,52.39165173438107,23.42,91.87,0.05,0.11,development,0.0,5.73229431396328e-10,0,0.0
50863,2025-10-20 06:00:00,54.09529180864658,24.57,87.41,0.32,0.15,development,0.0,6.335476540477705e-10,0,0.0
50864,2025-10-20 07:00:00,53.27453513879399,26.11,76.74,0.51,0.21,development,0.0,1.642477465279897e-08,0,0.0
50865,2025-10-20 08:00:00,52.85289192368992,27.55,65.98,0.68,0.32,development,0.0,4.865945273253069e-07,0,0.0
50866,2025-10-20 09:00:00,52.91550282608118,29.06,58.36,0.97,0.1,development,0.0,1.781271201826472e-05,0,0.0
50867,2025-10-20 10:00:00,51.6281919074365,30.49,52.54,1.14,0.14,development,0.0,0.0016950300128856122,0,0.0
50868,2025-10-20 11:00:00,51.17742111547232,31.79,47.98,0.98,0.19,development,0.0,0.008072815269826792,0,0.0
50869,2025-10-20 12:00:00,50.20230893064839,32.61,44.96,1.04,0.2,development,0.0,0.092504627735131,0,0.0
50870,2025-10-20 13:00:00,50.37692417923603,32.47,45.04,0.56,0.22,development,0.0,0.0071238447311897934,0,0.0
50871,2025-10-20 14:00:00,49.0742140966475,31.36,48.63,0.77,0.2,development,0.0,0.03713490712244556,0,0.0
50872,2025-10-20 15:00:00,48.932722239903775,29.58,55.98,0.42,0.23,development,0.0,0.0015488611464196365,0,0.0
50873,2025-10-20 16:00:00,49.72234771087125,27.49,66.42,0.19,0.21,development,0.0,3.144331473901672e-05,0,0.0
50874,2025-10-20 17:00:00,48.92953140603917,25.44,78.43,0.02,0.23,development,0.0,3.829263089406698e-06,0,0.0
50875,2025-10-20 18:00:00,49.899681980868245,24.11,87.36,0.0,0.29,development,0.0,4.5451355566489205e-07,0,0.0
50876,2025-10-20 19:00:00,50.3658307032745,23.5,90.66,0.0,0.32,development,0.0,2.0352957198541592e-07,0,0.0
50877,2025-10-20 20:00:00,50.26111250587067,23.05,91.6,0.0,0.38,development,0.0,1.8295314659795924e-07,0,0.0
50878,2025-10-20 21:00:00,50.592866133369085,22.61,92.29,0.0,0.44,development,0.0,1.458706832560067e-07,0,0.0
50879,2025-10-20 22:00:00,50.429172816766105,22.22,93.09,0.0,0.49,development,0.0,1.0409257618176069e-07,0,0.0
50880,2025-10-20 23:00:00,51.232865927900086,21.98,93.83,0.0,0.5,development,0.0,3.27259146184748e-08,0,0.0
50881,2025-10-21 00:00:00,53.15976158763343,21.85,94.1,0.0,0.45,development,0.0,9.445632361718603e-09,0,0.0
50882,2025-10-21 01:00:00,53.644971235161975,21.76,94.44,0.0,0.4,development,0.0,2.7592121479101955e-09,0,0.0
50883,2025-10-21 02:00:00,52.85559326900368,21.67,94.56,0.0,0.38,development,0.0,1.6803685300014882e-09,0,0.0
50884,2025-10-21 03:00:00,54.41460491964459,21.59,94.41,0.0,0.36,development,0.0,3.7848354375043464e-10,0,0.0
50885,2025-10-21 04:00:00,54.670553412845614,21.49,94.37,0.0,0.32,development,0.0,7.361159606974867e-11,0,0.0
50886,2025-10-21 05:00:00,55.59588741851102,21.46,94.18,0.06,0.28,development,0.0,1.353541004671415e-11,0,0.0
50887,2025-10-21 06:00:00,56.94237044593624,22.06,91.46,0.35,0.29,development,0.0,5.60135937519281e-12,0,0.0
50888,2025-10-21 07:00:00,55.76228395290467,23.33,83.44,0.67,0.25,development,0.0,1.5022544496749768e-10,0,0.0
50889,2025-10-21 08:00:00,54.71217389041415,25.0,72.18,1.05,0.31,development,0.0,2.288495966933965e-08,0,0.0
50890,2025-10-21 09:00:00,55.69582029216232,26.08,66.02,1.48,0.35,development,0.0,1.8901565721642282e-07,0,0.0
50891,2025-10-21 10:00:00,54.00623962705386,27.06,61.59,1.77,0.38,development,0.0,3.2958244889058256e-05,0,0.0
50892,2025-10-21 11:00:00,56.29564863042725,27.56,59.26,1.37,0.4,development,0.0,8.455614537752283e-07,0,0.0
50893,2025-10-21 12:00:00,53.19969649280473,27.51,58.82,1.35,0.41,development,0.0,0.0006944742825468051,0,0.0
50894,2025-10-21 13:00:00,54.1728665994892,27.24,59.19,1.16,0.37,development,0.0,9.412327716686955e-05,0,0.0
50895,2025-10-21 14:00:00,53.49973039348034,26.62,61.09,0.81,0.33,development,0.0,5.8001217638955044e-05,0,0.0
50896,2025-10-21 15:00:00,52.95358941863509,25.61,64.8,0.48,0.31,development,0.0,1.0346927215860334e-05,0,0.0
50897,2025-10-21 16:00:00,52.82813733956508,24.26,70.8,0.19,0.28,development,0.0,1.0330276363267148e-06,0,0.0
50898,2025-10-21 17:00:00,54.39130247650813,22.79,78.97,0.02,0.25,development,0.0,4.6512578088859486e-08,0,0.0
50899,2025-10-21 18:00:00,54.030026162743766,21.9,84.92,0.0,0.22,development,0.0,2.0102479690939414e-08,0,0.0
50900,2025-10-21 19:00:00,53.67998286241277,21.5,87.68,0.0,0.18,development,0.0,1.3640867327075192e-08,0,0.0
50901,2025-10-21 20:00:00,55.42512522065429,21.29,89.22,0.0,0.19,development,0.0,7.986109844176692e-09,0,0.0
50902,2025-10-21 21:00:00,54.19442066419331,21.18,90.21,0.0,0.2,development,0.0,1.9549735017378083e-08,0,0.0
50903,2025-10-21 22:00:00,55.152266601701456,21.05,91.34,0.0,0.22,development,0.0,1.9852508967446484e-08,0,0.0
50904,2025-10-21 23:00:00,53.81704393416231,20.93,92.2,0.0,0.26,development,0.0,1.291914983800814e-08,0,0.0
50905,2025-10-22 00:00:00,54.22228316536533,20.84,92.97,0.0,0.29,development,0.0,4.094260014542867e-09,0,0.0
50906,2025-10-22 01:00:00,56.19466723226349,20.74,94.06,0.0,0.3,development,0.0,7.109998587070273e-10,0,0.0
50907,2025-10-22 02:00:00,56.23581359551275,20.71,94.46,0.0,0.29,development,0.0,2.6233343580263476e-10,0,0.0
50908,2025-10-22 03:00:00,58.08175232104361,20.66,94.89,0.0,0.3,development,0.0,1.491285860452165e-11,0,0.0
50909,2025-10-22 04:00:00,56.21260906638859,20.65,95.11,0.0,0.33,development,0.0,1.385701954231507e-11,0,0.0
50910,2025-10-22 05:00:00,57.77993952879248,20.7,95.18,0.08,0.37,development,0.0,1.104902847989785e-12,0,0.0
50911,2025-10-22 06:00:00,57.56777546783224,21.3,93.79,0.35,0.42,development,0.0,1.665553746036953e-12,0,0.0
50912,2025-10-22 07:00:00,58.82349476999435,22.38,89.79,0.63,0.47,development,0.0,2.2571257735816398e-12,0,0.0
50913,2025-10-22 08:00:00,59.06015172860109,23.79,81.78,0.94,0.56,development,0.0,2.1090550182513824e-11,0,0.0
50914,2025-10-22 09:00:00,58.47018080993437,25.44,71.81,1.21,0.49,development,0.0,9.056525744921323e-10,0,0.0
50915,2025-10-22 10:00:00,57.88229141196614,26.3,67.35,1.42,0.54,development,0.0,1.3931432824693725e-08,0,0.0
50916,2025-10-22 11:00:00,58.14348901907732,26.59,65.95,0.91,0.57,development,0.0,1.4245799810834143e-08,0,0.0
50917,2025-10-22 12:00:00,57.45002722813639,26.48,66.38,1.09,0.58,development,0.0,1.213853901276976e-07,0,0.0
50918,2025-10-22 13:00:00,58.59722265218951,25.96,68.61,1.02,0.59,development,0.0,2.233665780710459e-08,0,0.0
50919,2025-10-22 14:00:00,56.06580293315172,25.19,71.85,0.59,0.56,development,0.0,6.672643101722845e-07,0,0.0
50920,2025-10-22 15:00:00,57.932609457004205,24.22,76.4,0.49,0.52,development,0.0,3.823488388512584e-08,0,0.0
50921,2025-10-22 16:00:00,59.27098475951731,23.22,82.19,0.21,0.44,development,0.0,2.801030146881082e-09,0,0.0
50922,2025-10-22 17:00:00,59.53239456995861,22.36,87.58,0.02,0.39,development,0.0,1.0611545660225327e-09,0,0.0
50923,2025-10-22 18:00:00,57.963572436176825,21.89,90.35,0.0,0.34,development,0.0,3.902518095705779e-09,0,0.0
50924,2025-10-22 19:00:00,60.10706755606775,21.66,91.43,0.0,0.31,development,0.0,1.1868110271082465e-09,0,0.0
50925,2025-10-22 20:00:00,59.09030363447245,21.51,92.62,0.0,0.29,development,0.0,2.517771696848134e-09,0,0.0
50926,2025-10-22 21:00:00,60.1755972607212,21.42,93.53,0.0,0.38,development,0.0,2.252380526753125e-09,0,0.0
50927,2025-10-22 22:00:00,61.59101643007021,21.29,94.51,0.0,0.4,development,0.0,5.627491379447839e-10,0,0.0
50928,2025-10-22 23:00:00,60.723136043011806,21.13,95.06,0.0,0.42,development,0.0,7.204916995631362e-10,0,0.0
50929,2025-10-23 00:00:00,63.18229433671786,20.98,95.48,0.0,0.43,development,0.0,3.2467034840997656e-11,0,0.0
50930,2025-10-23 01:00:00,62.82127625339507,20.87,95.88,0.0,0.46,development,0.0,1.1945008026377775e-11,0,0.0
50931,2025-10-23 02:00:00,63.52341496215979,20.82,95.94,0.0,0.43,development,0.0,9.535748938183783e-13,0,0.0
50932,2025-10-23 03:00:00,64.50252807689998,20.8,96.0,0.0,0.39,development,0.0,3.353902375645655e-14,0,0.0
50933,2025-10-23 04:00:00,64.7906284921173,20.79,96.22,0.0,0.35,development,0.0,3.182358687802915e-15,0,0.0
50934,2025-10-23 05:00:00,65.12083151899893,20.85,96.23,0.07,0.32,development,0.0,6.119707245637483e-16,0,0.0
50935,2025-10-23 06:00:00,64.35206089923874,21.48,94.73,0.37,0.32,development,0.0,1.9374544638664277e-15,0,0.0
50936,2025-10-23 07:00:00,64.19552732929704,22.57,89.73,0.74,0.34,development,0.0,8.717813954313063e-15,0,0.0
50937,2025-10-23 08:00:00,64.82291097081627,24.37,78.3,1.15,0.31,development,0.0,9.31688785745168e-15,0,0.0
50938,2025-10-23 09:00:00,66.76749941576897,26.2,67.65,1.66,1.55,development,0.0,6.96821611201659e-16,0,0.0
50939,2025-10-23 10:00:00,66.01428277982467,27.46,62.28,2.03,1.11,development,0.0,5.908985973346201e-15,0,0.0
50940,2025-10-23 11:00:00,67.6792995481096,28.06,59.43,2.12,0.79,development,0.0,6.222355295897165e-16,0,0.0
50941,2025-10-23 12:00:00,67.29152122751418,28.5,56.79,2.22,0.5,development,0.0,3.666021429526064e-15,0,0.0
50942,2025-10-23 13:00:00,66.37925873598908,28.69,54.88,1.81,0.28,development,0.0,4.2714016398858914e-14,0,0.0
50943,2025-10-23 14:00:00,66.0287056837554,28.47,54.46,1.53,0.15,development,0.0,1.5366694096893524e-13,0,0.0
50944,2025-10-23 15:00:00,65.55831415849734,27.7,55.98,0.89,0.1,development,0.0,9.434171960812834e-13,0,0.0
50945,2025-10-23 16:00:00,65.52398145808837,26.27,61.04,0.4,0.07,development,0.0,2.5952004624834567e-12,0,0.0
50946,2025-10-23 17:00:00,65.6113465207038,24.05,72.4,0.03,0.05,development,0.0,5.015154759607608e-12,0,0.0
50947,2025-10-23 18:00:00,67.34885950810015,22.31,83.41,0.0,0.03,development,0.0,7.964786753185771e-13,0,0.0
50948,2025-10-23 19:00:00,65.21197551482518,21.65,88.47,0.0,0.02,development,0.0,1.2423073820332143e-11,0,0.0
50949,2025-10-23 20:00:00,64.58642401366274,21.11,92.7,0.0,0.02,development,0.0,2.864336091079858e-11,0,0.0
50950,2025-10-23 21:00:00,63.60176434058639,20.63,96.28,0.0,0.02,development,0.0,8.304284881962296e-11,0,0.0
50951,2025-10-23 22:00:00,64.05034153413358,20.65,96.74,0.0,0.04,development,0.0,4.0420689757021975e-11,0,0.0
50952,2025-10-23 23:00:00,64.64581647359952,20.79,96.51,0.0,0.06,development,0.0,1.4109535962781885e-11,0,0.0
50953,2025-10-24 00:00:00,65.99076452674906,20.91,96.33,0.0,0.15,development,0.0,2.0838313337527123e-12,0,0.0
50954,2025-10-24 01:00:00,65.42331286148851,20.83,96.95,0.0,0.24,development,0.0,9.267215058793734e-13,0,0.0
50955,2025-10-24 02:00:00,66.25209450212586,20.65,97.67,0.0,0.15,development,0.0,3.7084879694494515e-14,0,0.0
50956,2025-10-24 03:00:00,65.60357171283444,20.6,97.78,0.0,0.21,development,0.0,8.406253268729342e-15,0,0.0
50957,2025-10-24 04:00:00,66.80356514954406,20.62,97.75,0.0,0.2,development,0.0,3.073073793532873e-16,0,0.0
50958,2025-10-24 05:00:00,67.42464415356118,20.86,97.31,0.12,0.23,development,0.0,4.8518226688761166e-17,0,0.0
50959,2025-10-24 06:00:00,66.94244593014648,22.15,94.12,0.59,0.43,development,0.0,1.8030520870737051e-16,0,0.0
50960,2025-10-24 07:00:00,68.01804322609493,23.63,86.49,1.26,0.51,development,0.0,4.160977533663907e-17,0,0.0
50961,2025-10-24 08:00:00,67.58271519107416,25.81,71.91,1.63,0.57,development,0.0,1.288945420010204e-16,0,0.0
50962,2025-10-24 09:00:00,66.52915256884982,27.79,61.16,2.15,0.17,development,0.0,1.654306589292919e-15,0,0.0
50963,2025-10-24 10:00:00,67.36997961228664,29.14,55.43,2.5,0.15,development,0.0,7.508580054494707e-16,0,0.0
50964,2025-10-24 11:00:00,66.55517952453414,29.98,52.29,2.45,0.13,development,0.0,7.015825929180252e-15,0,0.0
50965,2025-10-24 12:00:00,65.96720797975541,30.33,50.69,2.45,0.13,development,0.0,4.634980264381015e-14,0,0.0
50966,2025-10-24 13:00:00,65.57982541331567,30.11,51.22,2.14,0.15,development,0.0,2.0090946387281325e-13,0,0.0
50967,2025-10-24 14:00:00,64.06622523143662,29.49,53.17,1.68,0.18,development,0.0,5.08498890940754e-12,0,0.0
50968,2025-10-24 15:00:00,63.7422647890949,28.32,57.21,0.98,0.2,development,0.0,1.533598377632801e-11,0,0.0
50969,2025-10-24 16:00:00,63.50695787670029,26.76,63.82,0.43,0.24,development,0.0,4.6173632611097976e-11,0,0.0
50970,2025-10-24 17:00:00,64.12944097796851,24.84,74.33,0.03,0.28,development,0.0,3.307892896629132e-11,0,0.0
50971,2025-10-24 18:00:00,64.1297124138178,23.44,83.85,0.0,0.31,development,0.0,3.759319740056929e-11,0,0.0
50972,2025-10-24 19:00:00,64.72894144705462,22.82,89.42,0.0,0.31,development,0.0,3.083240910677491e-11,0,0.0
50973,2025-10-24 20:00:00,64.53919535987052,22.49,92.96,0.0,0.39,development,0.0,5.449765468182854e-11,0,0.0
50974,2025-10-24 21:00:00,64.79363428241007,22.28,95.28,0.0,0.4,development,0.0,5.798115652135636e-11,0,0.0
50975,2025-10-24 22:00:00,65.4262290361577,22.11,96.65,0.0,0.43,development,0.0,1.7727878328680888e-11,0,0.0
50976,2025-10-24 23:00:00,67.0989830650826,21.97,97.34,0.0,0.49,development,0.0,1.7780767125718126e-12,0,0.0
50977,2025-10-25 00:00:00,67.33142088388023,21.92,97.44,0.0,0.48,development,0.0,8.089644790944159e-13,0,0.0
50978,2025-10-25 01:00:00,67.60838017974189,21.84,97.79,0.0,0.51,development,0.0,1.138583021527042e-13,0,0.0
50979,2025-10-25 02:00:00,69.09638054963983,21.83,97.87,0.0,0.45,development,0.0,2.212975988326046e-15,0,0.0
50980,2025-10-25 03:00:00,70.35697296185126,21.75,97.99,0.0,0.5,development,0.0,4.9134541735744694e-17,0,0.0
50981,2025-10-25 04:00:00,69.30739287727079,21.58,98.14,0.0,0.41,development,0.0,2.5280505948042802e-17,0,0.0
50982,2025-10-25 05:00:00,69.19851533877917,21.67,97.84,0.17,0.29,development,0.0,9.577985903838093e-18,0,0.0
50983,2025-10-25 06:00:00,71.25931020311731,22.87,94.92,0.91,0.35,development,0.0,4.773815271032606e-19,0,0.0
50984,2025-10-25 07:00:00,70.6057363165255,24.15,87.14,1.73,0.27,development,0.0,7.015951286558202e-19,0,0.0
50985,2025-10-25 08:00:00,70.18141156523102,26.17,71.99,2.47,0.17,development,0.0,6.710490582392013e-19,0,0.0
50986,2025-10-25 09:00:00,71.12913158339414,28.02,60.98,2.82,0.53,development,0.0,3.0011261182203697e-19,0,0.0
50987,2025-10-25 10:00:00,69.73985264121447,29.36,54.77,3.02,0.37,development,0.0,8.081602383319421e-18,0,0.0
50988,2025-10-25 11:00:00,69.6945378949363,30.22,50.95,3.19,0.28,development,0.0,1.4034708477755698e-17,0,0.0
50989,2025-10-25 12:00:00,68.77454019169592,30.78,48.05,2.91,0.18,development,0.0,1.8993196633908466e-16,0,0.0
50990,2025-10-25 13:00:00,70.50642761775732,30.87,47.02,2.63,0.15,development,0.0,1.8411031057038918e-17,0,0.0
50991,2025-10-25 14:00:00,67.10085339626809,30.38,48.24,2.16,0.1,development,0.0,2.2618202019301957e-14,0,0.0
50992,2025-10-25 15:00:00,67.34455733821268,29.36,51.32,1.38,0.05,development,0.0,4.513572783439435e-14,0,0.0
50993,2025-10-25 16:00:00,66.05429767409896,27.77,57.37,0.61,0.11,development,0.0,1.2520476335378181e-12,0,0.0
50994,2025-10-25 17:00:00,66.4925403861228,25.66,67.95,0.04,0.1,development,0.0,1.5130665724870903e-12,0,0.0
50995,2025-10-25 18:00:00,66.02572233834832,24.02,77.84,0.0,0.04,development,0.0,5.6109794965705186e-12,0,0.0
50996,2025-10-25 19:00:00,66.81882850571247,23.16,83.69,0.0,0.0,development,0.0,3.9629233424090356e-12,0,0.0
50997,2025-10-25 20:00:00,66.11846336279221,22.48,87.78,0.0,0.01,development,0.0,1.290617610452232e-11,0,0.0
50998,2025-10-25 21:00:00,66.64780641468184,21.84,91.48,0.0,0.04,development,0.0,6.8322530768585834e-12,0,0.0
50999,2025-10-25 22:00:00,65.6652099263917,21.3,94.73,0.0,0.02,development,0.0,1.0384367545483295e-11,0,0.0
51000,2025-10-25 23:00:00,65.74519593182126,20.91,97.08,0.0,0.09,development,0.0,4.7015826706895834e-12,0,0.0
51001,2025-10-26 00:00:00,65.28934959909692,20.77,98.37,0.0,0.33,development,0.0,3.950546929768936e-12,0,0.0
51002,2025-10-26 01:00:00,67.48764804621764,20.67,99.23,0.0,0.32,development,0.0,7.339697692550378e-14,0,0.0
51003,2025-10-26 02:00:00,67.40081222739794,20.86,98.74,0.0,0.58,development,0.0,1.0499077773938885e-14,0,0.0
51004,2025-10-26 03:00:00,70.58890337976106,20.98,98.26,0.0,0.73,development,0.0,2.4137879059742385e-17,0,0.0
51005,2025-10-26 04:00:00,69.11714951371766,21.03,97.91,0.0,0.53,development,0.0,2.3409338551979e-17,0,0.0
51006,2025-10-26 05:00:00,71.35462774661056,21.16,97.35,0.19,0.69,development,0.0,3.932335556830616e-19,0,0.0
51007,2025-10-26 06:00:00,72.02299824014264,22.37,93.95,0.98,0.6,development,0.0,1.169429853052921e-19,0,0.0
51008,2025-10-26 07:00:00,71.24611164251964,23.98,84.59,1.84,0.47,development,0.0,2.422920235203906e-19,0,0.0
51009,2025-10-26 08:00:00,70.84154118189804,26.22,67.7,2.51,0.38,development,0.0,2.5770753666790345e-19,0,0.0
51010,2025-10-26 09:00:00,70.82196566128314,27.95,58.41,2.96,0.15,development,0.0,5.582344431412358e-19,0,0.0
51011,2025-10-26 10:00:00,71.13164234193081,29.35,52.8,3.18,0.11,development,0.0,5.707505385123459e-19,0,0.0
51012,2025-10-26 11:00:00,71.21131784568625,30.4,48.04,3.35,0.08,development,0.0,7.47951667379011e-19,0,0.0
51013,2025-10-26 12:00:00,67.57107773414208,30.83,45.79,3.23,0.12,development,0.0,1.6411058241537792e-15,0,0.0
51014,2025-10-26 13:00:00,67.71707080922162,30.69,45.43,2.89,0.07,development,0.0,2.8967883382775685e-15,0,0.0
51015,2025-10-26 14:00:00,66.44103645243536,30.0,46.93,2.25,0.05,development,0.0,7.601560896901857e-14,0,0.0
51016,2025-10-26 15:00:00,66.0090679720778,28.81,50.21,1.43,0.05,development,0.0,4.443952442875674e-13,0,0.0
51017,2025-10-26 16:00:00,67.21444278043154,27.15,56.07,0.64,0.03,development,0.0,2.249072483208761e-13,0,0.0
51018,2025-10-26 17:00:00,64.99370904199701,25.16,65.04,0.04,0.01,development,0.0,9.447049374323853e-12,0,0.0
51019,2025-10-26 18:00:00,64.33594633773988,23.81,72.96,0.0,0.01,development,0.0,3.894881086292075e-11,0,0.0
51020,2025-10-26 19:00:00,65.82098581157634,23.17,78.0,0.0,0.03,development,0.0,1.4038999087540664e-11,0,0.0
51021,2025-10-26 20:00:00,66.0505303421651,22.75,81.37,0.0,0.07,development,0.0,2.0115607422370755e-11,0,0.0
51022,2025-10-26 21:00:00,65.52250603875592,22.38,84.41,0.0,0.09,development,0.0,3.6885484794010824e-11,0,0.0
51023,2025-10-26 22:00:00,65.70177940562678,22.0,87.65,0.0,0.31,development,0.0,1.5524069135547633e-11,0,0.0
51024,2025-10-26 23:00:00,66.96263774800953,21.7,90.47,0.0,0.47,development,0.0,2.1315284628501787e-12,0,0.0
51025,2025-10-27 00:00:00,66.24194353416269,21.42,92.8,0.0,0.39,development,0.0,1.943692265510041e-12,0,0.0
51026,2025-10-27 01:00:00,68.13428005103982,21.11,94.54,0.0,0.38,development,0.0,4.1076726169620363e-14,0,0.0
51027,2025-10-27 02:00:00,68.09369536026078,20.85,95.72,0.0,0.46,development,0.0,4.612047252699227e-15,0,0.0
51028,2025-10-27 03:00:00,69.94397106471041,20.57,96.74,0.0,0.37,development,0.0,4.361728987053568e-17,0,0.0
51029,2025-10-27 04:00:00,69.55159760064002,20.31,97.47,0.0,0.37,development,0.0,8.799129589257735e-18,0,0.0
51030,2025-10-27 05:00:00,70.0115904776713,20.46,97.4,0.16,0.67,development,0.0,1.5524311206867473e-18,0,0.0
51031,2025-10-27 06:00:00,70.87560807679814,22.22,93.8,0.81,0.74,development,0.0,6.506793841070387e-19,0,0.0
51032,2025-10-27 07:00:00,70.54977829748842,23.96,85.78,1.56,1.02,development,0.0,8.668229090853509e-19,0,0.0
51033,2025-10-27 08:00:00,72.65091994532374,25.95,71.35,2.05,0.89,development,0.0,2.5839390342334853e-20,0,0.0
51034,2025-10-27 09:00:00,72.07593085213196,28.06,60.57,2.28,0.11,development,0.0,5.458494696810473e-20,0,0.0
51035,2025-10-27 10:00:00,71.6220806441458,29.64,53.8,2.44,0.11,development,0.0,2.691808577400609e-19,0,0.0
51036,2025-10-27 11:00:00,70.6669106677975,30.55,49.87,2.35,0.1,development,0.0,2.960472633281874e-18,0,0.0
51037,2025-10-27 12:00:00,71.14371513420906,30.83,48.32,2.54,0.08,development,0.0,2.387473663590375e-18,0,0.0
51038,2025-10-27 13:00:00,68.98662727775147,30.8,47.83,2.0,0.07,development,0.0,4.1503176230771677e-16,0,0.0
51039,2025-10-27 14:00:00,67.80656364163043,30.18,49.64,1.81,0.06,development,0.0,6.613515984437464e-15,0,0.0
51040,2025-10-27 15:00:00,66.56323755528454,28.94,54.18,1.05,0.05,development,0.0,1.6369787834485888e-13,0,0.0
51041,2025-10-27 16:00:00,67.12923071280801,27.59,59.82,0.46,0.04,development,0.0,2.5196194105398446e-13,0,0.0
51042,2025-10-27 17:00:00,66.43572128703809,25.81,68.52,0.03,0.02,development,0.0,1.6188743865461467e-12,0,0.0
51043,2025-10-27 18:00:00,66.26001269789299,24.33,77.23,0.0,0.02,development,0.0,4.614092370674677e-12,0,0.0
51044,2025-10-27 19:00:00,67.07394797727306,23.57,82.2,0.0,0.02,development,0.0,3.411203582022435e-12,0,0.0
51045,2025-10-27 20:00:00,68.25897959685604,23.0,85.84,0.0,0.02,development,0.0,1.5982346283920169e-12,0,0.0
51046,2025-10-27 21:00:00,68.13386951906169,22.56,88.42,0.0,0.03,development,0.0,1.965689392480017e-12,0,0.0
51047,2025-10-27 22:00:00,66.42275509657708,22.11,90.91,0.0,0.05,development,0.0,7.180643849849219e-12,0,0.0
51048,2025-10-27 23:00:00,67.56520075450277,21.78,92.89,0.0,0.07,development,0.0,1.1210423605257289e-12,0,0.0
51049,2025-10-28 00:00:00,67.9618618823578,21.62,94.17,0.0,0.07,development,0.0,3.310813999245876e-13,0,0.0
51050,2025-10-28 01:00:00,68.17860343721384,21.43,95.35,0.0,0.07,development,0.0,4.604687855905884e-14,0,0.0
51051,2025-10-28 02:00:00,69.06878093827585,21.29,95.97,0.0,0.06,development,0.0,1.7306803971350468e-15,0,0.0
51052,2025-10-28 03:00:00,66.91260874970357,21.25,96.22,0.0,0.05,development,0.0,2.848738856686738e-15,0,0.0
51053,2025-10-28 04:00:00,67.20219086478681,21.25,96.33,0.0,0.05,development,0.0,2.9172048353928825e-16,0,0.0
51054,2025-10-28 05:00:00,67.44326506947807,21.49,95.71,0.19,0.05,development,0.0,7.818668515276932e-17,0,0.0
51055,2025-10-28 06:00:00,68.34143596034194,22.86,90.77,0.91,0.06,development,0.0,3.3157142909551396e-17,0,0.0
51056,2025-10-28 07:00:00,65.70792947795215,24.82,78.91,1.72,0.07,development,0.0,1.1228510888370022e-15,0,0.0
51057,2025-10-28 08:00:00,67.29365192994078,27.13,64.53,2.43,0.06,development,0.0,2.4847491080120784e-16,0,0.0
51058,2025-10-28 09:00:00,65.46644350962079,28.91,56.46,2.85,0.08,development,0.0,1.545871335811593e-14,0,0.0
51059,2025-10-28 10:00:00,66.16499307332937,30.24,51.75,2.98,0.09,development,0.0,8.483582106220848e-15,0,0.0
51060,2025-10-28 11:00:00,67.01324670108313,31.16,48.29,2.83,0.1,development,0.0,2.775997512664473e-15,0,0.0
51061,2025-10-28 12:00:00,65.18534352913265,31.59,46.34,2.4,0.06,development,0.0,2.215277935446764e-13,0,0.0
51062,2025-10-28 13:00:00,62.6238848199376,31.31,46.94,2.28,0.06,development,0.0,5.2153201595003495e-11,0,0.0
51063,2025-10-28 14:00:00,62.5069585133728,30.51,49.59,1.83,0.06,development,0.0,9.225489821629367e-11,0,0.0
51064,2025-10-28 15:00:00,61.49581317690044,29.04,54.4,1.15,0.04,development,0.0,6.840136602778405e-10,0,0.0
51065,2025-10-28 16:00:00,62.78447541403121,27.46,59.85,0.52,0.02,development,0.0,1.2059911680786916e-10,0,0.0
51066,2025-10-28 17:00:00,59.749423624720826,25.72,66.84,0.04,0.01,development,0.0,2.406470392254527e-09,0,0.0
51067,2025-10-28 18:00:00,61.15948857319244,24.37,73.9,0.0,0.0,development,0.0,8.625234106825735e-10,0,0.0
51068,2025-10-28 19:00:00,60.95362933152692,23.62,78.72,0.0,0.0,development,0.0,1.965483290132901e-09,0,0.0
51069,2025-10-28 20:00:00,60.572308707157866,23.06,82.43,0.0,0.0,development,0.0,3.3040317912255588e-09,0,0.0
51070,2025-10-28 21:00:00,62.83770239946719,22.65,85.1,0.0,0.0,development,0.0,5.633059705301991e-10,0,0.0
51071,2025-10-28 22:00:00,60.27043244828317,22.27,87.13,0.0,0.01,development,0.0,2.249244542717736e-09,0,0.0
51072,2025-10-28 23:00:00,60.580449327640885,21.91,88.53,0.0,0.01,development,0.0,1.039189189530423e-09,0,0.0
51073,2025-10-29 00:00:00,62.82479995789615,21.49,90.28,0.0,0.01,development,0.0,5.536265966080932e-11,0,0.0
51074,2025-10-29 01:00:00,61.49370181049716,21.08,92.14,0.0,0.02,development,0.0,4.017122695583419e-11,0,0.0
51075,2025-10-29 02:00:00,61.45796590116623,20.68,94.2,0.0,0.02,development,0.0,6.412906335920136e-12,0,0.0
51076,2025-10-29 03:00:00,61.1355977003385,20.33,96.12,0.0,0.03,development,0.0,8.421119159426776e-13,0,0.0
51077,2025-10-29 04:00:00,61.671627491607815,20.09,97.33,0.0,0.03,development,0.0,5.270705905478614e-14,0,0.0
51078,2025-10-29 05:00:00,61.367544635145634,20.31,96.53,0.2,0.03,development,0.0,2.9170741692004377e-14,0,0.0
51079,2025-10-29 06:00:00,61.185681005496185,22.52,87.09,0.99,0.05,development,0.0,2.7830335766751843e-13,0,0.0
51080,2025-10-29 07:00:00,60.48314582354752,24.79,73.88,1.89,0.07,development,0.0,4.21193492240285e-12,0,0.0
51081,2025-10-29 08:00:00,61.25327990861776,26.93,62.11,2.63,0.09,development,0.0,7.167798054796344e-12,0,0.0
51082,2025-10-29 09:00:00,60.09241448804605,28.93,53.63,3.06,0.04,development,0.0,3.616770305283525e-10,0,0.0
51083,2025-10-29 10:00:00,59.36117350510124,30.65,47.25,3.27,0.02,development,0.0,4.6761161201875585e-09,0,0.0
51084,2025-10-29 11:00:00,59.31908610912896,31.84,43.18,3.25,0.01,development,0.0,1.0809411460159923e-08,0,0.0
51085,2025-10-29 12:00:00,57.39538056861233,32.35,41.38,3.3,0.0,development,0.0,9.829032985089948e-07,0,0.0
51086,2025-10-29 13:00:00,56.75441321691811,32.42,40.46,2.66,0.0,development,0.0,4.796475724280206e-06,0,0.0
51087,2025-10-29 14:00:00,57.322711223955785,31.94,40.77,2.12,0.0,development,0.0,1.649998755040704e-06,0,0.0
51088,2025-10-29 15:00:00,55.5896389828119,30.84,43.18,1.37,0.0,development,0.0,1.4878385266119827e-05,0,0.0
51089,2025-10-29 16:00:00,54.35522200745508,29.2,48.15,0.63,0.0,development,0.0,3.1728369822305226e-06,0,0.0
51090,2025-10-29 17:00:00,53.65271156585729,26.94,57.18,0.04,0.0,development,0.0,2.477110114645312e-07,0,0.0
51091,2025-10-29 18:00:00,54.4243354615376,24.94,67.48,0.0,0.0,development,0.0,5.8445785372812155e-08,0,0.0
51092,2025-10-29 19:00:00,55.16060595009059,23.84,74.8,0.0,0.0,development,0.0,2.439475401171734e-08,0,0.0
51093,2025-10-29 20:00:00,54.05835099606592,23.06,80.64,0.0,0.0,development,0.0,3.524025385554061e-08,0,0.0
51094,2025-10-29 21:00:00,54.49578718264095,22.38,85.87,0.0,0.0,development,0.0,3.305007246847911e-08,0,0.0
51095,2025-10-29 22:00:00,54.037968021133054,21.69,90.64,0.0,0.0,development,0.0,4.464696893722101e-08,0,0.0
51096,2025-10-29 23:00:00,54.20424642803272,21.14,94.0,0.0,0.0,development,0.0,1.3419776437506237e-08,0,0.0
51097,2025-10-30 00:00:00,53.5085354050567,20.63,96.62,0.0,0.0,development,0.0,3.914116246534888e-09,0,0.0
51098,2025-10-30 01:00:00,54.6987480213531,20.17,98.95,0.0,0.0,development,0.0,7.183096423524472e-10,0,0.0
51099,2025-10-30 02:00:00,54.5973849230245,19.75,100.0,0.0,0.0,development,0.0,2.6501667644956956e-10,0,0.0
51100,2025-10-30 03:00:00,55.66166487621493,19.43,100.0,0.0,0.0,development,0.0,4.739587097056544e-11,0,0.0
51101,2025-10-30 04:00:00,54.56510661032849,19.3,100.0,0.0,0.0,development,0.0,2.098045565135908e-11,0,0.0
51102,2025-10-30 05:00:00,53.90800849552756,19.8,100.0,0.22,0.0,development,0.0,2.8773439928983843e-11,0,0.0
51103,2025-10-30 06:00:00,55.63991684057403,22.57,84.69,1.07,0.0,development,0.0,1.538112439272655e-10,0,0.0
51104,2025-10-30 07:00:00,54.50863178217173,25.2,69.04,1.97,0.0,development,0.0,6.186589754461294e-08,0,0.0
51105,2025-10-30 08:00:00,53.86442335315725,27.5,56.92,2.48,0.0,development,0.0,5.580417660470816e-06,0,0.0
51106,2025-10-30 09:00:00,52.988843344615255,29.64,47.36,3.15,0.0,development,0.0,0.0005503098477380894,0,0.0
51107,2025-10-30 10:00:00,52.24807689880528,31.51,40.85,3.12,0.0,development,0.0,0.019054074544557317,0,0.0
51108,2025-10-30 11:00:00,50.46103917720856,32.89,36.81,2.99,0.0,development,0.0,0.7231967358034074,1,4.487026780313749
51109,2025-10-30 12:00:00,50.07620460985344,33.75,34.26,3.07,0.0,development,4.509293985702197,0.8165996591444095,1,4.523170917492742
51110,2025-10-30 13:00:00,56.50809041958718,33.97,33.51,2.36,0.0,development,0.0,1.0005972388538252e-05,0,0.0
51111,2025-10-30 14:00:00,56.09602856894388,33.52,34.79,1.87,0.0,development,0.0,1.4699750106017142e-05,0,0.0
51112,2025-10-30 15:00:00,55.99117023809587,32.39,38.2,1.19,0.0,development,0.0,5.775900266482202e-06,0,0.0
51113,2025-10-30 16:00:00,55.36685451717511,30.6,44.39,0.56,0.0,development,0.0,1.0651688756316588e-06,0,0.0
51114,2025-10-30 17:00:00,54.74216009063776,28.07,54.94,0.04,0.0,development,0.0,1.4528349260714393e-07,0,0.0
51115,2025-10-30 18:00:00,52.954373887449954,25.89,66.57,0.0,0.0,development,0.0,1.9729965509060536e-07,0,0.0
51116,2025-10-30 19:00:00,53.98531161965784,24.68,74.45,0.0,0.0,development,0.0,5.981029531152321e-08,0,0.0
51117,2025-10-30 20:00:00,52.87556410593069,23.89,79.66,0.0,0.0,development,0.0,7.814584059493636e-08,0,0.0
51118,2025-10-30 21:00:00,55.198908958562,23.29,83.94,0.0,0.0,development,0.0,4.318893123955283e-08,0,0.0
51119,2025-10-30 22:00:00,54.23685454441802,22.8,87.63,0.0,0.0,development,0.0,6.570617405650085e-08,0,0.0
51120,2025-10-30 23:00:00,54.2154653183262,22.37,90.81,0.0,0.0,development,0.0,2.888313764674417e-08,0,0.0
51121,2025-10-31 00:00:00,53.78467125547619,22.02,93.23,0.0,0.0,mid,0.0,4.029575252045739e-08,0,0.0
51122,2025-10-31 01:00:00,55.35698257514122,22.13,92.79,0.0,0.01,mid,0.0,9.444958280737158e-09,0,0.0
51123,2025-10-31 02:00:00,54.43961648922022,22.06,92.92,0.0,0.01,mid,0.0,3.448008248316264e-09,0,0.0
51124,2025-10-31 03:00:00,54.27932552295988,21.89,93.61,0.0,0.01,mid,0.0,9.80234847782572e-10,0,0.0
51125,2025-10-31 04:00:00,54.483544854611296,21.63,94.85,0.0,0.01,mid,0.0,1.8492369447790742e-10,0,0.0
51126,2025-10-31 05:00:00,54.55744851016741,21.73,94.14,0.21,0.01,mid,0.0,1.1528183232681424e-10,0,0.0
51127,2025-10-31 06:00:00,54.31308186646703,23.5,83.19,0.95,0.02,mid,0.0,9.463744579185939e-10,0,0.0
51128,2025-10-31 07:00:00,55.1720145110277,25.74,68.96,1.77,0.01,mid,0.0,5.5327293271294516e-09,0,0.0
51129,2025-10-31 08:00:00,54.65195641821591,27.89,58.19,2.2,0.01,mid,0.0,7.510238740082322e-08,0,0.0
51130,2025-10-31 09:00:00,52.99621656258079,29.74,50.76,2.64,0.01,mid,0.0,1.1673978992969977e-05,0,0.0
51131,2025-10-31 10:00:00,51.40325262808097,31.19,45.76,2.95,0.01,mid,0.0,0.001928775068099189,0,0.0
51132,2025-10-31 11:00:00,51.28656444557949,32.32,42.06,2.95,0.01,mid,0.0,0.011147532122050201,0,0.0
51133,2025-10-31 12:00:00,49.51267399800133,32.87,40.26,2.75,0.01,mid,0.0,0.38048279946679175,0,0.0
51134,2025-10-31 13:00:00,50.13005384060392,32.88,40.13,2.23,0.01,mid,4.019544589690955,0.09646621025528632,0,0.0
51135,2025-10-31 14:00:00,56.04867952816487,32.25,41.72,2.02,0.01,mid,0.0,1.7898139510353997e-06,0,0.0
51136,2025-10-31 15:00:00,54.63950589450624,31.03,45.17,1.27,0.01,mid,0.0,6.615167720049756e-06,0,0.0
51137,2025-10-31 16:00:00,52.62300034844756,29.25,51.13,0.58,0.01,mid,0.0,3.4264853680613946e-06,0,0.0
51138,2025-10-31 17:00:00,52.90739632939256,27.12,59.55,0.04,0.0,mid,0.0,2.516315564371406e-07,0,0.0
51139,2025-10-31 18:00:00,53.11990887663972,25.47,67.55,0.0,0.0,mid,0.0,1.5933361574890402e-07,0,0.0
51140,2025-10-31 19:00:00,52.60783351468423,24.47,73.66,0.0,0.0,mid,0.0,2.115325252937152e-07,0,0.0
51141,2025-10-31 20:00:00,53.03810601339223,23.7,79.2,0.0,0.0,mid,0.0,2.3183826755727322e-07,0,0.0
51142,2025-10-31 21:00:00,53.46670339284825,23.09,83.94,0.0,0.0,mid,0.0,3.450666011235631e-07,0,0.0
51143,2025-10-31 22:00:00,53.70243825074022,22.54,87.82,0.0,0.0,mid,0.0,2.9325916792161914e-07,0,0.0
51144,2025-10-31 23:00:00,54.311054067309634,22.1,90.51,0.0,0.0,mid,0.0,8.5337572007476e-08,0,0.0
51145,2025-11-01 00:00:00,53.27612398834373,21.8,92.07,0.0,0.01,mid,0.0,3.931852999391264e-08,0,0.0
51146,2025-11-01 01:00:00,53.06597235542152,21.52,93.31,0.0,0.01,mid,0.0,1.8343285476091854e-08,0,0.0
51147,2025-11-01 02:00:00,52.288157919074855,21.18,94.99,0.0,0.01,mid,0.0,7.274185298973571e-09,0,0.0
51148,2025-11-01 03:00:00,53.62159455858242,20.92,96.08,0.0,0.02,mid,0.0,7.796463363186881e-10,0,0.0
51149,2025-11-01 04:00:00,53.00665875023402,20.77,96.49,0.0,0.02,mid,0.0,3.524713618402969e-10,0,0.0
51150,2025-11-01 05:00:00,53.227233158944685,20.99,95.3,0.2,0.02,mid,0.0,2.4216164071894236e-10,0,0.0
51151,2025-11-01 06:00:00,52.96664120908265,23.16,83.59,0.93,0.02,mid,0.0,3.736026893330622e-09,0,0.0
51152,2025-11-01 07:00:00,52.736341060523785,25.51,68.6,1.62,0.01,mid,0.0,2.121833978276393e-07,0,0.0
51153,2025-11-01 08:00:00,53.240512105225015,27.8,56.45,2.16,0.01,mid,0.0,7.891524333430381e-07,0,0.0
51154,2025-11-01 09:00:00,51.9206912438924,29.66,49.18,2.44,0.02,mid,0.0,9.154998921082484e-05,0,0.0
51155,2025-11-01 10:00:00,52.352697688855024,31.15,44.47,2.69,0.02,mid,0.0,0.00033421753399498884,0,0.0
51156,2025-11-01 11:00:00,49.243058103798525,32.2,41.61,2.7,0.02,mid,0.0,0.503811340860205,0,0.0
51157,2025-11-01 12:00:00,50.12481353933906,32.79,39.9,2.61,0.01,mid,0.0,0.17337250202665577,0,0.0
51158,2025-11-01 13:00:00,47.75185029170859,32.79,39.67,2.4,0.01,mid,4.446153170760315,0.7347472832604096,1,4.299268575079888
51159,2025-11-01 14:00:00,54.62421855145724,32.22,41.03,1.85,0.0,mid,0.0,2.023950806037909e-05,0,0.0
51160,2025-11-01 15:00:00,54.33879216770727,31.07,44.35,1.17,0.0,mid,0.0,8.060168059079962e-06,0,0.0
51161,2025-11-01 16:00:00,54.251715436189535,29.31,50.11,0.53,0.0,mid,0.0,7.220197695301224e-07,0,0.0
51162,2025-11-01 17:00:00,54.01779777257577,27.21,58.5,0.04,0.0,mid,0.0,1.1886399495826088e-07,0,0.0
51163,2025-11-01 18:00:00,54.00227203830982,25.55,67.04,0.0,0.0,mid,0.0,9.752756891999306e-08,0,0.0
51164,2025-11-01 19:00:00,52.99883457643504,24.61,73.25,0.0,0.0,mid,0.0,1.8708000717635158e-07,0,0.0
51165,2025-11-01 20:00:00,54.61553054494856,23.84,78.74,0.0,0.0,mid,0.0,1.335193925751116e-07,0,0.0
51166,2025-11-01 21:00:00,53.65737537585264,23.14,83.72,0.0,0.0,mid,0.0,3.290699267185156e-07,0,0.0
51167,2025-11-01 22:00:00,50.81132418079999,22.64,87.19,0.0,0.0,mid,0.0,4.5262124755795173e-07,0,0.0
51168,2025-11-01 23:00:00,53.22541276120347,22.18,90.26,0.0,0.01,mid,0.0,1.1727231205283514e-07,0,0.0
51169,2025-11-02 00:00:00,52.9066573419683,21.9,92.17,0.0,0.01,mid,0.0,4.434922245605012e-08,0,0.0
51170,2025-11-02 01:00:00,52.973531773096965,21.81,92.82,0.0,0.01,mid,0.0,2.2716507350149106e-08,0,0.0
51171,2025-11-02 02:00:00,53.74596256033367,21.76,93.14,0.0,0.01,mid,0.0,4.439018004174865e-09,0,0.0
51172,2025-11-02 03:00:00,53.4948492244716,21.65,93.55,0.0,0.01,mid,0.0,1.407717395353654e-09,0,0.0
51173,2025-11-02 04:00:00,52.720863675995005,21.59,93.63,0.0,0.01,mid,0.0,7.2151122126093e-10,0,0.0
51174,2025-11-02 05:00:00,54.47685448563804,21.84,92.18,0.21,0.01,mid,0.0,1.4058157364586574e-10,0,0.0
51175,2025-11-02 06:00:00,52.25885358707569,23.47,82.22,0.99,0.01,mid,0.0,1.3424768343211328e-08,0,0.0
51176,2025-11-02 07:00:00,51.94543933390276,25.68,68.01,1.72,0.01,mid,0.0,8.42837228493604e-07,0,0.0
51177,2025-11-02 08:00:00,51.633463813508335,27.78,57.62,2.37,0.0,mid,0.0,1.1980527140311792e-05,0,0.0
51178,2025-11-02 09:00:00,52.114958138176135,29.55,50.69,2.7,0.0,mid,0.0,6.164035441586719e-05,0,0.0
51179,2025-11-02 10:00:00,51.14370791547851,31.13,45.23,3.06,0.0,mid,0.0,0.0030623936341812076,0,0.0
51180,2025-11-02 11:00:00,49.18524810889517,32.31,41.09,3.14,0.0,mid,0.0,0.349992600088845,0,0.0
51181,2025-11-02 12:00:00,48.308504108354605,32.89,38.18,2.92,0.0,mid,4.291694565565333,0.8226186798145175,1,4.340587121951498
51182,2025-11-02 13:00:00,54.9195280228341,32.78,37.09,2.72,0.0,mid,0.0,1.0685059953120918e-05,0,0.0
51183,2025-11-02 14:00:00,53.158271655054165,31.99,37.99,2.25,0.0,mid,0.0,0.00025143705343916084,0,0.0
51184,2025-11-02 15:00:00,53.90919424332693,30.69,40.47,1.49,0.0,mid,0.0,1.9969378043795248e-05,0,0.0
51185,2025-11-02 16:00:00,53.998063770636165,28.87,45.08,0.69,0.0,mid,0.0,7.02567364470508e-07,0,0.0
51186,2025-11-02 17:00:00,52.33114719896463,26.62,52.21,0.05,0.0,mid,0.0,2.6944676833277034e-07,0,0.0
51187,2025-11-02 18:00:00,52.7505603658581,24.6,61.14,0.0,0.0,mid,0.0,1.0935813659774108e-07,0,0.0
51188,2025-11-02 19:00:00,52.56004735057981,23.52,67.58,0.0,0.0,mid,0.0,1.0782941545133066e-07,0,0.0
51189,2025-11-02 20:00:00,53.5672585390291,22.68,73.32,0.0,0.0,mid,0.0,9.709475505057691e-08,0,0.0
51190,2025-11-02 21:00:00,54.026022506794696,21.92,78.93,0.0,0.0,mid,0.0,1.2798827597546634e-07,0,0.0
51191,2025-11-02 22:00:00,52.187226685309184,21.24,83.79,0.0,0.0,mid,0.0,1.6091771103604617e-07,0,0.0
51192,2025-11-02 23:00:00,52.4992109849846,20.62,88.23,0.0,0.0,mid,0.0,5.371798236338211e-08,0,0.0
51193,2025-11-03 00:00:00,53.15992785732944,20.03,92.53,0.0,0.0,mid,0.0,1.3226638346880973e-08,0,0.0
51194,2025-11-03 01:00:00,52.7493489953408,19.55,96.16,0.0,0.0,mid,0.0,5.111375808028516e-09,0,0.0
51195,2025-11-03 02:00:00,51.74400479900125,19.22,98.55,0.0,0.0,mid,0.0,2.727265851099815e-09,0,0.0
51196,2025-11-03 03:00:00,51.0261668894459,19.04,99.45,0.0,0.0,mid,0.0,1.2039104399681016e-09,0,0.0
51197,2025-11-03 04:00:00,51.995621202832886,18.85,100.0,0.0,0.0,mid,0.0,2.021477504027373e-10,0,0.0
51198,2025-11-03 05:00:00,52.73575426775502,19.17,98.68,0.23,0.0,mid,0.0,1.2204645771152763e-10,0,0.0
51199,2025-11-03 06:00:00,52.15821431482389,22.08,82.31,1.07,0.0,mid,0.0,7.2256670440777105e-09,0,0.0
51200,2025-11-03 07:00:00,51.36178091269002,25.07,65.06,1.92,0.0,mid,0.0,2.2415046893810827e-06,0,0.0
51201,2025-11-03 08:00:00,51.22383079729397,27.44,54.11,2.11,0.0,mid,0.0,2.353892379198464e-05,0,0.0
51202,2025-11-03 09:00:00,52.4207887477249,29.78,44.88,2.67,0.0,mid,0.0,4.253329605230928e-05,0,0.0
51203,2025-11-03 10:00:00,49.15695453005625,31.83,38.28,2.84,0.0,mid,0.0,0.2219856585905604,0,0.0
51204,2025-11-03 11:00:00,48.80818596867588,33.49,33.42,2.64,0.0,mid,0.0,0.7882711640878989,1,4.576908362502471
51205,2025-11-03 12:00:00,47.6120365687955,34.68,29.86,2.06,0.0,mid,4.692275651991224,0.9069598947241175,1,4.366726713008023
51206,2025-11-03 13:00:00,56.41057154058488,35.28,28.1,2.01,0.0,mid,0.0,9.970935019545784e-07,0,0.0
51207,2025-11-03 14:00:00,52.77125017616771,35.26,27.97,2.02,0.0,mid,0.0,0.0010861854011210092,0,0.0
51208,2025-11-03 15:00:00,52.58912875196271,34.57,29.51,1.33,0.0,mid,0.0,0.00019401649203584139,0,0.0
51209,2025-11-03 16:00:00,52.75164423065623,33.1,33.47,0.61,0.0,mid,0.0,6.9170528225238894e-06,0,0.0
51210,2025-11-03 17:00:00,52.56724278805147,30.14,44.86,0.05,0.0,mid,0.0,4.580698953396559e-07,0,0.0
51211,2025-11-03 18:00:00,53.330175153433736,27.54,56.95,0.0,0.0,mid,0.0,1.542013515017455e-07,0,0.0
51212,2025-11-03 19:00:00,53.2475328224566,26.02,67.87,0.0,0.0,mid,0.0,2.5366083986282025e-07,0,0.0
51213,2025-11-03 20:00:00,51.86976422103473,24.85,77.7,0.0,0.0,mid,0.0,5.375036876307493e-07,0,0.0
51214,2025-11-03 21:00:00,52.68375813056834,24.15,83.78,0.0,0.0,mid,0.0,5.978047353317069e-07,0,0.0
51215,2025-11-03 22:00:00,52.294515994623794,23.65,87.23,0.0,0.0,mid,0.0,6.151090756098881e-07,0,0.0
51216,2025-11-03 23:00:00,52.06683191773704,23.35,88.77,0.0,0.0,mid,0.0,2.91670898014221e-07,0,0.0
51217,2025-11-04 00:00:00,53.245954108935344,23.15,89.56,0.0,0.0,mid,0.0,9.084392462013333e-08,0,0.0
51218,2025-11-04 01:00:00,52.63657319339827,23.05,90.15,0.0,0.0,mid,0.0,5.170393572616957e-08,0,0.0
51219,2025-11-04 02:00:00,53.70867131079972,22.83,91.62,0.0,0.0,mid,0.0,9.253609734219747e-09,0,0.0
51220,2025-11-04 03:00:00,52.81385904234538,22.49,93.84,0.0,0.0,mid,0.0,3.812111203088604e-09,0,0.0
51221,2025-11-04 04:00:00,53.17486708988466,22.32,94.97,0.0,0.0,mid,0.0,7.671593415567582e-10,0,0.0
51222,2025-11-04 05:00:00,50.26177408126514,22.5,94.09,0.08,0.0,mid,0.0,4.671570380122075e-09,0,0.0
51223,2025-11-04 06:00:00,52.50551840360296,24.51,82.24,0.45,0.0,mid,0.0,7.014317063154125e-09,0,0.0
51224,2025-11-04 07:00:00,52.49722316369279,27.12,68.19,0.96,0.0,mid,0.0,2.17350591071046e-07,0,0.0
51225,2025-11-04 08:00:00,52.02423429632249,29.7,57.55,1.61,0.0,mid,0.0,6.4158396113448985e-06,0,0.0
51226,2025-11-04 09:00:00,52.08123302867151,32.13,49.17,2.45,0.01,mid,0.0,0.0001016530839017624,0,0.0
51227,2025-11-04 10:00:00,50.40522612903965,34.3,41.85,2.47,0.01,mid,0.0,0.029640536274563107,0,0.0
51228,2025-11-04 11:00:00,47.89705804073161,35.89,37.03,2.59,0.01,mid,4.26675352458166,0.942478819551889,1,4.728207461569859
51229,2025-11-04 12:00:00,55.32840663587095,36.76,34.43,2.48,0.01,mid,0.0,6.435040195315413e-06,0,0.0
51230,2025-11-04 13:00:00,54.52359846779717,36.97,33.45,2.37,0.01,mid,0.0,4.5185788523026634e-05,0,0.0
51231,2025-11-04 14:00:00,52.43137386634704,36.47,34.38,1.96,0.01,mid,0.0,0.00211827457965127,0,0.0
51232,2025-11-04 15:00:00,51.82949272432969,35.39,37.19,1.29,0.01,mid,0.0,0.0008860963973133938,0,0.0
51233,2025-11-04 16:00:00,52.24204011380468,33.64,42.42,0.62,0.0,mid,0.0,1.838123353797971e-05,0,0.0
51234,2025-11-04 17:00:00,51.3326125408471,31.19,51.34,0.05,0.0,mid,0.0,1.884345483793671e-06,0,0.0
51235,2025-11-04 18:00:00,52.20600205362233,28.81,62.09,0.0,0.0,mid,0.0,5.371137046425259e-07,0,0.0
51236,2025-11-04 19:00:00,51.4799831625567,27.2,70.39,0.0,0.0,mid,0.0,1.0933248568043966e-06,0,0.0
51237,2025-11-04 20:00:00,49.585977889703,26.01,76.59,0.0,0.0,mid,0.0,1.493987924128196e-06,0,0.0
51238,2025-11-04 21:00:00,51.37901547734097,25.13,81.36,0.0,0.0,mid,0.0,9.339624699078036e-07,0,0.0
51239,2025-11-04 22:00:00,51.01467618376054,24.43,85.49,0.0,0.0,mid,0.0,9.666474161534367e-07,0,0.0
51240,2025-11-04 23:00:00,51.8385211630644,23.89,88.74,0.0,0.01,mid,0.0,4.0834293783001365e-07,0,0.0
51241,2025-11-05 00:00:00,51.70977692381605,23.58,90.42,0.0,0.02,mid,0.0,1.5020661320616233e-07,0,0.0
51242,2025-11-05 01:00:00,50.65486321662984,23.35,91.82,0.0,0.03,mid,0.0,9.400930005054338e-08,0,0.0
51243,2025-11-05 02:00:00,51.6301975928662,23.11,93.54,0.0,0.05,mid,0.0,2.8120586016385486e-08,0,0.0
51244,2025-11-05 03:00:00,51.96290136945674,22.88,95.04,0.0,0.05,mid,0.0,7.57009726574854e-09,0,0.0
51245,2025-11-05 04:00:00,51.95191695083089,22.73,95.97,0.0,0.05,mid,0.0,2.4254217677073344e-09,0,0.0
51246,2025-11-05 05:00:00,52.4408622342458,22.86,95.67,0.17,0.05,mid,0.0,1.3221157419618524e-09,0,0.0
51247,2025-11-05 06:00:00,50.90386736704252,24.06,90.11,0.68,0.05,mid,0.0,3.234723061971774e-08,0,0.0
51248,2025-11-05 07:00:00,51.38257018620439,26.18,76.87,1.36,0.05,mid,0.0,8.383057790225224e-07,0,0.0
51249,2025-11-05 08:00:00,49.24030382638209,28.78,63.05,1.84,0.04,mid,0.0,0.0005543078099110458,0,0.0
51250,2025-11-05 09:00:00,51.21038802972186,30.84,54.37,2.16,0.0,mid,0.0,0.0002653462539860847,0,0.0
51251,2025-11-05 10:00:00,49.43774477681874,32.26,48.95,2.39,0.0,mid,0.0,0.09423012716754227,0,0.0
51252,2025-11-05 11:00:00,48.23790381224568,33.3,45.08,2.35,0.0,mid,4.52291516660744,0.8647823641840645,1,4.488695698169727
51253,2025-11-05 12:00:00,54.69348887493279,34.09,42.23,2.55,0.0,mid,0.0,1.3552816773606338e-05,0,0.0
51254,2025-11-05 13:00:00,54.14698769063871,34.69,40.25,2.45,0.0,mid,0.0,5.78686622077528e-05,0,0.0
51255,2025-11-05 14:00:00,53.6690412178586,34.75,39.9,1.97,0.0,mid,0.0,0.0001607968799266503,0,0.0
51256,2025-11-05 15:00:00,51.84724202164016,34.19,41.22,1.27,0.0,mid,0.0,0.0007106641615455505,0,0.0
51257,2025-11-05 16:00:00,51.872997675384376,33.03,44.27,0.59,0.0,mid,0.0,2.1282781270871108e-05,0,0.0
51258,2025-11-05 17:00:00,51.58685390516184,30.96,50.98,0.05,0.0,mid,0.0,1.3972132798428867e-06,0,0.0
51259,2025-11-05 18:00:00,49.50978947438118,28.84,59.37,0.0,0.0,mid,0.0,2.645913945595921e-06,0,0.0
51260,2025-11-05 19:00:00,50.70215822312692,27.61,65.15,0.0,0.0,mid,0.0,1.4613174487740999e-06,0,0.0
51261,2025-11-05 20:00:00,51.61696196942114,26.39,71.56,0.0,0.0,mid,0.0,8.610766911305253e-07,0,0.0
51262,2025-11-05 21:00:00,52.25564573045451,25.38,77.13,0.0,0.0,mid,0.0,7.744237989372885e-07,0,0.0
51263,2025-11-05 22:00:00,52.35582317387264,24.66,81.44,0.0,0.0,mid,0.0,6.464199262536857e-07,0,0.0
51264,2025-11-05 23:00:00,50.288829479850406,24.19,84.57,0.0,0.0,mid,0.0,5.344090123590651e-07,0,0.0
51265,2025-11-06 00:00:00,52.06809637903024,23.97,86.16,0.0,0.0,mid,0.0,1.843680035728044e-07,0,0.0
51266,2025-11-06 01:00:00,52.09508951606708,23.8,87.14,0.0,0.0,mid,0.0,9.560097185485965e-08,0,0.0
51267,2025-11-06 02:00:00,51.59875040621206,23.6,88.15,0.0,0.0,mid,0.0,4.3099578393525174e-08,0,0.0
51268,2025-11-06 03:00:00,49.65269258572541,23.32,89.31,0.0,0.0,mid,0.0,4.340449860816091e-08,0,0.0
51269,2025-11-06 04:00:00,50.83886118534853,23.04,90.23,0.0,0.0,mid,0.0,6.983584145427218e-09,0,0.0
51270,2025-11-06 05:00:00,51.35521530066627,23.02,89.83,0.17,0.0,mid,0.0,3.608178156017869e-09,0,0.0
51271,2025-11-06 06:00:00,51.07982347078054,24.71,78.96,0.84,0.0,mid,0.0,1.1207669821445742e-07,0,0.0
51272,2025-11-06 07:00:00,49.23801958505117,27.02,66.27,1.59,0.0,mid,0.0,6.168489089587986e-05,0,0.0
51273,2025-11-06 08:00:00,50.19268485883384,29.32,56.36,2.02,0.0,mid,0.0,0.00019837507082289598,0,0.0
51274,2025-11-06 09:00:00,48.84940137038921,31.52,48.87,2.25,0.0,mid,0.0,0.031566213656477625,0,0.0
51275,2025-11-06 10:00:00,49.07727684736352,33.51,42.81,2.75,0.0,mid,4.198790968893739,0.28383316678178033,0,0.0
51276,2025-11-06 11:00:00,54.8955962045702,35.09,38.37,2.94,0.01,mid,0.0,9.473072726020197e-06,0,0.0
51277,2025-11-06 12:00:00,53.800246408825714,36.22,35.4,2.81,0.01,mid,0.0,0.00017417122292712528,0,0.0
51278,2025-11-06 13:00:00,51.98283724619264,36.68,34.04,2.41,0.0,mid,0.0,0.007437774065574252,0,0.0
51279,2025-11-06 14:00:00,51.3052413437284,36.48,34.15,2.07,0.0,mid,0.0,0.015231345358963954,0,0.0
51280,2025-11-06 15:00:00,50.4141092690805,35.48,36.11,1.34,0.0,mid,0.0,0.005266816785234001,0,0.0
51281,2025-11-06 16:00:00,50.64095695842395,34.16,40.34,0.6,0.0,mid,0.0,0.0001028015710646002,0,0.0
51282,2025-11-06 17:00:00,49.187722601229765,31.97,49.8,0.05,0.0,mid,0.0,1.286425034800688e-05,0,0.0
51283,2025-11-06 18:00:00,49.00862988140938,30.4,54.75,0.0,0.0,mid,0.0,4.449835488140724e-06,0,0.0
51284,2025-11-06 19:00:00,50.38361051002916,29.25,58.5,0.0,0.0,mid,0.0,1.551829508461091e-06,0,0.0
51285,2025-11-06 20:00:00,50.27107565668755,28.19,62.41,0.0,0.0,mid,0.0,1.8918374470094356e-06,0,0.0
51286,2025-11-06 21:00:00,49.987131737586886,27.25,66.93,0.0,0.0,mid,0.0,2.271564545531418e-06,0,0.0
51287,2025-11-06 22:00:00,50.87786308842743,26.16,73.04,0.0,0.0,mid,0.0,1.0545272154498016e-06,0,0.0
51288,2025-11-06 23:00:00,51.28511172202066,25.29,78.25,0.0,0.0,mid,0.0,6.668481359062915e-07,0,0.0
51289,2025-11-07 00:00:00,50.59890570229085,24.75,81.81,0.0,0.0,mid,0.0,3.8628847873653563e-07,0,0.0
51290,2025-11-07 01:00:00,49.01651078559346,24.41,83.88,0.0,0.0,mid,0.0,2.692087627922416e-07,0,0.0
51291,2025-11-07 02:00:00,50.27926222501992,24.12,85.66,0.0,0.0,mid,0.0,1.0764443975290474e-07,0,0.0
51292,2025-11-07 03:00:00,49.7025716282437,23.82,87.52,0.0,0.0,mid,0.0,5.946455635985798e-08,0,0.0
51293,2025-11-07 04:00:00,49.16454289965054,23.7,88.4,0.0,0.0,mid,0.0,3.465431437238392e-08,0,0.0
51294,2025-11-07 05:00:00,49.02148422505952,23.9,87.58,0.1,0.0,mid,0.0,3.1857961036878654e-08,0,0.0
51295,2025-11-07 06:00:00,49.82980332575492,25.32,79.48,0.44,0.0,mid,0.0,1.9867213413528236e-07,0,0.0
51296,2025-11-07 07:00:00,49.97868135950372,27.5,67.58,0.84,0.0,mid,0.0,5.178493726251207e-06,0,0.0
51297,2025-11-07 08:00:00,49.87001679014774,29.83,56.89,1.58,0.0,mid,0.0,0.00025205187198548397,0,0.0
51298,2025-11-07 09:00:00,48.54080198182263,31.82,49.24,2.25,0.02,mid,0.0,0.05407441229379329,0,0.0
51299,2025-11-07 10:00:00,47.51804833923166,33.54,43.49,2.67,0.02,mid,5.048044317183507,0.8536085342487292,1,4.7527633548729415
51300,2025-11-07 11:00:00,54.2658909613664,34.83,39.75,2.61,0.03,mid,0.0,3.2769075464285514e-05,0,0.0
51301,2025-11-07 12:00:00,53.53650799843658,35.35,38.41,2.68,0.04,mid,0.0,0.00023774329096065038,0,0.0
51302,2025-11-07 13:00:00,51.150648461349725,35.61,37.91,2.56,0.05,mid,0.0,0.03594342240103242,0,0.0
51303,2025-11-07 14:00:00,51.86865570533581,35.08,39.2,2.07,0.03,mid,0.0,0.0054464528318230515,0,0.0
51304,2025-11-07 15:00:00,50.996780359967225,34.36,41.19,1.34,0.02,mid,0.0,0.0022299432254065652,0,0.0
51305,2025-11-07 16:00:00,51.6366347107887,33.03,44.98,0.6,0.01,mid,0.0,2.7929356323598773e-05,0,0.0
51306,2025-11-07 17:00:00,49.78432173718396,31.02,51.58,0.05,0.0,mid,0.0,6.439037191502228e-06,0,0.0
51307,2025-11-07 18:00:00,50.7690987276082,28.98,59.77,0.0,0.0,mid,0.0,1.2743374112176092e-06,0,0.0
51308,2025-11-07 19:00:00,49.43657990044907,27.55,66.54,0.0,0.0,mid,0.0,2.950440959674667e-06,0,0.0
51309,2025-11-07 20:00:00,51.17370732787418,26.45,72.36,0.0,0.0,mid,0.0,1.0439735344577552e-06,0,0.0
51310,2025-11-07 21:00:00,50.97566734939973,25.62,77.04,0.0,0.0,mid,0.0,1.1220133517074286e-06,0,0.0
51311,2025-11-07 22:00:00,50.72163392211208,25.01,80.68,0.0,0.0,mid,0.0,9.799457080959952e-07,0,0.0
51312,2025-11-07 23:00:00,49.86426329337754,24.52,83.6,0.0,0.0,mid,0.0,6.625111728996954e-07,0,0.0
51313,2025-11-08 00:00:00,49.65079253401532,24.08,86.36,0.0,0.01,mid,0.0,3.0071225471619465e-07,0,0.0
51314,2025-11-08 01:00:00,49.55679843304004,23.71,88.42,0.0,0.02,mid,0.0,1.4828316513991832e-07,0,0.0
51315,2025-11-08 02:00:00,49.10039881896997,23.46,89.3,0.0,0.02,mid,0.0,1.0079695884288105e-07,0,0.0
51316,2025-11-08 03:00:00,50.29019535108775,23.27,90.4,0.0,0.03,mid,0.0,2.8456986344761594e-08,0,0.0
51317,2025-11-08 04:00:00,49.76738611673529,23.07,91.94,0.0,0.04,mid,0.0,1.4618801070692473e-08,0,0.0
51318,2025-11-08 05:00:00,50.32222480482579,23.12,92.26,0.18,0.04,mid,0.0,8.746110502678983e-09,0,0.0
51319,2025-11-08 06:00:00,50.1894498895548,24.35,85.65,0.83,0.03,mid,0.0,1.495360762715444e-07,0,0.0
51320,2025-11-08 07:00:00,48.911213886398485,26.84,69.58,1.63,0.01,mid,0.0,8.934149097164382e-05,0,0.0
51321,2025-11-08 08:00:00,50.04766943019098,29.49,56.41,2.24,0.0,mid,0.0,0.0003165198658784399,0,0.0
51322,2025-11-08 09:00:00,48.46719795010763,31.94,47.11,2.64,0.0,mid,0.0,0.08867480065802037,0,0.0
51323,2025-11-08 10:00:00,48.10259859413031,34.14,39.83,2.84,0.01,mid,4.916251932798655,0.746639886450177,1,4.586234213020104
51324,2025-11-08 11:00:00,53.59509705543258,35.87,34.95,3.07,0.02,mid,0.0,0.0002185624624251583,0,0.0
51325,2025-11-08 12:00:00,52.78563264294583,36.97,32.42,2.58,0.01,mid,0.0,0.0018500905345685994,0,0.0
51326,2025-11-08 13:00:00,51.99118655767628,37.34,31.85,2.36,0.01,mid,0.0,0.007481297209130876,0,0.0
51327,2025-11-08 14:00:00,51.52191449217717,37.07,32.72,2.02,0.01,mid,0.0,0.010850244763211083,0,0.0
51328,2025-11-08 15:00:00,50.44891229524282,36.21,34.93,1.28,0.01,mid,0.0,0.0055930866821619196,0,0.0
51329,2025-11-08 16:00:00,51.06417873564575,34.62,39.19,0.55,0.01,mid,0.0,6.480986598242003e-05,0,0.0
51330,2025-11-08 17:00:00,50.54202781204704,32.27,47.14,0.05,0.03,mid,0.0,4.544854621209517e-06,0,0.0
51331,2025-11-08 18:00:00,49.14209339287264,29.81,57.01,0.0,0.01,mid,0.0,3.993626747105191e-06,0,0.0
51332,2025-11-08 19:00:00,52.083845441998186,28.16,63.53,0.0,0.0,mid,0.0,6.840063961137018e-07,0,0.0
51333,2025-11-08 20:00:00,49.658975436700416,26.71,69.22,0.0,0.0,mid,0.0,1.975813627811088e-06,0,0.0
51334,2025-11-08 21:00:00,50.75981142422357,25.66,73.69,0.0,0.0,mid,0.0,1.1967751188569143e-06,0,0.0
51335,2025-11-08 22:00:00,49.49918164214258,24.92,77.1,0.0,0.0,mid,0.0,1.1560886303772476e-06,0,0.0
51336,2025-11-08 23:00:00,50.22661203489192,24.34,80.09,0.0,0.0,mid,0.0,5.44514276587605e-07,0,0.0
51337,2025-11-09 00:00:00,50.48674536987724,23.84,83.01,0.0,0.0,mid,0.0,2.285352493166436e-07,0,0.0
51338,2025-11-09 01:00:00,48.52340710397882,23.4,85.84,0.0,0.0,mid,0.0,1.4983609605440437e-07,0,0.0
51339,2025-11-09 02:00:00,51.136867999151306,23.05,88.32,0.0,0.01,mid,0.0,3.942591916370794e-08,0,0.0
51340,2025-11-09 03:00:00,49.1267891004091,22.8,90.08,0.0,0.01,mid,0.0,4.013496017163957e-08,0,0.0
51341,2025-11-09 04:00:00,49.49755216262438,22.63,91.39,0.0,0.02,mid,0.0,1.3743326879078883e-08,0,0.0
51342,2025-11-09 05:00:00,49.330195931401214,22.83,90.75,0.19,0.03,mid,0.0,1.6758583063049107e-08,0,0.0
51343,2025-11-09 06:00:00,49.38555123393299,24.19,82.42,0.91,0.02,mid,0.0,4.881626519616047e-07,0,0.0
51344,2025-11-09 07:00:00,49.11986732140547,26.23,69.45,1.73,0.0,mid,0.0,5.951984891802239e-05,0,0.0
51345,2025-11-09 08:00:00,47.99469866395663,28.63,56.67,2.5,0.0,mid,0.0,0.013669029844937848,0,0.0
51346,2025-11-09 09:00:00,48.73004169983288,31.25,46.12,2.97,0.0,mid,0.0,0.06934682585017918,0,0.0
51347,2025-11-09 10:00:00,47.19814103519018,33.79,37.73,3.44,0.0,mid,5.1908290356467575,0.9138524398180121,1,4.962481119938015
51348,2025-11-09 11:00:00,54.51448146157237,35.93,31.91,3.46,0.0,mid,0.0,3.2931494099715936e-05,0,0.0
51349,2025-11-09 12:00:00,54.2658393842341,37.2,29.4,3.29,0.0,mid,0.0,9.618648655042184e-05,0,0.0
51350,2025-11-09 13:00:00,53.73390205915913,37.67,28.94,2.97,0.0,mid,0.0,0.00036082087977836624,0,0.0
51351,2025-11-09 14:00:00,50.05761360809174,37.44,29.72,2.31,0.0,mid,0.0,0.11013730631178831,0,0.0
51352,2025-11-09 15:00:00,51.77566392146985,36.51,31.81,1.53,0.0,mid,0.0,0.0016743402118820443,0,0.0
51353,2025-11-09 16:00:00,49.87220842860084,34.83,35.78,0.71,0.0,mid,0.0,0.00033331696919293663,0,0.0
51354,2025-11-09 17:00:00,48.50662157831366,32.27,43.08,0.06,0.0,mid,0.0,1.8550325910038127e-05,0,0.0
51355,2025-11-09 18:00:00,49.91753589401758,29.7,52.42,0.0,0.0,mid,0.0,1.919546971527041e-06,0,0.0
51356,2025-11-09 19:00:00,49.49383654751794,27.93,60.58,0.0,0.0,mid,0.0,2.3900370321135156e-06,0,0.0
51357,2025-11-09 20:00:00,50.27580301713336,26.65,67.3,0.0,0.0,mid,0.0,1.5704195046480072e-06,0,0.0
51358,2025-11-09 21:00:00,49.703683027458574,25.79,72.28,0.0,0.0,mid,0.0,1.7344167441432312e-06,0,0.0
51359,2025-11-09 22:00:00,49.87281212654159,25.09,76.79,0.0,0.0,mid,0.0,1.08039996618363e-06,0,0.0
51360,2025-11-09 23:00:00,49.23919805002578,24.44,81.34,0.0,0.0,mid,0.0,6.848898292498819e-07,0,0.0
51361,2025-11-10 00:00:00,48.76462525653714,23.89,85.65,0.0,0.0,mid,0.0,2.883959277220684e-07,0,0.0
51362,2025-11-10 01:00:00,50.180779311617705,23.5,88.94,0.0,0.0,mid,0.0,1.1811897357015542e-07,0,0.0
51363,2025-11-10 02:00:00,49.16740307688291,23.22,91.12,0.0,0.0,mid,0.0,8.044929459112741e-08,0,0.0
51364,2025-11-10 03:00:00,49.90928003513448,23.31,90.73,0.0,0.0,mid,0.0,3.560940277577102e-08,0,0.0
51365,2025-11-10 04:00:00,50.78855278067287,23.17,91.79,0.0,0.01,mid,0.0,7.442838508487884e-09,0,0.0
51366,2025-11-10 05:00:00,49.48453608565856,23.32,91.12,0.15,0.01,mid,0.0,1.7325040297901674e-08,0,0.0
51367,2025-11-10 06:00:00,50.18493500166667,25.04,79.62,0.71,0.01,mid,0.0,2.440664931623714e-07,0,0.0
51368,2025-11-10 07:00:00,49.32737076858573,27.33,65.47,1.4,0.01,mid,0.0,4.205299656244885e-05,0,0.0
51369,2025-11-10 08:00:00,48.50853406812732,29.58,54.31,2.05,0.0,mid,0.0,0.00510519029241088,0,0.0
51370,2025-11-10 09:00:00,46.77030867243807,31.61,46.14,2.35,0.0,mid,0.0,0.5946186374526521,1,4.683883897896125
51371,2025-11-10 10:00:00,47.03328619888566,33.24,40.73,2.63,0.0,mid,5.000496329073748,0.9318116994392203,1,4.972732753315591
51372,2025-11-10 11:00:00,54.20198904998073,34.27,37.61,2.7,0.0,mid,0.0,3.5960708093561916e-05,0,0.0
51373,2025-11-10 12:00:00,52.533553505375984,34.54,36.7,2.74,0.0,mid,0.0,0.001983384774725795,0,0.0
51374,2025-11-10 13:00:00,50.53653158962319,34.2,37.25,2.76,0.0,mid,0.0,0.07350728360500068,0,0.0
51375,2025-11-10 14:00:00,49.87308931163263,33.2,39.6,1.9,0.0,mid,0.0,0.04328992195303271,0,0.0
51376,2025-11-10 15:00:00,51.85734806884999,31.66,44.04,1.22,0.0,mid,0.0,0.0002735918065204719,0,0.0
51377,2025-11-10 16:00:00,49.90780841587717,29.85,50.32,0.58,0.0,mid,0.0,4.626621120646401e-05,0,0.0
51378,2025-11-10 17:00:00,48.45556525402138,28.02,58.11,0.05,0.01,mid,0.0,7.5490900279189424e-06,0,0.0
51379,2025-11-10 18:00:00,49.12284101345633,26.66,65.77,0.0,0.0,mid,0.0,2.2505940024459922e-06,0,0.0
51380,2025-11-10 19:00:00,49.61264608850031,25.81,71.96,0.0,0.0,mid,0.0,1.5744088278961198e-06,0,0.0
51381,2025-11-10 20:00:00,49.96361205013651,25.16,76.55,0.0,0.0,mid,0.0,1.1021240012690314e-06,0,0.0
51382,2025-11-10 21:00:00,49.4304558697787,24.66,80.02,0.0,0.01,mid,0.0,1.2812070468990264e-06,0,0.0
51383,2025-11-10 22:00:00,51.25900666705483,24.23,83.25,0.0,0.02,mid,0.0,7.573274997644419e-07,0,0.0
51384,2025-11-10 23:00:00,51.33422330949598,23.79,86.46,0.0,0.03,mid,0.0,3.921116428333859e-07,0,0.0
51385,2025-11-11 00:00:00,50.04842192567128,23.43,89.23,0.0,0.05,mid,0.0,1.8733663713262825e-07,0,0.0
51386,2025-11-11 01:00:00,49.59904188732784,23.1,91.76,0.0,0.12,mid,0.0,1.0084045026693411e-07,0,0.0
51387,2025-11-11 02:00:00,50.38560907091852,22.84,93.68,0.0,0.15,mid,0.0,3.8661975958536895e-08,0,0.0
51388,2025-11-11 03:00:00,49.24141261853165,22.67,94.81,0.0,0.18,mid,0.0,3.169441199847046e-08,0,0.0
51389,2025-11-11 04:00:00,51.35411760988833,22.56,95.41,0.0,0.2,mid,0.0,3.444682491855719e-09,0,0.0
51390,2025-11-11 05:00:00,50.941915505522026,22.67,95.23,0.17,0.2,mid,0.0,3.87786197494402e-09,0,0.0
51391,2025-11-11 06:00:00,50.238919533947886,23.63,91.43,0.75,0.32,mid,0.0,5.312067091839016e-08,0,0.0
51392,2025-11-11 07:00:00,50.81688089632764,25.25,80.34,1.48,0.27,mid,0.0,1.032313719494969e-06,0,0.0
51393,2025-11-11 08:00:00,51.58263247265292,27.71,64.08,1.87,0.27,mid,0.0,7.196949742796135e-06,0,0.0
51394,2025-11-11 09:00:00,49.350040658922914,29.72,54.87,2.07,0.21,mid,0.0,0.006188300217365637,0,0.0
51395,2025-11-11 10:00:00,49.36745510287634,31.29,49.24,2.28,0.21,mid,0.0,0.0903705460472611,0,0.0
51396,2025-11-11 11:00:00,48.98515645338771,32.01,46.76,1.98,0.19,mid,0.0,0.473738248911295,0,0.0
51397,2025-11-11 12:00:00,49.34217448175168,32.28,45.91,2.07,0.16,mid,4.247854506904279,0.36770811477955295,0,0.0
51398,2025-11-11 13:00:00,56.22633375746774,32.09,46.4,1.6,0.14,mid,0.0,6.155078445137246e-07,0,0.0
51399,2025-11-11 14:00:00,54.43289897276989,31.2,49.02,1.55,0.11,mid,0.0,1.875069693466341e-05,0,0.0
51400,2025-11-11 15:00:00,51.035090735236736,29.81,53.62,0.98,0.11,mid,0.0,0.00030295353564437896,0,0.0
51401,2025-11-11 16:00:00,52.32190153647638,27.96,60.63,0.45,0.12,mid,0.0,3.032572552916568e-06,0,0.0
51402,2025-11-11 17:00:00,55.96658845389692,25.97,70.15,0.04,0.17,mid,0.0,5.1608764839381586e-08,0,0.0
51403,2025-11-11 18:00:00,53.53350156458498,24.41,80.14,0.0,0.19,mid,0.0,1.515869663545502e-07,0,0.0
51404,2025-11-11 19:00:00,51.62245127052306,23.52,87.44,0.0,0.24,mid,0.0,3.4031787896742523e-07,0,0.0
51405,2025-11-11 20:00:00,56.030789283030416,23.06,91.9,0.0,0.34,mid,0.0,7.83684375759052e-08,0,0.0
51406,2025-11-11 21:00:00,53.46376681100389,22.88,94.06,0.0,0.32,mid,0.0,3.684404412174243e-07,0,0.0
51407,2025-11-11 22:00:00,55.47885538132804,22.87,94.54,0.0,0.39,mid,0.0,3.0048049500383176e-07,0,0.0
51408,2025-11-11 23:00:00,54.66553568808523,22.79,94.93,0.0,0.45,mid,0.0,1.236158095853151e-07,0,0.0
51409,2025-11-12 00:00:00,57.96931341665683,22.65,95.11,0.0,0.5,late,0.0,7.147497225089393e-08,0,0.0
51410,2025-11-12 01:00:00,55.724057242687024,22.47,95.4,0.0,0.52,late,0.0,6.371219163026066e-08,0,0.0
51411,2025-11-12 02:00:00,57.07682642468826,22.32,95.48,0.0,0.55,late,0.0,6.435994984735189e-09,0,0.0
51412,2025-11-12 03:00:00,59.13426791372139,22.19,95.54,0.0,0.6,late,0.0,2.041426749626352e-10,0,0.0
51413,2025-11-12 04:00:00,58.61507189025968,22.06,95.72,0.0,0.61,late,0.0,4.77818621879334e-11,0,0.0
51414,2025-11-12 05:00:00,60.24665168584488,22.07,95.7,0.11,0.64,late,0.0,2.7486449387227582e-12,0,0.0
51415,2025-11-12 06:00:00,61.44712952023489,22.66,93.88,0.36,0.74,late,0.0,9.762684853253615e-13,0,0.0
51416,2025-11-12 07:00:00,61.7248497191883,23.57,89.34,0.66,0.8,late,0.0,2.541806994437191e-12,0,0.0
51417,2025-11-12 08:00:00,61.38403383630796,24.85,81.92,0.99,0.86,late,0.0,1.6283765892760745e-11,0,0.0
51418,2025-11-12 09:00:00,62.63596998385143,26.21,73.25,1.32,1.23,late,0.0,4.264286546732511e-12,0,0.0
51419,2025-11-12 10:00:00,63.75406630756686,27.02,68.89,1.69,1.17,late,0.0,7.620686797172508e-13,0,0.0
51420,2025-11-12 11:00:00,65.12395153857274,27.56,66.24,1.99,1.07,late,0.0,1.0175707372350699e-13,0,0.0
51421,2025-11-12 12:00:00,65.63292261970103,28.1,63.78,2.18,0.88,late,0.0,9.592077720225268e-14,0,0.0
51422,2025-11-12 13:00:00,65.20341188979947,28.21,62.88,1.69,0.64,late,0.0,6.223840567807689e-13,0,0.0
51423,2025-11-12 14:00:00,65.5212815993957,28.0,63.17,1.35,0.47,late,0.0,1.0615525174080645e-12,0,0.0
51424,2025-11-12 15:00:00,63.57891486155357,27.33,65.24,0.81,0.35,late,0.0,6.620153539953886e-11,0,0.0
51425,2025-11-12 16:00:00,65.10513968889403,26.21,70.02,0.41,0.32,late,0.0,1.340743666627617e-11,0,0.0
51426,2025-11-12 17:00:00,64.9656477771312,24.48,80.0,0.04,0.28,late,0.0,6.136743634091026e-11,0,0.0
51427,2025-11-12 18:00:00,65.76373708911734,22.99,89.85,0.0,0.28,late,0.0,4.453091460698401e-11,0,0.0
51428,2025-11-12 19:00:00,66.29437467570884,22.45,93.83,0.0,0.26,late,0.0,4.406805885412737e-11,0,0.0
51429,2025-11-12 20:00:00,65.17667878346208,22.26,95.31,0.0,0.26,late,0.0,2.823651005130096e-10,0,0.0
51430,2025-11-12 21:00:00,66.26705815914976,22.13,96.09,0.0,0.27,late,0.0,1.4909389146434115e-10,0,0.0
51431,2025-11-12 22:00:00,67.68513876914713,22.02,96.61,0.0,0.21,late,0.0,2.953703170860641e-11,0,0.0
51432,2025-11-12 23:00:00,67.08572220530488,21.84,97.09,0.0,0.18,late,0.0,4.3552815692550903e-11,0,0.0
51433,2025-11-13 00:00:00,66.97485637985685,21.58,97.68,0.0,0.17,late,0.0,1.6496343035291835e-11,0,0.0
51434,2025-11-13 01:00:00,66.3182659352366,21.35,97.9,0.0,0.19,late,0.0,5.694666785744896e-12,0,0.0
51435,2025-11-13 02:00:00,67.88932141404375,21.11,97.62,0.0,0.13,late,0.0,6.1217099404774e-14,0,0.0
51436,2025-11-13 03:00:00,66.49284839642098,20.86,97.53,0.0,0.12,late,0.0,2.7642048117198367e-14,0,0.0
51437,2025-11-13 04:00:00,67.57483671999742,20.57,97.5,0.0,0.09,late,0.0,8.709762827759109e-16,0,0.0
51438,2025-11-13 05:00:00,67.41207885580873,20.76,96.93,0.24,0.07,late,0.0,3.539928360892671e-16,0,0.0
51439,2025-11-13 06:00:00,68.1948032427189,22.55,92.09,0.98,0.06,late,0.0,2.4955258577857284e-16,0,0.0
51440,2025-11-13 07:00:00,67.21583122104785,24.85,75.02,1.79,0.04,late,0.0,3.469051874046062e-16,0,0.0
51441,2025-11-13 08:00:00,67.00250667597469,27.46,54.98,2.25,0.02,late,0.0,4.589401292735755e-16,0,0.0
51442,2025-11-13 09:00:00,65.89392716755228,29.53,46.3,2.93,0.0,late,0.0,5.714008883702477e-15,0,0.0
51443,2025-11-13 10:00:00,65.6365081446064,31.19,40.79,2.99,0.0,late,0.0,2.72626328091807e-14,0,0.0
51444,2025-11-13 11:00:00,65.12899205617168,32.38,37.05,3.18,0.0,late,0.0,1.8582785211754044e-13,0,0.0
51445,2025-11-13 12:00:00,63.77027249084365,33.08,35.14,2.88,0.0,late,0.0,7.634351236880415e-12,0,0.0
51446,2025-11-13 13:00:00,62.91931548422845,33.2,35.09,2.59,0.0,late,0.0,1.1191565051023846e-10,0,0.0
51447,2025-11-13 14:00:00,62.51451692178236,32.7,36.64,2.12,0.0,late,0.0,4.317267094047787e-10,0,0.0
51448,2025-11-13 15:00:00,62.54099344839766,31.56,40.04,1.45,0.0,late,0.0,5.293477479490513e-10,0,0.0
51449,2025-11-13 16:00:00,61.88129131435017,29.86,45.75,0.73,0.0,late,0.0,8.865452351813671e-10,0,0.0
51450,2025-11-13 17:00:00,60.015304785737634,27.6,54.84,0.07,0.0,late,0.0,6.21687562944133e-09,0,0.0
51451,2025-11-13 18:00:00,61.66424243354526,25.57,65.09,0.0,0.0,late,0.0,2.6987595951617794e-09,0,0.0
51452,2025-11-13 19:00:00,62.14461175904314,24.46,72.07,0.0,0.0,late,0.0,5.1781667780638786e-09,0,0.0
51453,2025-11-13 20:00:00,61.61488270820243,23.64,77.7,0.0,0.0,late,0.0,1.4426743544065792e-08,0,0.0
51454,2025-11-13 21:00:00,59.11952256776378,22.93,82.84,0.0,0.0,late,0.0,1.0355913282038195e-07,0,0.0
51455,2025-11-13 22:00:00,61.262133817762496,22.38,86.76,0.0,0.0,late,0.0,2.764467786761437e-08,0,0.0
51456,2025-11-13 23:00:00,62.15711630246816,22.21,88.33,0.0,0.0,late,0.0,8.369902949218514e-09,0,0.0
51457,2025-11-14 00:00:00,60.70393590520917,22.1,89.53,0.0,0.01,late,0.0,7.592905899956686e-09,0,0.0
51458,2025-11-14 01:00:00,63.3954471690875,21.97,91.16,0.0,0.01,late,0.0,2.0681584580953544e-10,0,0.0
51459,2025-11-14 02:00:00,59.34361868172174,21.73,93.03,0.0,0.01,late,0.0,1.1412858670140816e-09,0,0.0
51460,2025-11-14 03:00:00,61.21724808667125,21.44,94.69,0.0,0.01,late,0.0,1.757693173562862e-11,0,0.0
51461,2025-11-14 04:00:00,61.691539932584206,21.23,95.82,0.0,0.01,late,0.0,1.2811026077709337e-12,0,0.0
51462,2025-11-14 05:00:00,61.26299738113212,21.5,94.6,0.24,0.01,late,0.0,8.851814963691804e-13,0,0.0
51463,2025-11-14 06:00:00,61.2735283777725,23.48,83.21,1.02,0.02,late,0.0,4.3390547060929826e-12,0,0.0
51464,2025-11-14 07:00:00,60.09081507895688,25.81,68.16,1.84,0.01,late,0.0,8.499968270673578e-11,0,0.0
51465,2025-11-14 08:00:00,60.011698448058,27.91,57.6,2.51,0.01,late,0.0,1.3486059562240613e-10,0,0.0
51466,2025-11-14 09:00:00,60.27544181356203,29.87,49.65,3.12,0.0,late,0.0,2.175770164475877e-10,0,0.0
51467,2025-11-14 10:00:00,57.32277022747213,31.55,43.27,3.36,0.0,late,0.0,2.248751633489713e-07,0,0.0
51468,2025-11-14 11:00:00,58.84266217856512,32.69,38.94,3.32,0.0,late,0.0,4.426564804328168e-08,0,0.0
51469,2025-11-14 12:00:00,57.10023594345364,33.16,36.95,3.37,0.0,late,0.0,4.700451732924647e-06,0,0.0
51470,2025-11-14 13:00:00,56.73794132007534,33.03,36.84,2.85,0.0,late,0.0,2.5919552758764715e-05,0,0.0
51471,2025-11-14 14:00:00,56.17047975264977,32.31,38.24,2.31,0.0,late,0.0,9.843716126936569e-05,0,0.0
51472,2025-11-14 15:00:00,57.82213463784176,31.09,41.08,1.6,0.0,late,0.0,2.2334544435367825e-06,0,0.0
51473,2025-11-14 16:00:00,55.49343138574619,29.35,45.79,0.78,0.0,late,0.0,4.341527128167673e-06,0,0.0
51474,2025-11-14 17:00:00,53.173159337364446,27.12,53.18,0.07,0.0,late,0.0,1.7613657935228047e-06,0,0.0
51475,2025-11-14 18:00:00,55.86392401561553,25.05,62.15,0.0,0.0,late,0.0,1.3489136454132966e-07,0,0.0
51476,2025-11-14 19:00:00,51.96388703035543,23.97,68.11,0.0,0.0,late,0.0,9.82602899088611e-07,0,0.0
51477,2025-11-14 20:00:00,53.77956017492384,23.23,72.67,0.0,0.0,late,0.0,3.327471439285346e-07,0,0.0
51478,2025-11-14 21:00:00,54.27343471118412,22.67,76.19,0.0,0.0,late,0.0,3.7290288712279416e-07,0,0.0
51479,2025-11-14 22:00:00,53.87535080651172,22.17,79.32,0.0,0.0,late,0.0,3.320976113238325e-07,0,0.0
51480,2025-11-14 23:00:00,54.35995840352339,21.69,82.24,0.0,0.0,late,0.0,2.1167737944394333e-07,0,0.0
51481,2025-11-15 00:00:00,53.999551270573285,21.33,84.57,0.0,0.0,late,0.0,1.3997924188108734e-07,0,0.0
51482,2025-11-15 01:00:00,55.162353183515606,20.9,87.48,0.0,0.0,late,0.0,3.299685277639996e-08,0,0.0
51483,2025-11-15 02:00:00,53.74875539971209,20.57,89.97,0.0,0.0,late,0.0,2.0873432804780776e-08,0,0.0
51484,2025-11-15 03:00:00,54.042040356107854,20.37,91.68,0.0,0.0,late,0.0,3.971595336618143e-09,0,0.0
51485,2025-11-15 04:00:00,55.55175254069597,20.25,92.91,0.0,0.0,late,0.0,3.579084538245935e-10,0,0.0
51486,2025-11-15 05:00:00,54.90905299721115,20.61,91.87,0.27,0.0,late,0.0,6.832141605775095e-10,0,0.0
51487,2025-11-15 06:00:00,53.9986451076273,23.22,79.1,1.12,0.0,late,0.0,8.484695601349063e-08,0,0.0
51488,2025-11-15 07:00:00,54.26986106303178,26.23,64.39,2.01,0.0,late,0.0,2.2620422580087053e-06,0,0.0
51489,2025-11-15 08:00:00,54.93407175661169,28.44,54.65,2.6,0.01,late,0.0,1.968763124016083e-06,0,0.0
51490,2025-11-15 09:00:00,51.66564887024898,30.46,46.7,3.06,0.0,late,0.0,0.008689453147213023,0,0.0
51491,2025-11-15 10:00:00,51.09175511305939,32.1,41.12,3.12,0.0,late,0.0,0.14530626148866174,0,0.0
51492,2025-11-15 11:00:00,50.59686572423646,33.24,37.41,3.19,0.0,late,4.224743456397718,0.6531682662237833,1,4.417073674763263
51493,2025-11-15 12:00:00,57.33442404105576,33.83,35.34,3.17,0.0,late,0.0,4.726680558252229e-06,0,0.0
51494,2025-11-15 13:00:00,57.03019092098009,33.81,35.08,2.64,0.0,late,0.0,1.773175522280211e-05,0,0.0
51495,2025-11-15 14:00:00,54.83201968746039,33.21,36.25,2.25,0.0,late,0.0,0.0013098018490499447,0,0.0
51496,2025-11-15 15:00:00,54.02795902784026,32.03,38.9,1.56,0.0,late,0.0,0.0007374784142330092,0,0.0
51497,2025-11-15 16:00:00,53.26339508101408,30.44,42.99,0.77,0.0,late,0.0,6.34464955819878e-05,0,0.0
51498,2025-11-15 17:00:00,53.31635851444918,28.26,50.03,0.07,0.0,late,0.0,1.9513764099509765e-06,0,0.0
51499,2025-11-15 18:00:00,53.545568304441474,26.15,59.27,0.0,0.0,late,0.0,7.325821595544836e-07,0,0.0
51500,2025-11-15 19:00:00,52.33940449193497,25.02,66.18,0.0,0.0,late,0.0,1.3260513145182305e-06,0,0.0
51501,2025-11-15 20:00:00,53.62110897481383,24.2,72.28,0.0,0.0,late,0.0,5.688462881160553e-07,0,0.0
51502,2025-11-15 21:00:00,53.23055774414612,23.55,77.98,0.0,0.0,late,0.0,9.104732313744635e-07,0,0.0
51503,2025-11-15 22:00:00,53.93905232186063,22.92,83.48,0.0,0.0,late,0.0,6.376826549996592e-07,0,0.0
51504,2025-11-15 23:00:00,55.42861933377186,22.33,88.29,0.0,0.0,late,0.0,2.671579917766761e-07,0,0.0
51505,2025-11-16 00:00:00,52.795408108070575,21.8,92.33,0.0,0.0,late,0.0,2.481020514401457e-07,0,0.0
51506,2025-11-16 01:00:00,54.88131787045959,21.38,95.34,0.0,0.0,late,0.0,5.1450687330873454e-08,0,0.0
51507,2025-11-16 02:00:00,55.40432182795963,21.14,96.84,0.0,0.0,late,0.0,9.576996734934287e-09,0,0.0
51508,2025-11-16 03:00:00,54.842064847359296,21.04,97.26,0.0,0.0,late,0.0,3.1711407495154894e-09,0,0.0
51509,2025-11-16 04:00:00,54.34409060412501,21.03,97.28,0.0,0.0,late,0.0,1.3674889664368107e-09,0,0.0
51510,2025-11-16 05:00:00,55.12135276902367,21.41,95.1,0.26,0.0,late,0.0,7.496565466240959e-10,0,0.0
51511,2025-11-16 06:00:00,54.5764875326864,23.87,80.11,1.12,0.0,late,0.0,4.757333936133095e-08,0,0.0
51512,2025-11-16 07:00:00,54.71419522950029,26.44,65.12,2.0,0.0,late,0.0,1.0677248209579907e-06,0,0.0
51513,2025-11-16 08:00:00,53.44818537367063,28.71,54.63,2.66,0.0,late,0.0,4.3072838565004006e-05,0,0.0
51514,2025-11-16 09:00:00,51.83692818349194,30.75,47.21,3.36,0.0,late,0.0,0.005304941712151203,0,0.0
51515,2025-11-16 10:00:00,52.79797244704661,32.33,42.38,3.21,0.0,late,0.0,0.004827154609759282,0,0.0
51516,2025-11-16 11:00:00,53.04207768912727,33.29,39.44,3.19,0.0,late,4.312714714520826,0.013882624700961636,0,0.0
51517,2025-11-16 12:00:00,56.925114611827176,33.77,37.75,3.01,0.0,late,0.0,1.0603871801613258e-05,0,0.0
51518,2025-11-16 13:00:00,56.30291649670517,33.69,37.7,2.89,0.0,late,0.0,6.838672723105278e-05,0,0.0
51519,2025-11-16 14:00:00,55.556241691476814,33.16,39.09,2.26,0.0,late,0.0,0.0003559521737052417,0,0.0
51520,2025-11-16 15:00:00,53.62335520600936,32.13,41.97,1.56,0.0,late,0.0,0.0011903059960779677,0,0.0
51521,2025-11-16 16:00:00,53.64756634538399,30.5,47.11,0.76,0.0,late,0.0,5.0997995916723154e-05,0,0.0
51522,2025-11-16 17:00:00,54.32527136453453,28.41,55.23,0.07,0.0,late,0.0,1.1887589196384641e-06,0,0.0
51523,2025-11-16 18:00:00,54.00654595720976,26.52,64.52,0.0,0.0,late,0.0,7.855995498085345e-07,0,0.0
51524,2025-11-16 19:00:00,54.09502731010253,25.39,71.49,0.0,0.0,late,0.0,6.380755507857288e-07,0,0.0
51525,2025-11-16 20:00:00,54.11536619450917,24.58,76.93,0.0,0.01,late,0.0,6.623178642014593e-07,0,0.0
51526,2025-11-16 21:00:00,54.00118356766606,23.99,81.01,0.0,0.0,late,0.0,1.05893798202575e-06,0,0.0
51527,2025-11-16 22:00:00,53.48157683743838,23.46,84.4,0.0,0.0,late,0.0,1.0424727474934173e-06,0,0.0
51528,2025-11-16 23:00:00,54.44209397441525,23.01,87.18,0.0,0.0,late,0.0,4.665558198204347e-07,0,0.0
51529,2025-11-17 00:00:00,54.35696760272445,22.64,89.38,0.0,0.0,late,0.0,2.6665590578841017e-07,0,0.0
51530,2025-11-17 01:00:00,53.38994921021498,22.33,91.26,0.0,0.0,late,0.0,1.576676088084566e-07,0,0.0
51531,2025-11-17 02:00:00,54.42594260270078,22.1,92.63,0.0,0.0,late,0.0,3.232231956169924e-08,0,0.0
51532,2025-11-17 03:00:00,53.59540287855592,21.88,93.83,0.0,0.0,late,0.0,1.2120828287954149e-08,0,0.0
51533,2025-11-17 04:00:00,54.61662503952523,21.57,95.51,0.0,0.0,late,0.0,1.4493249715774592e-09,0,0.0
51534,2025-11-17 05:00:00,54.05961787109324,21.83,94.02,0.25,0.0,late,0.0,3.079837987251068e-09,0,0.0
51535,2025-11-17 06:00:00,54.4095133557981,24.06,80.61,1.08,0.0,late,0.0,5.6974517009099914e-08,0,0.0
51536,2025-11-17 07:00:00,53.98891449021991,26.47,67.32,1.94,0.0,late,0.0,3.2404280346434704e-06,0,0.0
51537,2025-11-17 08:00:00,53.32769749176688,28.88,56.54,2.21,0.0,late,0.0,5.59233392794153e-05,0,0.0
51538,2025-11-17 09:00:00,52.962171593423584,31.05,48.15,2.48,0.0,late,0.0,0.000703702413834572,0,0.0
51539,2025-11-17 10:00:00,52.55089484776624,32.78,42.3,2.81,0.0,late,0.0,0.009405378850163973,0,0.0
51540,2025-11-17 11:00:00,51.05530787324109,33.96,38.46,3.06,0.0,late,4.330505519884497,0.5476204881949444,1,4.390258712875729
51541,2025-11-17 12:00:00,57.30914369353697,34.51,36.64,2.99,0.0,late,0.0,5.844694942764931e-06,0,0.0
51542,2025-11-17 13:00:00,56.024340616182045,34.56,36.44,2.78,0.0,late,0.0,0.00015791995012218675,0,0.0
51543,2025-11-17 14:00:00,54.029174419813216,33.91,37.95,2.17,0.0,late,0.0,0.005408541565573287,0,0.0
51544,2025-11-17 15:00:00,54.838884588659134,32.78,40.97,1.47,0.0,late,0.0,0.00023233094139595695,0,0.0
51545,2025-11-17 16:00:00,53.32348055202562,30.99,46.58,0.74,0.0,late,0.0,8.189667271560051e-05,0,0.0
51546,2025-11-17 17:00:00,53.63772921852284,28.72,55.16,0.07,0.0,late,0.0,2.1981050194678996e-06,0,0.0
51547,2025-11-17 18:00:00,53.39767396379996,26.72,64.29,0.0,0.0,late,0.0,1.2090704160833987e-06,0,0.0
51548,2025-11-17 19:00:00,53.51643077902162,25.58,70.65,0.0,0.0,late,0.0,8.90199073432521e-07,0,0.0
51549,2025-11-17 20:00:00,53.56634172098532,24.75,75.88,0.0,0.0,late,0.0,9.11867373821538e-07,0,0.0
51550,2025-11-17 21:00:00,54.47891415189159,24.01,80.93,0.0,0.0,late,0.0,9.44753573508427e-07,0,0.0
51551,2025-11-17 22:00:00,54.35668510750174,23.25,86.21,0.0,0.0,late,0.0,7.863763065654286e-07,0,0.0
51552,2025-11-17 23:00:00,54.179252515730994,22.58,90.7,0.0,0.0,late,0.0,4.232363429674682e-07,0,0.0
51553,2025-11-18 00:00:00,55.05804853635936,22.14,93.75,0.0,0.0,late,0.0,1.689791920161974e-07,0,0.0
51554,2025-11-18 01:00:00,56.53727929713587,21.86,95.62,0.0,0.0,late,0.0,3.1699585075041834e-08,0,0.0
51555,2025-11-18 02:00:00,54.496445612787184,21.73,96.34,0.0,0.0,late,0.0,2.347773887056653e-08,0,0.0
51556,2025-11-18 03:00:00,54.81693771080336,21.69,96.4,0.0,0.0,late,0.0,4.703031801829445e-09,0,0.0
51557,2025-11-18 04:00:00,54.314756503358815,21.69,96.36,0.0,0.0,late,0.0,1.9525120377088366e-09,0,0.0
51558,2025-11-18 05:00:00,54.608837867144345,22.1,93.91,0.23,0.0,late,0.0,1.8985157031757404e-09,0,0.0
51559,2025-11-18 06:00:00,52.79101087596191,23.98,82.25,1.07,0.0,late,0.0,4.072094491245661e-07,0,0.0
51560,2025-11-18 07:00:00,51.673198661853256,26.39,68.0,1.91,0.0,late,0.0,0.00018481039860792535,0,0.0
51561,2025-11-18 08:00:00,51.65573747061586,29.0,55.71,2.57,0.0,late,0.0,0.0017877365699337912,0,0.0
51562,2025-11-18 09:00:00,52.1544181804391,31.54,45.62,3.12,0.0,late,0.0,0.004263234555139639,0,0.0
51563,2025-11-18 10:00:00,52.89900126906692,33.69,38.87,3.17,0.0,late,0.0,0.005956583152910111,0,0.0
51564,2025-11-18 11:00:00,51.06332500674787,35.3,34.76,3.24,0.0,late,4.491868360817723,0.6191249907424462,1,4.503063145910123
51565,2025-11-18 12:00:00,57.053099899732906,36.14,33.28,3.26,0.0,late,0.0,1.4714793143649794e-05,0,0.0
51566,2025-11-18 13:00:00,56.87471072103631,36.32,33.3,2.79,0.0,late,0.0,3.2698406496765526e-05,0,0.0
51567,2025-11-18 14:00:00,55.85307076045226,35.99,34.27,2.18,0.0,late,0.0,0.0002594077966226442,0,0.0
51568,2025-11-18 15:00:00,53.79358916929063,35.09,36.5,1.46,0.0,late,0.0,0.001099667193356251,0,0.0
51569,2025-11-18 16:00:00,54.76289709564458,33.52,40.74,0.74,0.0,late,0.0,2.445930723717614e-05,0,0.0
51570,2025-11-18 17:00:00,54.80004153342147,31.11,48.68,0.07,0.0,late,0.0,1.288940185574245e-06,0,0.0
51571,2025-11-18 18:00:00,55.81482798213575,28.63,58.89,0.0,0.0,late,0.0,3.233550592342183e-07,0,0.0
51572,2025-11-18 19:00:00,54.07054526011135,26.94,67.74,0.0,0.0,late,0.0,1.1894774798103329e-06,0,0.0
51573,2025-11-18 20:00:00,55.489192992197445,25.78,75.18,0.0,0.0,late,0.0,6.352315051390778e-07,0,0.0
51574,2025-11-18 21:00:00,53.81034442215623,25.06,80.66,0.0,0.0,late,0.0,2.1029993414950307e-06,0,0.0
51575,2025-11-18 22:00:00,55.99534792507732,24.59,84.31,0.0,0.0,late,0.0,8.219180959367775e-07,0,0.0
51576,2025-11-18 23:00:00,53.658184873781416,24.23,86.88,0.0,0.0,late,0.0,1.050603166841454e-06,0,0.0
51577,2025-11-19 00:00:00,54.64830365094912,23.94,88.72,0.0,0.0,late,0.0,4.034021465319351e-07,0,0.0
51578,2025-11-19 01:00:00,54.36348555307433,23.71,90.13,0.0,0.0,late,0.0,2.0413779633419852e-07,0,0.0
51579,2025-11-19 02:00:00,55.32600284790168,23.47,91.48,0.0,0.0,late,0.0,3.846228581475876e-08,0,0.0
51580,2025-11-19 03:00:00,55.21802862633841,23.43,91.83,0.0,0.0,late,0.0,8.392457100071741e-09,0,0.0
51581,2025-11-19 04:00:00,53.30021855534896,23.57,91.14,0.0,0.0,late,0.0,1.4233725048796625e-08,0,0.0
51582,2025-11-19 05:00:00,53.86518532102836,23.91,89.24,0.15,0.0,late,0.0,1.0546535231484179e-08,0,0.0
51583,2025-11-19 06:00:00,55.83524194444401,24.97,82.36,0.54,0.0,late,0.0,5.288642900802639e-09,0,0.0
51584,2025-11-19 07:00:00,53.98707535755335,26.76,70.99,1.12,0.01,late,0.0,1.0806224611763153e-06,0,0.0
51585,2025-11-19 08:00:00,54.10997814352958,29.11,59.65,1.49,0.01,late,0.0,9.095828867053518e-06,0,0.0
51586,2025-11-19 09:00:00,52.04993467617361,31.48,50.97,1.61,0.08,late,0.0,0.0033299777614417235,0,0.0
51587,2025-11-19 10:00:00,51.96020462259384,33.83,43.73,2.2,0.04,late,0.0,0.027476310767927767,0,0.0
51588,2025-11-19 11:00:00,50.71097440655705,35.82,37.92,2.01,0.01,late,4.042618515467197,0.6293475248367156,1,4.340736153382947
51589,2025-11-19 12:00:00,57.87097890596871,37.16,34.33,1.57,0.03,late,0.0,6.706213425855192e-07,0,0.0
51590,2025-11-19 13:00:00,56.91627445476384,37.77,32.77,1.06,0.07,late,0.0,2.0846326191898114e-06,0,0.0
51591,2025-11-19 14:00:00,56.61828562909726,37.53,33.05,1.05,0.09,late,0.0,3.9671353585683145e-06,0,0.0
51592,2025-11-19 15:00:00,54.231059005298434,36.49,35.35,0.64,0.09,late,0.0,5.318120900368129e-05,0,0.0
51593,2025-11-19 16:00:00,55.18924630989087,34.8,41.06,0.27,0.09,late,0.0,2.6945256659159586e-06,0,0.0
51594,2025-11-19 17:00:00,54.6525833677934,32.24,52.56,0.03,0.1,late,0.0,1.8220473957089996e-06,0,0.0
51595,2025-11-19 18:00:00,52.81818636515032,30.42,60.5,0.0,0.11,late,0.0,4.765081277635145e-06,0,0.0
51596,2025-11-19 19:00:00,55.25699266226391,29.33,66.45,0.0,0.09,late,0.0,1.4063484692705958e-06,0,0.0
51597,2025-11-19 20:00:00,55.9825438089383,28.28,71.76,0.0,0.05,late,0.0,1.6896682782528067e-06,0,0.0
51598,2025-11-19 21:00:00,56.30553169298484,27.15,76.1,0.0,0.08,late,0.0,1.4110252967828507e-06,0,0.0
51599,2025-11-19 22:00:00,55.18315751405159,26.28,80.47,0.0,0.13,late,0.0,1.9311826837234777e-06,0,0.0
51600,2025-11-19 23:00:00,56.03757883041215,25.58,84.02,0.0,0.13,late,0.0,8.039580126325016e-07,0,0.0
51601,2025-11-20 00:00:00,55.91023525335875,24.97,87.39,0.0,0.08,initial,0.0,2.555056664174529e-06,0,0.0
51602,2025-11-20 01:00:00,54.91582818678154,24.52,89.87,0.0,0.04,initial,0.0,1.4721196135572443e-06,0,0.0
51603,2025-11-20 02:00:00,54.81910525301779,24.31,90.63,0.0,0.01,initial,0.0,5.177002849380191e-07,0,0.0
51604,2025-11-20 03:00:00,55.49813716248444,24.24,90.42,0.0,0.0,initial,0.0,4.1086088897431914e-08,0,0.0
51605,2025-11-20 04:00:00,55.34782850093234,24.2,89.84,0.0,0.0,initial,0.0,1.0220128130021947e-08,0,0.0
51606,2025-11-20 05:00:00,55.60700633240838,24.29,88.57,0.07,0.0,initial,0.0,3.1648639058391103e-09,0,0.0
51607,2025-11-20 06:00:00,55.214748464712514,25.56,80.77,0.32,0.01,initial,0.0,1.4420397428126136e-08,0,0.0
51608,2025-11-20 07:00:00,55.538871557834725,27.78,68.51,0.74,0.02,initial,0.0,1.8394751274282225e-07,0,0.0
51609,2025-11-20 08:00:00,54.14468539477812,30.14,58.2,0.87,0.02,initial,0.0,2.2490802482122975e-05,0,0.0
51610,2025-11-20 09:00:00,55.74395384724144,32.17,50.89,1.33,0.07,initial,0.0,1.6514871139836064e-05,0,0.0
51611,2025-11-20 10:00:00,52.48313639757337,33.72,45.66,1.9,0.08,initial,0.0,0.08839094160571316,0,0.0
51612,2025-11-20 11:00:00,53.23402802724475,34.77,42.19,2.28,0.1,initial,0.0,0.20495105772285196,0,0.0
51613,2025-11-20 12:00:00,52.51878479457312,35.24,40.47,2.09,0.14,initial,4.042926005981499,0.7145525354485662,1,4.223273384635473
51614,2025-11-20 13:00:00,58.74629636351924,35.29,40.11,1.93,0.16,initial,0.0,7.374594852124068e-06,0,0.0
51615,2025-11-20 14:00:00,57.69342769503673,34.45,42.32,0.78,0.16,initial,0.0,7.463786143636602e-06,0,0.0
51616,2025-11-20 15:00:00,56.787076886531935,33.22,46.41,0.58,0.15,initial,0.0,9.852413168594276e-06,0,0.0
51617,2025-11-20 16:00:00,57.96710565692057,31.52,53.21,0.29,0.14,initial,0.0,6.902216809002355e-07,0,0.0
51618,2025-11-20 17:00:00,57.61837833329147,29.29,63.66,0.02,0.17,initial,0.0,9.902206985414565e-07,0,0.0
51619,2025-11-20 18:00:00,58.37738099429406,27.33,74.65,0.0,0.23,initial,0.0,7.101072898080393e-07,0,0.0
51620,2025-11-20 19:00:00,57.1623090918102,25.95,83.39,0.0,0.33,initial,0.0,1.3667195563122474e-06,0,0.0
51621,2025-11-20 20:00:00,60.5305499174156,24.98,89.55,0.0,0.54,initial,0.0,3.1867729866581717e-07,0,0.0
51622,2025-11-20 21:00:00,60.143407241424384,24.37,92.65,0.0,0.84,initial,0.0,5.778086172183526e-07,0,0.0
51623,2025-11-20 22:00:00,59.17395730860682,23.92,93.63,0.0,1.12,initial,0.0,1.20352076066839e-06,0,0.0
51624,2025-11-20 23:00:00,63.32081200678215,23.52,94.36,0.0,1.25,initial,0.0,8.793671384508238e-08,0,0.0
51625,2025-11-21 00:00:00,64.54225280239064,23.21,94.81,0.0,1.4,initial,0.0,5.429191442121474e-09,0,0.0
51626,2025-11-21 01:00:00,66.02571577982135,22.95,95.39,0.0,1.61,initial,0.0,1.4383685882516397e-10,0,0.0
51627,2025-11-21 02:00:00,69.90540863393412,22.75,95.83,0.0,1.59,initial,0.0,6.017077154223186e-14,0,0.0
51628,2025-11-21 03:00:00,71.2635605057837,22.56,96.1,0.0,1.28,initial,0.0,7.891669241431411e-16,0,0.0
51629,2025-11-21 04:00:00,72.0307037645579,22.33,96.35,0.0,0.99,initial,0.0,3.4556455859652424e-17,0,0.0
51630,2025-11-21 05:00:00,72.8188999790651,22.15,96.22,0.08,0.8,initial,0.0,2.757100304154835e-18,0,0.0
51631,2025-11-21 06:00:00,73.97367081209012,22.18,95.17,0.33,0.65,initial,0.0,2.538715590637096e-19,0,0.0
51632,2025-11-21 07:00:00,72.84988395459031,22.52,92.82,0.72,0.56,initial,0.0,1.0755210028530046e-18,0,0.0
51633,2025-11-21 08:00:00,74.58616709742415,23.4,87.94,1.03,0.5,initial,0.0,1.3389893618574584e-19,0,0.0
51634,2025-11-21 09:00:00,76.1674071351491,24.84,80.97,1.02,0.94,initial,0.0,2.925474987936054e-20,0,0.0
51635,2025-11-21 10:00:00,76.48214782477002,26.27,74.54,1.28,0.8,initial,0.0,2.0696533480020073e-20,0,0.0
51636,2025-11-21 11:00:00,75.12156899128493,27.29,70.72,1.27,0.72,initial,0.0,3.926875699056669e-19,0,0.0
51637,2025-11-21 12:00:00,76.35168949894971,27.98,68.46,1.15,0.68,initial,0.0,1.2948325663091188e-19,0,0.0
51638,2025-11-21 13:00:00,75.55445099903802,28.28,67.85,0.66,0.67,initial,0.0,2.3789989544679384e-18,0,0.0
51639,2025-11-21 14:00:00,76.86359097401028,28.02,69.52,0.65,0.65,initial,0.0,7.783744341238586e-19,0,0.0
51640,2025-11-21 15:00:00,76.40570892404247,27.22,73.84,0.41,0.56,initial,0.0,5.353038024741893e-18,0,0.0
51641,2025-11-21 16:00:00,76.49455635325735,26.03,80.92,0.22,0.39,initial,0.0,1.8380777617047503e-17,0,0.0
51642,2025-11-21 17:00:00,77.71948370072728,24.86,88.96,0.02,0.32,initial,0.0,1.19219547824908e-17,0,0.0
51643,2025-11-21 18:00:00,77.16489038211454,24.21,93.38,0.0,0.25,initial,0.0,9.376080244671603e-17,0,0.0
51644,2025-11-21 19:00:00,77.3847463562877,23.98,95.22,0.0,0.22,initial,0.0,2.7531489266175163e-16,0,0.0
51645,2025-11-21 20:00:00,78.5268032802978,23.93,95.55,0.0,0.18,initial,0.0,2.0295026118032897e-16,0,0.0
51646,2025-11-21 21:00:00,77.32279573191194,23.93,96.03,0.0,0.21,initial,0.0,2.387105473304708e-15,0,0.0
51647,2025-11-21 22:00:00,78.57538460290647,23.91,96.58,0.0,0.26,initial,0.0,2.808715991646963e-16,0,0.0
51648,2025-11-21 23:00:00,77.97836278705529,23.85,96.96,0.0,0.3,initial,0.0,3.4364698583747354e-16,0,0.0
51649,2025-11-22 00:00:00,78.49897623428764,23.7,97.43,0.0,0.3,initial,0.0,3.219854846004687e-17,0,0.0
51650,2025-11-22 01:00:00,80.83205829763114,23.57,97.64,0.0,0.25,initial,0.0,1.2146573476948696e-19,0,0.0
51651,2025-11-22 02:00:00,79.7874120891266,23.48,97.66,0.0,0.18,initial,0.0,5.503018757095477e-20,0,0.0
51652,2025-11-22 03:00:00,79.74670145127813,23.27,97.87,0.0,0.16,initial,0.0,5.558353228005254e-21,0,0.0
51653,2025-11-22 04:00:00,81.21374872750262,23.05,97.88,0.0,0.17,initial,0.0,7.942538508943399e-23,0,0.0
51654,2025-11-22 05:00:00,82.10078826739311,23.09,97.19,0.12,0.22,initial,0.0,5.22341455490614e-24,0,0.0
51655,2025-11-22 06:00:00,81.28429842544796,23.75,94.75,0.46,0.22,initial,0.0,1.0008448713630063e-23,0,0.0
51656,2025-11-22 07:00:00,81.97507181229767,24.73,88.55,0.9,0.21,initial,0.0,2.4437409298119866e-24,0,0.0
51657,2025-11-22 08:00:00,80.59344391137935,26.37,76.75,1.66,0.19,initial,0.0,9.622407169735214e-24,0,0.0
51658,2025-11-22 09:00:00,80.91735903915345,28.27,65.39,2.12,0.28,initial,0.0,3.47554415216116e-24,0,0.0
51659,2025-11-22 10:00:00,80.5915074574708,29.78,58.16,2.33,0.27,initial,0.0,2.7125553172924313e-24,0,0.0
51660,2025-11-22 11:00:00,80.47183660937407,30.88,54.25,2.16,0.26,initial,0.0,4.768445097132158e-24,0,0.0
51661,2025-11-22 12:00:00,80.57446110361938,31.12,53.98,2.3,0.25,initial,0.0,8.54278482860308e-24,0,0.0
51662,2025-11-22 13:00:00,78.22924493629161,31.06,54.85,1.51,0.24,initial,0.0,4.9297090883825006e-21,0,0.0
51663,2025-11-22 14:00:00,78.27955975452842,30.67,56.88,1.11,0.17,initial,0.0,2.8706253333503333e-20,0,0.0
51664,2025-11-22 15:00:00,78.24254759600646,29.75,60.7,0.69,0.12,initial,0.0,1.6793742165862677e-19,0,0.0
51665,2025-11-22 16:00:00,77.61838985618445,28.5,66.05,0.34,0.1,initial,0.0,2.0976698083537904e-18,0,0.0
51666,2025-11-22 17:00:00,78.42886139499134,27.0,73.24,0.04,0.03,initial,0.0,2.7038099647767716e-18,0,0.0
51667,2025-11-22 18:00:00,78.43140237388768,25.83,79.41,0.0,0.01,initial,0.0,1.5863571089678844e-17,0,0.0
51668,2025-11-22 19:00:00,78.31690471916848,25.18,83.02,0.0,0.01,initial,0.0,9.522978025180753e-17,0,0.0
51669,2025-11-22 20:00:00,77.96036446310146,24.65,85.99,0.0,0.01,initial,0.0,5.907552366563734e-16,0,0.0
51670,2025-11-22 21:00:00,79.37323171224801,24.23,88.31,0.0,0.01,initial,0.0,1.0291632914323121e-16,0,0.0
51671,2025-11-22 22:00:00,78.4808134577236,23.85,90.3,0.0,0.01,initial,0.0,3.0893868315221475e-16,0,0.0
51672,2025-11-22 23:00:00,78.21234898628634,23.5,91.98,0.0,0.02,initial,0.0,1.8989460665805127e-16,0,0.0
51673,2025-11-23 00:00:00,78.43575313274704,23.13,93.54,0.0,0.04,initial,0.0,2.6045534916346178e-17,0,0.0
51674,2025-11-23 01:00:00,79.02798383968042,22.85,94.51,0.0,0.04,initial,0.0,1.2205911327643773e-18,0,0.0
51675,2025-11-23 02:00:00,78.6411672216187,22.67,95.24,0.0,0.03,initial,0.0,1.9070181478843551e-19,0,0.0
51676,2025-11-23 03:00:00,77.80366203487144,22.52,95.78,0.0,0.02,initial,0.0,6.683128180675919e-20,0,0.0
51677,2025-11-23 04:00:00,79.93029118658347,22.35,96.58,0.0,0.02,initial,0.0,3.682852590707381e-22,0,0.0
51678,2025-11-23 05:00:00,78.92709339013814,22.55,95.8,0.13,0.03,initial,0.0,4.3381179111801395e-22,0,0.0
51679,2025-11-23 06:00:00,77.71090766465208,23.76,89.85,0.59,0.06,initial,0.0,1.9140705862597817e-21,0,0.0
51680,2025-11-23 07:00:00,77.04276139496126,25.46,79.09,1.2,0.05,initial,0.0,3.2619546957012833e-21,0,0.0
51681,2025-11-23 08:00:00,78.77350005580182,27.67,67.34,2.16,0.09,initial,0.0,9.02548145827641e-23,0,0.0
51682,2025-11-23 09:00:00,78.72380900536967,29.81,58.49,2.18,0.01,initial,0.0,8.268340604012608e-23,0,0.0
51683,2025-11-23 10:00:00,77.39612373175378,31.34,53.31,2.35,0.01,initial,0.0,4.875159289379008e-22,0,0.0
51684,2025-11-23 11:00:00,76.8049209967699,32.37,50.31,2.18,0.02,initial,0.0,2.245806714348425e-21,0,0.0
51685,2025-11-23 12:00:00,76.07904429923344,32.86,48.57,2.24,0.02,initial,0.0,1.7793020048966895e-20,0,0.0
51686,2025-11-23 13:00:00,74.85280245450225,32.89,47.97,2.05,0.02,initial,0.0,5.361929131007036e-19,0,0.0
51687,2025-11-23 14:00:00,72.86108720531317,32.36,49.19,1.65,0.02,initial,0.0,6.178592697331612e-17,0,0.0
51688,2025-11-23 15:00:00,73.11446978798368,31.2,52.37,1.1,0.01,initial,0.0,3.299740743760761e-16,0,0.0
51689,2025-11-23 16:00:00,73.93621641814818,29.73,57.77,0.5,0.01,initial,0.0,6.412610534299943e-16,0,0.0
51690,2025-11-23 17:00:00,73.56984607995707,28.13,65.22,0.06,0.0,initial,0.0,4.547026779863499e-15,0,0.0
51691,2025-11-23 18:00:00,72.9444999987112,26.7,72.55,0.0,0.0,initial,0.0,5.927733989266543e-14,0,0.0
51692,2025-11-23 19:00:00,72.66248704770574,25.63,78.49,0.0,0.0,initial,0.0,4.4898531652414993e-13,0,0.0
51693,2025-11-23 20:00:00,73.24009452870571,24.89,82.62,0.0,0.0,initial,0.0,6.903106268833284e-13,0,0.0
51694,2025-11-23 21:00:00,72.82650150293819,24.36,85.66,0.0,0.0,initial,0.0,1.6973222707338297e-12,0,0.0
51695,2025-11-23 22:00:00,73.03738443937563,23.93,88.21,0.0,0.0,initial,0.0,1.0384115755579284e-12,0,0.0
51696,2025-11-23 23:00:00,73.20679350283174,23.56,90.38,0.0,0.0,initial,0.0,2.73720139921758e-13,0,0.0
51697,2025-11-24 00:00:00,72.47923961887186,23.2,92.28,0.0,0.0,initial,0.0,1.4314706534300754e-13,0,0.0
51698,2025-11-24 01:00:00,73.75354913668527,22.99,93.26,0.0,0.01,initial,0.0,3.2078981201007847e-15,0,0.0
51699,2025-11-24 02:00:00,72.9942470357982,22.74,94.44,0.0,0.01,initial,0.0,7.771187214912266e-16,0,0.0
51700,2025-11-24 03:00:00,73.52857026805478,22.69,94.67,0.0,0.01,initial,0.0,3.447367744408963e-17,0,0.0
51701,2025-11-24 04:00:00,73.2017876362823,22.82,94.06,0.0,0.01,initial,0.0,7.890622858301849e-18,0,0.0
51702,2025-11-24 05:00:00,74.39731903598833,22.88,93.93,0.22,0.01,initial,0.0,4.516249907472179e-19,0,0.0
51703,2025-11-24 06:00:00,73.61033283920074,23.74,89.41,1.01,0.01,initial,0.0,7.938041778010478e-19,0,0.0
51704,2025-11-24 07:00:00,73.30660913604045,24.91,81.77,1.8,0.01,initial,0.0,5.859135658370665e-19,0,0.0
51705,2025-11-24 08:00:00,72.8757875192394,26.38,72.04,2.45,0.0,initial,0.0,8.46055523029839e-19,0,0.0
51706,2025-11-24 09:00:00,73.67775312746102,28.44,61.86,2.57,0.0,initial,0.0,2.8144821354578235e-19,0,0.0
51707,2025-11-24 10:00:00,71.27937398224185,30.43,53.67,2.82,0.0,initial,0.0,2.674594304775841e-17,0,0.0
51708,2025-11-24 11:00:00,70.66964230065356,32.14,47.63,2.98,0.0,initial,0.0,1.4572309556221453e-16,0,0.0
51709,2025-11-24 12:00:00,69.81881271906441,33.11,44.21,2.85,0.0,initial,0.0,1.6870858294692537e-15,0,0.0
51710,2025-11-24 13:00:00,67.38601629738847,33.35,43.02,2.49,0.0,initial,0.0,3.8120925496998993e-13,0,0.0
51711,2025-11-24 14:00:00,68.33732892898963,32.57,44.63,2.05,0.0,initial,0.0,1.5746226288400652e-13,0,0.0
51712,2025-11-24 15:00:00,68.50774590257457,31.46,47.81,1.34,0.0,initial,0.0,3.721972740825175e-13,0,0.0
51713,2025-11-24 16:00:00,67.70477987925777,30.18,52.73,0.67,0.0,initial,0.0,8.853444207796277e-12,0,0.0
51714,2025-11-24 17:00:00,68.29383565763257,28.53,60.13,0.08,0.0,initial,0.0,8.476457047974483e-12,0,0.0
51715,2025-11-24 18:00:00,67.71343164118616,27.01,67.65,0.0,0.0,initial,0.0,7.203326061436426e-11,0,0.0
51716,2025-11-24 19:00:00,67.48661283013195,26.0,73.41,0.0,0.0,initial,0.0,5.313908865489612e-10,0,0.0
51717,2025-11-24 20:00:00,67.7960563520342,25.19,77.76,0.0,0.0,initial,0.0,1.3947970821919718e-09,0,0.0
51718,2025-11-24 21:00:00,67.37678937099813,24.51,81.31,0.0,0.0,initial,0.0,3.333038155465198e-09,0,0.0
51719,2025-11-24 22:00:00,66.86047956954339,23.76,85.37,0.0,0.0,initial,0.0,3.451914654136914e-09,0,0.0
51720,2025-11-24 23:00:00,66.98216063646906,23.19,88.58,0.0,0.0,initial,0.0,1.2842991808322606e-09,0,0.0
51721,2025-11-25 00:00:00,65.17855185307698,22.86,90.59,0.0,0.0,initial,0.0,2.076212146336991e-09,0,0.0
51722,2025-11-25 01:00:00,68.36103442894384,22.72,91.67,0.0,0.0,initial,0.0,5.097955321845216e-12,0,0.0
51723,2025-11-25 02:00:00,66.92635962247329,22.63,92.34,0.0,0.0,initial,0.0,2.935334189001596e-12,0,0.0
51724,2025-11-25 03:00:00,66.25021731639238,22.57,92.73,0.0,0.0,initial,0.0,5.171414626839912e-13,0,0.0
51725,2025-11-25 04:00:00,66.7919259702371,22.44,93.3,0.0,0.0,initial,0.0,2.915510756240891e-14,0,0.0
51726,2025-11-25 05:00:00,68.4907030971036,22.78,91.64,0.21,0.0,initial,0.0,1.4223720122422777e-15,0,0.0
51727,2025-11-25 06:00:00,67.15495831006936,24.57,82.11,0.98,0.01,initial,0.0,1.2807635411108882e-14,0,0.0
51728,2025-11-25 07:00:00,67.07824874472014,26.98,69.24,1.81,0.0,initial,0.0,1.0778109119426353e-14,0,0.0
51729,2025-11-25 08:00:00,68.1073480622438,29.41,58.34,2.43,0.0,initial,0.0,3.562496231876637e-15,0,0.0
51730,2025-11-25 09:00:00,66.49256652804829,31.7,50.01,2.74,0.0,initial,0.0,1.1292303519237589e-13,0,0.0
51731,2025-11-25 10:00:00,64.8414711118403,33.62,43.57,2.8,0.0,initial,0.0,6.0871350495900195e-12,0,0.0
51732,2025-11-25 11:00:00,62.87317312742787,34.97,38.93,2.93,0.0,initial,0.0,7.45364624629211e-10,0,0.0
51733,2025-11-25 12:00:00,63.87568153746598,35.83,36.23,2.7,0.0,initial,0.0,1.7683425294429537e-10,0,0.0
51734,2025-11-25 13:00:00,61.98291220424289,36.12,35.31,2.42,0.0,initial,0.0,1.4619309143706238e-08,0,0.0
51735,2025-11-25 14:00:00,62.31372118218508,35.8,35.77,1.9,0.01,initial,0.0,1.1995836612242297e-08,0,0.0
51736,2025-11-25 15:00:00,61.13304579897908,34.99,37.59,1.36,0.0,initial,0.0,1.195219940166764e-07,0,0.0
51737,2025-11-25 16:00:00,61.06434422500397,33.53,41.66,0.64,0.0,initial,0.0,4.9015019367840107e-08,0,0.0
51738,2025-11-25 17:00:00,61.22920797862806,31.28,50.26,0.07,0.0,initial,0.0,1.8159259185399383e-08,0,0.0
51739,2025-11-25 18:00:00,59.12912106799318,29.26,59.18,0.0,0.0,initial,0.0,2.427169162033225e-07,0,0.0
51740,2025-11-25 19:00:00,60.61550617477101,27.92,66.74,0.0,0.0,initial,0.0,1.9169408699263438e-07,0,0.0
51741,2025-11-25 20:00:00,60.49797585850892,26.67,74.74,0.0,0.0,initial,0.0,4.368602619611417e-07,0,0.0
51742,2025-11-25 21:00:00,60.742867551579685,25.74,80.84,0.0,0.0,initial,0.0,5.24354905630616e-07,0,0.0
51743,2025-11-25 22:00:00,60.91604041962321,25.21,84.21,0.0,0.0,initial,0.0,5.502459262973347e-07,0,0.0
51744,2025-11-25 23:00:00,60.63412761450495,24.89,86.24,0.0,0.0,initial,0.0,6.116365142318286e-07,0,0.0
51745,2025-11-26 00:00:00,59.99424521734482,24.66,87.58,0.0,0.0,initial,0.0,4.440444887890868e-07,0,0.0
51746,2025-11-26 01:00:00,59.62150426551782,24.52,87.92,0.0,0.01,initial,0.0,1.3844044829174724e-07,0,0.0
51747,2025-11-26 02:00:00,59.267362561369325,24.31,88.6,0.0,0.01,initial,0.0,2.128889174287279e-08,0,0.0
51748,2025-11-26 03:00:00,60.64576606489216,24.05,89.9,0.0,0.01,initial,0.0,4.916194737133103e-10,0,0.0
51749,2025-11-26 04:00:00,60.98389808460417,23.89,90.4,0.0,0.01,initial,0.0,4.584430195076315e-11,0,0.0
51750,2025-11-26 05:00:00,60.30141451063015,23.94,89.9,0.17,0.01,initial,0.0,2.923757867075782e-11,0,0.0
51751,2025-11-26 06:00:00,61.252119806186826,25.4,80.85,0.74,0.01,initial,0.0,2.97499456583424e-11,0,0.0
51752,2025-11-26 07:00:00,60.28019921713253,27.64,67.76,1.41,0.01,initial,0.0,4.5697875808173845e-10,0,0.0
51753,2025-11-26 08:00:00,59.86233592623988,29.93,57.2,2.0,0.0,initial,0.0,8.361628949290741e-09,0,0.0
51754,2025-11-26 09:00:00,58.24417513031762,32.1,49.46,2.42,0.07,initial,0.0,6.517024172574351e-07,0,0.0
51755,2025-11-26 10:00:00,58.42633435533892,33.9,43.52,2.91,0.12,initial,0.0,2.1420089996767134e-06,0,0.0
51756,2025-11-26 11:00:00,58.81574020344552,35.24,38.87,3.18,0.12,initial,0.0,3.091413323305462e-06,0,0.0
51757,2025-11-26 12:00:00,58.42785777620293,35.91,36.12,3.25,0.09,initial,0.0,1.5459614487925386e-05,0,0.0
51758,2025-11-26 13:00:00,56.39324435442666,36.14,34.73,2.83,0.07,initial,0.0,0.0016774972666928655,0,0.0
51759,2025-11-26 14:00:00,56.5379665278657,35.69,35.17,2.07,0.05,initial,0.0,0.001081194634836495,0,0.0
51760,2025-11-26 15:00:00,56.38972334171168,34.61,37.52,1.38,0.03,initial,0.0,0.0002932178139035018,0,0.0
51761,2025-11-26 16:00:00,54.09233246796522,32.9,42.64,0.69,0.02,initial,0.0,0.00026106835954151726,0,0.0
51762,2025-11-26 17:00:00,54.89294966084056,30.74,51.25,0.08,0.02,initial,0.0,5.665694044448326e-06,0,0.0
51763,2025-11-26 18:00:00,54.84125451728829,28.76,60.62,0.0,0.04,initial,0.0,3.811643092101472e-06,0,0.0
51764,2025-11-26 19:00:00,55.57400501512757,27.45,68.06,0.0,0.02,initial,0.0,3.143897809132954e-06,0,0.0
51765,2025-11-26 20:00:00,54.058394002423945,26.38,74.57,0.0,0.01,initial,0.0,6.524801948622966e-06,0,0.0
51766,2025-11-26 21:00:00,54.97905558443812,25.58,79.64,0.0,0.0,initial,0.0,3.6279604683014717e-06,0,0.0
51767,2025-11-26 22:00:00,54.519839766090776,24.98,83.32,0.0,0.0,initial,0.0,3.0552789418347954e-06,0,0.0
51768,2025-11-26 23:00:00,55.066466286738205,24.53,85.96,0.0,0.0,initial,0.0,2.479760340613987e-06,0,0.0
51769,2025-11-27 00:00:00,55.70360097136466,24.16,88.1,0.0,0.0,initial,0.0,1.5936821954217864e-06,0,0.0
51770,2025-11-27 01:00:00,55.92082585611095,23.83,90.01,0.0,0.01,initial,0.0,7.583011603426429e-07,0,0.0
51771,2025-11-27 02:00:00,55.79813181418921,23.59,91.7,0.0,0.06,initial,0.0,1.739057079632162e-07,0,0.0
51772,2025-11-27 03:00:00,54.17178114721091,23.43,93.27,0.0,0.12,initial,0.0,5.928168145395372e-08,0,0.0
51773,2025-11-27 04:00:00,54.748138484097424,23.28,94.61,0.0,0.13,initial,0.0,7.0127539938773016e-09,0,0.0
51774,2025-11-27 05:00:00,56.08157427884035,23.44,94.05,0.19,0.12,initial,0.0,1.1697026225648078e-09,0,0.0
51775,2025-11-27 06:00:00,55.93535019619104,24.71,86.47,0.82,0.14,initial,0.0,6.180559494964932e-09,0,0.0
51776,2025-11-27 07:00:00,55.190417471912895,26.57,74.0,1.53,0.13,initial,0.0,4.0318119107582673e-07,0,0.0
51777,2025-11-27 08:00:00,54.5176650124459,28.75,61.5,1.94,0.21,initial,0.0,3.563602168501271e-05,0,0.0
51778,2025-11-27 09:00:00,51.56738344281123,30.8,52.17,2.43,0.02,initial,0.0,0.1750090877019187,0,0.0
51779,2025-11-27 10:00:00,52.75343292520011,32.49,45.83,2.69,0.04,initial,0.0,0.20708646087011112,0,0.0
51780,2025-11-27 11:00:00,53.03797003790344,33.6,42.12,2.79,0.04,initial,0.0,0.345157802280214,0,0.0
51781,2025-11-27 12:00:00,52.2631069592892,34.14,40.04,2.6,0.03,initial,4.271048509777508,0.7385748292964393,1,4.31255400696442
51782,2025-11-27 13:00:00,59.17118944613013,34.06,39.75,1.82,0.02,initial,0.0,2.567103961713279e-06,0,0.0
51783,2025-11-27 14:00:00,58.63458640739446,33.44,41.0,1.58,0.02,initial,0.0,7.312525271033128e-06,0,0.0
51784,2025-11-27 15:00:00,59.38997983498204,32.11,44.35,0.91,0.01,initial,0.0,8.350702043938447e-07,0,0.0
51785,2025-11-27 16:00:00,56.5671477515099,30.51,49.46,0.47,0.01,initial,0.0,5.52966288975989e-06,0,0.0
51786,2025-11-27 17:00:00,55.42116297550734,28.64,56.46,0.06,0.01,initial,0.0,2.8209310067806328e-06,0,0.0
51787,2025-11-27 18:00:00,56.2514828988397,27.02,64.23,0.0,0.01,initial,0.0,1.290453590612761e-06,0,0.0
51788,2025-11-27 19:00:00,58.33599090832545,26.02,70.53,0.0,0.0,initial,0.0,5.066033217076273e-07,0,0.0
51789,2025-11-27 20:00:00,57.00491268752686,25.31,75.51,0.0,0.0,initial,0.0,1.2417814042341803e-06,0,0.0
51790,2025-11-27 21:00:00,57.80450304942384,24.74,79.81,0.0,0.0,initial,0.0,1.0000364049535207e-06,0,0.0
51791,2025-11-27 22:00:00,56.54431741591516,24.24,83.57,0.0,0.0,initial,0.0,1.489786596725346e-06,0,0.0
51792,2025-11-27 23:00:00,56.59346849329904,23.97,85.78,0.0,0.0,initial,0.0,1.3475494131187458e-06,0,0.0
51793,2025-11-28 00:00:00,55.623248967203565,23.71,87.82,0.0,0.0,initial,0.0,1.199911045610856e-06,0,0.0
51794,2025-11-28 01:00:00,56.74250457486463,23.48,89.66,0.0,0.01,initial,0.0,4.6133093976149483e-07,0,0.0
51795,2025-11-28 02:00:00,57.02829778658791,23.31,91.11,0.0,0.01,initial,0.0,6.252995030018724e-08,0,0.0
51796,2025-11-28 03:00:00,57.72613102049763,23.2,91.88,0.0,0.01,initial,0.0,4.341140597428487e-09,0,0.0
51797,2025-11-28 04:00:00,57.49344666167269,23.02,92.74,0.0,0.01,initial,0.0,7.006698062832834e-10,0,0.0
51798,2025-11-28 05:00:00,58.64677870047213,23.1,92.12,0.15,0.01,initial,0.0,9.15736941871939e-11,0,0.0
51799,2025-11-28 06:00:00,56.94654248367844,24.83,80.72,0.77,0.01,initial,0.0,2.816800852039677e-09,0,0.0
51800,2025-11-28 07:00:00,57.06224886066245,26.91,67.76,1.37,0.01,initial,0.0,4.3651765526255476e-08,0,0.0
51801,2025-11-28 08:00:00,56.4551033147072,29.16,57.64,1.97,0.01,initial,0.0,2.26405972318606e-06,0,0.0
51802,2025-11-28 09:00:00,55.33971576125658,31.2,49.22,2.41,0.01,initial,0.0,0.00018184826807042843,0,0.0
51803,2025-11-28 10:00:00,55.52042008899469,32.73,43.45,2.66,0.01,initial,0.0,0.0007028127422105701,0,0.0
51804,2025-11-28 11:00:00,54.186467864172855,33.73,40.12,2.73,0.01,initial,0.0,0.04196821788249446,0,0.0
51805,2025-11-28 12:00:00,54.91127693898303,34.28,38.21,2.35,0.0,initial,0.0,0.01891141180153361,0,0.0
51806,2025-11-28 13:00:00,52.15102039649176,34.12,38.23,1.98,0.0,initial,4.0038099129202855,0.659006538235449,1,4.169424901887152
51807,2025-11-28 14:00:00,58.46813008535323,33.37,40.0,1.34,0.0,initial,0.0,6.698692443471801e-06,0,0.0
51808,2025-11-28 15:00:00,57.16069436435033,32.05,43.67,0.92,0.0,initial,0.0,1.9338638571292995e-05,0,0.0
51809,2025-11-28 16:00:00,58.013240878353294,30.2,49.75,0.46,0.0,initial,0.0,1.0690498406884057e-06,0,0.0
51810,2025-11-28 17:00:00,56.466659583443615,28.29,57.02,0.06,0.0,initial,0.0,1.2726184546504537e-06,0,0.0
51811,2025-11-28 18:00:00,57.52218787511586,26.84,63.91,0.0,0.0,initial,0.0,5.846120543425647e-07,0,0.0
51812,2025-11-28 19:00:00,56.59351614807752,25.98,69.11,0.0,0.0,initial,0.0,1.1547291957916142e-06,0,0.0
51813,2025-11-28 20:00:00,56.74177944298087,25.36,73.44,0.0,0.0,initial,0.0,1.2550931679714557e-06,0,0.0
51814,2025-11-28 21:00:00,56.9167322311828,24.91,77.05,0.0,0.0,initial,0.0,1.3228715899318546e-06,0,0.0
51815,2025-11-28 22:00:00,58.11227571300094,24.53,79.98,0.0,0.0,initial,0.0,7.669246781244616e-07,0,0.0
51816,2025-11-28 23:00:00,57.45302593834671,24.18,82.44,0.0,0.0,initial,0.0,9.779418823759724e-07,0,0.0
51817,2025-11-29 00:00:00,57.43046993512053,23.84,84.59,0.0,0.0,initial,0.0,8.588937374709893e-07,0,0.0
51818,2025-11-29 01:00:00,57.97862229636071,23.48,86.61,0.0,0.0,initial,0.0,2.965144809958327e-07,0,0.0
51819,2025-11-29 02:00:00,57.00061282192809,23.21,88.12,0.0,0.0,initial,0.0,6.877306674915583e-08,0,0.0
51820,2025-11-29 03:00:00,55.95608007565596,22.93,89.52,0.0,0.0,initial,0.0,1.748538848126371e-08,0,0.0
51821,2025-11-29 04:00:00,56.649537723512914,22.69,90.68,0.0,0.0,initial,0.0,1.4164658018109104e-09,0,0.0
51822,2025-11-29 05:00:00,57.29993656634336,22.92,89.53,0.2,0.0,initial,0.0,3.882323456577843e-10,0,0.0
51823,2025-11-29 06:00:00,57.48951381115823,24.65,78.66,0.88,0.0,initial,0.0,1.7642065686463355e-09,0,0.0
51824,2025-11-29 07:00:00,57.75594192198669,26.66,66.35,1.62,0.0,initial,0.0,2.054153074005723e-08,0,0.0
51825,2025-11-29 08:00:00,56.76826188149806,28.77,55.97,2.38,0.0,initial,0.0,1.598663264386561e-06,0,0.0
51826,2025-11-29 09:00:00,57.09767165022991,30.79,47.19,2.71,0.0,initial,0.0,6.614170766556806e-06,0,0.0
51827,2025-11-29 10:00:00,55.83811706652574,32.5,40.8,2.86,0.0,initial,0.0,0.00037310909458176397,0,0.0
51828,2025-11-29 11:00:00,53.602348207411005,33.8,36.53,2.75,0.0,initial,0.0,0.12928612133698844,0,0.0
51829,2025-11-29 12:00:00,51.84203125088698,34.59,33.94,2.12,0.0,initial,0.0,0.8525860325516356,1,4.313705193330344
51830,2025-11-29 13:00:00,52.25388206436296,34.85,33.0,2.12,0.0,initial,0.0,0.6818942835438839,1,4.132554751750324
51831,2025-11-29 14:00:00,52.43484355452765,34.56,33.51,1.58,0.0,initial,4.052114005902418,0.1733204793063915,0,0.0
51832,2025-11-29 15:00:00,58.77461367323115,33.68,35.57,1.01,0.0,initial,0.0,2.4865712671830283e-06,0,0.0
51833,2025-11-29 16:00:00,57.96893142575124,32.11,39.85,0.49,0.0,initial,0.0,1.1814665606993297e-06,0,0.0
51834,2025-11-29 17:00:00,57.92974104466966,30.1,46.93,0.07,0.0,initial,0.0,3.318888071335581e-07,0,0.0
51835,2025-11-29 18:00:00,58.88999850179604,28.11,55.89,0.0,0.0,initial,0.0,1.7381921221765007e-07,0,0.0
51836,2025-11-29 19:00:00,57.84476895912805,26.76,63.81,0.0,0.0,initial,0.0,5.845418062586917e-07,0,0.0
51837,2025-11-29 20:00:00,58.11344979687188,25.74,70.62,0.0,0.0,initial,0.0,7.789567383530938e-07,0,0.0
51838,2025-11-29 21:00:00,59.11075773344708,25.07,75.03,0.0,0.0,initial,0.0,5.332047947954704e-07,0,0.0
51839,2025-11-29 22:00:00,56.38448628670663,24.58,78.31,0.0,0.0,initial,0.0,1.2530535767817213e-06,0,0.0
51840,2025-11-29 23:00:00,59.201303706415295,24.17,80.98,0.0,0.0,initial,0.0,5.126909689643202e-07,0,0.0
51841,2025-11-30 00:00:00,55.78624940768005,23.81,83.38,0.0,0.0,initial,0.0,1.1835740036124112e-06,0,0.0
51842,2025-11-30 01:00:00,57.17273258329439,23.42,86.03,0.0,0.0,initial,0.0,4.1858105093684563e-07,0,0.0
51843,2025-11-30 02:00:00,57.38624268686807,23.18,87.83,0.0,0.0,initial,0.0,5.0692957161457025e-08,0,0.0
51844,2025-11-30 03:00:00,56.5269293605801,23.26,87.86,0.0,0.0,initial,0.0,1.5172789375158067e-08,0,0.0
51845,2025-11-30 04:00:00,57.70166574551096,23.24,88.22,0.0,0.0,initial,0.0,8.559629298177719e-10,0,0.0
51846,2025-11-30 05:00:00,57.79261303324965,23.47,87.05,0.17,0.0,initial,0.0,3.6084300668387597e-10,0,0.0
51847,2025-11-30 06:00:00,58.43808424577943,24.83,78.45,0.76,0.01,initial,0.0,6.17684155285803e-10,0,0.0
51848,2025-11-30 07:00:00,58.20500340191687,26.53,68.11,1.56,0.01,initial,0.0,8.559639697375038e-09,0,0.0
51849,2025-11-30 08:00:00,57.365444266500354,28.53,58.59,2.12,0.01,initial,0.0,4.430100368778227e-07,0,0.0
51850,2025-11-30 09:00:00,57.53329953333122,31.03,49.53,2.78,0.01,initial,0.0,2.811694807703485e-06,0,0.0
51851,2025-11-30 10:00:00,56.41900083670472,33.22,43.18,2.72,0.0,initial,0.0,0.0001172691214458617,0,0.0
51852,2025-11-30 11:00:00,54.835273153218814,34.6,39.27,2.66,0.01,initial,0.0,0.01147517798115659,0,0.0
51853,2025-11-30 12:00:00,54.35369350590179,35.25,37.47,2.71,0.01,initial,0.0,0.07369539898550459,0,0.0
51854,2025-11-30 13:00:00,52.94201894060909,35.51,36.71,2.13,0.01,initial,0.0,0.49232427296493325,0,0.0
51855,2025-11-30 14:00:00,51.7471961520988,35.02,37.74,1.79,0.01,initial,0.0,0.44442749071448995,0,0.0
51856,2025-11-30 15:00:00,52.46938056518677,33.98,40.27,1.23,0.0,initial,0.0,0.021636010162857516,0,0.0
51857,2025-11-30 16:00:00,50.50329736354605,32.67,43.83,0.7,0.0,initial,0.0,0.011780555568693802,0,0.0
51858,2025-11-30 17:00:00,51.33263698922409,30.85,49.58,0.1,0.0,initial,0.0,0.00013917936870288869,0,0.0
51859,2025-11-30 18:00:00,49.64418716482495,28.83,57.16,0.0,0.0,initial,0.0,0.00012791993960802663,0,0.0
51860,2025-11-30 19:00:00,51.53937902110428,27.39,63.42,0.0,0.0,initial,0.0,2.36822127726755e-05,0,0.0
51861,2025-11-30 20:00:00,50.90101384740871,26.25,68.64,0.0,0.0,initial,0.0,1.717976797064021e-05,0,0.0
51862,2025-11-30 21:00:00,51.9371549280518,25.42,72.76,0.0,0.0,initial,0.0,6.729577634996647e-06,0,0.0
51863,2025-11-30 22:00:00,51.304618608014025,24.8,76.26,0.0,0.0,initial,0.0,5.4239501760063525e-06,0,0.0
51864,2025-11-30 23:00:00,51.38052778680689,24.25,79.87,0.0,0.0,initial,0.0,4.05476379057728e-06,0,0.0
51865,2025-12-01 00:00:00,51.52434651937249,23.7,83.79,0.0,0.0,initial,0.0,2.203939293574623e-06,0,0.0
51866,2025-12-01 01:00:00,50.99343149788088,23.22,87.5,0.0,0.0,initial,0.0,1.0420300614279005e-06,0,0.0
51867,2025-12-01 02:00:00,51.02935187516193,22.94,89.9,0.0,0.0,initial,0.0,6.228449449242064e-07,0,0.0
51868,2025-12-01 03:00:00,51.02970108941893,22.93,90.69,0.0,0.0,initial,0.0,4.118311290028601e-07,0,0.0
51869,2025-12-01 04:00:00,51.38246057660569,22.83,91.43,0.0,0.0,initial,0.0,7.869323791884619e-08,0,0.0
51870,2025-12-01 05:00:00,51.037033510960086,23.0,90.37,0.21,0.0,initial,0.0,9.036864917517626e-08,0,0.0
51871,2025-12-01 06:00:00,51.84296359571869,24.86,78.43,1.01,0.0,initial,0.0,2.4937352238300494e-06,0,0.0
51872,2025-12-01 07:00:00,49.83867345417203,27.19,64.5,1.83,0.0,initial,0.0,0.005613403957284052,0,0.0
51873,2025-12-01 08:00:00,49.61445168370042,29.69,53.04,2.56,0.0,initial,0.0,0.47111740685421544,0,0.0
51874,2025-12-01 09:00:00,51.70138583473479,32.16,43.93,3.04,0.0,initial,4.92937929084583,0.26590964742036843,0,0.0
51875,2025-12-01 10:00:00,57.29551904451197,34.14,37.52,2.87,0.0,initial,0.0,2.104604883753245e-05,0,0.0
51876,2025-12-01 11:00:00,55.97970153725304,35.52,33.23,3.14,0.0,initial,0.0,0.001192633989464487,0,0.0
51877,2025-12-01 12:00:00,55.88965927545083,36.25,30.95,3.08,0.0,initial,0.0,0.0034729762751601013,0,0.0
51878,2025-12-01 13:00:00,55.672362190674335,36.25,30.61,2.68,0.0,initial,0.0,0.008299303184245372,0,0.0
51879,2025-12-01 14:00:00,54.80818059436532,35.5,32.15,2.12,0.0,initial,0.0,0.0254810434111719,0,0.0
51880,2025-12-01 15:00:00,53.07355749280537,33.99,35.75,1.41,0.0,initial,0.0,0.014498110132991614,0,0.0
51881,2025-12-01 16:00:00,52.82127662306659,31.83,41.84,0.71,0.0,initial,0.0,0.0008198582034154105,0,0.0
51882,2025-12-01 17:00:00,52.73630144869309,29.26,50.67,0.1,0.0,initial,0.0,2.5326112574263257e-05,0,0.0
51883,2025-12-01 18:00:00,53.252393649750765,27.15,59.83,0.0,0.0,initial,0.0,7.019098979708804e-06,0,0.0
51884,2025-12-01 19:00:00,53.039672244491726,26.0,66.0,0.0,0.0,initial,0.0,6.15447761509683e-06,0,0.0
51885,2025-12-01 20:00:00,52.269680268137584,25.22,70.29,0.0,0.0,initial,0.0,6.612343381111556e-06,0,0.0
51886,2025-12-01 21:00:00,52.595675381684,24.54,73.89,0.0,0.0,initial,0.0,3.8128304924015756e-06,0,0.0
51887,2025-12-01 22:00:00,52.79104830808704,23.85,77.45,0.0,0.0,initial,0.0,2.4519853469768945e-06,0,0.0
51888,2025-12-01 23:00:00,54.18892499199832,23.21,80.75,0.0,0.0,initial,0.0,1.4070858318594513e-06,0,0.0
51889,2025-12-02 00:00:00,52.86140089765926,22.74,83.16,0.0,0.0,initial,0.0,9.121352167705013e-07,0,0.0
51890,2025-12-02 01:00:00,55.65025633783173,22.35,85.07,0.0,0.0,initial,0.0,3.0254428664719304e-07,0,0.0
51891,2025-12-02 02:00:00,52.78791582651508,22.15,86.17,0.0,0.0,initial,0.0,3.0270352651466914e-07,0,0.0
51892,2025-12-02 03:00:00,51.65677252318662,21.96,87.29,0.0,0.0,initial,0.0,2.088546512522139e-07,0,0.0
51893,2025-12-02 04:00:00,53.284263253102594,21.6,89.43,0.0,0.0,initial,0.0,1.3852050200846335e-08,0,0.0
51894,2025-12-02 05:00:00,53.84104845722987,21.86,88.43,0.22,0.0,initial,0.0,6.270282308533938e-09,0,0.0
51895,2025-12-02 06:00:00,53.3833635746138,24.11,75.66,1.03,0.0,initial,0.0,2.9741038270770627e-07,0,0.0
51896,2025-12-02 07:00:00,52.93842421806771,26.5,63.17,1.83,0.0,initial,0.0,4.374512760155133e-05,0,0.0
51897,2025-12-02 08:00:00,52.048046984362976,28.73,53.55,2.48,0.0,initial,0.0,0.013088804681861774,0,0.0
51898,2025-12-02 09:00:00,51.5166689815993,30.83,45.75,2.81,0.0,initial,0.0,0.2833609978845484,0,0.0
51899,2025-12-02 10:00:00,49.139215966644834,32.65,39.71,3.01,0.0,initial,4.876018624777085,0.9804505547918401,1,4.843162350451912
51900,2025-12-02 11:00:00,58.98580730470517,34.03,35.48,3.02,0.0,initial,0.0,1.5927475768937337e-06,0,0.0
51901,2025-12-02 12:00:00,57.13668344566165,34.84,33.0,2.55,0.0,initial,0.0,0.00020420649613331462,0,0.0
51902,2025-12-02 13:00:00,57.52780506705513,35.11,31.98,2.6,0.0,initial,0.0,0.0001595185053705773,0,0.0
51903,2025-12-02 14:00:00,55.44108053334895,34.74,32.59,2.04,0.0,initial,0.0,0.006356085447149569,0,0.0
51904,2025-12-02 15:00:00,55.2172871246682,33.75,34.9,1.32,0.0,initial,0.0,0.0009473930181024882,0,0.0
51905,2025-12-02 16:00:00,55.83014862101047,32.14,39.23,0.68,0.0,initial,0.0,2.3879902105557514e-05,0,0.0
51906,2025-12-02 17:00:00,55.67730641069431,29.88,46.6,0.1,0.0,initial,0.0,2.355827207276892e-06,0,0.0
51907,2025-12-02 18:00:00,55.28156349229261,27.61,56.23,0.0,0.0,initial,0.0,1.9040482784479639e-06,0,0.0
51908,2025-12-02 19:00:00,53.111672452089465,26.22,64.03,0.0,0.0,initial,0.0,6.115472365699935e-06,0,0.0
51909,2025-12-02 20:00:00,53.58695464915274,25.22,70.44,0.0,0.0,initial,0.0,3.6589402422079228e-06,0,0.0
51910,2025-12-02 21:00:00,55.16948641668294,24.46,75.84,0.0,0.0,initial,0.0,1.6444653696562705e-06,0,0.0
51911,2025-12-02 22:00:00,54.04984534625657,23.87,80.59,0.0,0.0,initial,0.0,1.985880835928659e-06,0,0.0
51912,2025-12-02 23:00:00,54.667586261506415,23.38,84.82,0.0,0.0,initial,0.0,1.5724322033411694e-06,0,0.0
51913,2025-12-03 00:00:00,54.77452714870312,23.07,87.93,0.0,0.0,initial,0.0,8.683550257350795e-07,0,0.0
51914,2025-12-03 01:00:00,54.81352378274829,22.96,89.76,0.0,0.0,initial,0.0,5.26260892701363e-07,0,0.0
51915,2025-12-03 02:00:00,53.76399487941821,22.93,90.69,0.0,0.0,initial,0.0,4.0412327468614953e-07,0,0.0
51916,2025-12-03 03:00:00,55.42687020047681,22.89,91.49,0.0,0.0,initial,0.0,2.1736785859727465e-08,0,0.0
51917,2025-12-03 04:00:00,54.18902363115768,22.65,93.32,0.0,0.0,initial,0.0,9.332149196398006e-09,0,0.0
51918,2025-12-03 05:00:00,55.09297461289231,22.87,92.53,0.15,0.01,initial,0.0,2.2398324452472763e-09,0,0.0
51919,2025-12-03 06:00:00,54.467843454507296,24.93,80.66,0.57,0.01,initial,0.0,3.1844266312835104e-08,0,0.0
51920,2025-12-03 07:00:00,55.96128635369915,27.44,66.87,1.31,0.01,initial,0.0,2.5732139947499074e-07,0,0.0
51921,2025-12-03 08:00:00,55.18053383168915,29.85,56.63,1.8,0.02,initial,0.0,2.1300397923642594e-05,0,0.0
51922,2025-12-03 09:00:00,55.14691468748595,31.96,49.46,2.3,0.02,initial,0.0,0.00026287348646341925,0,0.0
51923,2025-12-03 10:00:00,54.04777314854751,33.72,43.36,2.72,0.02,initial,0.0,0.017459592815650946,0,0.0
51924,2025-12-03 11:00:00,51.82901860265078,34.93,39.27,2.78,0.03,initial,4.61382419707742,0.8704161399787969,1,4.489157036906808
51925,2025-12-03 12:00:00,58.36826487097546,35.67,36.9,2.7,0.02,initial,0.0,1.5710562460400338e-05,0,0.0
51926,2025-12-03 13:00:00,57.08549796323935,35.89,36.15,2.23,0.02,initial,0.0,0.000345426666376153,0,0.0
51927,2025-12-03 14:00:00,57.49072658345889,35.67,36.51,1.79,0.02,initial,0.0,0.0001227927750364198,0,0.0
51928,2025-12-03 15:00:00,56.70462099330476,34.67,38.97,1.25,0.01,initial,0.0,0.0001282876370899929,0,0.0
51929,2025-12-03 16:00:00,56.235361441735776,33.21,43.24,0.66,0.01,initial,0.0,2.3107789591767404e-05,0,0.0
51930,2025-12-03 17:00:00,55.385026814587285,31.32,49.7,0.1,0.0,initial,0.0,4.00145616616322e-06,0,0.0
51931,2025-12-03 18:00:00,56.33708336056091,29.31,57.98,0.0,0.0,initial,0.0,1.3033398966411154e-06,0,0.0
51932,2025-12-03 19:00:00,55.742791218732826,27.82,65.09,0.0,0.0,initial,0.0,2.5941981144363548e-06,0,0.0
51933,2025-12-03 20:00:00,55.66226678029204,26.57,71.12,0.0,0.0,initial,0.0,3.2042157308059225e-06,0,0.0
51934,2025-12-03 21:00:00,56.1794018138697,25.64,75.55,0.0,0.0,initial,0.0,2.1393091936775694e-06,0,0.0
51935,2025-12-03 22:00:00,55.9859953093698,25.01,78.87,0.0,0.0,initial,0.0,1.823061644303957e-06,0,0.0
51936,2025-12-03 23:00:00,54.919847424824624,24.53,81.93,0.0,0.01,initial,0.0,2.090141044980664e-06,0,0.0
51937,2025-12-04 00:00:00,55.45562169652264,24.15,85.37,0.0,0.02,initial,0.0,1.618505573045242e-06,0,0.0
51938,2025-12-04 01:00:00,56.54937908720794,23.96,88.1,0.0,0.03,initial,0.0,7.045978791211359e-07,0,0.0
51939,2025-12-04 02:00:00,56.110107028857,23.98,89.51,0.0,0.02,initial,0.0,1.8335931159757186e-07,0,0.0
51940,2025-12-04 03:00:00,54.6067549593816,23.98,90.3,0.0,0.01,initial,0.0,6.712660211904893e-08,0,0.0
51941,2025-12-04 04:00:00,56.73233241178963,23.96,90.8,0.0,0.01,initial,0.0,2.6287778906891093e-09,0,0.0
51942,2025-12-04 05:00:00,56.146239822966855,24.14,89.86,0.19,0.01,initial,0.0,2.0789205638138516e-09,0,0.0
51943,2025-12-04 06:00:00,55.34890376434184,25.63,80.55,0.79,0.01,initial,0.0,2.6740762645940292e-08,0,0.0
51944,2025-12-04 07:00:00,55.44503284954292,27.83,67.04,1.41,0.01,initial,0.0,6.858581784581983e-07,0,0.0
51945,2025-12-04 08:00:00,55.666823610614856,30.24,54.86,1.7,0.0,initial,0.0,1.036939391030365e-05,0,0.0
51946,2025-12-04 09:00:00,53.21267338817336,32.52,45.82,2.31,0.06,initial,0.0,0.012377300117967177,0,0.0
51947,2025-12-04 10:00:00,54.69431768134351,34.43,39.45,2.4,0.12,initial,0.0,0.002766875377555524,0,0.0
51948,2025-12-04 11:00:00,54.46159997468676,35.87,35.0,2.68,0.14,initial,0.0,0.02645402207675128,0,0.0
51949,2025-12-04 12:00:00,53.61861279225244,36.75,32.34,2.92,0.1,initial,4.264095012536814,0.32499951047226955,0,0.0
51950,2025-12-04 13:00:00,60.17568839735959,37.09,31.11,2.67,0.08,initial,0.0,7.144620829182039e-07,0,0.0
51951,2025-12-04 14:00:00,57.94416742753232,36.9,31.13,2.28,0.07,initial,0.0,0.00011329186025513347,0,0.0
51952,2025-12-04 15:00:00,58.81522566478219,36.13,32.48,1.48,0.04,initial,0.0,1.0918656619236584e-05,0,0.0
51953,2025-12-04 16:00:00,57.78537125949585,34.67,35.98,0.79,0.02,initial,0.0,5.883315289088923e-06,0,0.0
51954,2025-12-04 17:00:00,56.70615874083301,32.38,43.9,0.11,0.03,initial,0.0,1.1068319109141515e-06,0,0.0
51955,2025-12-04 18:00:00,57.785338370383805,29.89,54.25,0.0,0.03,initial,0.0,4.3289089465521103e-07,0,0.0
51956,2025-12-04 19:00:00,57.798531545271565,28.2,62.55,0.0,0.03,initial,0.0,7.491439428490064e-07,0,0.0
51957,2025-12-04 20:00:00,58.70680884152254,26.7,71.68,0.0,0.02,initial,0.0,9.726356708917089e-07,0,0.0
51958,2025-12-04 21:00:00,58.4696392274959,25.67,78.53,0.0,0.03,initial,0.0,1.2631135294979108e-06,0,0.0
51959,2025-12-04 22:00:00,56.97193938832298,25.06,82.87,0.0,0.01,initial,0.0,1.779072846326155e-06,0,0.0
51960,2025-12-04 23:00:00,57.8094378506461,24.72,84.99,0.0,0.01,initial,0.0,1.2378379480480709e-06,0,0.0
51961,2025-12-05 00:00:00,57.81336764072955,24.47,86.38,0.0,0.01,development,0.0,6.100989070437751e-09,0,0.0
51962,2025-12-05 01:00:00,57.78794420859085,24.27,87.56,0.0,0.03,development,0.0,2.311076103009337e-09,0,0.0
51963,2025-12-05 02:00:00,57.40552588844481,24.1,88.93,0.0,0.05,development,0.0,8.281295602119487e-10,0,0.0
51964,2025-12-05 03:00:00,59.12814641606441,23.93,90.51,0.0,0.06,development,0.0,3.512934981531803e-11,0,0.0
51965,2025-12-05 04:00:00,57.31340874362104,23.78,92.08,0.0,0.07,development,0.0,3.210505983595473e-11,0,0.0
51966,2025-12-05 05:00:00,59.23250918590048,23.89,92.3,0.15,0.07,development,0.0,1.9227141531323904e-12,0,0.0
51967,2025-12-05 06:00:00,56.89705536226389,24.7,88.71,0.71,0.11,development,0.0,4.808280609323087e-11,0,0.0
51968,2025-12-05 07:00:00,57.71947524094994,26.4,78.05,1.34,0.2,development,0.0,2.41513124188303e-10,0,0.0
51969,2025-12-05 08:00:00,58.51706362977552,28.77,64.27,1.82,0.31,development,0.0,1.628895816974981e-09,0,0.0
51970,2025-12-05 09:00:00,56.37155285752191,31.02,53.81,2.09,0.02,development,0.0,6.892581968899933e-07,0,0.0
51971,2025-12-05 10:00:00,55.78568059345847,32.73,47.42,2.35,0.03,development,0.0,8.883775565469481e-06,0,0.0
51972,2025-12-05 11:00:00,55.88527093820931,33.82,43.35,2.5,0.05,development,0.0,1.4304566708630934e-05,0,0.0
51973,2025-12-05 12:00:00,53.12368769032585,34.39,41.2,2.4,0.05,development,0.0,0.00886343321396193,0,0.0
51974,2025-12-05 13:00:00,54.46134336622728,34.33,40.95,1.91,0.04,development,0.0,0.0003158689739220338,0,0.0
51975,2025-12-05 14:00:00,53.920227897024624,33.45,43.14,1.45,0.03,development,0.0,0.0003301919858895459,0,0.0
51976,2025-12-05 15:00:00,53.2754730915849,31.91,47.95,0.94,0.03,development,0.0,0.00010093953766314895,0,0.0
51977,2025-12-05 16:00:00,51.84951017875533,30.31,54.16,0.5,0.03,development,0.0,2.9267779167688367e-05,0,0.0
51978,2025-12-05 17:00:00,51.00956046672994,28.7,61.48,0.07,0.02,development,0.0,3.2732012947478764e-06,0,0.0
51979,2025-12-05 18:00:00,51.08685114775925,27.35,68.45,0.0,0.02,development,0.0,1.2079060220795348e-06,0,0.0
51980,2025-12-05 19:00:00,51.61918052335021,26.54,72.88,0.0,0.01,development,0.0,6.117764459734552e-07,0,0.0
51981,2025-12-05 20:00:00,51.505464155727225,26.11,75.06,0.0,0.01,development,0.0,5.092217801200378e-07,0,0.0
51982,2025-12-05 21:00:00,51.09761977541636,25.85,76.34,0.0,0.0,development,0.0,6.260330120823315e-07,0,0.0
51983,2025-12-05 22:00:00,52.6689598541826,25.6,77.62,0.0,0.0,development,0.0,2.970205150662453e-07,0,0.0
51984,2025-12-05 23:00:00,51.20484951173432,25.38,78.8,0.0,0.0,development,0.0,3.5299299332082505e-07,0,0.0
51985,2025-12-06 00:00:00,52.551622751779895,25.16,79.99,0.0,0.0,development,0.0,1.0553001510138849e-07,0,0.0
51986,2025-12-06 01:00:00,51.48173585306829,24.95,81.01,0.0,0.0,development,0.0,6.767883546301479e-08,0,0.0
51987,2025-12-06 02:00:00,51.4321147907468,24.72,82.22,0.0,0.0,development,0.0,3.053685646751062e-08,0,0.0
51988,2025-12-06 03:00:00,51.816231890031695,24.57,82.88,0.0,0.0,development,0.0,1.3459973263692607e-08,0,0.0
51989,2025-12-06 04:00:00,51.80584510783896,24.35,84.16,0.0,0.0,development,0.0,3.865319711762542e-09,0,0.0
51990,2025-12-06 05:00:00,51.29864952461693,24.4,83.86,0.13,0.01,development,0.0,4.724613303071284e-09,0,0.0
51991,2025-12-06 06:00:00,51.86604391238483,25.09,79.75,0.66,0.0,development,0.0,3.070448656268556e-08,0,0.0
51992,2025-12-06 07:00:00,51.71052373970207,26.01,73.36,1.26,0.01,development,0.0,6.50275940652468e-07,0,0.0
51993,2025-12-06 08:00:00,51.98108326433519,27.19,66.18,2.0,0.01,development,0.0,2.6190922997634616e-05,0,0.0
51994,2025-12-06 09:00:00,49.98796002170079,28.76,58.48,2.34,0.0,development,0.0,0.04089720873815466,0,0.0
51995,2025-12-06 10:00:00,48.41512235463216,30.53,50.85,2.68,0.0,development,4.784133892626162,0.9540882950830218,1,4.56520353234317
51996,2025-12-06 11:00:00,55.47733442787688,32.49,43.97,2.71,0.0,development,0.0,3.243056941991111e-05,0,0.0
51997,2025-12-06 12:00:00,56.88480744980682,33.51,40.44,2.7,0.0,development,0.0,3.60447478377226e-06,0,0.0
51998,2025-12-06 13:00:00,52.49274401489382,33.31,39.94,2.2,0.0,development,0.0,0.019187066807771734,0,0.0
51999,2025-12-06 14:00:00,52.15350659589676,32.25,41.83,1.63,0.0,development,0.0,0.0089955277038528,0,0.0
52000,2025-12-06 15:00:00,52.3986305586664,30.91,45.53,1.01,0.0,development,0.0,0.00042732448249791085,0,0.0
52001,2025-12-06 16:00:00,51.37126519565576,29.56,50.29,0.48,0.0,development,0.0,3.141062724152818e-05,0,0.0
52002,2025-12-06 17:00:00,52.25214466426823,28.11,56.35,0.07,0.0,development,0.0,9.134674116319303e-07,0,0.0
52003,2025-12-06 18:00:00,52.182185373114585,26.74,63.08,0.0,0.0,development,0.0,3.936327149632559e-07,0,0.0
52004,2025-12-06 19:00:00,51.16933567289857,25.89,68.06,0.0,0.0,development,0.0,5.94884269899291e-07,0,0.0
52005,2025-12-06 20:00:00,52.80005032667135,25.26,72.05,0.0,0.0,development,0.0,1.7932495092979583e-07,0,0.0
52006,2025-12-06 21:00:00,50.71439309938032,24.76,75.4,0.0,0.0,development,0.0,4.909264772827255e-07,0,0.0
52007,2025-12-06 22:00:00,51.00725562034682,24.34,78.39,0.0,0.0,development,0.0,3.024424392324777e-07,0,0.0
52008,2025-12-06 23:00:00,52.85501756659369,23.94,81.16,0.0,0.0,development,0.0,9.058296324483132e-08,0,0.0
52009,2025-12-07 00:00:00,50.55271996526877,23.49,84.23,0.0,0.0,development,0.0,6.141790001001951e-08,0,0.0
52010,2025-12-07 01:00:00,51.874555087768734,23.07,87.05,0.0,0.0,development,0.0,1.3594024302194959e-08,0,0.0
52011,2025-12-07 02:00:00,52.8516545181144,22.71,89.21,0.0,0.0,development,0.0,3.6046575405554928e-09,0,0.0
52012,2025-12-07 03:00:00,49.51765948839535,22.5,90.54,0.0,0.0,development,0.0,6.894145572101191e-09,0,0.0
52013,2025-12-07 04:00:00,51.32690718028599,22.36,91.52,0.0,0.0,development,0.0,1.1944568076076358e-09,0,0.0
52014,2025-12-07 05:00:00,52.35511412343738,22.71,89.79,0.16,0.0,development,0.0,5.69550060711318e-10,0,0.0
52015,2025-12-07 06:00:00,51.38101719348611,24.86,76.98,0.81,0.0,development,0.0,8.518702078007213e-08,0,0.0
52016,2025-12-07 07:00:00,51.36343286366722,27.29,62.4,1.58,0.0,development,0.0,1.0727871108979203e-05,0,0.0
52017,2025-12-07 08:00:00,50.9234277151416,29.39,52.89,2.27,0.0,development,0.0,0.0019893092221565743,0,0.0
52018,2025-12-07 09:00:00,50.255298317881206,31.33,45.59,2.66,0.0,development,0.0,0.1790824285694231,0,0.0
52019,2025-12-07 10:00:00,48.4199378309751,33.1,39.64,2.92,0.0,development,4.946929709881186,0.9698678948775703,1,4.895034475621739
52020,2025-12-07 11:00:00,56.87354475824648,34.49,35.14,3.09,0.0,development,0.0,2.8833906425338924e-06,0,0.0
52021,2025-12-07 12:00:00,55.3785891513418,35.36,32.29,2.81,0.0,development,0.0,0.00012104568142139524,0,0.0
52022,2025-12-07 13:00:00,53.20875593325506,35.63,31.24,2.8,0.0,development,0.0,0.012157806628861548,0,0.0
52023,2025-12-07 14:00:00,52.81262462394723,35.21,32.06,1.97,0.0,development,0.0,0.006833217497844922,0,0.0
52024,2025-12-07 15:00:00,51.28673015679361,34.14,34.45,1.45,0.0,development,0.0,0.007942370666381206,0,0.0
52025,2025-12-07 16:00:00,52.045343667189805,32.42,39.08,0.69,0.0,development,0.0,7.87649347390606e-05,0,0.0
52026,2025-12-07 17:00:00,51.98572177790906,30.02,47.29,0.1,0.0,development,0.0,1.7360752636608296e-06,0,0.0
52027,2025-12-07 18:00:00,51.76292185834765,27.74,57.15,0.0,0.0,development,0.0,5.80984072081455e-07,0,0.0
52028,2025-12-07 19:00:00,52.03306252181044,26.4,63.99,0.0,0.0,development,0.0,4.6444891641795156e-07,0,0.0
52029,2025-12-07 20:00:00,51.69998084997392,25.63,67.82,0.0,0.0,development,0.0,4.28834428173234e-07,0,0.0
52030,2025-12-07 21:00:00,52.20289219598405,25.1,70.61,0.0,0.0,development,0.0,2.78017958591556e-07,0,0.0
52031,2025-12-07 22:00:00,51.490876905977935,24.63,73.28,0.0,0.0,development,0.0,3.0601223629593064e-07,0,0.0
52032,2025-12-07 23:00:00,52.15464362065092,24.12,76.26,0.0,0.0,development,0.0,1.3335516268453886e-07,0,0.0
52033,2025-12-08 00:00:00,50.564501639145135,23.41,80.48,0.0,0.0,development,0.0,7.362447653598218e-08,0,0.0
52034,2025-12-08 01:00:00,50.47539801869173,22.76,84.52,0.0,0.0,development,0.0,2.4484382656046707e-08,0,0.0
52035,2025-12-08 02:00:00,51.66249237006022,22.28,87.54,0.0,0.0,development,0.0,4.981424377173764e-09,0,0.0
52036,2025-12-08 03:00:00,52.14077058148957,21.87,90.25,0.0,0.0,development,0.0,1.7671784975931185e-09,0,0.0
52037,2025-12-08 04:00:00,51.37178616211622,21.55,92.36,0.0,0.0,development,0.0,7.372091189237314e-10,0,0.0
52038,2025-12-08 05:00:00,52.10368929936882,21.92,90.95,0.16,0.0,development,0.0,4.1781412171296323e-10,0,0.0
52039,2025-12-08 06:00:00,51.84110219669744,24.56,75.55,0.75,0.0,development,0.0,4.117284685439172e-08,0,0.0
52040,2025-12-08 07:00:00,49.68234933180584,27.04,61.28,1.42,0.0,development,0.0,6.088748195168442e-05,0,0.0
52041,2025-12-08 08:00:00,52.655090559754974,29.11,51.97,2.15,0.0,development,0.0,8.23225987624023e-05,0,0.0
52042,2025-12-08 09:00:00,49.04694073433792,31.02,44.7,2.62,0.0,development,0.0,0.665573065486234,1,4.5543351448457186
52043,2025-12-08 10:00:00,48.38871276178454,32.52,39.58,2.77,0.0,development,4.787082153831246,0.9656083496618321,1,4.934593411093862
52044,2025-12-08 11:00:00,57.02833731350597,33.5,36.41,3.1,0.0,development,0.0,1.7250577675720964e-06,0,0.0
52045,2025-12-08 12:00:00,55.07441428499566,33.82,35.31,2.85,0.0,development,0.0,0.00021827439358821821,0,0.0
52046,2025-12-08 13:00:00,53.43008553373392,33.69,35.51,2.48,0.0,development,0.0,0.004566096019417208,0,0.0
52047,2025-12-08 14:00:00,52.75926348166405,33.03,37.3,1.98,0.0,development,0.0,0.006327616418512921,0,0.0
52048,2025-12-08 15:00:00,51.68808124352083,31.88,40.69,1.37,0.0,development,0.0,0.0029271785711865264,0,0.0
52049,2025-12-08 16:00:00,51.22716829653148,30.34,45.75,0.73,0.0,development,0.0,9.687508301650781e-05,0,0.0
52050,2025-12-08 17:00:00,52.227069726638334,28.54,52.73,0.13,0.0,development,0.0,1.0642139145760728e-06,0,0.0
52051,2025-12-08 18:00:00,51.19713099233346,26.89,60.47,0.0,0.0,development,0.0,7.146814402104879e-07,0,0.0
52052,2025-12-08 19:00:00,50.74087818800531,25.92,66.3,0.0,0.0,development,0.0,7.722892397075088e-07,0,0.0
52053,2025-12-08 20:00:00,50.987621143344285,25.16,71.73,0.0,0.0,development,0.0,4.466500052175159e-07,0,0.0
52054,2025-12-08 21:00:00,51.47135341711248,24.45,77.19,0.0,0.0,development,0.0,2.955158148130226e-07,0,0.0
52055,2025-12-08 22:00:00,50.996360374052855,23.77,82.34,0.0,0.0,development,0.0,2.4034074562146966e-07,0,0.0
52056,2025-12-08 23:00:00,51.34923901255393,23.06,87.29,0.0,0.0,development,0.0,6.898813415444902e-08,0,0.0
52057,2025-12-09 00:00:00,51.874124589353386,22.47,91.45,0.0,0.0,development,0.0,1.9805469708050678e-08,0,0.0
52058,2025-12-09 01:00:00,51.21097436855155,21.98,94.83,0.0,0.0,development,0.0,7.276427930984597e-09,0,0.0
52059,2025-12-09 02:00:00,50.920351540707166,21.77,96.45,0.0,0.01,development,0.0,3.040357857478018e-09,0,0.0
52060,2025-12-09 03:00:00,51.06318205602626,21.73,96.56,0.0,0.01,development,0.0,1.6679420809797447e-09,0,0.0
52061,2025-12-09 04:00:00,52.74683810300117,21.68,96.39,0.0,0.01,development,0.0,2.6457224449940086e-10,0,0.0
52062,2025-12-09 05:00:00,53.38558384550324,22.16,93.3,0.19,0.01,development,0.0,1.8934502689864106e-10,0,0.0
52063,2025-12-09 06:00:00,51.695019753592206,24.26,79.28,0.85,0.01,development,0.0,4.115980621995281e-08,0,0.0
52064,2025-12-09 07:00:00,51.96012196698432,26.66,64.35,1.57,0.0,development,0.0,2.9022659701028414e-06,0,0.0
52065,2025-12-09 08:00:00,50.091376253620375,28.96,53.11,2.19,0.0,development,0.0,0.005857894728207182,0,0.0
52066,2025-12-09 09:00:00,49.61186341993636,31.01,44.64,2.76,0.0,development,0.0,0.43549325450495596,0,0.0
52067,2025-12-09 10:00:00,49.51399888392159,32.74,38.48,3.0,0.0,development,4.855408667654185,0.8785187048513345,1,4.725860266126963
52068,2025-12-09 11:00:00,54.318249778180025,34.0,34.43,3.29,0.0,development,0.0,0.0008191264925819809,0,0.0
52069,2025-12-09 12:00:00,55.75343928016374,34.71,32.2,3.14,0.0,development,0.0,7.100008521328e-05,0,0.0
52070,2025-12-09 13:00:00,53.64645172477876,34.83,31.59,2.86,0.0,development,0.0,0.005237959194740426,0,0.0
52071,2025-12-09 14:00:00,52.3058581226546,34.34,32.64,2.25,0.0,development,0.0,0.01742797532097275,0,0.0
52072,2025-12-09 15:00:00,52.719393922576735,33.19,35.41,1.48,0.0,development,0.0,0.0015009172097130241,0,0.0
52073,2025-12-09 16:00:00,53.02589656524872,31.4,40.42,0.75,0.0,development,0.0,2.7832580309938063e-05,0,0.0
52074,2025-12-09 17:00:00,51.34361000052545,29.08,48.09,0.13,0.0,development,0.0,2.1246830154269157e-06,0,0.0
52075,2025-12-09 18:00:00,51.82773359753682,26.89,57.04,0.0,0.0,development,0.0,4.282268413737603e-07,0,0.0
52076,2025-12-09 19:00:00,51.95696784931763,25.63,63.32,0.0,0.0,development,0.0,3.6367455868251786e-07,0,0.0
52077,2025-12-09 20:00:00,51.78602526976736,24.82,67.64,0.0,0.0,development,0.0,2.728429005191209e-07,0,0.0
52078,2025-12-09 21:00:00,50.79666651446051,24.23,71.24,0.0,0.0,development,0.0,3.8629324037767246e-07,0,0.0
52079,2025-12-09 22:00:00,51.77283891311316,23.71,74.74,0.0,0.0,development,0.0,1.580962212940006e-07,0,0.0
52080,2025-12-09 23:00:00,51.74135391668188,23.23,78.11,0.0,0.0,development,0.0,9.411201059626867e-08,0,0.0
52081,2025-12-10 00:00:00,49.41026463564006,22.86,80.91,0.0,0.0,development,0.0,6.90266593969536e-08,0,0.0
52082,2025-12-10 01:00:00,52.280080736250405,22.45,83.68,0.0,0.0,development,0.0,1.1463932364097768e-08,0,0.0
52083,2025-12-10 02:00:00,50.391096729671766,22.07,86.53,0.0,0.0,development,0.0,9.000187584671655e-09,0,0.0
52084,2025-12-10 03:00:00,51.69661777616586,21.71,89.19,0.0,0.0,development,0.0,2.1755437815965173e-09,0,0.0
52085,2025-12-10 04:00:00,52.80822963854417,21.45,91.33,0.0,0.0,development,0.0,2.8241956708085976e-10,0,0.0
52086,2025-12-10 05:00:00,51.39896644333138,21.91,89.69,0.19,0.0,development,0.0,7.944517838943933e-10,0,0.0
52087,2025-12-10 06:00:00,50.75713219534476,24.42,75.66,0.95,0.0,development,0.0,2.0132300442962228e-07,0,0.0
52088,2025-12-10 07:00:00,51.756696545859775,26.94,62.11,1.82,0.0,development,0.0,9.947949829296373e-06,0,0.0
52089,2025-12-10 08:00:00,51.88100220949052,29.35,51.79,2.47,0.0,development,0.0,0.0005579853891777222,0,0.0
52090,2025-12-10 09:00:00,49.09493537599688,31.7,43.78,2.98,0.0,development,0.0,0.7416985793232903,1,4.611236010894945
52091,2025-12-10 10:00:00,47.14168582122583,33.72,38.21,2.84,0.0,development,5.011161751188567,0.9829787277456846,1,5.1033436398687995
52092,2025-12-10 11:00:00,57.265142597918825,35.22,34.46,2.98,0.0,development,0.0,1.3378010131274764e-06,0,0.0
52093,2025-12-10 12:00:00,55.902566709229056,36.14,32.22,3.07,0.0,development,0.0,4.97322799836511e-05,0,0.0
52094,2025-12-10 13:00:00,54.46481925784023,36.41,31.4,2.61,0.0,development,0.0,0.0008769476177300936,0,0.0
52095,2025-12-10 14:00:00,51.76461170640011,36.05,31.84,2.15,0.0,development,0.0,0.043032342589716555,0,0.0
52096,2025-12-10 15:00:00,52.90494407135351,35.06,33.86,1.6,0.0,development,0.0,0.0013034346391004824,0,0.0
52097,2025-12-10 16:00:00,52.7037549107298,33.49,38.15,0.82,0.0,development,0.0,8.198893072228803e-05,0,0.0
52098,2025-12-10 17:00:00,53.31738292189277,31.25,45.84,0.15,0.0,development,0.0,9.972303567404071e-07,0,0.0
52099,2025-12-10 18:00:00,51.36710595846319,28.88,56.12,0.0,0.0,development,0.0,1.0998405731291907e-06,0,0.0
52100,2025-12-10 19:00:00,51.719505859320414,27.05,65.7,0.0,0.0,development,0.0,7.030780910657613e-07,0,0.0
52101,2025-12-10 20:00:00,49.870131717991136,25.79,73.28,0.0,0.0,development,0.0,1.0114902664560834e-06,0,0.0
52102,2025-12-10 21:00:00,52.36694927605507,24.98,78.56,0.0,0.0,development,0.0,2.431178331896272e-07,0,0.0
52103,2025-12-10 22:00:00,52.34762942472339,24.41,82.34,0.0,0.0,development,0.0,2.0226773387473583e-07,0,0.0
52104,2025-12-10 23:00:00,51.915343347174485,23.99,85.13,0.0,0.0,development,0.0,1.1201198746920938e-07,0,0.0
52105,2025-12-11 00:00:00,52.54236689309518,23.69,86.94,0.0,0.0,development,0.0,3.720219967413462e-08,0,0.0
52106,2025-12-11 01:00:00,50.96684466391681,23.57,87.31,0.0,0.0,development,0.0,2.5149181031312337e-08,0,0.0
52107,2025-12-11 02:00:00,51.41775464462389,23.43,87.82,0.0,0.0,development,0.0,9.312971761818633e-09,0,0.0
52108,2025-12-11 03:00:00,51.449000931899846,23.23,88.73,0.0,0.0,development,0.0,5.099792779420073e-09,0,0.0
52109,2025-12-11 04:00:00,52.4716336413648,23.07,89.34,0.0,0.0,development,0.0,9.505193616162619e-10,0,0.0
52110,2025-12-11 05:00:00,52.48958654344029,23.28,87.94,0.16,0.0,development,0.0,7.784626849469805e-10,0,0.0
52111,2025-12-11 06:00:00,51.84642953142255,25.07,76.62,0.78,0.0,development,0.0,5.608895309084645e-08,0,0.0
52112,2025-12-11 07:00:00,51.51187351927632,27.44,63.33,1.57,0.0,development,0.0,8.37714953788848e-06,0,0.0
52113,2025-12-11 08:00:00,51.17504524432033,29.98,52.32,2.4,0.0,development,0.0,0.002076873544747163,0,0.0
52114,2025-12-11 09:00:00,49.66561235974228,32.48,43.98,2.43,0.0,development,0.0,0.39710493874023955,0,0.0
52115,2025-12-11 10:00:00,50.04499392303549,34.7,37.59,2.87,0.0,development,5.151644770117112,0.7471339123905406,1,4.716211741192542
52116,2025-12-11 11:00:00,56.08803817060675,36.36,33.02,2.9,0.0,development,0.0,1.986280816961876e-05,0,0.0
52117,2025-12-11 12:00:00,55.66257222733978,37.34,30.43,2.5,0.0,development,0.0,5.320990490532264e-05,0,0.0
52118,2025-12-11 13:00:00,53.74978419473084,37.67,29.34,2.53,0.0,development,0.0,0.003622013286329849,0,0.0
52119,2025-12-11 14:00:00,54.0050945518416,37.43,29.38,2.17,0.0,development,0.0,0.0012374833111681363,0,0.0
52120,2025-12-11 15:00:00,52.36846045647927,36.69,30.45,1.52,0.0,development,0.0,0.002189765788788193,0,0.0
52121,2025-12-11 16:00:00,53.53606362735591,35.23,33.33,0.78,0.0,development,0.0,3.04901485862936e-05,0,0.0
52122,2025-12-11 17:00:00,51.48901302832517,32.98,39.37,0.14,0.0,development,0.0,6.9339092209270824e-06,0,0.0
52123,2025-12-11 18:00:00,52.34007131825504,30.46,48.36,0.0,0.0,development,0.0,6.551748872129828e-07,0,0.0
52124,2025-12-11 19:00:00,51.085781899043845,28.47,57.74,0.0,0.0,development,0.0,1.2056733634966321e-06,0,0.0
52125,2025-12-11 20:00:00,51.34438638262141,26.83,66.55,0.0,0.0,development,0.0,9.035616385990025e-07,0,0.0
52126,2025-12-11 21:00:00,51.556538917534205,25.81,72.55,0.0,0.0,development,0.0,4.979032632556955e-07,0,0.0
52127,2025-12-11 22:00:00,51.87128108712884,25.14,77.02,0.0,0.0,development,0.0,3.543043047242326e-07,0,0.0
52128,2025-12-11 23:00:00,50.99297357752464,24.65,80.43,0.0,0.0,development,0.0,2.4779588388183724e-07,0,0.0
52129,2025-12-12 00:00:00,51.13353931875276,24.23,83.38,0.0,0.0,development,0.0,8.449303862890476e-08,0,0.0
52130,2025-12-12 01:00:00,51.6616020721052,23.88,85.76,0.0,0.0,development,0.0,2.4059421008799953e-08,0,0.0
52131,2025-12-12 02:00:00,51.909135420091765,23.63,87.44,0.0,0.0,development,0.0,8.670889516284044e-09,0,0.0
52132,2025-12-12 03:00:00,51.56113604779336,23.47,88.3,0.0,0.0,development,0.0,5.671558898877941e-09,0,0.0
52133,2025-12-12 04:00:00,51.44664077756919,23.45,87.96,0.0,0.0,development,0.0,2.3680099480375226e-09,0,0.0
52134,2025-12-12 05:00:00,50.52827753782584,23.59,86.98,0.18,0.0,development,0.0,5.584012623010671e-09,0,0.0
52135,2025-12-12 06:00:00,51.990490288534055,25.28,76.65,0.89,0.0,development,0.0,6.893443182739898e-08,0,0.0
52136,2025-12-12 07:00:00,51.96832049971987,27.57,64.18,1.76,0.0,development,0.0,6.31868258137795e-06,0,0.0
52137,2025-12-12 08:00:00,51.49087271248138,30.06,53.34,2.55,0.0,development,0.0,0.0014928920160467362,0,0.0
52138,2025-12-12 09:00:00,50.032933687706645,32.5,44.83,3.24,0.0,development,0.0,0.367210074675646,0,0.0
52139,2025-12-12 10:00:00,48.43923071871613,34.6,38.71,3.33,0.0,development,5.214205167611432,0.9768900539161617,1,4.865770061448053
52140,2025-12-12 11:00:00,56.24957274453229,36.14,34.6,3.32,0.0,development,0.0,1.5145635181745652e-05,0,0.0
52141,2025-12-12 12:00:00,55.48620938159954,37.01,32.33,3.44,0.0,development,0.0,0.00014863204015079073,0,0.0
52142,2025-12-12 13:00:00,54.24253124593761,37.24,31.55,2.86,0.0,development,0.0,0.0018637308005177008,0,0.0
52143,2025-12-12 14:00:00,52.590467530907006,36.81,32.32,2.44,0.0,development,0.0,0.016293252797483886,0,0.0
52144,2025-12-12 15:00:00,51.11164274795526,35.79,34.43,1.7,0.0,development,0.0,0.013249414446036226,0,0.0
52145,2025-12-12 16:00:00,51.44092002496568,34.09,38.59,0.86,0.0,development,0.0,0.0003851467685371039,0,0.0
52146,2025-12-12 17:00:00,51.3677422546541,31.75,45.56,0.14,0.0,development,0.0,6.668946116685579e-06,0,0.0
52147,2025-12-12 18:00:00,51.836580692010266,29.33,54.85,0.0,0.0,development,0.0,8.808031740161567e-07,0,0.0
52148,2025-12-12 19:00:00,51.26151243542614,27.57,63.34,0.0,0.0,development,0.0,1.0246991692305716e-06,0,0.0
52149,2025-12-12 20:00:00,51.38805919970215,26.29,70.23,0.0,0.0,development,0.0,6.699881973033341e-07,0,0.0
52150,2025-12-12 21:00:00,51.67855208454964,25.38,75.6,0.0,0.0,development,0.0,3.9645326526477664e-07,0,0.0
52151,2025-12-12 22:00:00,52.84259062639545,24.65,80.4,0.0,0.0,development,0.0,1.9277711260571926e-07,0,0.0
52152,2025-12-12 23:00:00,51.45616447122951,24.03,84.68,0.0,0.0,development,0.0,1.3290224278019957e-07,0,0.0
52153,2025-12-13 00:00:00,50.35031890088949,23.48,88.35,0.0,0.0,development,0.0,5.0763848182118544e-08,0,0.0
52154,2025-12-13 01:00:00,51.04164331122572,23.27,89.73,0.0,0.0,development,0.0,1.781094751130264e-08,0,0.0
52155,2025-12-13 02:00:00,53.03565268370093,23.14,90.37,0.0,0.0,development,0.0,3.814380430568973e-09,0,0.0
52156,2025-12-13 03:00:00,52.7365607611813,23.0,90.68,0.0,0.0,development,0.0,2.2415597754200326e-09,0,0.0
52157,2025-12-13 04:00:00,52.34094104966154,22.77,91.33,0.0,0.0,development,0.0,7.90285260891647e-10,0,0.0
52158,2025-12-13 05:00:00,52.15047846491171,22.89,90.28,0.15,0.0,development,0.0,7.099667414632447e-10,0,0.0
52159,2025-12-13 06:00:00,52.15962854535684,25.01,77.22,0.85,0.0,development,0.0,4.32225497975439e-08,0,0.0
52160,2025-12-13 07:00:00,51.10682809209099,27.43,63.42,1.62,0.0,development,0.0,1.661800829096659e-05,0,0.0
52161,2025-12-13 08:00:00,51.429176509979904,29.86,52.37,2.33,0.0,development,0.0,0.0011453491007648031,0,0.0
52162,2025-12-13 09:00:00,50.66458171661249,32.14,43.55,2.98,0.0,development,0.0,0.12943130546148934,0,0.0
52163,2025-12-13 10:00:00,49.64062233838551,33.99,37.28,3.26,0.0,development,5.129395725881757,0.8794267369923722,1,4.799577219958068
52164,2025-12-13 11:00:00,55.94815474729923,35.31,33.26,2.94,0.0,development,0.0,2.4705983502040938e-05,0,0.0
52165,2025-12-13 12:00:00,55.0419621355223,36.08,30.87,3.1,0.0,development,0.0,0.0003374046809999415,0,0.0
52166,2025-12-13 13:00:00,53.70133753019056,36.33,29.82,2.64,0.0,development,0.0,0.004089574535060773,0,0.0
52167,2025-12-13 14:00:00,54.03773577114581,35.95,30.37,2.14,0.0,development,0.0,0.001104572846070042,0,0.0
52168,2025-12-13 15:00:00,52.686963291189294,34.97,32.44,1.56,0.0,development,0.0,0.0017983197722316456,0,0.0
52169,2025-12-13 16:00:00,52.19550619276081,33.34,36.54,0.8,0.0,development,0.0,0.00012426201719630908,0,0.0
52170,2025-12-13 17:00:00,52.05098748203792,31.07,43.53,0.14,0.0,development,0.0,2.672428973215903e-06,0,0.0
52171,2025-12-13 18:00:00,50.46091711025654,28.73,53.0,0.0,0.0,development,0.0,1.7606814924958109e-06,0,0.0
52172,2025-12-13 19:00:00,52.29602529637198,27.18,60.86,0.0,0.0,development,0.0,4.619507723270576e-07,0,0.0
52173,2025-12-13 20:00:00,51.15783705665608,26.02,67.56,0.0,0.0,development,0.0,7.010584211206873e-07,0,0.0
52174,2025-12-13 21:00:00,51.23056802372776,25.12,73.56,0.0,0.0,development,0.0,4.4755055236567095e-07,0,0.0
52175,2025-12-13 22:00:00,50.92196157871695,24.4,79.15,0.0,0.0,development,0.0,3.189498188530737e-07,0,0.0
52176,2025-12-13 23:00:00,51.65454275495375,23.82,84.05,0.0,0.0,development,0.0,1.1574497066042372e-07,0,0.0
52177,2025-12-14 00:00:00,51.53707849511598,23.37,87.85,0.0,0.0,development,0.0,3.777562793942781e-08,0,0.0
52178,2025-12-14 01:00:00,50.47769031714581,23.22,89.41,0.0,0.0,development,0.0,2.245917830079754e-08,0,0.0
52179,2025-12-14 02:00:00,50.15925113151663,23.17,89.78,0.0,0.0,development,0.0,1.1864826931398223e-08,0,0.0
52180,2025-12-14 03:00:00,51.42853148872248,23.13,89.45,0.0,0.0,development,0.0,4.649158453738298e-09,0,0.0
52181,2025-12-14 04:00:00,52.24170651532827,23.06,89.36,0.0,0.0,development,0.0,1.0899547237377596e-09,0,0.0
52182,2025-12-14 05:00:00,52.16450836259396,23.24,87.82,0.15,0.0,development,0.0,9.54750000117909e-10,0,0.0
52183,2025-12-14 06:00:00,52.39104223121818,24.83,76.66,0.8,0.0,development,0.0,2.8351905265859685e-08,0,0.0
52184,2025-12-14 07:00:00,51.14359488697002,27.01,63.62,1.59,0.0,development,0.0,1.2057002755007538e-05,0,0.0
52185,2025-12-14 08:00:00,50.46107287617645,29.43,52.55,2.28,0.0,development,0.0,0.0045830553956573705,0,0.0
52186,2025-12-14 09:00:00,49.86635290396589,31.75,43.86,2.73,0.0,development,0.0,0.3641505760370917,0,0.0
52187,2025-12-14 10:00:00,49.63267209338356,33.66,37.71,3.02,0.0,development,5.084545388132167,0.8706157008539938,1,4.764544055422291
52188,2025-12-14 11:00:00,57.67585175495146,35.04,33.69,3.31,0.0,development,0.0,5.752838690274634e-07,0,0.0
52189,2025-12-14 12:00:00,54.90191631148338,35.88,30.72,2.92,0.0,development,0.0,0.0003922057411180659,0,0.0
52190,2025-12-14 13:00:00,53.980003035155086,36.08,29.27,2.52,0.0,development,0.0,0.002026573064040493,0,0.0
52191,2025-12-14 14:00:00,53.25126472780685,35.54,29.81,2.13,0.0,development,0.0,0.004276453692847952,0,0.0
52192,2025-12-14 15:00:00,52.225507102084734,34.4,32.09,1.52,0.0,development,0.0,0.0032675221994172207,0,0.0
52193,2025-12-14 16:00:00,51.415375413371954,32.69,36.63,0.81,0.0,development,0.0,0.0002111750281410143,0,0.0
52194,2025-12-14 17:00:00,51.49067283186076,30.17,45.06,0.15,0.0,development,0.0,3.107217196807921e-06,0,0.0
52195,2025-12-14 18:00:00,50.9586640143017,27.83,55.68,0.0,0.0,development,0.0,9.802727006218516e-07,0,0.0
52196,2025-12-14 19:00:00,52.17165408630638,26.42,64.42,0.0,0.0,development,0.0,4.326066751226566e-07,0,0.0
52197,2025-12-14 20:00:00,52.77027822069645,25.49,71.3,0.0,0.0,development,0.0,2.0885090023332836e-07,0,0.0
52198,2025-12-14 21:00:00,51.36403730204351,24.81,77.16,0.0,0.0,development,0.0,3.628651432449358e-07,0,0.0
52199,2025-12-14 22:00:00,52.92165339779992,24.3,81.92,0.0,0.0,development,0.0,1.6257316694977087e-07,0,0.0
52200,2025-12-14 23:00:00,51.50485025768639,23.89,85.5,0.0,0.0,development,0.0,1.1599823880912272e-07,0,0.0
52201,2025-12-15 00:00:00,51.03325796448736,23.63,87.72,0.0,0.0,development,0.0,4.8571905326017243e-08,0,0.0
52202,2025-12-15 01:00:00,52.14027008864934,23.57,88.33,0.0,0.0,development,0.0,1.4705177760553717e-08,0,0.0
52203,2025-12-15 02:00:00,50.85183577273563,23.47,88.87,0.0,0.0,development,0.0,1.1086277051357247e-08,0,0.0
52204,2025-12-15 03:00:00,52.09035466051864,23.36,89.36,0.0,0.0,development,0.0,4.056988547292971e-09,0,0.0
52205,2025-12-15 04:00:00,51.79433539870409,23.3,89.45,0.0,0.0,development,0.0,1.6074581246595105e-09,0,0.0
52206,2025-12-15 05:00:00,51.26825912634101,23.53,88.0,0.14,0.0,development,0.0,2.2513218372263625e-09,0,0.0
52207,2025-12-15 06:00:00,51.18367884820447,25.23,77.01,0.72,0.0,development,0.0,1.008192033680054e-07,0,0.0
52208,2025-12-15 07:00:00,50.60951778302314,27.57,63.68,1.34,0.0,development,0.0,1.5114517228986525e-05,0,0.0
52209,2025-12-15 08:00:00,51.58540937776633,29.96,53.14,2.1,0.0,development,0.0,0.0005671666158884378,0,0.0
52210,2025-12-15 09:00:00,49.807524326705874,32.31,45.11,2.55,0.0,development,0.0,0.3682402186060205,0,0.0
52211,2025-12-15 10:00:00,49.28620406674921,34.19,39.69,2.78,0.0,development,4.992179580584622,0.9127346697436091,1,4.815888347117383
52212,2025-12-15 11:00:00,56.290836437856186,35.42,36.11,2.75,0.0,development,0.0,9.994527034455477e-06,0,0.0
52213,2025-12-15 12:00:00,55.03474648480213,36.21,33.61,2.73,0.0,development,0.0,0.00023475786995970263,0,0.0
52214,2025-12-15 13:00:00,54.40765563792671,36.5,32.38,2.35,0.0,development,0.0,0.0007198440318313691,0,0.0
52215,2025-12-15 14:00:00,53.60766691406433,35.96,33.06,1.93,0.0,development,0.0,0.001900858199548714,0,0.0
52216,2025-12-15 15:00:00,52.53444835101488,34.61,36.24,1.38,0.0,development,0.0,0.0012535456912377654,0,0.0
52217,2025-12-15 16:00:00,51.72492005668907,32.35,42.9,0.72,0.0,development,0.0,0.00012042577942147553,0,0.0
52218,2025-12-15 17:00:00,50.72324830331832,29.69,53.02,0.14,0.0,development,0.0,5.614682294778738e-06,0,0.0
52219,2025-12-15 18:00:00,51.10975982342982,27.41,63.26,0.0,0.0,development,0.0,1.0112136355143694e-06,0,0.0
52220,2025-12-15 19:00:00,51.347706978825066,26.21,69.1,0.0,0.0,development,0.0,6.092534119868996e-07,0,0.0
52221,2025-12-15 20:00:00,51.605415592234,25.59,72.31,0.0,0.0,development,0.0,3.9650873813257286e-07,0,0.0
52222,2025-12-15 21:00:00,50.201300064849576,25.09,75.03,0.0,0.0,development,0.0,7.25026121634539e-07,0,0.0
52223,2025-12-15 22:00:00,52.08814732982862,24.64,77.48,0.0,0.0,development,0.0,2.530414492659603e-07,0,0.0
52224,2025-12-15 23:00:00,51.84944567670849,24.28,79.13,0.0,0.0,development,0.0,1.5663422734257215e-07,0,0.0
52225,2025-12-16 00:00:00,51.12701859904189,24.05,80.03,0.0,0.0,development,0.0,9.50213288631562e-08,0,0.0
52226,2025-12-16 01:00:00,50.85955122634308,24.01,79.83,0.0,0.0,development,0.0,6.434739057824447e-08,0,0.0
52227,2025-12-16 02:00:00,51.04326559499755,23.96,79.8,0.0,0.0,development,0.0,3.225289607664856e-08,0,0.0
52228,2025-12-16 03:00:00,50.53362888390763,23.86,80.02,0.0,0.0,development,0.0,2.745672112157797e-08,0,0.0
52229,2025-12-16 04:00:00,51.32111310833922,23.71,80.51,0.0,0.0,development,0.0,5.2027031401354915e-09,0,0.0
52230,2025-12-16 05:00:00,51.44898095441911,23.75,80.13,0.18,0.0,development,0.0,4.417955521262909e-09,0,0.0
52231,2025-12-16 06:00:00,52.32734719895274,24.7,74.2,0.91,0.0,development,0.0,4.5361192877518305e-08,0,0.0
52232,2025-12-16 07:00:00,51.70528379262212,25.9,66.48,1.76,0.0,development,0.0,3.7899380203396087e-06,0,0.0
52233,2025-12-16 08:00:00,51.80826469270968,27.18,59.51,2.33,0.0,development,0.0,0.00014279596298760405,0,0.0
52234,2025-12-16 09:00:00,50.17162669104101,28.53,52.81,2.75,0.0,development,0.0,0.07198000866684785,0,0.0
52235,2025-12-16 10:00:00,48.46047128084874,29.78,47.11,2.85,0.0,development,4.699347965912413,0.9476243507959655,1,4.602177505722582
52236,2025-12-16 11:00:00,57.41872175239882,30.74,43.3,2.8,0.0,development,0.0,4.343527139021947e-07,0,0.0
52237,2025-12-16 12:00:00,54.74076533819824,31.28,41.36,2.88,0.0,development,0.0,0.0002572169121994234,0,0.0
52238,2025-12-16 13:00:00,52.76367298492468,31.44,40.71,2.55,0.0,development,0.0,0.013568305289425634,0,0.0
52239,2025-12-16 14:00:00,53.28390031585244,31.12,41.32,2.07,0.0,development,0.0,0.002393676833773823,0,0.0
52240,2025-12-16 15:00:00,51.10707423277398,30.26,43.58,1.44,0.0,development,0.0,0.004390728460405394,0,0.0
52241,2025-12-16 16:00:00,51.79597113560887,28.95,47.79,0.72,0.0,development,0.0,3.425834566631714e-05,0,0.0
52242,2025-12-16 17:00:00,51.21671075194468,27.35,54.06,0.15,0.0,development,0.0,1.5660945246302475e-06,0,0.0
52243,2025-12-16 18:00:00,52.01590110520291,25.88,61.4,0.0,0.0,development,0.0,3.2350791415353866e-07,0,0.0
52244,2025-12-16 19:00:00,52.35977791643371,24.95,67.63,0.0,0.0,development,0.0,1.9292729091138952e-07,0,0.0
52245,2025-12-16 20:00:00,51.33713396858254,24.25,73.07,0.0,0.0,development,0.0,2.2207044152528977e-07,0,0.0
52246,2025-12-16 21:00:00,51.28003463868492,23.78,77.43,0.0,0.0,development,0.0,2.4652052521046716e-07,0,0.0
52247,2025-12-16 22:00:00,52.20346690101454,23.43,80.75,0.0,0.0,development,0.0,1.4062965909065764e-07,0,0.0
52248,2025-12-16 23:00:00,50.98353387981193,23.18,82.87,0.0,0.0,development,0.0,9.942590920064522e-08,0,0.0
52249,2025-12-17 00:00:00,51.648523766582365,23.11,83.49,0.0,0.0,development,0.0,4.0543084404380565e-08,0,0.0
52250,2025-12-17 01:00:00,52.03014266943883,22.99,84.4,0.0,0.0,development,0.0,1.527210740420383e-08,0,0.0
52251,2025-12-17 02:00:00,50.964470853233415,22.83,85.48,0.0,0.0,development,0.0,1.0810232929852065e-08,0,0.0
52252,2025-12-17 03:00:00,51.35643399509978,22.55,87.13,0.0,0.0,development,0.0,4.446132041562584e-09,0,0.0
52253,2025-12-17 04:00:00,51.67767248967813,22.31,88.56,0.0,0.0,development,0.0,1.1029936643012177e-09,0,0.0
52254,2025-12-17 05:00:00,52.66153167298717,22.66,86.7,0.16,0.0,development,0.0,4.939238719527341e-10,0,0.0
52255,2025-12-17 06:00:00,50.62936968094964,24.7,74.0,0.93,0.0,development,0.0,2.821613178971771e-07,0,0.0
52256,2025-12-17 07:00:00,51.1976770530634,26.97,60.64,1.7,0.0,development,0.0,1.9317313921921e-05,0,0.0
52257,2025-12-17 08:00:00,51.85926859704588,29.13,51.01,2.22,0.0,development,0.0,0.00039654668940686483,0,0.0
52258,2025-12-17 09:00:00,50.78860194045521,31.14,43.63,2.44,0.0,development,0.0,0.061075374187718634,0,0.0
52259,2025-12-17 10:00:00,48.85444495182698,32.79,38.48,2.7,0.0,development,4.92690041119041,0.9436430741916207,1,4.821045252925453
52260,2025-12-17 11:00:00,56.18468149226084,33.89,35.17,2.87,0.0,development,0.0,1.1505949960337024e-05,0,0.0
52261,2025-12-17 12:00:00,55.52775891462064,34.5,33.27,2.88,0.0,development,0.0,9.218781293884813e-05,0,0.0
52262,2025-12-17 13:00:00,54.49965202878705,34.62,32.53,2.72,0.0,development,0.0,0.0008141620469521848,0,0.0
52263,2025-12-17 14:00:00,54.28143988873018,34.12,33.11,2.26,0.0,development,0.0,0.0007304008177056617,0,0.0
52264,2025-12-17 15:00:00,53.31934571413072,33.05,35.08,1.78,0.0,development,0.0,0.0008677437800965786,0,0.0
52265,2025-12-17 16:00:00,50.76758663441278,31.4,38.82,0.94,0.0,development,0.0,0.0003638700054248118,0,0.0
52266,2025-12-17 17:00:00,50.31746122761654,29.23,44.96,0.18,0.0,development,0.0,5.792125723463605e-06,0,0.0
52267,2025-12-17 18:00:00,51.15856313082322,27.1,52.9,0.0,0.0,development,0.0,6.32055031952256e-07,0,0.0
52268,2025-12-17 19:00:00,50.11149478385591,25.85,59.22,0.0,0.0,development,0.0,1.1267501314319476e-06,0,0.0
52269,2025-12-17 20:00:00,52.64345155024894,24.92,64.68,0.0,0.0,development,0.0,1.930056574397121e-07,0,0.0
52270,2025-12-17 21:00:00,50.39678779377649,24.1,69.91,0.0,0.0,development,0.0,4.4669755174507173e-07,0,0.0
52271,2025-12-17 22:00:00,51.35416313498302,23.31,75.13,0.0,0.0,development,0.0,1.505379021334332e-07,0,0.0
52272,2025-12-17 23:00:00,50.89656180055995,22.49,80.83,0.0,0.0,development,0.0,7.138859983126023e-08,0,0.0
52273,2025-12-18 00:00:00,50.32383040850708,21.84,85.65,0.0,0.0,development,0.0,2.4509764315919655e-08,0,0.0
52274,2025-12-18 01:00:00,52.53810489370863,21.34,89.58,0.0,0.0,development,0.0,4.191285176105799e-09,0,0.0
52275,2025-12-18 02:00:00,51.132113365169126,20.94,92.82,0.0,0.0,development,0.0,2.4104476836805717e-09,0,0.0
52276,2025-12-18 03:00:00,53.11913962112624,20.66,95.16,0.0,0.0,development,0.0,4.4237695556088326e-10,0,0.0
52277,2025-12-18 04:00:00,52.71782511730364,20.43,96.64,0.0,0.0,development,0.0,1.4899528336106488e-10,0,0.0
52278,2025-12-18 05:00:00,51.59096667061915,20.95,93.46,0.17,0.0,development,0.0,3.292154114604547e-10,0,0.0
52279,2025-12-18 06:00:00,49.91732763564858,24.03,74.76,0.95,0.0,development,0.0,4.0108233659739497e-07,0,0.0
52280,2025-12-18 07:00:00,51.04286535273559,27.12,56.68,1.76,0.0,development,0.0,4.220459107414606e-05,0,0.0
52281,2025-12-18 08:00:00,52.605772201163816,29.23,47.38,2.31,0.0,development,0.0,0.0001476438921808293,0,0.0
52282,2025-12-18 09:00:00,50.35879895496477,31.27,40.21,2.81,0.0,development,0.0,0.19465975298318006,0,0.0
52283,2025-12-18 10:00:00,48.95060186913193,32.95,34.91,3.11,0.0,development,4.903804360239519,0.9520058350207141,1,4.918082489426879
52284,2025-12-18 11:00:00,55.7290029353286,34.15,31.38,3.05,0.0,development,0.0,3.760492905926967e-05,0,0.0
52285,2025-12-18 12:00:00,55.85197437741027,34.79,29.72,2.89,0.0,development,0.0,5.0628589949570766e-05,0,0.0
52286,2025-12-18 13:00:00,54.39869873915808,34.78,29.89,2.39,0.0,development,0.0,0.0006923272821903111,0,0.0
52287,2025-12-18 14:00:00,53.39825123228561,34.13,31.85,2.17,0.0,development,0.0,0.00321758925941615,0,0.0
52288,2025-12-18 15:00:00,53.3192121043004,32.83,35.64,1.59,0.0,development,0.0,0.0007630666290875099,0,0.0
52289,2025-12-18 16:00:00,52.73826731482198,31.02,41.47,0.87,0.0,development,0.0,4.645380939821082e-05,0,0.0
52290,2025-12-18 17:00:00,51.94367006017602,28.83,49.93,0.18,0.0,development,0.0,1.4363914967195731e-06,0,0.0
52291,2025-12-18 18:00:00,50.32438460976818,26.9,59.23,0.0,0.0,development,0.0,1.2385688844246977e-06,0,0.0
52292,2025-12-18 19:00:00,50.808036497359886,25.74,66.58,0.0,0.0,development,0.0,6.902241553977659e-07,0,0.0
52293,2025-12-18 20:00:00,51.1006105935552,24.89,72.85,0.0,0.0,development,0.0,3.5430624764202603e-07,0,0.0
52294,2025-12-18 21:00:00,51.56406262289768,24.3,77.75,0.0,0.0,development,0.0,2.6587894124894104e-07,0,0.0
52295,2025-12-18 22:00:00,52.79308580577303,23.95,80.89,0.0,0.0,development,0.0,1.4685936598639722e-07,0,0.0
52296,2025-12-18 23:00:00,53.23596266981394,23.71,82.67,0.0,0.0,development,0.0,7.045188999803241e-08,0,0.0
52297,2025-12-19 00:00:00,51.90721965846189,23.47,84.09,0.0,0.0,development,0.0,4.4663511206142754e-08,0,0.0
52298,2025-12-19 01:00:00,52.03404076787765,23.21,85.76,0.0,0.0,development,0.0,1.494983110736684e-08,0,0.0
52299,2025-12-19 02:00:00,50.38490617922123,22.86,88.02,0.0,0.0,development,0.0,1.1245637146490777e-08,0,0.0
52300,2025-12-19 03:00:00,51.25565607402847,22.64,89.65,0.0,0.0,development,0.0,3.853234374641127e-09,0,0.0
52301,2025-12-19 04:00:00,51.16387084115444,22.45,91.18,0.0,0.01,development,0.0,1.410976374004515e-09,0,0.0
52302,2025-12-19 05:00:00,51.10955843971114,22.75,89.85,0.12,0.01,development,0.0,1.3601273466226291e-09,0,0.0
52303,2025-12-19 06:00:00,52.095151528829774,24.81,76.85,0.66,0.01,development,0.0,2.6233559800455317e-08,0,0.0
52304,2025-12-19 07:00:00,51.00344475071479,27.22,62.53,1.46,0.01,development,0.0,1.1928405185568003e-05,0,0.0
52305,2025-12-19 08:00:00,49.3203365968345,29.49,51.17,1.93,0.01,development,0.0,0.012388273081590198,0,0.0
52306,2025-12-19 09:00:00,50.75897159597833,31.45,43.0,2.4,0.01,development,0.0,0.06836063341973872,0,0.0
52307,2025-12-19 10:00:00,50.12441840799262,33.01,37.63,2.84,0.01,development,4.8718004321821375,0.7045518801146881,1,4.722867150076848
52308,2025-12-19 11:00:00,56.48068975525466,34.07,34.33,2.91,0.01,development,0.0,6.383370098052663e-06,0,0.0
52309,2025-12-19 12:00:00,55.03496725068677,34.49,33.01,2.9,0.0,development,0.0,0.00026873847632095493,0,0.0
52310,2025-12-19 13:00:00,53.40631215840459,34.53,33.11,2.73,0.0,development,0.0,0.006949419346405818,0,0.0
52311,2025-12-19 14:00:00,52.5202124459209,33.92,34.67,2.13,0.0,development,0.0,0.011600332430783762,0,0.0
52312,2025-12-19 15:00:00,53.28276839779149,32.81,37.96,1.6,0.0,development,0.0,0.0007362872811666439,0,0.0
52313,2025-12-19 16:00:00,51.28703043642474,31.12,43.62,0.85,0.0,development,0.0,0.0001725875778769027,0,0.0
52314,2025-12-19 17:00:00,53.21619106026304,29.03,51.85,0.18,0.0,development,0.0,7.112968617304315e-07,0,0.0
52315,2025-12-19 18:00:00,52.36576068496661,27.17,60.55,0.0,0.0,development,0.0,3.669340372405992e-07,0,0.0
52316,2025-12-19 19:00:00,51.87778954477486,26.16,66.65,0.0,0.0,development,0.0,4.573504580620405e-07,0,0.0
52317,2025-12-19 20:00:00,53.77771133123348,25.46,71.66,0.0,0.0,development,0.0,1.223243724056228e-07,0,0.0
52318,2025-12-19 21:00:00,52.62665197020861,24.84,76.62,0.0,0.0,development,0.0,2.0213879716173299e-07,0,0.0
52319,2025-12-19 22:00:00,51.26172741890946,24.29,81.17,0.0,0.0,development,0.0,2.7915614794977944e-07,0,0.0
52320,2025-12-19 23:00:00,50.78714956403234,23.82,84.73,0.0,0.0,development,0.0,1.3882463240849034e-07,0,0.0
52321,2025-12-20 00:00:00,51.26687363354165,23.37,87.55,0.0,0.0,mid,0.0,1.4680883511975808e-07,0,0.0
52322,2025-12-20 01:00:00,51.53641267060352,23.08,89.22,0.0,0.01,mid,0.0,7.14392230852434e-08,0,0.0
52323,2025-12-20 02:00:00,51.02439853464738,22.91,90.06,0.0,0.01,mid,0.0,3.6519304996720095e-08,0,0.0
52324,2025-12-20 03:00:00,50.74400625617344,22.79,90.64,0.0,0.01,mid,0.0,1.66726809520755e-08,0,0.0
52325,2025-12-20 04:00:00,51.831912913639954,22.68,91.22,0.0,0.0,mid,0.0,2.7615103540766393e-09,0,0.0
52326,2025-12-20 05:00:00,52.354135837110576,23.06,89.3,0.15,0.0,mid,0.0,1.559183161476725e-09,0,0.0
52327,2025-12-20 06:00:00,53.14222825749793,25.14,77.24,0.9,0.01,mid,0.0,1.6238270864811986e-08,0,0.0
52328,2025-12-20 07:00:00,51.4383674307202,27.48,64.25,1.77,0.01,mid,0.0,3.6545527178207593e-06,0,0.0
52329,2025-12-20 08:00:00,51.30826844026197,29.73,53.42,2.31,0.01,mid,0.0,4.2384579736790135e-05,0,0.0
52330,2025-12-20 09:00:00,48.54877598989249,31.73,45.16,2.51,0.0,mid,0.0,0.07841746800925758,0,0.0
52331,2025-12-20 10:00:00,49.74105221243112,33.28,39.57,2.91,0.0,mid,0.0,0.10916772615630599,0,0.0
52332,2025-12-20 11:00:00,47.1589789973308,34.3,36.09,2.83,0.0,mid,4.937542024477988,0.9705111470011304,1,4.80096596660144
52333,2025-12-20 12:00:00,55.312642519269474,34.75,34.28,2.66,0.0,mid,0.0,5.821158111999415e-06,0,0.0
52334,2025-12-20 13:00:00,53.94619533632258,34.71,33.78,2.37,0.0,mid,0.0,0.00012127205740788431,0,0.0
52335,2025-12-20 14:00:00,52.81163783134667,34.19,34.49,2.0,0.0,mid,0.0,0.0008277769672424428,0,0.0
52336,2025-12-20 15:00:00,51.02160395556882,33.07,36.68,1.5,0.0,mid,0.0,0.0014015324519858858,0,0.0
52337,2025-12-20 16:00:00,51.039734969771885,31.42,40.72,0.81,0.0,mid,0.0,4.3465414829736274e-05,0,0.0
52338,2025-12-20 17:00:00,50.59015860256454,29.49,46.89,0.16,0.0,mid,0.0,2.3187119295122354e-06,0,0.0
52339,2025-12-20 18:00:00,50.87851068519819,27.61,54.86,0.0,0.0,mid,0.0,6.551824848878834e-07,0,0.0
52340,2025-12-20 19:00:00,52.299730245683484,26.38,62.14,0.0,0.0,mid,0.0,3.799710231685457e-07,0,0.0
52341,2025-12-20 20:00:00,51.07161774924639,25.44,69.52,0.0,0.0,mid,0.0,7.93436646055878e-07,0,0.0
52342,2025-12-20 21:00:00,50.81545784914918,24.63,76.85,0.0,0.0,mid,0.0,8.931686629237745e-07,0,0.0
52343,2025-12-20 22:00:00,51.87342697048974,24.02,82.54,0.0,0.0,mid,0.0,5.955749856428476e-07,0,0.0
52344,2025-12-20 23:00:00,51.615047902760864,23.59,86.64,0.0,0.0,mid,0.0,3.402115487739624e-07,0,0.0
52345,2025-12-21 00:00:00,52.97961376669095,23.4,88.82,0.0,0.0,mid,0.0,1.1119830643706233e-07,0,0.0
52346,2025-12-21 01:00:00,52.16268216015141,23.42,89.34,0.0,0.0,mid,0.0,7.307545017330448e-08,0,0.0
52347,2025-12-21 02:00:00,49.76267555751218,23.23,90.67,0.0,0.0,mid,0.0,6.769735697948977e-08,0,0.0
52348,2025-12-21 03:00:00,51.99792297005472,22.79,93.17,0.0,0.0,mid,0.0,7.46367834740439e-09,0,0.0
52349,2025-12-21 04:00:00,51.902703887639134,22.61,94.23,0.0,0.0,mid,0.0,2.459785412414022e-09,0,0.0
52350,2025-12-21 05:00:00,52.68137591635974,23.01,91.98,0.13,0.0,mid,0.0,1.0973086161906286e-09,0,0.0
52351,2025-12-21 06:00:00,51.19499390112218,25.27,77.44,0.77,0.0,mid,0.0,1.2535498114479323e-07,0,0.0
52352,2025-12-21 07:00:00,51.95487531330451,27.55,63.97,1.52,0.0,mid,0.0,1.3941080730264699e-06,0,0.0
52353,2025-12-21 08:00:00,50.27336568952333,29.71,54.3,1.9,0.01,mid,0.0,0.00019771145979852547,0,0.0
52354,2025-12-21 09:00:00,50.297834534038216,31.37,48.66,2.26,0.21,mid,0.0,0.0022629707251527404,0,0.0
52355,2025-12-21 10:00:00,48.585494741441885,32.64,44.66,2.47,0.23,mid,0.0,0.405545113070011,0,0.0
52356,2025-12-21 11:00:00,47.57480192789887,33.32,42.19,2.54,0.22,mid,4.303680989739863,0.9494710789062774,1,4.7332770489332745
52357,2025-12-21 12:00:00,55.67643311734479,33.25,41.98,2.43,0.16,mid,0.0,1.710585227903121e-06,0,0.0
52358,2025-12-21 13:00:00,54.06601408188908,32.93,42.65,2.12,0.09,mid,0.0,4.8939102026983765e-05,0,0.0
52359,2025-12-21 14:00:00,52.1649994944587,32.12,44.23,1.57,0.04,mid,0.0,0.0010575372420950063,0,0.0
52360,2025-12-21 15:00:00,53.11215058053988,31.13,46.42,1.11,0.02,mid,0.0,4.2635275876895954e-05,0,0.0
52361,2025-12-21 16:00:00,49.75133493817194,29.7,50.5,0.56,0.01,mid,0.0,4.837872758581021e-05,0,0.0
52362,2025-12-21 17:00:00,51.0284153732311,28.06,56.39,0.11,0.01,mid,0.0,1.1884149369057267e-06,0,0.0
52363,2025-12-21 18:00:00,50.34773556452691,26.58,63.04,0.0,0.0,mid,0.0,9.239255530971617e-07,0,0.0
52364,2025-12-21 19:00:00,52.63566141315948,25.67,68.29,0.0,0.0,mid,0.0,2.92899686830686e-07,0,0.0
52365,2025-12-21 20:00:00,51.32947443243816,25.0,72.71,0.0,0.0,mid,0.0,6.024869191078114e-07,0,0.0
52366,2025-12-21 21:00:00,51.73944421834784,24.53,76.1,0.0,0.0,mid,0.0,6.94647999032967e-07,0,0.0
52367,2025-12-21 22:00:00,51.91968749245749,24.19,78.34,0.0,0.0,mid,0.0,5.004205428170136e-07,0,0.0
52368,2025-12-21 23:00:00,52.32318957233376,23.92,80.27,0.0,0.0,mid,0.0,3.2451530262102174e-07,0,0.0
52369,2025-12-22 00:00:00,52.232579433530425,23.61,82.55,0.0,0.0,mid,0.0,1.4120203378709722e-07,0,0.0
52370,2025-12-22 01:00:00,52.34231478750711,23.35,84.58,0.0,0.02,mid,0.0,7.231943761185724e-08,0,0.0
52371,2025-12-22 02:00:00,51.53891918796813,23.06,86.63,0.0,0.04,mid,0.0,3.5058872732231616e-08,0,0.0
52372,2025-12-22 03:00:00,52.49631112762795,22.83,88.15,0.0,0.05,mid,0.0,6.284771819858205e-09,0,0.0
52373,2025-12-22 04:00:00,51.33949447260176,22.63,88.82,0.0,0.04,mid,0.0,4.008142869716244e-09,0,0.0
52374,2025-12-22 05:00:00,51.567223429228505,22.71,87.64,0.11,0.02,mid,0.0,2.2129622904565117e-09,0,0.0
52375,2025-12-22 06:00:00,50.69689846325126,24.21,77.34,0.68,0.03,mid,0.0,8.594117799429393e-08,0,0.0
52376,2025-12-22 07:00:00,53.0209771770499,26.53,61.71,1.3,0.03,mid,0.0,1.6749751034775462e-07,0,0.0
52377,2025-12-22 08:00:00,50.3488954613383,28.64,50.77,1.56,0.01,mid,0.0,9.138746626989609e-05,0,0.0
52378,2025-12-22 09:00:00,51.58419508544426,30.45,43.34,1.83,0.07,mid,0.0,0.00020390302664904976,0,0.0
52379,2025-12-22 10:00:00,49.99775453274165,31.93,38.25,2.55,0.05,mid,0.0,0.05378327282060739,0,0.0
52380,2025-12-22 11:00:00,48.69260309298749,32.96,34.71,2.76,0.02,mid,4.495105097608608,0.8084057132197517,1,4.624988043637496
52381,2025-12-22 12:00:00,55.23401528630672,33.42,32.23,3.21,0.01,mid,0.0,5.612003493728233e-06,0,0.0
52382,2025-12-22 13:00:00,53.04098908436292,33.45,30.49,2.57,0.01,mid,0.0,0.0006508050648634195,0,0.0
52383,2025-12-22 14:00:00,54.22751302686514,32.87,30.09,1.99,0.0,mid,0.0,4.687129203951062e-05,0,0.0
52384,2025-12-22 15:00:00,51.87793720105904,31.41,32.11,1.43,0.0,mid,0.0,0.00014351591439369234,0,0.0
52385,2025-12-22 16:00:00,52.42905956043892,29.63,36.45,0.76,0.0,mid,0.0,3.149199398610537e-06,0,0.0
52386,2025-12-22 17:00:00,50.90017366603785,27.82,43.14,0.16,0.0,mid,0.0,9.418940612100058e-07,0,0.0
52387,2025-12-22 18:00:00,50.18966535960183,26.3,50.96,0.0,0.0,mid,0.0,5.606412463380143e-07,0,0.0
52388,2025-12-22 19:00:00,52.92151805099555,25.44,57.21,0.0,0.0,mid,0.0,1.5619160999078305e-07,0,0.0
52389,2025-12-22 20:00:00,50.852006309252,24.81,62.67,0.0,0.0,mid,0.0,6.676293480639827e-07,0,0.0
52390,2025-12-22 21:00:00,51.704256466480665,24.26,67.82,0.0,0.0,mid,0.0,4.817779668660934e-07,0,0.0
52391,2025-12-22 22:00:00,48.9250667464708,23.42,74.01,0.0,0.01,mid,0.0,8.200452359180868e-07,0,0.0
52392,2025-12-22 23:00:00,51.30304305892961,22.67,79.85,0.0,0.01,mid,0.0,1.8136398411798317e-07,0,0.0
52393,2025-12-23 00:00:00,51.88053129306284,22.1,85.04,0.0,0.03,mid,0.0,6.249639038846285e-08,0,0.0
52394,2025-12-23 01:00:00,51.56129900399507,21.7,89.24,0.0,0.04,mid,0.0,3.1221960683718616e-08,0,0.0
52395,2025-12-23 02:00:00,51.43137435412654,21.49,92.06,0.0,0.05,mid,0.0,1.345640278758383e-08,0,0.0
52396,2025-12-23 03:00:00,51.40345424761863,21.46,93.61,0.0,0.05,mid,0.0,4.899809687353944e-09,0,0.0
52397,2025-12-23 04:00:00,52.33124160110778,21.51,94.24,0.0,0.05,mid,0.0,9.332663404494182e-10,0,0.0
52398,2025-12-23 05:00:00,50.67484976775121,21.95,92.77,0.14,0.06,mid,0.0,2.9416398518705872e-09,0,0.0
52399,2025-12-23 06:00:00,51.64540489612272,23.67,84.55,0.87,0.1,mid,0.0,2.0491226154838497e-08,0,0.0
52400,2025-12-23 07:00:00,52.81688086972482,26.13,68.01,1.74,0.09,mid,0.0,2.488293893213335e-07,0,0.0
52401,2025-12-23 08:00:00,50.00811168923125,28.66,53.86,2.19,0.05,mid,0.0,0.0003189142298435101,0,0.0
52402,2025-12-23 09:00:00,50.349146560076726,30.65,45.29,3.05,0.0,mid,0.0,0.003093354314913861,0,0.0
52403,2025-12-23 10:00:00,48.62097630566827,32.16,39.7,3.11,0.0,mid,0.0,0.40743781587175415,0,0.0
52404,2025-12-23 11:00:00,48.70631482089188,33.06,36.59,2.99,0.0,mid,4.457812497091449,0.747682138684046,1,4.674332658841858
52405,2025-12-23 12:00:00,54.84692686090271,33.34,35.35,2.67,0.0,mid,0.0,1.1578237846255096e-05,0,0.0
52406,2025-12-23 13:00:00,53.0272165477974,33.13,35.71,2.03,0.0,mid,0.0,0.0004349715216131368,0,0.0
52407,2025-12-23 14:00:00,52.87107885296872,32.52,37.19,1.82,0.0,mid,0.0,0.00044157379283915436,0,0.0
52408,2025-12-23 15:00:00,52.14434675498881,31.47,40.07,1.19,0.0,mid,0.0,0.00012939139794692438,0,0.0
52409,2025-12-23 16:00:00,51.06697831147158,30.01,44.72,0.58,0.0,mid,0.0,1.4754240583308556e-05,0,0.0
52410,2025-12-23 17:00:00,50.942980868943465,28.1,52.01,0.12,0.0,mid,0.0,1.205482033240593e-06,0,0.0
52411,2025-12-23 18:00:00,50.757811230630125,26.32,60.72,0.0,0.0,mid,0.0,5.975844455109546e-07,0,0.0
52412,2025-12-23 19:00:00,49.45185082186022,25.24,67.75,0.0,0.0,mid,0.0,1.3078801767407872e-06,0,0.0
52413,2025-12-23 20:00:00,52.01776941034014,24.42,73.64,0.0,0.0,mid,0.0,3.6667557972797776e-07,0,0.0
52414,2025-12-23 21:00:00,52.24460543357468,23.92,77.7,0.0,0.01,mid,0.0,5.270916327614428e-07,0,0.0
52415,2025-12-23 22:00:00,49.901064023823,23.6,80.65,0.0,0.01,mid,0.0,6.822317739143846e-07,0,0.0
52416,2025-12-23 23:00:00,52.2801691952204,23.32,83.55,0.0,0.01,mid,0.0,2.5192273863376744e-07,0,0.0
52417,2025-12-24 00:00:00,51.65992317929579,23.09,86.06,0.0,0.02,mid,0.0,1.1848125033203974e-07,0,0.0
52418,2025-12-24 01:00:00,50.48200889025995,22.82,88.62,0.0,0.02,mid,0.0,7.517213516747287e-08,0,0.0
52419,2025-12-24 02:00:00,51.23385879014281,22.56,90.98,0.0,0.03,mid,0.0,2.6948032604114427e-08,0,0.0
52420,2025-12-24 03:00:00,50.87427061889242,22.38,92.91,0.0,0.03,mid,0.0,1.148948596630807e-08,0,0.0
52421,2025-12-24 04:00:00,52.22739489652943,22.29,94.21,0.0,0.04,mid,0.0,1.5977000149366536e-09,0,0.0
52422,2025-12-24 05:00:00,50.81716852608067,22.58,93.65,0.13,0.05,mid,0.0,3.7156129291751915e-09,0,0.0
52423,2025-12-24 06:00:00,53.32457399546945,23.91,87.36,0.75,0.06,mid,0.0,2.3704697706162955e-09,0,0.0
52424,2025-12-24 07:00:00,52.4165921038588,26.23,72.08,1.38,0.11,mid,0.0,2.767098367967592e-07,0,0.0
52425,2025-12-24 08:00:00,50.14299961234327,29.02,56.63,1.73,0.13,mid,0.0,0.0001594519059200503,0,0.0
52426,2025-12-24 09:00:00,52.04766203906157,30.98,48.13,2.19,0.29,mid,0.0,8.594127906857643e-05,0,0.0
52427,2025-12-24 10:00:00,50.64152497278779,32.2,43.52,2.43,0.19,mid,0.0,0.014382800459688469,0,0.0
52428,2025-12-24 11:00:00,49.03963333570256,32.83,41.18,2.48,0.1,mid,0.0,0.677104706824336,1,4.510233885449035
52429,2025-12-24 12:00:00,48.71713160839823,33.14,39.73,2.26,0.06,mid,4.70500483285862,0.7075992847775816,1,4.272714079465374
52430,2025-12-24 13:00:00,55.77291772859222,32.78,40.24,2.03,0.03,mid,0.0,1.916753286334179e-06,0,0.0
52431,2025-12-24 14:00:00,53.52226968049352,32.06,41.67,1.87,0.01,mid,0.0,0.00014164434461194989,0,0.0
52432,2025-12-24 15:00:00,54.04836052519836,30.93,44.47,1.26,0.0,mid,0.0,1.4013146200953871e-05,0,0.0
52433,2025-12-24 16:00:00,52.50491596674403,29.38,48.93,0.72,0.0,mid,0.0,4.899200607033579e-06,0,0.0
52434,2025-12-24 17:00:00,53.228521197381845,27.5,55.61,0.18,0.0,mid,0.0,2.643649257442408e-07,0,0.0
52435,2025-12-24 18:00:00,52.46797861731691,25.85,63.61,0.0,0.0,mid,0.0,2.1424800675056243e-07,0,0.0
52436,2025-12-24 19:00:00,51.771240023578486,24.83,69.93,0.0,0.0,mid,0.0,3.142382836975251e-07,0,0.0
52437,2025-12-24 20:00:00,53.08128564218583,24.12,74.61,0.0,0.0,mid,0.0,2.188987283832849e-07,0,0.0
52438,2025-12-24 21:00:00,52.28664599079364,23.54,78.47,0.0,0.01,mid,0.0,4.735084328748565e-07,0,0.0
52439,2025-12-24 22:00:00,52.72574492961889,23.15,81.27,0.0,0.01,mid,0.0,3.3849582116530785e-07,0,0.0
52440,2025-12-24 23:00:00,52.95419931828193,22.78,84.03,0.0,0.02,mid,0.0,1.5783553483348896e-07,0,0.0
52441,2025-12-25 00:00:00,53.85252389988257,22.47,86.8,0.0,0.04,mid,0.0,5.436673546472652e-08,0,0.0
52442,2025-12-25 01:00:00,52.4034828272214,22.3,88.95,0.0,0.06,mid,0.0,3.7932297077874724e-08,0,0.0
52443,2025-12-25 02:00:00,52.22362048189255,22.06,91.24,0.0,0.12,mid,0.0,1.3398554892571968e-08,0,0.0
52444,2025-12-25 03:00:00,54.38125289339626,21.85,93.25,0.0,0.13,mid,0.0,8.952524223718361e-10,0,0.0
52445,2025-12-25 04:00:00,53.16715731771553,21.75,94.4,0.0,0.08,mid,0.0,5.584781020290941e-10,0,0.0
52446,2025-12-25 05:00:00,52.82849411924342,22.18,93.43,0.14,0.08,mid,0.0,6.121181092865202e-10,0,0.0
52447,2025-12-25 06:00:00,53.64195600944123,23.83,86.95,0.72,0.07,mid,0.0,1.55907593417384e-09,0,0.0
52448,2025-12-25 07:00:00,52.99561303356525,25.91,71.37,1.44,0.16,mid,0.0,1.1904136752219157e-07,0,0.0
52449,2025-12-25 08:00:00,52.6497953287544,28.42,55.95,1.98,0.11,mid,0.0,2.2263675576023327e-06,0,0.0
52450,2025-12-25 09:00:00,54.15359662758385,30.75,45.6,2.44,0.0,mid,0.0,2.0327754667177613e-06,0,0.0
52451,2025-12-25 10:00:00,50.361998198114485,32.29,39.61,2.73,0.0,mid,0.0,0.028448987402875797,0,0.0
52452,2025-12-25 11:00:00,48.95101005515386,33.45,35.83,2.94,0.0,mid,0.0,0.7233994055909936,1,4.653231707550908
52453,2025-12-25 12:00:00,49.993871694841154,34.1,33.64,3.01,0.0,mid,4.308794943709795,0.25720612382229024,0,0.0
52454,2025-12-25 13:00:00,54.84046505697391,34.08,33.39,2.65,0.0,mid,0.0,1.759348854533394e-05,0,0.0
52455,2025-12-25 14:00:00,54.456854731615344,33.39,35.12,2.27,0.0,mid,0.0,3.928086138116303e-05,0,0.0
52456,2025-12-25 15:00:00,53.94281946323724,32.15,38.73,1.68,0.0,mid,0.0,3.5573796444266325e-05,0,0.0
52457,2025-12-25 16:00:00,51.48836684087656,30.51,43.98,0.91,0.0,mid,0.0,2.6374037713152464e-05,0,0.0
52458,2025-12-25 17:00:00,53.51909815325022,28.51,51.38,0.22,0.0,mid,0.0,2.596567892577398e-07,0,0.0
52459,2025-12-25 18:00:00,52.157532480056624,26.76,59.33,0.0,0.0,mid,0.0,2.787486935493274e-07,0,0.0
52460,2025-12-25 19:00:00,54.125717267448266,25.72,65.15,0.0,0.0,mid,0.0,1.2758023401853788e-07,0,0.0
52461,2025-12-25 20:00:00,51.96961961905213,24.85,70.36,0.0,0.0,mid,0.0,4.119343072466784e-07,0,0.0
52462,2025-12-25 21:00:00,53.859201059205205,24.05,75.42,0.0,0.0,mid,0.0,3.161350330645858e-07,0,0.0
52463,2025-12-25 22:00:00,54.003999575099584,23.35,80.04,0.0,0.0,mid,0.0,2.564458401641982e-07,0,0.0
52464,2025-12-25 23:00:00,52.21502622509172,22.72,84.18,0.0,0.0,mid,0.0,1.8144265655845313e-07,0,0.0
52465,2025-12-26 00:00:00,52.454379137312834,22.11,88.38,0.0,0.0,mid,0.0,5.6099288357154034e-08,0,0.0
52466,2025-12-26 01:00:00,52.3553849215696,21.6,91.99,0.0,0.0,mid,0.0,2.3832616910482464e-08,0,0.0
52467,2025-12-26 02:00:00,53.82233928208123,21.19,95.0,0.0,0.0,mid,0.0,2.831060344590462e-09,0,0.0
52468,2025-12-26 03:00:00,52.75016190976275,20.92,97.06,0.0,0.0,mid,0.0,1.3759761340935708e-09,0,0.0
52469,2025-12-26 04:00:00,53.03281404315291,20.76,98.4,0.0,0.0,mid,0.0,3.42219635478118e-10,0,0.0
52470,2025-12-26 05:00:00,52.49180582546046,21.49,94.39,0.15,0.0,mid,0.0,5.423409164366504e-10,0,0.0
52471,2025-12-26 06:00:00,52.98431034237749,24.41,77.33,0.94,0.0,mid,0.0,1.3963778340016497e-08,0,0.0
52472,2025-12-26 07:00:00,52.747047238706486,27.0,62.76,1.79,0.0,mid,0.0,4.3751673086468915e-07,0,0.0
52473,2025-12-26 08:00:00,51.280976902293794,29.35,51.58,2.39,0.0,mid,0.0,4.804211718111167e-05,0,0.0
52474,2025-12-26 09:00:00,52.38597865540134,31.43,43.48,2.88,0.0,mid,0.0,7.162479212547889e-05,0,0.0
52475,2025-12-26 10:00:00,49.83698739536469,33.09,38.29,3.12,0.0,mid,0.0,0.08812208506731319,0,0.0
52476,2025-12-26 11:00:00,49.7442272935382,34.39,34.76,3.01,0.0,mid,4.334851137739111,0.4622374425343673,0,0.0
52477,2025-12-26 12:00:00,54.01776317454265,35.18,32.46,3.16,0.0,mid,0.0,0.00010516072150303866,0,0.0
52478,2025-12-26 13:00:00,54.49466119455058,35.39,31.7,2.73,0.0,mid,0.0,4.614356096466453e-05,0,0.0
52479,2025-12-26 14:00:00,53.83130151330172,34.97,32.48,2.31,0.0,mid,0.0,0.00016944403723351747,0,0.0
52480,2025-12-26 15:00:00,52.4017147728622,33.95,34.84,1.77,0.0,mid,0.0,0.00042901598345363785,0,0.0
52481,2025-12-26 16:00:00,52.49081101944154,32.28,39.48,0.99,0.0,mid,0.0,2.032186355009838e-05,0,0.0
52482,2025-12-26 17:00:00,50.77495847347659,29.96,47.39,0.24,0.0,mid,0.0,2.8291215653194482e-06,0,0.0
52483,2025-12-26 18:00:00,51.7188034878751,27.65,57.24,0.0,0.0,mid,0.0,4.401328978075103e-07,0,0.0
52484,2025-12-26 19:00:00,50.12419753400078,26.27,64.56,0.0,0.0,mid,0.0,1.375692442236035e-06,0,0.0
52485,2025-12-26 20:00:00,51.45963381580356,25.35,70.22,0.0,0.0,mid,0.0,6.479090107882715e-07,0,0.0
52486,2025-12-26 21:00:00,50.70646221974574,24.64,75.27,0.0,0.0,mid,0.0,8.840617497539103e-07,0,0.0
52487,2025-12-26 22:00:00,51.28577474125113,23.99,80.42,0.0,0.0,mid,0.0,5.904656372713326e-07,0,0.0
52488,2025-12-26 23:00:00,52.44417572668935,23.32,85.56,0.0,0.0,mid,0.0,2.51884969242496e-07,0,0.0
52489,2025-12-27 00:00:00,52.73105083676094,22.69,90.49,0.0,0.0,mid,0.0,7.450980430763003e-08,0,0.0
52490,2025-12-27 01:00:00,50.314864405984615,22.2,94.42,0.0,0.0,mid,0.0,5.0926384309917363e-08,0,0.0
52491,2025-12-27 02:00:00,52.337001996700224,21.89,97.02,0.0,0.0,mid,0.0,9.766663100162942e-09,0,0.0
52492,2025-12-27 03:00:00,52.460080618204486,21.86,97.68,0.0,0.0,mid,0.0,3.0105976882497456e-09,0,0.0
52493,2025-12-27 04:00:00,51.6005053783699,21.82,98.14,0.0,0.0,mid,0.0,1.9204001563183626e-09,0,0.0
52494,2025-12-27 05:00:00,52.42714283048218,22.3,95.32,0.14,0.0,mid,0.0,9.007491171323759e-10,0,0.0
52495,2025-12-27 06:00:00,51.00880067978474,24.75,79.46,0.94,0.0,mid,0.0,1.4691923034226056e-07,0,0.0
52496,2025-12-27 07:00:00,50.63139606246057,27.37,64.01,1.81,0.0,mid,0.0,1.2827432892076253e-05,0,0.0
52497,2025-12-27 08:00:00,50.058667852120585,30.04,51.99,2.45,0.0,mid,0.0,0.0005483428895786848,0,0.0
52498,2025-12-27 09:00:00,50.22264517947899,32.54,42.42,3.18,0.0,mid,0.0,0.006564999112695285,0,0.0
52499,2025-12-27 10:00:00,48.57569884099029,34.61,35.89,3.27,0.0,mid,4.200642818097059,0.6073242635420344,1,4.627129472611209
52500,2025-12-27 11:00:00,53.96881337210408,36.17,31.37,3.57,0.0,mid,0.0,0.00011822155041954373,0,0.0
52501,2025-12-27 12:00:00,52.85477515703439,37.14,28.45,3.58,0.0,mid,0.0,0.0017466871165311229,0,0.0
52502,2025-12-27 13:00:00,52.27695793656329,37.47,27.05,3.1,0.0,mid,0.0,0.006741806768186361,0,0.0
52503,2025-12-27 14:00:00,50.59864316763158,37.16,26.97,2.54,0.0,mid,0.0,0.04584060097962536,0,0.0
52504,2025-12-27 15:00:00,50.99784640057272,36.13,28.57,1.96,0.0,mid,0.0,0.004715661517655158,0,0.0
52505,2025-12-27 16:00:00,50.8430334962308,34.18,33.11,1.08,0.0,mid,0.0,0.00021940149545407938,0,0.0
52506,2025-12-27 17:00:00,50.36778649040474,31.21,42.71,0.25,0.0,mid,0.0,5.61951606405357e-06,0,0.0
52507,2025-12-27 18:00:00,51.91758948627531,28.11,56.87,0.0,0.0,mid,0.0,4.4402840137315466e-07,0,0.0
52508,2025-12-27 19:00:00,49.91737128965322,26.27,68.02,0.0,0.0,mid,0.0,1.5777343399764078e-06,0,0.0
52509,2025-12-27 20:00:00,50.94488840754956,25.43,73.92,0.0,0.0,mid,0.0,8.578325598440172e-07,0,0.0
52510,2025-12-27 21:00:00,49.7357522857225,24.92,77.89,0.0,0.0,mid,0.0,1.272853513786329e-06,0,0.0
52511,2025-12-27 22:00:00,49.36597071861295,24.54,81.09,0.0,0.0,mid,0.0,1.132531117394836e-06,0,0.0
52512,2025-12-27 23:00:00,49.68400844757803,24.2,83.85,0.0,0.0,mid,0.0,5.694071055073129e-07,0,0.0
52513,2025-12-28 00:00:00,49.72180887599136,23.89,86.05,0.0,0.0,mid,0.0,2.6598832041280204e-07,0,0.0
52514,2025-12-28 01:00:00,49.48981647461192,23.62,88.05,0.0,0.0,mid,0.0,1.4277968790315615e-07,0,0.0
52515,2025-12-28 02:00:00,48.72269537944631,23.37,89.8,0.0,0.0,mid,0.0,1.0697070529213113e-07,0,0.0
52516,2025-12-28 03:00:00,48.80515997011023,23.25,90.78,0.0,0.0,mid,0.0,5.84606017687899e-08,0,0.0
52517,2025-12-28 04:00:00,50.495252306689714,23.07,92.03,0.0,0.0,mid,0.0,8.67757489564595e-09,0,0.0
52518,2025-12-28 05:00:00,50.2560118455383,23.23,91.32,0.13,0.0,mid,0.0,8.69057711599817e-09,0,0.0
52519,2025-12-28 06:00:00,51.01170343667128,25.29,78.42,0.83,0.0,mid,0.0,1.6906505620599016e-07,0,0.0
52520,2025-12-28 07:00:00,48.96817953709135,27.86,64.14,1.54,0.0,mid,0.0,0.00011789488025778616,0,0.0
52521,2025-12-28 08:00:00,48.30179494130941,30.49,52.98,1.92,0.0,mid,0.0,0.008292958299098763,0,0.0
52522,2025-12-28 09:00:00,46.93439851583637,33.01,44.35,2.71,0.0,mid,4.100515039089164,0.679538022016644,1,4.806491203368749
52523,2025-12-28 10:00:00,54.50773448811249,35.3,37.13,3.01,0.0,mid,0.0,1.4440178877373955e-05,0,0.0
52524,2025-12-28 11:00:00,51.806074994430354,37.04,31.94,2.93,0.0,mid,0.0,0.012085228775568845,0,0.0
52525,2025-12-28 12:00:00,51.31157059204196,38.06,29.0,3.28,0.0,mid,0.0,0.056576595511615806,0,0.0
52526,2025-12-28 13:00:00,50.44363440890626,38.39,27.67,2.46,0.0,mid,0.0,0.14275425160852548,0,0.0
52527,2025-12-28 14:00:00,47.917314892175575,38.1,27.82,2.26,0.0,mid,0.0,0.6274445842750863,1,4.085823006716441
52528,2025-12-28 15:00:00,48.95276446411347,37.21,29.34,1.7,0.0,mid,0.0,0.0478730148621573,0,0.0
52529,2025-12-28 16:00:00,48.54750175903388,35.61,32.87,0.94,0.0,mid,0.0,0.0025278814791782575,0,0.0
52530,2025-12-28 17:00:00,47.65456012448033,33.01,40.67,0.23,0.0,mid,0.0,7.800069196806978e-05,0,0.0
52531,2025-12-28 18:00:00,47.36369247770582,30.09,52.58,0.0,0.0,mid,0.0,1.1669366935795965e-05,0,0.0
52532,2025-12-28 19:00:00,47.407312478949606,28.08,63.63,0.0,0.0,mid,0.0,7.191195084627839e-06,0,0.0
52533,2025-12-28 20:00:00,48.553301629475946,26.84,70.2,0.0,0.0,mid,0.0,2.938222843437192e-06,0,0.0
52534,2025-12-28 21:00:00,47.475798496262335,26.21,73.39,0.0,0.0,mid,0.0,3.782128050630056e-06,0,0.0
52535,2025-12-28 22:00:00,47.41698842541032,25.74,76.03,0.0,0.0,mid,0.0,2.7955909143232107e-06,0,0.0
52536,2025-12-28 23:00:00,46.88382262054775,25.27,78.88,0.0,0.0,mid,0.0,2.018798292344866e-06,0,0.0
52537,2025-12-29 00:00:00,45.19384019156977,24.83,81.84,0.0,0.0,mid,0.0,1.1426218356690188e-06,0,0.0
52538,2025-12-29 01:00:00,48.31017616853219,24.59,84.01,0.0,0.0,mid,0.0,3.498065500202833e-07,0,0.0
52539,2025-12-29 02:00:00,47.43081955196747,24.41,85.72,0.0,0.0,mid,0.0,3.4987102845252017e-07,0,0.0
52540,2025-12-29 03:00:00,46.73283073673205,24.31,86.75,0.0,0.0,mid,0.0,3.199318550847189e-07,0,0.0
52541,2025-12-29 04:00:00,49.12137485725081,24.17,88.05,0.0,0.0,mid,0.0,4.569442927007442e-08,0,0.0
52542,2025-12-29 05:00:00,47.78465949065239,24.33,87.72,0.1,0.0,mid,0.0,1.1204746468410207e-07,0,0.0
52543,2025-12-29 06:00:00,47.26832194515368,26.15,77.64,0.65,0.0,mid,0.0,8.927065011330811e-06,0,0.0
52544,2025-12-29 07:00:00,47.94279653525288,28.62,64.77,1.24,0.0,mid,0.0,0.0003013539911675112,0,0.0
52545,2025-12-29 08:00:00,46.8335985289828,31.21,54.23,2.09,0.0,mid,0.0,0.11808980560207807,0,0.0
52546,2025-12-29 09:00:00,46.04758563760073,33.61,46.21,2.47,0.05,mid,5.337437820423979,0.8703150694568004,1,4.814941095835113
52547,2025-12-29 10:00:00,53.20738204307332,35.74,39.29,2.7,0.04,mid,0.0,0.00015264715895633624,0,0.0
52548,2025-12-29 11:00:00,53.16352612818874,37.21,34.66,2.68,0.04,mid,0.0,0.0005430518114325289,0,0.0
52549,2025-12-29 12:00:00,52.20568490768835,37.98,32.16,2.62,0.02,mid,0.0,0.007068322728898133,0,0.0
52550,2025-12-29 13:00:00,49.85798796092805,38.23,30.95,2.26,0.02,mid,0.0,0.26954394027228423,0,0.0
52551,2025-12-29 14:00:00,47.8170058875231,37.92,31.05,2.14,0.01,mid,0.0,0.6261129688466309,1,4.050415824703804
52552,2025-12-29 15:00:00,49.27249327855258,37.03,32.58,1.6,0.01,mid,0.0,0.032308416298960634,0,0.0
52553,2025-12-29 16:00:00,48.43871380878521,35.6,36.14,0.91,0.01,mid,0.0,0.0027105032032980836,0,0.0
52554,2025-12-29 17:00:00,48.30473597237469,33.42,43.28,0.21,0.0,mid,0.0,5.088759328748927e-05,0,0.0
52555,2025-12-29 18:00:00,47.66800416529636,30.9,54.03,0.0,0.0,mid,0.0,1.0774898540437397e-05,0,0.0
52556,2025-12-29 19:00:00,48.40122508430488,28.93,64.8,0.0,0.0,mid,0.0,4.791177953387193e-06,0,0.0
52557,2025-12-29 20:00:00,47.10876315062869,27.54,72.78,0.0,0.0,mid,0.0,5.38527411854536e-06,0,0.0
52558,2025-12-29 21:00:00,47.48177731701004,26.72,77.2,0.0,0.0,mid,0.0,4.168281666809698e-06,0,0.0
52559,2025-12-29 22:00:00,46.79351400941378,26.15,80.17,0.0,0.0,mid,0.0,3.970601028980989e-06,0,0.0
52560,2025-12-29 23:00:00,48.557041211387634,25.72,82.34,0.0,0.0,mid,0.0,1.487299107043293e-06,0,0.0
52561,2025-12-30 00:00:00,47.606156478568,25.41,84.03,0.0,0.01,mid,0.0,9.265861042563648e-07,0,0.0
52562,2025-12-30 01:00:00,47.86653089761088,25.22,85.2,0.0,0.03,mid,0.0,5.589426918225225e-07,0,0.0
52563,2025-12-30 02:00:00,48.1151970160838,24.86,87.84,0.0,0.07,mid,0.0,3.1876051320649264e-07,0,0.0
52564,2025-12-30 03:00:00,47.69020809566532,24.5,90.73,0.0,0.09,mid,0.0,1.790823012382056e-07,0,0.0
52565,2025-12-30 04:00:00,48.65149272613833,24.25,92.82,0.0,0.09,mid,0.0,5.632652815774019e-08,0,0.0
52566,2025-12-30 05:00:00,49.44496799442796,24.27,93.3,0.1,0.1,mid,0.0,2.5400397625121618e-08,0,0.0
52567,2025-12-30 06:00:00,49.0273147560397,25.3,88.15,0.75,0.1,mid,0.0,6.601515805715607e-07,0,0.0
52568,2025-12-30 07:00:00,46.620399169750925,27.71,72.42,1.46,0.05,mid,0.0,0.0017816349573009465,0,0.0
52569,2025-12-30 08:00:00,47.5186916671618,30.58,57.79,2.27,0.02,mid,0.0,0.03879905589341613,0,0.0
52570,2025-12-30 09:00:00,46.71616859793713,33.18,48.41,2.45,0.0,mid,4.864694420797491,0.662196317678482,1,4.809738335266057
52571,2025-12-30 10:00:00,54.66623394340472,35.3,41.68,2.72,0.0,mid,0.0,7.491388966845905e-06,0,0.0
52572,2025-12-30 11:00:00,52.08725787471134,36.7,37.41,2.82,0.0,mid,0.0,0.0057233266016380735,0,0.0
52573,2025-12-30 12:00:00,50.50786261636343,37.43,35.21,2.77,0.0,mid,0.0,0.1815329299608424,0,0.0
52574,2025-12-30 13:00:00,50.862784669219714,37.61,34.45,2.54,0.0,mid,0.0,0.07174521886036991,0,0.0
52575,2025-12-30 14:00:00,49.151530871605495,37.07,35.51,2.23,0.0,mid,0.0,0.2703299477546778,0,0.0
52576,2025-12-30 15:00:00,47.82904440544526,35.87,38.54,1.67,0.0,mid,0.0,0.10925540844172868,0,0.0
52577,2025-12-30 16:00:00,47.526802719350215,33.98,44.08,0.96,0.0,mid,0.0,0.005626953077589409,0,0.0
52578,2025-12-30 17:00:00,46.29897502377237,31.61,52.27,0.22,0.0,mid,0.0,0.00018826663090461157,0,0.0
52579,2025-12-30 18:00:00,47.56394456688359,29.37,61.28,0.0,0.0,mid,0.0,1.0543404696304202e-05,0,0.0
52580,2025-12-30 19:00:00,47.18481734091812,27.95,67.51,0.0,0.0,mid,0.0,8.488508850064331e-06,0,0.0
52581,2025-12-30 20:00:00,47.85423479374045,26.98,71.85,0.0,0.0,mid,0.0,3.708346340046512e-06,0,0.0
52582,2025-12-30 21:00:00,47.26389178605445,26.23,75.39,0.0,0.0,mid,0.0,3.992343881904686e-06,0,0.0
52583,2025-12-30 22:00:00,47.45624750339182,25.61,78.3,0.0,0.0,mid,0.0,2.692603918665505e-06,0,0.0
52584,2025-12-30 23:00:00,47.06360407366752,25.16,80.29,0.0,0.0,mid,0.0,1.7469329963310162e-06,0,0.0
52585,2025-12-31 00:00:00,47.2241515346542,24.83,81.74,0.0,0.0,mid,0.0,7.910691977917467e-07,0,0.0
52586,2025-12-31 01:00:00,46.52404064568241,24.58,82.99,0.0,0.0,mid,0.0,6.404473472262515e-07,0,0.0
52587,2025-12-31 02:00:00,48.25362089604398,24.34,84.1,0.0,0.0,mid,0.0,2.8635791129518254e-07,0,0.0
52588,2025-12-31 03:00:00,47.3945029875942,24.29,84.21,0.0,0.0,mid,0.0,2.6892804842182746e-07,0,0.0
52589,2025-12-31 04:00:00,45.83654141529755,24.19,84.92,0.0,0.0,mid,0.0,4.5841738422772066e-07,0,0.0
52590,2025-12-31 05:00:00,46.1595533998566,24.34,84.49,0.11,0.0,mid,0.0,6.419019867116364e-07,0,0.0
52591,2025-12-31 06:00:00,48.25788607831856,26.19,73.56,0.81,0.0,mid,0.0,6.575388380033636e-06,0,0.0
52592,2025-12-31 07:00:00,47.09906596567188,28.52,61.29,1.52,0.0,mid,0.0,0.0019238584688571357,0,0.0
52593,2025-12-31 08:00:00,46.54937605754941,30.8,52.13,2.28,0.0,mid,0.0,0.2118354104739453,0,0.0
52594,2025-12-31 09:00:00,45.759396261117296,32.86,45.3,2.3,0.0,mid,5.236597230317944,0.8762690614720516,1,4.834632053677066
52595,2025-12-31 10:00:00,53.89471441147861,34.48,40.26,2.03,0.0,mid,0.0,1.7726273935314603e-05,0,0.0
52596,2025-12-31 11:00:00,53.63132851785022,35.53,37.47,2.33,0.0,mid,0.0,0.00013879168297103222,0,0.0
52597,2025-12-31 12:00:00,51.62627255050683,35.67,37.14,1.95,0.0,mid,0.0,0.008706639447052602,0,0.0
52598,2025-12-31 13:00:00,50.418116334733,36.13,36.39,1.59,0.0,mid,0.0,0.050205001979361424,0,0.0
52599,2025-12-31 14:00:00,48.73080097264428,35.73,37.47,1.96,0.0,mid,0.0,0.28737503319671637,0,0.0
52600,2025-12-31 15:00:00,47.149960818614645,34.44,40.9,1.38,0.0,mid,0.0,0.1019455861620928,0,0.0
52601,2025-12-31 16:00:00,48.195302436911454,32.65,46.22,0.67,0.0,mid,0.0,0.0008758286524441218,0,0.0
52602,2025-12-31 17:00:00,47.96572911904324,30.51,53.43,0.16,0.0,mid,0.0,3.5864045470842024e-05,0,0.0
52603,2025-12-31 18:00:00,48.40125545405135,28.57,60.89,0.0,0.0,mid,0.0,5.4340623875213e-06,0,0.0
52604,2025-12-31 19:00:00,48.89124081007343,27.39,66.08,0.0,0.0,mid,0.0,3.687831497788356e-06,0,0.0
52605,2025-12-31 20:00:00,46.59361799550796,26.59,70.19,0.0,0.0,mid,0.0,5.7020991937000566e-06,0,0.0
52606,2025-12-31 21:00:00,47.03032462487767,25.93,74.07,0.0,0.0,mid,0.0,3.964795623711072e-06,0,0.0
52607,2025-12-31 22:00:00,48.0561392174613,25.34,77.76,0.0,0.0,mid,0.0,2.058759649023842e-06,0,0.0
52608,2025-12-31 23:00:00,47.5224783294066,24.88,80.62,0.0,0.0,mid,0.0,1.3694786962929148e-06,0,0.0
