soil_bin,temp_bin,humidity_bin,solar_bin,crop_stage,hour_sin_bin,hour_cos_bin,records,target_mean,target_std,target_min,target_max,events,event_rate
39.0,25.3,72.0,0.0,mid,-0.7,0.7,5,0.0,0.0,0.0,0.0,0,0.0
39.0,30.0,58.0,0.0,mid,-1.0,0.0,5,0.0,0.0,0.0,0.0,0,0.0
40.0,27.9,65.0,0.0,development,-1.0,0.3,5,0.0,0.0,0.0,0.0,0,0.0
41.0,19.7,97.0,0.0,mid,0.3,1.0,5,0.0,0.0,0.0,0.0,0,0.0
41.0,20.8,84.0,0.0,mid,-0.7,0.7,5,0.0,0.0,0.0,0.0,0,0.0
41.0,22.0,88.0,0.0,mid,0.7,0.7,5,0.0,0.0,0.0,0.0,0,0.0
41.0,24.0,80.0,0.8,mid,1.0,-0.3,5,0.0,0.0,0.0,0.0,0,0.0
41.0,25.2,74.0,0.0,late,-1.0,0.0,5,0.0,0.0,0.0,0.0,0,0.0
41.0,26.3,75.0,0.0,mid,-1.0,0.0,5,0.0,0.0,0.0,0.0,0,0.0
42.0,20.1,100.0,0.0,mid,0.3,1.0,5,0.0,0.0,0.0,0.0,0,0.0
42.0,22.8,97.0,0.0,mid,0.7,0.7,5,0.0,0.0,0.0,0.0,0,0.0
42.0,25.8,73.0,0.0,development,-0.7,0.7,5,0.0,0.0,0.0,0.0,0,0.0
42.0,32.8,40.0,2.4,mid,-0.3,-1.0,5,0.0,0.0,0.0,0.0,0,0.0
43.0,20.8,100.0,0.0,mid,-0.3,1.0,5,0.0,0.0,0.0,0.0,0,0.0
43.0,21.8,92.0,0.1,late,1.0,0.3,5,0.0,0.0,0.0,0.0,0,0.0
43.0,22.4,83.0,0.0,development,-0.9,0.5,5,0.0,0.0,0.0,0.0,0,0.0
43.0,23.0,81.0,0.0,late,-0.7,0.7,5,0.0,0.0,0.0,0.0,0,0.0
43.0,23.2,83.0,0.0,development,-0.7,0.7,5,0.0,0.0,0.0,0.0,0,0.0
43.0,23.5,85.0,0.0,development,-0.7,0.7,5,0.0,0.0,0.0,0.0,0,0.0
43.0,24.0,93.0,0.0,development,0.9,0.5,5,0.0,0.0,0.0,0.0,0,0.0
43.0,25.2,77.0,0.0,late,-0.9,0.5,5,0.0,0.0,0.0,0.0,0,0.0
43.0,26.0,73.0,0.0,late,-1.0,0.3,5,0.0,0.0,0.0,0.0,0,0.0
43.0,26.2,69.0,0.0,late,-0.9,0.5,5,0.0,0.0,0.0,0.0,0,0.0
43.0,29.2,53.0,0.0,late,-1.0,0.0,5,0.0,0.0,0.0,0.0,0,0.0
44.0,19.1,94.0,0.0,initial,0.9,0.5,6,0.0,0.0,0.0,0.0,0,0.0
44.0,20.0,100.0,0.0,late,0.7,0.7,6,0.0,0.0,0.0,0.0,0,0.0
44.0,20.3,96.0,0.0,development,0.5,0.9,5,0.0,0.0,0.0,0.0,0,0.0
44.0,20.3,99.0,0.0,late,0.5,0.9,6,0.0,0.0,0.0,0.0,0,0.0
44.0,20.6,97.0,0.0,late,0.3,1.0,5,0.0,0.0,0.0,0.0,0,0.0
44.0,20.6,100.0,0.0,mid,0.9,0.5,8,0.0,0.0,0.0,0.0,0,0.0
44.0,21.2,98.0,0.0,development,0.5,0.9,7,0.0,0.0,0.0,0.0,0,0.0
44.0,21.7,90.0,0.0,late,-0.3,1.0,6,0.0,0.0,0.0,0.0,0,0.0
44.0,21.7,95.0,0.0,mid,0.7,0.7,5,0.0,0.0,0.0,0.0,0,0.0
44.0,22.1,86.0,0.0,development,-1.0,0.3,5,0.0,0.0,0.0,0.0,0,0.0
44.0,22.3,85.0,0.0,late,-0.5,0.9,5,0.0,0.0,0.0,0.0,0,0.0
44.0,22.8,88.0,0.0,initial,-0.3,1.0,5,0.0,0.0,0.0,0.0,0,0.0
44.0,22.9,93.0,0.0,late,0.7,0.7,5,0.0,0.0,0.0,0.0,0,0.0
44.0,23.4,92.0,0.0,late,0.5,0.9,5,0.0,0.0,0.0,0.0,0,0.0
44.0,24.0,87.0,0.0,late,-0.3,1.0,5,0.0,0.0,0.0,0.0,0,0.0
44.0,24.2,85.0,0.4,late,1.0,0.0,6,0.0,0.0,0.0,0.0,0,0.0
44.0,24.6,82.0,0.0,initial,-0.3,1.0,6,0.0,0.0,0.0,0.0,0,0.0
44.0,25.5,70.0,1.8,late,1.0,-0.3,5,0.0,0.0,0.0,0.0,0,0.0
44.0,26.5,71.0,0.9,late,1.0,-0.3,5,0.0,0.0,0.0,0.0,0,0.0
44.0,27.1,65.0,0.0,initial,-1.0,0.0,5,0.0,0.0,0.0,0.0,0,0.0
44.0,28.0,57.0,2.4,late,0.9,-0.5,5,0.0,0.0,0.0,0.0,0,0.0
44.0,28.7,60.0,1.5,late,0.9,-0.5,5,0.0,0.0,0.0,0.0,0,0.0
44.0,29.0,56.0,0.0,initial,-1.0,-0.3,5,0.0,0.0,0.0,0.0,0,0.0
44.0,29.1,59.0,0.5,development,-0.9,-0.5,5,0.0,0.0,0.0,0.0,0,0.0
44.0,31.4,52.0,2.1,initial,0.7,-0.7,6,0.0,0.0,0.0,0.0,0,0.0
44.0,32.9,44.0,2.6,initial,0.3,-1.0,5,8.0,0.0,8.0,8.0,5,1.0
44.0,34.2,39.0,3.0,development,0.0,-1.0,6,2.6666666666666665,4.131182235954578,0.0,8.0,2,0.3333333333333333
44.0,34.9,33.0,0.6,late,-0.9,-0.5,5,0.0,0.0,0.0,0.0,0,0.0
44.0,36.6,29.0,1.4,late,-0.7,-0.7,5,0.0,0.0,0.0,0.0,0,0.0
45.0,20.2,98.0,0.0,late,1.0,0.3,5,0.0,0.0,0.0,0.0,0,0.0
45.0,22.0,88.0,0.0,late,0.9,0.5,5,0.0,0.0,0.0,0.0,0,0.0
45.0,22.0,90.0,0.1,late,1.0,0.3,7,0.0,0.0,0.0,0.0,0,0.0
45.0,22.4,90.0,0.0,late,0.0,1.0,5,0.0,0.0,0.0,0.0,0,0.0
45.0,23.2,93.0,0.0,initial,0.7,0.7,5,0.0,0.0,0.0,0.0,0,0.0
45.0,23.3,93.0,0.0,late,0.7,0.7,5,0.0,0.0,0.0,0.0,0,0.0
45.0,23.4,94.0,0.0,initial,1.0,0.3,5,0.0,0.0,0.0,0.0,0,0.0
45.0,23.5,80.0,0.0,late,-0.5,0.9,6,0.0,0.0,0.0,0.0,0,0.0
45.0,23.5,93.0,0.0,initial,1.0,0.3,6,0.0,0.0,0.0,0.0,0,0.0
45.0,23.8,90.0,0.0,late,1.0,0.3,5,0.0,0.0,0.0,0.0,0,0.0
45.0,23.9,79.0,0.0,late,-0.7,0.7,8,0.0,0.0,0.0,0.0,0,0.0
45.0,24.0,88.0,0.0,mid,0.3,1.0,5,0.0,0.0,0.0,0.0,0,0.0
45.0,24.2,91.0,0.0,late,-0.3,1.0,5,0.0,0.0,0.0,0.0,0,0.0
45.0,24.4,89.0,0.0,late,-1.0,0.0,5,0.0,0.0,0.0,0.0,0,0.0
45.0,24.6,70.0,0.0,late,-1.0,0.3,5,0.0,0.0,0.0,0.0,0,0.0
45.0,24.6,82.0,0.0,late,-0.5,0.9,5,0.0,0.0,0.0,0.0,0,0.0
45.0,24.8,81.0,0.0,initial,-0.5,0.9,6,0.0,0.0,0.0,0.0,0,0.0
45.0,25.0,84.0,0.0,initial,0.0,1.0,5,0.0,0.0,0.0,0.0,0,0.0
45.0,25.3,83.0,0.0,initial,-0.3,1.0,9,0.0,0.0,0.0,0.0,0,0.0
45.0,25.5,82.0,0.0,initial,-0.3,1.0,5,0.0,0.0,0.0,0.0,0,0.0
45.0,26.6,73.0,0.0,initial,-0.9,0.5,6,0.0,0.0,0.0,0.0,0,0.0
45.0,26.7,83.0,0.0,initial,-0.3,1.0,5,0.0,0.0,0.0,0.0,0,0.0
45.0,26.8,70.0,1.1,initial,1.0,-0.3,5,0.0,0.0,0.0,0.0,0,0.0
45.0,27.2,65.0,0.0,mid,-1.0,0.3,5,0.0,0.0,0.0,0.0,0,0.0
45.0,27.2,67.0,0.6,initial,-0.7,-0.7,5,0.0,0.0,0.0,0.0,0,0.0
45.0,27.5,67.0,0.0,late,-1.0,0.0,5,0.0,0.0,0.0,0.0,0,0.0
45.0,28.2,58.0,0.0,late,-1.0,-0.3,5,0.0,0.0,0.0,0.0,0,0.0
45.0,28.7,69.0,1.0,mid,1.0,-0.3,5,0.0,0.0,0.0,0.0,0,0.0
45.0,29.1,62.0,0.0,mid,-1.0,0.0,5,0.0,0.0,0.0,0.0,0,0.0
45.0,29.4,61.0,0.0,mid,-1.0,0.0,5,0.0,0.0,0.0,0.0,0,0.0
45.0,29.4,68.0,0.0,initial,-1.0,0.3,5,0.0,0.0,0.0,0.0,0,0.0
45.0,30.4,44.0,0.6,late,-0.9,-0.5,5,0.0,0.0,0.0,0.0,0,0.0
45.0,31.0,46.0,2.4,late,0.0,-1.0,5,0.0,0.0,0.0,0.0,0,0.0
45.0,31.8,45.0,0.6,initial,-0.9,-0.5,6,0.0,0.0,0.0,0.0,0,0.0
45.0,32.1,40.0,1.4,late,-0.7,-0.7,5,0.0,0.0,0.0,0.0,0,0.0
45.0,33.5,47.0,2.5,initial,0.7,-0.7,5,0.0,0.0,0.0,0.0,0,0.0
45.0,34.7,39.0,1.2,initial,-0.7,-0.7,6,0.0,0.0,0.0,0.0,0,0.0
45.0,36.1,38.0,2.5,mid,0.0,-1.0,5,0.0,0.0,0.0,0.0,0,0.0
46.0,18.7,100.0,0.0,late,0.7,0.7,5,0.0,0.0,0.0,0.0,0,0.0
46.0,18.7,100.0,0.0,late,1.0,0.3,5,0.0,0.0,0.0,0.0,0,0.0
46.0,18.8,100.0,0.0,late,0.5,0.9,5,0.0,0.0,0.0,0.0,0,0.0
46.0,19.2,98.0,0.0,late,0.0,1.0,5,0.0,0.0,0.0,0.0,0,0.0
46.0,19.5,100.0,0.0,mid,0.5,0.9,5,0.0,0.0,0.0,0.0,0,0.0
46.0,19.6,96.0,0.0,late,-0.3,1.0,5,0.0,0.0,0.0,0.0,0,0.0
46.0,19.6,100.0,0.0,mid,0.3,1.0,6,0.0,0.0,0.0,0.0,0,0.0
46.0,20.6,89.0,0.0,late,-0.7,0.7,5,0.0,0.0,0.0,0.0,0,0.0
46.0,21.4,90.0,0.3,development,1.0,0.0,5,0.0,0.0,0.0,0.0,0,0.0
46.0,21.6,94.0,0.0,initial,0.9,0.5,5,0.0,0.0,0.0,0.0,0,0.0
46.0,22.2,92.0,0.0,late,0.3,1.0,5,0.0,0.0,0.0,0.0,0,0.0
46.0,22.2,93.0,0.0,initial,0.5,0.9,5,0.0,0.0,0.0,0.0,0,0.0
46.0,22.4,91.0,0.0,late,0.7,0.7,5,0.0,0.0,0.0,0.0,0,0.0
46.0,23.1,93.0,0.0,initial,0.9,0.5,5,0.0,0.0,0.0,0.0,0,0.0
46.0,23.3,91.0,0.2,mid,1.0,0.3,5,0.0,0.0,0.0,0.0,0,0.0
46.0,23.3,93.0,0.0,initial,0.5,0.9,5,0.0,0.0,0.0,0.0,0,0.0
46.0,23.7,91.0,0.0,initial,0.9,0.5,5,0.0,0.0,0.0,0.0,0,0.0
46.0,23.8,80.0,0.0,initial,-0.5,0.9,5,0.0,0.0,0.0,0.0,0,0.0
46.0,23.8,83.0,0.0,mid,-0.5,0.9,5,0.0,0.0,0.0,0.0,0,0.0
46.0,23.9,95.0,0.0,mid,0.7,0.7,5,0.0,0.0,0.0,0.0,0,0.0
46.0,24.2,88.0,0.0,initial,0.5,0.9,6,0.0,0.0,0.0,0.0,0,0.0
46.0,24.9,82.0,0.0,initial,-0.5,0.9,7,0.0,0.0,0.0,0.0,0,0.0
46.0,25.0,95.0,0.0,initial,0.5,0.9,5,0.0,0.0,0.0,0.0,0,0.0
46.0,25.0,96.0,0.0,initial,0.7,0.7,6,0.0,0.0,0.0,0.0,0,0.0
46.0,25.1,95.0,0.0,initial,0.0,1.0,5,0.0,0.0,0.0,0.0,0,0.0
46.0,25.2,80.0,0.0,initial,-0.7,0.7,5,0.0,0.0,0.0,0.0,0,0.0
46.0,25.2,95.0,0.0,initial,1.0,0.3,5,0.0,0.0,0.0,0.0,0,0.0
46.0,25.3,79.0,0.0,initial,-0.5,0.9,5,0.0,0.0,0.0,0.0,0,0.0
46.0,25.3,93.0,0.0,initial,0.3,1.0,8,0.0,0.0,0.0,0.0,0,0.0
46.0,25.6,92.0,0.0,initial,0.0,1.0,5,0.0,0.0,0.0,0.0,0,0.0
46.0,25.8,87.0,0.0,initial,-0.5,0.9,5,0.0,0.0,0.0,0.0,0,0.0
46.0,26.1,65.0,0.0,initial,-1.0,0.3,7,0.0,0.0,0.0,0.0,0,0.0
46.0,26.1,80.0,0.0,initial,-0.5,0.9,6,0.0,0.0,0.0,0.0,0,0.0
46.0,27.4,67.0,1.4,initial,1.0,-0.3,6,0.0,0.0,0.0,0.0,0,0.0
46.0,27.5,72.0,1.3,initial,1.0,-0.3,5,0.0,0.0,0.0,0.0,0,0.0
46.0,27.7,70.0,0.0,initial,-1.0,0.3,5,0.0,0.0,0.0,0.0,0,0.0
46.0,28.4,55.0,0.2,late,-1.0,-0.3,6,0.0,0.0,0.0,0.0,0,0.0
46.0,28.5,62.0,1.8,initial,0.3,-1.0,5,0.0,0.0,0.0,0.0,0,0.0
46.0,28.6,66.0,0.0,initial,-1.0,0.3,6,0.0,0.0,0.0,0.0,0,0.0
46.0,29.4,59.0,0.0,initial,-1.0,0.0,5,0.0,0.0,0.0,0.0,0,0.0
46.0,29.6,61.0,0.0,initial,-1.0,0.0,6,0.0,0.0,0.0,0.0,0,0.0
46.0,30.2,51.0,1.6,mid,0.7,-0.7,6,4.600975379913316,0.2814991508374317,4.165287655774563,4.925262905334844,6,1.0
46.0,30.4,53.0,0.0,initial,-1.0,-0.3,6,0.0,0.0,0.0,0.0,0,0.0
46.0,30.5,61.0,0.0,initial,-1.0,0.0,8,0.0,0.0,0.0,0.0,0,0.0
46.0,30.6,57.0,2.1,initial,0.9,-0.5,5,0.0,0.0,0.0,0.0,0,0.0
46.0,31.1,42.0,3.2,initial,0.7,-0.7,6,0.0,0.0,0.0,0.0,0,0.0
46.0,31.6,39.0,2.7,development,0.0,-1.0,5,0.0,0.0,0.0,0.0,0,0.0
46.0,31.8,43.0,2.6,initial,0.7,-0.7,5,0.0,0.0,0.0,0.0,0,0.0
46.0,32.5,42.0,1.5,late,-0.7,-0.7,5,0.0,0.0,0.0,0.0,0,0.0
46.0,32.9,48.0,2.2,initial,0.7,-0.7,5,0.0,0.0,0.0,0.0,0,0.0
46.0,33.1,39.0,1.5,initial,-0.7,-0.7,5,0.0,0.0,0.0,0.0,0,0.0
46.0,33.2,37.0,2.2,late,-0.5,-0.9,5,0.0,0.0,0.0,0.0,0,0.0
46.0,33.3,39.0,2.8,late,-0.3,-1.0,5,3.2,4.381780460041329,0.0,8.0,2,0.4
46.0,33.3,44.0,0.9,mid,-0.9,-0.5,5,0.0,0.0,0.0,0.0,0,0.0
46.0,33.8,36.0,2.7,late,-0.3,-1.0,5,0.0,0.0,0.0,0.0,0,0.0
46.0,34.7,36.0,2.6,late,-0.3,-1.0,5,8.0,0.0,8.0,8.0,5,1.0
46.0,35.1,36.0,2.0,initial,-0.5,-0.9,7,0.0,0.0,0.0,0.0,0,0.0
46.0,37.5,28.0,2.3,late,-0.5,-0.9,5,0.0,0.0,0.0,0.0,0,0.0
47.0,18.0,100.0,0.0,mid,0.7,0.7,5,0.0,0.0,0.0,0.0,0,0.0
47.0,19.5,100.0,0.0,mid,0.3,1.0,6,0.0,0.0,0.0,0.0,0,0.0
47.0,19.5,100.0,0.0,mid,1.0,0.3,5,0.0,0.0,0.0,0.0,0,0.0
47.0,19.7,100.0,0.0,mid,0.0,1.0,7,0.0,0.0,0.0,0.0,0,0.0
47.0,20.3,99.0,0.0,initial,1.0,0.3,5,0.0,0.0,0.0,0.0,0,0.0
47.0,20.6,95.0,0.0,mid,-0.7,0.7,5,0.0,0.0,0.0,0.0,0,0.0
47.0,20.6,100.0,0.0,initial,0.3,1.0,5,0.0,0.0,0.0,0.0,0,0.0
47.0,21.0,97.0,0.0,initial,-0.3,1.0,5,0.0,0.0,0.0,0.0,0,0.0
47.0,21.1,98.0,0.0,mid,0.5,0.9,5,0.0,0.0,0.0,0.0,0,0.0
47.0,21.2,100.0,0.0,mid,0.7,0.7,5,0.0,0.0,0.0,0.0,0,0.0
47.0,21.4,79.0,0.0,late,0.0,1.0,6,0.0,0.0,0.0,0.0,0,0.0
47.0,21.6,98.0,0.0,mid,-0.3,1.0,6,0.0,0.0,0.0,0.0,0,0.0
47.0,21.8,93.0,0.0,mid,-0.9,0.5,5,0.0,0.0,0.0,0.0,0,0.0
47.0,21.8,97.0,0.0,initial,0.9,0.5,5,0.0,0.0,0.0,0.0,0,0.0
47.0,21.8,97.0,0.0,mid,-0.5,0.9,6,0.0,0.0,0.0,0.0,0,0.0
47.0,21.8,97.0,0.0,mid,0.7,0.7,5,0.0,0.0,0.0,0.0,0,0.0
47.0,22.2,91.0,0.0,late,0.7,0.7,5,0.0,0.0,0.0,0.0,0,0.0
47.0,22.2,96.0,0.0,mid,0.9,0.5,5,0.0,0.0,0.0,0.0,0,0.0
47.0,22.3,92.0,0.0,initial,0.3,1.0,5,0.0,0.0,0.0,0.0,0,0.0
47.0,22.4,96.0,0.0,mid,0.3,1.0,5,0.0,0.0,0.0,0.0,0,0.0
47.0,22.5,79.0,0.0,late,-1.0,0.3,5,0.0,0.0,0.0,0.0,0,0.0
47.0,22.5,80.0,0.0,mid,-1.0,0.0,5,0.0,0.0,0.0,0.0,0,0.0
47.0,22.5,87.0,0.0,mid,-1.0,0.3,5,0.0,0.0,0.0,0.0,0,0.0
47.0,22.6,88.0,0.0,initial,-0.3,1.0,5,0.0,0.0,0.0,0.0,0,0.0
47.0,22.6,97.0,0.0,initial,0.5,0.9,5,0.0,0.0,0.0,0.0,0,0.0
47.0,23.0,80.0,0.0,mid,-0.7,0.7,7,0.0,0.0,0.0,0.0,0,0.0
47.0,23.0,90.0,0.0,mid,1.0,0.3,5,0.0,0.0,0.0,0.0,0,0.0
47.0,23.0,94.0,0.0,initial,1.0,0.3,5,0.0,0.0,0.0,0.0,0,0.0
47.0,23.2,92.0,0.0,initial,0.9,0.5,5,0.0,0.0,0.0,0.0,0,0.0
47.0,23.4,82.0,0.0,initial,-0.5,0.9,5,0.0,0.0,0.0,0.0,0,0.0
47.0,23.4,91.0,0.0,initial,0.7,0.7,6,0.0,0.0,0.0,0.0,0,0.0
47.0,23.5,80.0,0.0,initial,-0.5,0.9,5,0.0,0.0,0.0,0.0,0,0.0
47.0,23.7,84.0,0.0,mid,-0.3,1.0,5,0.0,0.0,0.0,0.0,0,0.0
47.0,23.8,76.0,0.0,mid,-1.0,0.0,7,0.0,0.0,0.0,0.0,0,0.0
47.0,23.8,83.0,0.0,mid,-0.5,0.9,8,0.0,0.0,0.0,0.0,0,0.0
47.0,23.9,88.0,0.0,initial,0.3,1.0,6,0.0,0.0,0.0,0.0,0,0.0
47.0,24.0,88.0,0.0,initial,-0.3,1.0,6,0.0,0.0,0.0,0.0,0,0.0
47.0,24.0,90.0,0.0,initial,0.5,0.9,5,0.0,0.0,0.0,0.0,0,0.0
47.0,24.1,88.0,0.1,initial,1.0,0.3,6,0.0,0.0,0.0,0.0,0,0.0
47.0,24.1,96.0,0.0,initial,1.0,0.3,5,0.0,0.0,0.0,0.0,0,0.0
47.0,24.2,88.0,0.0,initial,0.5,0.9,7,0.0,0.0,0.0,0.0,0,0.0
47.0,24.3,84.0,0.0,initial,0.0,1.0,5,0.0,0.0,0.0,0.0,0,0.0
47.0,24.4,87.0,0.0,initial,0.3,1.0,6,0.0,0.0,0.0,0.0,0,0.0
47.0,24.5,85.0,0.5,initial,1.0,0.0,6,0.0,0.0,0.0,0.0,0,0.0
47.0,24.6,76.0,0.0,mid,-1.0,0.3,6,0.0,0.0,0.0,0.0,0,0.0
47.0,24.7,87.0,0.5,initial,1.0,0.0,6,0.0,0.0,0.0,0.0,0,0.0
47.0,24.9,87.0,0.0,initial,0.7,0.7,5,0.0,0.0,0.0,0.0,0,0.0
47.0,25.0,84.0,0.0,initial,0.0,1.0,5,0.0,0.0,0.0,0.0,0,0.0
47.0,25.1,95.0,0.0,initial,0.9,0.5,5,0.0,0.0,0.0,0.0,0,0.0
47.0,25.2,80.0,0.0,initial,-0.7,0.7,9,0.0,0.0,0.0,0.0,0,0.0
47.0,25.3,83.0,0.0,initial,-0.3,1.0,6,0.0,0.0,0.0,0.0,0,0.0
47.0,25.3,84.0,0.0,initial,0.3,1.0,5,0.0,0.0,0.0,0.0,0,0.0
47.0,25.4,76.0,0.0,development,-0.7,0.7,6,0.0,0.0,0.0,0.0,0,0.0
47.0,25.4,91.0,0.0,initial,-0.3,1.0,6,0.0,0.0,0.0,0.0,0,0.0
47.0,25.6,67.0,0.0,mid,-1.0,0.0,5,0.0,0.0,0.0,0.0,0,0.0
47.0,26.2,64.0,1.7,initial,0.9,-0.5,5,0.0,0.0,0.0,0.0,0,0.0
47.0,26.2,72.0,1.0,late,1.0,-0.3,5,0.0,0.0,0.0,0.0,0,0.0
47.0,26.3,74.0,0.9,initial,1.0,-0.3,5,0.0,0.0,0.0,0.0,0,0.0
47.0,26.4,76.0,0.8,initial,1.0,-0.3,5,0.0,0.0,0.0,0.0,0,0.0
47.0,26.6,71.0,0.0,initial,-0.9,0.5,8,0.0,0.0,0.0,0.0,0,0.0
47.0,26.6,76.0,0.0,initial,-0.5,0.9,5,0.0,0.0,0.0,0.0,0,0.0
47.0,26.8,75.0,0.0,mid,-0.9,0.5,5,0.0,0.0,0.0,0.0,0,0.0
47.0,27.0,73.0,0.0,initial,-0.9,0.5,5,0.0,0.0,0.0,0.0,0,0.0
47.0,27.4,67.0,0.0,initial,-1.0,-0.3,5,0.0,0.0,0.0,0.0,0,0.0
47.0,27.6,59.0,0.4,mid,-0.9,-0.5,6,0.0,0.0,0.0,0.0,0,0.0
47.0,27.8,52.0,0.0,initial,-1.0,0.0,5,0.0,0.0,0.0,0.0,0,0.0
47.0,27.8,69.0,0.0,initial,-1.0,0.3,5,0.0,0.0,0.0,0.0,0,0.0
47.0,27.9,61.0,2.8,mid,0.5,-0.9,6,0.0,0.0,0.0,0.0,0,0.0
47.0,28.4,57.0,2.0,mid,0.5,-0.9,5,2.699101429529139,2.4640997952394397,0.0,4.522035269614857,3,0.6
47.0,28.6,53.0,2.8,development,0.7,-0.7,5,0.0,0.0,0.0,0.0,0,0.0
47.0,29.0,60.0,2.3,mid,0.3,-1.0,5,3.5847597483473095,2.0077465218207675,0.0,4.5866413968216015,4,0.8
47.0,29.1,58.0,1.9,initial,0.9,-0.5,5,0.0,0.0,0.0,0.0,0,0.0
47.0,29.2,48.0,1.9,mid,0.0,-1.0,6,2.957159915983951,2.2906197840628564,0.0,4.449025837053487,4,0.6666666666666666
47.0,29.3,40.0,2.7,initial,0.3,-1.0,5,0.0,0.0,0.0,0.0,0,0.0
47.0,29.4,53.0,2.2,late,0.7,-0.7,5,0.0,0.0,0.0,0.0,0,0.0
47.0,29.8,47.0,0.2,initial,-1.0,-0.3,6,0.0,0.0,0.0,0.0,0,0.0
47.0,30.1,52.0,0.3,initial,-1.0,-0.3,5,0.0,0.0,0.0,0.0,0,0.0
47.0,30.3,49.0,2.4,late,0.5,-0.9,5,0.0,0.0,0.0,0.0,0,0.0
47.0,30.5,53.0,2.6,mid,0.5,-0.9,6,0.8363554359997695,2.0486440618023884,0.0,5.018132615998617,1,0.16666666666666666
47.0,30.6,48.0,0.5,initial,-0.9,-0.5,5,0.0,0.0,0.0,0.0,0,0.0
47.0,31.1,50.0,2.8,development,0.7,-0.7,5,0.0,0.0,0.0,0.0,0,0.0
47.0,31.4,50.0,2.2,mid,0.7,-0.7,5,0.0,0.0,0.0,0.0,0,0.0
47.0,31.9,54.0,0.0,initial,-1.0,-0.3,5,0.0,0.0,0.0,0.0,0,0.0
47.0,32.1,39.0,0.7,initial,-0.9,-0.5,5,0.0,0.0,0.0,0.0,0,0.0
47.0,32.1,50.0,2.2,development,0.0,-1.0,5,0.0,0.0,0.0,0.0,0,0.0
47.0,32.4,37.0,3.6,mid,0.5,-0.9,6,3.0614446194159317,2.4115459917039956,0.0,5.08382091513743,4,0.6666666666666666
47.0,33.2,40.0,2.4,initial,0.3,-1.0,5,0.0,0.0,0.0,0.0,0,0.0
47.0,33.4,46.0,0.5,initial,-0.9,-0.5,5,0.0,0.0,0.0,0.0,0,0.0
47.0,33.7,38.0,2.4,late,-0.5,-0.9,5,0.0,0.0,0.0,0.0,0,0.0
47.0,34.0,39.0,3.0,late,0.3,-1.0,6,0.0,0.0,0.0,0.0,0,0.0
47.0,34.2,36.0,2.4,mid,0.5,-0.9,5,2.8794219899345372,2.656895979034806,0.0,5.116503204381324,3,0.6
47.0,34.2,36.0,2.8,late,-0.3,-1.0,5,0.0,0.0,0.0,0.0,0,0.0
47.0,34.2,45.0,0.5,initial,-0.9,-0.5,7,0.0,0.0,0.0,0.0,0,0.0
47.0,34.4,43.0,2.8,mid,0.5,-0.9,6,1.516995968634428,2.350122266031654,0.0,4.556091838284544,2,0.3333333333333333
47.0,34.8,39.0,2.5,mid,0.5,-0.9,5,2.147326745868861,2.940352575148007,0.0,5.375455256995409,2,0.4
47.0,35.1,38.0,3.5,mid,0.5,-0.9,5,1.0892534210603373,2.435644694215115,0.0,5.446267105301686,1,0.2
47.0,35.3,36.0,1.7,mid,-0.5,-0.9,5,0.0,0.0,0.0,0.0,0,0.0
47.0,35.4,32.0,0.8,mid,-0.9,-0.5,5,0.0,0.0,0.0,0.0,0,0.0
47.0,35.7,37.0,1.8,initial,-0.5,-0.9,6,0.0,0.0,0.0,0.0,0,0.0
47.0,35.9,36.0,3.5,mid,0.5,-0.9,7,1.540167937875914,2.630339039786769,0.0,5.395509179305918,2,0.2857142857142857
47.0,35.9,40.0,1.3,initial,-0.7,-0.7,7,0.0,0.0,0.0,0.0,0,0.0
47.0,37.2,29.0,3.2,late,0.0,-1.0,5,0.0,0.0,0.0,0.0,0,0.0
47.0,37.7,27.0,2.9,late,-0.3,-1.0,6,0.0,0.0,0.0,0.0,0,0.0
48.0,18.7,100.0,0.0,mid,0.9,0.5,6,0.0,0.0,0.0,0.0,0,0.0
48.0,19.0,100.0,0.0,mid,0.7,0.7,7,0.0,0.0,0.0,0.0,0,0.0
48.0,19.4,92.0,0.0,mid,-0.3,1.0,5,0.0,0.0,0.0,0.0,0,0.0
48.0,19.4,96.0,0.0,mid,0.0,1.0,5,0.0,0.0,0.0,0.0,0,0.0
48.0,19.8,95.0,0.0,mid,0.9,0.5,6,0.0,0.0,0.0,0.0,0,0.0
48.0,20.2,100.0,0.0,mid,0.9,0.5,5,0.0,0.0,0.0,0.0,0,0.0
48.0,20.3,100.0,0.0,development,1.0,0.3,5,0.0,0.0,0.0,0.0,0,0.0
48.0,20.4,94.0,0.0,mid,0.3,1.0,6,0.0,0.0,0.0,0.0,0,0.0
48.0,20.4,100.0,0.0,mid,0.7,0.7,5,0.0,0.0,0.0,0.0,0,0.0
48.0,20.5,92.0,0.0,late,0.3,1.0,5,0.0,0.0,0.0,0.0,0,0.0
48.0,20.5,100.0,0.0,development,0.9,0.5,5,0.0,0.0,0.0,0.0,0,0.0
48.0,20.5,100.0,0.0,initial,0.9,0.5,7,0.0,0.0,0.0,0.0,0,0.0
48.0,20.5,100.0,0.0,mid,0.7,0.7,6,0.0,0.0,0.0,0.0,0,0.0
48.0,20.6,100.0,0.0,initial,0.3,1.0,5,0.0,0.0,0.0,0.0,0,0.0
48.0,20.6,100.0,0.0,mid,0.5,0.9,8,0.0,0.0,0.0,0.0,0,0.0
48.0,20.7,98.0,0.0,mid,0.7,0.7,5,0.0,0.0,0.0,0.0,0,0.0
48.0,20.8,98.0,0.0,initial,0.5,0.9,6,0.0,0.0,0.0,0.0,0,0.0
48.0,20.9,100.0,0.0,mid,0.9,0.5,5,0.0,0.0,0.0,0.0,0,0.0
48.0,21.0,97.0,0.0,initial,0.3,1.0,5,0.0,0.0,0.0,0.0,0,0.0
48.0,21.0,100.0,0.0,mid,0.5,0.9,5,0.0,0.0,0.0,0.0,0,0.0
48.0,21.1,93.0,0.0,mid,-0.3,1.0,5,0.0,0.0,0.0,0.0,0,0.0
48.0,21.1,97.0,0.0,development,0.0,1.0,5,0.0,0.0,0.0,0.0,0,0.0
48.0,21.1,100.0,0.0,mid,-0.5,0.9,5,0.0,0.0,0.0,0.0,0,0.0
48.0,21.1,100.0,0.0,mid,0.9,0.5,7,0.0,0.0,0.0,0.0,0,0.0
48.0,21.2,97.0,0.0,mid,0.5,0.9,5,0.0,0.0,0.0,0.0,0,0.0
48.0,21.3,90.0,0.0,mid,-0.3,1.0,5,0.0,0.0,0.0,0.0,0,0.0
48.0,21.3,96.0,0.0,mid,0.5,0.9,5,0.0,0.0,0.0,0.0,0,0.0
48.0,21.4,91.0,0.0,mid,-0.5,0.9,5,0.0,0.0,0.0,0.0,0,0.0
48.0,21.4,94.0,0.0,initial,-0.5,0.9,5,0.0,0.0,0.0,0.0,0,0.0
48.0,21.4,96.0,0.0,mid,-0.5,0.9,5,0.0,0.0,0.0,0.0,0,0.0
48.0,21.4,98.0,0.0,mid,0.7,0.7,5,0.0,0.0,0.0,0.0,0,0.0
48.0,21.5,93.0,0.0,mid,0.3,1.0,5,0.0,0.0,0.0,0.0,0,0.0
48.0,21.6,89.0,0.0,mid,0.5,0.9,5,0.0,0.0,0.0,0.0,0,0.0
48.0,21.6,94.0,0.0,initial,0.3,1.0,6,0.0,0.0,0.0,0.0,0,0.0
48.0,21.7,85.0,0.0,mid,0.9,0.5,5,0.0,0.0,0.0,0.0,0,0.0
48.0,21.8,85.0,0.0,mid,0.5,0.9,5,0.0,0.0,0.0,0.0,0,0.0
48.0,21.9,84.0,0.2,mid,1.0,0.3,5,0.0,0.0,0.0,0.0,0,0.0
48.0,21.9,95.0,0.0,mid,0.3,1.0,6,0.0,0.0,0.0,0.0,0,0.0
48.0,22.0,94.0,0.0,mid,0.0,1.0,11,0.0,0.0,0.0,0.0,0,0.0
48.0,22.0,96.0,0.0,mid,-0.7,0.7,5,0.0,0.0,0.0,0.0,0,0.0
48.0,22.0,97.0,0.2,mid,1.0,0.0,8,0.0,0.0,0.0,0.0,0,0.0
48.0,22.1,89.0,0.0,mid,-0.7,0.7,6,0.0,0.0,0.0,0.0,0,0.0
48.0,22.2,92.0,0.0,late,0.9,0.5,6,0.0,0.0,0.0,0.0,0,0.0
48.0,22.2,93.0,0.0,initial,0.5,0.9,5,0.0,0.0,0.0,0.0,0,0.0
48.0,22.2,94.0,0.1,initial,1.0,0.3,5,0.0,0.0,0.0,0.0,0,0.0
48.0,22.2,95.0,0.3,mid,1.0,0.0,7,0.0,0.0,0.0,0.0,0,0.0
48.0,22.2,96.0,0.0,mid,0.9,0.5,5,0.0,0.0,0.0,0.0,0,0.0
48.0,22.3,84.0,0.0,mid,-1.0,0.0,5,0.0,0.0,0.0,0.0,0,0.0
48.0,22.3,85.0,0.0,mid,-0.3,1.0,5,0.0,0.0,0.0,0.0,0,0.0
48.0,22.3,91.0,0.0,late,0.5,0.9,6,0.0,0.0,0.0,0.0,0,0.0
48.0,22.4,79.0,0.0,development,-1.0,0.0,5,0.0,0.0,0.0,0.0,0,0.0
48.0,22.4,83.0,0.0,late,0.0,1.0,5,0.0,0.0,0.0,0.0,0,0.0
48.0,22.4,83.0,0.0,mid,-0.5,0.9,5,0.0,0.0,0.0,0.0,0,0.0
48.0,22.4,94.0,0.0,mid,0.7,0.7,8,0.0,0.0,0.0,0.0,0,0.0
48.0,22.4,95.0,0.0,mid,0.7,0.7,5,0.0,0.0,0.0,0.0,0,0.0
48.0,22.5,79.0,0.0,late,-1.0,0.3,6,0.0,0.0,0.0,0.0,0,0.0
48.0,22.5,89.0,0.0,late,0.3,1.0,7,0.0,0.0,0.0,0.0,0,0.0
48.0,22.6,95.0,0.0,development,-0.5,0.9,5,0.0,0.0,0.0,0.0,0,0.0
48.0,22.6,96.0,0.0,late,0.0,1.0,6,0.0,0.0,0.0,0.0,0,0.0
48.0,22.7,96.0,0.0,initial,0.9,0.5,5,0.0,0.0,0.0,0.0,0,0.0
48.0,22.8,88.0,0.0,mid,-1.0,0.3,6,0.0,0.0,0.0,0.0,0,0.0
48.0,22.8,91.0,0.0,mid,0.0,1.0,5,0.0,0.0,0.0,0.0,0,0.0
48.0,22.8,91.0,0.0,mid,0.9,0.5,6,0.0,0.0,0.0,0.0,0,0.0
48.0,22.8,94.0,0.0,mid,-0.5,0.9,6,0.0,0.0,0.0,0.0,0,0.0
48.0,22.9,92.0,0.0,mid,0.0,1.0,10,0.0,0.0,0.0,0.0,0,0.0
48.0,23.0,80.0,0.0,mid,-0.7,0.7,9,0.0,0.0,0.0,0.0,0,0.0
48.0,23.0,83.0,0.0,mid,-1.0,0.3,5,0.0,0.0,0.0,0.0,0,0.0
48.0,23.1,82.0,0.0,late,-1.0,0.0,6,0.0,0.0,0.0,0.0,0,0.0
48.0,23.1,85.0,0.0,mid,-0.3,1.0,8,0.0,0.0,0.0,0.0,0,0.0
48.0,23.1,91.0,0.0,mid,-0.3,1.0,6,0.0,0.0,0.0,0.0,0,0.0
48.0,23.1,93.0,0.0,mid,0.5,0.9,5,0.0,0.0,0.0,0.0,0,0.0
48.0,23.2,91.0,0.0,mid,-0.9,0.5,5,0.0,0.0,0.0,0.0,0,0.0
48.0,23.3,92.0,0.0,initial,0.5,0.9,5,0.0,0.0,0.0,0.0,0,0.0
48.0,23.4,83.0,0.0,mid,-0.5,0.9,5,0.0,0.0,0.0,0.0,0,0.0
48.0,23.5,78.0,0.0,mid,-1.0,0.3,5,0.0,0.0,0.0,0.0,0,0.0
48.0,23.5,89.0,0.0,mid,0.3,1.0,5,0.0,0.0,0.0,0.0,0,0.0
48.0,23.5,91.0,0.0,initial,0.3,1.0,6,0.0,0.0,0.0,0.0,0,0.0
48.0,23.5,91.0,0.0,mid,0.7,0.7,5,0.0,0.0,0.0,0.0,0,0.0
48.0,23.7,85.0,0.0,mid,0.3,1.0,7,0.0,0.0,0.0,0.0,0,0.0
48.0,23.7,93.0,0.0,initial,0.0,1.0,5,0.0,0.0,0.0,0.0,0,0.0
48.0,23.8,76.0,0.0,mid,-1.0,0.0,5,0.0,0.0,0.0,0.0,0,0.0
48.0,23.8,80.0,0.0,mid,-0.7,0.7,5,0.0,0.0,0.0,0.0,0,0.0
48.0,23.8,86.0,0.6,initial,1.0,-0.3,5,0.0,0.0,0.0,0.0,0,0.0
48.0,23.9,78.0,0.0,mid,-1.0,0.3,7,0.0,0.0,0.0,0.0,0,0.0
48.0,24.1,88.0,0.1,initial,1.0,0.3,6,0.0,0.0,0.0,0.0,0,0.0
48.0,24.2,73.0,0.0,development,-1.0,0.0,5,0.0,0.0,0.0,0.0,0,0.0
48.0,24.2,77.0,0.0,mid,-0.9,0.5,6,0.0,0.0,0.0,0.0,0,0.0
48.0,24.2,91.0,0.0,late,-0.3,1.0,5,0.0,0.0,0.0,0.0,0,0.0
48.0,24.3,83.0,0.0,mid,-0.9,0.5,5,0.0,0.0,0.0,0.0,0,0.0
48.0,24.3,84.0,0.0,mid,-1.0,0.0,6,0.0,0.0,0.0,0.0,0,0.0
48.0,24.4,77.0,0.9,initial,1.0,0.0,5,0.0,0.0,0.0,0.0,0,0.0
48.0,24.4,94.0,0.0,late,-0.9,0.5,5,0.0,0.0,0.0,0.0,0,0.0
48.0,24.6,79.0,1.0,development,1.0,-0.3,5,0.0,0.0,0.0,0.0,0,0.0
48.0,24.6,86.0,0.0,initial,-0.3,1.0,5,0.0,0.0,0.0,0.0,0,0.0
48.0,24.7,79.0,0.0,mid,-0.9,0.5,5,0.0,0.0,0.0,0.0,0,0.0
48.0,24.8,87.0,0.0,mid,-0.3,1.0,5,0.0,0.0,0.0,0.0,0,0.0
48.0,25.0,70.0,0.0,mid,-1.0,-0.3,6,0.0,0.0,0.0,0.0,0,0.0
48.0,25.1,75.0,0.0,mid,-1.0,0.3,5,0.0,0.0,0.0,0.0,0,0.0
48.0,25.3,84.0,0.0,initial,0.3,1.0,5,0.0,0.0,0.0,0.0,0,0.0
48.0,25.4,84.0,0.0,mid,-0.7,0.7,6,0.0,0.0,0.0,0.0,0,0.0
48.0,25.6,67.0,0.0,mid,-1.0,0.0,6,0.0,0.0,0.0,0.0,0,0.0
48.0,26.0,72.0,1.9,mid,1.0,-0.3,5,0.0,0.0,0.0,0.0,0,0.0
48.0,26.1,57.0,1.0,mid,-0.5,-0.9,6,0.0,0.0,0.0,0.0,0,0.0
48.0,26.2,65.0,0.1,mid,-1.0,-0.3,6,0.0,0.0,0.0,0.0,0,0.0
48.0,26.4,50.0,0.6,initial,-0.9,-0.5,6,0.0,0.0,0.0,0.0,0,0.0
48.0,26.6,69.0,0.0,mid,-1.0,0.0,7,0.0,0.0,0.0,0.0,0,0.0
48.0,26.8,67.0,0.0,development,-1.0,0.3,5,0.0,0.0,0.0,0.0,0,0.0
48.0,26.8,75.0,0.0,mid,-0.9,0.5,5,0.0,0.0,0.0,0.0,0,0.0
48.0,27.0,68.0,0.0,mid,-1.0,0.0,5,0.0,0.0,0.0,0.0,0,0.0
48.0,27.5,57.0,0.0,initial,-1.0,0.0,6,0.0,0.0,0.0,0.0,0,0.0
48.0,27.5,71.0,0.0,mid,-1.0,0.3,5,0.0,0.0,0.0,0.0,0,0.0
48.0,27.6,59.0,0.4,mid,-0.9,-0.5,5,0.0,0.0,0.0,0.0,0,0.0
48.0,27.9,46.0,2.5,initial,0.7,-0.7,5,0.0,0.0,0.0,0.0,0,0.0
48.0,28.0,60.0,1.8,late,0.9,-0.5,6,0.0,0.0,0.0,0.0,0,0.0
48.0,28.0,61.0,0.4,mid,-0.9,-0.5,5,0.0,0.0,0.0,0.0,0,0.0
48.0,28.2,56.0,0.6,mid,-0.9,-0.5,5,0.0,0.0,0.0,0.0,0,0.0
48.0,28.4,72.0,1.2,mid,1.0,-0.3,5,0.0,0.0,0.0,0.0,0,0.0
48.0,28.6,52.0,0.7,initial,-0.7,-0.7,5,0.0,0.0,0.0,0.0,0,0.0
48.0,28.7,57.0,0.0,mid,-1.0,-0.3,7,0.0,0.0,0.0,0.0,0,0.0
48.0,28.8,49.0,1.7,mid,-0.5,-0.9,5,1.638682054383861,2.24385781441237,0.0,4.0967051359596525,2,0.4
48.0,29.1,52.0,2.6,development,0.7,-0.7,5,0.0,0.0,0.0,0.0,0,0.0
48.0,29.2,54.0,1.4,mid,-0.7,-0.7,6,0.0,0.0,0.0,0.0,0,0.0
48.0,29.7,49.0,2.4,mid,0.7,-0.7,5,1.8654453051743871,2.5577067230808828,0.0,4.848421712004011,2,0.4
48.0,29.8,54.0,0.9,mid,-0.7,-0.7,5,0.0,0.0,0.0,0.0,0,0.0
48.0,29.9,49.0,2.6,development,0.7,-0.7,6,0.8100849118540694,1.9842946823699579,0.0,4.860509471124416,1,0.16666666666666666
48.0,30.0,50.0,0.6,mid,-0.9,-0.5,5,0.0,0.0,0.0,0.0,0,0.0
48.0,30.2,47.0,2.5,development,0.7,-0.7,6,4.677768391410722,0.15597836780780533,4.419759278925891,4.867675128863112,6,1.0
48.0,30.2,52.0,2.7,mid,0.9,-0.5,5,0.0,0.0,0.0,0.0,0,0.0
48.0,30.4,59.0,1.6,mid,0.9,-0.5,5,0.0,0.0,0.0,0.0,0,0.0
48.0,30.8,48.0,2.6,late,0.7,-0.7,5,0.0,0.0,0.0,0.0,0,0.0
48.0,31.1,49.0,1.5,mid,-0.5,-0.9,5,0.0,0.0,0.0,0.0,0,0.0
48.0,31.5,43.0,2.3,mid,0.7,-0.7,5,0.0,0.0,0.0,0.0,0,0.0
48.0,31.5,50.0,1.6,initial,-0.5,-0.9,6,0.0,0.0,0.0,0.0,0,0.0
48.0,31.8,44.0,3.2,late,0.5,-0.9,5,0.0,0.0,0.0,0.0,0,0.0
48.0,31.9,42.0,2.7,development,0.3,-1.0,6,0.0,0.0,0.0,0.0,0,0.0
48.0,32.0,40.0,2.7,mid,0.5,-0.9,6,2.049702612084643,2.2453544242900256,0.0,4.113506030428368,3,0.5
48.0,32.0,43.0,2.7,mid,0.0,-1.0,6,4.471172565633787,0.015496192003302916,4.443164868639855,4.485176414130752,6,1.0
48.0,32.0,49.0,2.8,mid,0.5,-0.9,5,4.539577775490085,0.31043437198719137,4.299467830609366,4.930804862282884,5,1.0
48.0,32.3,49.0,2.5,mid,0.3,-1.0,5,2.4250312408542434,2.2137424355674313,0.0,4.045834986967378,3,0.6
48.0,32.4,36.0,1.0,initial,-0.9,-0.5,6,0.0,0.0,0.0,0.0,0,0.0
48.0,32.5,47.0,2.0,initial,-0.3,-1.0,5,0.0,0.0,0.0,0.0,0,0.0
48.0,32.7,41.0,3.0,mid,0.3,-1.0,5,4.372243043157843,0.21462540227339713,4.0976933060810445,4.55527620120904,5,1.0
48.0,32.7,45.0,0.8,mid,-0.9,-0.5,5,0.0,0.0,0.0,0.0,0,0.0
48.0,32.7,49.0,2.4,mid,0.7,-0.7,6,0.0,0.0,0.0,0.0,0,0.0
48.0,32.8,41.0,2.5,mid,0.3,-1.0,5,0.0,0.0,0.0,0.0,0,0.0
48.0,32.9,41.0,3.2,late,0.3,-1.0,7,0.0,0.0,0.0,0.0,0,0.0
48.0,33.0,45.0,2.8,mid,0.7,-0.7,5,0.8083144305912981,1.807446013996178,0.0,4.0415721529564905,1,0.2
48.0,33.0,51.0,3.0,mid,0.7,-0.7,5,1.9431214513296353,2.662270151265322,0.0,4.985909294948769,2,0.4
48.0,33.1,42.0,2.7,mid,0.5,-0.9,5,2.782963906929593,2.540493845899058,0.0,4.646706246890478,3,0.6
48.0,33.6,38.0,3.1,mid,0.5,-0.9,5,0.8055371067324429,1.8012357290522458,0.0,4.027685533662215,1,0.2
48.0,33.7,37.0,3.0,late,0.0,-1.0,5,0.0,0.0,0.0,0.0,0,0.0
48.0,33.8,33.0,1.7,initial,-0.7,-0.7,5,0.0,0.0,0.0,0.0,0,0.0
48.0,33.8,39.0,3.4,development,0.5,-0.9,5,2.0058466725561646,2.746620849883165,0.0,5.019506390834813,2,0.4
48.0,33.9,38.0,0.8,initial,-0.9,-0.5,5,0.0,0.0,0.0,0.0,0,0.0
48.0,34.0,36.0,3.0,late,0.0,-1.0,7,0.0,0.0,0.0,0.0,0,0.0
48.0,34.0,43.0,2.4,development,0.5,-0.9,6,0.7540832978107375,1.847119303191514,0.0,4.524499786864425,1,0.16666666666666666
48.0,34.1,40.0,2.8,mid,0.5,-0.9,5,3.9464295138917036,2.2061339359294627,0.0,4.943107868104221,4,0.8
48.0,34.3,37.0,1.8,initial,-0.7,-0.7,5,0.0,0.0,0.0,0.0,0,0.0
48.0,34.4,34.0,2.4,mid,0.0,-1.0,5,4.486198454795818,0.1812297994952611,4.177091870176831,4.640751747105309,5,1.0
48.0,34.6,39.0,3.0,mid,0.5,-0.9,5,4.3825691220642735,0.445752864797106,4.156313838210348,5.179219325624356,5,1.0
48.0,34.8,37.0,3.3,initial,0.3,-1.0,5,0.0,0.0,0.0,0.0,0,0.0
48.0,35.0,34.0,3.6,development,0.5,-0.9,7,2.261433530809857,2.8205043026026684,0.0,5.2810785872378645,3,0.42857142857142855
48.0,35.2,41.0,3.6,mid,0.3,-1.0,5,4.592110803691871,0.16811820747795278,4.414071406342256,4.781016918795686,5,1.0
48.0,35.4,39.0,3.0,mid,0.5,-0.9,5,2.185167104837454,2.992166064372881,0.0,5.468682164101523,2,0.4
48.0,35.5,35.0,2.9,initial,0.0,-1.0,7,0.0,0.0,0.0,0.0,0,0.0
48.0,35.7,40.0,1.7,initial,-0.5,-0.9,6,0.0,0.0,0.0,0.0,0,0.0
48.0,36.0,36.0,1.9,initial,-0.5,-0.9,5,0.0,0.0,0.0,0.0,0,0.0
48.0,36.8,38.0,1.9,initial,-0.5,-0.9,6,0.0,0.0,0.0,0.0,0,0.0
48.0,37.1,37.0,2.6,initial,-0.3,-1.0,6,0.0,0.0,0.0,0.0,0,0.0
49.0,18.2,94.0,0.0,initial,0.3,1.0,5,0.0,0.0,0.0,0.0,0,0.0
49.0,18.2,100.0,0.0,mid,0.5,0.9,5,0.0,0.0,0.0,0.0,0,0.0
49.0,18.5,100.0,0.0,mid,1.0,0.3,5,0.0,0.0,0.0,0.0,0,0.0
49.0,18.6,99.0,0.0,mid,1.0,0.3,5,0.0,0.0,0.0,0.0,0,0.0
49.0,18.8,86.0,0.0,mid,-0.5,0.9,5,0.0,0.0,0.0,0.0,0,0.0
49.0,18.9,100.0,0.0,mid,1.0,0.3,5,0.0,0.0,0.0,0.0,0,0.0
49.0,19.0,92.0,0.0,initial,-0.3,1.0,5,0.0,0.0,0.0,0.0,0,0.0
49.0,19.0,97.0,0.0,development,0.3,1.0,5,0.0,0.0,0.0,0.0,0,0.0
49.0,19.0,100.0,0.0,mid,0.7,0.7,5,0.0,0.0,0.0,0.0,0,0.0
49.0,19.2,94.0,0.0,mid,0.9,0.5,5,0.0,0.0,0.0,0.0,0,0.0
49.0,19.2,99.0,0.0,mid,0.9,0.5,5,0.0,0.0,0.0,0.0,0,0.0
49.0,19.3,99.0,0.0,mid,0.5,0.9,6,0.0,0.0,0.0,0.0,0,0.0
49.0,19.4,100.0,0.0,initial,0.9,0.5,5,0.0,0.0,0.0,0.0,0,0.0
49.0,19.4,100.0,0.0,mid,0.7,0.7,10,0.0,0.0,0.0,0.0,0,0.0
49.0,19.5,95.0,0.0,mid,-0.3,1.0,5,0.0,0.0,0.0,0.0,0,0.0
49.0,19.5,100.0,0.0,mid,0.5,0.9,8,0.0,0.0,0.0,0.0,0,0.0
49.0,19.6,96.0,0.0,development,0.0,1.0,5,0.0,0.0,0.0,0.0,0,0.0
49.0,19.7,97.0,0.0,mid,0.3,1.0,5,0.0,0.0,0.0,0.0,0,0.0
49.0,19.9,91.0,0.0,development,0.5,0.9,5,0.0,0.0,0.0,0.0,0,0.0
49.0,19.9,98.0,0.0,mid,0.7,0.7,5,0.0,0.0,0.0,0.0,0,0.0
49.0,20.0,96.0,0.0,late,0.3,1.0,5,0.0,0.0,0.0,0.0,0,0.0
49.0,20.0,100.0,0.0,mid,0.5,0.9,5,0.0,0.0,0.0,0.0,0,0.0
49.0,20.0,100.0,0.0,mid,1.0,0.3,8,0.0,0.0,0.0,0.0,0,0.0
49.0,20.1,90.0,0.0,development,0.0,1.0,5,0.0,0.0,0.0,0.0,0,0.0
49.0,20.1,96.0,0.0,mid,0.0,1.0,5,0.0,0.0,0.0,0.0,0,0.0
49.0,20.1,98.0,0.0,initial,0.9,0.5,5,0.0,0.0,0.0,0.0,0,0.0
49.0,20.2,98.0,0.0,late,1.0,0.3,6,0.0,0.0,0.0,0.0,0,0.0
49.0,20.2,99.0,0.0,initial,0.5,0.9,5,0.0,0.0,0.0,0.0,0,0.0
49.0,20.2,100.0,0.0,mid,0.0,1.0,5,0.0,0.0,0.0,0.0,0,0.0
49.0,20.3,97.0,0.0,development,0.5,0.9,5,0.0,0.0,0.0,0.0,0,0.0
49.0,20.3,97.0,0.1,mid,1.0,0.3,5,0.0,0.0,0.0,0.0,0,0.0
49.0,20.4,85.0,0.0,mid,-0.7,0.7,5,0.0,0.0,0.0,0.0,0,0.0
49.0,20.4,100.0,0.0,development,0.9,0.5,5,0.0,0.0,0.0,0.0,0,0.0
49.0,20.4,100.0,0.0,mid,0.9,0.5,7,0.0,0.0,0.0,0.0,0,0.0
49.0,20.5,84.0,0.0,mid,-0.9,0.5,5,0.0,0.0,0.0,0.0,0,0.0
49.0,20.5,96.0,0.0,development,0.7,0.7,6,0.0,0.0,0.0,0.0,0,0.0
49.0,20.5,100.0,0.0,mid,0.9,0.5,5,0.0,0.0,0.0,0.0,0,0.0
49.0,20.6,81.0,0.0,mid,-0.9,0.5,5,0.0,0.0,0.0,0.0,0,0.0
49.0,20.6,84.0,0.0,mid,-0.9,0.5,5,0.0,0.0,0.0,0.0,0,0.0
49.0,20.6,90.0,0.0,mid,0.7,0.7,5,0.0,0.0,0.0,0.0,0,0.0
49.0,20.6,92.0,0.0,development,0.0,1.0,5,0.0,0.0,0.0,0.0,0,0.0
49.0,20.6,92.0,0.1,mid,1.0,0.3,5,0.0,0.0,0.0,0.0,0,0.0
49.0,20.6,93.0,0.0,development,0.7,0.7,5,0.0,0.0,0.0,0.0,0,0.0
49.0,20.6,93.0,0.0,mid,-0.3,1.0,5,0.0,0.0,0.0,0.0,0,0.0
49.0,20.6,96.0,0.0,mid,0.0,1.0,7,0.0,0.0,0.0,0.0,0,0.0
49.0,20.6,96.0,0.0,mid,0.5,0.9,7,0.0,0.0,0.0,0.0,0,0.0
49.0,20.7,92.0,0.0,mid,0.5,0.9,5,0.0,0.0,0.0,0.0,0,0.0
49.0,20.7,94.0,0.0,mid,0.5,0.9,5,0.0,0.0,0.0,0.0,0,0.0
49.0,20.7,95.0,0.0,development,-0.3,1.0,5,0.0,0.0,0.0,0.0,0,0.0
49.0,20.7,96.0,0.0,mid,0.3,1.0,7,0.0,0.0,0.0,0.0,0,0.0
49.0,20.7,98.0,0.0,initial,0.7,0.7,5,0.0,0.0,0.0,0.0,0,0.0
49.0,20.7,100.0,0.0,development,0.7,0.7,5,0.0,0.0,0.0,0.0,0,0.0
49.0,20.8,92.0,0.0,development,-0.5,0.9,8,0.0,0.0,0.0,0.0,0,0.0
49.0,20.8,92.0,0.0,development,0.5,0.9,7,0.0,0.0,0.0,0.0,0,0.0
49.0,20.8,92.0,0.0,mid,0.0,1.0,5,0.0,0.0,0.0,0.0,0,0.0
49.0,20.8,96.0,0.0,mid,0.9,0.5,6,0.0,0.0,0.0,0.0,0,0.0
49.0,20.8,100.0,0.0,development,0.0,1.0,5,0.0,0.0,0.0,0.0,0,0.0
49.0,20.9,91.0,0.0,development,0.3,1.0,5,0.0,0.0,0.0,0.0,0,0.0
49.0,20.9,94.0,0.0,development,0.7,0.7,6,0.0,0.0,0.0,0.0,0,0.0
49.0,20.9,97.0,0.0,mid,0.7,0.7,5,0.0,0.0,0.0,0.0,0,0.0
49.0,20.9,99.0,0.0,mid,1.0,0.3,6,0.0,0.0,0.0,0.0,0,0.0
49.0,21.0,93.0,0.0,development,0.7,0.7,5,0.0,0.0,0.0,0.0,0,0.0
49.0,21.0,94.0,0.0,late,-0.3,1.0,10,0.0,0.0,0.0,0.0,0,0.0
49.0,21.0,97.0,0.0,mid,0.0,1.0,6,0.0,0.0,0.0,0.0,0,0.0
49.0,21.0,98.0,0.0,mid,0.7,0.7,5,0.0,0.0,0.0,0.0,0,0.0
49.0,21.1,83.0,0.0,initial,-0.7,0.7,5,0.0,0.0,0.0,0.0,0,0.0
49.0,21.1,91.0,0.0,mid,-0.5,0.9,5,0.0,0.0,0.0,0.0,0,0.0
49.0,21.1,98.0,0.0,mid,0.5,0.9,8,0.0,0.0,0.0,0.0,0,0.0
49.0,21.1,100.0,0.0,mid,0.3,1.0,7,0.0,0.0,0.0,0.0,0,0.0
49.0,21.2,91.0,0.0,late,-0.5,0.9,5,0.0,0.0,0.0,0.0,0,0.0
49.0,21.2,94.0,0.0,development,0.5,0.9,6,0.0,0.0,0.0,0.0,0,0.0
49.0,21.2,96.0,0.0,development,0.0,1.0,5,0.0,0.0,0.0,0.0,0,0.0
49.0,21.2,96.0,0.0,initial,0.0,1.0,6,0.0,0.0,0.0,0.0,0,0.0
49.0,21.2,100.0,0.0,mid,0.0,1.0,6,0.0,0.0,0.0,0.0,0,0.0
49.0,21.2,100.0,0.0,mid,0.7,0.7,6,0.0,0.0,0.0,0.0,0,0.0
49.0,21.3,91.0,0.0,mid,-0.7,0.7,5,0.0,0.0,0.0,0.0,0,0.0
49.0,21.3,93.0,0.0,development,-0.5,0.9,5,0.0,0.0,0.0,0.0,0,0.0
49.0,21.4,91.0,0.0,mid,-0.5,0.9,6,0.0,0.0,0.0,0.0,0,0.0
49.0,21.6,78.0,0.0,late,-1.0,0.3,5,0.0,0.0,0.0,0.0,0,0.0
49.0,21.6,82.0,0.0,development,-1.0,0.3,8,0.0,0.0,0.0,0.0,0,0.0
49.0,21.6,84.0,0.0,mid,-1.0,0.3,6,0.0,0.0,0.0,0.0,0,0.0
49.0,21.7,81.0,0.0,mid,-1.0,0.0,6,0.0,0.0,0.0,0.0,0,0.0
49.0,21.7,82.0,0.0,late,-0.9,0.5,5,0.0,0.0,0.0,0.0,0,0.0
49.0,21.7,83.0,0.0,mid,-0.7,0.7,6,0.0,0.0,0.0,0.0,0,0.0
49.0,21.7,86.0,0.0,development,-0.9,0.5,5,0.0,0.0,0.0,0.0,0,0.0
49.0,21.7,91.0,0.0,development,-0.5,0.9,5,0.0,0.0,0.0,0.0,0,0.0
49.0,21.7,94.0,0.0,mid,0.7,0.7,6,0.0,0.0,0.0,0.0,0,0.0
49.0,21.7,94.0,0.0,mid,0.9,0.5,5,0.0,0.0,0.0,0.0,0,0.0
49.0,21.8,76.0,0.0,mid,-1.0,0.0,5,0.0,0.0,0.0,0.0,0,0.0
49.0,21.8,97.0,0.0,mid,-0.5,0.9,6,0.0,0.0,0.0,0.0,0,0.0
49.0,21.8,99.0,0.0,development,0.3,1.0,9,0.0,0.0,0.0,0.0,0,0.0
49.0,21.9,87.0,0.0,mid,-0.7,0.7,5,0.0,0.0,0.0,0.0,0,0.0
49.0,21.9,95.0,0.0,mid,0.3,1.0,5,0.0,0.0,0.0,0.0,0,0.0
49.0,22.0,85.0,0.0,late,-1.0,0.3,6,0.0,0.0,0.0,0.0,0,0.0
49.0,22.0,85.0,0.0,mid,-0.9,0.5,5,0.0,0.0,0.0,0.0,0,0.0
49.0,22.0,86.0,0.0,development,-0.7,0.7,5,0.0,0.0,0.0,0.0,0,0.0
49.0,22.0,86.0,0.0,late,0.5,0.9,5,0.0,0.0,0.0,0.0,0,0.0
49.0,22.0,94.0,0.0,development,0.3,1.0,5,0.0,0.0,0.0,0.0,0,0.0
49.0,22.1,83.0,0.0,development,-1.0,0.3,5,0.0,0.0,0.0,0.0,0,0.0
49.0,22.1,98.0,0.0,mid,0.3,1.0,7,0.0,0.0,0.0,0.0,0,0.0
49.0,22.2,89.0,0.0,development,-0.5,0.9,5,0.0,0.0,0.0,0.0,0,0.0
49.0,22.2,92.0,0.0,mid,-0.9,0.5,5,0.0,0.0,0.0,0.0,0,0.0
49.0,22.2,93.0,0.0,development,0.5,0.9,5,0.0,0.0,0.0,0.0,0,0.0
49.0,22.2,95.0,0.0,mid,1.0,0.3,5,0.0,0.0,0.0,0.0,0,0.0
49.0,22.2,96.0,0.0,mid,0.9,0.5,6,0.0,0.0,0.0,0.0,0,0.0
49.0,22.2,97.0,0.0,development,-0.3,1.0,5,0.0,0.0,0.0,0.0,0,0.0
49.0,22.3,77.0,0.0,late,-1.0,0.3,5,0.0,0.0,0.0,0.0,0,0.0
49.0,22.3,91.0,0.0,mid,0.3,1.0,5,0.0,0.0,0.0,0.0,0,0.0
49.0,22.3,95.0,0.0,mid,0.9,0.5,5,0.0,0.0,0.0,0.0,0,0.0
49.0,22.4,73.0,0.0,late,-1.0,0.0,5,0.0,0.0,0.0,0.0,0,0.0
49.0,22.4,85.0,0.0,mid,-0.5,0.9,5,0.0,0.0,0.0,0.0,0,0.0
49.0,22.4,91.0,0.0,development,-0.9,0.5,7,0.0,0.0,0.0,0.0,0,0.0
49.0,22.4,93.0,0.0,mid,-0.3,1.0,5,0.0,0.0,0.0,0.0,0,0.0
49.0,22.4,94.0,0.0,mid,0.7,0.7,10,0.0,0.0,0.0,0.0,0,0.0
49.0,22.4,96.0,0.0,development,0.9,0.5,6,0.0,0.0,0.0,0.0,0,0.0
49.0,22.4,97.0,0.0,late,0.5,0.9,5,0.0,0.0,0.0,0.0,0,0.0
49.0,22.4,97.0,0.0,late,0.7,0.7,6,0.0,0.0,0.0,0.0,0,0.0
49.0,22.4,97.0,0.0,mid,0.0,1.0,6,0.0,0.0,0.0,0.0,0,0.0
49.0,22.5,81.0,0.0,mid,-0.9,0.5,5,0.0,0.0,0.0,0.0,0,0.0
49.0,22.5,83.0,0.0,development,-0.9,0.5,5,0.0,0.0,0.0,0.0,0,0.0
49.0,22.5,86.0,0.0,development,-0.7,0.7,6,0.0,0.0,0.0,0.0,0,0.0
49.0,22.5,88.0,0.8,mid,1.0,-0.3,5,0.0,0.0,0.0,0.0,0,0.0
49.0,22.5,95.0,0.0,development,0.7,0.7,5,0.0,0.0,0.0,0.0,0,0.0
49.0,22.6,85.0,1.0,development,1.0,0.0,5,0.0,0.0,0.0,0.0,0,0.0
49.0,22.6,87.0,0.0,development,-0.9,0.5,6,0.0,0.0,0.0,0.0,0,0.0
49.0,22.6,91.0,0.0,mid,-0.3,1.0,5,0.0,0.0,0.0,0.0,0,0.0
49.0,22.6,95.0,0.0,development,0.9,0.5,6,0.0,0.0,0.0,0.0,0,0.0
49.0,22.6,96.0,0.0,late,0.0,1.0,5,0.0,0.0,0.0,0.0,0,0.0
49.0,22.7,95.0,0.0,mid,-0.3,1.0,5,0.0,0.0,0.0,0.0,0,0.0
49.0,22.8,78.0,0.0,development,-1.0,0.0,7,0.0,0.0,0.0,0.0,0,0.0
49.0,22.8,87.0,0.0,development,-0.5,0.9,5,0.0,0.0,0.0,0.0,0,0.0
49.0,22.8,88.0,0.0,late,0.0,1.0,6,0.0,0.0,0.0,0.0,0,0.0
49.0,22.8,94.0,0.0,development,1.0,0.3,5,0.0,0.0,0.0,0.0,0,0.0
49.0,22.8,95.0,0.0,development,0.5,0.9,5,0.0,0.0,0.0,0.0,0,0.0
49.0,22.8,98.0,0.0,mid,0.9,0.5,5,0.0,0.0,0.0,0.0,0,0.0
49.0,22.8,98.0,0.0,mid,1.0,0.3,5,0.0,0.0,0.0,0.0,0,0.0
49.0,22.9,83.0,0.0,late,-0.9,0.5,6,0.0,0.0,0.0,0.0,0,0.0
49.0,22.9,87.0,0.0,mid,0.0,1.0,5,0.0,0.0,0.0,0.0,0,0.0
49.0,22.9,88.0,0.0,mid,-0.7,0.7,5,0.0,0.0,0.0,0.0,0,0.0
49.0,22.9,92.0,0.0,mid,0.0,1.0,6,0.0,0.0,0.0,0.0,0,0.0
49.0,22.9,93.0,0.0,development,0.9,0.5,8,0.0,0.0,0.0,0.0,0,0.0
49.0,23.0,90.0,0.0,mid,0.7,0.7,6,0.0,0.0,0.0,0.0,0,0.0
49.0,23.0,94.0,0.1,initial,1.0,0.3,5,0.0,0.0,0.0,0.0,0,0.0
49.0,23.1,67.0,0.0,initial,-1.0,0.0,5,0.0,0.0,0.0,0.0,0,0.0
49.0,23.1,78.0,0.7,mid,1.0,-0.3,5,0.0,0.0,0.0,0.0,0,0.0
49.0,23.1,87.0,0.0,mid,-0.7,0.7,7,0.0,0.0,0.0,0.0,0,0.0
49.0,23.1,91.0,0.0,mid,-0.3,1.0,6,0.0,0.0,0.0,0.0,0,0.0
49.0,23.1,92.0,0.0,mid,0.9,0.5,10,0.0,0.0,0.0,0.0,0,0.0
49.0,23.2,91.0,0.0,mid,0.7,0.7,5,0.0,0.0,0.0,0.0,0,0.0
49.0,23.2,92.0,0.0,mid,-1.0,0.3,5,0.0,0.0,0.0,0.0,0,0.0
49.0,23.2,94.0,0.0,late,1.0,0.3,5,0.0,0.0,0.0,0.0,0,0.0
49.0,23.3,84.0,0.0,development,-1.0,0.0,6,0.0,0.0,0.0,0.0,0,0.0
49.0,23.3,88.0,0.0,late,0.7,0.7,6,0.0,0.0,0.0,0.0,0,0.0
49.0,23.3,89.0,0.0,late,-1.0,-0.3,5,0.0,0.0,0.0,0.0,0,0.0
49.0,23.3,91.0,0.0,development,0.0,1.0,5,0.0,0.0,0.0,0.0,0,0.0
49.0,23.4,78.0,0.0,mid,-1.0,-0.3,5,0.0,0.0,0.0,0.0,0,0.0
49.0,23.4,83.0,0.0,mid,-0.5,0.9,5,0.0,0.0,0.0,0.0,0,0.0
49.0,23.4,89.0,0.0,initial,-0.3,1.0,5,0.0,0.0,0.0,0.0,0,0.0
49.0,23.5,76.0,0.8,mid,1.0,0.0,6,0.0,0.0,0.0,0.0,0,0.0
49.0,23.5,82.0,0.0,development,-0.7,0.7,6,0.0,0.0,0.0,0.0,0,0.0
49.0,23.5,84.0,0.0,mid,-0.9,0.5,5,0.0,0.0,0.0,0.0,0,0.0
49.0,23.5,89.0,0.0,mid,0.3,1.0,5,0.0,0.0,0.0,0.0,0,0.0
49.0,23.5,96.0,0.0,development,-0.3,1.0,7,0.0,0.0,0.0,0.0,0,0.0
49.0,23.6,72.0,0.0,development,-1.0,-0.3,5,0.0,0.0,0.0,0.0,0,0.0
49.0,23.6,75.0,0.0,development,-1.0,0.3,5,0.0,0.0,0.0,0.0,0,0.0
49.0,23.6,82.0,0.0,development,-0.9,0.5,5,0.0,0.0,0.0,0.0,0,0.0
49.0,23.6,85.0,0.0,mid,-0.7,0.7,6,0.0,0.0,0.0,0.0,0,0.0
49.0,23.6,87.0,0.0,mid,-0.7,0.7,5,0.0,0.0,0.0,0.0,0,0.0
49.0,23.6,94.0,0.0,mid,0.9,0.5,6,0.0,0.0,0.0,0.0,0,0.0
49.0,23.6,96.0,0.0,mid,1.0,0.3,5,0.0,0.0,0.0,0.0,0,0.0
49.0,23.7,84.0,0.7,mid,1.0,-0.3,5,0.0,0.0,0.0,0.0,0,0.0
49.0,23.7,88.0,0.0,mid,-1.0,0.3,5,0.0,0.0,0.0,0.0,0,0.0
49.0,23.7,92.0,0.0,mid,0.5,0.9,5,0.0,0.0,0.0,0.0,0,0.0
49.0,23.8,74.0,0.0,mid,-1.0,-0.3,5,0.0,0.0,0.0,0.0,0,0.0
49.0,23.8,76.0,0.0,mid,-1.0,0.0,5,0.0,0.0,0.0,0.0,0,0.0
49.0,23.8,78.0,1.0,development,1.0,0.0,5,0.0,0.0,0.0,0.0,0,0.0
49.0,23.8,80.0,0.0,mid,-0.7,0.7,5,0.0,0.0,0.0,0.0,0,0.0
49.0,23.8,93.0,0.0,development,-0.5,0.9,6,0.0,0.0,0.0,0.0,0,0.0
49.0,23.8,96.0,0.0,mid,0.3,1.0,7,0.0,0.0,0.0,0.0,0,0.0
49.0,23.8,96.0,0.0,mid,0.5,0.9,5,0.0,0.0,0.0,0.0,0,0.0
49.0,23.9,73.0,0.0,development,-1.0,-0.3,6,0.0,0.0,0.0,0.0,0,0.0
49.0,23.9,96.0,0.0,mid,1.0,0.3,7,0.0,0.0,0.0,0.0,0,0.0
49.0,24.0,70.0,0.3,development,-0.9,-0.5,5,0.0,0.0,0.0,0.0,0,0.0
49.0,24.0,80.0,0.0,development,-0.3,1.0,5,0.0,0.0,0.0,0.0,0,0.0
49.0,24.0,95.0,0.0,mid,0.0,1.0,7,0.0,0.0,0.0,0.0,0,0.0
49.0,24.1,79.0,1.5,mid,1.0,-0.3,7,0.0,0.0,0.0,0.0,0,0.0
49.0,24.2,74.0,0.0,late,-1.0,-0.3,5,0.0,0.0,0.0,0.0,0,0.0
49.0,24.2,78.0,0.0,mid,-0.9,0.5,9,0.0,0.0,0.0,0.0,0,0.0
49.0,24.2,80.0,0.0,late,-0.9,0.5,5,0.0,0.0,0.0,0.0,0,0.0
49.0,24.2,84.0,0.0,mid,-0.3,1.0,6,0.0,0.0,0.0,0.0,0,0.0
49.0,24.2,97.0,0.0,mid,1.0,0.3,5,0.0,0.0,0.0,0.0,0,0.0
49.0,24.3,65.0,0.3,development,-0.9,-0.5,6,0.0,0.0,0.0,0.0,0,0.0
49.0,24.3,70.0,1.4,development,0.9,-0.5,5,0.0,0.0,0.0,0.0,0,0.0
49.0,24.3,83.0,0.0,initial,-0.7,0.7,5,0.0,0.0,0.0,0.0,0,0.0
49.0,24.3,94.0,0.0,mid,-0.3,1.0,9,0.0,0.0,0.0,0.0,0,0.0
49.0,24.4,81.0,0.0,mid,-0.9,0.5,9,0.0,0.0,0.0,0.0,0,0.0
49.0,24.4,85.0,0.0,mid,-0.5,0.9,5,0.0,0.0,0.0,0.0,0,0.0
49.0,24.5,84.0,0.0,mid,-0.3,1.0,7,0.0,0.0,0.0,0.0,0,0.0
49.0,24.5,90.0,0.0,mid,0.0,1.0,5,0.0,0.0,0.0,0.0,0,0.0
49.0,24.6,58.0,0.0,initial,-1.0,-0.3,5,0.0,0.0,0.0,0.0,0,0.0
49.0,24.6,80.0,0.0,development,-0.5,0.9,5,0.0,0.0,0.0,0.0,0,0.0
49.0,24.6,89.0,0.0,mid,-0.3,1.0,6,0.0,0.0,0.0,0.0,0,0.0
49.0,24.6,89.0,0.0,mid,0.5,0.9,7,0.0,0.0,0.0,0.0,0,0.0
49.0,24.7,86.0,0.0,mid,-0.3,1.0,6,0.0,0.0,0.0,0.0,0,0.0
49.0,24.8,68.0,1.4,development,0.9,-0.5,5,0.0,0.0,0.0,0.0,0,0.0
49.0,24.8,68.0,1.4,mid,1.0,-0.3,5,0.0,0.0,0.0,0.0,0,0.0
49.0,24.8,73.0,0.0,mid,-1.0,0.3,5,0.0,0.0,0.0,0.0,0,0.0
49.0,24.8,78.0,1.3,late,1.0,-0.3,5,0.0,0.0,0.0,0.0,0,0.0
49.0,24.8,82.0,0.0,mid,0.0,1.0,5,0.0,0.0,0.0,0.0,0,0.0
49.0,24.8,85.0,0.0,mid,-0.5,0.9,5,0.0,0.0,0.0,0.0,0,0.0
49.0,24.8,93.0,0.0,mid,0.5,0.9,6,0.0,0.0,0.0,0.0,0,0.0
49.0,24.9,73.0,0.0,development,-1.0,0.3,5,0.0,0.0,0.0,0.0,0,0.0
49.0,24.9,78.0,0.0,mid,-0.7,0.7,5,0.0,0.0,0.0,0.0,0,0.0
49.0,24.9,80.0,0.0,development,-0.9,0.5,5,0.0,0.0,0.0,0.0,0,0.0
49.0,24.9,81.0,0.0,mid,-0.3,1.0,6,0.0,0.0,0.0,0.0,0,0.0
49.0,25.0,71.0,0.0,initial,-1.0,0.0,5,0.0,0.0,0.0,0.0,0,0.0
49.0,25.0,75.0,0.0,late,-0.9,0.5,6,0.0,0.0,0.0,0.0,0,0.0
49.0,25.0,78.0,0.0,initial,-0.9,0.5,7,0.0,0.0,0.0,0.0,0,0.0
49.0,25.0,83.0,0.0,development,-1.0,0.3,5,0.0,0.0,0.0,0.0,0,0.0
49.0,25.0,84.0,0.4,mid,1.0,0.0,6,0.0,0.0,0.0,0.0,0,0.0
49.0,25.0,87.0,0.0,mid,-0.3,1.0,6,0.0,0.0,0.0,0.0,0,0.0
49.0,25.0,88.0,0.0,development,-0.3,1.0,5,0.0,0.0,0.0,0.0,0,0.0
49.0,25.1,74.0,0.0,development,-0.9,0.5,6,0.0,0.0,0.0,0.0,0,0.0
49.0,25.1,75.0,0.0,development,-0.7,0.7,5,0.0,0.0,0.0,0.0,0,0.0
49.0,25.1,86.0,0.0,mid,-0.7,0.7,7,0.0,0.0,0.0,0.0,0,0.0
49.0,25.1,86.0,0.4,mid,1.0,0.0,5,0.0,0.0,0.0,0.0,0,0.0
49.0,25.2,64.0,0.0,mid,-1.0,-0.3,7,0.0,0.0,0.0,0.0,0,0.0
49.0,25.2,66.0,0.0,mid,-1.0,0.0,6,0.0,0.0,0.0,0.0,0,0.0
49.0,25.2,75.0,0.0,development,-1.0,0.3,5,0.0,0.0,0.0,0.0,0,0.0
49.0,25.2,77.0,0.0,mid,-1.0,0.3,6,0.0,0.0,0.0,0.0,0,0.0
49.0,25.3,79.0,0.9,development,1.0,0.0,6,0.0,0.0,0.0,0.0,0,0.0
49.0,25.4,58.0,1.4,late,0.9,-0.5,5,0.0,0.0,0.0,0.0,0,0.0
49.0,25.4,68.0,1.6,mid,0.9,-0.5,5,0.0,0.0,0.0,0.0,0,0.0
49.0,25.5,83.0,0.0,mid,-0.5,0.9,9,0.0,0.0,0.0,0.0,0,0.0
49.0,25.6,62.0,0.3,development,-0.9,-0.5,5,0.0,0.0,0.0,0.0,0,0.0
49.0,25.6,75.0,0.0,mid,-1.0,0.0,6,0.0,0.0,0.0,0.0,0,0.0
49.0,25.6,78.0,0.0,development,-1.0,0.0,6,0.0,0.0,0.0,0.0,0,0.0
49.0,25.6,80.0,0.0,late,-1.0,0.3,5,0.0,0.0,0.0,0.0,0,0.0
49.0,25.6,85.0,0.0,mid,-0.3,1.0,5,0.0,0.0,0.0,0.0,0,0.0
49.0,25.7,76.0,0.0,mid,-0.5,0.9,6,0.0,0.0,0.0,0.0,0,0.0
49.0,25.8,76.0,0.0,mid,-1.0,0.3,6,0.0,0.0,0.0,0.0,0,0.0
49.0,25.9,65.0,0.0,late,-1.0,-0.3,5,0.0,0.0,0.0,0.0,0,0.0
49.0,25.9,78.0,0.0,mid,-0.7,0.7,6,0.0,0.0,0.0,0.0,0,0.0
49.0,26.0,65.0,0.0,development,-1.0,0.0,5,0.0,0.0,0.0,0.0,0,0.0
49.0,26.0,67.0,0.0,development,-1.0,0.0,5,0.0,0.0,0.0,0.0,0,0.0
49.0,26.0,73.0,0.0,late,-1.0,0.3,5,0.0,0.0,0.0,0.0,0,0.0
49.0,26.0,79.0,0.0,mid,-1.0,0.0,5,0.0,0.0,0.0,0.0,0,0.0
49.0,26.1,71.0,0.0,development,-0.9,0.5,5,0.0,0.0,0.0,0.0,0,0.0
49.0,26.3,64.0,2.4,mid,0.9,-0.5,5,0.0,0.0,0.0,0.0,0,0.0
49.0,26.3,68.0,0.0,mid,-1.0,0.3,5,0.0,0.0,0.0,0.0,0,0.0
49.0,26.6,57.0,0.5,late,-0.9,-0.5,5,0.0,0.0,0.0,0.0,0,0.0
49.0,26.8,70.0,1.6,mid,1.0,-0.3,5,0.0,0.0,0.0,0.0,0,0.0
49.0,27.0,58.0,2.0,late,0.5,-0.9,5,1.780709780008965,2.439639423350039,0.0,4.564484607523909,2,0.4
49.0,27.0,59.0,2.1,development,0.9,-0.5,5,0.0,0.0,0.0,0.0,0,0.0
49.0,27.1,58.0,0.2,mid,-1.0,-0.3,6,0.0,0.0,0.0,0.0,0,0.0
49.0,27.1,73.0,0.0,mid,-1.0,0.0,5,0.0,0.0,0.0,0.0,0,0.0
49.0,27.2,63.0,0.0,mid,-1.0,0.0,5,0.0,0.0,0.0,0.0,0,0.0
49.0,27.2,74.0,0.0,development,-1.0,-0.3,5,0.0,0.0,0.0,0.0,0,0.0
49.0,27.2,76.0,0.0,mid,-1.0,0.0,5,0.0,0.0,0.0,0.0,0,0.0
49.0,27.3,64.0,1.5,late,1.0,-0.3,6,0.0,0.0,0.0,0.0,0,0.0
49.0,27.3,74.0,0.0,mid,-0.9,0.5,5,0.0,0.0,0.0,0.0,0,0.0
49.0,27.4,58.0,2.0,mid,0.9,-0.5,5,0.0,0.0,0.0,0.0,0,0.0
49.0,27.6,65.0,0.1,development,-1.0,-0.3,5,0.0,0.0,0.0,0.0,0,0.0
49.0,27.6,69.0,0.4,mid,-0.9,-0.5,5,0.0,0.0,0.0,0.0,0,0.0
49.0,27.8,59.0,0.5,development,-0.9,-0.5,5,0.0,0.0,0.0,0.0,0,0.0
49.0,27.9,59.0,2.3,mid,0.5,-0.9,5,0.0,0.0,0.0,0.0,0,0.0
49.0,28.1,60.0,2.2,initial,0.9,-0.5,5,4.2950853781897225,0.11085405802257531,4.164643761647096,4.425526994732358,5,1.0
49.0,28.2,59.0,0.0,development,-1.0,0.0,5,0.0,0.0,0.0,0.0,0,0.0
49.0,28.3,59.0,0.3,development,-1.0,-0.3,5,0.0,0.0,0.0,0.0,0,0.0
49.0,28.4,52.0,2.6,development,0.7,-0.7,5,3.42315926799263,1.9150850684390495,0.0,4.398078753331777,4,0.8
49.0,28.4,54.0,2.9,mid,0.7,-0.7,6,0.0,0.0,0.0,0.0,0,0.0
49.0,28.4,55.0,2.1,development,0.9,-0.5,5,0.0,0.0,0.0,0.0,0,0.0
49.0,28.6,52.0,2.4,mid,0.7,-0.7,5,0.8678797138153925,1.940638036384281,0.0,4.3393985690769625,1,0.2
49.0,28.6,66.0,0.0,mid,-1.0,0.3,5,0.0,0.0,0.0,0.0,0,0.0
49.0,28.6,66.0,0.2,development,-1.0,-0.3,5,0.0,0.0,0.0,0.0,0,0.0
49.0,28.6,68.0,0.2,mid,-1.0,-0.3,5,0.0,0.0,0.0,0.0,0,0.0
49.0,28.7,53.0,1.1,mid,-0.5,-0.9,5,0.0,0.0,0.0,0.0,0,0.0
49.0,28.7,56.0,2.5,mid,0.3,-1.0,6,0.0,0.0,0.0,0.0,0,0.0
49.0,28.7,57.0,0.0,mid,-1.0,-0.3,6,0.0,0.0,0.0,0.0,0,0.0
49.0,28.8,52.0,2.1,mid,0.7,-0.7,5,0.0,0.0,0.0,0.0,0,0.0
49.0,28.8,53.0,2.2,mid,0.7,-0.7,5,0.0,0.0,0.0,0.0,0,0.0
49.0,28.8,58.0,1.6,mid,-0.5,-0.9,5,0.0,0.0,0.0,0.0,0,0.0
49.0,28.9,51.0,2.4,development,0.7,-0.7,5,0.0,0.0,0.0,0.0,0,0.0
49.0,28.9,53.0,0.5,late,-0.9,-0.5,5,0.0,0.0,0.0,0.0,0,0.0
49.0,29.0,54.0,1.4,mid,-0.5,-0.9,6,0.6929244806043536,1.6973114077637255,0.0,4.157546883626122,1,0.16666666666666666
49.0,29.0,61.0,0.5,mid,-0.7,-0.7,5,0.0,0.0,0.0,0.0,0,0.0
49.0,29.1,48.0,1.8,mid,0.3,-1.0,6,0.0,0.0,0.0,0.0,0,0.0
49.0,29.2,51.0,2.2,mid,0.7,-0.7,6,0.0,0.0,0.0,0.0,0,0.0
49.0,29.2,52.0,2.1,mid,-0.3,-1.0,5,0.0,0.0,0.0,0.0,0,0.0
49.0,29.2,53.0,2.0,development,0.5,-0.9,5,3.5850882602895764,2.0140300019112276,0.0,4.7016757641846745,4,0.8
49.0,29.4,55.0,2.0,development,0.9,-0.5,5,0.0,0.0,0.0,0.0,0,0.0
49.0,29.5,46.0,1.4,mid,-0.7,-0.7,6,0.0,0.0,0.0,0.0,0,0.0
49.0,29.5,53.0,1.8,mid,-0.3,-1.0,5,0.0,0.0,0.0,0.0,0,0.0
49.0,29.5,62.0,1.8,mid,0.7,-0.7,5,0.0,0.0,0.0,0.0,0,0.0
49.0,29.7,60.0,2.0,mid,0.7,-0.7,6,0.0,0.0,0.0,0.0,0,0.0
49.0,29.9,43.0,1.7,mid,0.0,-1.0,5,0.0,0.0,0.0,0.0,0,0.0
49.0,30.0,49.0,0.6,mid,-0.9,-0.5,6,0.0,0.0,0.0,0.0,0,0.0
49.0,30.2,46.0,2.0,initial,-0.3,-1.0,6,0.0,0.0,0.0,0.0,0,0.0
49.0,30.2,47.0,2.5,mid,0.7,-0.7,5,0.0,0.0,0.0,0.0,0,0.0
49.0,30.3,49.0,3.0,late,0.7,-0.7,5,0.0,0.0,0.0,0.0,0,0.0
49.0,30.6,60.0,1.6,late,0.7,-0.7,5,3.5124484477563866,1.9641823676731855,0.0,4.450397257296878,4,0.8
49.0,30.8,53.0,2.5,mid,0.7,-0.7,5,0.0,0.0,0.0,0.0,0,0.0
49.0,30.9,47.0,2.4,development,0.7,-0.7,5,0.0,0.0,0.0,0.0,0,0.0
49.0,30.9,55.0,2.3,mid,0.5,-0.9,5,1.6213495198284165,2.2202435937016225,0.0,4.08592737566957,2,0.4
49.0,30.9,56.0,2.3,mid,0.9,-0.5,5,0.0,0.0,0.0,0.0,0,0.0
49.0,31.0,46.0,2.7,mid,0.5,-0.9,5,0.0,0.0,0.0,0.0,0,0.0
49.0,31.2,37.0,2.6,mid,-0.3,-1.0,5,2.464603891643873,2.249978191198642,0.0,4.144487713183331,3,0.6
49.0,31.2,47.0,0.6,mid,-0.9,-0.5,5,0.0,0.0,0.0,0.0,0,0.0
49.0,31.3,53.0,2.3,mid,0.5,-0.9,5,0.0,0.0,0.0,0.0,0,0.0
49.0,31.4,45.0,2.7,mid,0.5,-0.9,5,0.0,0.0,0.0,0.0,0,0.0
49.0,31.4,45.0,2.8,mid,0.3,-1.0,6,0.0,0.0,0.0,0.0,0,0.0
49.0,31.4,46.0,0.5,mid,-0.9,-0.5,5,0.0,0.0,0.0,0.0,0,0.0
49.0,31.4,47.0,2.1,mid,0.0,-1.0,5,0.8531997419819468,1.9078126214569142,0.0,4.265998709909734,1,0.2
49.0,31.6,41.0,1.4,mid,-0.7,-0.7,5,0.0,0.0,0.0,0.0,0,0.0
49.0,31.7,45.0,3.2,mid,0.3,-1.0,5,0.0,0.0,0.0,0.0,0,0.0
49.0,31.7,48.0,2.6,development,0.7,-0.7,6,0.0,0.0,0.0,0.0,0,0.0
49.0,31.7,51.0,2.4,mid,0.7,-0.7,6,0.0,0.0,0.0,0.0,0,0.0
49.0,31.8,38.0,3.6,development,0.3,-1.0,5,3.6257217954272596,2.0365896548408156,0.0,4.730343791556059,4,0.8
49.0,31.8,49.0,2.7,mid,0.5,-0.9,5,2.4205679564891014,2.2097110445958275,0.0,4.054206825079284,3,0.6
49.0,31.9,45.0,2.4,mid,0.7,-0.7,5,0.0,0.0,0.0,0.0,0,0.0
49.0,32.0,42.0,3.0,mid,0.5,-0.9,6,0.0,0.0,0.0,0.0,0,0.0
49.0,32.0,49.0,2.3,mid,-0.3,-1.0,5,0.0,0.0,0.0,0.0,0,0.0
49.0,32.0,51.0,2.4,mid,0.0,-1.0,5,3.297161421870791,1.8432752080371888,0.0,4.1448346507913705,4,0.8
49.0,32.1,45.0,2.6,mid,0.3,-1.0,5,2.6558474839757586,2.4245734973160635,0.0,4.466290354502831,3,0.6
49.0,32.2,44.0,2.9,mid,0.5,-0.9,5,0.0,0.0,0.0,0.0,0,0.0
49.0,32.4,36.0,3.4,mid,0.3,-1.0,5,2.7812605613390553,2.539016657701988,0.0,4.668318023390956,3,0.6
49.0,32.4,43.0,2.2,mid,-0.3,-1.0,5,0.0,0.0,0.0,0.0,0,0.0
49.0,32.5,47.0,2.9,mid,0.3,-1.0,6,2.7783308134903884,2.1532419130245897,0.0,4.273323006099641,4,0.6666666666666666
49.0,32.5,48.0,2.6,mid,0.0,-1.0,5,4.088215680546979,0.004813168956106082,4.082180778476442,4.093786359381319,5,1.0
49.0,32.6,36.0,2.5,mid,-0.3,-1.0,5,1.6819177518406705,2.3030621871453523,0.0,4.208456466378273,2,0.4
49.0,32.6,45.0,2.5,mid,0.5,-0.9,5,0.0,0.0,0.0,0.0,0,0.0
49.0,33.2,39.0,3.0,late,0.3,-1.0,6,0.0,0.0,0.0,0.0,0,0.0
49.0,33.3,39.0,3.1,development,0.5,-0.9,5,4.798902063803138,0.03184341077497355,4.758975797476033,4.835757078874309,5,1.0
49.0,33.3,43.0,2.7,mid,0.5,-0.9,5,1.62008380954869,2.2183911188468026,0.0,4.050209523871725,2,0.4
49.0,33.5,40.0,2.6,development,0.3,-1.0,7,3.349083627436457,2.290514801564418,0.0,4.836151993865762,5,0.7142857142857143
49.0,33.6,43.0,2.7,mid,0.7,-0.7,5,0.0,0.0,0.0,0.0,0,0.0
49.0,33.8,42.0,3.1,mid,0.3,-1.0,7,4.370495980845711,0.024786865634807285,4.337709288340001,4.401021522144127,7,1.0
49.0,33.9,35.0,1.4,initial,-0.7,-0.7,5,0.0,0.0,0.0,0.0,0,0.0
49.0,34.0,37.0,1.9,mid,-0.5,-0.9,5,0.0,0.0,0.0,0.0,0,0.0
49.0,34.1,34.0,3.0,mid,0.0,-1.0,5,2.5764491882909333,2.35196832564019,0.0,4.299967165774849,3,0.6
49.0,34.1,36.0,3.3,mid,0.5,-0.9,5,1.6776890745839936,2.2972703765740508,0.0,4.194222686459984,2,0.4
49.0,34.2,31.0,3.0,development,0.3,-1.0,5,2.9414033114733713,2.6851216549126615,0.0,4.90341513265335,3,0.6
49.0,34.2,39.0,3.1,mid,0.3,-1.0,6,4.306698286987308,0.010743574034012616,4.295450762965913,4.319990815376226,6,1.0
49.0,34.2,41.0,3.2,mid,0.5,-0.9,5,0.0,0.0,0.0,0.0,0,0.0
49.0,34.3,34.0,3.6,mid,0.3,-1.0,5,1.7095690970776913,2.340925558349416,0.0,4.27786902647436,2,0.4
49.0,34.3,36.0,2.8,mid,0.3,-1.0,6,4.43371080755702,0.39804207589496576,4.016890783160889,4.883241838465118,6,1.0
49.0,34.4,40.0,2.9,development,0.5,-0.9,6,1.647578690726485,2.5524207016517857,0.0,4.948681047830451,2,0.3333333333333333
49.0,34.4,43.0,3.0,development,0.3,-1.0,5,2.783929808953772,2.5413838755721248,0.0,4.650763166661267,3,0.6
49.0,34.5,40.0,2.9,mid,0.3,-1.0,5,4.237251697064589,0.003063386324052115,4.233687297130636,4.240168024283275,5,1.0
49.0,34.7,40.0,3.2,mid,0.3,-1.0,6,4.395793520699253,0.10727289801736208,4.1779361828068815,4.458088676420555,6,1.0
49.0,34.8,37.0,3.3,initial,0.3,-1.0,5,0.0,0.0,0.0,0.0,0,0.0
49.0,34.9,36.0,2.7,mid,0.5,-0.9,5,1.6537719940694735,2.2645818784119043,0.0,4.157996628575301,2,0.4
49.0,35.3,31.0,2.6,mid,-0.3,-1.0,8,2.0386352520628197,2.179515660013988,0.0,4.1076394090415,4,0.5
49.0,35.7,36.0,2.2,development,0.3,-1.0,5,4.8651984320906205,0.02601326786486805,4.835199932830982,4.891447118942807,5,1.0
49.0,35.9,39.0,2.0,initial,-0.3,-1.0,5,0.0,0.0,0.0,0.0,0,0.0
49.0,36.4,35.0,2.9,initial,0.0,-1.0,5,0.0,0.0,0.0,0.0,0,0.0
49.0,36.5,35.0,2.5,initial,-0.3,-1.0,6,0.0,0.0,0.0,0.0,0,0.0
49.0,36.6,30.0,3.2,initial,0.0,-1.0,5,0.0,0.0,0.0,0.0,0,0.0
49.0,37.0,25.0,3.1,mid,-0.3,-1.0,6,4.281796360890752,0.08916050137564413,4.123872626449774,4.360758228111241,6,1.0
49.0,37.2,35.0,3.0,mid,0.3,-1.0,5,4.622009052353815,0.44543108883300325,4.201289827068827,5.145484184568858,5,1.0
50.0,18.7,98.0,0.0,late,0.3,1.0,6,0.0,0.0,0.0,0.0,0,0.0
50.0,18.9,97.0,0.0,development,0.5,0.9,5,0.0,0.0,0.0,0.0,0,0.0
50.0,18.9,98.0,0.0,development,0.9,0.5,5,0.0,0.0,0.0,0.0,0,0.0
50.0,18.9,100.0,0.0,mid,0.9,0.5,6,0.0,0.0,0.0,0.0,0,0.0
50.0,18.9,100.0,0.0,mid,1.0,0.3,7,0.0,0.0,0.0,0.0,0,0.0
50.0,19.0,97.0,0.0,development,1.0,0.3,6,0.0,0.0,0.0,0.0,0,0.0
50.0,19.2,96.0,0.0,development,0.0,1.0,7,0.0,0.0,0.0,0.0,0,0.0
50.0,19.2,100.0,0.0,mid,1.0,0.3,6,0.0,0.0,0.0,0.0,0,0.0
50.0,19.4,97.0,0.0,development,0.9,0.5,5,0.0,0.0,0.0,0.0,0,0.0
50.0,19.4,100.0,0.0,mid,0.7,0.7,5,0.0,0.0,0.0,0.0,0,0.0
50.0,19.5,100.0,0.0,mid,0.0,1.0,5,0.0,0.0,0.0,0.0,0,0.0
50.0,19.5,100.0,0.0,mid,0.5,0.9,6,0.0,0.0,0.0,0.0,0,0.0
50.0,19.5,100.0,0.0,mid,0.9,0.5,5,0.0,0.0,0.0,0.0,0,0.0
50.0,19.6,95.0,0.0,mid,0.7,0.7,7,0.0,0.0,0.0,0.0,0,0.0
50.0,19.6,97.0,0.0,mid,0.7,0.7,6,0.0,0.0,0.0,0.0,0,0.0
50.0,19.7,94.0,0.0,mid,0.9,0.5,5,0.0,0.0,0.0,0.0,0,0.0
50.0,19.7,96.0,0.0,development,1.0,0.3,5,0.0,0.0,0.0,0.0,0,0.0
50.0,19.7,100.0,0.0,mid,0.0,1.0,5,0.0,0.0,0.0,0.0,0,0.0
50.0,19.8,89.0,0.0,development,0.9,0.5,6,0.0,0.0,0.0,0.0,0,0.0
50.0,19.8,90.0,0.0,late,-0.5,0.9,6,0.0,0.0,0.0,0.0,0,0.0
50.0,19.8,97.0,0.0,development,1.0,0.3,5,0.0,0.0,0.0,0.0,0,0.0
50.0,19.8,98.0,0.0,late,0.5,0.9,5,0.0,0.0,0.0,0.0,0,0.0
50.0,19.8,100.0,0.0,late,0.3,1.0,6,0.0,0.0,0.0,0.0,0,0.0
50.0,19.8,100.0,0.0,late,0.5,0.9,6,0.0,0.0,0.0,0.0,0,0.0
50.0,19.9,90.0,0.4,late,1.0,0.0,5,0.0,0.0,0.0,0.0,0,0.0
50.0,19.9,93.0,0.0,development,-0.5,0.9,6,0.0,0.0,0.0,0.0,0,0.0
50.0,19.9,98.0,0.0,mid,0.9,0.5,6,0.0,0.0,0.0,0.0,0,0.0
50.0,20.0,88.0,0.0,development,0.5,0.9,5,0.0,0.0,0.0,0.0,0,0.0
50.0,20.0,100.0,0.0,mid,-0.3,1.0,5,0.0,0.0,0.0,0.0,0,0.0
50.0,20.0,100.0,0.0,mid,1.0,0.3,6,0.0,0.0,0.0,0.0,0,0.0
50.0,20.2,93.0,0.0,development,0.7,0.7,5,0.0,0.0,0.0,0.0,0,0.0
50.0,20.2,96.0,0.0,development,0.0,1.0,6,0.0,0.0,0.0,0.0,0,0.0
50.0,20.2,97.0,0.0,mid,0.5,0.9,6,0.0,0.0,0.0,0.0,0,0.0
50.0,20.2,98.0,0.0,mid,0.5,0.9,5,0.0,0.0,0.0,0.0,0,0.0
50.0,20.3,93.0,0.0,late,-0.3,1.0,5,0.0,0.0,0.0,0.0,0,0.0
50.0,20.3,96.0,0.0,late,0.7,0.7,5,0.0,0.0,0.0,0.0,0,0.0
50.0,20.3,98.0,0.0,development,1.0,0.3,5,0.0,0.0,0.0,0.0,0,0.0
50.0,20.3,98.0,0.0,mid,0.9,0.5,8,0.0,0.0,0.0,0.0,0,0.0
50.0,20.4,92.0,0.3,development,1.0,0.0,8,0.0,0.0,0.0,0.0,0,0.0
50.0,20.4,100.0,0.0,mid,0.9,0.5,6,0.0,0.0,0.0,0.0,0,0.0
50.0,20.5,91.0,0.0,development,0.3,1.0,5,0.0,0.0,0.0,0.0,0,0.0
50.0,20.5,92.0,0.0,development,-0.5,0.9,6,0.0,0.0,0.0,0.0,0,0.0
50.0,20.5,92.0,0.0,mid,0.9,0.5,6,0.0,0.0,0.0,0.0,0,0.0
50.0,20.5,96.0,0.0,development,0.0,1.0,5,0.0,0.0,0.0,0.0,0,0.0
50.0,20.5,96.0,0.0,development,0.9,0.5,5,0.0,0.0,0.0,0.0,0,0.0
50.0,20.5,97.0,0.0,mid,0.7,0.7,7,0.0,0.0,0.0,0.0,0,0.0
50.0,20.6,90.0,0.0,development,-1.0,0.3,5,0.0,0.0,0.0,0.0,0,0.0
50.0,20.6,91.0,0.0,late,-0.7,0.7,6,0.0,0.0,0.0,0.0,0,0.0
50.0,20.6,93.0,0.0,development,0.7,0.7,8,0.0,0.0,0.0,0.0,0,0.0
50.0,20.6,94.0,0.0,late,0.5,0.9,5,0.0,0.0,0.0,0.0,0,0.0
50.0,20.6,95.0,0.0,late,0.9,0.5,5,0.0,0.0,0.0,0.0,0,0.0
50.0,20.6,95.0,0.0,mid,-0.7,0.7,6,0.0,0.0,0.0,0.0,0,0.0
50.0,20.6,96.0,0.0,mid,0.5,0.9,5,0.0,0.0,0.0,0.0,0,0.0
50.0,20.7,88.0,0.0,mid,1.0,0.3,6,0.0,0.0,0.0,0.0,0,0.0
50.0,20.7,89.0,0.0,development,0.0,1.0,6,0.0,0.0,0.0,0.0,0,0.0
50.0,20.7,92.0,0.0,mid,-0.3,1.0,5,0.0,0.0,0.0,0.0,0,0.0
50.0,20.7,95.0,0.0,development,0.7,0.7,5,0.0,0.0,0.0,0.0,0,0.0
50.0,20.7,98.0,0.0,initial,0.7,0.7,6,0.0,0.0,0.0,0.0,0,0.0
50.0,20.8,92.0,0.0,mid,0.7,0.7,5,0.0,0.0,0.0,0.0,0,0.0
50.0,20.8,94.0,0.0,late,-0.7,0.7,9,0.0,0.0,0.0,0.0,0,0.0
50.0,20.8,94.0,0.3,mid,1.0,0.0,5,0.0,0.0,0.0,0.0,0,0.0
50.0,20.8,95.0,0.0,mid,0.0,1.0,7,0.0,0.0,0.0,0.0,0,0.0
50.0,20.8,96.0,0.0,late,0.5,0.9,5,0.0,0.0,0.0,0.0,0,0.0
50.0,20.8,96.0,0.0,mid,0.9,0.5,6,0.0,0.0,0.0,0.0,0,0.0
50.0,20.8,98.0,0.0,initial,0.5,0.9,6,0.0,0.0,0.0,0.0,0,0.0
50.0,20.8,98.0,0.0,mid,1.0,0.3,7,0.0,0.0,0.0,0.0,0,0.0
50.0,20.8,100.0,0.0,mid,0.3,1.0,5,0.0,0.0,0.0,0.0,0,0.0
50.0,20.9,92.0,0.0,development,0.3,1.0,5,0.0,0.0,0.0,0.0,0,0.0
50.0,20.9,94.0,0.0,development,0.7,0.7,8,0.0,0.0,0.0,0.0,0,0.0
50.0,20.9,98.0,0.0,mid,0.5,0.9,7,0.0,0.0,0.0,0.0,0,0.0
50.0,20.9,100.0,0.0,mid,0.0,1.0,5,0.0,0.0,0.0,0.0,0,0.0
50.0,21.0,92.0,0.0,mid,0.0,1.0,8,0.0,0.0,0.0,0.0,0,0.0
50.0,21.0,92.0,0.3,late,1.0,0.0,7,0.0,0.0,0.0,0.0,0,0.0
50.0,21.0,96.0,0.0,late,0.0,1.0,5,0.0,0.0,0.0,0.0,0,0.0
50.0,21.0,98.0,0.0,development,0.7,0.7,5,0.0,0.0,0.0,0.0,0,0.0
50.0,21.1,89.0,0.0,mid,0.0,1.0,6,0.0,0.0,0.0,0.0,0,0.0
50.0,21.1,90.0,0.0,development,-0.5,0.9,5,0.0,0.0,0.0,0.0,0,0.0
50.0,21.1,90.0,0.0,mid,0.3,1.0,5,0.0,0.0,0.0,0.0,0,0.0
50.0,21.1,93.0,0.0,mid,-0.3,1.0,5,0.0,0.0,0.0,0.0,0,0.0
50.0,21.1,98.0,0.0,development,1.0,0.3,6,0.0,0.0,0.0,0.0,0,0.0
50.0,21.2,82.0,0.0,development,-0.5,0.9,7,0.0,0.0,0.0,0.0,0,0.0
50.0,21.2,89.0,0.0,development,-0.7,0.7,8,0.0,0.0,0.0,0.0,0,0.0
50.0,21.2,92.0,0.2,development,1.0,0.3,7,0.0,0.0,0.0,0.0,0,0.0
50.0,21.2,93.0,0.0,development,0.5,0.9,9,0.0,0.0,0.0,0.0,0,0.0
50.0,21.2,94.0,0.0,development,0.3,1.0,5,0.0,0.0,0.0,0.0,0,0.0
50.0,21.2,97.0,0.0,development,0.3,1.0,6,0.0,0.0,0.0,0.0,0,0.0
50.0,21.2,97.0,0.0,mid,0.5,0.9,5,0.0,0.0,0.0,0.0,0,0.0
50.0,21.2,98.0,0.0,initial,0.7,0.7,6,0.0,0.0,0.0,0.0,0,0.0
50.0,21.2,100.0,0.0,mid,0.5,0.9,6,0.0,0.0,0.0,0.0,0,0.0
50.0,21.2,100.0,0.0,mid,0.7,0.7,5,0.0,0.0,0.0,0.0,0,0.0
50.0,21.3,88.0,0.0,development,-0.7,0.7,5,0.0,0.0,0.0,0.0,0,0.0
50.0,21.3,89.0,0.0,mid,-0.3,1.0,7,0.0,0.0,0.0,0.0,0,0.0
50.0,21.3,96.0,0.0,mid,0.5,0.9,9,0.0,0.0,0.0,0.0,0,0.0
50.0,21.3,98.0,0.0,mid,0.5,0.9,6,0.0,0.0,0.0,0.0,0,0.0
50.0,21.3,100.0,0.0,mid,0.7,0.7,5,0.0,0.0,0.0,0.0,0,0.0
50.0,21.4,86.0,0.0,development,-1.0,0.3,6,0.0,0.0,0.0,0.0,0,0.0
50.0,21.4,91.0,0.0,mid,-0.5,0.9,5,0.0,0.0,0.0,0.0,0,0.0
50.0,21.4,96.0,0.0,development,-0.3,1.0,6,0.0,0.0,0.0,0.0,0,0.0
50.0,21.5,89.0,0.0,mid,0.7,0.7,7,0.0,0.0,0.0,0.0,0,0.0
50.0,21.5,92.0,0.0,development,0.0,1.0,5,0.0,0.0,0.0,0.0,0,0.0
50.0,21.5,93.0,0.0,mid,0.3,1.0,5,0.0,0.0,0.0,0.0,0,0.0
50.0,21.5,96.0,0.0,late,0.9,0.5,6,0.0,0.0,0.0,0.0,0,0.0
50.0,21.5,96.0,0.0,late,1.0,0.3,5,0.0,0.0,0.0,0.0,0,0.0
50.0,21.5,96.0,0.0,mid,0.9,0.5,6,0.0,0.0,0.0,0.0,0,0.0
50.0,21.5,97.0,0.0,development,0.3,1.0,5,0.0,0.0,0.0,0.0,0,0.0
50.0,21.5,97.0,0.0,late,0.5,0.9,5,0.0,0.0,0.0,0.0,0,0.0
50.0,21.5,97.0,0.0,late,0.7,0.7,5,0.0,0.0,0.0,0.0,0,0.0
50.0,21.5,98.0,0.0,late,0.3,1.0,7,0.0,0.0,0.0,0.0,0,0.0
50.0,21.6,84.0,0.0,development,-0.9,0.5,5,0.0,0.0,0.0,0.0,0,0.0
50.0,21.6,88.0,0.0,mid,-0.5,0.9,9,0.0,0.0,0.0,0.0,0,0.0
50.0,21.6,91.0,0.0,development,0.0,1.0,8,0.0,0.0,0.0,0.0,0,0.0
50.0,21.6,95.0,0.0,mid,0.9,0.5,8,0.0,0.0,0.0,0.0,0,0.0
50.0,21.6,97.0,0.0,mid,0.5,0.9,6,0.0,0.0,0.0,0.0,0,0.0
50.0,21.6,98.0,0.0,development,1.0,0.3,5,0.0,0.0,0.0,0.0,0,0.0
50.0,21.6,98.0,0.0,mid,-0.3,1.0,7,0.0,0.0,0.0,0.0,0,0.0
50.0,21.7,86.0,0.0,mid,-0.3,1.0,6,0.0,0.0,0.0,0.0,0,0.0
50.0,21.7,92.0,0.0,late,0.9,0.5,5,0.0,0.0,0.0,0.0,0,0.0
50.0,21.7,92.0,0.0,mid,0.9,0.5,5,0.0,0.0,0.0,0.0,0,0.0
50.0,21.7,93.0,0.0,development,-0.7,0.7,5,0.0,0.0,0.0,0.0,0,0.0
50.0,21.7,94.0,0.0,mid,0.7,0.7,5,0.0,0.0,0.0,0.0,0,0.0
50.0,21.7,95.0,0.0,mid,0.7,0.7,5,0.0,0.0,0.0,0.0,0,0.0
50.0,21.7,96.0,0.0,late,0.3,1.0,6,0.0,0.0,0.0,0.0,0,0.0
50.0,21.7,97.0,0.0,mid,0.7,0.7,6,0.0,0.0,0.0,0.0,0,0.0
50.0,21.7,98.0,0.0,late,0.0,1.0,7,0.0,0.0,0.0,0.0,0,0.0
50.0,21.8,87.0,0.0,development,-0.7,0.7,6,0.0,0.0,0.0,0.0,0,0.0
50.0,21.8,88.0,0.0,mid,0.7,0.7,6,0.0,0.0,0.0,0.0,0,0.0
50.0,21.8,92.0,0.0,development,0.0,1.0,5,0.0,0.0,0.0,0.0,0,0.0
50.0,21.8,92.0,0.0,development,0.7,0.7,5,0.0,0.0,0.0,0.0,0,0.0
50.0,21.8,95.0,0.2,mid,1.0,0.0,5,0.0,0.0,0.0,0.0,0,0.0
50.0,21.8,97.0,0.0,mid,-0.5,0.9,5,0.0,0.0,0.0,0.0,0,0.0
50.0,21.8,97.0,0.0,mid,0.7,0.7,5,0.0,0.0,0.0,0.0,0,0.0
50.0,21.8,97.0,0.0,mid,0.9,0.5,5,0.0,0.0,0.0,0.0,0,0.0
50.0,21.9,84.0,0.0,late,-0.9,0.5,5,0.0,0.0,0.0,0.0,0,0.0
50.0,21.9,89.0,0.0,initial,0.3,1.0,5,0.0,0.0,0.0,0.0,0,0.0
50.0,21.9,92.0,0.2,mid,1.0,0.3,5,0.0,0.0,0.0,0.0,0,0.0
50.0,21.9,94.0,0.0,mid,-0.3,1.0,5,0.0,0.0,0.0,0.0,0,0.0
50.0,21.9,96.0,0.0,mid,0.5,0.9,6,0.0,0.0,0.0,0.0,0,0.0
50.0,22.0,90.0,0.0,development,-0.9,0.5,5,0.0,0.0,0.0,0.0,0,0.0
50.0,22.0,90.0,0.2,mid,1.0,0.3,5,0.0,0.0,0.0,0.0,0,0.0
50.0,22.0,94.0,0.0,development,-0.5,0.9,5,0.0,0.0,0.0,0.0,0,0.0
50.0,22.0,94.0,0.0,development,-0.3,1.0,5,0.0,0.0,0.0,0.0,0,0.0
50.0,22.0,94.0,0.0,mid,0.0,1.0,5,0.0,0.0,0.0,0.0,0,0.0
50.0,22.0,95.0,0.1,mid,1.0,0.3,5,0.0,0.0,0.0,0.0,0,0.0
50.0,22.0,95.0,0.2,development,1.0,0.3,5,0.0,0.0,0.0,0.0,0,0.0
50.0,22.0,96.0,0.0,development,0.3,1.0,5,0.0,0.0,0.0,0.0,0,0.0
50.0,22.1,80.0,0.0,development,-1.0,0.3,5,0.0,0.0,0.0,0.0,0,0.0
50.0,22.1,83.0,0.0,development,-1.0,0.3,5,0.0,0.0,0.0,0.0,0,0.0
50.0,22.1,84.0,0.0,mid,-0.7,0.7,6,0.0,0.0,0.0,0.0,0,0.0
50.0,22.1,85.0,0.0,mid,-0.3,1.0,5,0.0,0.0,0.0,0.0,0,0.0
50.0,22.1,86.0,0.0,mid,-0.9,0.5,8,0.0,0.0,0.0,0.0,0,0.0
50.0,22.1,89.0,0.0,development,-0.7,0.7,5,0.0,0.0,0.0,0.0,0,0.0
50.0,22.1,90.0,0.0,mid,0.0,1.0,5,0.0,0.0,0.0,0.0,0,0.0
50.0,22.1,91.0,0.7,mid,1.0,0.0,5,0.0,0.0,0.0,0.0,0,0.0
50.0,22.1,93.0,0.0,mid,0.5,0.9,6,0.0,0.0,0.0,0.0,0,0.0
50.0,22.1,97.0,0.0,development,0.3,1.0,6,0.0,0.0,0.0,0.0,0,0.0
50.0,22.2,83.0,0.0,late,-1.0,0.0,6,0.0,0.0,0.0,0.0,0,0.0
50.0,22.2,88.0,0.0,development,-0.3,1.0,6,0.0,0.0,0.0,0.0,0,0.0
50.0,22.2,97.0,0.0,mid,-0.5,0.9,5,0.0,0.0,0.0,0.0,0,0.0
50.0,22.2,98.0,0.0,development,0.7,0.7,6,0.0,0.0,0.0,0.0,0,0.0
50.0,22.3,97.0,0.0,late,0.5,0.9,7,0.0,0.0,0.0,0.0,0,0.0
50.0,22.3,98.0,0.0,development,0.5,0.9,6,0.0,0.0,0.0,0.0,0,0.0
50.0,22.4,83.0,0.0,mid,-0.9,0.5,5,0.0,0.0,0.0,0.0,0,0.0
50.0,22.4,84.0,0.0,mid,-1.0,0.3,5,0.0,0.0,0.0,0.0,0,0.0
50.0,22.4,86.0,0.0,mid,-0.5,0.9,6,0.0,0.0,0.0,0.0,0,0.0
50.0,22.4,94.0,0.0,mid,0.5,0.9,6,0.0,0.0,0.0,0.0,0,0.0
50.0,22.4,98.0,0.0,late,0.9,0.5,5,0.0,0.0,0.0,0.0,0,0.0
50.0,22.5,77.0,0.0,development,-1.0,0.3,6,0.0,0.0,0.0,0.0,0,0.0
50.0,22.5,82.0,0.7,mid,1.0,0.0,7,0.0,0.0,0.0,0.0,0,0.0
50.0,22.5,84.0,0.0,development,-0.9,0.5,5,0.0,0.0,0.0,0.0,0,0.0
50.0,22.5,95.0,0.0,mid,0.9,0.5,6,0.0,0.0,0.0,0.0,0,0.0
50.0,22.6,75.0,0.0,development,-1.0,0.0,5,0.0,0.0,0.0,0.0,0,0.0
50.0,22.6,84.0,0.0,development,-0.3,1.0,5,0.0,0.0,0.0,0.0,0,0.0
50.0,22.6,86.0,0.8,late,1.0,0.0,5,0.0,0.0,0.0,0.0,0,0.0
50.0,22.6,87.0,0.0,mid,0.0,1.0,5,0.0,0.0,0.0,0.0,0,0.0
50.0,22.6,88.0,0.0,development,-0.3,1.0,5,0.0,0.0,0.0,0.0,0,0.0
50.0,22.6,93.0,0.0,mid,-1.0,0.3,6,0.0,0.0,0.0,0.0,0,0.0
50.0,22.6,94.0,0.0,development,0.5,0.9,5,0.0,0.0,0.0,0.0,0,0.0
50.0,22.6,94.0,0.1,mid,1.0,0.3,5,0.0,0.0,0.0,0.0,0,0.0
50.0,22.6,95.0,0.0,development,0.9,0.5,10,0.0,0.0,0.0,0.0,0,0.0
50.0,22.6,96.0,0.0,development,0.3,1.0,6,0.0,0.0,0.0,0.0,0,0.0
50.0,22.7,80.0,0.0,mid,-0.3,1.0,5,0.0,0.0,0.0,0.0,0,0.0
50.0,22.7,82.0,0.0,mid,-0.7,0.7,5,0.0,0.0,0.0,0.0,0,0.0
50.0,22.7,83.0,0.0,mid,-0.7,0.7,7,0.0,0.0,0.0,0.0,0,0.0
50.0,22.7,94.0,0.0,mid,0.5,0.9,5,0.0,0.0,0.0,0.0,0,0.0
50.0,22.8,80.0,0.0,development,-0.9,0.5,5,0.0,0.0,0.0,0.0,0,0.0
50.0,22.8,80.0,0.0,late,-1.0,0.0,5,0.0,0.0,0.0,0.0,0,0.0
50.0,22.8,82.0,0.0,development,-1.0,0.0,5,0.0,0.0,0.0,0.0,0,0.0
50.0,22.8,85.0,0.0,development,0.5,0.9,5,0.0,0.0,0.0,0.0,0,0.0
50.0,22.8,87.0,0.0,mid,0.3,1.0,6,0.0,0.0,0.0,0.0,0,0.0
50.0,22.8,90.0,0.0,late,0.3,1.0,5,0.0,0.0,0.0,0.0,0,0.0
50.0,22.8,94.0,0.0,development,1.0,0.3,5,0.0,0.0,0.0,0.0,0,0.0
50.0,22.8,95.0,0.0,mid,0.5,0.9,6,0.0,0.0,0.0,0.0,0,0.0
50.0,22.8,95.0,0.0,mid,0.9,0.5,5,0.0,0.0,0.0,0.0,0,0.0
50.0,22.8,98.0,0.0,mid,1.0,0.3,6,0.0,0.0,0.0,0.0,0,0.0
50.0,22.9,85.0,0.0,development,-0.5,0.9,5,0.0,0.0,0.0,0.0,0,0.0
50.0,22.9,93.0,0.0,development,0.9,0.5,6,0.0,0.0,0.0,0.0,0,0.0
50.0,22.9,93.0,0.0,mid,0.3,1.0,6,0.0,0.0,0.0,0.0,0,0.0
50.0,22.9,94.0,0.0,development,0.5,0.9,5,0.0,0.0,0.0,0.0,0,0.0
50.0,22.9,94.0,0.0,mid,-0.7,0.7,5,0.0,0.0,0.0,0.0,0,0.0
50.0,22.9,96.0,0.0,mid,0.7,0.7,5,0.0,0.0,0.0,0.0,0,0.0
50.0,22.9,98.0,0.0,late,1.0,0.3,6,0.0,0.0,0.0,0.0,0,0.0
50.0,22.9,98.0,0.0,mid,0.7,0.7,7,0.0,0.0,0.0,0.0,0,0.0
50.0,23.0,81.0,0.0,mid,-0.9,0.5,5,0.0,0.0,0.0,0.0,0,0.0
50.0,23.0,83.0,0.0,development,-0.9,0.5,5,0.0,0.0,0.0,0.0,0,0.0
50.0,23.0,83.0,0.0,mid,-1.0,0.3,6,0.0,0.0,0.0,0.0,0,0.0
50.0,23.0,86.0,0.0,late,0.0,1.0,6,0.0,0.0,0.0,0.0,0,0.0
50.0,23.0,90.0,0.0,mid,0.7,0.7,5,0.0,0.0,0.0,0.0,0,0.0
50.0,23.0,94.0,0.0,development,-0.3,1.0,7,0.0,0.0,0.0,0.0,0,0.0
50.0,23.0,96.0,0.0,development,-0.5,0.9,7,0.0,0.0,0.0,0.0,0,0.0
50.0,23.0,97.0,0.0,development,1.0,0.3,5,0.0,0.0,0.0,0.0,0,0.0
50.0,23.0,97.0,0.0,mid,0.5,0.9,6,0.0,0.0,0.0,0.0,0,0.0
50.0,23.0,98.0,0.0,mid,0.0,1.0,5,0.0,0.0,0.0,0.0,0,0.0
50.0,23.1,77.0,0.0,development,-1.0,0.3,8,0.0,0.0,0.0,0.0,0,0.0
50.0,23.1,77.0,0.0,mid,-1.0,-0.3,6,0.0,0.0,0.0,0.0,0,0.0
50.0,23.1,80.0,0.0,development,-0.7,0.7,5,0.0,0.0,0.0,0.0,0,0.0
50.0,23.1,88.0,0.0,initial,0.5,0.9,5,0.0,0.0,0.0,0.0,0,0.0
50.0,23.1,90.0,0.0,mid,-0.3,1.0,5,0.0,0.0,0.0,0.0,0,0.0
50.0,23.1,92.0,0.0,mid,0.3,1.0,5,0.0,0.0,0.0,0.0,0,0.0
50.0,23.1,92.0,0.0,mid,0.9,0.5,11,0.0,0.0,0.0,0.0,0,0.0
50.0,23.1,93.0,0.0,development,0.3,1.0,7,0.0,0.0,0.0,0.0,0,0.0
50.0,23.1,98.0,0.0,mid,0.3,1.0,6,0.0,0.0,0.0,0.0,0,0.0
50.0,23.2,92.0,0.0,mid,0.0,1.0,5,0.0,0.0,0.0,0.0,0,0.0
50.0,23.2,93.0,0.0,mid,0.7,0.7,8,0.0,0.0,0.0,0.0,0,0.0
50.0,23.2,94.0,0.0,late,0.7,0.7,5,0.0,0.0,0.0,0.0,0,0.0
50.0,23.2,94.0,0.1,mid,1.0,0.3,5,0.0,0.0,0.0,0.0,0,0.0
50.0,23.2,95.0,0.0,development,0.0,1.0,7,0.0,0.0,0.0,0.0,0,0.0
50.0,23.2,97.0,0.0,late,0.7,0.7,5,0.0,0.0,0.0,0.0,0,0.0
50.0,23.2,97.0,0.0,mid,0.0,1.0,6,0.0,0.0,0.0,0.0,0,0.0
50.0,23.3,76.0,1.0,mid,1.0,-0.3,5,0.0,0.0,0.0,0.0,0,0.0
50.0,23.3,88.0,0.0,late,1.0,0.3,5,0.0,0.0,0.0,0.0,0,0.0
50.0,23.3,91.0,0.0,mid,0.7,0.7,5,0.0,0.0,0.0,0.0,0,0.0
50.0,23.3,92.0,0.2,mid,1.0,0.3,5,0.0,0.0,0.0,0.0,0,0.0
50.0,23.3,94.0,0.0,late,0.9,0.5,5,0.0,0.0,0.0,0.0,0,0.0
50.0,23.3,96.0,0.0,late,0.5,0.9,6,0.0,0.0,0.0,0.0,0,0.0
50.0,23.3,96.0,0.0,mid,0.7,0.7,5,0.0,0.0,0.0,0.0,0,0.0
50.0,23.4,86.0,0.0,late,0.3,1.0,5,0.0,0.0,0.0,0.0,0,0.0
50.0,23.4,89.0,0.0,mid,0.0,1.0,5,0.0,0.0,0.0,0.0,0,0.0
50.0,23.4,91.0,0.0,development,-0.7,0.7,5,0.0,0.0,0.0,0.0,0,0.0
50.0,23.4,92.0,0.0,late,0.5,0.9,5,0.0,0.0,0.0,0.0,0,0.0
50.0,23.4,94.0,0.0,development,0.5,0.9,6,0.0,0.0,0.0,0.0,0,0.0
50.0,23.5,72.0,0.0,mid,-0.5,0.9,5,0.0,0.0,0.0,0.0,0,0.0
50.0,23.5,77.0,0.0,mid,-1.0,0.3,6,0.0,0.0,0.0,0.0,0,0.0
50.0,23.5,79.0,0.0,mid,-0.9,0.5,5,0.0,0.0,0.0,0.0,0,0.0
50.0,23.5,83.0,0.0,mid,-1.0,0.0,5,0.0,0.0,0.0,0.0,0,0.0
50.0,23.5,83.0,0.5,mid,1.0,0.0,5,0.0,0.0,0.0,0.0,0,0.0
50.0,23.5,89.0,0.0,mid,0.5,0.9,6,0.0,0.0,0.0,0.0,0,0.0
50.0,23.5,93.0,0.0,development,0.3,1.0,5,0.0,0.0,0.0,0.0,0,0.0
50.0,23.5,95.0,0.0,late,0.3,1.0,5,0.0,0.0,0.0,0.0,0,0.0
50.0,23.5,95.0,0.0,mid,0.7,0.7,7,0.0,0.0,0.0,0.0,0,0.0
50.0,23.5,97.0,0.0,mid,0.9,0.5,6,0.0,0.0,0.0,0.0,0,0.0
50.0,23.6,75.0,0.0,mid,-0.9,0.5,5,0.0,0.0,0.0,0.0,0,0.0
50.0,23.6,80.0,0.0,development,-0.5,0.9,5,0.0,0.0,0.0,0.0,0,0.0
50.0,23.6,82.0,0.8,development,1.0,0.0,5,0.0,0.0,0.0,0.0,0,0.0
50.0,23.6,82.0,1.3,late,1.0,-0.3,5,0.0,0.0,0.0,0.0,0,0.0
50.0,23.6,87.0,0.0,mid,-0.7,0.7,8,0.0,0.0,0.0,0.0,0,0.0
50.0,23.6,88.0,0.0,development,0.0,1.0,5,0.0,0.0,0.0,0.0,0,0.0
50.0,23.6,93.0,0.0,development,-0.5,0.9,5,0.0,0.0,0.0,0.0,0,0.0
50.0,23.6,94.0,0.0,mid,0.9,0.5,5,0.0,0.0,0.0,0.0,0,0.0
50.0,23.6,95.0,0.0,mid,0.5,0.9,5,0.0,0.0,0.0,0.0,0,0.0
50.0,23.6,96.0,0.0,mid,1.0,0.3,5,0.0,0.0,0.0,0.0,0,0.0
50.0,23.7,68.0,0.0,development,-1.0,-0.3,6,0.0,0.0,0.0,0.0,0,0.0
50.0,23.7,73.0,0.0,development,-1.0,0.0,5,0.0,0.0,0.0,0.0,0,0.0
50.0,23.7,74.0,0.0,late,-1.0,-0.3,6,0.0,0.0,0.0,0.0,0,0.0
50.0,23.7,77.0,0.0,development,-0.9,0.5,5,0.0,0.0,0.0,0.0,0,0.0
50.0,23.7,77.0,0.0,mid,-1.0,-0.3,5,0.0,0.0,0.0,0.0,0,0.0
50.0,23.7,84.0,0.7,mid,1.0,-0.3,6,0.0,0.0,0.0,0.0,0,0.0
50.0,23.7,88.0,0.0,mid,0.3,1.0,6,0.0,0.0,0.0,0.0,0,0.0
50.0,23.7,90.0,0.0,late,0.3,1.0,5,0.0,0.0,0.0,0.0,0,0.0
50.0,23.7,94.0,0.0,mid,0.3,1.0,5,0.0,0.0,0.0,0.0,0,0.0
50.0,23.7,94.0,0.0,mid,1.0,0.3,6,0.0,0.0,0.0,0.0,0,0.0
50.0,23.7,96.0,0.0,mid,-0.3,1.0,5,0.0,0.0,0.0,0.0,0,0.0
50.0,23.7,96.0,0.0,mid,0.7,0.7,10,0.0,0.0,0.0,0.0,0,0.0
50.0,23.8,78.0,0.0,development,-0.9,0.5,6,0.0,0.0,0.0,0.0,0,0.0
50.0,23.8,81.0,0.0,development,-0.5,0.9,6,0.0,0.0,0.0,0.0,0,0.0
50.0,23.8,81.0,0.0,mid,-0.5,0.9,5,0.0,0.0,0.0,0.0,0,0.0
50.0,23.8,86.0,0.0,mid,0.9,0.5,5,0.0,0.0,0.0,0.0,0,0.0
50.0,23.8,89.0,0.0,development,-0.5,0.9,5,0.0,0.0,0.0,0.0,0,0.0
50.0,23.8,89.0,0.0,late,0.3,1.0,5,0.0,0.0,0.0,0.0,0,0.0
50.0,23.8,90.0,0.0,late,0.0,1.0,5,0.0,0.0,0.0,0.0,0,0.0
50.0,23.8,92.0,1.0,development,1.0,-0.3,5,0.0,0.0,0.0,0.0,0,0.0
50.0,23.8,93.0,0.0,mid,0.7,0.7,6,0.0,0.0,0.0,0.0,0,0.0
50.0,23.8,96.0,0.0,mid,0.5,0.9,7,0.0,0.0,0.0,0.0,0,0.0
50.0,23.9,73.0,0.0,development,-1.0,0.3,5,0.0,0.0,0.0,0.0,0,0.0
50.0,23.9,86.0,0.0,mid,0.0,1.0,9,0.0,0.0,0.0,0.0,0,0.0
50.0,23.9,88.0,0.1,mid,1.0,0.3,5,0.0,0.0,0.0,0.0,0,0.0
50.0,23.9,89.0,0.0,mid,-0.5,0.9,5,0.0,0.0,0.0,0.0,0,0.0
50.0,24.0,71.0,0.0,mid,-1.0,0.0,7,0.0,0.0,0.0,0.0,0,0.0
50.0,24.0,72.0,0.0,mid,-0.7,0.7,5,0.0,0.0,0.0,0.0,0,0.0
50.0,24.0,83.0,0.0,mid,-0.5,0.9,5,0.0,0.0,0.0,0.0,0,0.0
50.0,24.0,85.0,0.0,late,-0.7,0.7,6,0.0,0.0,0.0,0.0,0,0.0
50.0,24.0,90.0,0.0,development,0.0,1.0,5,0.0,0.0,0.0,0.0,0,0.0
50.0,24.0,90.0,0.0,mid,0.0,1.0,5,0.0,0.0,0.0,0.0,0,0.0
50.0,24.0,91.0,0.0,mid,0.0,1.0,6,0.0,0.0,0.0,0.0,0,0.0
50.0,24.0,94.0,0.2,mid,1.0,0.0,7,0.0,0.0,0.0,0.0,0,0.0
50.0,24.0,95.0,0.0,mid,0.9,0.5,5,0.0,0.0,0.0,0.0,0,0.0
50.0,24.1,72.0,0.0,mid,-1.0,0.0,5,0.0,0.0,0.0,0.0,0,0.0
50.0,24.1,89.0,0.0,mid,0.7,0.7,8,0.0,0.0,0.0,0.0,0,0.0
50.0,24.1,92.0,0.0,late,-0.7,0.7,5,0.0,0.0,0.0,0.0,0,0.0
50.0,24.1,93.0,0.0,development,0.9,0.5,5,0.0,0.0,0.0,0.0,0,0.0
50.0,24.1,93.0,0.7,late,1.0,-0.3,5,0.0,0.0,0.0,0.0,0,0.0
50.0,24.1,95.0,0.0,mid,0.7,0.7,5,0.0,0.0,0.0,0.0,0,0.0
50.0,24.2,74.0,1.6,development,0.9,-0.5,6,0.0,0.0,0.0,0.0,0,0.0
50.0,24.2,78.0,0.0,development,-0.7,0.7,5,0.0,0.0,0.0,0.0,0,0.0
50.0,24.2,78.0,0.0,mid,-0.9,0.5,6,0.0,0.0,0.0,0.0,0,0.0
50.0,24.2,80.0,0.0,late,-0.9,0.5,5,0.0,0.0,0.0,0.0,0,0.0
50.0,24.2,84.0,0.0,mid,-0.3,1.0,7,0.0,0.0,0.0,0.0,0,0.0
50.0,24.2,84.0,0.0,mid,0.3,1.0,5,0.0,0.0,0.0,0.0,0,0.0
50.0,24.2,86.0,0.0,mid,-0.7,0.7,6,0.0,0.0,0.0,0.0,0,0.0
50.0,24.2,88.0,0.0,mid,0.3,1.0,5,0.0,0.0,0.0,0.0,0,0.0
50.0,24.2,90.0,0.0,development,-0.7,0.7,7,0.0,0.0,0.0,0.0,0,0.0
50.0,24.3,73.0,0.0,late,-1.0,0.3,5,0.0,0.0,0.0,0.0,0,0.0
50.0,24.3,76.0,0.0,late,-0.9,0.5,5,0.0,0.0,0.0,0.0,0,0.0
50.0,24.3,85.0,0.0,mid,-0.3,1.0,6,0.0,0.0,0.0,0.0,0,0.0
50.0,24.3,89.0,0.0,mid,0.0,1.0,5,0.0,0.0,0.0,0.0,0,0.0
50.0,24.3,90.0,0.0,mid,0.3,1.0,9,0.0,0.0,0.0,0.0,0,0.0
50.0,24.3,92.0,0.0,mid,0.0,1.0,5,0.0,0.0,0.0,0.0,0,0.0
50.0,24.4,77.0,1.0,mid,1.0,0.0,6,0.0,0.0,0.0,0.0,0,0.0
50.0,24.4,78.0,0.0,mid,-1.0,-0.3,5,0.0,0.0,0.0,0.0,0,0.0
50.0,24.4,81.0,0.0,late,-0.9,0.5,6,0.0,0.0,0.0,0.0,0,0.0
50.0,24.4,81.0,0.0,late,-0.5,0.9,5,0.0,0.0,0.0,0.0,0,0.0
50.0,24.4,82.0,0.0,mid,-0.7,0.7,6,0.0,0.0,0.0,0.0,0,0.0
50.0,24.4,82.0,0.0,mid,0.0,1.0,5,0.0,0.0,0.0,0.0,0,0.0
50.0,24.4,84.0,0.0,mid,-0.9,0.5,5,0.0,0.0,0.0,0.0,0,0.0
50.0,24.4,84.0,0.0,mid,-0.5,0.9,6,0.0,0.0,0.0,0.0,0,0.0
50.0,24.4,88.0,0.0,mid,-0.3,1.0,6,0.0,0.0,0.0,0.0,0,0.0
50.0,24.4,88.0,0.0,mid,0.0,1.0,8,0.0,0.0,0.0,0.0,0,0.0
50.0,24.4,90.0,0.0,mid,0.3,1.0,6,0.0,0.0,0.0,0.0,0,0.0
50.0,24.4,93.0,0.0,mid,0.9,0.5,6,0.0,0.0,0.0,0.0,0,0.0
50.0,24.5,70.0,0.4,development,-0.9,-0.5,5,0.0,0.0,0.0,0.0,0,0.0
50.0,24.5,74.0,0.0,development,-1.0,-0.3,6,0.0,0.0,0.0,0.0,0,0.0
50.0,24.5,81.0,0.0,mid,-0.5,0.9,6,0.0,0.0,0.0,0.0,0,0.0
50.0,24.5,82.0,0.0,development,-1.0,0.3,5,0.0,0.0,0.0,0.0,0,0.0
50.0,24.5,84.0,0.0,mid,-0.3,1.0,6,0.0,0.0,0.0,0.0,0,0.0
50.0,24.5,88.0,0.0,mid,-0.3,1.0,5,0.0,0.0,0.0,0.0,0,0.0
50.0,24.6,91.0,0.0,mid,0.3,1.0,5,0.0,0.0,0.0,0.0,0,0.0
50.0,24.6,93.0,0.4,mid,1.0,0.0,6,0.0,0.0,0.0,0.0,0,0.0
50.0,24.7,68.0,1.3,mid,0.9,-0.5,5,0.0,0.0,0.0,0.0,0,0.0
50.0,24.7,73.0,0.0,mid,-0.9,0.5,5,0.0,0.0,0.0,0.0,0,0.0
50.0,24.7,86.0,0.0,late,-0.7,0.7,6,0.0,0.0,0.0,0.0,0,0.0
50.0,24.7,86.0,0.0,mid,-0.3,1.0,7,0.0,0.0,0.0,0.0,0,0.0
50.0,24.7,93.0,0.0,mid,0.7,0.7,5,0.0,0.0,0.0,0.0,0,0.0
50.0,24.8,72.0,0.0,development,-1.0,-0.3,5,0.0,0.0,0.0,0.0,0,0.0
50.0,24.8,81.0,0.0,development,-1.0,0.3,6,0.0,0.0,0.0,0.0,0,0.0
50.0,24.8,82.0,0.0,mid,0.0,1.0,8,0.0,0.0,0.0,0.0,0,0.0
50.0,24.8,85.0,0.0,mid,-0.5,0.9,5,0.0,0.0,0.0,0.0,0,0.0
50.0,24.8,87.0,0.0,mid,-1.0,0.3,5,0.0,0.0,0.0,0.0,0,0.0
50.0,24.8,93.0,0.0,mid,0.5,0.9,5,0.0,0.0,0.0,0.0,0,0.0
50.0,24.9,70.0,0.2,late,-0.9,-0.5,5,0.0,0.0,0.0,0.0,0,0.0
50.0,24.9,73.0,0.0,development,-1.0,0.3,5,0.0,0.0,0.0,0.0,0,0.0
50.0,24.9,78.0,0.0,mid,-0.7,0.7,5,0.0,0.0,0.0,0.0,0,0.0
50.0,24.9,79.0,0.0,mid,-0.3,1.0,7,0.0,0.0,0.0,0.0,0,0.0
50.0,24.9,81.0,0.0,mid,-0.3,1.0,5,0.0,0.0,0.0,0.0,0,0.0
50.0,24.9,85.0,0.0,mid,0.0,1.0,5,0.0,0.0,0.0,0.0,0,0.0
50.0,24.9,85.0,0.6,development,1.0,-0.3,5,0.0,0.0,0.0,0.0,0,0.0
50.0,24.9,88.0,0.0,mid,0.3,1.0,8,0.0,0.0,0.0,0.0,0,0.0
50.0,25.0,73.0,0.0,development,-1.0,0.0,5,0.0,0.0,0.0,0.0,0,0.0
50.0,25.0,73.0,0.0,mid,-0.9,0.5,7,0.0,0.0,0.0,0.0,0,0.0
50.0,25.0,74.0,0.0,late,-1.0,0.3,5,0.0,0.0,0.0,0.0,0,0.0
50.0,25.0,77.0,1.4,initial,0.9,-0.5,5,3.328701792974573,1.8649254238705022,0.0,4.304877892331454,4,0.8
50.0,25.0,82.0,0.0,development,-0.5,0.9,5,0.0,0.0,0.0,0.0,0,0.0
50.0,25.0,83.0,0.0,development,-1.0,0.3,5,0.0,0.0,0.0,0.0,0,0.0
50.0,25.0,90.0,0.0,mid,-0.7,0.7,5,0.0,0.0,0.0,0.0,0,0.0
50.0,25.1,69.0,1.6,development,1.0,-0.3,5,0.0,0.0,0.0,0.0,0,0.0
50.0,25.1,72.0,0.0,mid,-1.0,0.3,5,0.0,0.0,0.0,0.0,0,0.0
50.0,25.1,85.0,0.0,development,-0.3,1.0,5,0.0,0.0,0.0,0.0,0,0.0
50.0,25.1,86.0,0.0,mid,-0.7,0.7,6,0.0,0.0,0.0,0.0,0,0.0
50.0,25.1,86.0,0.0,mid,-0.5,0.9,5,0.0,0.0,0.0,0.0,0,0.0
50.0,25.1,86.0,0.4,mid,1.0,0.0,5,0.0,0.0,0.0,0.0,0,0.0
50.0,25.1,88.0,0.0,development,-0.9,0.5,7,0.0,0.0,0.0,0.0,0,0.0
50.0,25.2,67.0,1.9,development,1.0,-0.3,7,0.0,0.0,0.0,0.0,0,0.0
50.0,25.2,77.0,0.0,mid,-0.9,0.5,6,0.0,0.0,0.0,0.0,0,0.0
50.0,25.3,70.0,0.2,mid,-0.9,-0.5,10,0.0,0.0,0.0,0.0,0,0.0
50.0,25.3,83.0,0.0,mid,-1.0,0.0,5,0.0,0.0,0.0,0.0,0,0.0
50.0,25.4,79.0,1.4,development,1.0,-0.3,5,0.0,0.0,0.0,0.0,0,0.0
50.0,25.5,69.0,0.0,late,-1.0,0.0,5,0.0,0.0,0.0,0.0,0,0.0
50.0,25.5,79.0,0.0,mid,-0.9,0.5,5,0.0,0.0,0.0,0.0,0,0.0
50.0,25.5,83.0,0.0,mid,-0.5,0.9,6,0.0,0.0,0.0,0.0,0,0.0
50.0,25.5,87.0,0.4,mid,1.0,0.0,5,0.0,0.0,0.0,0.0,0,0.0
50.0,25.6,60.0,0.0,development,-1.0,0.0,5,0.0,0.0,0.0,0.0,0,0.0
50.0,25.6,75.0,0.0,mid,-1.0,0.0,5,0.0,0.0,0.0,0.0,0,0.0
50.0,25.7,62.0,1.2,development,-0.5,-0.9,5,0.0,0.0,0.0,0.0,0,0.0
50.0,25.7,70.0,0.0,mid,-1.0,0.3,5,0.0,0.0,0.0,0.0,0,0.0
50.0,25.7,79.0,0.0,initial,-0.7,0.7,5,0.0,0.0,0.0,0.0,0,0.0
50.0,25.7,80.0,0.0,mid,-0.9,0.5,5,0.0,0.0,0.0,0.0,0,0.0
50.0,25.8,55.0,0.9,late,-0.7,-0.7,5,0.0,0.0,0.0,0.0,0,0.0
50.0,25.8,69.0,0.0,development,-1.0,0.3,5,0.0,0.0,0.0,0.0,0,0.0
50.0,25.9,71.0,0.0,development,-0.9,0.5,7,0.0,0.0,0.0,0.0,0,0.0
50.0,25.9,72.0,0.0,mid,-1.0,0.3,8,0.0,0.0,0.0,0.0,0,0.0
50.0,25.9,79.0,0.0,mid,-0.9,0.5,5,0.0,0.0,0.0,0.0,0,0.0
50.0,26.0,64.0,0.6,late,-0.7,-0.7,7,0.0,0.0,0.0,0.0,0,0.0
50.0,26.0,68.0,0.0,late,-1.0,0.0,5,0.0,0.0,0.0,0.0,0,0.0
50.0,26.0,73.0,0.0,late,-1.0,0.3,5,0.0,0.0,0.0,0.0,0,0.0
50.0,26.0,74.0,0.0,mid,-0.7,0.7,5,0.0,0.0,0.0,0.0,0,0.0
50.0,26.0,75.0,0.0,late,-1.0,0.0,6,0.0,0.0,0.0,0.0,0,0.0
50.0,26.0,79.0,0.0,mid,-1.0,0.3,6,0.0,0.0,0.0,0.0,0,0.0
50.0,26.1,61.0,2.0,late,0.7,-0.7,5,0.0,0.0,0.0,0.0,0,0.0
50.0,26.1,65.0,0.0,late,-1.0,0.0,6,0.0,0.0,0.0,0.0,0,0.0
50.0,26.1,68.0,1.5,development,1.0,-0.3,5,0.0,0.0,0.0,0.0,0,0.0
50.0,26.2,60.0,1.7,mid,0.7,-0.7,6,0.0,0.0,0.0,0.0,0,0.0
50.0,26.2,73.0,0.0,development,-1.0,0.0,5,0.0,0.0,0.0,0.0,0,0.0
50.0,26.2,75.0,0.0,mid,-0.9,0.5,7,0.0,0.0,0.0,0.0,0,0.0
50.0,26.3,59.0,0.4,development,-0.9,-0.5,7,0.0,0.0,0.0,0.0,0,0.0
50.0,26.3,63.0,1.7,development,1.0,-0.3,6,0.0,0.0,0.0,0.0,0,0.0
50.0,26.3,69.0,0.0,mid,-1.0,0.3,5,0.0,0.0,0.0,0.0,0,0.0
50.0,26.3,72.0,1.5,mid,0.7,-0.7,5,0.0,0.0,0.0,0.0,0,0.0
50.0,26.3,76.0,0.0,mid,-1.0,-0.3,6,0.0,0.0,0.0,0.0,0,0.0
50.0,26.3,79.0,0.0,development,-1.0,0.0,5,0.0,0.0,0.0,0.0,0,0.0
50.0,26.4,54.0,0.4,late,-0.9,-0.5,6,0.0,0.0,0.0,0.0,0,0.0
50.0,26.4,63.0,0.0,mid,-1.0,-0.3,5,0.0,0.0,0.0,0.0,0,0.0
50.0,26.4,72.0,0.0,mid,-0.9,0.5,6,0.0,0.0,0.0,0.0,0,0.0
50.0,26.5,65.0,0.0,development,-1.0,0.3,5,0.0,0.0,0.0,0.0,0,0.0
50.0,26.5,69.0,0.0,mid,-1.0,-0.3,5,0.0,0.0,0.0,0.0,0,0.0
50.0,26.5,69.0,0.8,late,-0.5,-0.9,6,0.0,0.0,0.0,0.0,0,0.0
50.0,26.5,73.0,0.0,development,-1.0,-0.3,5,0.0,0.0,0.0,0.0,0,0.0
50.0,26.6,63.0,0.3,mid,-0.9,-0.5,6,0.0,0.0,0.0,0.0,0,0.0
50.0,26.6,69.0,0.0,late,-1.0,0.0,5,0.0,0.0,0.0,0.0,0,0.0
50.0,26.6,70.0,0.0,mid,-0.9,0.5,5,0.0,0.0,0.0,0.0,0,0.0
50.0,26.6,72.0,0.0,mid,-0.9,0.5,6,0.0,0.0,0.0,0.0,0,0.0
50.0,26.6,80.0,0.0,mid,-0.7,0.7,6,0.0,0.0,0.0,0.0,0,0.0
50.0,26.6,85.0,0.0,mid,0.3,1.0,8,0.0,0.0,0.0,0.0,0,0.0
50.0,26.8,52.0,1.7,development,-0.5,-0.9,5,0.8202469089942476,1.8341278468452211,0.0,4.101234544971238,1,0.2
50.0,26.8,60.0,1.6,mid,0.9,-0.5,6,0.0,0.0,0.0,0.0,0,0.0
50.0,26.8,65.0,0.0,late,-1.0,0.0,5,0.0,0.0,0.0,0.0,0,0.0
50.0,26.8,65.0,1.0,mid,1.0,-0.3,6,0.0,0.0,0.0,0.0,0,0.0
50.0,26.8,70.0,1.4,initial,1.0,-0.3,6,0.0,0.0,0.0,0.0,0,0.0
50.0,26.8,83.0,0.0,mid,0.0,1.0,5,0.0,0.0,0.0,0.0,0,0.0
50.0,26.9,68.0,1.9,development,1.0,-0.3,5,0.0,0.0,0.0,0.0,0,0.0
50.0,26.9,72.0,0.0,development,-0.9,0.5,7,0.0,0.0,0.0,0.0,0,0.0
50.0,27.0,63.0,0.0,development,-1.0,0.3,5,0.0,0.0,0.0,0.0,0,0.0
50.0,27.2,63.0,0.0,mid,-1.0,0.0,8,0.0,0.0,0.0,0.0,0,0.0
50.0,27.3,53.0,2.1,mid,0.7,-0.7,7,0.0,0.0,0.0,0.0,0,0.0
50.0,27.3,56.0,1.1,development,-0.7,-0.7,5,0.0,0.0,0.0,0.0,0,0.0
50.0,27.3,73.0,0.0,mid,-0.9,0.5,5,0.0,0.0,0.0,0.0,0,0.0
50.0,27.4,59.0,2.7,development,0.0,-1.0,6,0.0,0.0,0.0,0.0,0,0.0
50.0,27.4,64.0,1.8,mid,1.0,-0.3,5,0.0,0.0,0.0,0.0,0,0.0
50.0,27.6,60.0,0.0,late,-1.0,-0.3,5,0.0,0.0,0.0,0.0,0,0.0
50.0,27.6,67.0,0.0,mid,-1.0,0.3,5,0.0,0.0,0.0,0.0,0,0.0
50.0,27.6,71.0,1.7,development,1.0,-0.3,5,0.0,0.0,0.0,0.0,0,0.0
50.0,27.6,73.0,1.2,mid,0.9,-0.5,8,0.0,0.0,0.0,0.0,0,0.0
50.0,27.7,55.0,0.3,mid,-1.0,-0.3,5,0.0,0.0,0.0,0.0,0,0.0
50.0,27.7,71.0,0.0,mid,-0.9,0.5,5,0.0,0.0,0.0,0.0,0,0.0
50.0,27.8,45.0,0.0,mid,-1.0,-0.3,5,0.0,0.0,0.0,0.0,0,0.0
50.0,27.8,54.0,0.3,development,-0.9,-0.5,5,0.0,0.0,0.0,0.0,0,0.0
50.0,27.8,54.0,1.8,development,-0.5,-0.9,5,0.8220350610148046,1.8381262763172903,0.0,4.110175305074023,1,0.2
50.0,27.8,58.0,0.5,development,-0.9,-0.5,5,0.0,0.0,0.0,0.0,0,0.0
50.0,27.8,70.0,1.6,mid,0.9,-0.5,5,0.0,0.0,0.0,0.0,0,0.0
50.0,27.9,53.0,1.3,late,-0.7,-0.7,5,0.0,0.0,0.0,0.0,0,0.0
50.0,27.9,72.0,1.0,mid,1.0,-0.3,5,0.0,0.0,0.0,0.0,0,0.0
50.0,27.9,77.0,0.0,mid,-1.0,0.3,6,0.0,0.0,0.0,0.0,0,0.0
50.0,28.0,57.0,1.9,mid,0.9,-0.5,5,0.0,0.0,0.0,0.0,0,0.0
50.0,28.0,63.0,0.0,mid,-1.0,0.0,6,0.0,0.0,0.0,0.0,0,0.0
50.0,28.1,53.0,1.7,development,0.3,-1.0,6,3.400397364255151,1.6665768446024218,0.0,4.143509535098652,5,0.8333333333333334
50.0,28.2,49.0,0.1,development,-1.0,-0.3,5,0.0,0.0,0.0,0.0,0,0.0
50.0,28.2,51.0,0.5,development,-0.9,-0.5,5,0.0,0.0,0.0,0.0,0,0.0
50.0,28.2,51.0,3.0,mid,0.3,-1.0,5,0.0,0.0,0.0,0.0,0,0.0
50.0,28.2,54.0,2.1,mid,0.0,-1.0,5,0.0,0.0,0.0,0.0,0,0.0
50.0,28.2,54.0,2.7,mid,0.5,-0.9,5,0.0,0.0,0.0,0.0,0,0.0
50.0,28.2,57.0,2.1,initial,0.7,-0.7,6,1.3829338275068028,2.1424702593089067,0.0,4.169079610694517,2,0.3333333333333333
50.0,28.3,56.0,0.2,development,-1.0,-0.3,5,0.0,0.0,0.0,0.0,0,0.0
50.0,28.3,64.0,1.0,mid,1.0,-0.3,5,0.0,0.0,0.0,0.0,0,0.0
50.0,28.4,50.0,1.8,mid,0.5,-0.9,5,0.0,0.0,0.0,0.0,0,0.0
50.0,28.4,58.0,0.0,mid,-1.0,-0.3,6,0.0,0.0,0.0,0.0,0,0.0
50.0,28.4,59.0,1.0,mid,-0.5,-0.9,5,0.0,0.0,0.0,0.0,0,0.0
50.0,28.5,56.0,2.2,development,0.7,-0.7,5,0.0,0.0,0.0,0.0,0,0.0
50.0,28.5,56.0,2.5,late,0.9,-0.5,5,0.0,0.0,0.0,0.0,0,0.0
50.0,28.5,57.0,2.3,mid,0.9,-0.5,5,0.0,0.0,0.0,0.0,0,0.0
50.0,28.5,60.0,2.4,mid,0.9,-0.5,5,0.0,0.0,0.0,0.0,0,0.0
50.0,28.5,65.0,2.4,mid,0.7,-0.7,7,0.0,0.0,0.0,0.0,0,0.0
50.0,28.6,54.0,2.5,late,0.0,-1.0,5,0.8519041335846538,1.9049155530083475,0.0,4.259520667923269,1,0.2
50.0,28.6,66.0,0.0,mid,-1.0,0.3,5,0.0,0.0,0.0,0.0,0,0.0
50.0,28.6,67.0,1.8,mid,0.9,-0.5,5,0.0,0.0,0.0,0.0,0,0.0
50.0,28.7,54.0,1.0,mid,-0.7,-0.7,5,0.0,0.0,0.0,0.0,0,0.0
50.0,28.7,56.0,0.1,mid,-1.0,-0.3,5,0.0,0.0,0.0,0.0,0,0.0
50.0,28.8,50.0,2.0,late,-0.5,-0.9,5,0.0,0.0,0.0,0.0,0,0.0
50.0,28.9,51.0,2.4,development,0.7,-0.7,5,0.0,0.0,0.0,0.0,0,0.0
50.0,28.9,62.0,0.0,mid,-1.0,0.3,7,0.0,0.0,0.0,0.0,0,0.0
50.0,28.9,67.0,1.6,late,0.9,-0.5,5,0.0,0.0,0.0,0.0,0,0.0
50.0,29.0,46.0,1.8,late,-0.5,-0.9,5,0.0,0.0,0.0,0.0,0,0.0
50.0,29.0,49.0,2.8,development,0.0,-1.0,5,0.802918948358576,1.7953813489524193,0.0,4.01459474179288,1,0.2
50.0,29.1,50.0,1.3,mid,-0.7,-0.7,5,0.0,0.0,0.0,0.0,0,0.0
50.0,29.1,58.0,2.0,initial,0.9,-0.5,6,2.870982607022833,2.2276405517119833,0.0,4.449876921739151,4,0.6666666666666666
50.0,29.1,58.0,2.1,mid,0.9,-0.5,5,0.0,0.0,0.0,0.0,0,0.0
50.0,29.1,66.0,2.2,mid,0.9,-0.5,5,0.0,0.0,0.0,0.0,0,0.0
50.0,29.2,51.0,2.3,development,0.0,-1.0,5,0.84169461407363,1.8820863733640878,0.0,4.20847307036815,1,0.2
50.0,29.2,55.0,2.3,late,0.9,-0.5,5,0.0,0.0,0.0,0.0,0,0.0
50.0,29.2,56.0,0.4,development,-0.9,-0.5,5,0.0,0.0,0.0,0.0,0,0.0
50.0,29.2,58.0,2.0,initial,0.9,-0.5,5,2.4847973563470083,2.2689354605813588,0.0,4.185196448963946,3,0.6
50.0,29.2,63.0,0.3,development,-0.9,-0.5,7,0.0,0.0,0.0,0.0,0,0.0
50.0,29.4,49.0,2.8,development,0.7,-0.7,5,0.0,0.0,0.0,0.0,0,0.0
50.0,29.4,54.0,2.1,mid,0.0,-1.0,8,0.0,0.0,0.0,0.0,0,0.0
50.0,29.4,56.0,2.6,development,0.9,-0.5,7,0.0,0.0,0.0,0.0,0,0.0
50.0,29.4,61.0,1.0,mid,-0.7,-0.7,6,0.0,0.0,0.0,0.0,0,0.0
50.0,29.5,45.0,2.2,mid,-0.3,-1.0,5,0.0,0.0,0.0,0.0,0,0.0
50.0,29.5,51.0,2.5,mid,0.7,-0.7,6,0.0,0.0,0.0,0.0,0,0.0
50.0,29.5,53.0,1.8,mid,-0.3,-1.0,6,0.0,0.0,0.0,0.0,0,0.0
50.0,29.5,55.0,2.6,development,0.3,-1.0,6,0.7165490906587415,1.7551796477692008,0.0,4.299294543952449,1,0.16666666666666666
50.0,29.6,46.0,2.6,mid,0.9,-0.5,5,0.0,0.0,0.0,0.0,0,0.0
50.0,29.7,51.0,0.7,development,-0.9,-0.5,7,0.0,0.0,0.0,0.0,0,0.0
50.0,29.7,51.0,1.5,mid,-0.5,-0.9,6,0.0,0.0,0.0,0.0,0,0.0
50.0,29.8,45.0,2.7,mid,0.7,-0.7,6,0.0,0.0,0.0,0.0,0,0.0
50.0,29.9,57.0,1.0,development,-0.7,-0.7,5,0.0,0.0,0.0,0.0,0,0.0
50.0,30.0,50.0,0.6,late,-0.9,-0.5,7,0.0,0.0,0.0,0.0,0,0.0
50.0,30.0,53.0,0.0,mid,-1.0,0.0,6,0.0,0.0,0.0,0.0,0,0.0
50.0,30.0,56.0,2.2,mid,0.9,-0.5,6,0.0,0.0,0.0,0.0,0,0.0
50.0,30.0,58.0,0.0,mid,-1.0,0.0,7,0.0,0.0,0.0,0.0,0,0.0
50.0,30.0,58.0,1.8,development,0.9,-0.5,6,0.0,0.0,0.0,0.0,0,0.0
50.0,30.0,60.0,1.9,mid,0.9,-0.5,6,0.0,0.0,0.0,0.0,0,0.0
50.0,30.1,55.0,2.4,mid,0.7,-0.7,5,0.0,0.0,0.0,0.0,0,0.0
50.0,30.2,48.0,2.0,development,-0.3,-1.0,5,3.3546549445211538,1.8753195336202597,0.0,4.199331142835643,4,0.8
50.0,30.2,53.0,2.2,late,0.7,-0.7,6,2.7864602533839005,2.1590812523134133,0.0,4.264109882262876,4,0.6666666666666666
50.0,30.3,56.0,0.9,mid,-0.5,-0.9,5,0.0,0.0,0.0,0.0,0,0.0
50.0,30.4,52.0,1.0,development,-0.9,-0.5,5,0.0,0.0,0.0,0.0,0,0.0
50.0,30.4,55.0,2.1,development,0.7,-0.7,5,0.0,0.0,0.0,0.0,0,0.0
50.0,30.5,48.0,3.0,mid,0.5,-0.9,6,0.0,0.0,0.0,0.0,0,0.0
50.0,30.5,49.0,2.1,late,-0.5,-0.9,5,0.0,0.0,0.0,0.0,0,0.0
50.0,30.6,45.0,3.0,mid,0.7,-0.7,5,0.0,0.0,0.0,0.0,0,0.0
50.0,30.6,46.0,1.4,development,-0.7,-0.7,5,0.0,0.0,0.0,0.0,0,0.0
50.0,30.6,47.0,0.0,mid,-1.0,-0.3,5,0.0,0.0,0.0,0.0,0,0.0
50.0,30.6,50.0,0.5,mid,-0.9,-0.5,8,0.0,0.0,0.0,0.0,0,0.0
50.0,30.6,57.0,0.8,development,-0.7,-0.7,6,0.0,0.0,0.0,0.0,0,0.0
50.0,30.7,49.0,2.5,mid,0.7,-0.7,5,0.0,0.0,0.0,0.0,0,0.0
50.0,30.8,40.0,2.5,development,0.0,-1.0,5,0.8245672713981463,1.8437884708677734,0.0,4.122836356990732,1,0.2
50.0,30.8,42.0,2.7,mid,0.3,-1.0,5,0.0,0.0,0.0,0.0,0,0.0
50.0,30.8,52.0,1.2,development,-0.7,-0.7,5,0.0,0.0,0.0,0.0,0,0.0
50.0,30.9,39.0,0.6,development,-0.9,-0.5,8,0.0,0.0,0.0,0.0,0,0.0
50.0,30.9,53.0,2.6,mid,0.9,-0.5,5,0.0,0.0,0.0,0.0,0,0.0
50.0,30.9,54.0,0.0,mid,-1.0,-0.3,7,0.0,0.0,0.0,0.0,0,0.0
50.0,31.0,48.0,1.1,development,-0.7,-0.7,5,0.0,0.0,0.0,0.0,0,0.0
50.0,31.0,50.0,2.2,mid,0.5,-0.9,6,0.0,0.0,0.0,0.0,0,0.0
50.0,31.0,50.0,3.1,mid,0.7,-0.7,5,0.0,0.0,0.0,0.0,0,0.0
50.0,31.1,40.0,2.9,development,0.0,-1.0,6,4.176935334793584,0.07556891396448327,4.086664775294128,4.25998424953309,6,1.0
50.0,31.1,53.0,1.2,mid,-0.3,-1.0,5,0.0,0.0,0.0,0.0,0,0.0
50.0,31.3,47.0,1.1,mid,-0.7,-0.7,5,0.0,0.0,0.0,0.0,0,0.0
50.0,31.3,47.0,1.4,development,-0.7,-0.7,6,0.0,0.0,0.0,0.0,0,0.0
50.0,31.3,50.0,1.0,development,-0.7,-0.7,5,0.0,0.0,0.0,0.0,0,0.0
50.0,31.4,49.0,2.2,late,0.7,-0.7,5,0.0,0.0,0.0,0.0,0,0.0
50.0,31.4,51.0,2.8,mid,0.5,-0.9,5,0.0,0.0,0.0,0.0,0,0.0
50.0,31.5,35.0,3.1,mid,0.0,-1.0,5,0.0,0.0,0.0,0.0,0,0.0
50.0,31.5,46.0,2.4,mid,0.0,-1.0,5,4.117796987633005,0.03135696949148385,4.081547956079,4.150593730467588,5,1.0
50.0,31.6,42.0,2.8,development,-0.3,-1.0,7,4.265586247814274,0.013040568086307772,4.236960899981838,4.275905887222592,7,1.0
50.0,31.6,47.0,2.1,late,0.7,-0.7,5,0.0,0.0,0.0,0.0,0,0.0
50.0,31.7,44.0,2.6,development,0.7,-0.7,6,0.0,0.0,0.0,0.0,0,0.0
50.0,31.7,44.0,3.0,development,0.7,-0.7,6,0.0,0.0,0.0,0.0,0,0.0
50.0,31.7,45.0,2.2,mid,0.3,-1.0,5,0.0,0.0,0.0,0.0,0,0.0
50.0,31.7,45.0,2.9,mid,0.5,-0.9,5,0.0,0.0,0.0,0.0,0,0.0
50.0,31.7,49.0,1.3,mid,-0.7,-0.7,5,0.0,0.0,0.0,0.0,0,0.0
50.0,31.8,44.0,0.0,mid,-1.0,-0.3,6,0.0,0.0,0.0,0.0,0,0.0
50.0,31.8,44.0,1.1,mid,-0.7,-0.7,5,0.0,0.0,0.0,0.0,0,0.0
50.0,31.8,44.0,2.7,development,0.7,-0.7,5,0.0,0.0,0.0,0.0,0,0.0
50.0,31.8,46.0,1.5,development,-0.7,-0.7,5,0.0,0.0,0.0,0.0,0,0.0
50.0,31.9,35.0,1.6,mid,-0.7,-0.7,5,0.0,0.0,0.0,0.0,0,0.0
50.0,31.9,41.0,2.0,mid,-0.5,-0.9,6,0.0,0.0,0.0,0.0,0,0.0
50.0,32.0,45.0,2.8,mid,0.3,-1.0,8,1.00840350013614,1.8672024479742324,0.0,4.038713704610956,2,0.25
50.0,32.0,47.0,1.9,mid,0.0,-1.0,6,0.0,0.0,0.0,0.0,0,0.0
50.0,32.3,40.0,2.1,mid,-0.5,-0.9,5,0.0,0.0,0.0,0.0,0,0.0
50.0,32.3,48.0,2.4,mid,0.3,-1.0,6,0.0,0.0,0.0,0.0,0,0.0
50.0,32.3,50.0,1.8,mid,-0.5,-0.9,5,0.0,0.0,0.0,0.0,0,0.0
50.0,32.4,38.0,3.3,mid,0.5,-0.9,5,1.6211860114351488,2.2199054467054293,0.0,4.0596785113719065,2,0.4
50.0,32.5,42.0,1.6,mid,-0.7,-0.7,6,0.0,0.0,0.0,0.0,0,0.0
50.0,32.5,43.0,3.1,initial,0.5,-0.9,6,0.0,0.0,0.0,0.0,0,0.0
50.0,32.5,44.0,2.4,development,0.7,-0.7,13,0.0,0.0,0.0,0.0,0,0.0
50.0,32.6,46.0,0.7,mid,-0.9,-0.5,5,0.0,0.0,0.0,0.0,0,0.0
50.0,32.6,46.0,2.1,mid,-0.5,-0.9,5,0.0,0.0,0.0,0.0,0,0.0
50.0,32.8,41.0,2.8,mid,0.7,-0.7,5,0.0,0.0,0.0,0.0,0,0.0
50.0,32.8,43.0,2.6,mid,0.5,-0.9,5,0.0,0.0,0.0,0.0,0,0.0
50.0,32.8,46.0,2.8,mid,0.5,-0.9,6,0.0,0.0,0.0,0.0,0,0.0
50.0,32.9,39.0,1.1,development,-0.9,-0.5,5,0.0,0.0,0.0,0.0,0,0.0
50.0,32.9,41.0,2.1,mid,-0.3,-1.0,6,0.0,0.0,0.0,0.0,0,0.0
50.0,32.9,50.0,0.4,mid,-0.9,-0.5,5,0.0,0.0,0.0,0.0,0,0.0
50.0,33.0,41.0,3.0,late,0.3,-1.0,5,0.837664500314078,1.8730747650406725,0.0,4.18832250157039,1,0.2
50.0,33.0,45.0,2.5,mid,0.5,-0.9,5,0.0,0.0,0.0,0.0,0,0.0
50.0,33.0,47.0,2.8,development,0.5,-0.9,5,0.0,0.0,0.0,0.0,0,0.0
50.0,33.1,38.0,3.1,mid,0.5,-0.9,5,0.0,0.0,0.0,0.0,0,0.0
50.0,33.1,45.0,2.2,initial,0.3,-1.0,5,0.0,0.0,0.0,0.0,0,0.0
50.0,33.2,39.0,2.8,mid,0.3,-1.0,5,0.0,0.0,0.0,0.0,0,0.0
50.0,33.2,40.0,2.3,mid,-0.5,-0.9,5,0.0,0.0,0.0,0.0,0,0.0
50.0,33.2,43.0,3.2,development,0.5,-0.9,5,3.665969774395407,2.0511600903693203,0.0,4.641287621168146,4,0.8
50.0,33.2,44.0,2.2,development,0.5,-0.9,7,0.6626421367436198,1.753186302056074,0.0,4.638494957205339,1,0.14285714285714285
50.0,33.2,45.0,0.8,mid,-0.9,-0.5,5,0.0,0.0,0.0,0.0,0,0.0
50.0,33.3,38.0,0.6,mid,-0.9,-0.5,6,0.0,0.0,0.0,0.0,0,0.0
50.0,33.4,39.0,3.2,mid,0.3,-1.0,7,1.1544976972357712,1.9716860833486802,0.0,4.049100812196524,2,0.2857142857142857
50.0,33.4,40.0,3.2,mid,0.3,-1.0,5,0.0,0.0,0.0,0.0,0,0.0
50.0,33.5,36.0,3.1,development,0.3,-1.0,5,3.7902069563899587,2.118873106300962,0.0,4.763767173103183,4,0.8
50.0,33.5,38.0,2.6,development,-0.3,-1.0,7,4.22069271562854,0.0157613780693843,4.205695723871049,4.24607224014121,7,1.0
50.0,33.5,39.0,3.3,initial,0.5,-0.9,6,0.0,0.0,0.0,0.0,0,0.0
50.0,33.5,44.0,0.6,mid,-0.9,-0.5,5,0.0,0.0,0.0,0.0,0,0.0
50.0,33.6,36.0,3.3,mid,0.3,-1.0,5,0.0,0.0,0.0,0.0,0,0.0
50.0,33.6,37.0,3.0,mid,0.3,-1.0,5,0.9483210308499537,2.1205102894731716,0.0,4.741605154249768,1,0.2
50.0,33.6,42.0,3.0,development,0.3,-1.0,5,4.753352238724718,0.001613215245523923,4.752012821456379,4.755733424979539,5,1.0
50.0,33.6,42.0,3.0,development,0.5,-0.9,6,2.3671387894283655,2.59307426647654,0.0,4.741981119483612,3,0.5
50.0,33.7,38.0,3.0,development,0.5,-0.9,5,3.8628859133764757,2.1739432578313314,0.0,5.082009741599602,4,0.8
50.0,33.8,41.0,2.5,development,0.5,-0.9,11,2.6672156072813356,2.556818852266461,0.0,5.11631538681479,6,0.5454545454545454
50.0,34.0,34.0,3.3,development,0.3,-1.0,5,4.876339767832194,0.017137915965302536,4.863950813007801,4.905247329089114,5,1.0
50.0,34.0,44.0,3.6,late,0.3,-1.0,6,0.7112601979904802,1.7422245594276138,0.0,4.267561187942881,1,0.16666666666666666
50.0,34.1,38.0,2.7,development,0.3,-1.0,5,4.589243076605011,0.01523183430525608,4.56443783547406,4.603900719091481,5,1.0
50.0,34.1,38.0,2.9,initial,0.5,-0.9,5,0.0,0.0,0.0,0.0,0,0.0
50.0,34.1,39.0,2.5,mid,0.3,-1.0,5,1.9001505455125496,2.6018883322880306,0.0,4.7510312298187,2,0.4
50.0,34.1,42.0,3.1,development,0.3,-1.0,5,4.877073257488012,0.022552078146054557,4.851279869759306,4.909901205506358,5,1.0
50.0,34.1,45.0,1.3,mid,-0.7,-0.7,5,0.0,0.0,0.0,0.0,0,0.0
50.0,34.2,33.0,1.1,mid,-0.9,-0.5,5,0.0,0.0,0.0,0.0,0,0.0
50.0,34.2,37.0,3.0,development,0.3,-1.0,5,4.856524679800386,0.036044418286551715,4.828249111769736,4.9130758158616885,5,1.0
50.0,34.3,36.0,3.0,development,0.3,-1.0,5,4.3381098498935495,0.3372761987807176,4.147476300416386,4.926397364318198,5,1.0
50.0,34.3,40.0,3.1,development,0.3,-1.0,5,4.408223841955637,0.01575813087571691,4.390655040057304,4.426826102789164,5,1.0
50.0,34.4,35.0,3.0,mid,0.3,-1.0,5,1.7304552878895094,2.3695236532874455,0.0,4.327382922297389,2,0.4
50.0,34.4,38.0,2.9,development,0.5,-0.9,6,4.483901538032071,0.5499085865601826,4.053293641901711,5.19146250115498,6,1.0
50.0,34.5,38.0,2.6,development,0.5,-0.9,5,0.0,0.0,0.0,0.0,0,0.0
50.0,34.6,38.0,3.3,mid,0.3,-1.0,5,3.7747194510423348,2.134603580048492,0.0,4.926008900239232,4,0.8
50.0,34.7,35.0,2.6,initial,-0.3,-1.0,5,0.0,0.0,0.0,0.0,0,0.0
50.0,34.7,39.0,2.6,development,0.3,-1.0,9,3.887170145147776,1.459793472120077,0.0,4.491601061715208,8,0.8888888888888888
50.0,34.8,36.0,3.1,initial,0.0,-1.0,5,0.0,0.0,0.0,0.0,0,0.0
50.0,34.9,36.0,2.7,mid,0.5,-0.9,5,1.8329500068206932,2.5415547903844784,0.0,5.148153265937864,2,0.4
50.0,34.9,44.0,1.3,development,-0.7,-0.7,5,0.0,0.0,0.0,0.0,0,0.0
50.0,35.1,42.0,0.3,mid,-1.0,-0.3,6,0.0,0.0,0.0,0.0,0,0.0
50.0,35.2,32.0,3.1,mid,0.0,-1.0,7,0.5969015959643755,1.579253180099293,0.0,4.178311171750629,1,0.14285714285714285
50.0,35.4,38.0,2.6,development,0.3,-1.0,5,4.480457809596517,0.028395459047153977,4.435907348126101,4.502733040331727,5,1.0
50.0,35.6,33.0,2.9,mid,0.5,-0.9,7,0.609348646849413,1.6121849812972686,0.0,4.265440527945891,1,0.14285714285714285
50.0,35.6,38.0,3.0,mid,0.0,-1.0,5,0.0,0.0,0.0,0.0,0,0.0
50.0,35.6,40.0,2.8,mid,-0.3,-1.0,7,0.6235895772292496,1.6498629415205008,0.0,4.365127040604747,1,0.14285714285714285
50.0,35.7,40.0,2.5,initial,0.0,-1.0,5,0.0,0.0,0.0,0.0,0,0.0
50.0,35.8,40.0,2.8,mid,0.5,-0.9,5,0.8052400063927827,1.8005713924966273,0.0,4.0262000319639135,1,0.2
50.0,35.9,35.0,2.6,development,0.3,-1.0,5,4.884945129916426,0.009809291444870956,4.870544422281903,4.897072041608652,5,1.0
50.0,36.1,29.0,2.0,mid,-0.7,-0.7,6,0.0,0.0,0.0,0.0,0,0.0
50.0,36.5,39.0,2.9,initial,0.3,-1.0,5,0.0,0.0,0.0,0.0,0,0.0
50.0,37.0,30.0,2.7,initial,0.0,-1.0,5,0.0,0.0,0.0,0.0,0,0.0
50.0,37.1,38.0,2.8,initial,0.0,-1.0,5,0.0,0.0,0.0,0.0,0,0.0
50.0,38.9,31.0,1.8,mid,-0.7,-0.7,5,0.0,0.0,0.0,0.0,0,0.0
51.0,17.9,100.0,0.0,development,1.0,0.3,5,0.0,0.0,0.0,0.0,0,0.0
51.0,17.9,100.0,0.0,late,0.9,0.5,7,0.0,0.0,0.0,0.0,0,0.0
51.0,18.0,100.0,0.0,development,0.9,0.5,5,0.0,0.0,0.0,0.0,0,0.0
51.0,18.0,100.0,0.0,late,0.7,0.7,6,0.0,0.0,0.0,0.0,0,0.0
51.0,18.6,100.0,0.0,late,0.9,0.5,5,0.0,0.0,0.0,0.0,0,0.0
51.0,18.6,100.0,0.0,mid,1.0,0.3,7,0.0,0.0,0.0,0.0,0,0.0
51.0,18.7,96.0,0.0,development,0.0,1.0,6,0.0,0.0,0.0,0.0,0,0.0
51.0,18.9,95.0,0.0,late,1.0,0.3,5,0.0,0.0,0.0,0.0,0,0.0
51.0,18.9,97.0,0.0,development,0.9,0.5,6,0.0,0.0,0.0,0.0,0,0.0
51.0,19.0,98.0,0.0,development,1.0,0.3,5,0.0,0.0,0.0,0.0,0,0.0
51.0,19.0,100.0,0.0,late,0.7,0.7,5,0.0,0.0,0.0,0.0,0,0.0
51.0,19.0,100.0,0.0,mid,0.7,0.7,9,0.0,0.0,0.0,0.0,0,0.0
51.0,19.1,97.0,0.0,development,0.7,0.7,5,0.0,0.0,0.0,0.0,0,0.0
51.0,19.2,95.0,0.0,late,1.0,0.3,5,0.0,0.0,0.0,0.0,0,0.0
51.0,19.2,98.0,0.0,development,0.3,1.0,5,0.0,0.0,0.0,0.0,0,0.0
51.0,19.2,98.0,0.0,development,1.0,0.3,8,0.0,0.0,0.0,0.0,0,0.0
51.0,19.2,98.0,0.0,late,0.7,0.7,6,0.0,0.0,0.0,0.0,0,0.0
51.0,19.2,100.0,0.0,development,0.5,0.9,6,0.0,0.0,0.0,0.0,0,0.0
51.0,19.2,100.0,0.0,mid,0.9,0.5,6,0.0,0.0,0.0,0.0,0,0.0
51.0,19.3,92.0,0.0,late,0.3,1.0,5,0.0,0.0,0.0,0.0,0,0.0
51.0,19.3,99.0,0.0,late,1.0,0.3,5,0.0,0.0,0.0,0.0,0,0.0
51.0,19.3,100.0,0.0,mid,0.7,0.7,6,0.0,0.0,0.0,0.0,0,0.0
51.0,19.3,100.0,0.0,mid,0.9,0.5,5,0.0,0.0,0.0,0.0,0,0.0
51.0,19.4,94.0,0.0,development,0.0,1.0,6,0.0,0.0,0.0,0.0,0,0.0
51.0,19.4,96.0,0.0,development,-0.3,1.0,6,0.0,0.0,0.0,0.0,0,0.0
51.0,19.4,98.0,0.0,development,0.0,1.0,6,0.0,0.0,0.0,0.0,0,0.0
51.0,19.4,100.0,0.0,initial,0.9,0.5,5,0.0,0.0,0.0,0.0,0,0.0
51.0,19.4,100.0,0.0,mid,0.7,0.7,7,0.0,0.0,0.0,0.0,0,0.0
51.0,19.5,94.0,0.0,development,-0.5,0.9,5,0.0,0.0,0.0,0.0,0,0.0
51.0,19.5,100.0,0.0,mid,0.5,0.9,8,0.0,0.0,0.0,0.0,0,0.0
51.0,19.5,100.0,0.0,mid,1.0,0.3,7,0.0,0.0,0.0,0.0,0,0.0
51.0,19.6,98.0,0.0,late,0.7,0.7,5,0.0,0.0,0.0,0.0,0,0.0
51.0,19.6,100.0,0.0,development,0.7,0.7,5,0.0,0.0,0.0,0.0,0,0.0
51.0,19.6,100.0,0.0,initial,1.0,0.3,6,0.0,0.0,0.0,0.0,0,0.0
51.0,19.6,100.0,0.0,mid,0.3,1.0,10,0.0,0.0,0.0,0.0,0,0.0
51.0,19.7,89.0,0.0,development,1.0,0.3,5,0.0,0.0,0.0,0.0,0,0.0
51.0,19.7,95.0,0.0,late,-0.3,1.0,6,0.0,0.0,0.0,0.0,0,0.0
51.0,19.7,97.0,0.0,development,-0.3,1.0,5,0.0,0.0,0.0,0.0,0,0.0
51.0,19.7,99.0,0.0,late,0.0,1.0,6,0.0,0.0,0.0,0.0,0,0.0
51.0,19.7,100.0,0.0,development,0.5,0.9,5,0.0,0.0,0.0,0.0,0,0.0
51.0,19.8,92.0,0.0,development,-0.7,0.7,5,0.0,0.0,0.0,0.0,0,0.0
51.0,19.8,98.0,0.0,late,-0.3,1.0,5,0.0,0.0,0.0,0.0,0,0.0
51.0,19.8,100.0,0.0,late,0.3,1.0,8,0.0,0.0,0.0,0.0,0,0.0
51.0,19.8,100.0,0.0,late,0.5,0.9,9,0.0,0.0,0.0,0.0,0,0.0
51.0,19.8,100.0,0.0,mid,0.0,1.0,5,0.0,0.0,0.0,0.0,0,0.0
51.0,19.9,95.0,0.0,development,0.7,0.7,6,0.0,0.0,0.0,0.0,0,0.0
51.0,19.9,98.0,0.0,development,0.7,0.7,5,0.0,0.0,0.0,0.0,0,0.0
51.0,19.9,98.0,0.0,mid,0.7,0.7,7,0.0,0.0,0.0,0.0,0,0.0
51.0,20.0,92.0,0.0,mid,1.0,0.3,5,0.0,0.0,0.0,0.0,0,0.0
51.0,20.0,94.0,0.0,late,0.7,0.7,5,0.0,0.0,0.0,0.0,0,0.0
51.0,20.0,98.0,0.0,mid,0.0,1.0,5,0.0,0.0,0.0,0.0,0,0.0
51.0,20.1,92.0,0.0,development,0.3,1.0,5,0.0,0.0,0.0,0.0,0,0.0
51.0,20.1,94.0,0.0,development,0.9,0.5,7,0.0,0.0,0.0,0.0,0,0.0
51.0,20.1,99.0,0.0,late,-0.3,1.0,6,0.0,0.0,0.0,0.0,0,0.0
51.0,20.1,100.0,0.0,initial,0.9,0.5,5,0.0,0.0,0.0,0.0,0,0.0
51.0,20.1,100.0,0.0,late,0.7,0.7,7,0.0,0.0,0.0,0.0,0,0.0
51.0,20.2,93.0,0.0,late,0.5,0.9,6,0.0,0.0,0.0,0.0,0,0.0
51.0,20.2,96.0,0.0,mid,0.9,0.5,8,0.0,0.0,0.0,0.0,0,0.0
51.0,20.2,96.0,0.1,mid,1.0,0.3,6,0.0,0.0,0.0,0.0,0,0.0
51.0,20.2,99.0,0.0,initial,0.5,0.9,7,0.0,0.0,0.0,0.0,0,0.0
51.0,20.3,87.0,0.0,development,0.3,1.0,5,0.0,0.0,0.0,0.0,0,0.0
51.0,20.3,92.0,0.0,mid,0.3,1.0,5,0.0,0.0,0.0,0.0,0,0.0
51.0,20.3,95.0,0.0,development,0.3,1.0,7,0.0,0.0,0.0,0.0,0,0.0
51.0,20.3,96.0,0.0,development,-0.3,1.0,5,0.0,0.0,0.0,0.0,0,0.0
51.0,20.3,97.0,0.0,mid,-0.5,0.9,5,0.0,0.0,0.0,0.0,0,0.0
51.0,20.3,99.0,0.0,late,0.9,0.5,5,0.0,0.0,0.0,0.0,0,0.0
51.0,20.4,85.0,0.0,development,-1.0,0.3,5,0.0,0.0,0.0,0.0,0,0.0
51.0,20.4,92.0,0.0,development,-0.3,1.0,8,0.0,0.0,0.0,0.0,0,0.0
51.0,20.4,92.0,0.3,development,1.0,0.0,5,0.0,0.0,0.0,0.0,0,0.0
51.0,20.4,94.0,0.0,initial,0.7,0.7,5,0.0,0.0,0.0,0.0,0,0.0
51.0,20.4,94.0,0.0,mid,0.3,1.0,5,0.0,0.0,0.0,0.0,0,0.0
51.0,20.4,97.0,0.0,initial,0.7,0.7,6,0.0,0.0,0.0,0.0,0,0.0
51.0,20.4,97.0,0.0,late,-0.5,0.9,5,0.0,0.0,0.0,0.0,0,0.0
51.0,20.4,100.0,0.0,mid,0.9,0.5,5,0.0,0.0,0.0,0.0,0,0.0
51.0,20.5,82.0,0.0,development,-0.9,0.5,6,0.0,0.0,0.0,0.0,0,0.0
51.0,20.5,85.0,0.0,development,-0.9,0.5,5,0.0,0.0,0.0,0.0,0,0.0
51.0,20.5,91.0,0.0,mid,-0.3,1.0,5,0.0,0.0,0.0,0.0,0,0.0
51.0,20.5,95.0,0.0,late,0.9,0.5,5,0.0,0.0,0.0,0.0,0,0.0
51.0,20.5,95.0,0.0,mid,0.7,0.7,8,0.0,0.0,0.0,0.0,0,0.0
51.0,20.5,100.0,0.0,development,0.9,0.5,5,0.0,0.0,0.0,0.0,0,0.0
51.0,20.5,100.0,0.0,mid,0.7,0.7,5,0.0,0.0,0.0,0.0,0,0.0
51.0,20.6,93.0,0.0,development,-0.5,0.9,7,0.0,0.0,0.0,0.0,0,0.0
51.0,20.6,93.0,0.0,late,-0.5,0.9,5,0.0,0.0,0.0,0.0,0,0.0
51.0,20.6,94.0,0.0,late,0.7,0.7,5,0.0,0.0,0.0,0.0,0,0.0
51.0,20.6,94.0,0.0,mid,0.5,0.9,5,0.0,0.0,0.0,0.0,0,0.0
51.0,20.6,95.0,0.0,mid,0.7,0.7,5,0.0,0.0,0.0,0.0,0,0.0
51.0,20.6,96.0,0.0,development,0.5,0.9,5,0.0,0.0,0.0,0.0,0,0.0
51.0,20.6,96.0,0.0,initial,0.5,0.9,5,0.0,0.0,0.0,0.0,0,0.0
51.0,20.7,89.0,0.0,mid,0.9,0.5,5,0.0,0.0,0.0,0.0,0,0.0
51.0,20.7,90.0,0.0,development,-0.5,0.9,5,0.0,0.0,0.0,0.0,0,0.0
51.0,20.7,96.0,0.0,development,1.0,0.3,6,0.0,0.0,0.0,0.0,0,0.0
51.0,20.7,96.0,0.0,initial,0.3,1.0,5,0.0,0.0,0.0,0.0,0,0.0
51.0,20.7,97.0,0.0,mid,-0.3,1.0,5,0.0,0.0,0.0,0.0,0,0.0
51.0,20.7,98.0,0.0,development,-0.3,1.0,9,0.0,0.0,0.0,0.0,0,0.0
51.0,20.7,100.0,0.0,development,0.7,0.7,5,0.0,0.0,0.0,0.0,0,0.0
51.0,20.8,88.0,0.0,development,-0.9,0.5,5,0.0,0.0,0.0,0.0,0,0.0
51.0,20.8,89.0,0.0,mid,0.5,0.9,5,0.0,0.0,0.0,0.0,0,0.0
51.0,20.8,89.0,0.0,mid,0.7,0.7,6,0.0,0.0,0.0,0.0,0,0.0
51.0,20.8,90.0,0.0,development,-0.9,0.5,5,0.0,0.0,0.0,0.0,0,0.0
51.0,20.8,93.0,0.0,development,-0.3,1.0,8,0.0,0.0,0.0,0.0,0,0.0
51.0,20.8,94.0,0.0,late,-0.7,0.7,8,0.0,0.0,0.0,0.0,0,0.0
51.0,20.8,96.0,0.0,development,0.3,1.0,5,0.0,0.0,0.0,0.0,0,0.0
51.0,20.8,96.0,0.0,mid,0.9,0.5,5,0.0,0.0,0.0,0.0,0,0.0
51.0,20.8,96.0,0.2,late,1.0,0.0,5,0.0,0.0,0.0,0.0,0,0.0
51.0,20.8,97.0,0.0,development,1.0,0.3,5,0.0,0.0,0.0,0.0,0,0.0
51.0,20.9,88.0,0.0,development,-0.7,0.7,5,0.0,0.0,0.0,0.0,0,0.0
51.0,20.9,98.0,0.0,mid,0.5,0.9,5,0.0,0.0,0.0,0.0,0,0.0
51.0,21.0,92.0,0.0,mid,0.0,1.0,9,0.0,0.0,0.0,0.0,0,0.0
51.0,21.0,97.0,0.0,mid,0.3,1.0,6,0.0,0.0,0.0,0.0,0,0.0
51.0,21.0,98.0,0.0,development,0.3,1.0,5,0.0,0.0,0.0,0.0,0,0.0
51.0,21.0,98.0,0.0,development,1.0,0.3,5,0.0,0.0,0.0,0.0,0,0.0
51.0,21.0,99.0,0.0,initial,1.0,0.3,6,0.0,0.0,0.0,0.0,0,0.0
51.0,21.0,100.0,0.0,mid,0.5,0.9,5,0.0,0.0,0.0,0.0,0,0.0
51.0,21.0,100.0,0.0,mid,1.0,0.3,6,0.0,0.0,0.0,0.0,0,0.0
51.0,21.1,90.0,0.0,development,-0.5,0.9,9,0.0,0.0,0.0,0.0,0,0.0
51.0,21.1,95.0,0.0,development,-0.3,1.0,5,0.0,0.0,0.0,0.0,0,0.0
51.0,21.1,96.0,0.0,initial,-0.3,1.0,5,0.0,0.0,0.0,0.0,0,0.0
51.0,21.1,96.0,0.0,initial,0.5,0.9,5,0.0,0.0,0.0,0.0,0,0.0
51.0,21.1,100.0,0.0,mid,0.9,0.5,6,0.0,0.0,0.0,0.0,0,0.0
51.0,21.2,94.0,0.0,development,0.5,0.9,6,0.0,0.0,0.0,0.0,0,0.0
51.0,21.2,94.0,0.0,development,0.7,0.7,5,0.0,0.0,0.0,0.0,0,0.0
51.0,21.2,96.0,0.0,development,0.9,0.5,5,0.0,0.0,0.0,0.0,0,0.0
51.0,21.2,97.0,0.0,development,0.3,1.0,8,0.0,0.0,0.0,0.0,0,0.0
51.0,21.2,97.0,0.0,mid,-0.3,1.0,5,0.0,0.0,0.0,0.0,0,0.0
51.0,21.2,98.0,0.0,initial,-0.3,1.0,5,0.0,0.0,0.0,0.0,0,0.0
51.0,21.3,85.0,0.0,mid,-0.5,0.9,6,0.0,0.0,0.0,0.0,0,0.0
51.0,21.3,87.0,0.0,development,-0.9,0.5,5,0.0,0.0,0.0,0.0,0,0.0
51.0,21.3,91.0,0.0,development,-0.5,0.9,5,0.0,0.0,0.0,0.0,0,0.0
51.0,21.3,92.0,0.0,development,0.9,0.5,6,0.0,0.0,0.0,0.0,0,0.0
51.0,21.3,96.0,0.0,mid,0.5,0.9,6,0.0,0.0,0.0,0.0,0,0.0
51.0,21.3,97.0,0.0,initial,0.5,0.9,5,0.0,0.0,0.0,0.0,0,0.0
51.0,21.4,88.0,0.0,mid,-0.5,0.9,5,0.0,0.0,0.0,0.0,0,0.0
51.0,21.4,89.0,0.0,late,-0.5,0.9,6,0.0,0.0,0.0,0.0,0,0.0
51.0,21.4,89.0,0.0,mid,0.7,0.7,5,0.0,0.0,0.0,0.0,0,0.0
51.0,21.4,89.0,0.0,mid,0.9,0.5,9,0.0,0.0,0.0,0.0,0,0.0
51.0,21.4,91.0,0.0,development,0.0,1.0,5,0.0,0.0,0.0,0.0,0,0.0
51.0,21.4,94.0,0.0,development,-0.3,1.0,7,0.0,0.0,0.0,0.0,0,0.0
51.0,21.4,94.0,0.1,late,1.0,0.3,6,0.0,0.0,0.0,0.0,0,0.0
51.0,21.5,85.0,0.4,mid,1.0,0.0,7,0.0,0.0,0.0,0.0,0,0.0
51.0,21.5,88.0,0.0,late,-0.7,0.7,5,0.0,0.0,0.0,0.0,0,0.0
51.0,21.5,88.0,0.9,late,1.0,-0.3,6,0.0,0.0,0.0,0.0,0,0.0
51.0,21.5,92.0,0.0,development,-0.7,0.7,5,0.0,0.0,0.0,0.0,0,0.0
51.0,21.5,94.0,0.0,mid,-0.9,0.5,6,0.0,0.0,0.0,0.0,0,0.0
51.0,21.5,94.0,0.0,mid,0.7,0.7,11,0.0,0.0,0.0,0.0,0,0.0
51.0,21.5,97.0,0.0,mid,-0.5,0.9,5,0.0,0.0,0.0,0.0,0,0.0
51.0,21.5,98.0,0.0,development,1.0,0.3,5,0.0,0.0,0.0,0.0,0,0.0
51.0,21.5,99.0,0.0,initial,-0.3,1.0,5,0.0,0.0,0.0,0.0,0,0.0
51.0,21.6,82.0,0.0,mid,-0.9,0.5,5,0.0,0.0,0.0,0.0,0,0.0
51.0,21.6,87.0,0.0,mid,0.5,0.9,7,0.0,0.0,0.0,0.0,0,0.0
51.0,21.6,88.0,0.0,mid,-0.3,1.0,5,0.0,0.0,0.0,0.0,0,0.0
51.0,21.6,89.0,0.0,late,-0.9,0.5,6,0.0,0.0,0.0,0.0,0,0.0
51.0,21.6,92.0,0.0,initial,-0.7,0.7,6,0.0,0.0,0.0,0.0,0,0.0
51.0,21.6,93.0,0.0,mid,-0.5,0.9,5,0.0,0.0,0.0,0.0,0,0.0
51.0,21.6,95.0,0.0,mid,0.9,0.5,6,0.0,0.0,0.0,0.0,0,0.0
51.0,21.6,95.0,0.3,development,1.0,0.0,5,0.0,0.0,0.0,0.0,0,0.0
51.0,21.6,97.0,0.0,development,0.7,0.7,6,0.0,0.0,0.0,0.0,0,0.0
51.0,21.6,100.0,0.0,initial,0.9,0.5,5,0.0,0.0,0.0,0.0,0,0.0
51.0,21.7,81.0,0.0,mid,-0.9,0.5,6,0.0,0.0,0.0,0.0,0,0.0
51.0,21.7,89.0,0.0,mid,0.3,1.0,7,0.0,0.0,0.0,0.0,0,0.0
51.0,21.7,90.0,0.0,development,0.5,0.9,5,0.0,0.0,0.0,0.0,0,0.0
51.0,21.7,92.0,0.0,development,-0.5,0.9,5,0.0,0.0,0.0,0.0,0,0.0
51.0,21.7,92.0,0.0,late,0.7,0.7,7,0.0,0.0,0.0,0.0,0,0.0
51.0,21.7,93.0,0.0,mid,0.5,0.9,5,0.0,0.0,0.0,0.0,0,0.0
51.0,21.7,94.0,0.0,mid,0.7,0.7,5,0.0,0.0,0.0,0.0,0,0.0
51.0,21.7,95.0,0.0,mid,-0.9,0.5,5,0.0,0.0,0.0,0.0,0,0.0
51.0,21.7,97.0,0.0,development,0.3,1.0,5,0.0,0.0,0.0,0.0,0,0.0
51.0,21.8,86.0,0.0,mid,-0.7,0.7,6,0.0,0.0,0.0,0.0,0,0.0
51.0,21.8,87.0,0.0,mid,-0.7,0.7,8,0.0,0.0,0.0,0.0,0,0.0
51.0,21.8,87.0,0.0,mid,0.0,1.0,6,0.0,0.0,0.0,0.0,0,0.0
51.0,21.8,92.0,0.0,mid,-0.7,0.7,5,0.0,0.0,0.0,0.0,0,0.0
51.0,21.8,94.0,0.0,initial,0.0,1.0,6,0.0,0.0,0.0,0.0,0,0.0
51.0,21.8,94.0,0.1,mid,1.0,0.3,6,0.0,0.0,0.0,0.0,0,0.0
51.0,21.8,96.0,0.0,development,0.5,0.9,7,0.0,0.0,0.0,0.0,0,0.0
51.0,21.8,96.0,0.0,late,0.5,0.9,5,0.0,0.0,0.0,0.0,0,0.0
51.0,21.8,96.0,0.0,mid,-0.7,0.7,5,0.0,0.0,0.0,0.0,0,0.0
51.0,21.8,97.0,0.0,late,0.9,0.5,7,0.0,0.0,0.0,0.0,0,0.0
51.0,21.8,98.0,0.0,mid,0.9,0.5,7,0.0,0.0,0.0,0.0,0,0.0
51.0,21.9,93.0,0.0,mid,0.7,0.7,5,0.0,0.0,0.0,0.0,0,0.0
51.0,21.9,95.0,0.0,mid,0.3,1.0,5,0.0,0.0,0.0,0.0,0,0.0
51.0,21.9,97.0,0.0,development,0.5,0.9,7,0.0,0.0,0.0,0.0,0,0.0
51.0,21.9,97.0,0.0,mid,0.5,0.9,5,0.0,0.0,0.0,0.0,0,0.0
51.0,21.9,98.0,0.0,mid,0.7,0.7,5,0.0,0.0,0.0,0.0,0,0.0
51.0,22.0,86.0,0.0,development,-0.7,0.7,5,0.0,0.0,0.0,0.0,0,0.0
51.0,22.0,88.0,0.0,development,0.3,1.0,5,0.0,0.0,0.0,0.0,0,0.0
51.0,22.0,90.0,0.0,mid,-0.7,0.7,5,0.0,0.0,0.0,0.0,0,0.0
51.0,22.0,91.0,0.0,mid,-1.0,0.3,5,0.0,0.0,0.0,0.0,0,0.0
51.0,22.0,92.0,0.0,initial,0.5,0.9,5,0.0,0.0,0.0,0.0,0,0.0
51.0,22.0,94.0,0.0,development,-0.3,1.0,7,0.0,0.0,0.0,0.0,0,0.0
51.0,22.0,95.0,0.0,late,0.7,0.7,6,0.0,0.0,0.0,0.0,0,0.0
51.0,22.0,95.0,0.1,mid,1.0,0.3,9,0.0,0.0,0.0,0.0,0,0.0
51.0,22.0,95.0,0.2,development,1.0,0.3,5,0.0,0.0,0.0,0.0,0,0.0
51.0,22.0,96.0,0.0,initial,0.3,1.0,5,0.0,0.0,0.0,0.0,0,0.0
51.0,22.0,96.0,0.0,mid,-0.7,0.7,6,0.0,0.0,0.0,0.0,0,0.0
51.0,22.0,96.0,0.0,mid,0.9,0.5,6,0.0,0.0,0.0,0.0,0,0.0
51.0,22.0,97.0,0.2,mid,1.0,0.0,8,0.0,0.0,0.0,0.0,0,0.0
51.0,22.0,98.0,0.1,development,1.0,0.3,5,0.0,0.0,0.0,0.0,0,0.0
51.0,22.0,99.0,0.0,initial,0.5,0.9,7,0.0,0.0,0.0,0.0,0,0.0
51.0,22.1,81.0,0.0,development,-1.0,0.0,7,0.0,0.0,0.0,0.0,0,0.0
51.0,22.1,90.0,0.0,mid,0.0,1.0,5,0.0,0.0,0.0,0.0,0,0.0
51.0,22.1,93.0,0.0,development,0.5,0.9,7,0.0,0.0,0.0,0.0,0,0.0
51.0,22.1,93.0,0.0,mid,0.5,0.9,7,0.0,0.0,0.0,0.0,0,0.0
51.0,22.1,94.0,0.0,mid,-0.7,0.7,5,0.0,0.0,0.0,0.0,0,0.0
51.0,22.1,95.0,0.0,mid,0.5,0.9,5,0.0,0.0,0.0,0.0,0,0.0
51.0,22.1,97.0,0.0,development,0.3,1.0,5,0.0,0.0,0.0,0.0,0,0.0
51.0,22.2,85.0,0.0,mid,-1.0,0.3,6,0.0,0.0,0.0,0.0,0,0.0
51.0,22.2,86.0,0.0,development,-1.0,0.3,6,0.0,0.0,0.0,0.0,0,0.0
51.0,22.2,86.0,0.0,development,0.0,1.0,5,0.0,0.0,0.0,0.0,0,0.0
51.0,22.2,91.0,0.0,mid,0.3,1.0,7,0.0,0.0,0.0,0.0,0,0.0
51.0,22.2,92.0,0.0,mid,-0.9,0.5,5,0.0,0.0,0.0,0.0,0,0.0
51.0,22.2,94.0,0.0,late,-0.3,1.0,7,0.0,0.0,0.0,0.0,0,0.0
51.0,22.2,94.0,0.0,mid,0.3,1.0,9,0.0,0.0,0.0,0.0,0,0.0
51.0,22.2,95.0,0.0,mid,0.7,0.7,7,0.0,0.0,0.0,0.0,0,0.0
51.0,22.2,98.0,0.0,development,0.7,0.7,6,0.0,0.0,0.0,0.0,0,0.0
51.0,22.3,80.0,0.0,development,-1.0,0.0,5,0.0,0.0,0.0,0.0,0,0.0
51.0,22.3,91.0,0.0,mid,-1.0,0.3,6,0.0,0.0,0.0,0.0,0,0.0
51.0,22.3,96.0,0.0,late,0.3,1.0,5,0.0,0.0,0.0,0.0,0,0.0
51.0,22.3,96.0,0.0,mid,0.5,0.9,5,0.0,0.0,0.0,0.0,0,0.0
51.0,22.3,97.0,0.0,late,0.9,0.5,5,0.0,0.0,0.0,0.0,0,0.0
51.0,22.4,70.0,0.0,development,-1.0,0.0,5,0.0,0.0,0.0,0.0,0,0.0
51.0,22.4,81.0,0.0,mid,-0.9,0.5,5,0.0,0.0,0.0,0.0,0,0.0
51.0,22.4,81.0,0.0,mid,0.0,1.0,5,0.0,0.0,0.0,0.0,0,0.0
51.0,22.4,87.0,0.0,development,-0.9,0.5,6,0.0,0.0,0.0,0.0,0,0.0
51.0,22.4,91.0,0.0,development,-0.9,0.5,7,0.0,0.0,0.0,0.0,0,0.0
51.0,22.4,91.0,0.9,development,1.0,0.0,5,0.0,0.0,0.0,0.0,0,0.0
51.0,22.4,93.0,0.0,mid,-0.3,1.0,6,0.0,0.0,0.0,0.0,0,0.0
51.0,22.4,93.0,0.0,mid,0.3,1.0,7,0.0,0.0,0.0,0.0,0,0.0
51.0,22.4,95.0,0.2,mid,1.0,0.3,5,0.0,0.0,0.0,0.0,0,0.0
51.0,22.4,96.0,0.0,mid,0.3,1.0,8,0.0,0.0,0.0,0.0,0,0.0
51.0,22.4,100.0,0.0,mid,0.7,0.7,5,0.0,0.0,0.0,0.0,0,0.0
51.0,22.4,100.0,0.0,mid,0.9,0.5,6,0.0,0.0,0.0,0.0,0,0.0
51.0,22.5,75.0,0.0,initial,-1.0,0.0,5,0.0,0.0,0.0,0.0,0,0.0
51.0,22.5,86.0,0.7,development,1.0,0.0,5,0.0,0.0,0.0,0.0,0,0.0
51.0,22.5,88.0,0.0,mid,-1.0,0.0,6,0.0,0.0,0.0,0.0,0,0.0
51.0,22.5,89.0,0.0,mid,-1.0,0.3,5,0.0,0.0,0.0,0.0,0,0.0
51.0,22.5,95.0,0.0,development,0.9,0.5,5,0.0,0.0,0.0,0.0,0,0.0
51.0,22.5,95.0,0.0,development,1.0,0.3,5,0.0,0.0,0.0,0.0,0,0.0
51.0,22.5,95.0,0.0,mid,0.9,0.5,8,0.0,0.0,0.0,0.0,0,0.0
51.0,22.5,100.0,0.0,mid,0.5,0.9,6,0.0,0.0,0.0,0.0,0,0.0
51.0,22.6,82.0,0.0,mid,-1.0,0.0,6,0.0,0.0,0.0,0.0,0,0.0
51.0,22.6,84.0,0.0,development,-0.3,1.0,5,0.0,0.0,0.0,0.0,0,0.0
51.0,22.6,85.0,1.0,development,1.0,0.0,7,0.0,0.0,0.0,0.0,0,0.0
51.0,22.6,87.0,0.0,development,-0.9,0.5,7,0.0,0.0,0.0,0.0,0,0.0
51.0,22.6,89.0,0.0,initial,-0.9,0.5,5,0.0,0.0,0.0,0.0,0,0.0
51.0,22.6,89.0,0.0,mid,0.3,1.0,5,0.0,0.0,0.0,0.0,0,0.0
51.0,22.6,92.0,0.1,development,1.0,0.3,6,0.0,0.0,0.0,0.0,0,0.0
51.0,22.6,94.0,0.0,mid,0.7,0.7,5,0.0,0.0,0.0,0.0,0,0.0
51.0,22.6,95.0,0.0,late,0.0,1.0,5,0.0,0.0,0.0,0.0,0,0.0
51.0,22.6,95.0,0.0,late,0.9,0.5,8,0.0,0.0,0.0,0.0,0,0.0
51.0,22.6,96.0,0.0,development,0.3,1.0,6,0.0,0.0,0.0,0.0,0,0.0
51.0,22.7,82.0,1.0,mid,1.0,-0.3,6,0.0,0.0,0.0,0.0,0,0.0
51.0,22.7,92.0,0.0,development,0.3,1.0,6,0.0,0.0,0.0,0.0,0,0.0
51.0,22.7,92.0,0.0,mid,0.0,1.0,8,0.0,0.0,0.0,0.0,0,0.0
51.0,22.7,93.0,0.0,development,0.5,0.9,5,0.0,0.0,0.0,0.0,0,0.0
51.0,22.7,93.0,0.0,late,0.7,0.7,6,0.0,0.0,0.0,0.0,0,0.0
51.0,22.7,95.0,0.0,initial,0.9,0.5,5,0.0,0.0,0.0,0.0,0,0.0
51.0,22.7,96.0,0.0,mid,0.9,0.5,7,0.0,0.0,0.0,0.0,0,0.0
51.0,22.7,99.0,0.0,mid,0.3,1.0,5,0.0,0.0,0.0,0.0,0,0.0
51.0,22.8,80.0,0.0,initial,-1.0,0.0,6,0.0,0.0,0.0,0.0,0,0.0
51.0,22.8,85.0,0.0,development,0.5,0.9,6,0.0,0.0,0.0,0.0,0,0.0
51.0,22.8,88.0,0.0,development,0.0,1.0,5,0.0,0.0,0.0,0.0,0,0.0
51.0,22.8,88.0,0.0,mid,-0.7,0.7,5,0.0,0.0,0.0,0.0,0,0.0
51.0,22.8,90.0,0.0,late,-0.5,0.9,6,0.0,0.0,0.0,0.0,0,0.0
51.0,22.8,91.0,0.0,mid,0.9,0.5,7,0.0,0.0,0.0,0.0,0,0.0
51.0,22.8,91.0,0.9,development,1.0,-0.3,5,0.0,0.0,0.0,0.0,0,0.0
51.0,22.8,92.0,0.0,late,0.5,0.9,6,0.0,0.0,0.0,0.0,0,0.0
51.0,22.8,93.0,0.0,initial,0.7,0.7,5,0.0,0.0,0.0,0.0,0,0.0
51.0,22.8,93.0,0.0,late,1.0,0.3,5,0.0,0.0,0.0,0.0,0,0.0
51.0,22.8,93.0,0.2,mid,1.0,0.3,5,0.0,0.0,0.0,0.0,0,0.0
51.0,22.8,94.0,0.0,development,1.0,0.3,5,0.0,0.0,0.0,0.0,0,0.0
51.0,22.8,95.0,0.0,mid,0.7,0.7,7,0.0,0.0,0.0,0.0,0,0.0
51.0,22.8,95.0,0.1,initial,1.0,0.3,5,0.0,0.0,0.0,0.0,0,0.0
51.0,22.8,97.0,0.3,mid,1.0,0.0,5,0.0,0.0,0.0,0.0,0,0.0
51.0,22.9,77.0,0.0,mid,-0.3,1.0,8,0.0,0.0,0.0,0.0,0,0.0
51.0,22.9,78.0,0.9,mid,1.0,-0.3,5,0.0,0.0,0.0,0.0,0,0.0
51.0,22.9,83.0,0.0,mid,-0.7,0.7,7,0.0,0.0,0.0,0.0,0,0.0
51.0,22.9,85.0,0.0,initial,-1.0,0.0,5,0.0,0.0,0.0,0.0,0,0.0
51.0,22.9,86.0,0.7,mid,1.0,0.0,5,0.0,0.0,0.0,0.0,0,0.0
51.0,22.9,87.0,1.0,development,1.0,-0.3,6,0.0,0.0,0.0,0.0,0,0.0
51.0,22.9,88.0,0.0,development,0.0,1.0,5,0.0,0.0,0.0,0.0,0,0.0
51.0,22.9,93.0,0.2,late,1.0,0.3,5,0.0,0.0,0.0,0.0,0,0.0
51.0,22.9,95.0,0.0,mid,0.7,0.7,8,0.0,0.0,0.0,0.0,0,0.0
51.0,22.9,95.0,0.0,mid,1.0,0.3,5,0.0,0.0,0.0,0.0,0,0.0
51.0,22.9,96.0,0.2,mid,1.0,0.3,8,0.0,0.0,0.0,0.0,0,0.0
51.0,23.0,75.0,0.0,late,-1.0,-0.3,5,0.0,0.0,0.0,0.0,0,0.0
51.0,23.0,76.0,0.0,mid,-1.0,0.3,5,0.0,0.0,0.0,0.0,0,0.0
51.0,23.0,80.0,0.0,mid,-0.7,0.7,9,0.0,0.0,0.0,0.0,0,0.0
51.0,23.0,82.0,0.9,mid,1.0,-0.3,5,0.0,0.0,0.0,0.0,0,0.0
51.0,23.0,85.0,0.8,late,1.0,-0.3,5,0.0,0.0,0.0,0.0,0,0.0
51.0,23.0,90.0,0.0,mid,-0.3,1.0,6,0.0,0.0,0.0,0.0,0,0.0
51.0,23.0,91.0,0.0,late,0.5,0.9,5,0.0,0.0,0.0,0.0,0,0.0
51.0,23.0,95.0,0.0,mid,0.5,0.9,11,0.0,0.0,0.0,0.0,0,0.0
51.0,23.0,96.0,0.0,development,0.5,0.9,5,0.0,0.0,0.0,0.0,0,0.0
51.0,23.1,83.0,0.9,late,1.0,0.0,5,0.0,0.0,0.0,0.0,0,0.0
51.0,23.1,86.0,0.0,mid,-1.0,0.0,5,0.0,0.0,0.0,0.0,0,0.0
51.0,23.1,89.0,0.2,mid,1.0,0.3,5,0.0,0.0,0.0,0.0,0,0.0
51.0,23.1,92.0,0.0,mid,0.9,0.5,6,0.0,0.0,0.0,0.0,0,0.0
51.0,23.1,95.0,0.0,mid,0.3,1.0,6,0.0,0.0,0.0,0.0,0,0.0
51.0,23.1,96.0,0.0,development,0.3,1.0,6,0.0,0.0,0.0,0.0,0,0.0
51.0,23.2,82.0,0.0,late,-0.5,0.9,5,0.0,0.0,0.0,0.0,0,0.0
51.0,23.2,83.0,0.0,late,-0.5,0.9,5,0.0,0.0,0.0,0.0,0,0.0
51.0,23.2,84.0,0.0,mid,-0.3,1.0,6,0.0,0.0,0.0,0.0,0,0.0
51.0,23.2,90.0,0.5,late,1.0,0.0,5,0.0,0.0,0.0,0.0,0,0.0
51.0,23.2,91.0,0.0,initial,0.5,0.9,6,0.0,0.0,0.0,0.0,0,0.0
51.0,23.2,91.0,0.0,mid,0.5,0.9,5,0.0,0.0,0.0,0.0,0,0.0
51.0,23.2,91.0,0.0,mid,0.9,0.5,5,0.0,0.0,0.0,0.0,0,0.0
51.0,23.2,92.0,0.0,mid,0.0,1.0,5,0.0,0.0,0.0,0.0,0,0.0
51.0,23.2,93.0,0.0,development,0.5,0.9,5,0.0,0.0,0.0,0.0,0,0.0
51.0,23.2,93.0,0.0,mid,0.3,1.0,5,0.0,0.0,0.0,0.0,0,0.0
51.0,23.2,93.0,0.0,mid,0.7,0.7,5,0.0,0.0,0.0,0.0,0,0.0
51.0,23.2,95.0,0.0,development,0.0,1.0,12,0.0,0.0,0.0,0.0,0,0.0
51.0,23.2,95.0,0.0,development,1.0,0.3,8,0.0,0.0,0.0,0.0,0,0.0
51.0,23.2,95.0,0.0,mid,1.0,0.3,5,0.0,0.0,0.0,0.0,0,0.0
51.0,23.2,95.0,0.1,late,1.0,0.3,5,0.0,0.0,0.0,0.0,0,0.0
51.0,23.2,96.0,0.0,mid,1.0,0.3,6,0.0,0.0,0.0,0.0,0,0.0
51.0,23.3,80.0,0.0,development,-0.7,0.7,6,0.0,0.0,0.0,0.0,0,0.0
51.0,23.3,81.0,0.0,development,-1.0,0.3,5,0.0,0.0,0.0,0.0,0,0.0
51.0,23.3,82.0,0.0,development,-1.0,0.3,5,0.0,0.0,0.0,0.0,0,0.0
51.0,23.3,90.0,0.0,initial,0.0,1.0,6,0.0,0.0,0.0,0.0,0,0.0
51.0,23.3,91.0,0.2,mid,1.0,0.3,5,0.0,0.0,0.0,0.0,0,0.0
51.0,23.3,93.0,0.0,mid,0.5,0.9,6,0.0,0.0,0.0,0.0,0,0.0
51.0,23.3,94.0,0.0,mid,0.0,1.0,5,0.0,0.0,0.0,0.0,0,0.0
51.0,23.3,96.0,0.0,mid,0.7,0.7,7,0.0,0.0,0.0,0.0,0,0.0
51.0,23.3,97.0,0.0,mid,0.5,0.9,6,0.0,0.0,0.0,0.0,0,0.0
51.0,23.4,74.0,0.0,mid,-0.5,0.9,5,0.0,0.0,0.0,0.0,0,0.0
51.0,23.4,80.0,0.0,development,-1.0,0.3,6,0.0,0.0,0.0,0.0,0,0.0
51.0,23.4,83.0,0.0,development,0.5,0.9,6,0.0,0.0,0.0,0.0,0,0.0
51.0,23.4,85.0,0.0,development,0.7,0.7,5,0.0,0.0,0.0,0.0,0,0.0
51.0,23.4,85.0,0.0,late,-0.9,0.5,6,0.0,0.0,0.0,0.0,0,0.0
51.0,23.4,88.0,0.0,mid,-0.5,0.9,5,0.0,0.0,0.0,0.0,0,0.0
51.0,23.4,89.0,0.0,mid,0.0,1.0,7,0.0,0.0,0.0,0.0,0,0.0
51.0,23.4,89.0,0.0,mid,0.3,1.0,6,0.0,0.0,0.0,0.0,0,0.0
51.0,23.4,91.0,0.0,development,-0.7,0.7,5,0.0,0.0,0.0,0.0,0,0.0
51.0,23.4,91.0,0.0,mid,-0.3,1.0,5,0.0,0.0,0.0,0.0,0,0.0
51.0,23.4,92.0,0.0,development,0.0,1.0,5,0.0,0.0,0.0,0.0,0,0.0
51.0,23.4,92.0,0.0,mid,0.3,1.0,6,0.0,0.0,0.0,0.0,0,0.0
51.0,23.4,93.0,0.0,initial,0.5,0.9,6,0.0,0.0,0.0,0.0,0,0.0
51.0,23.4,93.0,0.2,development,1.0,0.3,5,0.0,0.0,0.0,0.0,0,0.0
51.0,23.4,95.0,0.0,mid,0.5,0.9,5,0.0,0.0,0.0,0.0,0,0.0
51.0,23.4,96.0,0.0,late,0.0,1.0,7,0.0,0.0,0.0,0.0,0,0.0
51.0,23.4,96.0,0.0,mid,-0.3,1.0,7,0.0,0.0,0.0,0.0,0,0.0
51.0,23.4,96.0,0.0,mid,0.9,0.5,7,0.0,0.0,0.0,0.0,0,0.0
51.0,23.5,81.0,0.0,late,-0.7,0.7,6,0.0,0.0,0.0,0.0,0,0.0
51.0,23.5,88.0,0.1,development,1.0,0.3,6,0.0,0.0,0.0,0.0,0,0.0
51.0,23.5,89.0,0.0,late,-0.3,1.0,6,0.0,0.0,0.0,0.0,0,0.0
51.0,23.5,90.0,0.0,initial,0.0,1.0,5,0.0,0.0,0.0,0.0,0,0.0
51.0,23.5,90.0,0.0,initial,0.3,1.0,5,0.0,0.0,0.0,0.0,0,0.0
51.0,23.5,97.0,0.0,mid,0.9,0.5,7,0.0,0.0,0.0,0.0,0,0.0
51.0,23.6,76.0,0.0,late,-0.9,0.5,5,0.0,0.0,0.0,0.0,0,0.0
51.0,23.6,81.0,0.0,initial,-1.0,-0.3,8,0.0,0.0,0.0,0.0,0,0.0
51.0,23.6,83.0,0.0,mid,-0.9,0.5,6,0.0,0.0,0.0,0.0,0,0.0
51.0,23.6,87.0,0.0,mid,-0.7,0.7,5,0.0,0.0,0.0,0.0,0,0.0
51.0,23.6,87.0,0.0,mid,-0.5,0.9,5,0.0,0.0,0.0,0.0,0,0.0
51.0,23.6,90.0,0.0,development,0.5,0.9,6,0.0,0.0,0.0,0.0,0,0.0
51.0,23.6,90.0,0.0,mid,0.0,1.0,7,0.0,0.0,0.0,0.0,0,0.0
51.0,23.6,91.0,0.0,late,0.3,1.0,5,0.0,0.0,0.0,0.0,0,0.0
51.0,23.6,91.0,0.0,mid,0.0,1.0,6,0.0,0.0,0.0,0.0,0,0.0
51.0,23.6,93.0,0.0,mid,-0.3,1.0,6,0.0,0.0,0.0,0.0,0,0.0
51.0,23.6,94.0,0.0,mid,0.3,1.0,6,0.0,0.0,0.0,0.0,0,0.0
51.0,23.6,95.0,0.0,mid,0.5,0.9,9,0.0,0.0,0.0,0.0,0,0.0
51.0,23.6,96.0,0.0,late,-0.3,1.0,8,0.0,0.0,0.0,0.0,0,0.0
51.0,23.6,96.0,0.0,mid,0.0,1.0,6,0.0,0.0,0.0,0.0,0,0.0
51.0,23.6,96.0,0.0,mid,1.0,0.3,9,0.0,0.0,0.0,0.0,0,0.0
51.0,23.6,97.0,0.0,mid,0.9,0.5,5,0.0,0.0,0.0,0.0,0,0.0
51.0,23.7,77.0,0.0,development,-0.9,0.5,5,0.0,0.0,0.0,0.0,0,0.0
51.0,23.7,86.0,0.8,mid,1.0,0.0,5,0.0,0.0,0.0,0.0,0,0.0
51.0,23.7,87.0,0.0,development,0.0,1.0,6,0.0,0.0,0.0,0.0,0,0.0
51.0,23.7,88.0,0.0,mid,0.3,1.0,6,0.0,0.0,0.0,0.0,0,0.0
51.0,23.7,93.0,0.0,mid,0.9,0.5,6,0.0,0.0,0.0,0.0,0,0.0
51.0,23.7,94.0,0.0,late,-0.3,1.0,5,0.0,0.0,0.0,0.0,0,0.0
51.0,23.7,95.0,0.0,mid,0.5,0.9,5,0.0,0.0,0.0,0.0,0,0.0
51.0,23.8,74.0,0.0,mid,-1.0,-0.3,5,0.0,0.0,0.0,0.0,0,0.0
51.0,23.8,80.0,0.0,mid,-0.7,0.7,7,0.0,0.0,0.0,0.0,0,0.0
51.0,23.8,80.0,0.7,development,-0.7,-0.7,5,0.0,0.0,0.0,0.0,0,0.0
51.0,23.8,81.0,0.0,development,-0.5,0.9,5,0.0,0.0,0.0,0.0,0,0.0
51.0,23.8,81.0,0.0,late,-0.7,0.7,5,0.0,0.0,0.0,0.0,0,0.0
51.0,23.8,81.0,0.0,mid,-0.5,0.9,5,0.0,0.0,0.0,0.0,0,0.0
51.0,23.8,83.0,0.0,development,-0.5,0.9,5,0.0,0.0,0.0,0.0,0,0.0
51.0,23.8,84.0,0.0,development,-0.5,0.9,7,0.0,0.0,0.0,0.0,0,0.0
51.0,23.8,86.0,0.0,late,-0.5,0.9,6,0.0,0.0,0.0,0.0,0,0.0
51.0,23.8,86.0,0.0,late,0.0,1.0,7,0.0,0.0,0.0,0.0,0,0.0
51.0,23.8,89.0,0.0,development,0.3,1.0,7,0.0,0.0,0.0,0.0,0,0.0
51.0,23.8,89.0,0.0,mid,0.5,0.9,6,0.0,0.0,0.0,0.0,0,0.0
51.0,23.8,93.0,0.0,mid,0.7,0.7,5,0.0,0.0,0.0,0.0,0,0.0
51.0,23.8,93.0,0.3,mid,1.0,0.0,5,0.0,0.0,0.0,0.0,0,0.0
51.0,23.8,94.0,0.0,late,-0.5,0.9,7,0.0,0.0,0.0,0.0,0,0.0
51.0,23.8,94.0,0.0,late,0.9,0.5,5,0.0,0.0,0.0,0.0,0,0.0
51.0,23.8,94.0,0.0,mid,0.3,1.0,9,0.0,0.0,0.0,0.0,0,0.0
51.0,23.8,96.0,0.0,mid,0.3,1.0,5,0.0,0.0,0.0,0.0,0,0.0
51.0,23.8,97.0,0.0,mid,0.9,0.5,8,0.0,0.0,0.0,0.0,0,0.0
51.0,23.9,70.0,0.0,mid,-1.0,0.0,6,0.0,0.0,0.0,0.0,0,0.0
51.0,23.9,78.0,0.0,mid,-0.7,0.7,6,0.0,0.0,0.0,0.0,0,0.0
51.0,23.9,82.0,0.0,late,-1.0,0.3,5,0.0,0.0,0.0,0.0,0,0.0
51.0,23.9,86.0,0.0,mid,0.0,1.0,7,0.0,0.0,0.0,0.0,0,0.0
51.0,23.9,87.0,0.8,mid,1.0,0.0,6,0.0,0.0,0.0,0.0,0,0.0
51.0,23.9,88.0,0.0,development,0.3,1.0,6,0.0,0.0,0.0,0.0,0,0.0
51.0,23.9,88.0,0.0,development,0.9,0.5,5,0.0,0.0,0.0,0.0,0,0.0
51.0,23.9,89.0,0.0,mid,-0.5,0.9,6,0.0,0.0,0.0,0.0,0,0.0
51.0,23.9,90.0,0.0,mid,0.5,0.9,6,0.0,0.0,0.0,0.0,0,0.0
51.0,23.9,90.0,0.0,mid,0.7,0.7,6,0.0,0.0,0.0,0.0,0,0.0
51.0,23.9,92.0,0.0,development,0.5,0.9,5,0.0,0.0,0.0,0.0,0,0.0
51.0,24.0,74.0,1.6,development,1.0,-0.3,5,0.0,0.0,0.0,0.0,0,0.0
51.0,24.0,83.0,0.0,mid,-0.5,0.9,10,0.0,0.0,0.0,0.0,0,0.0
51.0,24.0,84.0,0.0,development,-0.5,0.9,6,0.0,0.0,0.0,0.0,0,0.0
51.0,24.0,85.0,0.0,development,-0.3,1.0,6,0.0,0.0,0.0,0.0,0,0.0
51.0,24.0,85.0,0.0,initial,-0.3,1.0,5,0.0,0.0,0.0,0.0,0,0.0
51.0,24.0,86.0,0.0,initial,-0.3,1.0,5,0.0,0.0,0.0,0.0,0,0.0
51.0,24.0,87.0,0.0,development,0.7,0.7,5,0.0,0.0,0.0,0.0,0,0.0
51.0,24.0,87.0,0.0,late,0.0,1.0,5,0.0,0.0,0.0,0.0,0,0.0
51.0,24.0,88.0,0.0,mid,-0.5,0.9,5,0.0,0.0,0.0,0.0,0,0.0
51.0,24.0,91.0,0.0,mid,0.0,1.0,7,0.0,0.0,0.0,0.0,0,0.0
51.0,24.0,94.0,0.0,mid,0.3,1.0,5,0.0,0.0,0.0,0.0,0,0.0
51.0,24.0,95.0,0.0,mid,0.0,1.0,6,0.0,0.0,0.0,0.0,0,0.0
51.0,24.0,95.0,0.0,mid,0.9,0.5,5,0.0,0.0,0.0,0.0,0,0.0
51.0,24.1,76.0,0.0,development,-1.0,0.0,6,0.0,0.0,0.0,0.0,0,0.0
51.0,24.1,76.0,0.0,late,-1.0,-0.3,5,0.0,0.0,0.0,0.0,0,0.0
51.0,24.1,84.0,0.0,mid,-0.3,1.0,8,0.0,0.0,0.0,0.0,0,0.0
51.0,24.1,88.0,0.0,development,0.0,1.0,6,0.0,0.0,0.0,0.0,0,0.0
51.0,24.1,89.0,0.0,mid,0.3,1.0,6,0.0,0.0,0.0,0.0,0,0.0
51.0,24.1,90.0,0.0,initial,0.3,1.0,5,0.0,0.0,0.0,0.0,0,0.0
51.0,24.2,71.0,0.9,mid,1.0,0.0,5,0.0,0.0,0.0,0.0,0,0.0
51.0,24.2,75.0,0.0,mid,-1.0,0.3,6,0.0,0.0,0.0,0.0,0,0.0
51.0,24.2,83.0,1.0,development,1.0,0.0,6,0.0,0.0,0.0,0.0,0,0.0
51.0,24.2,84.0,0.0,mid,-0.3,1.0,6,0.0,0.0,0.0,0.0,0,0.0
51.0,24.2,86.0,0.0,mid,-0.7,0.7,6,0.0,0.0,0.0,0.0,0,0.0
51.0,24.2,88.0,0.0,mid,0.3,1.0,5,0.0,0.0,0.0,0.0,0,0.0
51.0,24.2,95.0,0.0,development,-0.5,0.9,6,0.0,0.0,0.0,0.0,0,0.0
51.0,24.2,96.0,0.0,development,0.5,0.9,5,0.0,0.0,0.0,0.0,0,0.0
51.0,24.3,69.0,0.0,mid,-1.0,0.0,5,0.0,0.0,0.0,0.0,0,0.0
51.0,24.3,80.0,0.0,development,0.0,1.0,6,0.0,0.0,0.0,0.0,0,0.0
51.0,24.3,88.0,0.0,development,0.0,1.0,5,0.0,0.0,0.0,0.0,0,0.0
51.0,24.3,94.0,0.0,mid,1.0,0.3,6,0.0,0.0,0.0,0.0,0,0.0
51.0,24.4,71.0,0.0,mid,-0.9,0.5,5,0.0,0.0,0.0,0.0,0,0.0
51.0,24.4,73.0,0.0,mid,-1.0,0.0,5,0.0,0.0,0.0,0.0,0,0.0
51.0,24.4,74.0,0.0,mid,-0.9,0.5,6,0.0,0.0,0.0,0.0,0,0.0
51.0,24.4,74.0,1.2,mid,1.0,-0.3,6,0.0,0.0,0.0,0.0,0,0.0
51.0,24.4,79.0,0.0,development,-0.7,0.7,9,0.0,0.0,0.0,0.0,0,0.0
51.0,24.4,81.0,0.0,late,-0.9,0.5,5,0.0,0.0,0.0,0.0,0,0.0
51.0,24.4,81.0,0.0,mid,-0.9,0.5,7,0.0,0.0,0.0,0.0,0,0.0
51.0,24.4,84.0,0.0,development,0.0,1.0,5,0.0,0.0,0.0,0.0,0,0.0
51.0,24.4,85.0,0.0,mid,-0.5,0.9,6,0.0,0.0,0.0,0.0,0,0.0
51.0,24.4,89.0,0.0,development,0.0,1.0,5,0.0,0.0,0.0,0.0,0,0.0
51.0,24.4,89.0,0.0,mid,-0.7,0.7,5,0.0,0.0,0.0,0.0,0,0.0
51.0,24.4,95.0,0.0,development,0.3,1.0,5,0.0,0.0,0.0,0.0,0,0.0
51.0,24.5,58.0,0.0,late,-1.0,-0.3,5,0.0,0.0,0.0,0.0,0,0.0
51.0,24.5,67.0,1.2,mid,0.9,-0.5,5,0.0,0.0,0.0,0.0,0,0.0
51.0,24.5,79.0,0.0,development,-0.7,0.7,6,0.0,0.0,0.0,0.0,0,0.0
51.0,24.5,82.0,0.0,mid,-0.9,0.5,5,0.0,0.0,0.0,0.0,0,0.0
51.0,24.5,83.0,0.0,late,-1.0,0.0,5,0.0,0.0,0.0,0.0,0,0.0
51.0,24.5,84.0,0.0,mid,-0.3,1.0,5,0.0,0.0,0.0,0.0,0,0.0
51.0,24.5,84.0,1.0,late,1.0,0.0,5,0.0,0.0,0.0,0.0,0,0.0
51.0,24.5,85.0,0.6,initial,1.0,0.0,5,0.0,0.0,0.0,0.0,0,0.0
51.0,24.5,86.0,0.0,mid,-0.3,1.0,7,0.0,0.0,0.0,0.0,0,0.0
51.0,24.5,87.0,0.0,late,-0.9,0.5,5,0.0,0.0,0.0,0.0,0,0.0
51.0,24.5,88.0,0.0,mid,-0.3,1.0,6,0.0,0.0,0.0,0.0,0,0.0
51.0,24.6,79.0,0.0,development,0.0,1.0,6,0.0,0.0,0.0,0.0,0,0.0
51.0,24.6,80.0,0.0,development,-0.3,1.0,6,0.0,0.0,0.0,0.0,0,0.0
51.0,24.6,83.0,0.0,mid,0.3,1.0,5,0.0,0.0,0.0,0.0,0,0.0
51.0,24.6,89.0,0.0,development,-0.7,0.7,5,0.0,0.0,0.0,0.0,0,0.0
51.0,24.6,90.0,0.4,late,1.0,0.0,6,0.0,0.0,0.0,0.0,0,0.0
51.0,24.6,93.0,0.4,mid,1.0,0.0,5,0.0,0.0,0.0,0.0,0,0.0
51.0,24.7,72.0,1.4,development,1.0,-0.3,5,0.0,0.0,0.0,0.0,0,0.0
51.0,24.7,85.0,0.0,mid,-0.9,0.5,5,0.0,0.0,0.0,0.0,0,0.0
51.0,24.7,89.0,0.0,late,-0.3,1.0,5,0.0,0.0,0.0,0.0,0,0.0
51.0,24.7,90.0,0.0,mid,-0.3,1.0,8,0.0,0.0,0.0,0.0,0,0.0
51.0,24.8,63.0,0.0,mid,-0.9,0.5,7,0.0,0.0,0.0,0.0,0,0.0
51.0,24.8,71.0,1.6,late,0.9,-0.5,5,0.0,0.0,0.0,0.0,0,0.0
51.0,24.8,76.0,1.0,mid,0.7,-0.7,5,0.0,0.0,0.0,0.0,0,0.0
51.0,24.8,82.0,0.0,development,-0.5,0.9,5,0.0,0.0,0.0,0.0,0,0.0
51.0,24.8,83.0,0.0,late,-0.3,1.0,5,0.0,0.0,0.0,0.0,0,0.0
51.0,24.8,85.0,0.0,mid,-0.5,0.9,5,0.0,0.0,0.0,0.0,0,0.0
51.0,24.8,87.0,0.0,mid,-0.3,1.0,5,0.0,0.0,0.0,0.0,0,0.0
51.0,24.8,89.0,0.0,development,0.5,0.9,5,0.0,0.0,0.0,0.0,0,0.0
51.0,24.8,89.0,0.0,initial,0.3,1.0,5,0.0,0.0,0.0,0.0,0,0.0
51.0,24.8,89.0,0.5,late,1.0,0.0,6,0.0,0.0,0.0,0.0,0,0.0
51.0,24.8,91.0,0.0,mid,0.3,1.0,6,0.0,0.0,0.0,0.0,0,0.0
51.0,24.8,92.0,0.0,mid,0.3,1.0,7,0.0,0.0,0.0,0.0,0,0.0
51.0,24.8,92.0,0.5,mid,1.0,0.0,5,0.0,0.0,0.0,0.0,0,0.0
51.0,24.8,93.0,0.0,mid,0.5,0.9,5,0.0,0.0,0.0,0.0,0,0.0
51.0,24.9,79.0,0.0,mid,-0.7,0.7,7,0.0,0.0,0.0,0.0,0,0.0
51.0,24.9,81.0,0.0,mid,-1.0,0.3,5,0.0,0.0,0.0,0.0,0,0.0
51.0,24.9,84.0,0.0,mid,-0.5,0.9,5,0.0,0.0,0.0,0.0,0,0.0
51.0,24.9,86.0,0.1,mid,1.0,0.3,5,0.0,0.0,0.0,0.0,0,0.0
51.0,24.9,87.0,0.0,late,0.0,1.0,5,0.0,0.0,0.0,0.0,0,0.0
51.0,25.0,75.0,0.0,late,-0.9,0.5,5,0.0,0.0,0.0,0.0,0,0.0
51.0,25.0,75.0,0.0,mid,-0.9,0.5,6,0.0,0.0,0.0,0.0,0,0.0
51.0,25.0,79.0,0.0,development,-0.7,0.7,5,0.0,0.0,0.0,0.0,0,0.0
51.0,25.0,80.0,0.0,mid,-0.5,0.9,5,0.0,0.0,0.0,0.0,0,0.0
51.0,25.0,81.0,0.0,development,-0.5,0.9,6,0.0,0.0,0.0,0.0,0,0.0
51.0,25.0,82.0,0.0,mid,-0.7,0.7,5,0.0,0.0,0.0,0.0,0,0.0
51.0,25.0,83.0,0.0,development,-0.7,0.7,5,0.0,0.0,0.0,0.0,0,0.0
51.0,25.0,86.0,0.0,mid,-0.9,0.5,6,0.0,0.0,0.0,0.0,0,0.0
51.0,25.0,87.0,0.0,initial,0.0,1.0,5,0.0,0.0,0.0,0.0,0,0.0
51.0,25.1,72.0,0.5,initial,-0.9,-0.5,7,0.0,0.0,0.0,0.0,0,0.0
51.0,25.1,74.0,0.0,development,-0.9,0.5,22,0.0,0.0,0.0,0.0,0,0.0
51.0,25.1,82.0,0.0,late,-1.0,0.3,6,0.0,0.0,0.0,0.0,0,0.0
51.0,25.1,89.0,0.0,mid,-0.3,1.0,5,0.0,0.0,0.0,0.0,0,0.0
51.0,25.1,90.0,0.0,mid,0.0,1.0,5,0.0,0.0,0.0,0.0,0,0.0
51.0,25.2,70.0,0.0,development,-1.0,-0.3,5,0.0,0.0,0.0,0.0,0,0.0
51.0,25.2,74.0,0.0,late,-1.0,0.3,5,0.0,0.0,0.0,0.0,0,0.0
51.0,25.2,77.0,0.0,mid,-0.9,0.5,8,0.0,0.0,0.0,0.0,0,0.0
51.0,25.2,84.0,0.6,mid,1.0,0.0,5,0.0,0.0,0.0,0.0,0,0.0
51.0,25.3,76.0,0.0,initial,-0.9,0.5,6,0.0,0.0,0.0,0.0,0,0.0
51.0,25.3,79.0,0.4,mid,1.0,0.0,6,0.0,0.0,0.0,0.0,0,0.0
51.0,25.3,80.0,0.0,mid,-1.0,0.0,5,0.0,0.0,0.0,0.0,0,0.0
51.0,25.4,57.0,0.0,mid,-1.0,0.3,6,0.0,0.0,0.0,0.0,0,0.0
51.0,25.4,66.0,0.0,late,-1.0,0.0,5,0.0,0.0,0.0,0.0,0,0.0
51.0,25.4,68.0,0.0,mid,-1.0,0.0,5,0.0,0.0,0.0,0.0,0,0.0
51.0,25.4,77.0,0.0,development,-0.7,0.7,8,0.0,0.0,0.0,0.0,0,0.0
51.0,25.4,77.0,0.0,mid,-0.7,0.7,5,0.0,0.0,0.0,0.0,0,0.0
51.0,25.4,79.0,0.0,development,-0.9,0.5,7,0.0,0.0,0.0,0.0,0,0.0
51.0,25.5,65.0,0.3,late,-0.9,-0.5,7,0.0,0.0,0.0,0.0,0,0.0
51.0,25.5,70.0,1.5,development,-0.3,-1.0,5,0.0,0.0,0.0,0.0,0,0.0
51.0,25.5,74.0,0.0,mid,-0.9,0.5,7,0.0,0.0,0.0,0.0,0,0.0
51.0,25.5,75.0,0.8,development,1.0,0.0,6,0.0,0.0,0.0,0.0,0,0.0
51.0,25.5,77.0,0.0,mid,-0.9,0.5,5,0.0,0.0,0.0,0.0,0,0.0
51.0,25.5,80.0,0.0,mid,-0.7,0.7,5,0.0,0.0,0.0,0.0,0,0.0
51.0,25.5,82.0,0.0,late,-0.5,0.9,5,0.0,0.0,0.0,0.0,0,0.0
51.0,25.6,60.0,0.0,mid,-1.0,0.3,7,0.0,0.0,0.0,0.0,0,0.0
51.0,25.6,67.0,1.6,mid,1.0,-0.3,5,0.0,0.0,0.0,0.0,0,0.0
51.0,25.6,71.0,0.0,mid,-0.9,0.5,5,0.0,0.0,0.0,0.0,0,0.0
51.0,25.6,75.0,0.0,mid,-1.0,0.0,9,0.0,0.0,0.0,0.0,0,0.0
51.0,25.6,78.0,1.4,mid,1.0,-0.3,5,0.0,0.0,0.0,0.0,0,0.0
51.0,25.6,81.0,0.0,mid,-1.0,0.3,7,0.0,0.0,0.0,0.0,0,0.0
51.0,25.6,84.0,0.0,development,-1.0,0.3,5,0.0,0.0,0.0,0.0,0,0.0
51.0,25.7,69.0,0.0,initial,-1.0,0.3,5,0.0,0.0,0.0,0.0,0,0.0
51.0,25.7,72.0,0.0,late,-1.0,0.0,6,0.0,0.0,0.0,0.0,0,0.0
51.0,25.7,80.0,0.0,mid,-1.0,0.3,6,0.0,0.0,0.0,0.0,0,0.0
51.0,25.7,84.0,0.0,mid,-0.5,0.9,6,0.0,0.0,0.0,0.0,0,0.0
51.0,25.7,85.0,0.0,mid,-0.5,0.9,5,0.0,0.0,0.0,0.0,0,0.0
51.0,25.7,85.0,0.7,mid,1.0,-0.3,6,0.0,0.0,0.0,0.0,0,0.0
51.0,25.7,86.0,0.4,mid,1.0,0.0,5,0.0,0.0,0.0,0.0,0,0.0
51.0,25.8,64.0,0.0,mid,-1.0,0.0,5,0.0,0.0,0.0,0.0,0,0.0
51.0,25.8,69.0,0.0,development,-1.0,0.3,10,0.0,0.0,0.0,0.0,0,0.0
51.0,25.8,72.0,0.0,late,-1.0,0.3,6,0.0,0.0,0.0,0.0,0,0.0
51.0,25.8,73.0,0.0,development,-0.7,0.7,6,0.0,0.0,0.0,0.0,0,0.0
51.0,25.8,83.0,0.9,mid,1.0,-0.3,6,0.0,0.0,0.0,0.0,0,0.0
51.0,25.9,56.0,0.6,development,-0.9,-0.5,7,0.0,0.0,0.0,0.0,0,0.0
51.0,25.9,63.0,2.0,development,0.9,-0.5,5,0.0,0.0,0.0,0.0,0,0.0
51.0,25.9,64.0,0.9,development,-0.7,-0.7,5,0.0,0.0,0.0,0.0,0,0.0
51.0,25.9,71.0,1.4,initial,0.9,-0.5,5,0.0,0.0,0.0,0.0,0,0.0
51.0,25.9,80.0,0.0,development,-0.9,0.5,6,0.0,0.0,0.0,0.0,0,0.0
51.0,25.9,85.0,0.0,development,-0.7,0.7,5,0.0,0.0,0.0,0.0,0,0.0
51.0,26.0,61.0,1.8,mid,1.0,-0.3,5,0.0,0.0,0.0,0.0,0,0.0
51.0,26.0,63.0,0.4,late,-0.9,-0.5,5,0.0,0.0,0.0,0.0,0,0.0
51.0,26.0,68.0,0.0,late,-1.0,0.0,5,0.0,0.0,0.0,0.0,0,0.0
51.0,26.0,68.0,0.0,mid,-1.0,-0.3,5,0.0,0.0,0.0,0.0,0,0.0
51.0,26.0,71.0,0.0,initial,-1.0,0.3,5,0.0,0.0,0.0,0.0,0,0.0
51.0,26.0,84.0,0.0,mid,-0.5,0.9,5,0.0,0.0,0.0,0.0,0,0.0
51.0,26.0,84.0,0.5,mid,1.0,0.0,5,0.0,0.0,0.0,0.0,0,0.0
51.0,26.0,89.0,0.0,mid,-0.3,1.0,5,0.0,0.0,0.0,0.0,0,0.0
51.0,26.1,60.0,1.9,development,0.7,-0.7,5,0.0,0.0,0.0,0.0,0,0.0
51.0,26.1,61.0,1.6,mid,0.9,-0.5,5,0.0,0.0,0.0,0.0,0,0.0
51.0,26.1,63.0,1.6,mid,1.0,-0.3,6,0.0,0.0,0.0,0.0,0,0.0
51.0,26.1,82.0,0.0,mid,-0.3,1.0,5,0.0,0.0,0.0,0.0,0,0.0
51.0,26.2,63.0,0.0,mid,-1.0,0.0,5,0.0,0.0,0.0,0.0,0,0.0
51.0,26.2,73.0,0.0,mid,-1.0,0.3,6,0.0,0.0,0.0,0.0,0,0.0
51.0,26.2,75.0,0.0,mid,-0.9,0.5,8,0.0,0.0,0.0,0.0,0,0.0
51.0,26.3,63.0,0.0,development,-1.0,-0.3,5,0.0,0.0,0.0,0.0,0,0.0
51.0,26.3,65.0,0.0,mid,-1.0,0.3,5,0.0,0.0,0.0,0.0,0,0.0
51.0,26.3,69.0,0.0,mid,-1.0,0.3,5,0.0,0.0,0.0,0.0,0,0.0
51.0,26.4,58.0,2.0,mid,0.7,-0.7,5,0.0,0.0,0.0,0.0,0,0.0
51.0,26.4,60.0,0.0,development,-1.0,-0.3,6,0.0,0.0,0.0,0.0,0,0.0
51.0,26.4,62.0,0.0,mid,-1.0,0.3,5,0.0,0.0,0.0,0.0,0,0.0
51.0,26.4,63.0,2.1,late,0.7,-0.7,5,0.8577453159993234,1.9179768339565249,0.0,4.2887265799966166,1,0.2
51.0,26.4,67.0,0.0,development,-1.0,0.3,6,0.0,0.0,0.0,0.0,0,0.0
51.0,26.4,74.0,1.2,mid,1.0,-0.3,5,0.0,0.0,0.0,0.0,0,0.0
51.0,26.4,75.0,0.0,mid,-1.0,0.0,5,0.0,0.0,0.0,0.0,0,0.0
51.0,26.5,67.0,0.0,mid,-1.0,0.3,6,0.0,0.0,0.0,0.0,0,0.0
51.0,26.5,69.0,0.0,mid,-1.0,0.0,6,0.0,0.0,0.0,0.0,0,0.0
51.0,26.5,73.0,0.0,development,-1.0,0.0,5,0.0,0.0,0.0,0.0,0,0.0
51.0,26.5,75.0,0.0,mid,-1.0,0.3,5,0.0,0.0,0.0,0.0,0,0.0
51.0,26.5,86.0,0.0,development,-0.3,1.0,5,0.0,0.0,0.0,0.0,0,0.0
51.0,26.7,66.0,0.0,mid,-1.0,0.0,5,0.0,0.0,0.0,0.0,0,0.0
51.0,26.7,68.0,1.6,mid,1.0,-0.3,5,0.0,0.0,0.0,0.0,0,0.0
51.0,26.7,69.0,0.0,development,-1.0,0.3,8,0.0,0.0,0.0,0.0,0,0.0
51.0,26.7,77.0,1.0,development,1.0,-0.3,6,0.0,0.0,0.0,0.0,0,0.0
51.0,26.8,53.0,1.6,mid,-0.3,-1.0,5,0.0,0.0,0.0,0.0,0,0.0
51.0,26.8,62.0,0.0,development,-1.0,0.0,5,0.0,0.0,0.0,0.0,0,0.0
51.0,26.8,62.0,0.0,initial,-1.0,0.0,5,0.0,0.0,0.0,0.0,0,0.0
51.0,26.8,63.0,0.0,development,-1.0,0.0,7,0.0,0.0,0.0,0.0,0,0.0
51.0,26.8,64.0,0.0,development,-1.0,0.0,5,0.0,0.0,0.0,0.0,0,0.0
51.0,26.8,65.0,0.0,development,-0.9,0.5,6,0.0,0.0,0.0,0.0,0,0.0
51.0,26.8,66.0,1.3,initial,1.0,-0.3,5,0.0,0.0,0.0,0.0,0,0.0
51.0,26.8,70.0,1.4,initial,1.0,-0.3,7,0.0,0.0,0.0,0.0,0,0.0
51.0,26.8,71.0,1.4,initial,1.0,-0.3,5,0.0,0.0,0.0,0.0,0,0.0
51.0,26.8,73.0,0.0,mid,-1.0,0.3,5,0.0,0.0,0.0,0.0,0,0.0
51.0,26.9,54.0,1.2,mid,-0.7,-0.7,5,0.0,0.0,0.0,0.0,0,0.0
51.0,26.9,60.0,1.9,initial,0.5,-0.9,5,1.6067427564919405,2.200123177652685,0.0,4.017507211650116,2,0.4
51.0,26.9,61.0,1.4,development,-0.5,-0.9,7,0.0,0.0,0.0,0.0,0,0.0
51.0,26.9,62.0,2.5,development,-0.3,-1.0,5,0.8067631464548031,1.803977237214558,0.0,4.033815732274015,1,0.2
51.0,26.9,67.0,1.9,late,1.0,-0.3,7,0.0,0.0,0.0,0.0,0,0.0
51.0,26.9,68.0,1.4,initial,1.0,-0.3,5,0.0,0.0,0.0,0.0,0,0.0
51.0,26.9,74.0,0.0,late,-0.9,0.5,5,0.0,0.0,0.0,0.0,0,0.0
51.0,27.0,58.0,2.1,late,0.7,-0.7,6,0.0,0.0,0.0,0.0,0,0.0
51.0,27.0,62.0,2.1,mid,0.9,-0.5,6,0.0,0.0,0.0,0.0,0,0.0
51.0,27.0,64.0,0.0,late,-1.0,-0.3,5,0.0,0.0,0.0,0.0,0,0.0
51.0,27.0,64.0,0.6,mid,-0.7,-0.7,6,0.0,0.0,0.0,0.0,0,0.0
51.0,27.0,64.0,1.6,development,1.0,-0.3,6,0.0,0.0,0.0,0.0,0,0.0
51.0,27.0,68.0,1.9,mid,1.0,-0.3,5,0.0,0.0,0.0,0.0,0,0.0
51.0,27.0,69.0,0.0,development,-1.0,-0.3,6,0.0,0.0,0.0,0.0,0,0.0
51.0,27.0,75.0,0.0,mid,-0.9,0.5,5,0.0,0.0,0.0,0.0,0,0.0
51.0,27.1,65.0,2.0,development,0.7,-0.7,5,0.0,0.0,0.0,0.0,0,0.0
51.0,27.1,82.0,0.0,development,-0.7,0.7,6,0.0,0.0,0.0,0.0,0,0.0
51.0,27.2,49.0,0.0,mid,-1.0,-0.3,5,0.0,0.0,0.0,0.0,0,0.0
51.0,27.2,51.0,1.9,initial,0.5,-0.9,5,2.7855816856177187,2.5471860455637065,0.0,4.800969045778871,3,0.6
51.0,27.2,52.0,0.4,mid,-0.9,-0.5,5,0.0,0.0,0.0,0.0,0,0.0
51.0,27.2,63.0,0.0,mid,-1.0,0.0,5,0.0,0.0,0.0,0.0,0,0.0
51.0,27.2,67.0,1.6,development,1.0,-0.3,5,0.0,0.0,0.0,0.0,0,0.0
51.0,27.2,69.0,0.0,late,-1.0,0.3,6,0.0,0.0,0.0,0.0,0,0.0
51.0,27.2,74.0,1.4,mid,1.0,-0.3,5,0.0,0.0,0.0,0.0,0,0.0
51.0,27.3,61.0,0.0,late,-1.0,0.0,6,0.0,0.0,0.0,0.0,0,0.0
51.0,27.3,74.0,0.0,mid,-1.0,0.0,5,0.0,0.0,0.0,0.0,0,0.0
51.0,27.4,51.0,2.5,initial,0.5,-0.9,7,1.2013801205655485,2.051748144053526,0.0,4.208314900844115,2,0.2857142857142857
51.0,27.4,58.0,1.7,late,-0.5,-0.9,7,0.0,0.0,0.0,0.0,0,0.0
51.0,27.4,67.0,1.0,mid,1.0,-0.3,5,0.0,0.0,0.0,0.0,0,0.0
51.0,27.4,68.0,0.0,mid,-1.0,-0.3,7,0.0,0.0,0.0,0.0,0,0.0
51.0,27.4,68.0,0.0,mid,-1.0,0.0,5,0.0,0.0,0.0,0.0,0,0.0
51.0,27.5,55.0,2.3,late,0.5,-0.9,5,0.0,0.0,0.0,0.0,0,0.0
51.0,27.6,57.0,0.0,mid,-1.0,0.0,5,0.0,0.0,0.0,0.0,0,0.0
51.0,27.6,64.0,1.5,mid,1.0,-0.3,5,0.0,0.0,0.0,0.0,0,0.0
51.0,27.7,58.0,2.7,development,0.3,-1.0,6,0.0,0.0,0.0,0.0,0,0.0
51.0,27.7,59.0,1.5,development,1.0,-0.3,5,0.0,0.0,0.0,0.0,0,0.0
51.0,27.7,63.0,0.0,development,-1.0,0.0,6,0.0,0.0,0.0,0.0,0,0.0
51.0,27.8,50.0,1.2,late,-0.7,-0.7,5,0.0,0.0,0.0,0.0,0,0.0
51.0,27.8,53.0,2.4,mid,0.5,-0.9,5,0.0,0.0,0.0,0.0,0,0.0
51.0,27.8,61.0,1.9,development,0.5,-0.9,5,0.0,0.0,0.0,0.0,0,0.0
51.0,27.8,65.0,0.0,development,-1.0,-0.3,7,0.0,0.0,0.0,0.0,0,0.0
51.0,27.8,66.0,0.0,development,-1.0,0.3,5,0.0,0.0,0.0,0.0,0,0.0
51.0,27.8,70.0,1.6,mid,0.9,-0.5,5,0.0,0.0,0.0,0.0,0,0.0
51.0,27.9,51.0,1.1,late,-0.7,-0.7,6,0.0,0.0,0.0,0.0,0,0.0
51.0,27.9,54.0,1.1,development,-0.7,-0.7,5,0.0,0.0,0.0,0.0,0,0.0
51.0,28.0,49.0,1.0,late,-0.7,-0.7,5,0.0,0.0,0.0,0.0,0,0.0
51.0,28.0,56.0,2.1,late,-0.3,-1.0,5,0.8148175300892049,1.8219873865379423,0.0,4.074087650446025,1,0.2
51.0,28.0,56.0,2.6,development,0.5,-0.9,5,0.0,0.0,0.0,0.0,0,0.0
51.0,28.0,57.0,2.3,late,0.9,-0.5,5,0.0,0.0,0.0,0.0,0,0.0
51.0,28.0,58.0,0.0,mid,-1.0,-0.3,5,0.0,0.0,0.0,0.0,0,0.0
51.0,28.0,62.0,2.0,late,0.9,-0.5,5,0.0,0.0,0.0,0.0,0,0.0
51.0,28.1,52.0,2.4,late,0.3,-1.0,5,2.574281119817292,2.3533571094261725,0.0,4.428720474111941,3,0.6
51.0,28.1,56.0,1.9,late,0.9,-0.5,5,0.0,0.0,0.0,0.0,0,0.0
51.0,28.2,66.0,1.8,late,0.7,-0.7,6,0.0,0.0,0.0,0.0,0,0.0
51.0,28.3,52.0,0.3,development,-0.9,-0.5,7,0.0,0.0,0.0,0.0,0,0.0
51.0,28.3,53.0,2.3,development,-0.3,-1.0,7,0.0,0.0,0.0,0.0,0,0.0
51.0,28.3,65.0,2.1,development,0.9,-0.5,5,0.0,0.0,0.0,0.0,0,0.0
51.0,28.4,52.0,0.6,development,-0.9,-0.5,5,0.0,0.0,0.0,0.0,0,0.0
51.0,28.5,59.0,0.0,mid,-1.0,0.0,5,0.0,0.0,0.0,0.0,0,0.0
51.0,28.5,59.0,1.6,mid,0.9,-0.5,6,0.0,0.0,0.0,0.0,0,0.0
51.0,28.6,48.0,0.1,mid,-1.0,-0.3,5,0.0,0.0,0.0,0.0,0,0.0
51.0,28.6,56.0,0.0,development,-1.0,0.0,6,0.0,0.0,0.0,0.0,0,0.0
51.0,28.6,56.0,0.1,initial,-1.0,-0.3,5,0.0,0.0,0.0,0.0,0,0.0
51.0,28.6,66.0,1.9,mid,0.5,-0.9,5,0.0,0.0,0.0,0.0,0,0.0
51.0,28.7,49.0,2.4,development,0.0,-1.0,5,0.0,0.0,0.0,0.0,0,0.0
51.0,28.7,56.0,2.4,mid,0.9,-0.5,5,0.0,0.0,0.0,0.0,0,0.0
51.0,28.7,59.0,2.2,mid,0.0,-1.0,5,0.0,0.0,0.0,0.0,0,0.0
51.0,28.7,62.0,1.9,late,0.9,-0.5,5,0.0,0.0,0.0,0.0,0,0.0
51.0,28.8,55.0,0.9,mid,-0.7,-0.7,5,0.0,0.0,0.0,0.0,0,0.0
51.0,28.8,57.0,1.8,initial,0.9,-0.5,6,0.0,0.0,0.0,0.0,0,0.0
51.0,28.8,57.0,2.0,initial,0.7,-0.7,5,1.7337919503127104,2.3829810076121127,0.0,4.625284774546838,2,0.4
51.0,28.8,62.0,0.0,development,-1.0,0.0,5,0.0,0.0,0.0,0.0,0,0.0
51.0,28.9,54.0,2.6,mid,0.7,-0.7,5,0.0,0.0,0.0,0.0,0,0.0
51.0,28.9,63.0,2.2,mid,0.9,-0.5,5,0.0,0.0,0.0,0.0,0,0.0
51.0,29.0,48.0,2.4,development,-0.3,-1.0,5,0.8664858492843678,1.9375212605414838,0.0,4.332429246421839,1,0.2
51.0,29.0,48.0,2.7,late,0.5,-0.9,5,0.0,0.0,0.0,0.0,0,0.0
51.0,29.0,51.0,1.7,development,-0.5,-0.9,6,0.0,0.0,0.0,0.0,0,0.0
51.0,29.0,53.0,2.2,development,0.5,-0.9,6,0.0,0.0,0.0,0.0,0,0.0
51.0,29.0,56.0,0.0,initial,-1.0,-0.3,6,0.0,0.0,0.0,0.0,0,0.0
51.0,29.0,60.0,0.2,late,-1.0,-0.3,5,0.0,0.0,0.0,0.0,0,0.0
51.0,29.0,60.0,1.8,initial,0.9,-0.5,5,1.6151121317276165,2.211583368618677,0.0,4.037780329319041,2,0.4
51.0,29.0,60.0,1.9,late,0.5,-0.9,5,1.7412031098973415,2.3842405512223017,0.0,4.353007774743354,2,0.4
51.0,29.1,58.0,2.0,initial,0.9,-0.5,6,1.3452005186787008,2.0840731407331314,0.0,4.067468891859413,2,0.3333333333333333
51.0,29.1,59.0,0.4,late,-0.9,-0.5,5,0.0,0.0,0.0,0.0,0,0.0
51.0,29.2,54.0,0.1,mid,-1.0,-0.3,5,0.0,0.0,0.0,0.0,0,0.0
51.0,29.3,48.0,2.3,late,0.0,-1.0,5,0.0,0.0,0.0,0.0,0,0.0
51.0,29.3,52.0,2.8,development,0.3,-1.0,5,0.0,0.0,0.0,0.0,0,0.0
51.0,29.3,54.0,2.7,mid,0.7,-0.7,6,0.0,0.0,0.0,0.0,0,0.0
51.0,29.3,58.0,1.8,initial,0.9,-0.5,7,0.0,0.0,0.0,0.0,0,0.0
51.0,29.4,49.0,2.6,mid,-0.3,-1.0,5,0.0,0.0,0.0,0.0,0,0.0
51.0,29.4,51.0,2.6,mid,0.9,-0.5,6,0.0,0.0,0.0,0.0,0,0.0
51.0,29.5,46.0,2.8,mid,0.0,-1.0,7,0.0,0.0,0.0,0.0,0,0.0
51.0,29.5,47.0,0.2,mid,-1.0,-0.3,6,0.0,0.0,0.0,0.0,0,0.0
51.0,29.5,55.0,2.3,development,0.9,-0.5,5,0.0,0.0,0.0,0.0,0,0.0
51.0,29.5,57.0,2.1,mid,0.9,-0.5,5,0.0,0.0,0.0,0.0,0,0.0
51.0,29.6,50.0,2.4,development,0.5,-0.9,5,0.0,0.0,0.0,0.0,0,0.0
51.0,29.7,48.0,0.6,late,-0.9,-0.5,5,0.0,0.0,0.0,0.0,0,0.0
51.0,29.7,54.0,0.0,mid,-1.0,-0.3,6,0.0,0.0,0.0,0.0,0,0.0
51.0,29.7,57.0,2.7,development,0.9,-0.5,6,0.0,0.0,0.0,0.0,0,0.0
51.0,29.8,42.0,2.5,development,-0.3,-1.0,6,4.078911605632639,0.14620924540944955,4.00355676603267,4.376155915721519,6,1.0
51.0,29.8,51.0,2.3,development,0.9,-0.5,5,0.0,0.0,0.0,0.0,0,0.0
51.0,29.8,56.0,0.3,development,-0.9,-0.5,6,0.0,0.0,0.0,0.0,0,0.0
51.0,29.8,57.0,0.3,mid,-1.0,-0.3,6,0.0,0.0,0.0,0.0,0,0.0
51.0,29.9,44.0,2.6,development,0.5,-0.9,5,0.0,0.0,0.0,0.0,0,0.0
51.0,29.9,52.0,2.2,development,0.0,-1.0,6,0.0,0.0,0.0,0.0,0,0.0
51.0,30.0,46.0,2.0,mid,-0.5,-0.9,5,0.0,0.0,0.0,0.0,0,0.0
51.0,30.0,49.0,2.6,late,0.7,-0.7,5,0.0,0.0,0.0,0.0,0,0.0
51.0,30.0,52.0,2.4,mid,0.9,-0.5,7,0.0,0.0,0.0,0.0,0,0.0
51.0,30.0,53.0,2.1,development,0.9,-0.5,5,0.0,0.0,0.0,0.0,0,0.0
51.0,30.0,58.0,0.0,mid,-1.0,0.0,5,0.0,0.0,0.0,0.0,0,0.0
51.0,30.1,53.0,0.9,late,-0.7,-0.7,6,0.0,0.0,0.0,0.0,0,0.0
51.0,30.1,54.0,1.7,mid,0.9,-0.5,7,0.0,0.0,0.0,0.0,0,0.0
51.0,30.2,41.0,3.0,development,0.0,-1.0,5,0.0,0.0,0.0,0.0,0,0.0
51.0,30.2,66.0,0.0,mid,-1.0,0.0,5,0.0,0.0,0.0,0.0,0,0.0
51.0,30.3,47.0,2.1,mid,-0.5,-0.9,7,0.0,0.0,0.0,0.0,0,0.0
51.0,30.3,50.0,2.4,mid,0.7,-0.7,5,0.0,0.0,0.0,0.0,0,0.0
51.0,30.4,45.0,0.6,late,-0.9,-0.5,5,0.0,0.0,0.0,0.0,0,0.0
51.0,30.4,45.0,2.6,mid,0.7,-0.7,5,0.0,0.0,0.0,0.0,0,0.0
51.0,30.4,54.0,1.9,mid,0.5,-0.9,5,0.0,0.0,0.0,0.0,0,0.0
51.0,30.5,60.0,1.6,mid,0.9,-0.5,6,0.0,0.0,0.0,0.0,0,0.0
51.0,30.7,50.0,2.6,late,0.7,-0.7,5,0.8657964885163686,1.9359798030032163,0.0,4.328982442581843,1,0.2
51.0,30.7,53.0,1.0,late,-0.7,-0.7,6,0.0,0.0,0.0,0.0,0,0.0
51.0,30.8,39.0,2.5,development,0.0,-1.0,6,1.456731963020444,2.25995280107718,0.0,4.560086871546282,2,0.3333333333333333
51.0,30.8,40.0,2.1,development,-0.3,-1.0,5,3.315809741747701,1.853756639753492,0.0,4.166458078370173,4,0.8
51.0,30.8,48.0,2.7,mid,0.7,-0.7,6,0.0,0.0,0.0,0.0,0,0.0
51.0,30.8,49.0,2.8,initial,0.7,-0.7,6,0.0,0.0,0.0,0.0,0,0.0
51.0,30.8,54.0,2.2,mid,0.7,-0.7,5,0.0,0.0,0.0,0.0,0,0.0
51.0,30.8,57.0,2.5,mid,0.5,-0.9,6,0.0,0.0,0.0,0.0,0,0.0
51.0,30.8,59.0,0.0,mid,-1.0,0.3,6,0.0,0.0,0.0,0.0,0,0.0
51.0,30.9,46.0,2.3,mid,0.7,-0.7,5,0.0,0.0,0.0,0.0,0,0.0
51.0,30.9,47.0,2.7,mid,0.7,-0.7,5,0.0,0.0,0.0,0.0,0,0.0
51.0,30.9,56.0,2.0,mid,0.9,-0.5,6,0.0,0.0,0.0,0.0,0,0.0
51.0,31.0,44.0,2.6,development,0.3,-1.0,5,1.6960716277128398,2.322731509465576,0.0,4.292065545185366,2,0.4
51.0,31.0,45.0,2.6,development,0.7,-0.7,9,0.0,0.0,0.0,0.0,0,0.0
51.0,31.0,49.0,0.5,initial,-0.9,-0.5,6,0.0,0.0,0.0,0.0,0,0.0
51.0,31.0,52.0,0.0,mid,-1.0,-0.3,5,0.0,0.0,0.0,0.0,0,0.0
51.0,31.0,52.0,0.8,mid,-0.7,-0.7,5,0.0,0.0,0.0,0.0,0,0.0
51.0,31.1,45.0,2.8,late,0.3,-1.0,5,0.0,0.0,0.0,0.0,0,0.0
51.0,31.1,46.0,0.8,mid,-0.9,-0.5,5,0.0,0.0,0.0,0.0,0,0.0
51.0,31.1,59.0,0.1,development,-1.0,-0.3,5,0.0,0.0,0.0,0.0,0,0.0
51.0,31.2,44.0,3.4,late,0.5,-0.9,5,0.8070810336400349,1.8046880545699127,0.0,4.035405168200175,1,0.2
51.0,31.2,51.0,2.0,initial,0.7,-0.7,6,0.0,0.0,0.0,0.0,0,0.0
51.0,31.2,54.0,3.0,mid,0.7,-0.7,6,0.0,0.0,0.0,0.0,0,0.0
51.0,31.4,43.0,2.9,mid,0.7,-0.7,7,0.0,0.0,0.0,0.0,0,0.0
51.0,31.4,45.0,1.1,development,-0.7,-0.7,5,0.0,0.0,0.0,0.0,0,0.0
51.0,31.4,47.0,2.0,mid,0.5,-0.9,5,0.0,0.0,0.0,0.0,0,0.0
51.0,31.4,49.0,2.0,initial,0.7,-0.7,5,0.0,0.0,0.0,0.0,0,0.0
51.0,31.4,49.0,2.6,development,0.7,-0.7,5,0.0,0.0,0.0,0.0,0,0.0
51.0,31.4,51.0,2.1,initial,0.7,-0.7,5,1.6771348057445679,2.296586398277748,0.0,4.219082625598581,2,0.4
51.0,31.4,54.0,1.4,development,-0.5,-0.9,8,0.0,0.0,0.0,0.0,0,0.0
51.0,31.5,40.0,2.7,mid,0.7,-0.7,5,0.0,0.0,0.0,0.0,0,0.0
51.0,31.5,46.0,0.7,mid,-0.9,-0.5,5,0.0,0.0,0.0,0.0,0,0.0
51.0,31.5,50.0,2.4,mid,0.5,-0.9,5,0.0,0.0,0.0,0.0,0,0.0
51.0,31.6,41.0,3.2,mid,0.7,-0.7,5,0.0,0.0,0.0,0.0,0,0.0
51.0,31.6,42.0,3.0,development,0.0,-1.0,6,0.0,0.0,0.0,0.0,0,0.0
51.0,31.6,45.0,2.9,initial,0.7,-0.7,6,0.0,0.0,0.0,0.0,0,0.0
51.0,31.6,49.0,1.7,mid,0.3,-1.0,5,0.0,0.0,0.0,0.0,0,0.0
51.0,31.6,49.0,2.4,development,0.5,-0.9,5,0.0,0.0,0.0,0.0,0,0.0
51.0,31.6,51.0,2.6,mid,0.7,-0.7,5,0.0,0.0,0.0,0.0,0,0.0
51.0,31.7,44.0,3.0,development,0.7,-0.7,6,0.0,0.0,0.0,0.0,0,0.0
51.0,31.7,45.0,2.5,mid,0.7,-0.7,5,0.0,0.0,0.0,0.0,0,0.0
51.0,31.7,57.0,2.8,mid,0.7,-0.7,5,0.0,0.0,0.0,0.0,0,0.0
51.0,31.8,42.0,3.2,development,0.7,-0.7,6,0.0,0.0,0.0,0.0,0,0.0
51.0,31.8,47.0,3.0,mid,0.5,-0.9,6,0.0,0.0,0.0,0.0,0,0.0
51.0,31.9,47.0,0.9,late,-0.9,-0.5,5,0.0,0.0,0.0,0.0,0,0.0
51.0,31.9,50.0,2.7,development,0.7,-0.7,5,0.0,0.0,0.0,0.0,0,0.0
51.0,31.9,52.0,2.0,development,-0.3,-1.0,7,0.0,0.0,0.0,0.0,0,0.0
51.0,32.0,49.0,2.8,mid,0.5,-0.9,5,0.0,0.0,0.0,0.0,0,0.0
51.0,32.2,43.0,2.9,development,0.3,-1.0,5,0.0,0.0,0.0,0.0,0,0.0
51.0,32.3,37.0,1.0,development,-0.9,-0.5,5,0.0,0.0,0.0,0.0,0,0.0
51.0,32.3,44.0,2.7,development,0.5,-0.9,5,1.6593340037075337,2.2721404366634577,0.0,4.154193197311287,2,0.4
51.0,32.3,45.0,2.1,development,-0.5,-0.9,5,0.0,0.0,0.0,0.0,0,0.0
51.0,32.4,39.0,2.0,development,-0.5,-0.9,5,0.0,0.0,0.0,0.0,0,0.0
51.0,32.4,44.0,1.9,mid,-0.5,-0.9,6,0.0,0.0,0.0,0.0,0,0.0
51.0,32.4,47.0,2.0,initial,0.5,-0.9,5,0.0,0.0,0.0,0.0,0,0.0
51.0,32.5,40.0,2.8,development,0.5,-0.9,6,0.7931833130187999,1.9428943893863293,0.0,4.759099878112799,1,0.16666666666666666
51.0,32.5,41.0,2.6,mid,0.5,-0.9,5,0.0,0.0,0.0,0.0,0,0.0
51.0,32.5,42.0,3.0,mid,0.5,-0.9,5,0.0,0.0,0.0,0.0,0,0.0
51.0,32.5,44.0,2.4,development,0.7,-0.7,11,0.0,0.0,0.0,0.0,0,0.0
51.0,32.5,49.0,1.8,mid,-0.5,-0.9,5,0.0,0.0,0.0,0.0,0,0.0
51.0,32.6,39.0,2.7,mid,-0.3,-1.0,5,0.0,0.0,0.0,0.0,0,0.0
51.0,32.6,41.0,3.1,development,0.5,-0.9,5,0.0,0.0,0.0,0.0,0,0.0
51.0,32.6,43.0,2.4,development,-0.3,-1.0,5,0.0,0.0,0.0,0.0,0,0.0
51.0,32.6,46.0,0.7,mid,-0.9,-0.5,5,0.0,0.0,0.0,0.0,0,0.0
51.0,32.7,44.0,0.8,development,-0.9,-0.5,5,0.0,0.0,0.0,0.0,0,0.0
51.0,32.7,50.0,0.0,mid,-1.0,0.0,5,0.0,0.0,0.0,0.0,0,0.0
51.0,32.9,42.0,2.0,development,-0.5,-0.9,6,0.0,0.0,0.0,0.0,0,0.0
51.0,33.0,41.0,3.0,late,0.3,-1.0,5,3.3486368356146214,1.8719497671658407,0.0,4.190060219668272,4,0.8
51.0,33.0,47.0,2.8,development,0.5,-0.9,5,0.0,0.0,0.0,0.0,0,0.0
51.0,33.0,50.0,1.7,development,-0.3,-1.0,6,0.6720272976575288,1.6461239724824144,0.0,4.032163785945173,1,0.16666666666666666
51.0,33.1,40.0,2.9,development,0.0,-1.0,5,0.0,0.0,0.0,0.0,0,0.0
51.0,33.1,40.0,3.2,initial,0.5,-0.9,6,1.4379927281287455,2.227958939338749,0.0,4.364614846417787,2,0.3333333333333333
51.0,33.2,36.0,3.0,initial,0.5,-0.9,5,0.0,0.0,0.0,0.0,0,0.0
51.0,33.2,37.0,2.6,development,-0.3,-1.0,5,1.6976928357174885,2.3246616545934513,0.0,4.244232089293721,2,0.4
51.0,33.2,38.0,2.7,late,-0.3,-1.0,5,4.212381490518159,0.0018397520926152205,4.2111394003804286,4.215575436586612,5,1.0
51.0,33.2,39.0,3.4,development,0.3,-1.0,5,0.8007433609247634,1.79051658755942,0.0,4.003716804623817,1,0.2
51.0,33.2,40.0,1.6,development,-0.3,-1.0,5,0.8090663185198196,1.8091272865158137,0.0,4.045331592599098,1,0.2
51.0,33.2,44.0,2.8,late,0.5,-0.9,5,0.0,0.0,0.0,0.0,0,0.0
51.0,33.3,38.0,0.9,mid,-0.9,-0.5,5,0.0,0.0,0.0,0.0,0,0.0
51.0,33.3,45.0,0.5,mid,-0.9,-0.5,5,0.0,0.0,0.0,0.0,0,0.0
51.0,33.3,45.0,2.7,development,0.5,-0.9,5,0.0,0.0,0.0,0.0,0,0.0
51.0,33.4,36.0,2.9,mid,0.3,-1.0,5,0.0,0.0,0.0,0.0,0,0.0
51.0,33.4,39.0,3.1,development,0.5,-0.9,6,2.1706456665675042,2.4028059825478523,0.0,4.972252129650414,3,0.5
51.0,33.4,43.0,2.8,development,0.3,-1.0,6,3.4370850058028264,1.6838211793886622,0.0,4.1261047132725,5,0.8333333333333334
51.0,33.4,45.0,2.9,development,0.5,-0.9,5,0.9257952312822084,2.070141070392158,0.0,4.628976156411042,1,0.2
51.0,33.4,47.0,2.7,development,0.5,-0.9,5,0.0,0.0,0.0,0.0,0,0.0
51.0,33.5,42.0,2.8,development,0.5,-0.9,9,0.0,0.0,0.0,0.0,0,0.0
51.0,33.5,44.0,3.5,late,0.5,-0.9,5,1.6644799782644584,2.2791865982952606,0.0,4.166866252681636,2,0.4
51.0,33.6,34.0,3.0,development,0.0,-1.0,5,4.331692185219913,0.23901255771798896,4.070063561824497,4.521230549983677,5,1.0
51.0,33.6,41.0,2.6,development,0.5,-0.9,5,0.9709094339761932,2.171019494366612,0.0,4.854547169880966,1,0.2
51.0,33.6,42.0,0.9,mid,-0.9,-0.5,5,0.0,0.0,0.0,0.0,0,0.0
51.0,33.6,42.0,2.7,mid,0.5,-0.9,5,0.0,0.0,0.0,0.0,0,0.0
51.0,33.6,42.0,2.8,development,0.5,-0.9,6,0.0,0.0,0.0,0.0,0,0.0
51.0,33.7,37.0,3.0,late,0.0,-1.0,5,4.410843769037305,0.08237556215699347,4.318235646220344,4.532841946378984,5,1.0
51.0,33.7,42.0,2.9,development,0.5,-0.9,5,0.0,0.0,0.0,0.0,0,0.0
51.0,33.8,33.0,3.1,late,0.3,-1.0,5,2.6324458643614,2.4030896652817266,0.0,4.393321704340792,3,0.6
51.0,33.8,33.0,3.5,mid,0.0,-1.0,6,0.0,0.0,0.0,0.0,0,0.0
51.0,33.8,39.0,3.3,initial,0.5,-0.9,5,0.0,0.0,0.0,0.0,0,0.0
51.0,33.8,45.0,2.5,mid,0.0,-1.0,6,0.0,0.0,0.0,0.0,0,0.0
51.0,33.9,46.0,2.8,mid,0.7,-0.7,5,0.0,0.0,0.0,0.0,0,0.0
51.0,34.0,38.0,1.1,development,-0.7,-0.7,5,0.0,0.0,0.0,0.0,0,0.0
51.0,34.0,38.0,2.2,mid,0.0,-1.0,6,0.0,0.0,0.0,0.0,0,0.0
51.0,34.0,39.0,2.5,development,0.5,-0.9,6,0.0,0.0,0.0,0.0,0,0.0
51.0,34.0,40.0,2.0,mid,-0.5,-0.9,5,0.0,0.0,0.0,0.0,0,0.0
51.0,34.1,38.0,2.8,mid,-0.3,-1.0,5,0.0,0.0,0.0,0.0,0,0.0
51.0,34.2,41.0,3.2,development,0.3,-1.0,7,3.5508389420689737,1.5658028535251627,0.0,4.157271219703674,6,0.8571428571428571
51.0,34.2,42.0,2.8,development,0.3,-1.0,5,1.6171220987474002,2.2143356293101193,0.0,4.0428052468685,2,0.4
51.0,34.3,33.0,3.2,initial,0.3,-1.0,5,0.0,0.0,0.0,0.0,0,0.0
51.0,34.3,38.0,3.0,late,0.0,-1.0,6,4.251517961497431,0.14492875476729106,4.06444607335543,4.350006985202356,6,1.0
51.0,34.4,39.0,2.9,development,0.5,-0.9,5,0.9766409103078771,2.1838354650556884,0.0,4.883204551539386,1,0.2
51.0,34.4,41.0,1.4,mid,-0.7,-0.7,6,0.0,0.0,0.0,0.0,0,0.0
51.0,34.4,41.0,3.4,development,0.3,-1.0,5,2.473715073869382,2.25886617877803,0.0,4.175154795624799,3,0.6
51.0,34.4,42.0,2.6,development,0.0,-1.0,5,4.033060545072226,0.010001838428806517,4.017922013099181,4.04315289972093,5,1.0
51.0,34.5,35.0,3.1,development,0.3,-1.0,5,3.400689283455654,1.9011046124528992,0.0,4.268856668028199,4,0.8
51.0,34.5,38.0,2.6,development,0.5,-0.9,5,0.0,0.0,0.0,0.0,0,0.0
51.0,34.6,36.0,3.1,late,0.3,-1.0,5,3.6933366950967654,2.0717643117145497,0.0,4.780944330381377,4,0.8
51.0,34.7,43.0,2.4,initial,0.5,-0.9,5,0.0,0.0,0.0,0.0,0,0.0
51.0,34.7,43.0,2.6,initial,0.5,-0.9,5,0.0,0.0,0.0,0.0,0,0.0
51.0,34.7,47.0,2.3,mid,-0.5,-0.9,5,0.0,0.0,0.0,0.0,0,0.0
51.0,34.8,39.0,3.5,development,0.5,-0.9,6,2.7182759821794087,2.106084798893128,0.0,4.140697168357576,4,0.6666666666666666
51.0,34.9,29.0,3.7,late,0.3,-1.0,6,2.2452208616984177,2.4595162936213044,0.0,4.491501946227512,3,0.5
51.0,35.0,40.0,3.0,mid,0.3,-1.0,5,0.0,0.0,0.0,0.0,0,0.0
51.0,35.1,31.0,3.7,mid,0.3,-1.0,9,0.0,0.0,0.0,0.0,0,0.0
51.0,35.1,37.0,2.1,late,-0.3,-1.0,5,4.1969139158568,0.013916722969649239,4.176995565822253,4.215300085119466,5,1.0
51.0,35.1,37.0,3.1,late,0.3,-1.0,5,2.7555503439397873,2.523740710982095,0.0,4.899342534919633,3,0.6
51.0,35.1,40.0,3.3,development,0.5,-0.9,5,3.3879745292826184,1.8990103591345018,0.0,4.406271663936618,4,0.8
51.0,35.2,37.0,3.1,development,0.3,-1.0,5,4.205063593428103,0.008257646935394882,4.194745017486682,4.211942644055718,5,1.0
51.0,35.2,42.0,2.1,mid,-0.5,-0.9,6,0.0,0.0,0.0,0.0,0,0.0
51.0,35.3,33.0,1.4,mid,-0.7,-0.7,7,0.0,0.0,0.0,0.0,0,0.0
51.0,35.3,35.0,3.2,late,0.3,-1.0,5,3.605329370701795,2.0154791679381354,0.0,4.52568173809663,4,0.8
51.0,35.3,43.0,2.8,initial,0.5,-0.9,6,0.0,0.0,0.0,0.0,0,0.0
51.0,35.5,32.0,2.4,development,-0.5,-0.9,5,0.0,0.0,0.0,0.0,0,0.0
51.0,35.5,34.0,3.2,late,0.0,-1.0,5,4.310783696360066,0.0031484986992982855,4.307714919428371,4.314175502442467,5,1.0
51.0,35.8,32.0,3.2,initial,0.3,-1.0,7,2.0868237709816486,2.6027913855561233,0.0,4.90108131805831,3,0.42857142857142855
51.0,36.0,33.0,3.0,development,0.3,-1.0,5,4.78323834633977,0.2024804041469712,4.4260281371142725,4.92307407454793,5,1.0
51.0,36.2,37.0,2.6,late,-0.3,-1.0,5,4.357843747464928,0.0008046573720422044,4.356524410642216,4.358464611852085,5,1.0
51.0,36.8,30.0,2.7,mid,-0.3,-1.0,6,0.0,0.0,0.0,0.0,0,0.0
51.0,36.8,35.0,2.3,mid,-0.5,-0.9,5,0.0,0.0,0.0,0.0,0,0.0
51.0,37.0,36.0,2.7,initial,0.3,-1.0,6,0.808435338485524,1.9802540693237376,0.0,4.850612030913144,1,0.16666666666666666
51.0,37.5,27.0,3.1,mid,-0.3,-1.0,5,0.0,0.0,0.0,0.0,0,0.0
52.0,17.6,87.0,0.0,initial,0.9,0.5,5,0.0,0.0,0.0,0.0,0,0.0
52.0,18.0,100.0,0.0,development,0.9,0.5,5,0.0,0.0,0.0,0.0,0,0.0
52.0,18.1,100.0,0.0,late,0.5,0.9,9,0.0,0.0,0.0,0.0,0,0.0
52.0,18.4,100.0,0.0,late,0.3,1.0,6,0.0,0.0,0.0,0.0,0,0.0
52.0,18.7,100.0,0.0,mid,0.9,0.5,6,0.0,0.0,0.0,0.0,0,0.0
52.0,18.8,100.0,0.0,mid,0.9,0.5,5,0.0,0.0,0.0,0.0,0,0.0
52.0,18.9,95.0,0.0,late,1.0,0.3,5,0.0,0.0,0.0,0.0,0,0.0
52.0,18.9,100.0,0.0,development,0.9,0.5,5,0.0,0.0,0.0,0.0,0,0.0
52.0,18.9,100.0,0.0,mid,0.9,0.5,5,0.0,0.0,0.0,0.0,0,0.0
52.0,19.0,100.0,0.0,development,0.7,0.7,5,0.0,0.0,0.0,0.0,0,0.0
52.0,19.0,100.0,0.0,initial,1.0,0.3,5,0.0,0.0,0.0,0.0,0,0.0
52.0,19.0,100.0,0.0,mid,0.7,0.7,7,0.0,0.0,0.0,0.0,0,0.0
52.0,19.1,97.0,0.0,development,0.7,0.7,6,0.0,0.0,0.0,0.0,0,0.0
52.0,19.1,100.0,0.0,initial,0.7,0.7,8,0.0,0.0,0.0,0.0,0,0.0
52.0,19.2,84.0,0.0,development,-0.9,0.5,5,0.0,0.0,0.0,0.0,0,0.0
52.0,19.2,95.0,0.0,late,1.0,0.3,8,0.0,0.0,0.0,0.0,0,0.0
52.0,19.2,99.0,0.0,mid,0.5,0.9,5,0.0,0.0,0.0,0.0,0,0.0
52.0,19.3,100.0,0.0,late,1.0,0.3,5,0.0,0.0,0.0,0.0,0,0.0
52.0,19.4,97.0,0.0,development,0.9,0.5,6,0.0,0.0,0.0,0.0,0,0.0
52.0,19.4,98.0,0.0,development,0.0,1.0,6,0.0,0.0,0.0,0.0,0,0.0
52.0,19.4,98.0,0.0,development,0.3,1.0,8,0.0,0.0,0.0,0.0,0,0.0
52.0,19.4,98.0,0.0,development,0.9,0.5,8,0.0,0.0,0.0,0.0,0,0.0
52.0,19.4,98.0,0.0,development,1.0,0.3,5,0.0,0.0,0.0,0.0,0,0.0
52.0,19.4,100.0,0.0,initial,0.3,1.0,5,0.0,0.0,0.0,0.0,0,0.0
52.0,19.4,100.0,0.0,initial,0.5,0.9,6,0.0,0.0,0.0,0.0,0,0.0
52.0,19.5,90.0,0.0,development,1.0,0.3,5,0.0,0.0,0.0,0.0,0,0.0
52.0,19.5,93.0,0.0,mid,-0.5,0.9,6,0.0,0.0,0.0,0.0,0,0.0
52.0,19.5,100.0,0.0,initial,0.5,0.9,5,0.0,0.0,0.0,0.0,0,0.0
52.0,19.5,100.0,0.0,mid,0.5,0.9,6,0.0,0.0,0.0,0.0,0,0.0
52.0,19.5,100.0,0.0,mid,0.7,0.7,5,0.0,0.0,0.0,0.0,0,0.0
52.0,19.5,100.0,0.0,mid,0.9,0.5,5,0.0,0.0,0.0,0.0,0,0.0
52.0,19.6,91.0,0.0,development,0.7,0.7,5,0.0,0.0,0.0,0.0,0,0.0
52.0,19.6,92.0,0.0,mid,0.3,1.0,6,0.0,0.0,0.0,0.0,0,0.0
52.0,19.6,94.0,0.0,initial,0.3,1.0,6,0.0,0.0,0.0,0.0,0,0.0
52.0,19.6,97.0,0.0,development,0.7,0.7,5,0.0,0.0,0.0,0.0,0,0.0
52.0,19.6,98.0,0.0,development,0.9,0.5,5,0.0,0.0,0.0,0.0,0,0.0
52.0,19.6,100.0,0.0,development,-0.3,1.0,6,0.0,0.0,0.0,0.0,0,0.0
52.0,19.6,100.0,0.0,development,0.3,1.0,6,0.0,0.0,0.0,0.0,0,0.0
52.0,19.6,100.0,0.0,initial,0.7,0.7,5,0.0,0.0,0.0,0.0,0,0.0
52.0,19.6,100.0,0.0,initial,1.0,0.3,6,0.0,0.0,0.0,0.0,0,0.0
52.0,19.7,92.0,0.0,development,-0.3,1.0,8,0.0,0.0,0.0,0.0,0,0.0
52.0,19.7,97.0,0.0,development,-0.3,1.0,5,0.0,0.0,0.0,0.0,0,0.0
52.0,19.7,97.0,0.0,mid,0.3,1.0,5,0.0,0.0,0.0,0.0,0,0.0
52.0,19.7,100.0,0.0,initial,0.5,0.9,5,0.0,0.0,0.0,0.0,0,0.0
52.0,19.7,100.0,0.0,late,1.0,0.3,6,0.0,0.0,0.0,0.0,0,0.0
52.0,19.8,95.0,0.0,development,0.5,0.9,7,0.0,0.0,0.0,0.0,0,0.0
52.0,19.8,95.0,0.0,late,1.0,0.3,5,0.0,0.0,0.0,0.0,0,0.0
52.0,19.8,97.0,0.0,development,0.7,0.7,6,0.0,0.0,0.0,0.0,0,0.0
52.0,19.8,97.0,0.0,development,1.0,0.3,7,0.0,0.0,0.0,0.0,0,0.0
52.0,19.8,99.0,0.0,initial,0.3,1.0,8,0.0,0.0,0.0,0.0,0,0.0
52.0,19.8,99.0,0.0,initial,0.5,0.9,6,0.0,0.0,0.0,0.0,0,0.0
52.0,19.8,100.0,0.0,development,0.3,1.0,6,0.0,0.0,0.0,0.0,0,0.0
52.0,19.9,88.0,0.0,development,-0.7,0.7,7,0.0,0.0,0.0,0.0,0,0.0
52.0,19.9,95.0,0.0,late,0.9,0.5,5,0.0,0.0,0.0,0.0,0,0.0
52.0,19.9,99.0,0.0,late,0.9,0.5,5,0.0,0.0,0.0,0.0,0,0.0
52.0,20.0,89.0,0.0,mid,-0.7,0.7,5,0.0,0.0,0.0,0.0,0,0.0
52.0,20.0,93.0,0.0,mid,0.0,1.0,6,0.0,0.0,0.0,0.0,0,0.0
52.0,20.0,94.0,0.0,mid,0.7,0.7,5,0.0,0.0,0.0,0.0,0,0.0
52.0,20.0,96.0,0.0,development,0.5,0.9,7,0.0,0.0,0.0,0.0,0,0.0
52.0,20.0,97.0,0.0,initial,-0.3,1.0,5,0.0,0.0,0.0,0.0,0,0.0
52.0,20.0,100.0,0.0,initial,0.5,0.9,6,0.0,0.0,0.0,0.0,0,0.0
52.0,20.1,88.0,0.0,mid,0.9,0.5,6,0.0,0.0,0.0,0.0,0,0.0
52.0,20.1,88.0,0.0,mid,1.0,0.3,6,0.0,0.0,0.0,0.0,0,0.0
52.0,20.1,93.0,0.0,development,0.0,1.0,7,0.0,0.0,0.0,0.0,0,0.0
52.0,20.1,97.0,0.0,development,1.0,0.3,5,0.0,0.0,0.0,0.0,0,0.0
52.0,20.1,100.0,0.0,late,0.7,0.7,6,0.0,0.0,0.0,0.0,0,0.0
52.0,20.2,86.0,0.0,initial,0.7,0.7,6,0.0,0.0,0.0,0.0,0,0.0
52.0,20.2,88.0,0.0,mid,0.7,0.7,6,0.0,0.0,0.0,0.0,0,0.0
52.0,20.2,93.0,0.0,development,0.7,0.7,5,0.0,0.0,0.0,0.0,0,0.0
52.0,20.2,96.0,0.0,development,0.5,0.9,5,0.0,0.0,0.0,0.0,0,0.0
52.0,20.2,97.0,0.0,development,0.9,0.5,5,0.0,0.0,0.0,0.0,0,0.0
52.0,20.2,98.0,0.0,late,1.0,0.3,5,0.0,0.0,0.0,0.0,0,0.0
52.0,20.2,98.0,0.0,mid,0.5,0.9,6,0.0,0.0,0.0,0.0,0,0.0
52.0,20.3,93.0,0.0,late,-0.3,1.0,5,0.0,0.0,0.0,0.0,0,0.0
52.0,20.3,95.0,0.0,development,0.3,1.0,7,0.0,0.0,0.0,0.0,0,0.0
52.0,20.3,95.0,0.0,initial,-0.5,0.9,6,0.0,0.0,0.0,0.0,0,0.0
52.0,20.3,96.0,0.0,initial,1.0,0.3,8,0.0,0.0,0.0,0.0,0,0.0
52.0,20.3,96.0,0.0,late,0.0,1.0,5,0.0,0.0,0.0,0.0,0,0.0
52.0,20.3,97.0,0.0,late,0.9,0.5,5,0.0,0.0,0.0,0.0,0,0.0
52.0,20.3,98.0,0.0,mid,0.3,1.0,6,0.0,0.0,0.0,0.0,0,0.0
52.0,20.3,100.0,0.0,development,1.0,0.3,6,0.0,0.0,0.0,0.0,0,0.0
52.0,20.4,87.0,0.0,mid,0.5,0.9,6,0.0,0.0,0.0,0.0,0,0.0
52.0,20.4,92.0,0.0,development,-0.3,1.0,6,0.0,0.0,0.0,0.0,0,0.0
52.0,20.4,93.0,0.0,development,0.3,1.0,5,0.0,0.0,0.0,0.0,0,0.0
52.0,20.4,93.0,0.0,development,0.5,0.9,5,0.0,0.0,0.0,0.0,0,0.0
52.0,20.4,94.0,0.0,initial,0.7,0.7,5,0.0,0.0,0.0,0.0,0,0.0
52.0,20.4,95.0,0.0,development,-0.3,1.0,5,0.0,0.0,0.0,0.0,0,0.0
52.0,20.4,95.0,0.0,initial,0.5,0.9,5,0.0,0.0,0.0,0.0,0,0.0
52.0,20.4,96.0,0.0,initial,-0.5,0.9,9,0.0,0.0,0.0,0.0,0,0.0
52.0,20.4,97.0,0.0,development,0.9,0.5,7,0.0,0.0,0.0,0.0,0,0.0
52.0,20.4,97.0,0.0,initial,-0.3,1.0,5,0.0,0.0,0.0,0.0,0,0.0
52.0,20.4,97.0,0.0,late,-0.5,0.9,6,0.0,0.0,0.0,0.0,0,0.0
52.0,20.4,99.0,0.0,late,0.7,0.7,5,0.0,0.0,0.0,0.0,0,0.0
52.0,20.4,100.0,0.0,mid,0.9,0.5,5,0.0,0.0,0.0,0.0,0,0.0
52.0,20.5,91.0,0.0,late,-0.7,0.7,5,0.0,0.0,0.0,0.0,0,0.0
52.0,20.5,92.0,0.0,late,-0.7,0.7,6,0.0,0.0,0.0,0.0,0,0.0
52.0,20.5,95.0,0.0,development,0.0,1.0,5,0.0,0.0,0.0,0.0,0,0.0
52.0,20.5,95.0,0.0,initial,0.3,1.0,5,0.0,0.0,0.0,0.0,0,0.0
52.0,20.5,100.0,0.0,development,0.9,0.5,9,0.0,0.0,0.0,0.0,0,0.0
52.0,20.6,87.0,0.0,mid,0.3,1.0,5,0.0,0.0,0.0,0.0,0,0.0
52.0,20.6,93.0,0.0,initial,-0.7,0.7,5,0.0,0.0,0.0,0.0,0,0.0
52.0,20.6,94.0,0.0,development,0.0,1.0,5,0.0,0.0,0.0,0.0,0,0.0
52.0,20.6,96.0,0.0,late,-0.3,1.0,6,0.0,0.0,0.0,0.0,0,0.0
52.0,20.6,100.0,0.0,initial,0.9,0.5,7,0.0,0.0,0.0,0.0,0,0.0
52.0,20.6,100.0,0.0,mid,0.5,0.9,7,0.0,0.0,0.0,0.0,0,0.0
52.0,20.6,100.0,0.0,mid,0.7,0.7,8,0.0,0.0,0.0,0.0,0,0.0
52.0,20.6,100.0,0.0,mid,0.9,0.5,5,0.0,0.0,0.0,0.0,0,0.0
52.0,20.7,90.0,0.0,development,-0.3,1.0,5,0.0,0.0,0.0,0.0,0,0.0
52.0,20.7,92.0,0.0,late,0.7,0.7,5,0.0,0.0,0.0,0.0,0,0.0
52.0,20.7,93.0,0.0,initial,-0.7,0.7,7,0.0,0.0,0.0,0.0,0,0.0
52.0,20.7,94.0,0.2,late,1.0,0.0,5,0.0,0.0,0.0,0.0,0,0.0
52.0,20.7,100.0,0.0,development,0.7,0.7,6,0.0,0.0,0.0,0.0,0,0.0
52.0,20.8,85.0,0.0,development,-1.0,0.0,6,0.0,0.0,0.0,0.0,0,0.0
52.0,20.8,86.0,0.0,mid,0.0,1.0,5,0.0,0.0,0.0,0.0,0,0.0
52.0,20.8,88.0,0.2,late,1.0,0.0,5,0.0,0.0,0.0,0.0,0,0.0
52.0,20.8,91.0,0.0,late,0.0,1.0,6,0.0,0.0,0.0,0.0,0,0.0
52.0,20.8,91.0,0.1,initial,1.0,0.3,5,0.0,0.0,0.0,0.0,0,0.0
52.0,20.8,93.0,0.0,initial,0.0,1.0,5,0.0,0.0,0.0,0.0,0,0.0
52.0,20.8,93.0,0.0,mid,0.3,1.0,5,0.0,0.0,0.0,0.0,0,0.0
52.0,20.8,96.0,0.0,development,0.5,0.9,5,0.0,0.0,0.0,0.0,0,0.0
52.0,20.8,96.0,0.0,initial,0.3,1.0,5,0.0,0.0,0.0,0.0,0,0.0
52.0,20.8,97.0,0.0,mid,1.0,0.3,7,0.0,0.0,0.0,0.0,0,0.0
52.0,20.8,99.0,0.0,development,0.5,0.9,6,0.0,0.0,0.0,0.0,0,0.0
52.0,20.8,100.0,0.0,initial,0.7,0.7,6,0.0,0.0,0.0,0.0,0,0.0
52.0,20.9,86.0,0.0,mid,-0.3,1.0,6,0.0,0.0,0.0,0.0,0,0.0
52.0,20.9,89.0,0.0,development,-0.7,0.7,6,0.0,0.0,0.0,0.0,0,0.0
52.0,20.9,95.0,0.0,late,0.5,0.9,6,0.0,0.0,0.0,0.0,0,0.0
52.0,20.9,96.0,0.0,mid,0.9,0.5,5,0.0,0.0,0.0,0.0,0,0.0
52.0,20.9,97.0,0.0,mid,0.7,0.7,9,0.0,0.0,0.0,0.0,0,0.0
52.0,20.9,97.0,0.0,mid,0.9,0.5,5,0.0,0.0,0.0,0.0,0,0.0
52.0,21.0,81.0,0.0,development,-1.0,0.3,6,0.0,0.0,0.0,0.0,0,0.0
52.0,21.0,86.0,0.0,mid,-0.5,0.9,6,0.0,0.0,0.0,0.0,0,0.0
52.0,21.0,88.0,0.0,initial,-0.9,0.5,6,0.0,0.0,0.0,0.0,0,0.0
52.0,21.0,92.0,0.0,late,-0.7,0.7,6,0.0,0.0,0.0,0.0,0,0.0
52.0,21.0,93.0,0.0,mid,0.5,0.9,5,0.0,0.0,0.0,0.0,0,0.0
52.0,21.0,93.0,0.2,initial,1.0,0.0,6,0.0,0.0,0.0,0.0,0,0.0
52.0,21.0,95.0,0.0,development,0.0,1.0,6,0.0,0.0,0.0,0.0,0,0.0
52.0,21.0,95.0,0.0,development,0.5,0.9,5,0.0,0.0,0.0,0.0,0,0.0
52.0,21.0,95.0,0.0,mid,0.7,0.7,7,0.0,0.0,0.0,0.0,0,0.0
52.0,21.0,98.0,0.0,mid,0.7,0.7,5,0.0,0.0,0.0,0.0,0,0.0
52.0,21.0,100.0,0.0,mid,1.0,0.3,5,0.0,0.0,0.0,0.0,0,0.0
52.0,21.1,87.0,0.0,development,-0.9,0.5,5,0.0,0.0,0.0,0.0,0,0.0
52.0,21.1,89.0,0.0,development,-0.9,0.5,5,0.0,0.0,0.0,0.0,0,0.0
52.0,21.1,92.0,0.0,late,0.0,1.0,5,0.0,0.0,0.0,0.0,0,0.0
52.0,21.1,95.0,0.0,initial,0.7,0.7,5,0.0,0.0,0.0,0.0,0,0.0
52.0,21.1,98.0,0.0,late,0.9,0.5,6,0.0,0.0,0.0,0.0,0,0.0
52.0,21.1,100.0,0.0,initial,0.5,0.9,7,0.0,0.0,0.0,0.0,0,0.0
52.0,21.1,100.0,0.0,mid,0.9,0.5,5,0.0,0.0,0.0,0.0,0,0.0
52.0,21.2,81.0,0.0,mid,-1.0,0.3,5,0.0,0.0,0.0,0.0,0,0.0
52.0,21.2,87.0,0.0,initial,-0.5,0.9,5,0.0,0.0,0.0,0.0,0,0.0
52.0,21.2,89.0,0.0,development,-0.7,0.7,5,0.0,0.0,0.0,0.0,0,0.0
52.0,21.2,90.0,0.0,initial,-0.5,0.9,6,0.0,0.0,0.0,0.0,0,0.0
52.0,21.2,95.0,0.1,development,1.0,0.3,8,0.0,0.0,0.0,0.0,0,0.0
52.0,21.2,98.0,0.0,initial,-0.3,1.0,5,0.0,0.0,0.0,0.0,0,0.0
52.0,21.2,98.0,0.0,mid,0.7,0.7,5,0.0,0.0,0.0,0.0,0,0.0
52.0,21.2,99.0,0.0,initial,0.9,0.5,6,0.0,0.0,0.0,0.0,0,0.0
52.0,21.2,99.0,0.0,mid,0.5,0.9,5,0.0,0.0,0.0,0.0,0,0.0
52.0,21.2,100.0,0.0,mid,0.7,0.7,6,0.0,0.0,0.0,0.0,0,0.0
52.0,21.3,87.0,0.0,development,-0.9,0.5,6,0.0,0.0,0.0,0.0,0,0.0
52.0,21.3,87.0,0.0,late,0.0,1.0,5,0.0,0.0,0.0,0.0,0,0.0
52.0,21.3,93.0,0.0,development,0.3,1.0,5,0.0,0.0,0.0,0.0,0,0.0
52.0,21.3,93.0,0.0,initial,-0.3,1.0,6,0.0,0.0,0.0,0.0,0,0.0
52.0,21.3,95.0,0.0,late,-0.7,0.7,5,0.0,0.0,0.0,0.0,0,0.0
52.0,21.3,96.0,0.0,mid,-0.3,1.0,5,0.0,0.0,0.0,0.0,0,0.0
52.0,21.3,97.0,0.0,late,0.7,0.7,5,0.0,0.0,0.0,0.0,0,0.0
52.0,21.3,100.0,0.0,mid,0.7,0.7,6,0.0,0.0,0.0,0.0,0,0.0
52.0,21.4,88.0,0.0,late,-0.5,0.9,6,0.0,0.0,0.0,0.0,0,0.0
52.0,21.4,98.0,0.0,mid,0.5,0.9,5,0.0,0.0,0.0,0.0,0,0.0
52.0,21.5,88.0,0.0,late,-0.7,0.7,5,0.0,0.0,0.0,0.0,0,0.0
52.0,21.5,89.0,0.0,mid,0.7,0.7,6,0.0,0.0,0.0,0.0,0,0.0
52.0,21.5,89.0,0.1,mid,1.0,0.3,5,0.0,0.0,0.0,0.0,0,0.0
52.0,21.5,91.0,0.0,mid,-0.3,1.0,7,0.0,0.0,0.0,0.0,0,0.0
52.0,21.5,92.0,0.0,development,0.0,1.0,5,0.0,0.0,0.0,0.0,0,0.0
52.0,21.5,92.0,0.0,mid,0.5,0.9,6,0.0,0.0,0.0,0.0,0,0.0
52.0,21.5,94.0,0.0,mid,0.9,0.5,6,0.0,0.0,0.0,0.0,0,0.0
52.0,21.5,97.0,0.0,mid,-0.5,0.9,6,0.0,0.0,0.0,0.0,0,0.0
52.0,21.5,98.0,0.0,initial,0.5,0.9,6,0.0,0.0,0.0,0.0,0,0.0
52.0,21.6,78.0,0.0,development,-1.0,0.0,5,0.0,0.0,0.0,0.0,0,0.0
52.0,21.6,78.0,0.0,initial,-0.5,0.9,5,0.0,0.0,0.0,0.0,0,0.0
52.0,21.6,79.0,0.4,mid,1.0,0.0,5,0.0,0.0,0.0,0.0,0,0.0
52.0,21.6,82.0,0.0,mid,-0.7,0.7,5,0.0,0.0,0.0,0.0,0,0.0
52.0,21.6,87.0,0.0,mid,-0.7,0.7,5,0.0,0.0,0.0,0.0,0,0.0
52.0,21.6,88.0,0.0,mid,0.0,1.0,5,0.0,0.0,0.0,0.0,0,0.0
52.0,21.6,89.0,0.0,mid,-0.9,0.5,5,0.0,0.0,0.0,0.0,0,0.0
52.0,21.6,89.0,0.0,mid,-0.3,1.0,6,0.0,0.0,0.0,0.0,0,0.0
52.0,21.6,93.0,0.0,development,0.5,0.9,6,0.0,0.0,0.0,0.0,0,0.0
52.0,21.6,95.0,0.0,late,0.5,0.9,5,0.0,0.0,0.0,0.0,0,0.0
52.0,21.6,97.0,0.0,late,-0.3,1.0,6,0.0,0.0,0.0,0.0,0,0.0
52.0,21.6,97.0,0.0,mid,1.0,0.3,6,0.0,0.0,0.0,0.0,0,0.0
52.0,21.6,99.0,0.0,development,0.9,0.5,8,0.0,0.0,0.0,0.0,0,0.0
52.0,21.6,100.0,0.0,initial,0.7,0.7,5,0.0,0.0,0.0,0.0,0,0.0
52.0,21.7,85.0,0.0,mid,0.0,1.0,5,0.0,0.0,0.0,0.0,0,0.0
52.0,21.7,90.0,0.0,mid,0.0,1.0,5,0.0,0.0,0.0,0.0,0,0.0
52.0,21.7,91.0,0.0,development,0.3,1.0,5,0.0,0.0,0.0,0.0,0,0.0
52.0,21.7,92.0,0.0,late,0.7,0.7,6,0.0,0.0,0.0,0.0,0,0.0
52.0,21.7,93.0,0.3,late,1.0,0.0,6,0.0,0.0,0.0,0.0,0,0.0
52.0,21.7,95.0,0.0,mid,0.7,0.7,5,0.0,0.0,0.0,0.0,0,0.0
52.0,21.7,96.0,0.0,development,0.9,0.5,5,0.0,0.0,0.0,0.0,0,0.0
52.0,21.7,97.0,0.0,mid,0.9,0.5,5,0.0,0.0,0.0,0.0,0,0.0
52.0,21.7,100.0,0.0,mid,0.5,0.9,6,0.0,0.0,0.0,0.0,0,0.0
52.0,21.8,87.0,0.0,initial,-0.5,0.9,7,0.0,0.0,0.0,0.0,0,0.0
52.0,21.8,88.0,0.0,development,-0.9,0.5,5,0.0,0.0,0.0,0.0,0,0.0
52.0,21.8,88.0,0.3,initial,1.0,0.0,6,0.0,0.0,0.0,0.0,0,0.0
52.0,21.8,92.0,0.0,development,0.9,0.5,6,0.0,0.0,0.0,0.0,0,0.0
52.0,21.8,95.0,0.0,mid,0.7,0.7,5,0.0,0.0,0.0,0.0,0,0.0
52.0,21.8,96.0,0.0,development,0.5,0.9,6,0.0,0.0,0.0,0.0,0,0.0
52.0,21.8,97.0,0.0,initial,0.0,1.0,5,0.0,0.0,0.0,0.0,0,0.0
52.0,21.9,76.0,0.0,development,-1.0,-0.3,6,0.0,0.0,0.0,0.0,0,0.0
52.0,21.9,82.0,0.7,development,1.0,-0.3,5,0.0,0.0,0.0,0.0,0,0.0
52.0,21.9,83.0,0.0,late,-0.7,0.7,5,0.0,0.0,0.0,0.0,0,0.0
52.0,21.9,83.0,0.0,mid,0.7,0.7,5,0.0,0.0,0.0,0.0,0,0.0
52.0,21.9,83.0,0.2,mid,1.0,0.3,5,0.0,0.0,0.0,0.0,0,0.0
52.0,21.9,84.0,0.0,mid,0.3,1.0,6,0.0,0.0,0.0,0.0,0,0.0
52.0,21.9,91.0,0.0,development,-0.5,0.9,6,0.0,0.0,0.0,0.0,0,0.0
52.0,21.9,92.0,0.0,initial,1.0,0.3,5,0.0,0.0,0.0,0.0,0,0.0
52.0,21.9,94.0,0.0,mid,0.5,0.9,5,0.0,0.0,0.0,0.0,0,0.0
52.0,21.9,95.0,0.0,mid,0.0,1.0,6,0.0,0.0,0.0,0.0,0,0.0
52.0,21.9,96.0,0.0,mid,0.9,0.5,5,0.0,0.0,0.0,0.0,0,0.0
52.0,21.9,97.0,0.0,initial,0.9,0.5,5,0.0,0.0,0.0,0.0,0,0.0
52.0,21.9,97.0,0.0,mid,0.5,0.9,5,0.0,0.0,0.0,0.0,0,0.0
52.0,21.9,100.0,0.0,mid,1.0,0.3,5,0.0,0.0,0.0,0.0,0,0.0
52.0,22.0,83.0,0.2,mid,1.0,0.3,5,0.0,0.0,0.0,0.0,0,0.0
52.0,22.0,85.0,0.0,late,-1.0,0.3,5,0.0,0.0,0.0,0.0,0,0.0
52.0,22.0,86.0,0.0,initial,-1.0,0.3,5,0.0,0.0,0.0,0.0,0,0.0
52.0,22.0,88.0,0.0,development,0.3,1.0,5,0.0,0.0,0.0,0.0,0,0.0
52.0,22.0,90.0,0.0,initial,-0.9,0.5,7,0.0,0.0,0.0,0.0,0,0.0
52.0,22.0,91.0,0.0,development,0.7,0.7,5,0.0,0.0,0.0,0.0,0,0.0
52.0,22.0,92.0,0.0,mid,-0.5,0.9,5,0.0,0.0,0.0,0.0,0,0.0
52.0,22.0,93.0,0.0,late,0.3,1.0,5,0.0,0.0,0.0,0.0,0,0.0
52.0,22.0,93.0,0.1,mid,1.0,0.3,6,0.0,0.0,0.0,0.0,0,0.0
52.0,22.0,94.0,0.0,development,-0.7,0.7,5,0.0,0.0,0.0,0.0,0,0.0
52.0,22.0,94.0,0.4,initial,1.0,0.0,5,0.0,0.0,0.0,0.0,0,0.0
52.0,22.0,95.0,0.0,development,0.9,0.5,5,0.0,0.0,0.0,0.0,0,0.0
52.0,22.0,95.0,0.1,mid,1.0,0.3,6,0.0,0.0,0.0,0.0,0,0.0
52.0,22.0,96.0,0.0,development,0.3,1.0,5,0.0,0.0,0.0,0.0,0,0.0
52.0,22.0,98.0,0.0,late,0.9,0.5,5,0.0,0.0,0.0,0.0,0,0.0
52.0,22.0,98.0,0.0,mid,0.7,0.7,10,0.0,0.0,0.0,0.0,0,0.0
52.0,22.1,76.0,0.0,mid,-1.0,0.0,5,0.0,0.0,0.0,0.0,0,0.0
52.0,22.1,82.0,0.0,development,-1.0,0.3,6,0.0,0.0,0.0,0.0,0,0.0
52.0,22.1,88.0,0.0,mid,0.0,1.0,5,0.0,0.0,0.0,0.0,0,0.0
52.0,22.1,89.0,0.0,development,-0.7,0.7,6,0.0,0.0,0.0,0.0,0,0.0
52.0,22.1,89.0,0.0,mid,0.5,0.9,6,0.0,0.0,0.0,0.0,0,0.0
52.0,22.1,92.0,0.2,late,1.0,0.3,5,0.0,0.0,0.0,0.0,0,0.0
52.0,22.1,93.0,0.0,development,0.5,0.9,5,0.0,0.0,0.0,0.0,0,0.0
52.0,22.1,93.0,0.0,initial,0.0,1.0,5,0.0,0.0,0.0,0.0,0,0.0
52.0,22.1,93.0,0.0,mid,0.7,0.7,5,0.0,0.0,0.0,0.0,0,0.0
52.0,22.1,94.0,0.0,initial,0.0,1.0,6,0.0,0.0,0.0,0.0,0,0.0
52.0,22.1,97.0,0.0,late,0.7,0.7,5,0.0,0.0,0.0,0.0,0,0.0
52.0,22.1,98.0,0.0,mid,-0.3,1.0,5,0.0,0.0,0.0,0.0,0,0.0
52.0,22.1,99.0,0.0,mid,0.3,1.0,5,0.0,0.0,0.0,0.0,0,0.0
52.0,22.2,87.0,0.0,mid,0.9,0.5,5,0.0,0.0,0.0,0.0,0,0.0
52.0,22.2,88.0,0.0,development,0.0,1.0,7,0.0,0.0,0.0,0.0,0,0.0
52.0,22.2,89.0,0.0,initial,-1.0,0.3,5,0.0,0.0,0.0,0.0,0,0.0
52.0,22.2,91.0,0.6,development,1.0,-0.3,6,0.0,0.0,0.0,0.0,0,0.0
52.0,22.2,94.0,0.0,development,1.0,0.3,5,0.0,0.0,0.0,0.0,0,0.0
52.0,22.2,94.0,0.0,mid,0.0,1.0,5,0.0,0.0,0.0,0.0,0,0.0
52.0,22.2,95.0,0.0,mid,0.7,0.7,10,0.0,0.0,0.0,0.0,0,0.0
52.0,22.2,95.0,0.1,late,1.0,0.0,5,0.0,0.0,0.0,0.0,0,0.0
52.0,22.2,96.0,0.0,late,0.5,0.9,5,0.0,0.0,0.0,0.0,0,0.0
52.0,22.2,96.0,0.0,mid,0.7,0.7,11,0.0,0.0,0.0,0.0,0,0.0
52.0,22.2,96.0,0.0,mid,0.9,0.5,12,0.0,0.0,0.0,0.0,0,0.0
52.0,22.2,96.0,0.1,mid,1.0,0.3,8,0.0,0.0,0.0,0.0,0,0.0
52.0,22.2,98.0,0.0,development,0.7,0.7,9,0.0,0.0,0.0,0.0,0,0.0
52.0,22.2,98.0,0.0,mid,0.3,1.0,5,0.0,0.0,0.0,0.0,0,0.0
52.0,22.3,79.0,0.0,development,-1.0,0.0,5,0.0,0.0,0.0,0.0,0,0.0
52.0,22.3,88.0,0.0,development,-0.7,0.7,6,0.0,0.0,0.0,0.0,0,0.0
52.0,22.3,89.0,0.1,development,1.0,0.3,6,0.0,0.0,0.0,0.0,0,0.0
52.0,22.3,90.0,0.0,development,0.3,1.0,5,0.0,0.0,0.0,0.0,0,0.0
52.0,22.3,91.0,0.0,late,0.3,1.0,5,0.0,0.0,0.0,0.0,0,0.0
52.0,22.3,91.0,0.0,mid,0.5,0.9,5,0.0,0.0,0.0,0.0,0,0.0
52.0,22.3,92.0,0.0,mid,0.0,1.0,6,0.0,0.0,0.0,0.0,0,0.0
52.0,22.3,93.0,0.0,development,0.3,1.0,5,0.0,0.0,0.0,0.0,0,0.0
52.0,22.3,93.0,0.1,initial,1.0,0.3,6,0.0,0.0,0.0,0.0,0,0.0
52.0,22.3,93.0,0.2,mid,1.0,0.3,5,0.0,0.0,0.0,0.0,0,0.0
52.0,22.3,94.0,0.0,mid,0.0,1.0,5,0.0,0.0,0.0,0.0,0,0.0
52.0,22.3,94.0,0.0,mid,0.3,1.0,6,0.0,0.0,0.0,0.0,0,0.0
52.0,22.3,95.0,0.0,late,0.5,0.9,5,0.0,0.0,0.0,0.0,0,0.0
52.0,22.3,96.0,0.0,mid,0.5,0.9,7,0.0,0.0,0.0,0.0,0,0.0
52.0,22.4,80.0,0.0,mid,0.3,1.0,6,0.0,0.0,0.0,0.0,0,0.0
52.0,22.4,85.0,0.0,mid,-0.7,0.7,5,0.0,0.0,0.0,0.0,0,0.0
52.0,22.4,85.0,0.7,initial,1.0,-0.3,5,0.0,0.0,0.0,0.0,0,0.0
52.0,22.4,86.0,0.0,mid,-0.5,0.9,6,0.0,0.0,0.0,0.0,0,0.0
52.0,22.4,88.0,0.0,initial,-1.0,0.3,5,0.0,0.0,0.0,0.0,0,0.0
52.0,22.4,88.0,0.0,mid,0.0,1.0,5,0.0,0.0,0.0,0.0,0,0.0
52.0,22.4,90.0,0.0,mid,0.0,1.0,7,0.0,0.0,0.0,0.0,0,0.0
52.0,22.4,91.0,0.0,development,-0.9,0.5,9,0.0,0.0,0.0,0.0,0,0.0
52.0,22.4,93.0,0.0,mid,-0.3,1.0,7,0.0,0.0,0.0,0.0,0,0.0
52.0,22.4,93.0,0.0,mid,0.3,1.0,8,0.0,0.0,0.0,0.0,0,0.0
52.0,22.4,93.0,0.0,mid,0.7,0.7,8,0.0,0.0,0.0,0.0,0,0.0
52.0,22.4,96.0,0.0,mid,0.3,1.0,8,0.0,0.0,0.0,0.0,0,0.0
52.0,22.4,100.0,0.0,mid,0.7,0.7,8,0.0,0.0,0.0,0.0,0,0.0
52.0,22.5,80.0,0.0,mid,-1.0,0.0,6,0.0,0.0,0.0,0.0,0,0.0
52.0,22.5,88.0,0.0,development,0.5,0.9,5,0.0,0.0,0.0,0.0,0,0.0
52.0,22.5,88.0,0.0,initial,0.0,1.0,6,0.0,0.0,0.0,0.0,0,0.0
52.0,22.5,88.0,0.0,late,0.3,1.0,6,0.0,0.0,0.0,0.0,0,0.0
52.0,22.5,90.0,0.0,development,0.0,1.0,5,0.0,0.0,0.0,0.0,0,0.0
52.0,22.5,91.0,0.0,development,-1.0,0.0,5,0.0,0.0,0.0,0.0,0,0.0
52.0,22.5,93.0,0.0,late,0.0,1.0,6,0.0,0.0,0.0,0.0,0,0.0
52.0,22.5,93.0,0.0,mid,0.5,0.9,5,0.0,0.0,0.0,0.0,0,0.0
52.0,22.5,94.0,0.1,mid,1.0,0.3,5,0.0,0.0,0.0,0.0,0,0.0
52.0,22.6,75.0,0.0,mid,-1.0,0.0,5,0.0,0.0,0.0,0.0,0,0.0
52.0,22.6,79.0,0.0,initial,-1.0,0.0,6,0.0,0.0,0.0,0.0,0,0.0
52.0,22.6,85.0,1.0,development,1.0,0.0,6,0.0,0.0,0.0,0.0,0,0.0
52.0,22.6,87.0,0.0,development,0.7,0.7,9,0.0,0.0,0.0,0.0,0,0.0
52.0,22.6,94.0,0.1,mid,1.0,0.3,8,0.0,0.0,0.0,0.0,0,0.0
52.0,22.6,95.0,0.0,development,0.9,0.5,6,0.0,0.0,0.0,0.0,0,0.0
52.0,22.6,95.0,0.0,late,-0.3,1.0,5,0.0,0.0,0.0,0.0,0,0.0
52.0,22.6,95.0,0.0,mid,1.0,0.3,5,0.0,0.0,0.0,0.0,0,0.0
52.0,22.7,72.0,0.0,development,-1.0,-0.3,6,0.0,0.0,0.0,0.0,0,0.0
52.0,22.7,73.0,0.0,mid,-0.9,0.5,6,0.0,0.0,0.0,0.0,0,0.0
52.0,22.7,80.0,0.0,mid,-0.3,1.0,9,0.0,0.0,0.0,0.0,0,0.0
52.0,22.7,87.0,0.0,initial,-0.3,1.0,5,0.0,0.0,0.0,0.0,0,0.0
52.0,22.7,88.0,0.1,mid,1.0,0.3,5,0.0,0.0,0.0,0.0,0,0.0
52.0,22.7,90.0,0.0,mid,0.0,1.0,8,0.0,0.0,0.0,0.0,0,0.0
52.0,22.7,93.0,0.0,late,-0.5,0.9,5,0.0,0.0,0.0,0.0,0,0.0
52.0,22.7,93.0,0.0,late,0.7,0.7,8,0.0,0.0,0.0,0.0,0,0.0
52.0,22.7,93.0,0.0,mid,0.0,1.0,6,0.0,0.0,0.0,0.0,0,0.0
52.0,22.7,94.0,0.0,development,0.7,0.7,7,0.0,0.0,0.0,0.0,0,0.0
52.0,22.7,96.0,0.0,mid,0.9,0.5,10,0.0,0.0,0.0,0.0,0,0.0
52.0,22.7,97.0,0.0,mid,0.9,0.5,5,0.0,0.0,0.0,0.0,0,0.0
52.0,22.7,97.0,0.0,mid,1.0,0.3,6,0.0,0.0,0.0,0.0,0,0.0
52.0,22.8,84.0,0.0,development,-0.9,0.5,6,0.0,0.0,0.0,0.0,0,0.0
52.0,22.8,85.0,0.0,development,0.5,0.9,5,0.0,0.0,0.0,0.0,0,0.0
52.0,22.8,85.0,0.0,development,0.9,0.5,5,0.0,0.0,0.0,0.0,0,0.0
52.0,22.8,89.0,0.0,initial,-0.3,1.0,6,0.0,0.0,0.0,0.0,0,0.0
52.0,22.8,91.0,0.0,development,0.0,1.0,5,0.0,0.0,0.0,0.0,0,0.0
52.0,22.8,91.0,0.0,mid,0.0,1.0,6,0.0,0.0,0.0,0.0,0,0.0
52.0,22.8,92.0,0.0,development,0.9,0.5,6,0.0,0.0,0.0,0.0,0,0.0
52.0,22.8,93.0,0.0,development,1.0,0.3,8,0.0,0.0,0.0,0.0,0,0.0
52.0,22.8,93.0,0.0,initial,0.7,0.7,5,0.0,0.0,0.0,0.0,0,0.0
52.0,22.8,94.0,0.0,development,0.9,0.5,8,0.0,0.0,0.0,0.0,0,0.0
52.0,22.8,94.0,0.0,development,1.0,0.3,5,0.0,0.0,0.0,0.0,0,0.0
52.0,22.8,95.0,0.0,late,0.9,0.5,5,0.0,0.0,0.0,0.0,0,0.0
52.0,22.8,95.0,0.0,mid,-0.3,1.0,7,0.0,0.0,0.0,0.0,0,0.0
52.0,22.8,95.0,0.0,mid,0.5,0.9,7,0.0,0.0,0.0,0.0,0,0.0
52.0,22.8,95.0,0.0,mid,1.0,0.3,7,0.0,0.0,0.0,0.0,0,0.0
52.0,22.8,98.0,0.0,development,0.0,1.0,5,0.0,0.0,0.0,0.0,0,0.0
52.0,22.9,81.0,0.0,development,0.0,1.0,5,0.0,0.0,0.0,0.0,0,0.0
52.0,22.9,86.0,0.0,development,0.3,1.0,8,0.0,0.0,0.0,0.0,0,0.0
52.0,22.9,88.0,0.0,mid,-0.3,1.0,5,0.0,0.0,0.0,0.0,0,0.0
52.0,22.9,90.0,0.0,development,0.9,0.5,9,0.0,0.0,0.0,0.0,0,0.0
52.0,22.9,90.0,0.0,mid,-0.5,0.9,6,0.0,0.0,0.0,0.0,0,0.0
52.0,22.9,91.0,0.0,mid,-0.5,0.9,5,0.0,0.0,0.0,0.0,0,0.0
52.0,22.9,92.0,0.0,late,0.9,0.5,5,0.0,0.0,0.0,0.0,0,0.0
52.0,22.9,93.0,0.0,development,0.9,0.5,5,0.0,0.0,0.0,0.0,0,0.0
52.0,22.9,93.0,0.0,initial,-0.3,1.0,5,0.0,0.0,0.0,0.0,0,0.0
52.0,22.9,93.0,0.1,initial,1.0,0.3,5,0.0,0.0,0.0,0.0,0,0.0
52.0,22.9,93.0,0.2,late,1.0,0.3,5,0.0,0.0,0.0,0.0,0,0.0
52.0,22.9,95.0,0.0,initial,0.5,0.9,6,0.0,0.0,0.0,0.0,0,0.0
52.0,22.9,97.0,0.0,development,0.5,0.9,5,0.0,0.0,0.0,0.0,0,0.0
52.0,22.9,97.0,0.0,late,1.0,0.3,7,0.0,0.0,0.0,0.0,0,0.0
52.0,23.0,75.0,0.0,development,-1.0,-0.3,5,0.0,0.0,0.0,0.0,0,0.0
52.0,23.0,76.0,0.0,late,-1.0,0.0,5,0.0,0.0,0.0,0.0,0,0.0
52.0,23.0,80.0,0.0,mid,-0.7,0.7,5,0.0,0.0,0.0,0.0,0,0.0
52.0,23.0,81.0,1.7,development,0.9,-0.5,5,0.0,0.0,0.0,0.0,0,0.0
52.0,23.0,84.0,0.0,development,-1.0,0.3,5,0.0,0.0,0.0,0.0,0,0.0
52.0,23.0,85.0,0.0,mid,-0.3,1.0,6,0.0,0.0,0.0,0.0,0,0.0
52.0,23.0,90.0,0.0,development,0.0,1.0,6,0.0,0.0,0.0,0.0,0,0.0
52.0,23.0,90.0,0.0,mid,-0.3,1.0,5,0.0,0.0,0.0,0.0,0,0.0
52.0,23.0,91.0,0.0,development,0.3,1.0,5,0.0,0.0,0.0,0.0,0,0.0
52.0,23.0,91.0,0.0,development,0.9,0.5,5,0.0,0.0,0.0,0.0,0,0.0
52.0,23.0,91.0,0.0,late,0.5,0.9,9,0.0,0.0,0.0,0.0,0,0.0
52.0,23.0,93.0,0.0,development,0.5,0.9,7,0.0,0.0,0.0,0.0,0,0.0
52.0,23.0,94.0,0.0,development,-0.3,1.0,5,0.0,0.0,0.0,0.0,0,0.0
52.0,23.0,94.0,0.0,late,0.5,0.9,5,0.0,0.0,0.0,0.0,0,0.0
52.0,23.0,94.0,0.0,mid,0.5,0.9,5,0.0,0.0,0.0,0.0,0,0.0
52.0,23.0,95.0,0.0,mid,0.5,0.9,6,0.0,0.0,0.0,0.0,0,0.0
52.0,23.0,95.0,0.0,mid,0.7,0.7,6,0.0,0.0,0.0,0.0,0,0.0
52.0,23.0,95.0,0.0,mid,0.9,0.5,5,0.0,0.0,0.0,0.0,0,0.0
52.0,23.0,97.0,0.0,development,1.0,0.3,5,0.0,0.0,0.0,0.0,0,0.0
52.0,23.1,71.0,0.7,development,-0.7,-0.7,5,0.0,0.0,0.0,0.0,0,0.0
52.0,23.1,75.0,0.0,mid,-1.0,0.3,5,0.0,0.0,0.0,0.0,0,0.0
52.0,23.1,78.0,0.0,mid,-0.9,0.5,5,0.0,0.0,0.0,0.0,0,0.0
52.0,23.1,78.0,0.0,mid,-0.3,1.0,7,0.0,0.0,0.0,0.0,0,0.0
52.0,23.1,82.0,0.0,late,-1.0,0.0,5,0.0,0.0,0.0,0.0,0,0.0
52.0,23.1,84.0,0.0,development,0.7,0.7,5,0.0,0.0,0.0,0.0,0,0.0
52.0,23.1,87.0,0.0,mid,0.5,0.9,5,0.0,0.0,0.0,0.0,0,0.0
52.0,23.1,89.0,0.0,development,0.9,0.5,5,0.0,0.0,0.0,0.0,0,0.0
52.0,23.1,91.0,0.0,late,0.3,1.0,6,0.0,0.0,0.0,0.0,0,0.0
52.0,23.1,92.0,0.0,development,0.5,0.9,5,0.0,0.0,0.0,0.0,0,0.0
52.0,23.1,92.0,0.0,development,0.7,0.7,6,0.0,0.0,0.0,0.0,0,0.0
52.0,23.1,92.0,0.0,mid,0.9,0.5,7,0.0,0.0,0.0,0.0,0,0.0
52.0,23.1,93.0,0.0,mid,0.5,0.9,7,0.0,0.0,0.0,0.0,0,0.0
52.0,23.1,94.0,0.0,mid,0.9,0.5,8,0.0,0.0,0.0,0.0,0,0.0
52.0,23.1,95.0,0.0,mid,0.7,0.7,7,0.0,0.0,0.0,0.0,0,0.0
52.0,23.1,95.0,0.0,mid,0.9,0.5,8,0.0,0.0,0.0,0.0,0,0.0
52.0,23.1,96.0,0.0,development,0.3,1.0,5,0.0,0.0,0.0,0.0,0,0.0
52.0,23.1,96.0,0.0,initial,-0.5,0.9,7,0.0,0.0,0.0,0.0,0,0.0
52.0,23.2,83.0,0.0,mid,-0.5,0.9,5,0.0,0.0,0.0,0.0,0,0.0
52.0,23.2,85.0,0.0,mid,-0.9,0.5,5,0.0,0.0,0.0,0.0,0,0.0
52.0,23.2,88.0,0.0,initial,0.5,0.9,5,0.0,0.0,0.0,0.0,0,0.0
52.0,23.2,89.0,0.0,development,0.7,0.7,6,0.0,0.0,0.0,0.0,0,0.0
52.0,23.2,90.0,0.0,development,0.5,0.9,6,0.0,0.0,0.0,0.0,0,0.0
52.0,23.2,91.0,0.0,development,0.3,1.0,5,0.0,0.0,0.0,0.0,0,0.0
52.0,23.2,91.0,0.0,mid,0.5,0.9,6,0.0,0.0,0.0,0.0,0,0.0
52.0,23.2,92.0,0.0,development,0.3,1.0,5,0.0,0.0,0.0,0.0,0,0.0
52.0,23.2,92.0,0.0,initial,0.3,1.0,6,0.0,0.0,0.0,0.0,0,0.0
52.0,23.2,92.0,0.0,initial,0.5,0.9,6,0.0,0.0,0.0,0.0,0,0.0
52.0,23.2,92.0,0.0,late,0.0,1.0,5,0.0,0.0,0.0,0.0,0,0.0
52.0,23.2,92.0,0.0,mid,-0.5,0.9,9,0.0,0.0,0.0,0.0,0,0.0
52.0,23.2,92.0,0.0,mid,0.0,1.0,5,0.0,0.0,0.0,0.0,0,0.0
52.0,23.2,93.0,0.0,development,0.5,0.9,7,0.0,0.0,0.0,0.0,0,0.0
52.0,23.2,93.0,0.0,development,0.9,0.5,8,0.0,0.0,0.0,0.0,0,0.0
52.0,23.2,93.0,0.0,initial,0.5,0.9,5,0.0,0.0,0.0,0.0,0,0.0
52.0,23.2,93.0,0.0,mid,0.3,1.0,7,0.0,0.0,0.0,0.0,0,0.0
52.0,23.2,94.0,0.0,initial,1.0,0.3,6,0.0,0.0,0.0,0.0,0,0.0
52.0,23.2,94.0,0.2,initial,1.0,0.3,5,0.0,0.0,0.0,0.0,0,0.0
52.0,23.2,95.0,0.0,mid,1.0,0.3,9,0.0,0.0,0.0,0.0,0,0.0
52.0,23.2,96.0,0.0,development,0.9,0.5,6,0.0,0.0,0.0,0.0,0,0.0
52.0,23.2,97.0,0.0,mid,0.7,0.7,7,0.0,0.0,0.0,0.0,0,0.0
52.0,23.2,97.0,0.0,mid,0.9,0.5,9,0.0,0.0,0.0,0.0,0,0.0
52.0,23.3,71.0,0.0,development,-1.0,0.3,6,0.0,0.0,0.0,0.0,0,0.0
52.0,23.3,83.0,0.0,mid,-0.5,0.9,5,0.0,0.0,0.0,0.0,0,0.0
52.0,23.3,84.0,0.0,mid,-0.3,1.0,5,0.0,0.0,0.0,0.0,0,0.0
52.0,23.3,86.0,0.0,initial,-0.7,0.7,5,0.0,0.0,0.0,0.0,0,0.0
52.0,23.3,87.0,0.0,development,-0.3,1.0,5,0.0,0.0,0.0,0.0,0,0.0
52.0,23.3,90.0,0.0,development,0.9,0.5,5,0.0,0.0,0.0,0.0,0,0.0
52.0,23.3,91.0,0.0,development,0.3,1.0,5,0.0,0.0,0.0,0.0,0,0.0
52.0,23.3,92.0,0.0,mid,0.0,1.0,5,0.0,0.0,0.0,0.0,0,0.0
52.0,23.3,92.0,0.0,mid,0.3,1.0,5,0.0,0.0,0.0,0.0,0,0.0
52.0,23.3,92.0,0.0,mid,0.7,0.7,5,0.0,0.0,0.0,0.0,0,0.0
52.0,23.3,92.0,0.5,late,1.0,-0.3,5,0.0,0.0,0.0,0.0,0,0.0
52.0,23.3,93.0,0.0,mid,0.5,0.9,6,0.0,0.0,0.0,0.0,0,0.0
52.0,23.3,94.0,0.0,mid,1.0,0.3,8,0.0,0.0,0.0,0.0,0,0.0
52.0,23.3,95.0,0.0,mid,0.5,0.9,5,0.0,0.0,0.0,0.0,0,0.0
52.0,23.3,96.0,0.0,mid,0.7,0.7,6,0.0,0.0,0.0,0.0,0,0.0
52.0,23.3,97.0,0.0,late,0.5,0.9,5,0.0,0.0,0.0,0.0,0,0.0
52.0,23.3,97.0,0.0,late,0.7,0.7,6,0.0,0.0,0.0,0.0,0,0.0
52.0,23.4,72.0,0.0,initial,-1.0,-0.3,5,0.0,0.0,0.0,0.0,0,0.0
52.0,23.4,79.0,0.8,mid,1.0,0.0,5,0.0,0.0,0.0,0.0,0,0.0
52.0,23.4,80.0,0.0,development,-1.0,0.3,5,0.0,0.0,0.0,0.0,0,0.0
52.0,23.4,85.0,0.0,development,0.7,0.7,5,0.0,0.0,0.0,0.0,0,0.0
52.0,23.4,85.0,0.1,development,1.0,0.3,6,0.0,0.0,0.0,0.0,0,0.0
52.0,23.4,88.0,0.0,development,0.3,1.0,6,0.0,0.0,0.0,0.0,0,0.0
52.0,23.4,88.0,0.0,development,0.5,0.9,6,0.0,0.0,0.0,0.0,0,0.0
52.0,23.4,89.0,0.0,mid,0.3,1.0,6,0.0,0.0,0.0,0.0,0,0.0
52.0,23.4,91.0,0.0,development,-0.7,0.7,5,0.0,0.0,0.0,0.0,0,0.0
52.0,23.4,91.0,0.0,development,0.3,1.0,10,0.0,0.0,0.0,0.0,0,0.0
52.0,23.4,92.0,0.0,development,0.3,1.0,5,0.0,0.0,0.0,0.0,0,0.0
52.0,23.4,92.0,0.0,development,0.9,0.5,8,0.0,0.0,0.0,0.0,0,0.0
52.0,23.4,92.0,0.0,initial,0.3,1.0,5,0.0,0.0,0.0,0.0,0,0.0
52.0,23.4,92.0,0.0,initial,0.5,0.9,6,0.0,0.0,0.0,0.0,0,0.0
52.0,23.4,92.0,0.0,initial,0.9,0.5,5,0.0,0.0,0.0,0.0,0,0.0
52.0,23.4,92.0,0.0,late,0.5,0.9,6,0.0,0.0,0.0,0.0,0,0.0
52.0,23.4,92.0,0.0,mid,0.3,1.0,6,0.0,0.0,0.0,0.0,0,0.0
52.0,23.4,95.0,0.0,initial,0.9,0.5,5,0.0,0.0,0.0,0.0,0,0.0
52.0,23.4,96.0,0.0,late,0.0,1.0,6,0.0,0.0,0.0,0.0,0,0.0
52.0,23.4,96.0,0.0,mid,0.9,0.5,8,0.0,0.0,0.0,0.0,0,0.0
52.0,23.4,97.0,0.0,mid,0.9,0.5,5,0.0,0.0,0.0,0.0,0,0.0
52.0,23.5,70.0,0.0,mid,-1.0,-0.3,6,0.0,0.0,0.0,0.0,0,0.0
52.0,23.5,72.0,0.0,development,-1.0,-0.3,7,0.0,0.0,0.0,0.0,0,0.0
52.0,23.5,79.0,0.0,mid,-0.9,0.5,9,0.0,0.0,0.0,0.0,0,0.0
52.0,23.5,84.0,0.0,initial,0.0,1.0,5,0.0,0.0,0.0,0.0,0,0.0
52.0,23.5,85.0,0.0,initial,-0.5,0.9,6,0.0,0.0,0.0,0.0,0,0.0
52.0,23.5,86.0,0.0,development,0.9,0.5,5,0.0,0.0,0.0,0.0,0,0.0
52.0,23.5,88.0,0.0,late,0.3,1.0,5,0.0,0.0,0.0,0.0,0,0.0
52.0,23.5,88.0,0.1,development,1.0,0.3,5,0.0,0.0,0.0,0.0,0,0.0
52.0,23.5,89.0,0.0,development,0.0,1.0,6,0.0,0.0,0.0,0.0,0,0.0
52.0,23.5,89.0,0.0,initial,0.3,1.0,6,0.0,0.0,0.0,0.0,0,0.0
52.0,23.5,92.0,0.8,development,1.0,-0.3,5,0.0,0.0,0.0,0.0,0,0.0
52.0,23.5,95.0,0.0,mid,0.3,1.0,7,0.0,0.0,0.0,0.0,0,0.0
52.0,23.5,95.0,0.0,mid,0.7,0.7,8,0.0,0.0,0.0,0.0,0,0.0
52.0,23.5,95.0,0.0,mid,1.0,0.3,5,0.0,0.0,0.0,0.0,0,0.0
52.0,23.5,96.0,0.0,initial,0.5,0.9,5,0.0,0.0,0.0,0.0,0,0.0
52.0,23.5,97.0,0.0,mid,0.9,0.5,6,0.0,0.0,0.0,0.0,0,0.0
52.0,23.6,68.0,0.3,development,-0.9,-0.5,5,0.0,0.0,0.0,0.0,0,0.0
52.0,23.6,75.0,0.0,mid,-0.5,0.9,5,0.0,0.0,0.0,0.0,0,0.0
52.0,23.6,78.0,0.0,mid,-1.0,0.3,5,0.0,0.0,0.0,0.0,0,0.0
52.0,23.6,82.0,0.0,mid,-0.7,0.7,5,0.0,0.0,0.0,0.0,0,0.0
52.0,23.6,83.0,0.0,mid,-0.9,0.5,8,0.0,0.0,0.0,0.0,0,0.0
52.0,23.6,84.0,0.0,development,0.0,1.0,5,0.0,0.0,0.0,0.0,0,0.0
52.0,23.6,85.0,0.0,mid,-0.7,0.7,5,0.0,0.0,0.0,0.0,0,0.0
52.0,23.6,87.0,0.0,development,0.3,1.0,7,0.0,0.0,0.0,0.0,0,0.0
52.0,23.6,87.0,0.0,development,0.9,0.5,7,0.0,0.0,0.0,0.0,0,0.0
52.0,23.6,87.0,0.0,mid,-0.7,0.7,6,0.0,0.0,0.0,0.0,0,0.0
52.0,23.6,88.0,0.0,late,-0.5,0.9,5,0.0,0.0,0.0,0.0,0,0.0
52.0,23.6,90.0,0.0,development,0.5,0.9,7,0.0,0.0,0.0,0.0,0,0.0
52.0,23.6,91.0,0.0,initial,0.3,1.0,9,0.0,0.0,0.0,0.0,0,0.0
52.0,23.6,91.0,0.2,mid,1.0,0.3,5,0.0,0.0,0.0,0.0,0,0.0
52.0,23.6,92.0,0.0,late,0.3,1.0,6,0.0,0.0,0.0,0.0,0,0.0
52.0,23.6,93.0,0.0,mid,0.0,1.0,5,0.0,0.0,0.0,0.0,0,0.0
52.0,23.6,94.0,0.0,development,0.5,0.9,5,0.0,0.0,0.0,0.0,0,0.0
52.0,23.6,94.0,0.0,late,0.3,1.0,5,0.0,0.0,0.0,0.0,0,0.0
52.0,23.6,94.0,0.0,mid,0.3,1.0,5,0.0,0.0,0.0,0.0,0,0.0
52.0,23.6,94.0,0.0,mid,0.9,0.5,5,0.0,0.0,0.0,0.0,0,0.0
52.0,23.6,95.0,0.0,development,1.0,0.3,5,0.0,0.0,0.0,0.0,0,0.0
52.0,23.6,95.0,0.0,mid,0.5,0.9,6,0.0,0.0,0.0,0.0,0,0.0
52.0,23.6,96.0,0.0,late,-0.3,1.0,5,0.0,0.0,0.0,0.0,0,0.0
52.0,23.6,96.0,0.0,mid,0.7,0.7,5,0.0,0.0,0.0,0.0,0,0.0
52.0,23.6,96.0,0.0,mid,1.0,0.3,6,0.0,0.0,0.0,0.0,0,0.0
52.0,23.7,84.0,0.0,initial,-0.5,0.9,5,0.0,0.0,0.0,0.0,0,0.0
52.0,23.7,85.0,0.1,development,1.0,0.3,7,0.0,0.0,0.0,0.0,0,0.0
52.0,23.7,86.0,0.0,late,-0.7,0.7,5,0.0,0.0,0.0,0.0,0,0.0
52.0,23.7,86.0,0.0,late,-0.5,0.9,5,0.0,0.0,0.0,0.0,0,0.0
52.0,23.7,87.0,0.0,development,0.0,1.0,5,0.0,0.0,0.0,0.0,0,0.0
52.0,23.7,89.0,0.0,mid,-0.7,0.7,6,0.0,0.0,0.0,0.0,0,0.0
52.0,23.7,91.0,0.0,mid,0.9,0.5,8,0.0,0.0,0.0,0.0,0,0.0
52.0,23.7,92.0,0.0,mid,0.5,0.9,5,0.0,0.0,0.0,0.0,0,0.0
52.0,23.7,94.0,0.0,development,0.3,1.0,6,0.0,0.0,0.0,0.0,0,0.0
52.0,23.7,94.0,0.0,development,0.7,0.7,6,0.0,0.0,0.0,0.0,0,0.0
52.0,23.7,94.0,0.0,development,0.9,0.5,6,0.0,0.0,0.0,0.0,0,0.0
52.0,23.7,95.0,0.0,mid,0.5,0.9,8,0.0,0.0,0.0,0.0,0,0.0
52.0,23.7,96.0,0.0,mid,0.5,0.9,5,0.0,0.0,0.0,0.0,0,0.0
52.0,23.7,97.0,0.0,initial,-0.7,0.7,5,0.0,0.0,0.0,0.0,0,0.0
52.0,23.8,67.0,1.0,mid,1.0,-0.3,5,0.0,0.0,0.0,0.0,0,0.0
52.0,23.8,72.0,0.0,initial,-1.0,-0.3,5,0.0,0.0,0.0,0.0,0,0.0
52.0,23.8,78.0,0.0,development,-1.0,0.0,5,0.0,0.0,0.0,0.0,0,0.0
52.0,23.8,78.0,0.0,mid,-0.7,0.7,6,0.0,0.0,0.0,0.0,0,0.0
52.0,23.8,79.0,0.0,initial,-1.0,0.3,7,0.0,0.0,0.0,0.0,0,0.0
52.0,23.8,80.0,0.0,mid,-0.7,0.7,5,0.0,0.0,0.0,0.0,0,0.0
52.0,23.8,84.0,0.0,development,-0.5,0.9,9,0.0,0.0,0.0,0.0,0,0.0
52.0,23.8,84.0,0.0,development,0.5,0.9,7,0.0,0.0,0.0,0.0,0,0.0
52.0,23.8,87.0,0.8,late,1.0,0.0,5,0.0,0.0,0.0,0.0,0,0.0
52.0,23.8,89.0,0.0,development,0.3,1.0,8,0.0,0.0,0.0,0.0,0,0.0
52.0,23.8,89.0,0.0,mid,-0.5,0.9,6,0.0,0.0,0.0,0.0,0,0.0
52.0,23.8,91.0,0.5,mid,1.0,0.0,5,0.0,0.0,0.0,0.0,0,0.0
52.0,23.8,92.0,0.0,initial,0.9,0.5,5,0.0,0.0,0.0,0.0,0,0.0
52.0,23.8,93.0,0.3,mid,1.0,0.0,5,0.0,0.0,0.0,0.0,0,0.0
52.0,23.8,94.0,0.0,development,-0.3,1.0,5,0.0,0.0,0.0,0.0,0,0.0
52.0,23.8,94.0,0.0,initial,0.9,0.5,6,0.0,0.0,0.0,0.0,0,0.0
52.0,23.8,94.0,0.0,initial,1.0,0.3,5,0.0,0.0,0.0,0.0,0,0.0
52.0,23.8,94.0,0.0,late,-0.5,0.9,7,0.0,0.0,0.0,0.0,0,0.0
52.0,23.8,94.0,0.0,mid,0.3,1.0,5,0.0,0.0,0.0,0.0,0,0.0
52.0,23.8,96.0,0.0,mid,0.3,1.0,5,0.0,0.0,0.0,0.0,0,0.0
52.0,23.9,77.0,0.0,late,-0.7,0.7,5,0.0,0.0,0.0,0.0,0,0.0
52.0,23.9,80.0,0.0,mid,-0.3,1.0,7,0.0,0.0,0.0,0.0,0,0.0
52.0,23.9,81.0,0.0,development,0.3,1.0,5,0.0,0.0,0.0,0.0,0,0.0
52.0,23.9,86.0,0.0,mid,0.0,1.0,9,0.0,0.0,0.0,0.0,0,0.0
52.0,23.9,87.0,0.0,late,-1.0,0.3,5,0.0,0.0,0.0,0.0,0,0.0
52.0,23.9,88.0,0.0,development,0.9,0.5,6,0.0,0.0,0.0,0.0,0,0.0
52.0,23.9,88.0,0.0,initial,-0.3,1.0,5,0.0,0.0,0.0,0.0,0,0.0
52.0,23.9,88.0,0.0,initial,0.3,1.0,5,0.0,0.0,0.0,0.0,0,0.0
52.0,23.9,89.0,0.0,development,0.5,0.9,5,0.0,0.0,0.0,0.0,0,0.0
52.0,23.9,89.0,0.0,initial,0.0,1.0,5,0.0,0.0,0.0,0.0,0,0.0
52.0,23.9,90.0,0.0,mid,0.5,0.9,7,0.0,0.0,0.0,0.0,0,0.0
52.0,23.9,93.0,0.0,initial,0.7,0.7,5,0.0,0.0,0.0,0.0,0,0.0
52.0,23.9,94.0,0.0,mid,0.0,1.0,5,0.0,0.0,0.0,0.0,0,0.0
52.0,24.0,74.0,0.0,initial,-1.0,-0.3,5,0.0,0.0,0.0,0.0,0,0.0
52.0,24.0,75.0,0.0,development,-1.0,0.0,6,0.0,0.0,0.0,0.0,0,0.0
52.0,24.0,80.0,0.0,mid,-1.0,0.3,5,0.0,0.0,0.0,0.0,0,0.0
52.0,24.0,81.0,0.0,mid,-0.9,0.5,5,0.0,0.0,0.0,0.0,0,0.0
52.0,24.0,83.0,0.0,mid,-0.5,0.9,6,0.0,0.0,0.0,0.0,0,0.0
52.0,24.0,84.0,0.0,late,-0.7,0.7,6,0.0,0.0,0.0,0.0,0,0.0
52.0,24.0,86.0,0.0,late,-0.7,0.7,5,0.0,0.0,0.0,0.0,0,0.0
52.0,24.0,91.0,0.0,mid,0.0,1.0,7,0.0,0.0,0.0,0.0,0,0.0
52.0,24.0,92.0,0.0,initial,0.5,0.9,5,0.0,0.0,0.0,0.0,0,0.0
52.0,24.0,93.0,0.0,development,0.0,1.0,5,0.0,0.0,0.0,0.0,0,0.0
52.0,24.0,94.0,0.0,mid,0.3,1.0,5,0.0,0.0,0.0,0.0,0,0.0
52.0,24.0,95.0,0.0,initial,-0.9,0.5,5,0.0,0.0,0.0,0.0,0,0.0
52.0,24.0,97.0,0.0,development,0.0,1.0,6,0.0,0.0,0.0,0.0,0,0.0
52.0,24.0,97.0,0.0,initial,0.5,0.9,5,0.0,0.0,0.0,0.0,0,0.0
52.0,24.1,75.0,0.0,development,-1.0,0.0,7,0.0,0.0,0.0,0.0,0,0.0
52.0,24.1,83.0,0.0,mid,-0.7,0.7,6,0.0,0.0,0.0,0.0,0,0.0
52.0,24.1,86.0,0.0,development,-0.3,1.0,5,0.0,0.0,0.0,0.0,0,0.0
52.0,24.1,91.0,0.0,development,0.0,1.0,6,0.0,0.0,0.0,0.0,0,0.0
52.0,24.1,93.0,0.0,mid,-0.7,0.7,6,0.0,0.0,0.0,0.0,0,0.0
52.0,24.1,96.0,0.0,development,-0.3,1.0,7,0.0,0.0,0.0,0.0,0,0.0
52.0,24.1,96.0,0.0,development,0.7,0.7,5,0.0,0.0,0.0,0.0,0,0.0
52.0,24.2,75.0,0.0,development,-0.3,1.0,5,0.0,0.0,0.0,0.0,0,0.0
52.0,24.2,77.0,0.7,mid,1.0,0.0,5,0.0,0.0,0.0,0.0,0,0.0
52.0,24.2,78.0,0.0,mid,-0.9,0.5,5,0.0,0.0,0.0,0.0,0,0.0
52.0,24.2,78.0,0.6,mid,1.0,0.0,6,0.0,0.0,0.0,0.0,0,0.0
52.0,24.2,81.0,0.9,mid,1.0,0.0,5,0.0,0.0,0.0,0.0,0,0.0
52.0,24.2,83.0,0.0,development,-0.3,1.0,6,0.0,0.0,0.0,0.0,0,0.0
52.0,24.2,84.0,0.0,development,-0.5,0.9,8,0.0,0.0,0.0,0.0,0,0.0
52.0,24.2,84.0,0.0,initial,-0.5,0.9,7,0.0,0.0,0.0,0.0,0,0.0
52.0,24.2,85.0,0.0,development,0.5,0.9,5,0.0,0.0,0.0,0.0,0,0.0
52.0,24.2,86.0,0.0,development,-0.3,1.0,6,0.0,0.0,0.0,0.0,0,0.0
52.0,24.2,86.0,0.0,development,0.7,0.7,6,0.0,0.0,0.0,0.0,0,0.0
52.0,24.2,87.0,0.0,mid,0.0,1.0,6,0.0,0.0,0.0,0.0,0,0.0
52.0,24.2,90.0,0.0,development,-0.7,0.7,5,0.0,0.0,0.0,0.0,0,0.0
52.0,24.2,90.0,0.0,initial,0.3,1.0,5,0.0,0.0,0.0,0.0,0,0.0
52.0,24.2,93.0,0.5,late,1.0,0.0,5,0.0,0.0,0.0,0.0,0,0.0
52.0,24.2,95.0,0.0,development,-0.3,1.0,5,0.0,0.0,0.0,0.0,0,0.0
52.0,24.3,65.0,0.3,development,-0.9,-0.5,5,0.0,0.0,0.0,0.0,0,0.0
52.0,24.3,80.0,0.0,development,0.0,1.0,5,0.0,0.0,0.0,0.0,0,0.0
52.0,24.3,81.0,1.5,development,0.9,-0.5,5,0.0,0.0,0.0,0.0,0,0.0
52.0,24.3,83.0,0.0,development,0.0,1.0,5,0.0,0.0,0.0,0.0,0,0.0
52.0,24.3,84.0,0.1,mid,1.0,0.3,5,0.0,0.0,0.0,0.0,0,0.0
52.0,24.3,85.0,0.0,initial,-0.5,0.9,6,0.0,0.0,0.0,0.0,0,0.0
52.0,24.3,85.0,0.0,mid,-0.9,0.5,8,0.0,0.0,0.0,0.0,0,0.0
52.0,24.3,85.0,0.0,mid,-0.7,0.7,5,0.0,0.0,0.0,0.0,0,0.0
52.0,24.3,86.0,0.0,development,-0.5,0.9,5,0.0,0.0,0.0,0.0,0,0.0
52.0,24.3,90.0,0.0,late,-0.9,0.5,6,0.0,0.0,0.0,0.0,0,0.0
52.0,24.3,93.0,0.6,development,1.0,0.0,6,0.0,0.0,0.0,0.0,0,0.0
52.0,24.3,94.0,0.0,mid,1.0,0.3,6,0.0,0.0,0.0,0.0,0,0.0
52.0,24.4,74.0,0.0,mid,-0.9,0.5,7,0.0,0.0,0.0,0.0,0,0.0
52.0,24.4,74.0,1.7,late,0.9,-0.5,5,0.0,0.0,0.0,0.0,0,0.0
52.0,24.4,79.0,0.0,development,-0.7,0.7,9,0.0,0.0,0.0,0.0,0,0.0
52.0,24.4,79.0,0.0,mid,-0.7,0.7,5,0.0,0.0,0.0,0.0,0,0.0
52.0,24.4,80.0,0.0,development,-0.5,0.9,5,0.0,0.0,0.0,0.0,0,0.0
52.0,24.4,81.0,0.0,late,-0.9,0.5,9,0.0,0.0,0.0,0.0,0,0.0
52.0,24.4,83.0,0.0,mid,-0.5,0.9,6,0.0,0.0,0.0,0.0,0,0.0
52.0,24.4,84.0,0.0,mid,0.3,1.0,6,0.0,0.0,0.0,0.0,0,0.0
52.0,24.4,88.0,0.0,initial,0.0,1.0,6,0.0,0.0,0.0,0.0,0,0.0
52.0,24.4,88.0,0.0,mid,-0.3,1.0,6,0.0,0.0,0.0,0.0,0,0.0
52.0,24.4,89.0,0.0,mid,-0.7,0.7,8,0.0,0.0,0.0,0.0,0,0.0
52.0,24.4,91.0,0.0,initial,0.9,0.5,6,0.0,0.0,0.0,0.0,0,0.0
52.0,24.4,92.0,0.1,development,1.0,0.3,5,0.0,0.0,0.0,0.0,0,0.0
52.0,24.4,93.0,0.0,development,0.5,0.9,5,0.0,0.0,0.0,0.0,0,0.0
52.0,24.4,93.0,0.0,mid,0.9,0.5,5,0.0,0.0,0.0,0.0,0,0.0
52.0,24.4,95.0,0.0,initial,0.3,1.0,5,0.0,0.0,0.0,0.0,0,0.0
52.0,24.5,76.0,0.2,mid,-0.9,-0.5,5,0.0,0.0,0.0,0.0,0,0.0
52.0,24.5,82.0,0.0,mid,-0.9,0.5,6,0.0,0.0,0.0,0.0,0,0.0
52.0,24.5,84.0,0.0,mid,-0.3,1.0,5,0.0,0.0,0.0,0.0,0,0.0
52.0,24.5,85.0,0.0,mid,-0.7,0.7,6,0.0,0.0,0.0,0.0,0,0.0
52.0,24.5,86.0,0.0,mid,-0.3,1.0,6,0.0,0.0,0.0,0.0,0,0.0
52.0,24.5,88.0,0.0,mid,-0.3,1.0,7,0.0,0.0,0.0,0.0,0,0.0
52.0,24.5,91.0,0.0,initial,-0.3,1.0,5,0.0,0.0,0.0,0.0,0,0.0
52.0,24.5,92.0,0.0,development,0.7,0.7,6,0.0,0.0,0.0,0.0,0,0.0
52.0,24.6,72.0,0.0,initial,-1.0,0.0,5,0.0,0.0,0.0,0.0,0,0.0
52.0,24.6,73.0,0.0,mid,-1.0,0.3,6,0.0,0.0,0.0,0.0,0,0.0
52.0,24.6,74.0,1.3,mid,1.0,-0.3,6,0.0,0.0,0.0,0.0,0,0.0
52.0,24.6,75.0,0.0,mid,-0.7,0.7,5,0.0,0.0,0.0,0.0,0,0.0
52.0,24.6,76.0,0.0,mid,-1.0,0.0,6,0.0,0.0,0.0,0.0,0,0.0
52.0,24.6,76.0,0.0,mid,-0.9,0.5,8,0.0,0.0,0.0,0.0,0,0.0
52.0,24.6,79.0,0.0,late,-0.9,0.5,5,0.0,0.0,0.0,0.0,0,0.0
52.0,24.6,80.0,0.0,development,-0.5,0.9,6,0.0,0.0,0.0,0.0,0,0.0
52.0,24.6,80.0,0.0,development,-0.3,1.0,7,0.0,0.0,0.0,0.0,0,0.0
52.0,24.6,83.0,0.6,initial,1.0,0.0,6,0.0,0.0,0.0,0.0,0,0.0
52.0,24.6,86.0,0.0,initial,-1.0,-0.3,5,0.0,0.0,0.0,0.0,0,0.0
52.0,24.6,92.0,0.0,mid,0.0,1.0,5,0.0,0.0,0.0,0.0,0,0.0
52.0,24.6,93.0,0.0,development,0.0,1.0,5,0.0,0.0,0.0,0.0,0,0.0
52.0,24.7,74.0,0.0,development,-0.9,0.5,5,0.0,0.0,0.0,0.0,0,0.0
52.0,24.7,83.0,0.0,initial,-0.7,0.7,5,0.0,0.0,0.0,0.0,0,0.0
52.0,24.7,84.0,0.8,late,0.9,-0.5,6,0.0,0.0,0.0,0.0,0,0.0
52.0,24.7,86.0,0.0,initial,-0.3,1.0,9,0.0,0.0,0.0,0.0,0,0.0
52.0,24.7,87.0,0.0,mid,-0.5,0.9,6,0.0,0.0,0.0,0.0,0,0.0
52.0,24.7,95.0,0.0,initial,1.0,0.3,5,0.0,0.0,0.0,0.0,0,0.0
52.0,24.8,71.0,0.0,development,-0.5,0.9,5,0.0,0.0,0.0,0.0,0,0.0
52.0,24.8,74.0,0.9,development,1.0,0.0,5,0.0,0.0,0.0,0.0,0,0.0
52.0,24.8,76.0,0.0,initial,-0.7,0.7,6,0.0,0.0,0.0,0.0,0,0.0
52.0,24.8,77.0,0.8,development,1.0,0.0,7,0.0,0.0,0.0,0.0,0,0.0
52.0,24.8,79.0,0.9,mid,1.0,0.0,5,0.0,0.0,0.0,0.0,0,0.0
52.0,24.8,80.0,0.0,development,-0.7,0.7,5,0.0,0.0,0.0,0.0,0,0.0
52.0,24.8,81.0,0.0,mid,-0.5,0.9,5,0.0,0.0,0.0,0.0,0,0.0
52.0,24.8,82.0,0.0,initial,-0.7,0.7,5,0.0,0.0,0.0,0.0,0,0.0
52.0,24.8,83.0,0.0,mid,-0.5,0.9,5,0.0,0.0,0.0,0.0,0,0.0
52.0,24.8,85.0,0.0,development,0.0,1.0,5,0.0,0.0,0.0,0.0,0,0.0
52.0,24.8,88.0,0.0,initial,-1.0,0.0,5,0.0,0.0,0.0,0.0,0,0.0
52.0,24.8,90.0,0.0,development,0.0,1.0,6,0.0,0.0,0.0,0.0,0,0.0
52.0,24.8,90.0,0.0,mid,0.3,1.0,5,0.0,0.0,0.0,0.0,0,0.0
52.0,24.8,92.0,0.5,mid,1.0,0.0,10,0.0,0.0,0.0,0.0,0,0.0
52.0,24.8,94.0,0.0,initial,0.9,0.5,5,0.0,0.0,0.0,0.0,0,0.0
52.0,24.9,68.0,1.0,mid,1.0,0.0,5,0.0,0.0,0.0,0.0,0,0.0
52.0,24.9,73.0,0.0,development,-0.9,0.5,5,0.0,0.0,0.0,0.0,0,0.0
52.0,24.9,76.0,0.0,initial,-0.9,0.5,5,0.0,0.0,0.0,0.0,0,0.0
52.0,24.9,77.0,1.0,development,1.0,0.0,5,0.0,0.0,0.0,0.0,0,0.0
52.0,24.9,79.0,0.0,mid,-0.7,0.7,7,0.0,0.0,0.0,0.0,0,0.0
52.0,24.9,80.0,0.0,mid,-1.0,0.3,5,0.0,0.0,0.0,0.0,0,0.0
52.0,24.9,81.0,0.8,mid,1.0,-0.3,5,0.0,0.0,0.0,0.0,0,0.0
52.0,24.9,82.0,0.0,mid,-0.7,0.7,5,0.0,0.0,0.0,0.0,0,0.0
52.0,24.9,83.0,0.0,mid,-1.0,0.3,5,0.0,0.0,0.0,0.0,0,0.0
52.0,24.9,83.0,0.5,mid,1.0,0.0,5,0.0,0.0,0.0,0.0,0,0.0
52.0,24.9,85.0,0.0,development,-0.5,0.9,9,0.0,0.0,0.0,0.0,0,0.0
52.0,24.9,89.0,0.0,development,0.3,1.0,5,0.0,0.0,0.0,0.0,0,0.0
52.0,25.0,73.0,0.0,mid,-0.9,0.5,6,0.0,0.0,0.0,0.0,0,0.0
52.0,25.0,79.0,0.0,development,-0.9,0.5,6,0.0,0.0,0.0,0.0,0,0.0
52.0,25.0,79.0,0.0,development,-0.5,0.9,10,0.0,0.0,0.0,0.0,0,0.0
52.0,25.0,81.0,0.0,development,-0.5,0.9,7,0.0,0.0,0.0,0.0,0,0.0
52.0,25.0,81.0,0.0,mid,-0.9,0.5,7,0.0,0.0,0.0,0.0,0,0.0
52.0,25.0,82.0,0.0,mid,-0.7,0.7,7,0.0,0.0,0.0,0.0,0,0.0
52.0,25.0,85.0,0.0,development,-0.3,1.0,5,0.0,0.0,0.0,0.0,0,0.0
52.0,25.1,70.0,0.0,development,-1.0,-0.3,5,0.0,0.0,0.0,0.0,0,0.0
52.0,25.1,72.0,0.0,mid,-1.0,0.3,6,0.0,0.0,0.0,0.0,0,0.0
52.0,25.1,74.0,0.0,development,-0.9,0.5,7,0.0,0.0,0.0,0.0,0,0.0
52.0,25.1,75.0,0.0,development,-0.7,0.7,7,0.0,0.0,0.0,0.0,0,0.0
52.0,25.1,75.0,0.0,development,-0.3,1.0,6,0.0,0.0,0.0,0.0,0,0.0
52.0,25.1,75.0,0.0,mid,-0.9,0.5,7,0.0,0.0,0.0,0.0,0,0.0
52.0,25.1,76.0,1.5,development,0.9,-0.5,5,0.0,0.0,0.0,0.0,0,0.0
52.0,25.1,84.0,0.0,development,-0.9,0.5,6,0.0,0.0,0.0,0.0,0,0.0
52.0,25.1,89.0,0.0,initial,-0.3,1.0,5,0.0,0.0,0.0,0.0,0,0.0
52.0,25.2,64.0,0.4,late,-0.9,-0.5,6,0.0,0.0,0.0,0.0,0,0.0
52.0,25.2,70.0,0.0,mid,-0.9,0.5,6,0.0,0.0,0.0,0.0,0,0.0
52.0,25.2,72.0,0.0,mid,-1.0,-0.3,6,0.0,0.0,0.0,0.0,0,0.0
52.0,25.2,75.0,0.0,mid,-1.0,-0.3,6,0.0,0.0,0.0,0.0,0,0.0
52.0,25.2,76.0,0.0,mid,-0.7,0.7,5,0.0,0.0,0.0,0.0,0,0.0
52.0,25.2,77.0,0.0,mid,-0.9,0.5,6,0.0,0.0,0.0,0.0,0,0.0
52.0,25.2,80.0,0.0,development,-0.5,0.9,5,0.0,0.0,0.0,0.0,0,0.0
52.0,25.2,80.0,0.0,initial,-0.7,0.7,5,0.0,0.0,0.0,0.0,0,0.0
52.0,25.2,85.0,0.0,late,-0.7,0.7,8,0.0,0.0,0.0,0.0,0,0.0
52.0,25.3,74.0,0.0,development,-0.9,0.5,5,0.0,0.0,0.0,0.0,0,0.0
52.0,25.3,74.0,0.0,development,-0.5,0.9,5,0.0,0.0,0.0,0.0,0,0.0
52.0,25.3,77.0,0.0,initial,-0.9,0.5,5,0.0,0.0,0.0,0.0,0,0.0
52.0,25.3,81.0,0.7,initial,1.0,0.0,5,0.0,0.0,0.0,0.0,0,0.0
52.0,25.3,82.0,0.0,development,-0.5,0.9,5,0.0,0.0,0.0,0.0,0,0.0
52.0,25.3,83.0,0.0,initial,-0.3,1.0,5,0.0,0.0,0.0,0.0,0,0.0
52.0,25.4,67.0,0.0,development,-0.7,0.7,5,0.0,0.0,0.0,0.0,0,0.0
52.0,25.4,68.0,0.0,initial,-1.0,-0.3,8,0.0,0.0,0.0,0.0,0,0.0
52.0,25.4,70.0,0.0,mid,-0.9,0.5,10,0.0,0.0,0.0,0.0,0,0.0
52.0,25.4,73.0,0.0,development,-0.9,0.5,5,0.0,0.0,0.0,0.0,0,0.0
52.0,25.4,73.0,0.0,initial,-0.7,0.7,5,0.0,0.0,0.0,0.0,0,0.0
52.0,25.4,75.0,0.0,development,-0.5,0.9,5,0.0,0.0,0.0,0.0,0,0.0
52.0,25.4,76.0,0.1,mid,-0.9,-0.5,6,0.0,0.0,0.0,0.0,0,0.0
52.0,25.4,77.0,0.0,development,-0.7,0.7,7,0.0,0.0,0.0,0.0,0,0.0
52.0,25.4,81.0,0.0,mid,-0.9,0.5,6,0.0,0.0,0.0,0.0,0,0.0
52.0,25.4,83.0,0.0,mid,-0.7,0.7,5,0.0,0.0,0.0,0.0,0,0.0
52.0,25.4,84.0,0.0,development,-0.9,0.5,6,0.0,0.0,0.0,0.0,0,0.0
52.0,25.5,60.0,1.4,initial,0.9,-0.5,6,0.0,0.0,0.0,0.0,0,0.0
52.0,25.5,64.0,0.8,development,-0.7,-0.7,6,0.0,0.0,0.0,0.0,0,0.0
52.0,25.5,73.0,0.0,development,-0.9,0.5,5,0.0,0.0,0.0,0.0,0,0.0
52.0,25.5,74.0,0.0,mid,-0.9,0.5,6,0.0,0.0,0.0,0.0,0,0.0
52.0,25.5,79.0,0.0,mid,-0.9,0.5,6,0.0,0.0,0.0,0.0,0,0.0
52.0,25.5,83.0,0.0,initial,-0.9,0.5,5,0.0,0.0,0.0,0.0,0,0.0
52.0,25.5,85.0,1.2,mid,1.0,-0.3,6,0.0,0.0,0.0,0.0,0,0.0
52.0,25.5,90.0,0.0,mid,-0.3,1.0,5,0.0,0.0,0.0,0.0,0,0.0
52.0,25.6,73.0,0.0,initial,-0.9,0.5,5,0.0,0.0,0.0,0.0,0,0.0
52.0,25.6,77.0,0.0,development,-0.7,0.7,6,0.0,0.0,0.0,0.0,0,0.0
52.0,25.6,77.0,0.0,mid,-0.7,0.7,5,0.0,0.0,0.0,0.0,0,0.0
52.0,25.7,58.0,1.5,mid,0.9,-0.5,5,0.0,0.0,0.0,0.0,0,0.0
52.0,25.7,72.0,0.0,development,-0.5,0.9,7,0.0,0.0,0.0,0.0,0,0.0
52.0,25.7,76.0,0.0,mid,-0.9,0.5,5,0.0,0.0,0.0,0.0,0,0.0
52.0,25.7,81.0,0.0,initial,-0.7,0.7,5,0.0,0.0,0.0,0.0,0,0.0
52.0,25.7,88.0,0.0,mid,-0.5,0.9,6,0.0,0.0,0.0,0.0,0,0.0
52.0,25.8,63.0,0.0,initial,-1.0,-0.3,8,0.0,0.0,0.0,0.0,0,0.0
52.0,25.8,65.0,0.0,mid,-1.0,0.0,5,0.0,0.0,0.0,0.0,0,0.0
52.0,25.8,68.0,1.8,late,1.0,-0.3,5,0.0,0.0,0.0,0.0,0,0.0
52.0,25.8,69.0,0.0,development,-1.0,0.3,11,0.0,0.0,0.0,0.0,0,0.0
52.0,25.8,69.0,0.0,initial,-1.0,0.3,5,0.0,0.0,0.0,0.0,0,0.0
52.0,25.8,70.0,0.0,development,-0.9,0.5,5,0.0,0.0,0.0,0.0,0,0.0
52.0,25.8,71.0,0.0,mid,-1.0,0.3,5,0.0,0.0,0.0,0.0,0,0.0
52.0,25.8,75.0,0.0,development,-0.9,0.5,6,0.0,0.0,0.0,0.0,0,0.0
52.0,25.8,75.0,0.0,mid,-0.7,0.7,6,0.0,0.0,0.0,0.0,0,0.0
52.0,25.8,80.0,0.0,initial,-0.5,0.9,5,0.0,0.0,0.0,0.0,0,0.0
52.0,25.8,81.0,0.0,mid,-0.9,0.5,5,0.0,0.0,0.0,0.0,0,0.0
52.0,25.8,85.0,0.0,initial,-0.9,0.5,5,0.0,0.0,0.0,0.0,0,0.0
52.0,25.9,61.0,0.5,development,-0.9,-0.5,6,0.0,0.0,0.0,0.0,0,0.0
52.0,25.9,74.0,0.0,initial,-1.0,0.3,8,0.0,0.0,0.0,0.0,0,0.0
52.0,25.9,75.0,1.5,late,1.0,-0.3,5,0.0,0.0,0.0,0.0,0,0.0
52.0,25.9,85.0,0.0,development,-0.7,0.7,5,0.0,0.0,0.0,0.0,0,0.0
52.0,25.9,88.0,0.0,initial,-0.7,0.7,5,0.0,0.0,0.0,0.0,0,0.0
52.0,26.0,68.0,0.0,development,-0.9,0.5,5,0.0,0.0,0.0,0.0,0,0.0
52.0,26.0,68.0,0.0,mid,-1.0,0.3,5,0.0,0.0,0.0,0.0,0,0.0
52.0,26.0,69.0,0.0,initial,-1.0,0.3,7,0.0,0.0,0.0,0.0,0,0.0
52.0,26.0,71.0,0.0,initial,-1.0,0.3,7,0.0,0.0,0.0,0.0,0,0.0
52.0,26.0,73.0,0.0,development,-0.9,0.5,5,0.0,0.0,0.0,0.0,0,0.0
52.0,26.0,80.0,0.0,initial,-0.7,0.7,5,0.0,0.0,0.0,0.0,0,0.0
52.0,26.0,84.0,0.0,mid,-0.5,0.9,5,0.0,0.0,0.0,0.0,0,0.0
52.0,26.1,72.0,1.7,mid,1.0,-0.3,6,0.0,0.0,0.0,0.0,0,0.0
52.0,26.1,81.0,0.0,late,-0.7,0.7,5,0.0,0.0,0.0,0.0,0,0.0
52.0,26.1,83.0,0.0,development,-0.5,0.9,5,0.0,0.0,0.0,0.0,0,0.0
52.0,26.2,55.0,0.8,development,-0.7,-0.7,6,0.0,0.0,0.0,0.0,0,0.0
52.0,26.2,59.0,0.5,mid,-0.9,-0.5,6,0.0,0.0,0.0,0.0,0,0.0
52.0,26.2,61.0,0.0,mid,-1.0,-0.3,5,0.0,0.0,0.0,0.0,0,0.0
52.0,26.2,64.0,1.2,late,-0.5,-0.9,5,0.0,0.0,0.0,0.0,0,0.0
52.0,26.2,67.0,0.0,development,-1.0,0.3,5,0.0,0.0,0.0,0.0,0,0.0
52.0,26.2,69.0,0.0,development,-0.7,0.7,6,0.0,0.0,0.0,0.0,0,0.0
52.0,26.2,69.0,0.0,mid,-1.0,0.3,5,0.0,0.0,0.0,0.0,0,0.0
52.0,26.2,71.0,0.0,initial,-1.0,0.3,5,0.0,0.0,0.0,0.0,0,0.0
52.0,26.3,51.0,0.0,mid,-1.0,0.0,5,0.0,0.0,0.0,0.0,0,0.0
52.0,26.3,68.0,1.8,initial,1.0,-0.3,5,0.0,0.0,0.0,0.0,0,0.0
52.0,26.3,71.0,0.0,late,-1.0,0.0,7,0.0,0.0,0.0,0.0,0,0.0
52.0,26.3,72.0,0.0,development,-0.9,0.5,6,0.0,0.0,0.0,0.0,0,0.0
52.0,26.3,72.0,1.0,mid,1.0,-0.3,6,0.0,0.0,0.0,0.0,0,0.0
52.0,26.3,73.0,0.0,mid,-1.0,-0.3,5,0.0,0.0,0.0,0.0,0,0.0
52.0,26.3,79.0,0.0,mid,-0.3,1.0,5,0.0,0.0,0.0,0.0,0,0.0
52.0,26.4,64.0,0.0,development,-1.0,0.3,5,0.0,0.0,0.0,0.0,0,0.0
52.0,26.4,68.0,0.0,initial,-1.0,0.3,6,0.0,0.0,0.0,0.0,0,0.0
52.0,26.4,72.0,0.0,development,-1.0,0.3,5,0.0,0.0,0.0,0.0,0,0.0
52.0,26.4,72.0,0.0,initial,-1.0,0.3,5,0.0,0.0,0.0,0.0,0,0.0
52.0,26.4,73.0,0.0,initial,-1.0,-0.3,5,0.0,0.0,0.0,0.0,0,0.0
52.0,26.4,77.0,1.0,initial,1.0,-0.3,5,0.0,0.0,0.0,0.0,0,0.0
52.0,26.4,81.0,0.6,development,1.0,0.0,5,0.0,0.0,0.0,0.0,0,0.0
52.0,26.5,65.0,2.0,development,0.7,-0.7,6,0.0,0.0,0.0,0.0,0,0.0
52.0,26.5,67.0,0.8,mid,-0.5,-0.9,7,0.0,0.0,0.0,0.0,0,0.0
52.0,26.5,75.0,0.0,mid,-1.0,0.3,5,0.0,0.0,0.0,0.0,0,0.0
52.0,26.6,58.0,1.0,development,-0.7,-0.7,5,0.0,0.0,0.0,0.0,0,0.0
52.0,26.6,59.0,0.4,late,-0.9,-0.5,5,0.0,0.0,0.0,0.0,0,0.0
52.0,26.6,65.0,1.6,mid,1.0,-0.3,5,0.0,0.0,0.0,0.0,0,0.0
52.0,26.6,65.0,1.8,development,0.5,-0.9,7,0.0,0.0,0.0,0.0,0,0.0
52.0,26.6,67.0,0.0,mid,-1.0,0.0,5,0.0,0.0,0.0,0.0,0,0.0
52.0,26.6,71.0,1.5,late,1.0,-0.3,5,0.0,0.0,0.0,0.0,0,0.0
52.0,26.6,79.0,1.6,late,1.0,-0.3,5,0.0,0.0,0.0,0.0,0,0.0
52.0,26.6,80.0,0.0,mid,-0.7,0.7,7,0.0,0.0,0.0,0.0,0,0.0
52.0,26.7,56.0,0.6,initial,-0.9,-0.5,6,0.0,0.0,0.0,0.0,0,0.0
52.0,26.7,60.0,2.1,development,0.3,-1.0,5,0.0,0.0,0.0,0.0,0,0.0
52.0,26.7,63.0,0.4,mid,-0.9,-0.5,5,0.0,0.0,0.0,0.0,0,0.0
52.0,26.7,66.0,0.0,mid,-1.0,0.0,5,0.0,0.0,0.0,0.0,0,0.0
52.0,26.7,66.0,1.6,initial,1.0,-0.3,5,0.0,0.0,0.0,0.0,0,0.0
52.0,26.7,67.0,0.0,initial,-1.0,0.0,5,0.0,0.0,0.0,0.0,0,0.0
52.0,26.7,69.0,0.0,development,-1.0,0.3,5,0.0,0.0,0.0,0.0,0,0.0
52.0,26.7,69.0,0.0,mid,-1.0,0.0,6,0.0,0.0,0.0,0.0,0,0.0
52.0,26.7,74.0,0.0,development,-1.0,0.0,6,0.0,0.0,0.0,0.0,0,0.0
52.0,26.8,60.0,2.1,development,0.0,-1.0,6,0.0,0.0,0.0,0.0,0,0.0
52.0,26.8,65.0,0.0,development,-0.9,0.5,13,0.0,0.0,0.0,0.0,0,0.0
52.0,26.8,69.0,0.0,mid,-1.0,0.0,5,0.0,0.0,0.0,0.0,0,0.0
52.0,26.8,70.0,0.0,mid,-1.0,0.0,6,0.0,0.0,0.0,0.0,0,0.0
52.0,26.8,70.0,1.4,initial,1.0,-0.3,6,0.0,0.0,0.0,0.0,0,0.0
52.0,26.8,74.0,0.7,initial,-0.9,-0.5,5,0.0,0.0,0.0,0.0,0,0.0
52.0,26.8,76.0,1.0,development,1.0,-0.3,5,0.0,0.0,0.0,0.0,0,0.0
52.0,26.9,62.0,0.0,development,-1.0,0.0,5,0.0,0.0,0.0,0.0,0,0.0
52.0,26.9,65.0,2.0,mid,0.9,-0.5,5,0.0,0.0,0.0,0.0,0,0.0
52.0,26.9,67.0,0.0,development,-1.0,0.3,6,0.0,0.0,0.0,0.0,0,0.0
52.0,26.9,68.0,1.9,development,1.0,-0.3,5,0.0,0.0,0.0,0.0,0,0.0
52.0,26.9,70.0,0.0,mid,-1.0,0.3,6,0.0,0.0,0.0,0.0,0,0.0
52.0,27.0,53.0,2.0,mid,0.0,-1.0,5,0.0,0.0,0.0,0.0,0,0.0
52.0,27.0,64.0,0.0,initial,-1.0,0.0,5,0.0,0.0,0.0,0.0,0,0.0
52.0,27.0,66.0,0.0,development,-1.0,0.3,5,0.0,0.0,0.0,0.0,0,0.0
52.0,27.0,69.0,0.1,mid,-1.0,-0.3,6,0.0,0.0,0.0,0.0,0,0.0
52.0,27.0,70.0,0.0,mid,-1.0,-0.3,6,0.0,0.0,0.0,0.0,0,0.0
52.0,27.0,73.0,1.4,mid,1.0,-0.3,6,0.0,0.0,0.0,0.0,0,0.0
52.0,27.1,54.0,2.7,mid,0.5,-0.9,5,0.0,0.0,0.0,0.0,0,0.0
52.0,27.1,65.0,1.6,development,1.0,-0.3,5,0.0,0.0,0.0,0.0,0,0.0
52.0,27.2,59.0,2.4,development,0.5,-0.9,7,0.0,0.0,0.0,0.0,0,0.0
52.0,27.2,60.0,0.2,mid,-1.0,-0.3,7,0.0,0.0,0.0,0.0,0,0.0
52.0,27.2,61.0,0.0,development,-1.0,0.3,5,0.0,0.0,0.0,0.0,0,0.0
52.0,27.2,63.0,0.0,mid,-1.0,0.0,7,0.0,0.0,0.0,0.0,0,0.0
52.0,27.2,67.0,0.0,development,-1.0,0.3,6,0.0,0.0,0.0,0.0,0,0.0
52.0,27.2,71.0,0.0,initial,-1.0,0.3,5,0.0,0.0,0.0,0.0,0,0.0
52.0,27.3,45.0,2.6,initial,0.5,-0.9,6,2.071285171597068,2.26899733226267,0.0,4.151868190453033,3,0.5
52.0,27.3,58.0,1.4,late,-0.3,-1.0,6,0.0,0.0,0.0,0.0,0,0.0
52.0,27.3,64.0,0.0,initial,-1.0,0.0,9,0.0,0.0,0.0,0.0,0,0.0
52.0,27.3,66.0,0.0,development,-1.0,0.0,5,0.0,0.0,0.0,0.0,0,0.0
52.0,27.3,67.0,0.5,mid,-0.7,-0.7,5,0.0,0.0,0.0,0.0,0,0.0
52.0,27.3,69.0,1.0,mid,1.0,-0.3,7,0.0,0.0,0.0,0.0,0,0.0
52.0,27.3,70.0,0.0,initial,-1.0,0.0,6,0.0,0.0,0.0,0.0,0,0.0
52.0,27.4,53.0,2.6,initial,0.3,-1.0,6,0.7100518948098239,1.7392648331804237,0.0,4.260311368858943,1,0.16666666666666666
52.0,27.4,54.0,2.1,mid,0.9,-0.5,5,0.0,0.0,0.0,0.0,0,0.0
52.0,27.4,56.0,1.6,development,-0.5,-0.9,9,0.0,0.0,0.0,0.0,0,0.0
52.0,27.4,63.0,1.6,development,1.0,-0.3,7,0.0,0.0,0.0,0.0,0,0.0
52.0,27.4,68.0,0.0,late,-1.0,0.0,5,0.0,0.0,0.0,0.0,0,0.0
52.0,27.5,53.0,0.6,mid,-0.7,-0.7,5,0.0,0.0,0.0,0.0,0,0.0
52.0,27.6,52.0,0.4,initial,-0.9,-0.5,5,0.0,0.0,0.0,0.0,0,0.0
52.0,27.6,55.0,0.0,mid,-1.0,0.0,6,0.0,0.0,0.0,0.0,0,0.0
52.0,27.6,57.0,0.0,mid,-1.0,0.0,7,0.0,0.0,0.0,0.0,0,0.0
52.0,27.6,59.0,0.3,mid,-1.0,-0.3,6,0.0,0.0,0.0,0.0,0,0.0
52.0,27.7,54.0,0.0,development,-1.0,0.0,5,0.0,0.0,0.0,0.0,0,0.0
52.0,27.7,55.0,0.3,mid,-0.9,-0.5,6,0.0,0.0,0.0,0.0,0,0.0
52.0,27.7,59.0,1.5,development,1.0,-0.3,5,0.0,0.0,0.0,0.0,0,0.0
52.0,27.7,77.0,0.1,initial,-1.0,-0.3,5,0.0,0.0,0.0,0.0,0,0.0
52.0,27.8,43.0,0.2,mid,-1.0,-0.3,5,0.0,0.0,0.0,0.0,0,0.0
52.0,27.8,51.0,1.6,development,-0.3,-1.0,5,0.0,0.0,0.0,0.0,0,0.0
52.0,27.8,55.0,2.9,mid,0.5,-0.9,6,0.0,0.0,0.0,0.0,0,0.0
52.0,27.8,63.0,0.0,initial,-1.0,0.0,9,0.0,0.0,0.0,0.0,0,0.0
52.0,27.8,66.0,0.0,mid,-1.0,0.0,5,0.0,0.0,0.0,0.0,0,0.0
52.0,27.8,66.0,0.0,mid,-1.0,0.3,5,0.0,0.0,0.0,0.0,0,0.0
52.0,27.9,54.0,1.9,development,-0.5,-0.9,5,0.0,0.0,0.0,0.0,0,0.0
52.0,27.9,65.0,0.0,development,-1.0,0.3,5,0.0,0.0,0.0,0.0,0,0.0
52.0,27.9,65.0,0.5,mid,-0.9,-0.5,5,0.0,0.0,0.0,0.0,0,0.0
52.0,28.0,45.0,2.3,initial,-0.3,-1.0,5,1.655582775989903,2.267059924586886,0.0,4.162252277634224,2,0.4
52.0,28.0,55.0,2.4,mid,0.7,-0.7,5,0.0,0.0,0.0,0.0,0,0.0
52.0,28.0,60.0,0.0,development,-1.0,0.0,5,0.0,0.0,0.0,0.0,0,0.0
52.0,28.0,63.0,0.0,mid,-1.0,0.0,10,0.0,0.0,0.0,0.0,0,0.0
52.0,28.0,68.0,0.0,mid,-1.0,0.3,6,0.0,0.0,0.0,0.0,0,0.0
52.0,28.1,61.0,1.8,mid,0.9,-0.5,5,0.0,0.0,0.0,0.0,0,0.0
52.0,28.1,62.0,0.1,mid,-1.0,-0.3,6,0.0,0.0,0.0,0.0,0,0.0
52.0,28.1,64.0,0.1,mid,-1.0,-0.3,5,0.0,0.0,0.0,0.0,0,0.0
52.0,28.1,69.0,0.0,mid,-0.9,0.5,5,0.0,0.0,0.0,0.0,0,0.0
52.0,28.2,47.0,2.0,development,-0.5,-0.9,7,0.0,0.0,0.0,0.0,0,0.0
52.0,28.2,55.0,0.0,initial,-1.0,-0.3,7,0.0,0.0,0.0,0.0,0,0.0
52.0,28.2,56.0,2.4,late,0.0,-1.0,5,0.0,0.0,0.0,0.0,0,0.0
52.0,28.2,61.0,1.7,development,1.0,-0.3,6,0.0,0.0,0.0,0.0,0,0.0
52.0,28.3,53.0,0.1,mid,-1.0,-0.3,5,0.0,0.0,0.0,0.0,0,0.0
52.0,28.3,56.0,2.5,development,0.5,-0.9,5,0.0,0.0,0.0,0.0,0,0.0
52.0,28.4,60.0,0.2,initial,-1.0,-0.3,7,0.0,0.0,0.0,0.0,0,0.0
52.0,28.5,53.0,2.5,development,0.0,-1.0,5,0.0,0.0,0.0,0.0,0,0.0
52.0,28.5,55.0,1.8,mid,-0.3,-1.0,5,0.0,0.0,0.0,0.0,0,0.0
52.0,28.5,55.0,2.2,development,0.9,-0.5,5,0.0,0.0,0.0,0.0,0,0.0
52.0,28.5,55.0,2.4,late,0.5,-0.9,5,0.0,0.0,0.0,0.0,0,0.0
52.0,28.5,56.0,0.0,initial,-1.0,-0.3,5,0.0,0.0,0.0,0.0,0,0.0
52.0,28.5,57.0,2.3,mid,0.9,-0.5,7,0.0,0.0,0.0,0.0,0,0.0
52.0,28.6,43.0,2.4,initial,0.3,-1.0,5,0.0,0.0,0.0,0.0,0,0.0
52.0,28.6,58.0,2.0,development,0.5,-0.9,5,0.0,0.0,0.0,0.0,0,0.0
52.0,28.6,61.0,1.3,late,-0.5,-0.9,5,0.0,0.0,0.0,0.0,0,0.0
52.0,28.6,63.0,0.9,mid,-0.3,-1.0,5,0.0,0.0,0.0,0.0,0,0.0
52.0,28.7,51.0,2.0,late,0.0,-1.0,6,0.0,0.0,0.0,0.0,0,0.0
52.0,28.7,55.0,2.6,mid,0.7,-0.7,6,0.0,0.0,0.0,0.0,0,0.0
52.0,28.7,64.0,1.2,mid,0.3,-1.0,5,0.0,0.0,0.0,0.0,0,0.0
52.0,28.8,43.0,2.2,initial,0.0,-1.0,5,1.6523738831246824,2.2627420893826447,0.0,4.166014474137057,2,0.4
52.0,28.8,52.0,1.8,late,0.0,-1.0,5,0.0,0.0,0.0,0.0,0,0.0
52.0,28.8,58.0,2.6,mid,0.5,-0.9,6,0.0,0.0,0.0,0.0,0,0.0
52.0,28.8,63.0,0.7,mid,0.0,-1.0,5,0.0,0.0,0.0,0.0,0,0.0
52.0,28.9,54.0,2.2,mid,0.9,-0.5,7,0.0,0.0,0.0,0.0,0,0.0
52.0,28.9,61.0,0.0,development,-1.0,0.0,9,0.0,0.0,0.0,0.0,0,0.0
52.0,29.0,52.0,0.8,mid,-0.9,-0.5,5,0.0,0.0,0.0,0.0,0,0.0
52.0,29.0,53.0,0.6,mid,-0.9,-0.5,5,0.0,0.0,0.0,0.0,0,0.0
52.0,29.0,55.0,2.2,mid,0.9,-0.5,5,0.0,0.0,0.0,0.0,0,0.0
52.0,29.0,56.0,0.0,initial,-1.0,-0.3,5,0.0,0.0,0.0,0.0,0,0.0
52.0,29.0,56.0,2.4,development,0.9,-0.5,5,0.0,0.0,0.0,0.0,0,0.0
52.0,29.0,59.0,0.0,development,-1.0,0.0,6,0.0,0.0,0.0,0.0,0,0.0
52.0,29.0,60.0,0.6,mid,-0.9,-0.5,7,0.0,0.0,0.0,0.0,0,0.0
52.0,29.1,62.0,1.4,mid,0.5,-0.9,5,0.0,0.0,0.0,0.0,0,0.0
52.0,29.2,54.0,0.0,development,-1.0,0.0,5,0.0,0.0,0.0,0.0,0,0.0
52.0,29.2,56.0,1.5,mid,-0.3,-1.0,6,0.0,0.0,0.0,0.0,0,0.0
52.0,29.2,58.0,1.6,development,0.9,-0.5,7,0.0,0.0,0.0,0.0,0,0.0
52.0,29.2,61.0,2.4,initial,0.5,-0.9,5,1.6198294889234526,2.21811373103782,0.0,4.074646579933667,2,0.4
52.0,29.2,63.0,2.2,mid,0.9,-0.5,6,0.0,0.0,0.0,0.0,0,0.0
52.0,29.3,53.0,0.2,mid,-1.0,-0.3,5,0.0,0.0,0.0,0.0,0,0.0
52.0,29.3,56.0,1.5,mid,0.0,-1.0,8,0.0,0.0,0.0,0.0,0,0.0
52.0,29.3,56.0,2.1,mid,0.9,-0.5,5,0.0,0.0,0.0,0.0,0,0.0
52.0,29.3,61.0,1.7,development,0.9,-0.5,5,0.0,0.0,0.0,0.0,0,0.0
52.0,29.3,64.0,0.0,initial,-1.0,-0.3,5,0.0,0.0,0.0,0.0,0,0.0
52.0,29.4,52.0,2.5,development,0.9,-0.5,5,0.0,0.0,0.0,0.0,0,0.0
52.0,29.4,53.0,0.1,development,-1.0,-0.3,5,0.0,0.0,0.0,0.0,0,0.0
52.0,29.4,53.0,2.3,development,0.9,-0.5,7,0.0,0.0,0.0,0.0,0,0.0
52.0,29.4,54.0,0.2,development,-1.0,-0.3,5,0.0,0.0,0.0,0.0,0,0.0
52.0,29.4,58.0,1.6,development,0.9,-0.5,7,0.0,0.0,0.0,0.0,0,0.0
52.0,29.4,59.0,0.0,initial,-1.0,0.0,5,0.0,0.0,0.0,0.0,0,0.0
52.0,29.4,59.0,2.1,initial,0.9,-0.5,5,0.0,0.0,0.0,0.0,0,0.0
52.0,29.4,61.0,1.7,development,0.9,-0.5,5,0.0,0.0,0.0,0.0,0,0.0
52.0,29.5,46.0,2.2,mid,0.0,-1.0,5,0.0,0.0,0.0,0.0,0,0.0
52.0,29.5,47.0,2.0,late,0.0,-1.0,5,0.0,0.0,0.0,0.0,0,0.0
52.0,29.5,49.0,0.3,development,-1.0,-0.3,6,0.0,0.0,0.0,0.0,0,0.0
52.0,29.5,59.0,1.5,initial,0.9,-0.5,5,0.0,0.0,0.0,0.0,0,0.0
52.0,29.6,36.0,0.8,mid,-0.9,-0.5,5,0.0,0.0,0.0,0.0,0,0.0
52.0,29.6,42.0,0.7,mid,-0.9,-0.5,5,0.0,0.0,0.0,0.0,0,0.0
52.0,29.6,44.0,1.7,development,-0.5,-0.9,5,0.0,0.0,0.0,0.0,0,0.0
52.0,29.6,53.0,2.2,development,0.9,-0.5,5,0.0,0.0,0.0,0.0,0,0.0
52.0,29.6,55.0,0.0,mid,-1.0,-0.3,5,0.0,0.0,0.0,0.0,0,0.0
52.0,29.6,55.0,0.2,development,-1.0,-0.3,6,0.0,0.0,0.0,0.0,0,0.0
52.0,29.6,58.0,1.9,development,0.9,-0.5,6,0.0,0.0,0.0,0.0,0,0.0
52.0,29.6,59.0,0.4,development,-0.9,-0.5,5,0.0,0.0,0.0,0.0,0,0.0
52.0,29.6,60.0,2.6,initial,0.7,-0.7,5,0.8173653091716474,1.827684393757936,0.0,4.086826545858237,1,0.2
52.0,29.7,48.0,1.2,mid,-0.9,-0.5,5,0.0,0.0,0.0,0.0,0,0.0
52.0,29.7,53.0,2.6,initial,0.9,-0.5,6,0.0,0.0,0.0,0.0,0,0.0
52.0,29.7,54.0,0.9,mid,-0.7,-0.7,6,0.0,0.0,0.0,0.0,0,0.0
52.0,29.7,60.0,0.4,development,-0.9,-0.5,5,0.0,0.0,0.0,0.0,0,0.0
52.0,29.7,63.0,1.8,initial,0.9,-0.5,5,0.0,0.0,0.0,0.0,0,0.0
52.0,29.8,44.0,0.0,late,-1.0,-0.3,5,0.0,0.0,0.0,0.0,0,0.0
52.0,29.8,54.0,0.8,initial,-0.9,-0.5,7,0.0,0.0,0.0,0.0,0,0.0
52.0,29.8,55.0,2.1,development,0.9,-0.5,5,0.0,0.0,0.0,0.0,0,0.0
52.0,29.8,59.0,0.3,development,-0.9,-0.5,5,0.0,0.0,0.0,0.0,0,0.0
52.0,29.9,43.0,2.9,late,0.0,-1.0,6,0.0,0.0,0.0,0.0,0,0.0
52.0,29.9,44.0,1.6,mid,-0.5,-0.9,5,0.0,0.0,0.0,0.0,0,0.0
52.0,29.9,45.0,0.2,development,-1.0,-0.3,6,0.0,0.0,0.0,0.0,0,0.0
52.0,29.9,56.0,0.7,initial,-0.7,-0.7,7,0.0,0.0,0.0,0.0,0,0.0
52.0,29.9,56.0,1.5,late,-0.7,-0.7,5,0.0,0.0,0.0,0.0,0,0.0
52.0,30.0,43.0,2.0,mid,-0.5,-0.9,5,0.0,0.0,0.0,0.0,0,0.0
52.0,30.0,46.0,0.8,development,-0.7,-0.7,5,0.0,0.0,0.0,0.0,0,0.0
52.0,30.0,48.0,0.7,late,-0.9,-0.5,6,0.0,0.0,0.0,0.0,0,0.0
52.0,30.0,49.0,0.5,development,-0.9,-0.5,7,0.0,0.0,0.0,0.0,0,0.0
52.0,30.0,52.0,3.0,late,0.7,-0.7,6,0.0,0.0,0.0,0.0,0,0.0
52.0,30.0,54.0,2.0,development,0.9,-0.5,7,0.0,0.0,0.0,0.0,0,0.0
52.0,30.1,50.0,2.6,mid,0.3,-1.0,5,0.0,0.0,0.0,0.0,0,0.0
52.0,30.1,51.0,2.3,mid,0.0,-1.0,5,0.0,0.0,0.0,0.0,0,0.0
52.0,30.1,53.0,1.1,initial,-0.7,-0.7,5,0.0,0.0,0.0,0.0,0,0.0
52.0,30.2,49.0,1.0,mid,-0.7,-0.7,5,0.0,0.0,0.0,0.0,0,0.0
52.0,30.2,53.0,0.7,initial,-0.9,-0.5,5,0.0,0.0,0.0,0.0,0,0.0
52.0,30.2,61.0,1.6,initial,0.9,-0.5,5,0.0,0.0,0.0,0.0,0,0.0
52.0,30.3,44.0,2.4,development,-0.5,-0.9,5,0.0,0.0,0.0,0.0,0,0.0
52.0,30.3,48.0,0.2,mid,-1.0,-0.3,5,0.0,0.0,0.0,0.0,0,0.0
52.0,30.3,48.0,0.7,mid,-0.9,-0.5,5,0.0,0.0,0.0,0.0,0,0.0
52.0,30.3,52.0,0.8,mid,-0.9,-0.5,5,0.0,0.0,0.0,0.0,0,0.0
52.0,30.3,56.0,1.4,mid,0.5,-0.9,6,0.0,0.0,0.0,0.0,0,0.0
52.0,30.3,57.0,2.0,late,0.9,-0.5,5,0.0,0.0,0.0,0.0,0,0.0
52.0,30.3,58.0,0.0,mid,-1.0,0.0,5,0.0,0.0,0.0,0.0,0,0.0
52.0,30.4,41.0,2.7,development,0.3,-1.0,7,0.0,0.0,0.0,0.0,0,0.0
52.0,30.4,49.0,0.2,development,-1.0,-0.3,5,0.0,0.0,0.0,0.0,0,0.0
52.0,30.5,52.0,0.0,initial,-1.0,-0.3,5,0.0,0.0,0.0,0.0,0,0.0
52.0,30.6,48.0,1.0,development,-0.9,-0.5,5,0.0,0.0,0.0,0.0,0,0.0
52.0,30.6,52.0,0.9,development,-0.9,-0.5,6,0.0,0.0,0.0,0.0,0,0.0
52.0,30.7,47.0,2.2,development,-0.3,-1.0,5,0.0,0.0,0.0,0.0,0,0.0
52.0,30.7,47.0,2.6,development,0.7,-0.7,5,0.0,0.0,0.0,0.0,0,0.0
52.0,30.8,44.0,2.8,mid,0.3,-1.0,7,0.0,0.0,0.0,0.0,0,0.0
52.0,30.8,46.0,2.4,mid,0.7,-0.7,5,0.0,0.0,0.0,0.0,0,0.0
52.0,30.8,49.0,1.0,mid,-0.9,-0.5,5,0.0,0.0,0.0,0.0,0,0.0
52.0,30.8,51.0,2.9,development,0.7,-0.7,5,0.0,0.0,0.0,0.0,0,0.0
52.0,30.8,56.0,0.2,development,-1.0,-0.3,6,0.0,0.0,0.0,0.0,0,0.0
52.0,30.8,56.0,2.4,initial,0.5,-0.9,5,0.9430896475936921,2.1088125608958164,0.0,4.71544823796846,1,0.2
52.0,30.9,47.0,0.5,development,-0.9,-0.5,7,0.0,0.0,0.0,0.0,0,0.0
52.0,30.9,52.0,0.1,mid,-1.0,-0.3,5,0.0,0.0,0.0,0.0,0,0.0
52.0,31.0,51.0,1.3,initial,-0.7,-0.7,5,0.0,0.0,0.0,0.0,0,0.0
52.0,31.0,52.0,2.7,development,0.7,-0.7,6,0.0,0.0,0.0,0.0,0,0.0
52.0,31.1,43.0,3.2,development,0.3,-1.0,7,0.0,0.0,0.0,0.0,0,0.0
52.0,31.1,46.0,1.1,mid,-0.7,-0.7,5,0.0,0.0,0.0,0.0,0,0.0
52.0,31.1,48.0,2.2,late,-0.3,-1.0,6,0.0,0.0,0.0,0.0,0,0.0
52.0,31.2,45.0,0.7,mid,-0.9,-0.5,5,0.0,0.0,0.0,0.0,0,0.0
52.0,31.2,46.0,0.2,development,-1.0,-0.3,6,0.0,0.0,0.0,0.0,0,0.0
52.0,31.2,48.0,2.6,late,0.0,-1.0,5,0.0,0.0,0.0,0.0,0,0.0
52.0,31.2,49.0,2.3,development,0.7,-0.7,5,0.0,0.0,0.0,0.0,0,0.0
52.0,31.2,49.0,2.6,development,0.7,-0.7,5,0.0,0.0,0.0,0.0,0,0.0
52.0,31.2,52.0,0.7,development,-0.7,-0.7,7,0.0,0.0,0.0,0.0,0,0.0
52.0,31.3,45.0,1.5,initial,-0.7,-0.7,5,0.0,0.0,0.0,0.0,0,0.0
52.0,31.3,47.0,1.1,mid,-0.7,-0.7,5,0.0,0.0,0.0,0.0,0,0.0
52.0,31.4,36.0,3.2,development,0.3,-1.0,5,0.0,0.0,0.0,0.0,0,0.0
52.0,31.4,41.0,0.8,mid,-0.9,-0.5,5,0.0,0.0,0.0,0.0,0,0.0
52.0,31.4,49.0,0.2,development,-1.0,-0.3,5,0.0,0.0,0.0,0.0,0,0.0
52.0,31.4,51.0,2.2,mid,0.7,-0.7,5,0.0,0.0,0.0,0.0,0,0.0
52.0,31.4,54.0,2.8,development,0.7,-0.7,5,0.0,0.0,0.0,0.0,0,0.0
52.0,31.5,50.0,2.3,development,0.7,-0.7,8,0.0,0.0,0.0,0.0,0,0.0
52.0,31.6,52.0,0.2,mid,-1.0,-0.3,5,0.0,0.0,0.0,0.0,0,0.0
52.0,31.6,52.0,2.0,development,-0.3,-1.0,6,0.0,0.0,0.0,0.0,0,0.0
52.0,31.7,37.0,2.7,development,0.0,-1.0,9,0.46653952139583843,1.3996185641875154,0.0,4.198855692562546,1,0.1111111111111111
52.0,31.7,44.0,2.8,development,0.3,-1.0,5,0.0,0.0,0.0,0.0,0,0.0
52.0,31.7,44.0,3.0,development,0.7,-0.7,5,0.0,0.0,0.0,0.0,0,0.0
52.0,31.7,53.0,1.7,development,0.0,-1.0,5,0.0,0.0,0.0,0.0,0,0.0
52.0,31.8,41.0,1.6,late,-0.7,-0.7,5,0.0,0.0,0.0,0.0,0,0.0
52.0,31.8,47.0,1.3,initial,-0.7,-0.7,5,0.0,0.0,0.0,0.0,0,0.0
52.0,31.8,48.0,2.4,development,0.7,-0.7,7,0.0,0.0,0.0,0.0,0,0.0
52.0,31.8,49.0,2.3,development,0.7,-0.7,5,0.0,0.0,0.0,0.0,0,0.0
52.0,31.8,50.0,2.5,development,0.7,-0.7,6,0.0,0.0,0.0,0.0,0,0.0
52.0,31.8,51.0,3.0,late,0.7,-0.7,5,0.0,0.0,0.0,0.0,0,0.0
52.0,31.9,45.0,2.7,development,0.7,-0.7,5,0.0,0.0,0.0,0.0,0,0.0
52.0,31.9,46.0,0.7,initial,-0.9,-0.5,6,0.0,0.0,0.0,0.0,0,0.0
52.0,31.9,50.0,3.0,development,0.7,-0.7,5,0.0,0.0,0.0,0.0,0,0.0
52.0,31.9,52.0,2.2,mid,-0.3,-1.0,5,0.0,0.0,0.0,0.0,0,0.0
52.0,31.9,52.0,2.4,development,0.0,-1.0,5,0.0,0.0,0.0,0.0,0,0.0
52.0,32.0,42.0,1.4,mid,-0.7,-0.7,5,0.0,0.0,0.0,0.0,0,0.0
52.0,32.0,49.0,1.3,mid,-0.5,-0.9,7,0.0,0.0,0.0,0.0,0,0.0
52.0,32.0,49.0,2.3,late,0.0,-1.0,5,0.0,0.0,0.0,0.0,0,0.0
52.0,32.0,52.0,2.4,initial,0.7,-0.7,5,0.0,0.0,0.0,0.0,0,0.0
52.0,32.0,52.0,2.5,development,0.7,-0.7,5,0.0,0.0,0.0,0.0,0,0.0
52.0,32.1,41.0,3.4,development,0.5,-0.9,5,0.0,0.0,0.0,0.0,0,0.0
52.0,32.1,44.0,0.9,initial,-0.7,-0.7,6,0.0,0.0,0.0,0.0,0,0.0
52.0,32.1,45.0,3.4,mid,0.5,-0.9,5,0.0,0.0,0.0,0.0,0,0.0
52.0,32.1,48.0,2.8,development,0.7,-0.7,6,0.0,0.0,0.0,0.0,0,0.0
52.0,32.1,52.0,1.0,development,-0.7,-0.7,5,0.0,0.0,0.0,0.0,0,0.0
52.0,32.2,42.0,2.1,mid,-0.5,-0.9,5,0.0,0.0,0.0,0.0,0,0.0
52.0,32.2,44.0,3.3,late,0.5,-0.9,5,0.0,0.0,0.0,0.0,0,0.0
52.0,32.2,50.0,1.2,development,-0.5,-0.9,5,0.0,0.0,0.0,0.0,0,0.0
52.0,32.3,41.0,3.0,development,0.5,-0.9,5,0.0,0.0,0.0,0.0,0,0.0
52.0,32.3,45.0,0.1,development,-1.0,-0.3,5,0.0,0.0,0.0,0.0,0,0.0
52.0,32.3,47.0,3.2,mid,0.5,-0.9,5,0.0,0.0,0.0,0.0,0,0.0
52.0,32.3,50.0,2.6,late,-0.3,-1.0,5,0.0,0.0,0.0,0.0,0,0.0
52.0,32.4,40.0,2.6,mid,-0.3,-1.0,6,0.0,0.0,0.0,0.0,0,0.0
52.0,32.4,41.0,2.6,development,0.5,-0.9,5,0.0,0.0,0.0,0.0,0,0.0
52.0,32.4,42.0,3.1,development,0.7,-0.7,5,0.0,0.0,0.0,0.0,0,0.0
52.0,32.4,47.0,1.6,mid,-0.7,-0.7,5,0.0,0.0,0.0,0.0,0,0.0
52.0,32.4,51.0,2.5,initial,0.7,-0.7,7,2.897132083876491,1.9794185180810462,0.0,4.116573231740336,5,0.7142857142857143
52.0,32.4,53.0,2.4,development,0.3,-1.0,5,0.0,0.0,0.0,0.0,0,0.0
52.0,32.5,42.0,2.4,mid,0.0,-1.0,5,0.0,0.0,0.0,0.0,0,0.0
52.0,32.5,44.0,2.4,development,0.7,-0.7,7,0.0,0.0,0.0,0.0,0,0.0
52.0,32.5,46.0,2.8,mid,0.0,-1.0,5,0.0,0.0,0.0,0.0,0,0.0
52.0,32.5,48.0,1.7,late,-0.3,-1.0,5,0.0,0.0,0.0,0.0,0,0.0
52.0,32.5,50.0,2.4,initial,0.5,-0.9,7,0.0,0.0,0.0,0.0,0,0.0
52.0,32.6,37.0,3.1,mid,0.0,-1.0,6,0.0,0.0,0.0,0.0,0,0.0
52.0,32.6,41.0,2.9,late,0.5,-0.9,5,0.0,0.0,0.0,0.0,0,0.0
52.0,32.6,42.0,0.9,development,-0.9,-0.5,6,0.0,0.0,0.0,0.0,0,0.0
52.0,32.6,42.0,2.5,development,-0.3,-1.0,6,0.0,0.0,0.0,0.0,0,0.0
52.0,32.6,43.0,2.2,late,-0.3,-1.0,5,0.0,0.0,0.0,0.0,0,0.0
52.0,32.6,43.0,2.3,development,0.7,-0.7,8,0.0,0.0,0.0,0.0,0,0.0
52.0,32.6,49.0,1.4,development,-0.5,-0.9,5,0.0,0.0,0.0,0.0,0,0.0
52.0,32.7,37.0,0.8,development,-0.9,-0.5,5,0.0,0.0,0.0,0.0,0,0.0
52.0,32.7,43.0,2.9,development,0.7,-0.7,5,0.0,0.0,0.0,0.0,0,0.0
52.0,32.7,44.0,2.7,initial,0.5,-0.9,5,0.0,0.0,0.0,0.0,0,0.0
52.0,32.8,44.0,2.4,development,-0.3,-1.0,5,0.0,0.0,0.0,0.0,0,0.0
52.0,32.8,45.0,2.8,development,0.0,-1.0,5,0.0,0.0,0.0,0.0,0,0.0
52.0,32.8,47.0,2.8,development,0.5,-0.9,5,0.0,0.0,0.0,0.0,0,0.0
52.0,32.8,47.0,2.9,initial,0.5,-0.9,5,1.6975424156468677,2.324499942333119,0.0,4.264141880548642,2,0.4
52.0,32.8,48.0,2.0,late,0.0,-1.0,5,0.0,0.0,0.0,0.0,0,0.0
52.0,32.8,49.0,2.2,late,-0.3,-1.0,5,0.0,0.0,0.0,0.0,0,0.0
52.0,32.9,43.0,1.2,initial,-0.7,-0.7,5,0.0,0.0,0.0,0.0,0,0.0
52.0,33.0,39.0,2.4,mid,0.0,-1.0,5,0.0,0.0,0.0,0.0,0,0.0
52.0,33.0,40.0,1.2,late,-0.7,-0.7,6,0.0,0.0,0.0,0.0,0,0.0
52.0,33.0,41.0,2.6,mid,0.3,-1.0,5,0.0,0.0,0.0,0.0,0,0.0
52.0,33.0,42.0,1.8,mid,-0.5,-0.9,5,0.0,0.0,0.0,0.0,0,0.0
52.0,33.0,43.0,2.1,development,0.7,-0.7,5,0.0,0.0,0.0,0.0,0,0.0
52.0,33.0,47.0,2.8,development,0.5,-0.9,5,0.0,0.0,0.0,0.0,0,0.0
52.0,33.1,39.0,2.9,mid,0.5,-0.9,8,0.0,0.0,0.0,0.0,0,0.0
52.0,33.1,40.0,2.9,development,0.0,-1.0,5,0.0,0.0,0.0,0.0,0,0.0
52.0,33.1,46.0,0.3,mid,-1.0,-0.3,5,0.0,0.0,0.0,0.0,0,0.0
52.0,33.1,46.0,1.3,development,-0.7,-0.7,5,0.0,0.0,0.0,0.0,0,0.0
52.0,33.1,46.0,2.4,development,0.5,-0.9,7,0.0,0.0,0.0,0.0,0,0.0
52.0,33.1,47.0,2.1,mid,-0.3,-1.0,6,0.0,0.0,0.0,0.0,0,0.0
52.0,33.2,35.0,1.3,initial,-0.7,-0.7,6,0.0,0.0,0.0,0.0,0,0.0
52.0,33.2,44.0,1.0,late,-0.9,-0.5,5,0.0,0.0,0.0,0.0,0,0.0
52.0,33.2,46.0,0.6,initial,-0.7,-0.7,5,0.0,0.0,0.0,0.0,0,0.0
52.0,33.3,37.0,2.4,late,-0.5,-0.9,5,0.0,0.0,0.0,0.0,0,0.0
52.0,33.3,45.0,0.5,mid,-0.9,-0.5,5,0.0,0.0,0.0,0.0,0,0.0
52.0,33.4,37.0,1.4,mid,-0.7,-0.7,5,0.0,0.0,0.0,0.0,0,0.0
52.0,33.4,39.0,2.6,late,-0.3,-1.0,5,0.8004192363657239,1.7897918230122305,0.0,4.00209618182862,1,0.2
52.0,33.4,41.0,1.4,mid,-0.7,-0.7,5,0.0,0.0,0.0,0.0,0,0.0
52.0,33.4,45.0,1.7,development,-0.5,-0.9,5,0.0,0.0,0.0,0.0,0,0.0
52.0,33.4,46.0,2.7,development,0.0,-1.0,7,0.0,0.0,0.0,0.0,0,0.0
52.0,33.5,38.0,0.8,development,-0.9,-0.5,7,0.0,0.0,0.0,0.0,0,0.0
52.0,33.5,39.0,3.0,initial,0.5,-0.9,5,0.0,0.0,0.0,0.0,0,0.0
52.0,33.5,42.0,2.8,development,0.5,-0.9,8,0.0,0.0,0.0,0.0,0,0.0
52.0,33.5,45.0,2.4,development,-0.3,-1.0,5,0.0,0.0,0.0,0.0,0,0.0
52.0,33.6,34.0,2.3,mid,-0.5,-0.9,6,0.0,0.0,0.0,0.0,0,0.0
52.0,33.6,40.0,1.6,development,-0.7,-0.7,5,0.0,0.0,0.0,0.0,0,0.0
52.0,33.6,40.0,2.9,initial,0.5,-0.9,5,0.0,0.0,0.0,0.0,0,0.0
52.0,33.6,43.0,2.6,mid,0.0,-1.0,5,0.0,0.0,0.0,0.0,0,0.0
52.0,33.7,44.0,0.7,development,-0.9,-0.5,6,0.0,0.0,0.0,0.0,0,0.0
52.0,33.8,34.0,2.7,mid,-0.3,-1.0,5,0.0,0.0,0.0,0.0,0,0.0
52.0,33.8,36.0,3.6,development,0.5,-0.9,5,0.0,0.0,0.0,0.0,0,0.0
52.0,33.8,44.0,2.9,mid,0.5,-0.9,6,0.0,0.0,0.0,0.0,0,0.0
52.0,33.8,45.0,2.5,mid,0.0,-1.0,5,0.0,0.0,0.0,0.0,0,0.0
52.0,33.8,46.0,2.5,initial,0.5,-0.9,5,0.0,0.0,0.0,0.0,0,0.0
52.0,33.9,36.0,3.0,development,0.5,-0.9,6,0.0,0.0,0.0,0.0,0,0.0
52.0,33.9,43.0,2.9,development,0.3,-1.0,6,0.0,0.0,0.0,0.0,0,0.0
52.0,33.9,44.0,2.8,development,0.3,-1.0,6,0.0,0.0,0.0,0.0,0,0.0
52.0,34.0,38.0,2.4,late,-0.3,-1.0,8,0.5368310822590674,1.5183875944683993,0.0,4.294648658072539,1,0.125
52.0,34.0,38.0,3.1,late,0.3,-1.0,5,3.4664554838808117,1.937808467985215,0.0,4.335633189817521,4,0.8
52.0,34.0,42.0,2.5,initial,0.5,-0.9,5,0.0,0.0,0.0,0.0,0,0.0
52.0,34.0,44.0,1.0,mid,-0.9,-0.5,5,0.0,0.0,0.0,0.0,0,0.0
52.0,34.1,32.0,1.8,development,-0.7,-0.7,5,0.0,0.0,0.0,0.0,0,0.0
52.0,34.1,39.0,3.4,late,0.3,-1.0,6,0.7276084368718365,1.782269402880065,0.0,4.365650621231019,1,0.16666666666666666
52.0,34.1,41.0,3.5,mid,0.5,-0.9,5,0.0,0.0,0.0,0.0,0,0.0
52.0,34.1,44.0,2.8,development,0.0,-1.0,5,0.0,0.0,0.0,0.0,0,0.0
52.0,34.2,38.0,3.1,mid,0.0,-1.0,6,0.0,0.0,0.0,0.0,0,0.0
52.0,34.4,39.0,3.1,development,0.3,-1.0,5,0.0,0.0,0.0,0.0,0,0.0
52.0,34.4,41.0,2.6,initial,0.5,-0.9,5,0.0,0.0,0.0,0.0,0,0.0
52.0,34.4,45.0,2.5,mid,-0.5,-0.9,5,0.0,0.0,0.0,0.0,0,0.0
52.0,34.5,31.0,2.1,development,-0.5,-0.9,6,0.0,0.0,0.0,0.0,0,0.0
52.0,34.5,36.0,2.9,development,0.3,-1.0,5,0.8614205501472696,1.9261949073445614,0.0,4.307102750736348,1,0.2
52.0,34.6,38.0,3.3,mid,0.0,-1.0,5,0.0,0.0,0.0,0.0,0,0.0
52.0,34.7,36.0,3.0,late,0.0,-1.0,7,0.6009973973091098,1.590089651876984,0.0,4.206981781163769,1,0.14285714285714285
52.0,34.8,36.0,1.4,development,-0.7,-0.7,5,0.0,0.0,0.0,0.0,0,0.0
52.0,34.8,40.0,0.9,mid,-0.9,-0.5,5,0.0,0.0,0.0,0.0,0,0.0
52.0,34.8,45.0,3.2,development,0.0,-1.0,5,2.4636867465116277,2.2490300535954764,0.0,4.111096217821565,3,0.6
52.0,34.9,40.0,1.3,mid,-0.7,-0.7,6,0.0,0.0,0.0,0.0,0,0.0
52.0,35.1,40.0,3.2,late,0.0,-1.0,5,4.144426829127323,0.24833242809101566,4.019121777127243,4.5879062350159785,5,1.0
52.0,35.2,40.0,2.3,mid,-0.3,-1.0,5,0.0,0.0,0.0,0.0,0,0.0
52.0,35.2,41.0,2.7,mid,0.0,-1.0,5,0.0,0.0,0.0,0.0,0,0.0
52.0,35.6,35.0,3.1,late,0.3,-1.0,5,0.8523975605179629,1.906018889173156,0.0,4.261987802589815,1,0.2
52.0,35.7,34.0,3.2,initial,0.3,-1.0,5,1.6079764338767006,2.2018124335910683,0.0,4.020377887652849,2,0.4
52.0,35.7,37.0,2.0,mid,-0.5,-0.9,5,0.0,0.0,0.0,0.0,0,0.0
52.0,36.0,37.0,3.0,late,0.0,-1.0,5,0.8713414244440898,1.9483786566684815,0.0,4.356707122220449,1,0.2
52.0,36.3,35.0,2.5,initial,-0.3,-1.0,5,4.17908531587276,0.20486766266595094,4.004994911041301,4.401981054235762,5,1.0
52.0,36.4,33.0,3.3,late,0.0,-1.0,5,4.2744187935015905,0.0024228137256936144,4.2724004632907295,4.2782872597390735,5,1.0
52.0,36.5,31.0,3.0,initial,0.3,-1.0,7,1.3706081214297987,2.3408316361942867,0.0,4.829070558503759,2,0.2857142857142857
52.0,36.5,33.0,2.9,late,0.0,-1.0,5,0.8500288875862964,1.9007223754814857,0.0,4.250144437931482,1,0.2
52.0,36.5,34.0,2.0,mid,-0.5,-0.9,6,0.0,0.0,0.0,0.0,0,0.0
52.0,37.0,38.0,2.3,development,-0.3,-1.0,5,0.0,0.0,0.0,0.0,0,0.0
52.0,37.2,28.0,2.1,mid,-0.5,-0.9,5,0.0,0.0,0.0,0.0,0,0.0
53.0,18.0,100.0,0.0,late,0.7,0.7,6,0.0,0.0,0.0,0.0,0,0.0
53.0,18.0,100.0,0.0,mid,0.9,0.5,6,0.0,0.0,0.0,0.0,0,0.0
53.0,18.1,99.0,0.0,development,0.7,0.7,5,0.0,0.0,0.0,0.0,0,0.0
53.0,18.5,89.0,0.0,initial,0.0,1.0,6,0.0,0.0,0.0,0.0,0,0.0
53.0,18.7,96.0,0.0,initial,0.9,0.5,5,0.0,0.0,0.0,0.0,0,0.0
53.0,18.7,98.0,0.0,development,1.0,0.3,5,0.0,0.0,0.0,0.0,0,0.0
53.0,18.7,100.0,0.0,initial,0.5,0.9,5,0.0,0.0,0.0,0.0,0,0.0
53.0,18.8,95.0,0.0,late,0.3,1.0,5,0.0,0.0,0.0,0.0,0,0.0
53.0,18.8,100.0,0.0,initial,0.9,0.5,6,0.0,0.0,0.0,0.0,0,0.0
53.0,18.9,94.0,0.0,initial,0.0,1.0,5,0.0,0.0,0.0,0.0,0,0.0
53.0,18.9,96.0,0.0,initial,0.3,1.0,6,0.0,0.0,0.0,0.0,0,0.0
53.0,18.9,100.0,0.0,initial,0.9,0.5,6,0.0,0.0,0.0,0.0,0,0.0
53.0,19.0,100.0,0.0,development,0.7,0.7,5,0.0,0.0,0.0,0.0,0,0.0
53.0,19.1,86.0,0.0,initial,-0.5,0.9,6,0.0,0.0,0.0,0.0,0,0.0
53.0,19.1,100.0,0.0,initial,1.0,0.3,5,0.0,0.0,0.0,0.0,0,0.0
53.0,19.2,94.0,0.0,initial,-0.5,0.9,5,0.0,0.0,0.0,0.0,0,0.0
53.0,19.2,96.0,0.0,development,0.9,0.5,5,0.0,0.0,0.0,0.0,0,0.0
53.0,19.2,98.0,0.0,development,-0.3,1.0,5,0.0,0.0,0.0,0.0,0,0.0
53.0,19.2,98.0,0.0,development,0.3,1.0,5,0.0,0.0,0.0,0.0,0,0.0
53.0,19.2,98.0,0.0,development,1.0,0.3,5,0.0,0.0,0.0,0.0,0,0.0
53.0,19.2,98.0,0.0,late,0.7,0.7,5,0.0,0.0,0.0,0.0,0,0.0
53.0,19.2,98.0,0.0,late,0.9,0.5,7,0.0,0.0,0.0,0.0,0,0.0
53.0,19.2,100.0,0.0,development,0.5,0.9,5,0.0,0.0,0.0,0.0,0,0.0
53.0,19.3,100.0,0.0,mid,0.5,0.9,5,0.0,0.0,0.0,0.0,0,0.0
53.0,19.4,97.0,0.0,development,0.7,0.7,5,0.0,0.0,0.0,0.0,0,0.0
53.0,19.4,98.0,0.0,development,0.9,0.5,8,0.0,0.0,0.0,0.0,0,0.0
53.0,19.4,100.0,0.0,late,-0.3,1.0,5,0.0,0.0,0.0,0.0,0,0.0
53.0,19.5,96.0,0.0,development,0.0,1.0,5,0.0,0.0,0.0,0.0,0,0.0
53.0,19.5,98.0,0.0,development,0.9,0.5,5,0.0,0.0,0.0,0.0,0,0.0
53.0,19.5,100.0,0.0,mid,0.5,0.9,5,0.0,0.0,0.0,0.0,0,0.0
53.0,19.6,93.0,0.0,initial,0.9,0.5,7,0.0,0.0,0.0,0.0,0,0.0
53.0,19.6,97.0,0.0,development,0.9,0.5,9,0.0,0.0,0.0,0.0,0,0.0
53.0,19.6,98.0,0.0,development,0.9,0.5,13,0.0,0.0,0.0,0.0,0,0.0
53.0,19.6,98.0,0.0,late,1.0,0.3,6,0.0,0.0,0.0,0.0,0,0.0
53.0,19.6,100.0,0.0,initial,0.7,0.7,11,0.0,0.0,0.0,0.0,0,0.0
53.0,19.6,100.0,0.0,initial,0.9,0.5,7,0.0,0.0,0.0,0.0,0,0.0
53.0,19.6,100.0,0.0,mid,0.3,1.0,6,0.0,0.0,0.0,0.0,0,0.0
53.0,19.7,95.0,0.2,development,1.0,0.0,6,0.0,0.0,0.0,0.0,0,0.0
53.0,19.7,96.0,0.0,development,1.0,0.3,6,0.0,0.0,0.0,0.0,0,0.0
53.0,19.7,97.0,0.0,development,-0.3,1.0,8,0.0,0.0,0.0,0.0,0,0.0
53.0,19.7,97.0,0.0,initial,0.9,0.5,5,0.0,0.0,0.0,0.0,0,0.0
53.0,19.7,100.0,0.0,development,1.0,0.3,5,0.0,0.0,0.0,0.0,0,0.0
53.0,19.8,94.0,0.0,development,-0.3,1.0,5,0.0,0.0,0.0,0.0,0,0.0
53.0,19.8,96.0,0.0,development,0.9,0.5,6,0.0,0.0,0.0,0.0,0,0.0
53.0,19.8,97.0,0.0,initial,0.5,0.9,6,0.0,0.0,0.0,0.0,0,0.0
53.0,19.8,99.0,0.0,initial,0.3,1.0,8,0.0,0.0,0.0,0.0,0,0.0
53.0,19.8,99.0,0.0,initial,0.5,0.9,6,0.0,0.0,0.0,0.0,0,0.0
53.0,19.8,100.0,0.1,mid,1.0,0.3,5,0.0,0.0,0.0,0.0,0,0.0
53.0,19.9,97.0,0.0,mid,0.9,0.5,5,0.0,0.0,0.0,0.0,0,0.0
53.0,19.9,98.0,0.0,initial,1.0,0.3,5,0.0,0.0,0.0,0.0,0,0.0
53.0,19.9,99.0,0.0,development,1.0,0.3,5,0.0,0.0,0.0,0.0,0,0.0
53.0,19.9,100.0,0.0,late,0.9,0.5,5,0.0,0.0,0.0,0.0,0,0.0
53.0,19.9,100.0,0.0,mid,0.5,0.9,5,0.0,0.0,0.0,0.0,0,0.0
53.0,20.0,90.0,0.3,initial,1.0,0.0,5,0.0,0.0,0.0,0.0,0,0.0
53.0,20.0,91.0,0.0,initial,0.0,1.0,5,0.0,0.0,0.0,0.0,0,0.0
53.0,20.0,94.0,0.0,development,0.3,1.0,7,0.0,0.0,0.0,0.0,0,0.0
53.0,20.0,96.0,0.0,development,0.0,1.0,5,0.0,0.0,0.0,0.0,0,0.0
53.0,20.0,97.0,0.0,development,0.3,1.0,5,0.0,0.0,0.0,0.0,0,0.0
53.0,20.0,97.0,0.0,development,0.5,0.9,7,0.0,0.0,0.0,0.0,0,0.0
53.0,20.0,97.0,0.2,development,1.0,0.0,5,0.0,0.0,0.0,0.0,0,0.0
53.0,20.0,100.0,0.0,development,0.7,0.7,5,0.0,0.0,0.0,0.0,0,0.0
53.0,20.1,92.0,0.0,development,1.0,0.3,5,0.0,0.0,0.0,0.0,0,0.0
53.0,20.1,97.0,0.0,initial,0.7,0.7,6,0.0,0.0,0.0,0.0,0,0.0
53.0,20.1,98.0,0.0,development,0.3,1.0,5,0.0,0.0,0.0,0.0,0,0.0
53.0,20.1,99.0,0.0,mid,0.5,0.9,5,0.0,0.0,0.0,0.0,0,0.0
53.0,20.2,85.0,0.0,late,-0.5,0.9,5,0.0,0.0,0.0,0.0,0,0.0
53.0,20.2,88.0,0.0,mid,0.7,0.7,5,0.0,0.0,0.0,0.0,0,0.0
53.0,20.2,92.0,0.0,development,0.9,0.5,5,0.0,0.0,0.0,0.0,0,0.0
53.0,20.2,92.0,0.0,mid,0.7,0.7,6,0.0,0.0,0.0,0.0,0,0.0
53.0,20.2,95.0,0.0,development,0.5,0.9,5,0.0,0.0,0.0,0.0,0,0.0
53.0,20.2,95.0,0.0,initial,0.3,1.0,6,0.0,0.0,0.0,0.0,0,0.0
53.0,20.2,96.0,0.0,development,0.9,0.5,6,0.0,0.0,0.0,0.0,0,0.0
53.0,20.2,97.0,0.0,development,0.0,1.0,7,0.0,0.0,0.0,0.0,0,0.0
53.0,20.2,97.0,0.0,development,0.5,0.9,5,0.0,0.0,0.0,0.0,0,0.0
53.0,20.2,98.0,0.0,initial,0.9,0.5,5,0.0,0.0,0.0,0.0,0,0.0
53.0,20.2,98.0,0.0,late,1.0,0.3,7,0.0,0.0,0.0,0.0,0,0.0
53.0,20.3,95.0,0.0,initial,-0.5,0.9,5,0.0,0.0,0.0,0.0,0,0.0
53.0,20.3,96.0,0.0,development,-0.3,1.0,5,0.0,0.0,0.0,0.0,0,0.0
53.0,20.3,97.0,0.2,late,1.0,0.0,6,0.0,0.0,0.0,0.0,0,0.0
53.0,20.3,98.0,0.0,mid,0.3,1.0,10,0.0,0.0,0.0,0.0,0,0.0
53.0,20.4,92.0,0.0,development,-0.3,1.0,6,0.0,0.0,0.0,0.0,0,0.0
53.0,20.4,92.0,0.0,development,0.3,1.0,6,0.0,0.0,0.0,0.0,0,0.0
53.0,20.4,93.0,0.0,development,0.3,1.0,5,0.0,0.0,0.0,0.0,0,0.0
53.0,20.4,95.0,0.0,development,-0.3,1.0,6,0.0,0.0,0.0,0.0,0,0.0
53.0,20.4,96.0,0.0,initial,-0.5,0.9,7,0.0,0.0,0.0,0.0,0,0.0
53.0,20.4,97.0,0.0,development,0.9,0.5,6,0.0,0.0,0.0,0.0,0,0.0
53.0,20.4,97.0,0.0,development,1.0,0.3,5,0.0,0.0,0.0,0.0,0,0.0
53.0,20.4,98.0,0.0,late,-0.5,0.9,5,0.0,0.0,0.0,0.0,0,0.0
53.0,20.4,98.0,0.0,late,0.5,0.9,7,0.0,0.0,0.0,0.0,0,0.0
53.0,20.5,92.0,0.0,initial,-0.7,0.7,6,0.0,0.0,0.0,0.0,0,0.0
53.0,20.5,92.0,0.0,late,0.3,1.0,5,0.0,0.0,0.0,0.0,0,0.0
53.0,20.5,98.0,0.0,development,0.5,0.9,5,0.0,0.0,0.0,0.0,0,0.0
53.0,20.5,98.0,0.0,mid,0.0,1.0,7,0.0,0.0,0.0,0.0,0,0.0
53.0,20.5,98.0,0.0,mid,0.5,0.9,5,0.0,0.0,0.0,0.0,0,0.0
53.0,20.6,88.0,0.0,mid,-0.3,1.0,5,0.0,0.0,0.0,0.0,0,0.0
53.0,20.6,89.0,0.0,development,-0.7,0.7,5,0.0,0.0,0.0,0.0,0,0.0
53.0,20.6,92.0,0.0,development,0.0,1.0,5,0.0,0.0,0.0,0.0,0,0.0
53.0,20.6,95.0,0.0,mid,-0.7,0.7,5,0.0,0.0,0.0,0.0,0,0.0
53.0,20.6,96.0,0.2,development,1.0,0.0,5,0.0,0.0,0.0,0.0,0,0.0
53.0,20.6,97.0,0.0,mid,0.3,1.0,9,0.0,0.0,0.0,0.0,0,0.0
53.0,20.6,98.0,0.0,development,0.9,0.5,7,0.0,0.0,0.0,0.0,0,0.0
53.0,20.6,100.0,0.0,mid,0.9,0.5,6,0.0,0.0,0.0,0.0,0,0.0
53.0,20.7,92.0,0.0,initial,-0.7,0.7,6,0.0,0.0,0.0,0.0,0,0.0
53.0,20.7,92.0,0.0,initial,0.3,1.0,5,0.0,0.0,0.0,0.0,0,0.0
53.0,20.7,94.0,0.0,late,0.7,0.7,6,0.0,0.0,0.0,0.0,0,0.0
53.0,20.7,95.0,0.0,development,0.7,0.7,7,0.0,0.0,0.0,0.0,0,0.0
53.0,20.7,95.0,0.0,mid,0.0,1.0,6,0.0,0.0,0.0,0.0,0,0.0
53.0,20.7,97.0,0.0,mid,-0.3,1.0,7,0.0,0.0,0.0,0.0,0,0.0
53.0,20.7,100.0,0.0,development,0.7,0.7,8,0.0,0.0,0.0,0.0,0,0.0
53.0,20.8,83.0,0.0,initial,-1.0,0.3,5,0.0,0.0,0.0,0.0,0,0.0
53.0,20.8,93.0,0.2,initial,1.0,0.0,5,0.0,0.0,0.0,0.0,0,0.0
53.0,20.8,94.0,0.0,initial,-0.3,1.0,6,0.0,0.0,0.0,0.0,0,0.0
53.0,20.8,94.0,0.0,late,-0.7,0.7,6,0.0,0.0,0.0,0.0,0,0.0
53.0,20.8,96.0,0.0,mid,0.9,0.5,5,0.0,0.0,0.0,0.0,0,0.0
53.0,20.8,97.0,0.0,mid,1.0,0.3,12,0.0,0.0,0.0,0.0,0,0.0
53.0,20.8,98.0,0.0,mid,0.9,0.5,5,0.0,0.0,0.0,0.0,0,0.0
53.0,20.8,99.0,0.0,development,0.5,0.9,6,0.0,0.0,0.0,0.0,0,0.0
53.0,20.9,93.0,0.0,mid,-0.3,1.0,6,0.0,0.0,0.0,0.0,0,0.0
53.0,20.9,97.0,0.0,initial,0.5,0.9,5,0.0,0.0,0.0,0.0,0,0.0
53.0,20.9,97.0,0.0,mid,0.5,0.9,6,0.0,0.0,0.0,0.0,0,0.0
53.0,20.9,97.0,0.0,mid,0.7,0.7,8,0.0,0.0,0.0,0.0,0,0.0
53.0,20.9,98.0,0.0,late,0.9,0.5,6,0.0,0.0,0.0,0.0,0,0.0
53.0,21.0,90.0,0.0,mid,1.0,0.3,6,0.0,0.0,0.0,0.0,0,0.0
53.0,21.0,91.0,0.0,initial,-0.9,0.5,5,0.0,0.0,0.0,0.0,0,0.0
53.0,21.0,92.0,0.0,development,-0.3,1.0,5,0.0,0.0,0.0,0.0,0,0.0
53.0,21.0,93.0,0.0,initial,-0.7,0.7,5,0.0,0.0,0.0,0.0,0,0.0
53.0,21.0,94.0,0.0,development,-0.9,0.5,6,0.0,0.0,0.0,0.0,0,0.0
53.0,21.0,95.0,0.0,initial,0.0,1.0,6,0.0,0.0,0.0,0.0,0,0.0
53.0,21.0,95.0,0.0,initial,0.7,0.7,5,0.0,0.0,0.0,0.0,0,0.0
53.0,21.0,97.0,0.0,initial,0.3,1.0,5,0.0,0.0,0.0,0.0,0,0.0
53.0,21.0,98.0,0.0,initial,0.5,0.9,6,0.0,0.0,0.0,0.0,0,0.0
53.0,21.0,98.0,0.0,initial,0.7,0.7,5,0.0,0.0,0.0,0.0,0,0.0
53.0,21.1,88.0,0.0,late,0.3,1.0,5,0.0,0.0,0.0,0.0,0,0.0
53.0,21.1,90.0,0.0,mid,0.7,0.7,5,0.0,0.0,0.0,0.0,0,0.0
53.0,21.1,91.0,0.0,initial,-0.9,0.5,5,0.0,0.0,0.0,0.0,0,0.0
53.0,21.1,94.0,0.0,development,0.5,0.9,7,0.0,0.0,0.0,0.0,0,0.0
53.0,21.1,95.0,0.2,development,1.0,0.0,6,0.0,0.0,0.0,0.0,0,0.0
53.0,21.1,96.0,0.0,initial,-0.3,1.0,7,0.0,0.0,0.0,0.0,0,0.0
53.0,21.1,96.0,0.0,mid,0.9,0.5,5,0.0,0.0,0.0,0.0,0,0.0
53.0,21.1,97.0,0.0,mid,0.9,0.5,5,0.0,0.0,0.0,0.0,0,0.0
53.0,21.1,98.0,0.0,initial,0.9,0.5,5,0.0,0.0,0.0,0.0,0,0.0
53.0,21.2,84.0,0.0,development,-0.9,0.5,5,0.0,0.0,0.0,0.0,0,0.0
53.0,21.2,87.0,0.0,development,-0.9,0.5,5,0.0,0.0,0.0,0.0,0,0.0
53.0,21.2,90.0,0.0,development,-0.5,0.9,5,0.0,0.0,0.0,0.0,0,0.0
53.0,21.2,94.0,0.0,initial,-0.3,1.0,8,0.0,0.0,0.0,0.0,0,0.0
53.0,21.2,94.0,0.0,mid,0.0,1.0,5,0.0,0.0,0.0,0.0,0,0.0
53.0,21.2,94.0,0.0,mid,0.5,0.9,7,0.0,0.0,0.0,0.0,0,0.0
53.0,21.2,95.0,0.0,initial,-0.5,0.9,6,0.0,0.0,0.0,0.0,0,0.0
53.0,21.2,96.0,0.0,initial,-0.3,1.0,6,0.0,0.0,0.0,0.0,0,0.0
53.0,21.2,96.0,0.0,mid,0.7,0.7,6,0.0,0.0,0.0,0.0,0,0.0
53.0,21.2,99.0,0.0,mid,0.5,0.9,6,0.0,0.0,0.0,0.0,0,0.0
53.0,21.2,99.0,0.0,mid,0.9,0.5,7,0.0,0.0,0.0,0.0,0,0.0
53.0,21.2,100.0,0.0,mid,0.9,0.5,5,0.0,0.0,0.0,0.0,0,0.0
53.0,21.3,85.0,0.0,mid,-0.5,0.9,6,0.0,0.0,0.0,0.0,0,0.0
53.0,21.3,91.0,0.0,development,-0.5,0.9,6,0.0,0.0,0.0,0.0,0,0.0
53.0,21.3,93.0,0.0,development,-0.9,0.5,5,0.0,0.0,0.0,0.0,0,0.0
53.0,21.3,93.0,0.0,initial,-0.5,0.9,5,0.0,0.0,0.0,0.0,0,0.0
53.0,21.3,98.0,0.0,initial,0.0,1.0,5,0.0,0.0,0.0,0.0,0,0.0
53.0,21.4,87.0,0.0,initial,-1.0,0.3,5,0.0,0.0,0.0,0.0,0,0.0
53.0,21.4,89.0,0.0,initial,-0.9,0.5,5,0.0,0.0,0.0,0.0,0,0.0
53.0,21.4,89.0,0.0,mid,0.9,0.5,5,0.0,0.0,0.0,0.0,0,0.0
53.0,21.4,90.0,0.0,late,-0.9,0.5,6,0.0,0.0,0.0,0.0,0,0.0
53.0,21.4,91.0,0.0,development,0.3,1.0,5,0.0,0.0,0.0,0.0,0,0.0
53.0,21.4,93.0,0.2,development,1.0,0.3,5,0.0,0.0,0.0,0.0,0,0.0
53.0,21.4,95.0,0.0,development,0.7,0.7,7,0.0,0.0,0.0,0.0,0,0.0
53.0,21.4,95.0,0.0,mid,0.0,1.0,5,0.0,0.0,0.0,0.0,0,0.0
53.0,21.4,96.0,0.0,late,-0.3,1.0,5,0.0,0.0,0.0,0.0,0,0.0
53.0,21.4,96.0,0.0,late,0.5,0.9,7,0.0,0.0,0.0,0.0,0,0.0
53.0,21.4,98.0,0.0,development,0.3,1.0,5,0.0,0.0,0.0,0.0,0,0.0
53.0,21.4,98.0,0.0,mid,0.5,0.9,6,0.0,0.0,0.0,0.0,0,0.0
53.0,21.4,99.0,0.1,initial,1.0,0.3,6,0.0,0.0,0.0,0.0,0,0.0
53.0,21.5,87.0,0.8,initial,1.0,-0.3,5,0.0,0.0,0.0,0.0,0,0.0
53.0,21.5,89.0,0.0,development,-0.5,0.9,5,0.0,0.0,0.0,0.0,0,0.0
53.0,21.5,90.0,0.0,development,-0.7,0.7,5,0.0,0.0,0.0,0.0,0,0.0
53.0,21.5,91.0,0.0,late,0.0,1.0,6,0.0,0.0,0.0,0.0,0,0.0
53.0,21.5,92.0,0.4,late,1.0,0.0,6,0.0,0.0,0.0,0.0,0,0.0
53.0,21.5,93.0,0.0,late,-1.0,0.3,5,0.0,0.0,0.0,0.0,0,0.0
53.0,21.5,95.0,0.0,initial,0.5,0.9,5,0.0,0.0,0.0,0.0,0,0.0
53.0,21.5,96.0,0.0,mid,0.9,0.5,5,0.0,0.0,0.0,0.0,0,0.0
53.0,21.5,97.0,0.0,initial,0.3,1.0,5,0.0,0.0,0.0,0.0,0,0.0
53.0,21.5,97.0,0.0,mid,0.0,1.0,7,0.0,0.0,0.0,0.0,0,0.0
53.0,21.5,98.0,0.0,late,-0.5,0.9,5,0.0,0.0,0.0,0.0,0,0.0
53.0,21.5,98.0,0.0,late,0.3,1.0,5,0.0,0.0,0.0,0.0,0,0.0
53.0,21.6,72.0,0.0,late,-1.0,0.0,5,0.0,0.0,0.0,0.0,0,0.0
53.0,21.6,78.0,0.0,development,-1.0,0.3,6,0.0,0.0,0.0,0.0,0,0.0
53.0,21.6,93.0,0.0,development,-0.5,0.9,5,0.0,0.0,0.0,0.0,0,0.0
53.0,21.6,93.0,0.0,development,0.5,0.9,7,0.0,0.0,0.0,0.0,0,0.0
53.0,21.6,96.0,0.0,initial,0.9,0.5,7,0.0,0.0,0.0,0.0,0,0.0
53.0,21.6,96.0,0.0,mid,0.9,0.5,7,0.0,0.0,0.0,0.0,0,0.0
53.0,21.6,97.0,0.0,initial,0.5,0.9,5,0.0,0.0,0.0,0.0,0,0.0
53.0,21.6,98.0,0.0,initial,0.3,1.0,6,0.0,0.0,0.0,0.0,0,0.0
53.0,21.6,99.0,0.0,development,0.7,0.7,6,0.0,0.0,0.0,0.0,0,0.0
53.0,21.6,100.0,0.1,initial,1.0,0.3,5,0.0,0.0,0.0,0.0,0,0.0
53.0,21.7,83.0,0.0,mid,-0.7,0.7,5,0.0,0.0,0.0,0.0,0,0.0
53.0,21.7,94.0,0.0,mid,0.7,0.7,5,0.0,0.0,0.0,0.0,0,0.0
53.0,21.7,95.0,0.0,mid,0.7,0.7,8,0.0,0.0,0.0,0.0,0,0.0
53.0,21.7,96.0,0.0,development,0.9,0.5,6,0.0,0.0,0.0,0.0,0,0.0
53.0,21.7,96.0,0.0,late,0.9,0.5,5,0.0,0.0,0.0,0.0,0,0.0
53.0,21.7,97.0,0.0,development,-0.3,1.0,6,0.0,0.0,0.0,0.0,0,0.0
53.0,21.7,97.0,0.0,development,0.0,1.0,7,0.0,0.0,0.0,0.0,0,0.0
53.0,21.7,97.0,0.0,development,0.7,0.7,5,0.0,0.0,0.0,0.0,0,0.0
53.0,21.7,97.0,0.0,mid,-0.5,0.9,5,0.0,0.0,0.0,0.0,0,0.0
53.0,21.7,99.0,0.0,mid,0.9,0.5,5,0.0,0.0,0.0,0.0,0,0.0
53.0,21.8,83.0,0.0,mid,-0.9,0.5,5,0.0,0.0,0.0,0.0,0,0.0
53.0,21.8,86.0,0.0,development,0.0,1.0,5,0.0,0.0,0.0,0.0,0,0.0
53.0,21.8,86.0,0.0,mid,-0.3,1.0,5,0.0,0.0,0.0,0.0,0,0.0
53.0,21.8,88.0,0.0,development,-0.9,0.5,5,0.0,0.0,0.0,0.0,0,0.0
53.0,21.8,88.0,0.0,mid,-0.3,1.0,7,0.0,0.0,0.0,0.0,0,0.0
53.0,21.8,89.0,0.0,late,-0.3,1.0,5,0.0,0.0,0.0,0.0,0,0.0
53.0,21.8,90.0,0.0,initial,-0.9,0.5,5,0.0,0.0,0.0,0.0,0,0.0
53.0,21.8,92.0,0.0,development,0.9,0.5,5,0.0,0.0,0.0,0.0,0,0.0
53.0,21.8,92.0,0.0,initial,0.3,1.0,5,0.0,0.0,0.0,0.0,0,0.0
53.0,21.8,93.0,0.0,development,0.7,0.7,5,0.0,0.0,0.0,0.0,0,0.0
53.0,21.8,94.0,0.0,mid,0.9,0.5,5,0.0,0.0,0.0,0.0,0,0.0
53.0,21.8,95.0,0.0,late,0.3,1.0,5,0.0,0.0,0.0,0.0,0,0.0
53.0,21.8,96.0,0.0,development,0.5,0.9,6,0.0,0.0,0.0,0.0,0,0.0
53.0,21.8,97.0,0.0,development,-0.5,0.9,5,0.0,0.0,0.0,0.0,0,0.0
53.0,21.9,79.0,0.0,late,-1.0,0.0,5,0.0,0.0,0.0,0.0,0,0.0
53.0,21.9,93.0,0.0,development,0.7,0.7,5,0.0,0.0,0.0,0.0,0,0.0
53.0,21.9,94.0,0.0,development,0.7,0.7,5,0.0,0.0,0.0,0.0,0,0.0
53.0,21.9,94.0,0.0,mid,0.5,0.9,12,0.0,0.0,0.0,0.0,0,0.0
53.0,21.9,95.0,0.0,mid,0.0,1.0,8,0.0,0.0,0.0,0.0,0,0.0
53.0,21.9,95.0,0.0,mid,0.3,1.0,8,0.0,0.0,0.0,0.0,0,0.0
53.0,21.9,97.0,0.0,development,0.5,0.9,7,0.0,0.0,0.0,0.0,0,0.0
53.0,21.9,97.0,0.0,mid,1.0,0.3,8,0.0,0.0,0.0,0.0,0,0.0
53.0,22.0,82.0,0.7,late,1.0,-0.3,6,0.0,0.0,0.0,0.0,0,0.0
53.0,22.0,87.0,0.0,late,0.7,0.7,6,0.0,0.0,0.0,0.0,0,0.0
53.0,22.0,94.0,0.0,development,-0.7,0.7,8,0.0,0.0,0.0,0.0,0,0.0
53.0,22.0,94.0,0.0,development,-0.5,0.9,7,0.0,0.0,0.0,0.0,0,0.0
53.0,22.0,94.0,0.2,mid,1.0,0.3,6,0.0,0.0,0.0,0.0,0,0.0
53.0,22.0,96.0,0.0,mid,0.7,0.7,6,0.0,0.0,0.0,0.0,0,0.0
53.0,22.0,96.0,0.0,mid,0.9,0.5,5,0.0,0.0,0.0,0.0,0,0.0
53.0,22.0,97.0,0.0,mid,-0.3,1.0,6,0.0,0.0,0.0,0.0,0,0.0
53.0,22.0,97.0,0.0,mid,0.3,1.0,5,0.0,0.0,0.0,0.0,0,0.0
53.0,22.0,97.0,0.0,mid,0.9,0.5,6,0.0,0.0,0.0,0.0,0,0.0
53.0,22.0,98.0,0.0,development,0.9,0.5,6,0.0,0.0,0.0,0.0,0,0.0
53.0,22.0,98.0,0.0,mid,0.7,0.7,5,0.0,0.0,0.0,0.0,0,0.0
53.0,22.0,98.0,0.0,mid,0.9,0.5,5,0.0,0.0,0.0,0.0,0,0.0
53.0,22.1,78.0,0.0,mid,-1.0,0.3,6,0.0,0.0,0.0,0.0,0,0.0
53.0,22.1,81.0,0.0,late,-0.9,0.5,5,0.0,0.0,0.0,0.0,0,0.0
53.0,22.1,82.0,0.0,development,-1.0,0.0,5,0.0,0.0,0.0,0.0,0,0.0
53.0,22.1,82.0,0.0,initial,-0.7,0.7,7,0.0,0.0,0.0,0.0,0,0.0
53.0,22.1,87.0,0.0,development,0.5,0.9,7,0.0,0.0,0.0,0.0,0,0.0
53.0,22.1,89.0,0.0,initial,0.0,1.0,6,0.0,0.0,0.0,0.0,0,0.0
53.0,22.1,92.0,0.0,initial,-0.9,0.5,6,0.0,0.0,0.0,0.0,0,0.0
53.0,22.1,92.0,0.0,mid,0.3,1.0,5,0.0,0.0,0.0,0.0,0,0.0
53.0,22.1,93.0,0.0,mid,0.5,0.9,6,0.0,0.0,0.0,0.0,0,0.0
53.0,22.1,96.0,0.0,initial,0.7,0.7,8,0.0,0.0,0.0,0.0,0,0.0
53.0,22.1,97.0,0.0,development,0.3,1.0,5,0.0,0.0,0.0,0.0,0,0.0
53.0,22.1,99.0,0.0,mid,0.3,1.0,5,0.0,0.0,0.0,0.0,0,0.0
53.0,22.2,77.0,0.0,development,-1.0,-0.3,5,0.0,0.0,0.0,0.0,0,0.0
53.0,22.2,87.0,0.0,mid,1.0,0.3,5,0.0,0.0,0.0,0.0,0,0.0
53.0,22.2,90.0,0.0,initial,0.3,1.0,6,0.0,0.0,0.0,0.0,0,0.0
53.0,22.2,90.0,0.0,late,0.9,0.5,5,0.0,0.0,0.0,0.0,0,0.0
53.0,22.2,91.0,0.0,development,0.3,1.0,8,0.0,0.0,0.0,0.0,0,0.0
53.0,22.2,91.0,0.6,development,1.0,-0.3,8,0.0,0.0,0.0,0.0,0,0.0
53.0,22.2,93.0,0.1,mid,1.0,0.3,5,0.0,0.0,0.0,0.0,0,0.0
53.0,22.2,94.0,0.0,development,0.7,0.7,8,0.0,0.0,0.0,0.0,0,0.0
53.0,22.2,95.0,0.0,development,0.5,0.9,5,0.0,0.0,0.0,0.0,0,0.0
53.0,22.2,95.0,0.0,initial,0.5,0.9,5,0.0,0.0,0.0,0.0,0,0.0
53.0,22.2,95.0,0.0,mid,0.7,0.7,10,0.0,0.0,0.0,0.0,0,0.0
53.0,22.2,96.0,0.0,development,0.0,1.0,7,0.0,0.0,0.0,0.0,0,0.0
53.0,22.2,96.0,0.0,mid,0.7,0.7,5,0.0,0.0,0.0,0.0,0,0.0
53.0,22.2,96.0,0.0,mid,0.9,0.5,11,0.0,0.0,0.0,0.0,0,0.0
53.0,22.2,97.0,0.0,mid,0.0,1.0,6,0.0,0.0,0.0,0.0,0,0.0
53.0,22.2,97.0,0.0,mid,0.3,1.0,5,0.0,0.0,0.0,0.0,0,0.0
53.0,22.2,98.0,0.0,mid,1.0,0.3,5,0.0,0.0,0.0,0.0,0,0.0
53.0,22.2,99.0,0.0,initial,0.3,1.0,5,0.0,0.0,0.0,0.0,0,0.0
53.0,22.3,85.0,0.0,initial,-1.0,0.3,7,0.0,0.0,0.0,0.0,0,0.0
53.0,22.3,86.0,0.8,development,1.0,0.0,5,0.0,0.0,0.0,0.0,0,0.0
53.0,22.3,88.0,0.0,late,-0.3,1.0,5,0.0,0.0,0.0,0.0,0,0.0
53.0,22.3,89.0,0.0,mid,0.3,1.0,6,0.0,0.0,0.0,0.0,0,0.0
53.0,22.3,89.0,0.1,development,1.0,0.3,6,0.0,0.0,0.0,0.0,0,0.0
53.0,22.3,93.0,0.0,initial,0.9,0.5,5,0.0,0.0,0.0,0.0,0,0.0
53.0,22.3,93.0,0.1,initial,1.0,0.3,7,0.0,0.0,0.0,0.0,0,0.0
53.0,22.3,94.0,0.0,development,-1.0,0.0,7,0.0,0.0,0.0,0.0,0,0.0
53.0,22.3,96.0,0.0,development,0.7,0.7,5,0.0,0.0,0.0,0.0,0,0.0
53.0,22.3,96.0,0.0,mid,-0.5,0.9,5,0.0,0.0,0.0,0.0,0,0.0
53.0,22.3,96.0,0.0,mid,0.5,0.9,7,0.0,0.0,0.0,0.0,0,0.0
53.0,22.3,98.0,0.0,development,0.5,0.9,5,0.0,0.0,0.0,0.0,0,0.0
53.0,22.4,79.0,0.0,mid,-1.0,0.3,5,0.0,0.0,0.0,0.0,0,0.0
53.0,22.4,84.0,0.0,development,0.3,1.0,6,0.0,0.0,0.0,0.0,0,0.0
53.0,22.4,86.0,0.0,mid,-1.0,0.0,5,0.0,0.0,0.0,0.0,0,0.0
53.0,22.4,90.0,0.0,initial,-1.0,0.3,5,0.0,0.0,0.0,0.0,0,0.0
53.0,22.4,90.0,0.0,mid,-0.5,0.9,5,0.0,0.0,0.0,0.0,0,0.0
53.0,22.4,90.0,0.0,mid,0.0,1.0,13,0.0,0.0,0.0,0.0,0,0.0
53.0,22.4,91.0,0.0,development,-0.9,0.5,5,0.0,0.0,0.0,0.0,0,0.0
53.0,22.4,93.0,0.0,mid,-0.3,1.0,9,0.0,0.0,0.0,0.0,0,0.0
53.0,22.4,94.0,0.0,mid,-0.3,1.0,5,0.0,0.0,0.0,0.0,0,0.0
53.0,22.4,94.0,0.0,mid,0.7,0.7,5,0.0,0.0,0.0,0.0,0,0.0
53.0,22.4,96.0,0.0,initial,0.7,0.7,7,0.0,0.0,0.0,0.0,0,0.0
53.0,22.5,66.0,1.2,initial,1.0,-0.3,5,0.0,0.0,0.0,0.0,0,0.0
53.0,22.5,87.0,0.0,mid,0.0,1.0,7,0.0,0.0,0.0,0.0,0,0.0
53.0,22.5,89.0,0.0,late,-0.7,0.7,7,0.0,0.0,0.0,0.0,0,0.0
53.0,22.5,89.0,0.7,late,1.0,0.0,5,0.0,0.0,0.0,0.0,0,0.0
53.0,22.5,91.0,0.0,initial,0.5,0.9,5,0.0,0.0,0.0,0.0,0,0.0
53.0,22.5,91.0,0.8,development,1.0,-0.3,5,0.0,0.0,0.0,0.0,0,0.0
53.0,22.5,92.0,0.0,initial,0.7,0.7,6,0.0,0.0,0.0,0.0,0,0.0
53.0,22.5,94.0,0.0,late,0.9,0.5,6,0.0,0.0,0.0,0.0,0,0.0
53.0,22.5,95.0,0.0,development,0.9,0.5,5,0.0,0.0,0.0,0.0,0,0.0
53.0,22.6,82.0,0.0,initial,-1.0,0.0,5,0.0,0.0,0.0,0.0,0,0.0
53.0,22.6,85.0,1.0,development,1.0,0.0,5,0.0,0.0,0.0,0.0,0,0.0
53.0,22.6,87.0,0.0,development,0.7,0.7,5,0.0,0.0,0.0,0.0,0,0.0
53.0,22.6,90.0,0.6,mid,1.0,-0.3,5,0.0,0.0,0.0,0.0,0,0.0
53.0,22.6,91.0,0.0,development,0.3,1.0,5,0.0,0.0,0.0,0.0,0,0.0
53.0,22.6,94.0,0.0,development,0.5,0.9,5,0.0,0.0,0.0,0.0,0,0.0
53.0,22.6,94.0,0.1,mid,1.0,0.3,5,0.0,0.0,0.0,0.0,0,0.0
53.0,22.6,95.0,0.0,mid,-0.5,0.9,5,0.0,0.0,0.0,0.0,0,0.0
53.0,22.6,96.0,0.0,late,0.0,1.0,6,0.0,0.0,0.0,0.0,0,0.0
53.0,22.6,96.0,0.0,mid,0.0,1.0,6,0.0,0.0,0.0,0.0,0,0.0
53.0,22.6,96.0,0.0,mid,0.5,0.9,5,0.0,0.0,0.0,0.0,0,0.0
53.0,22.6,97.0,0.0,initial,0.5,0.9,6,0.0,0.0,0.0,0.0,0,0.0
53.0,22.7,71.0,0.0,initial,-1.0,-0.3,5,0.0,0.0,0.0,0.0,0,0.0
53.0,22.7,84.0,0.0,initial,-0.3,1.0,5,0.0,0.0,0.0,0.0,0,0.0
53.0,22.7,88.0,0.0,mid,-0.3,1.0,5,0.0,0.0,0.0,0.0,0,0.0
53.0,22.7,90.0,0.0,initial,0.3,1.0,6,0.0,0.0,0.0,0.0,0,0.0
53.0,22.7,90.0,0.0,initial,0.5,0.9,6,0.0,0.0,0.0,0.0,0,0.0
53.0,22.7,90.0,0.0,mid,0.0,1.0,6,0.0,0.0,0.0,0.0,0,0.0
53.0,22.7,93.0,0.0,mid,0.5,0.9,5,0.0,0.0,0.0,0.0,0,0.0
53.0,22.7,94.0,0.0,late,0.5,0.9,5,0.0,0.0,0.0,0.0,0,0.0
53.0,22.7,94.0,0.1,initial,1.0,0.3,6,0.0,0.0,0.0,0.0,0,0.0
53.0,22.7,95.0,0.0,development,0.9,0.5,7,0.0,0.0,0.0,0.0,0,0.0
53.0,22.7,95.0,0.0,mid,0.0,1.0,5,0.0,0.0,0.0,0.0,0,0.0
53.0,22.7,95.0,0.0,mid,0.7,0.7,7,0.0,0.0,0.0,0.0,0,0.0
53.0,22.7,96.0,0.0,initial,0.9,0.5,6,0.0,0.0,0.0,0.0,0,0.0
53.0,22.7,96.0,0.0,mid,0.3,1.0,5,0.0,0.0,0.0,0.0,0,0.0
53.0,22.8,70.0,0.0,development,-1.0,0.0,6,0.0,0.0,0.0,0.0,0,0.0
53.0,22.8,84.0,0.0,late,0.0,1.0,5,0.0,0.0,0.0,0.0,0,0.0
53.0,22.8,84.0,0.8,late,1.0,-0.3,7,0.0,0.0,0.0,0.0,0,0.0
53.0,22.8,85.0,0.0,development,0.3,1.0,5,0.0,0.0,0.0,0.0,0,0.0
53.0,22.8,89.0,0.0,initial,0.0,1.0,5,0.0,0.0,0.0,0.0,0,0.0
53.0,22.8,89.0,0.0,initial,0.3,1.0,6,0.0,0.0,0.0,0.0,0,0.0
53.0,22.8,91.0,0.0,initial,0.9,0.5,5,0.0,0.0,0.0,0.0,0,0.0
53.0,22.8,92.0,0.0,development,0.9,0.5,5,0.0,0.0,0.0,0.0,0,0.0
53.0,22.8,94.0,0.0,development,0.9,0.5,5,0.0,0.0,0.0,0.0,0,0.0
53.0,22.8,94.0,0.0,development,1.0,0.3,11,0.0,0.0,0.0,0.0,0,0.0
53.0,22.8,95.0,0.0,mid,0.7,0.7,6,0.0,0.0,0.0,0.0,0,0.0
53.0,22.8,95.0,0.0,mid,1.0,0.3,5,0.0,0.0,0.0,0.0,0,0.0
53.0,22.8,96.0,0.0,development,0.9,0.5,7,0.0,0.0,0.0,0.0,0,0.0
53.0,22.8,96.0,0.0,initial,0.9,0.5,5,0.0,0.0,0.0,0.0,0,0.0
53.0,22.8,97.0,0.0,development,1.0,0.3,5,0.0,0.0,0.0,0.0,0,0.0
53.0,22.8,97.0,0.0,late,0.5,0.9,7,0.0,0.0,0.0,0.0,0,0.0
53.0,22.8,98.0,0.0,initial,0.9,0.5,5,0.0,0.0,0.0,0.0,0,0.0
53.0,22.9,77.0,0.0,mid,-0.3,1.0,7,0.0,0.0,0.0,0.0,0,0.0
53.0,22.9,84.0,0.0,late,-1.0,0.0,5,0.0,0.0,0.0,0.0,0,0.0
53.0,22.9,86.0,0.0,mid,0.3,1.0,5,0.0,0.0,0.0,0.0,0,0.0
53.0,22.9,90.0,0.0,initial,0.5,0.9,6,0.0,0.0,0.0,0.0,0,0.0
53.0,22.9,91.0,0.0,initial,0.7,0.7,9,0.0,0.0,0.0,0.0,0,0.0
53.0,22.9,91.0,0.0,mid,0.9,0.5,5,0.0,0.0,0.0,0.0,0,0.0
53.0,22.9,91.0,0.2,development,1.0,0.3,6,0.0,0.0,0.0,0.0,0,0.0
53.0,22.9,92.0,0.0,development,0.9,0.5,5,0.0,0.0,0.0,0.0,0,0.0
53.0,22.9,93.0,0.0,development,0.9,0.5,9,0.0,0.0,0.0,0.0,0,0.0
53.0,22.9,93.0,0.2,initial,1.0,0.3,6,0.0,0.0,0.0,0.0,0,0.0
53.0,22.9,94.0,0.0,mid,-0.7,0.7,8,0.0,0.0,0.0,0.0,0,0.0
53.0,22.9,95.0,0.0,development,0.7,0.7,6,0.0,0.0,0.0,0.0,0,0.0
53.0,22.9,97.0,0.0,late,0.9,0.5,5,0.0,0.0,0.0,0.0,0,0.0
53.0,22.9,97.0,0.0,late,1.0,0.3,6,0.0,0.0,0.0,0.0,0,0.0
53.0,22.9,98.0,0.0,initial,0.7,0.7,5,0.0,0.0,0.0,0.0,0,0.0
53.0,23.0,78.0,1.4,mid,1.0,-0.3,5,0.0,0.0,0.0,0.0,0,0.0
53.0,23.0,80.0,0.0,development,-0.3,1.0,5,0.0,0.0,0.0,0.0,0,0.0
53.0,23.0,83.0,0.0,development,-1.0,0.3,6,0.0,0.0,0.0,0.0,0,0.0
53.0,23.0,84.0,0.0,development,-1.0,0.3,7,0.0,0.0,0.0,0.0,0,0.0
53.0,23.0,92.0,0.0,initial,0.7,0.7,5,0.0,0.0,0.0,0.0,0,0.0
53.0,23.0,92.0,0.0,mid,-0.9,0.5,5,0.0,0.0,0.0,0.0,0,0.0
53.0,23.0,93.0,0.0,development,0.5,0.9,7,0.0,0.0,0.0,0.0,0,0.0
53.0,23.0,93.0,0.0,development,1.0,0.3,5,0.0,0.0,0.0,0.0,0,0.0
53.0,23.0,93.0,0.0,mid,-0.9,0.5,5,0.0,0.0,0.0,0.0,0,0.0
53.0,23.0,94.0,0.0,initial,0.7,0.7,5,0.0,0.0,0.0,0.0,0,0.0
53.0,23.0,94.0,0.0,mid,0.5,0.9,8,0.0,0.0,0.0,0.0,0,0.0
53.0,23.0,96.0,0.0,initial,0.3,1.0,5,0.0,0.0,0.0,0.0,0,0.0
53.0,23.0,97.0,0.0,development,0.7,0.7,5,0.0,0.0,0.0,0.0,0,0.0
53.0,23.0,98.0,0.0,initial,0.5,0.9,6,0.0,0.0,0.0,0.0,0,0.0
53.0,23.1,69.0,0.0,development,-1.0,-0.3,5,0.0,0.0,0.0,0.0,0,0.0
53.0,23.1,79.0,0.0,initial,-0.9,0.5,5,0.0,0.0,0.0,0.0,0,0.0
53.0,23.1,82.0,0.0,late,-1.0,0.0,5,0.0,0.0,0.0,0.0,0,0.0
53.0,23.1,89.0,0.0,development,0.9,0.5,9,0.0,0.0,0.0,0.0,0,0.0
53.0,23.1,90.0,0.0,development,-1.0,-0.3,5,0.0,0.0,0.0,0.0,0,0.0
53.0,23.1,90.0,0.0,initial,0.3,1.0,6,0.0,0.0,0.0,0.0,0,0.0
53.0,23.1,91.0,0.0,development,0.7,0.7,5,0.0,0.0,0.0,0.0,0,0.0
53.0,23.1,91.0,0.0,mid,-0.3,1.0,5,0.0,0.0,0.0,0.0,0,0.0
53.0,23.1,92.0,0.0,development,0.5,0.9,6,0.0,0.0,0.0,0.0,0,0.0
53.0,23.1,92.0,0.0,development,0.7,0.7,9,0.0,0.0,0.0,0.0,0,0.0
53.0,23.1,94.0,0.0,development,0.7,0.7,5,0.0,0.0,0.0,0.0,0,0.0
53.0,23.2,74.0,0.0,initial,-1.0,-0.3,5,0.0,0.0,0.0,0.0,0,0.0
53.0,23.2,74.0,0.0,initial,-1.0,0.0,5,0.0,0.0,0.0,0.0,0,0.0
53.0,23.2,84.0,0.0,development,-0.5,0.9,5,0.0,0.0,0.0,0.0,0,0.0
53.0,23.2,84.0,0.0,development,-0.3,1.0,5,0.0,0.0,0.0,0.0,0,0.0
53.0,23.2,85.0,0.8,development,1.0,-0.3,5,0.0,0.0,0.0,0.0,0,0.0
53.0,23.2,86.0,0.0,development,0.9,0.5,8,0.0,0.0,0.0,0.0,0,0.0
53.0,23.2,86.0,0.0,initial,-0.3,1.0,6,0.0,0.0,0.0,0.0,0,0.0
53.0,23.2,87.0,0.0,initial,-0.3,1.0,6,0.0,0.0,0.0,0.0,0,0.0
53.0,23.2,88.0,0.0,initial,0.3,1.0,6,0.0,0.0,0.0,0.0,0,0.0
53.0,23.2,89.0,0.0,development,0.3,1.0,7,0.0,0.0,0.0,0.0,0,0.0
53.0,23.2,89.0,0.0,development,0.7,0.7,5,0.0,0.0,0.0,0.0,0,0.0
53.0,23.2,90.0,0.0,mid,0.0,1.0,5,0.0,0.0,0.0,0.0,0,0.0
53.0,23.2,91.0,0.0,development,0.5,0.9,6,0.0,0.0,0.0,0.0,0,0.0
53.0,23.2,91.0,0.1,development,1.0,0.3,10,0.0,0.0,0.0,0.0,0,0.0
53.0,23.2,92.0,0.0,development,0.5,0.9,7,0.0,0.0,0.0,0.0,0,0.0
53.0,23.2,92.0,0.0,development,1.0,0.3,6,0.0,0.0,0.0,0.0,0,0.0
53.0,23.2,92.0,0.0,mid,0.0,1.0,5,0.0,0.0,0.0,0.0,0,0.0
53.0,23.2,93.0,0.0,development,0.9,0.5,5,0.0,0.0,0.0,0.0,0,0.0
53.0,23.2,93.0,0.0,mid,0.3,1.0,6,0.0,0.0,0.0,0.0,0,0.0
53.0,23.2,94.0,0.1,development,1.0,0.3,5,0.0,0.0,0.0,0.0,0,0.0
53.0,23.2,95.0,0.0,development,0.0,1.0,6,0.0,0.0,0.0,0.0,0,0.0
53.0,23.2,96.0,0.0,development,0.5,0.9,5,0.0,0.0,0.0,0.0,0,0.0
53.0,23.2,96.0,0.0,development,0.9,0.5,6,0.0,0.0,0.0,0.0,0,0.0
53.0,23.2,97.0,0.0,mid,0.7,0.7,6,0.0,0.0,0.0,0.0,0,0.0
53.0,23.2,97.0,0.0,mid,1.0,0.3,5,0.0,0.0,0.0,0.0,0,0.0
53.0,23.3,76.0,0.0,development,-0.7,0.7,6,0.0,0.0,0.0,0.0,0,0.0
53.0,23.3,80.0,0.0,initial,-0.5,0.9,5,0.0,0.0,0.0,0.0,0,0.0
53.0,23.3,81.0,0.0,late,-0.3,1.0,6,0.0,0.0,0.0,0.0,0,0.0
53.0,23.3,83.0,0.0,mid,-0.5,0.9,5,0.0,0.0,0.0,0.0,0,0.0
53.0,23.3,86.0,0.0,late,-0.5,0.9,5,0.0,0.0,0.0,0.0,0,0.0
53.0,23.3,87.0,0.0,mid,-0.5,0.9,5,0.0,0.0,0.0,0.0,0,0.0
53.0,23.3,90.0,0.0,development,0.9,0.5,8,0.0,0.0,0.0,0.0,0,0.0
53.0,23.3,91.0,0.0,development,0.3,1.0,6,0.0,0.0,0.0,0.0,0,0.0
53.0,23.3,93.0,0.0,mid,0.3,1.0,5,0.0,0.0,0.0,0.0,0,0.0
53.0,23.3,95.0,0.0,late,0.0,1.0,5,0.0,0.0,0.0,0.0,0,0.0
53.0,23.3,95.0,0.0,late,0.5,0.9,6,0.0,0.0,0.0,0.0,0,0.0
53.0,23.3,96.0,0.0,mid,0.7,0.7,12,0.0,0.0,0.0,0.0,0,0.0
53.0,23.3,97.0,0.0,late,0.7,0.7,7,0.0,0.0,0.0,0.0,0,0.0
53.0,23.4,83.0,0.0,development,-0.3,1.0,6,0.0,0.0,0.0,0.0,0,0.0
53.0,23.4,83.0,0.0,mid,-0.5,0.9,5,0.0,0.0,0.0,0.0,0,0.0
53.0,23.4,88.0,0.0,development,0.5,0.9,6,0.0,0.0,0.0,0.0,0,0.0
53.0,23.4,88.0,0.0,mid,-1.0,0.3,5,0.0,0.0,0.0,0.0,0,0.0
53.0,23.4,88.0,0.0,mid,0.0,1.0,5,0.0,0.0,0.0,0.0,0,0.0
53.0,23.4,88.0,0.8,development,1.0,-0.3,5,0.0,0.0,0.0,0.0,0,0.0
53.0,23.4,89.0,0.0,mid,-0.3,1.0,8,0.0,0.0,0.0,0.0,0,0.0
53.0,23.4,91.0,0.0,development,0.3,1.0,8,0.0,0.0,0.0,0.0,0,0.0
53.0,23.4,92.0,0.0,development,0.7,0.7,6,0.0,0.0,0.0,0.0,0,0.0
53.0,23.4,92.0,0.0,development,0.9,0.5,5,0.0,0.0,0.0,0.0,0,0.0
53.0,23.4,93.0,0.0,development,0.9,0.5,6,0.0,0.0,0.0,0.0,0,0.0
53.0,23.4,93.0,0.0,mid,0.3,1.0,5,0.0,0.0,0.0,0.0,0,0.0
53.0,23.4,93.0,0.0,mid,0.7,0.7,5,0.0,0.0,0.0,0.0,0,0.0
53.0,23.4,94.0,0.0,initial,-0.3,1.0,5,0.0,0.0,0.0,0.0,0,0.0
53.0,23.4,95.0,0.0,development,0.7,0.7,7,0.0,0.0,0.0,0.0,0,0.0
53.0,23.4,96.0,0.0,mid,0.5,0.9,7,0.0,0.0,0.0,0.0,0,0.0
53.0,23.4,97.0,0.0,initial,0.9,0.5,7,0.0,0.0,0.0,0.0,0,0.0
53.0,23.4,97.0,0.0,late,0.7,0.7,5,0.0,0.0,0.0,0.0,0,0.0
53.0,23.4,97.0,0.0,mid,1.0,0.3,6,0.0,0.0,0.0,0.0,0,0.0
53.0,23.5,72.0,0.0,development,-1.0,-0.3,9,0.0,0.0,0.0,0.0,0,0.0
53.0,23.5,79.0,0.0,mid,-0.9,0.5,5,0.0,0.0,0.0,0.0,0,0.0
53.0,23.5,82.0,0.8,development,1.0,0.0,5,0.0,0.0,0.0,0.0,0,0.0
53.0,23.5,83.0,0.0,initial,-1.0,-0.3,5,0.0,0.0,0.0,0.0,0,0.0
53.0,23.5,85.0,1.7,development,0.9,-0.5,5,0.0,0.0,0.0,0.0,0,0.0
53.0,23.5,89.0,0.0,development,0.0,1.0,7,0.0,0.0,0.0,0.0,0,0.0
53.0,23.5,90.0,0.0,development,0.0,1.0,5,0.0,0.0,0.0,0.0,0,0.0
53.0,23.5,90.0,0.0,initial,0.0,1.0,5,0.0,0.0,0.0,0.0,0,0.0
53.0,23.5,91.0,0.0,development,0.9,0.5,5,0.0,0.0,0.0,0.0,0,0.0
53.0,23.5,92.0,0.0,initial,0.7,0.7,5,0.0,0.0,0.0,0.0,0,0.0
53.0,23.5,94.0,0.0,development,0.5,0.9,5,0.0,0.0,0.0,0.0,0,0.0
53.0,23.5,95.0,0.0,initial,0.9,0.5,8,0.0,0.0,0.0,0.0,0,0.0
53.0,23.5,95.0,0.0,mid,0.3,1.0,7,0.0,0.0,0.0,0.0,0,0.0
53.0,23.5,95.0,0.0,mid,0.7,0.7,9,0.0,0.0,0.0,0.0,0,0.0
53.0,23.5,96.0,0.0,development,0.7,0.7,5,0.0,0.0,0.0,0.0,0,0.0
53.0,23.5,96.0,0.0,initial,0.5,0.9,5,0.0,0.0,0.0,0.0,0,0.0
53.0,23.6,74.0,0.0,development,-1.0,-0.3,7,0.0,0.0,0.0,0.0,0,0.0
53.0,23.6,81.0,0.0,development,-0.5,0.9,6,0.0,0.0,0.0,0.0,0,0.0
53.0,23.6,81.0,0.0,initial,-1.0,-0.3,5,0.0,0.0,0.0,0.0,0,0.0
53.0,23.6,87.0,0.0,mid,-0.5,0.9,5,0.0,0.0,0.0,0.0,0,0.0
53.0,23.6,88.0,0.0,development,0.7,0.7,5,0.0,0.0,0.0,0.0,0,0.0
53.0,23.6,89.0,0.0,development,-0.3,1.0,5,0.0,0.0,0.0,0.0,0,0.0
53.0,23.6,89.0,0.0,development,0.0,1.0,7,0.0,0.0,0.0,0.0,0,0.0
53.0,23.6,90.0,0.0,development,0.5,0.9,7,0.0,0.0,0.0,0.0,0,0.0
53.0,23.6,90.0,0.0,initial,0.0,1.0,7,0.0,0.0,0.0,0.0,0,0.0
53.0,23.6,92.0,0.0,development,0.9,0.5,9,0.0,0.0,0.0,0.0,0,0.0
53.0,23.6,92.0,0.0,initial,0.5,0.9,6,0.0,0.0,0.0,0.0,0,0.0
53.0,23.6,93.0,0.0,development,-0.7,0.7,5,0.0,0.0,0.0,0.0,0,0.0
53.0,23.6,93.0,0.0,mid,0.0,1.0,5,0.0,0.0,0.0,0.0,0,0.0
53.0,23.6,94.0,0.0,mid,0.9,0.5,7,0.0,0.0,0.0,0.0,0,0.0
53.0,23.6,96.0,0.0,development,0.9,0.5,5,0.0,0.0,0.0,0.0,0,0.0
53.0,23.6,97.0,0.0,mid,0.9,0.5,5,0.0,0.0,0.0,0.0,0,0.0
53.0,23.7,71.0,0.3,development,-0.9,-0.5,5,0.0,0.0,0.0,0.0,0,0.0
53.0,23.7,72.0,0.0,late,-1.0,-0.3,6,0.0,0.0,0.0,0.0,0,0.0
53.0,23.7,74.0,0.0,late,-1.0,-0.3,5,0.0,0.0,0.0,0.0,0,0.0
53.0,23.7,77.0,0.9,late,1.0,-0.3,5,0.0,0.0,0.0,0.0,0,0.0
53.0,23.7,79.0,0.0,mid,-0.7,0.7,5,0.0,0.0,0.0,0.0,0,0.0
53.0,23.7,83.0,0.0,development,-0.3,1.0,7,0.0,0.0,0.0,0.0,0,0.0
53.0,23.7,83.0,0.0,mid,-0.7,0.7,6,0.0,0.0,0.0,0.0,0,0.0
53.0,23.7,87.0,0.0,development,0.0,1.0,5,0.0,0.0,0.0,0.0,0,0.0
53.0,23.7,89.0,0.0,development,0.0,1.0,6,0.0,0.0,0.0,0.0,0,0.0
53.0,23.7,90.0,0.0,initial,0.0,1.0,5,0.0,0.0,0.0,0.0,0,0.0
53.0,23.7,93.0,0.0,mid,-0.3,1.0,6,0.0,0.0,0.0,0.0,0,0.0
53.0,23.7,94.0,0.0,development,0.7,0.7,5,0.0,0.0,0.0,0.0,0,0.0
53.0,23.7,94.0,0.0,development,0.9,0.5,8,0.0,0.0,0.0,0.0,0,0.0
53.0,23.7,94.0,0.0,mid,1.0,0.3,5,0.0,0.0,0.0,0.0,0,0.0
53.0,23.7,98.0,0.0,development,0.7,0.7,5,0.0,0.0,0.0,0.0,0,0.0
53.0,23.8,78.0,1.4,initial,0.9,-0.5,5,0.0,0.0,0.0,0.0,0,0.0
53.0,23.8,82.0,0.0,development,-0.5,0.9,5,0.0,0.0,0.0,0.0,0,0.0
53.0,23.8,83.0,0.0,mid,-0.5,0.9,9,0.0,0.0,0.0,0.0,0,0.0
53.0,23.8,83.0,0.5,development,1.0,0.0,5,0.0,0.0,0.0,0.0,0,0.0
53.0,23.8,86.0,0.0,initial,-0.5,0.9,5,0.0,0.0,0.0,0.0,0,0.0
53.0,23.8,87.0,0.0,development,-0.3,1.0,10,0.0,0.0,0.0,0.0,0,0.0
53.0,23.8,89.0,0.0,development,-0.3,1.0,9,0.0,0.0,0.0,0.0,0,0.0
53.0,23.8,89.0,0.0,mid,-0.5,0.9,6,0.0,0.0,0.0,0.0,0,0.0
53.0,23.8,92.0,0.0,development,0.5,0.9,5,0.0,0.0,0.0,0.0,0,0.0
53.0,23.8,92.0,0.0,development,0.7,0.7,5,0.0,0.0,0.0,0.0,0,0.0
53.0,23.8,92.0,0.0,initial,0.5,0.9,9,0.0,0.0,0.0,0.0,0,0.0
53.0,23.8,93.0,0.0,mid,0.7,0.7,6,0.0,0.0,0.0,0.0,0,0.0
53.0,23.8,94.0,0.0,initial,0.9,0.5,6,0.0,0.0,0.0,0.0,0,0.0
53.0,23.8,94.0,0.0,initial,1.0,0.3,5,0.0,0.0,0.0,0.0,0,0.0
53.0,23.8,95.0,0.4,development,1.0,0.0,6,0.0,0.0,0.0,0.0,0,0.0
53.0,23.8,97.0,0.0,development,0.5,0.9,12,0.0,0.0,0.0,0.0,0,0.0
53.0,23.8,97.0,0.0,mid,0.9,0.5,7,0.0,0.0,0.0,0.0,0,0.0
53.0,23.9,75.0,0.0,late,-1.0,0.0,5,0.0,0.0,0.0,0.0,0,0.0
53.0,23.9,78.0,0.0,mid,-0.7,0.7,7,0.0,0.0,0.0,0.0,0,0.0
53.0,23.9,80.0,0.0,mid,-0.5,0.9,5,0.0,0.0,0.0,0.0,0,0.0
53.0,23.9,84.0,0.0,development,-0.3,1.0,8,0.0,0.0,0.0,0.0,0,0.0
53.0,23.9,84.0,0.9,initial,1.0,0.0,7,0.0,0.0,0.0,0.0,0,0.0
53.0,23.9,85.0,0.0,mid,-0.3,1.0,5,0.0,0.0,0.0,0.0,0,0.0
53.0,23.9,86.0,0.0,mid,0.9,0.5,5,0.0,0.0,0.0,0.0,0,0.0
53.0,23.9,87.0,0.0,development,-0.3,1.0,5,0.0,0.0,0.0,0.0,0,0.0
53.0,23.9,89.0,0.0,initial,0.0,1.0,9,0.0,0.0,0.0,0.0,0,0.0
53.0,23.9,90.0,0.0,mid,0.5,0.9,5,0.0,0.0,0.0,0.0,0,0.0
53.0,23.9,93.0,0.0,initial,0.3,1.0,12,0.0,0.0,0.0,0.0,0,0.0
53.0,23.9,93.0,0.0,initial,0.7,0.7,8,0.0,0.0,0.0,0.0,0,0.0
53.0,23.9,93.0,0.0,late,0.3,1.0,7,0.0,0.0,0.0,0.0,0,0.0
53.0,23.9,94.0,0.0,initial,0.3,1.0,5,0.0,0.0,0.0,0.0,0,0.0
53.0,23.9,94.0,0.0,mid,0.3,1.0,7,0.0,0.0,0.0,0.0,0,0.0
53.0,23.9,96.0,0.0,late,1.0,0.3,5,0.0,0.0,0.0,0.0,0,0.0
53.0,23.9,97.0,0.0,development,0.3,1.0,5,0.0,0.0,0.0,0.0,0,0.0
53.0,24.0,67.0,0.0,development,-1.0,0.0,5,0.0,0.0,0.0,0.0,0,0.0
53.0,24.0,74.0,0.0,initial,-1.0,-0.3,5,0.0,0.0,0.0,0.0,0,0.0
53.0,24.0,79.0,0.0,development,-0.5,0.9,5,0.0,0.0,0.0,0.0,0,0.0
53.0,24.0,80.0,1.3,initial,0.9,-0.5,6,0.0,0.0,0.0,0.0,0,0.0
53.0,24.0,83.0,0.0,mid,-1.0,0.0,5,0.0,0.0,0.0,0.0,0,0.0
53.0,24.0,84.0,0.0,initial,-0.7,0.7,5,0.0,0.0,0.0,0.0,0,0.0
53.0,24.0,85.0,0.0,development,-0.3,1.0,8,0.0,0.0,0.0,0.0,0,0.0
53.0,24.0,88.0,0.0,development,0.7,0.7,6,0.0,0.0,0.0,0.0,0,0.0
53.0,24.0,88.0,0.0,initial,-0.9,0.5,5,0.0,0.0,0.0,0.0,0,0.0
53.0,24.0,90.0,0.0,development,0.0,1.0,5,0.0,0.0,0.0,0.0,0,0.0
53.0,24.0,90.0,0.0,development,0.3,1.0,5,0.0,0.0,0.0,0.0,0,0.0
53.0,24.0,90.0,0.0,late,1.0,0.3,5,0.0,0.0,0.0,0.0,0,0.0
53.0,24.0,90.0,0.0,mid,-0.3,1.0,5,0.0,0.0,0.0,0.0,0,0.0
53.0,24.0,91.0,0.0,late,0.0,1.0,6,0.0,0.0,0.0,0.0,0,0.0
53.0,24.0,91.0,0.0,mid,0.0,1.0,6,0.0,0.0,0.0,0.0,0,0.0
53.0,24.0,92.0,0.0,initial,0.5,0.9,5,0.0,0.0,0.0,0.0,0,0.0
53.0,24.0,96.0,0.0,development,0.0,1.0,5,0.0,0.0,0.0,0.0,0,0.0
53.0,24.0,97.0,0.0,development,0.9,0.5,6,0.0,0.0,0.0,0.0,0,0.0
53.0,24.1,76.0,0.0,late,-1.0,-0.3,7,0.0,0.0,0.0,0.0,0,0.0
53.0,24.1,84.0,0.0,mid,-1.0,-0.3,6,0.0,0.0,0.0,0.0,0,0.0
53.0,24.1,86.0,0.0,development,-0.3,1.0,9,0.0,0.0,0.0,0.0,0,0.0
53.0,24.1,86.0,0.0,development,0.0,1.0,6,0.0,0.0,0.0,0.0,0,0.0
53.0,24.1,88.0,0.0,initial,0.7,0.7,7,0.0,0.0,0.0,0.0,0,0.0
53.0,24.1,90.0,0.0,late,0.9,0.5,5,0.0,0.0,0.0,0.0,0,0.0
53.0,24.1,91.0,0.0,development,0.0,1.0,5,0.0,0.0,0.0,0.0,0,0.0
53.0,24.1,92.0,0.0,late,-0.7,0.7,6,0.0,0.0,0.0,0.0,0,0.0
53.0,24.1,96.0,0.0,development,0.7,0.7,7,0.0,0.0,0.0,0.0,0,0.0
53.0,24.1,97.0,0.0,development,1.0,0.3,7,0.0,0.0,0.0,0.0,0,0.0
53.0,24.1,97.0,0.0,late,0.5,0.9,9,0.0,0.0,0.0,0.0,0,0.0
53.0,24.2,71.0,0.0,development,-0.7,0.7,8,0.0,0.0,0.0,0.0,0,0.0
53.0,24.2,72.0,0.0,mid,-0.7,0.7,5,0.0,0.0,0.0,0.0,0,0.0
53.0,24.2,76.0,0.0,development,-0.7,0.7,5,0.0,0.0,0.0,0.0,0,0.0
53.0,24.2,84.0,0.0,initial,-1.0,0.3,5,0.0,0.0,0.0,0.0,0,0.0
53.0,24.2,84.0,0.0,mid,-0.7,0.7,5,0.0,0.0,0.0,0.0,0,0.0
53.0,24.2,85.0,0.0,mid,-0.7,0.7,5,0.0,0.0,0.0,0.0,0,0.0
53.0,24.2,85.0,0.1,mid,1.0,0.3,5,0.0,0.0,0.0,0.0,0,0.0
53.0,24.2,85.0,0.6,development,1.0,0.0,5,0.0,0.0,0.0,0.0,0,0.0
53.0,24.2,86.0,0.0,development,-0.3,1.0,8,0.0,0.0,0.0,0.0,0,0.0
53.0,24.2,86.0,0.0,development,0.5,0.9,6,0.0,0.0,0.0,0.0,0,0.0
53.0,24.2,88.0,0.0,initial,-0.5,0.9,5,0.0,0.0,0.0,0.0,0,0.0
53.0,24.2,89.0,0.0,late,0.7,0.7,6,0.0,0.0,0.0,0.0,0,0.0
53.0,24.2,90.0,0.0,mid,-0.5,0.9,9,0.0,0.0,0.0,0.0,0,0.0
53.0,24.2,91.0,0.0,late,-0.3,1.0,5,0.0,0.0,0.0,0.0,0,0.0
53.0,24.2,91.0,0.0,late,0.0,1.0,5,0.0,0.0,0.0,0.0,0,0.0
53.0,24.2,92.0,0.0,development,0.7,0.7,5,0.0,0.0,0.0,0.0,0,0.0
53.0,24.2,92.0,0.0,initial,-0.3,1.0,5,0.0,0.0,0.0,0.0,0,0.0
53.0,24.2,95.0,0.0,development,-0.3,1.0,5,0.0,0.0,0.0,0.0,0,0.0
53.0,24.2,96.0,0.0,development,0.5,0.9,5,0.0,0.0,0.0,0.0,0,0.0
53.0,24.2,97.0,0.0,late,0.3,1.0,5,0.0,0.0,0.0,0.0,0,0.0
53.0,24.3,67.0,0.0,initial,-1.0,-0.3,5,0.0,0.0,0.0,0.0,0,0.0
53.0,24.3,72.0,1.5,initial,0.9,-0.5,5,0.0,0.0,0.0,0.0,0,0.0
53.0,24.3,78.0,0.0,development,-0.5,0.9,5,0.0,0.0,0.0,0.0,0,0.0
53.0,24.3,80.0,0.0,development,0.0,1.0,6,0.0,0.0,0.0,0.0,0,0.0
53.0,24.3,84.0,0.0,initial,-0.5,0.9,6,0.0,0.0,0.0,0.0,0,0.0
53.0,24.3,84.0,0.5,initial,1.0,0.0,5,0.0,0.0,0.0,0.0,0,0.0
53.0,24.3,85.0,0.0,mid,-0.9,0.5,5,0.0,0.0,0.0,0.0,0,0.0
53.0,24.3,86.0,0.0,development,-0.5,0.9,7,0.0,0.0,0.0,0.0,0,0.0
53.0,24.3,88.0,0.0,development,0.0,1.0,6,0.0,0.0,0.0,0.0,0,0.0
53.0,24.3,89.0,0.0,late,0.3,1.0,5,0.0,0.0,0.0,0.0,0,0.0
53.0,24.3,93.0,0.0,development,-0.7,0.7,5,0.0,0.0,0.0,0.0,0,0.0
53.0,24.4,73.0,0.0,mid,-1.0,0.3,6,0.0,0.0,0.0,0.0,0,0.0
53.0,24.4,77.0,0.7,late,1.0,0.0,7,0.0,0.0,0.0,0.0,0,0.0
53.0,24.4,78.0,0.0,development,-0.7,0.7,7,0.0,0.0,0.0,0.0,0,0.0
53.0,24.4,79.0,0.0,development,-0.5,0.9,6,0.0,0.0,0.0,0.0,0,0.0
53.0,24.4,79.0,0.0,mid,-0.7,0.7,6,0.0,0.0,0.0,0.0,0,0.0
53.0,24.4,82.0,0.0,mid,-0.5,0.9,5,0.0,0.0,0.0,0.0,0,0.0
53.0,24.4,83.0,0.0,late,-0.7,0.7,5,0.0,0.0,0.0,0.0,0,0.0
53.0,24.4,83.0,0.0,mid,-0.5,0.9,7,0.0,0.0,0.0,0.0,0,0.0
53.0,24.4,84.0,0.0,development,-0.7,0.7,5,0.0,0.0,0.0,0.0,0,0.0
53.0,24.4,84.0,0.0,development,-0.3,1.0,11,0.0,0.0,0.0,0.0,0,0.0
53.0,24.4,84.0,0.0,development,0.3,1.0,5,0.0,0.0,0.0,0.0,0,0.0
53.0,24.4,86.0,0.0,initial,-0.5,0.9,6,0.0,0.0,0.0,0.0,0,0.0
53.0,24.4,86.0,0.0,mid,-0.5,0.9,5,0.0,0.0,0.0,0.0,0,0.0
53.0,24.4,86.0,0.0,mid,0.0,1.0,5,0.0,0.0,0.0,0.0,0,0.0
53.0,24.4,88.0,0.0,initial,0.0,1.0,7,0.0,0.0,0.0,0.0,0,0.0
53.0,24.4,89.0,0.0,initial,0.5,0.9,6,0.0,0.0,0.0,0.0,0,0.0
53.0,24.5,80.0,0.0,initial,-0.5,0.9,6,0.0,0.0,0.0,0.0,0,0.0
53.0,24.5,82.0,0.0,mid,-0.9,0.5,7,0.0,0.0,0.0,0.0,0,0.0
53.0,24.5,83.0,0.6,mid,1.0,0.0,5,0.0,0.0,0.0,0.0,0,0.0
53.0,24.5,86.0,0.0,development,-0.3,1.0,5,0.0,0.0,0.0,0.0,0,0.0
53.0,24.5,86.0,0.0,development,0.3,1.0,6,0.0,0.0,0.0,0.0,0,0.0
53.0,24.5,87.0,0.0,development,-0.3,1.0,5,0.0,0.0,0.0,0.0,0,0.0
53.0,24.5,90.0,0.0,initial,0.3,1.0,6,0.0,0.0,0.0,0.0,0,0.0
53.0,24.5,92.0,0.0,development,0.7,0.7,5,0.0,0.0,0.0,0.0,0,0.0
53.0,24.5,93.0,0.0,development,-0.5,0.9,7,0.0,0.0,0.0,0.0,0,0.0
53.0,24.6,55.0,0.6,initial,-0.9,-0.5,5,0.0,0.0,0.0,0.0,0,0.0
53.0,24.6,74.0,0.0,development,-0.5,0.9,5,0.0,0.0,0.0,0.0,0,0.0
53.0,24.6,75.0,0.0,development,-0.7,0.7,5,0.0,0.0,0.0,0.0,0,0.0
53.0,24.6,76.0,0.0,mid,-0.9,0.5,6,0.0,0.0,0.0,0.0,0,0.0
53.0,24.6,79.0,0.0,late,-0.9,0.5,5,0.0,0.0,0.0,0.0,0,0.0
53.0,24.6,80.0,0.0,development,-0.5,0.9,6,0.0,0.0,0.0,0.0,0,0.0
53.0,24.6,80.0,0.0,development,-0.3,1.0,5,0.0,0.0,0.0,0.0,0,0.0
53.0,24.6,81.0,0.0,development,-0.3,1.0,5,0.0,0.0,0.0,0.0,0,0.0
53.0,24.6,85.0,0.6,development,1.0,0.0,7,0.0,0.0,0.0,0.0,0,0.0
53.0,24.6,86.0,0.0,development,-0.3,1.0,6,0.0,0.0,0.0,0.0,0,0.0
53.0,24.6,87.0,0.0,mid,-0.7,0.7,5,0.0,0.0,0.0,0.0,0,0.0
53.0,24.6,92.0,0.0,development,0.3,1.0,6,0.0,0.0,0.0,0.0,0,0.0
53.0,24.6,93.0,0.4,mid,1.0,0.0,5,0.0,0.0,0.0,0.0,0,0.0
53.0,24.6,96.0,0.0,mid,0.7,0.7,7,0.0,0.0,0.0,0.0,0,0.0
53.0,24.7,74.0,0.0,development,-0.9,0.5,5,0.0,0.0,0.0,0.0,0,0.0
53.0,24.7,76.0,0.0,mid,-1.0,0.3,5,0.0,0.0,0.0,0.0,0,0.0
53.0,24.7,79.0,0.0,development,-0.3,1.0,5,0.0,0.0,0.0,0.0,0,0.0
53.0,24.7,84.0,0.0,development,0.0,1.0,11,0.0,0.0,0.0,0.0,0,0.0
53.0,24.7,84.0,0.0,initial,-0.5,0.9,5,0.0,0.0,0.0,0.0,0,0.0
53.0,24.7,85.0,0.0,initial,-0.3,1.0,6,0.0,0.0,0.0,0.0,0,0.0
53.0,24.7,92.0,0.0,development,-0.9,0.5,5,0.0,0.0,0.0,0.0,0,0.0
53.0,24.8,64.0,0.2,mid,-0.9,-0.5,7,0.0,0.0,0.0,0.0,0,0.0
53.0,24.8,68.0,0.0,late,-1.0,-0.3,5,0.0,0.0,0.0,0.0,0,0.0
53.0,24.8,70.0,0.0,mid,-1.0,0.3,5,0.0,0.0,0.0,0.0,0,0.0
53.0,24.8,73.0,0.0,late,-0.9,0.5,5,0.0,0.0,0.0,0.0,0,0.0
53.0,24.8,76.0,0.0,initial,-0.5,0.9,5,0.0,0.0,0.0,0.0,0,0.0
53.0,24.8,81.0,0.0,initial,-0.7,0.7,8,0.0,0.0,0.0,0.0,0,0.0
53.0,24.8,82.0,0.0,development,-0.5,0.9,9,0.0,0.0,0.0,0.0,0,0.0
53.0,24.8,82.0,0.0,initial,-0.7,0.7,5,0.0,0.0,0.0,0.0,0,0.0
53.0,24.8,86.0,0.0,development,0.3,1.0,5,0.0,0.0,0.0,0.0,0,0.0
53.0,24.8,87.0,0.0,development,0.9,0.5,5,0.0,0.0,0.0,0.0,0,0.0
53.0,24.8,87.0,0.0,late,-0.5,0.9,5,0.0,0.0,0.0,0.0,0,0.0
53.0,24.8,88.0,0.0,initial,-0.5,0.9,6,0.0,0.0,0.0,0.0,0,0.0
53.0,24.8,89.0,0.0,initial,0.3,1.0,5,0.0,0.0,0.0,0.0,0,0.0
53.0,24.8,90.0,0.0,development,0.0,1.0,5,0.0,0.0,0.0,0.0,0,0.0
53.0,24.9,69.0,0.0,mid,-0.9,0.5,6,0.0,0.0,0.0,0.0,0,0.0
53.0,24.9,72.0,0.0,initial,-0.3,1.0,6,0.0,0.0,0.0,0.0,0,0.0
53.0,24.9,77.0,0.0,development,-0.7,0.7,5,0.0,0.0,0.0,0.0,0,0.0
53.0,24.9,77.0,0.0,initial,-0.7,0.7,5,0.0,0.0,0.0,0.0,0,0.0
53.0,24.9,82.0,0.0,development,-0.7,0.7,5,0.0,0.0,0.0,0.0,0,0.0
53.0,24.9,89.0,0.0,development,-0.7,0.7,5,0.0,0.0,0.0,0.0,0,0.0
53.0,24.9,93.0,0.5,mid,1.0,0.0,5,0.0,0.0,0.0,0.0,0,0.0
53.0,25.0,71.0,0.0,development,-0.9,0.5,5,0.0,0.0,0.0,0.0,0,0.0
53.0,25.0,76.0,0.0,development,-0.3,1.0,5,0.0,0.0,0.0,0.0,0,0.0
53.0,25.0,78.0,0.0,mid,-0.9,0.5,6,0.0,0.0,0.0,0.0,0,0.0
53.0,25.0,79.0,0.0,development,-0.9,0.5,5,0.0,0.0,0.0,0.0,0,0.0
53.0,25.0,80.0,0.0,development,-0.9,0.5,5,0.0,0.0,0.0,0.0,0,0.0
53.0,25.0,81.0,0.0,development,-0.5,0.9,8,0.0,0.0,0.0,0.0,0,0.0
53.0,25.0,82.0,0.0,development,-0.5,0.9,9,0.0,0.0,0.0,0.0,0,0.0
53.0,25.0,82.0,0.0,development,-0.3,1.0,5,0.0,0.0,0.0,0.0,0,0.0
53.0,25.0,82.0,0.0,mid,-0.7,0.7,5,0.0,0.0,0.0,0.0,0,0.0
53.0,25.0,87.0,0.0,initial,-0.7,0.7,5,0.0,0.0,0.0,0.0,0,0.0
53.0,25.0,88.0,0.0,mid,-0.5,0.9,5,0.0,0.0,0.0,0.0,0,0.0
53.0,25.0,90.0,0.0,initial,0.0,1.0,5,0.0,0.0,0.0,0.0,0,0.0
53.0,25.0,90.0,0.0,mid,-0.7,0.7,6,0.0,0.0,0.0,0.0,0,0.0
53.0,25.0,93.0,0.0,mid,0.3,1.0,5,0.0,0.0,0.0,0.0,0,0.0
53.0,25.1,72.0,0.0,mid,-1.0,0.3,5,0.0,0.0,0.0,0.0,0,0.0
53.0,25.1,74.0,0.0,development,-0.9,0.5,7,0.0,0.0,0.0,0.0,0,0.0
53.0,25.1,75.0,0.0,initial,-0.9,0.5,6,0.0,0.0,0.0,0.0,0,0.0
53.0,25.1,80.0,0.0,initial,0.0,1.0,5,0.0,0.0,0.0,0.0,0,0.0
53.0,25.1,80.0,0.8,development,1.0,0.0,5,0.0,0.0,0.0,0.0,0,0.0
53.0,25.1,82.0,0.0,initial,-0.5,0.9,7,0.0,0.0,0.0,0.0,0,0.0
53.0,25.1,84.0,0.0,development,-0.7,0.7,5,0.0,0.0,0.0,0.0,0,0.0
53.0,25.1,86.0,0.0,mid,-0.7,0.7,5,0.0,0.0,0.0,0.0,0,0.0
53.0,25.1,88.0,0.4,initial,1.0,0.0,6,0.0,0.0,0.0,0.0,0,0.0
53.0,25.2,60.0,0.4,late,-0.9,-0.5,6,0.0,0.0,0.0,0.0,0,0.0
53.0,25.2,67.0,1.9,development,1.0,-0.3,5,0.0,0.0,0.0,0.0,0,0.0
53.0,25.2,70.0,0.0,initial,-0.9,0.5,5,0.0,0.0,0.0,0.0,0,0.0
53.0,25.2,72.0,0.0,development,-0.9,0.5,7,0.0,0.0,0.0,0.0,0,0.0
53.0,25.2,77.0,0.0,development,-0.7,0.7,6,0.0,0.0,0.0,0.0,0,0.0
53.0,25.2,78.0,0.0,development,-0.7,0.7,5,0.0,0.0,0.0,0.0,0,0.0
53.0,25.2,79.0,0.0,development,-0.5,0.9,5,0.0,0.0,0.0,0.0,0,0.0
53.0,25.2,79.0,0.0,initial,-0.5,0.9,6,0.0,0.0,0.0,0.0,0,0.0
53.0,25.2,80.0,0.0,development,-0.5,0.9,7,0.0,0.0,0.0,0.0,0,0.0
53.0,25.2,81.0,0.0,initial,-0.3,1.0,7,0.0,0.0,0.0,0.0,0,0.0
53.0,25.2,82.0,0.0,development,-0.3,1.0,5,0.0,0.0,0.0,0.0,0,0.0
53.0,25.2,83.0,0.0,development,-0.7,0.7,7,0.0,0.0,0.0,0.0,0,0.0
53.0,25.2,84.0,0.7,development,1.0,0.0,5,0.0,0.0,0.0,0.0,0,0.0
53.0,25.2,85.0,0.0,late,-0.7,0.7,7,0.0,0.0,0.0,0.0,0,0.0
53.0,25.2,87.0,0.0,development,-1.0,0.3,5,0.0,0.0,0.0,0.0,0,0.0
53.0,25.2,92.0,0.0,mid,0.0,1.0,6,0.0,0.0,0.0,0.0,0,0.0
53.0,25.3,62.0,0.4,initial,-0.9,-0.5,5,0.0,0.0,0.0,0.0,0,0.0
53.0,25.3,69.0,1.4,late,0.9,-0.5,6,0.0,0.0,0.0,0.0,0,0.0
53.0,25.3,74.0,0.0,development,-0.9,0.5,9,0.0,0.0,0.0,0.0,0,0.0
53.0,25.3,74.0,0.0,mid,-1.0,0.3,5,0.0,0.0,0.0,0.0,0,0.0
53.0,25.3,79.0,0.0,development,-0.5,0.9,7,0.0,0.0,0.0,0.0,0,0.0
53.0,25.3,80.0,0.0,development,-0.7,0.7,6,0.0,0.0,0.0,0.0,0,0.0
53.0,25.3,83.0,0.0,development,-0.7,0.7,6,0.0,0.0,0.0,0.0,0,0.0
53.0,25.3,83.0,0.0,initial,-0.3,1.0,6,0.0,0.0,0.0,0.0,0,0.0
53.0,25.3,83.0,1.0,mid,1.0,-0.3,5,0.0,0.0,0.0,0.0,0,0.0
53.0,25.3,87.0,0.0,initial,0.0,1.0,6,0.0,0.0,0.0,0.0,0,0.0
53.0,25.3,89.0,0.0,initial,-0.5,0.9,7,0.0,0.0,0.0,0.0,0,0.0
53.0,25.4,64.0,0.4,late,-0.9,-0.5,6,0.0,0.0,0.0,0.0,0,0.0
53.0,25.4,70.0,0.0,mid,-0.9,0.5,5,0.0,0.0,0.0,0.0,0,0.0
53.0,25.4,76.0,0.0,initial,-0.9,0.5,5,0.0,0.0,0.0,0.0,0,0.0
53.0,25.4,77.0,0.0,development,-0.7,0.7,8,0.0,0.0,0.0,0.0,0,0.0
53.0,25.4,78.0,0.0,development,-0.7,0.7,5,0.0,0.0,0.0,0.0,0,0.0
53.0,25.4,79.0,0.0,development,-0.9,0.5,6,0.0,0.0,0.0,0.0,0,0.0
53.0,25.4,79.0,0.0,development,-0.7,0.7,5,0.0,0.0,0.0,0.0,0,0.0
53.0,25.5,63.0,0.0,mid,-1.0,0.3,8,0.0,0.0,0.0,0.0,0,0.0
53.0,25.5,63.0,0.4,development,-0.9,-0.5,5,0.0,0.0,0.0,0.0,0,0.0
53.0,25.5,67.0,0.0,mid,-1.0,0.3,6,0.0,0.0,0.0,0.0,0,0.0
53.0,25.5,76.0,0.0,mid,-1.0,0.3,5,0.0,0.0,0.0,0.0,0,0.0
53.0,25.5,77.0,0.0,development,-0.7,0.7,5,0.0,0.0,0.0,0.0,0,0.0
53.0,25.5,82.0,0.6,late,1.0,0.0,8,0.0,0.0,0.0,0.0,0,0.0
53.0,25.5,86.0,1.0,initial,1.0,-0.3,6,0.0,0.0,0.0,0.0,0,0.0
53.0,25.5,91.0,0.0,initial,0.5,0.9,5,0.0,0.0,0.0,0.0,0,0.0
53.0,25.6,67.0,0.0,mid,-1.0,0.0,9,0.0,0.0,0.0,0.0,0,0.0
53.0,25.6,70.0,1.4,development,0.9,-0.5,5,0.0,0.0,0.0,0.0,0,0.0
53.0,25.6,74.0,0.0,development,-1.0,0.3,5,0.0,0.0,0.0,0.0,0,0.0
53.0,25.6,75.0,0.0,initial,-1.0,0.0,5,0.0,0.0,0.0,0.0,0,0.0
53.0,25.6,77.0,0.0,initial,-1.0,0.3,7,0.0,0.0,0.0,0.0,0,0.0
53.0,25.6,79.0,0.0,initial,-0.7,0.7,9,0.0,0.0,0.0,0.0,0,0.0
53.0,25.6,87.0,0.0,development,-1.0,0.3,5,0.0,0.0,0.0,0.0,0,0.0
53.0,25.7,64.0,0.0,development,-1.0,0.0,5,0.0,0.0,0.0,0.0,0,0.0
53.0,25.7,65.0,0.0,mid,-1.0,0.3,5,0.0,0.0,0.0,0.0,0,0.0
53.0,25.7,68.0,0.0,mid,-1.0,0.3,5,0.0,0.0,0.0,0.0,0,0.0
53.0,25.7,69.0,0.0,mid,-1.0,0.0,5,0.0,0.0,0.0,0.0,0,0.0
53.0,25.7,72.0,0.0,initial,-0.9,0.5,5,0.0,0.0,0.0,0.0,0,0.0
53.0,25.7,73.0,0.0,development,-0.9,0.5,5,0.0,0.0,0.0,0.0,0,0.0
53.0,25.7,75.0,0.6,development,1.0,0.0,7,0.0,0.0,0.0,0.0,0,0.0
53.0,25.7,77.0,0.0,development,-0.9,0.5,5,0.0,0.0,0.0,0.0,0,0.0
53.0,25.7,81.0,0.0,initial,-0.5,0.9,5,0.0,0.0,0.0,0.0,0,0.0
53.0,25.7,81.0,0.3,development,1.0,0.0,5,0.0,0.0,0.0,0.0,0,0.0
53.0,25.7,85.0,1.5,initial,1.0,-0.3,5,0.0,0.0,0.0,0.0,0,0.0
53.0,25.8,64.0,0.0,mid,-1.0,0.0,8,0.0,0.0,0.0,0.0,0,0.0
53.0,25.8,65.0,0.0,mid,-1.0,0.3,5,0.0,0.0,0.0,0.0,0,0.0
53.0,25.8,66.0,1.7,initial,0.7,-0.7,5,0.0,0.0,0.0,0.0,0,0.0
53.0,25.8,67.0,0.0,development,-1.0,0.3,5,0.0,0.0,0.0,0.0,0,0.0
53.0,25.8,67.0,0.0,mid,-1.0,0.0,7,0.0,0.0,0.0,0.0,0,0.0
53.0,25.8,69.0,0.0,development,-1.0,0.3,12,0.0,0.0,0.0,0.0,0,0.0
53.0,25.8,71.0,0.0,mid,-1.0,0.3,6,0.0,0.0,0.0,0.0,0,0.0
53.0,25.8,72.0,0.0,development,-0.9,0.5,6,0.0,0.0,0.0,0.0,0,0.0
53.0,25.8,75.0,0.0,development,-0.9,0.5,7,0.0,0.0,0.0,0.0,0,0.0
53.0,25.8,76.0,0.0,initial,-0.7,0.7,6,0.0,0.0,0.0,0.0,0,0.0
53.0,25.8,77.0,0.0,development,-0.9,0.5,6,0.0,0.0,0.0,0.0,0,0.0
53.0,25.8,81.0,0.0,late,-0.5,0.9,6,0.0,0.0,0.0,0.0,0,0.0
53.0,25.8,81.0,0.0,mid,-0.9,0.5,5,0.0,0.0,0.0,0.0,0,0.0
53.0,25.9,59.0,1.5,late,0.7,-0.7,5,0.0,0.0,0.0,0.0,0,0.0
53.0,25.9,66.0,0.0,development,-1.0,0.3,9,0.0,0.0,0.0,0.0,0,0.0
53.0,25.9,66.0,1.9,development,0.7,-0.7,5,0.0,0.0,0.0,0.0,0,0.0
53.0,25.9,67.0,0.0,development,-1.0,0.3,5,0.0,0.0,0.0,0.0,0,0.0
53.0,25.9,67.0,1.8,mid,0.9,-0.5,5,0.0,0.0,0.0,0.0,0,0.0
53.0,25.9,70.0,0.0,development,-1.0,0.3,6,0.0,0.0,0.0,0.0,0,0.0
53.0,25.9,74.0,0.0,initial,-1.0,0.3,10,0.0,0.0,0.0,0.0,0,0.0
53.0,25.9,85.0,0.0,mid,-1.0,0.3,5,0.0,0.0,0.0,0.0,0,0.0
53.0,25.9,87.0,0.0,late,-1.0,0.0,5,0.0,0.0,0.0,0.0,0,0.0
53.0,26.0,58.0,0.5,late,-0.9,-0.5,5,0.0,0.0,0.0,0.0,0,0.0
53.0,26.0,63.0,0.0,late,-1.0,0.3,5,0.0,0.0,0.0,0.0,0,0.0
53.0,26.0,63.0,2.0,late,0.9,-0.5,5,0.0,0.0,0.0,0.0,0,0.0
53.0,26.0,69.0,0.0,initial,-1.0,0.3,8,0.0,0.0,0.0,0.0,0,0.0
53.0,26.0,73.0,0.0,development,-1.0,0.3,5,0.0,0.0,0.0,0.0,0,0.0
53.0,26.0,77.0,0.0,late,-1.0,0.3,5,0.0,0.0,0.0,0.0,0,0.0
53.0,26.0,79.0,0.0,development,-1.0,0.3,5,0.0,0.0,0.0,0.0,0,0.0
53.0,26.0,87.0,0.4,initial,1.0,0.0,5,0.0,0.0,0.0,0.0,0,0.0
53.0,26.0,88.0,0.6,mid,1.0,0.0,5,0.0,0.0,0.0,0.0,0,0.0
53.0,26.1,55.0,0.6,late,-0.9,-0.5,5,0.0,0.0,0.0,0.0,0,0.0
53.0,26.1,56.0,0.7,development,-0.7,-0.7,6,0.0,0.0,0.0,0.0,0,0.0
53.0,26.1,66.0,1.7,development,1.0,-0.3,6,0.0,0.0,0.0,0.0,0,0.0
53.0,26.1,69.0,1.9,initial,0.9,-0.5,5,0.0,0.0,0.0,0.0,0,0.0
53.0,26.1,70.0,0.0,development,-1.0,0.3,5,0.0,0.0,0.0,0.0,0,0.0
53.0,26.1,75.0,0.0,initial,-0.9,0.5,8,0.0,0.0,0.0,0.0,0,0.0
53.0,26.1,91.0,0.0,mid,-0.3,1.0,5,0.0,0.0,0.0,0.0,0,0.0
53.0,26.2,60.0,2.4,development,0.7,-0.7,5,0.0,0.0,0.0,0.0,0,0.0
53.0,26.2,63.0,2.0,development,0.7,-0.7,5,0.0,0.0,0.0,0.0,0,0.0
53.0,26.2,71.0,0.0,initial,-1.0,0.3,5,0.0,0.0,0.0,0.0,0,0.0
53.0,26.2,71.0,0.0,mid,-1.0,0.3,5,0.0,0.0,0.0,0.0,0,0.0
53.0,26.2,72.0,0.0,development,-0.9,0.5,6,0.0,0.0,0.0,0.0,0,0.0
53.0,26.2,73.0,0.0,initial,-0.9,0.5,6,0.0,0.0,0.0,0.0,0,0.0
53.0,26.2,74.0,0.0,initial,-0.9,0.5,5,0.0,0.0,0.0,0.0,0,0.0
53.0,26.2,74.0,0.0,mid,-0.9,0.5,5,0.0,0.0,0.0,0.0,0,0.0
53.0,26.2,79.0,0.0,mid,-1.0,0.0,5,0.0,0.0,0.0,0.0,0,0.0
53.0,26.3,61.0,2.2,development,0.9,-0.5,5,0.0,0.0,0.0,0.0,0,0.0
53.0,26.3,68.0,1.8,initial,1.0,-0.3,5,0.0,0.0,0.0,0.0,0,0.0
53.0,26.3,71.0,0.0,development,-1.0,0.3,5,0.0,0.0,0.0,0.0,0,0.0
53.0,26.3,72.0,0.0,development,-0.9,0.5,6,0.0,0.0,0.0,0.0,0,0.0
53.0,26.3,74.0,0.0,development,-0.9,0.5,5,0.0,0.0,0.0,0.0,0,0.0
53.0,26.3,75.0,0.0,development,-0.7,0.7,5,0.0,0.0,0.0,0.0,0,0.0
53.0,26.4,58.0,0.0,mid,-1.0,0.0,5,0.0,0.0,0.0,0.0,0,0.0
53.0,26.4,64.0,0.0,development,-1.0,0.3,5,0.0,0.0,0.0,0.0,0,0.0
53.0,26.4,67.0,0.0,development,-1.0,0.3,5,0.0,0.0,0.0,0.0,0,0.0
53.0,26.4,68.0,1.2,development,1.0,-0.3,5,0.0,0.0,0.0,0.0,0,0.0
53.0,26.4,69.0,0.0,mid,-1.0,0.0,5,0.0,0.0,0.0,0.0,0,0.0
53.0,26.5,52.0,1.2,development,-0.7,-0.7,6,0.0,0.0,0.0,0.0,0,0.0
53.0,26.5,57.0,1.6,mid,0.5,-0.9,6,0.0,0.0,0.0,0.0,0,0.0
53.0,26.5,59.0,0.0,development,-1.0,0.0,6,0.0,0.0,0.0,0.0,0,0.0
53.0,26.5,69.0,1.6,initial,1.0,-0.3,6,0.0,0.0,0.0,0.0,0,0.0
53.0,26.5,71.0,0.0,development,-1.0,0.0,5,0.0,0.0,0.0,0.0,0,0.0
53.0,26.5,74.0,0.0,initial,-1.0,0.3,6,0.0,0.0,0.0,0.0,0,0.0
53.0,26.5,75.0,0.0,mid,-1.0,0.3,6,0.0,0.0,0.0,0.0,0,0.0
53.0,26.5,81.0,0.0,late,-1.0,0.3,5,0.0,0.0,0.0,0.0,0,0.0
53.0,26.6,60.0,0.0,mid,-1.0,0.0,6,0.0,0.0,0.0,0.0,0,0.0
53.0,26.6,65.0,0.0,development,-1.0,0.3,5,0.0,0.0,0.0,0.0,0,0.0
53.0,26.6,68.0,1.6,development,1.0,-0.3,5,0.0,0.0,0.0,0.0,0,0.0
53.0,26.6,70.0,0.0,development,-1.0,0.3,6,0.0,0.0,0.0,0.0,0,0.0
53.0,26.6,73.0,0.0,late,-1.0,0.0,5,0.0,0.0,0.0,0.0,0,0.0
53.0,26.6,75.0,0.0,development,-1.0,0.3,7,0.0,0.0,0.0,0.0,0,0.0
53.0,26.6,81.0,0.0,development,-1.0,0.0,5,0.0,0.0,0.0,0.0,0,0.0
53.0,26.6,84.0,1.3,development,1.0,-0.3,5,0.0,0.0,0.0,0.0,0,0.0
53.0,26.7,52.0,0.6,development,-0.9,-0.5,5,0.0,0.0,0.0,0.0,0,0.0
53.0,26.7,56.0,2.1,development,-0.3,-1.0,6,0.0,0.0,0.0,0.0,0,0.0
53.0,26.7,59.0,0.0,late,-1.0,-0.3,5,0.0,0.0,0.0,0.0,0,0.0
53.0,26.7,69.0,0.0,development,-1.0,0.3,5,0.0,0.0,0.0,0.0,0,0.0
53.0,26.7,70.0,0.0,late,-1.0,0.0,5,0.0,0.0,0.0,0.0,0,0.0
53.0,26.7,77.0,1.0,development,1.0,-0.3,5,0.0,0.0,0.0,0.0,0,0.0
53.0,26.8,62.0,0.0,development,-1.0,0.0,6,0.0,0.0,0.0,0.0,0,0.0
53.0,26.8,62.0,0.0,initial,-1.0,0.0,5,0.0,0.0,0.0,0.0,0,0.0
53.0,26.8,67.0,0.0,initial,-1.0,0.0,5,0.0,0.0,0.0,0.0,0,0.0
53.0,26.8,68.0,0.0,mid,-1.0,0.0,6,0.0,0.0,0.0,0.0,0,0.0
53.0,26.8,69.0,0.0,initial,-0.9,0.5,5,0.0,0.0,0.0,0.0,0,0.0
53.0,26.8,70.0,0.0,initial,-1.0,0.3,9,0.0,0.0,0.0,0.0,0,0.0
53.0,26.8,70.0,1.3,mid,1.0,-0.3,6,0.0,0.0,0.0,0.0,0,0.0
53.0,26.8,75.0,0.0,initial,-1.0,0.3,5,0.0,0.0,0.0,0.0,0,0.0
53.0,26.8,78.0,0.0,mid,-1.0,0.3,5,0.0,0.0,0.0,0.0,0,0.0
53.0,26.8,81.0,0.0,development,-0.9,0.5,5,0.0,0.0,0.0,0.0,0,0.0
53.0,26.9,61.0,2.0,late,0.9,-0.5,5,0.0,0.0,0.0,0.0,0,0.0
53.0,26.9,62.0,1.8,development,1.0,-0.3,6,0.0,0.0,0.0,0.0,0,0.0
53.0,26.9,63.0,1.7,development,0.3,-1.0,7,0.0,0.0,0.0,0.0,0,0.0
53.0,26.9,68.0,1.5,development,1.0,-0.3,5,0.0,0.0,0.0,0.0,0,0.0
53.0,26.9,69.0,0.0,initial,-1.0,0.3,7,0.0,0.0,0.0,0.0,0,0.0
53.0,26.9,70.0,0.0,development,-1.0,-0.3,5,0.0,0.0,0.0,0.0,0,0.0
53.0,26.9,71.0,0.0,development,-1.0,0.3,9,0.0,0.0,0.0,0.0,0,0.0
53.0,26.9,71.0,0.0,development,-0.9,0.5,6,0.0,0.0,0.0,0.0,0,0.0
53.0,26.9,73.0,1.1,development,1.0,-0.3,5,0.0,0.0,0.0,0.0,0,0.0
53.0,26.9,73.0,1.4,development,1.0,-0.3,6,0.0,0.0,0.0,0.0,0,0.0
53.0,27.0,56.0,0.9,mid,-0.5,-0.9,5,0.0,0.0,0.0,0.0,0,0.0
53.0,27.0,59.0,0.0,mid,-1.0,0.0,5,0.0,0.0,0.0,0.0,0,0.0
53.0,27.0,61.0,1.4,development,1.0,-0.3,5,0.0,0.0,0.0,0.0,0,0.0
53.0,27.0,63.0,0.0,initial,-1.0,0.0,5,0.0,0.0,0.0,0.0,0,0.0
53.0,27.0,63.0,1.8,mid,1.0,-0.3,5,0.0,0.0,0.0,0.0,0,0.0
53.0,27.0,65.0,0.0,development,-1.0,0.0,5,0.0,0.0,0.0,0.0,0,0.0
53.0,27.0,66.0,0.0,development,-1.0,0.0,5,0.0,0.0,0.0,0.0,0,0.0
53.0,27.0,70.0,0.0,mid,-1.0,-0.3,6,0.0,0.0,0.0,0.0,0,0.0
53.0,27.0,73.0,1.4,initial,1.0,-0.3,7,0.0,0.0,0.0,0.0,0,0.0
53.0,27.0,74.0,1.4,mid,0.7,-0.7,6,0.0,0.0,0.0,0.0,0,0.0
53.0,27.1,52.0,1.0,development,-0.5,-0.9,6,0.0,0.0,0.0,0.0,0,0.0
53.0,27.1,57.0,1.8,development,1.0,-0.3,6,0.0,0.0,0.0,0.0,0,0.0
53.0,27.1,62.0,0.0,development,-1.0,0.0,6,0.0,0.0,0.0,0.0,0,0.0
53.0,27.1,62.0,0.9,development,-0.7,-0.7,5,0.0,0.0,0.0,0.0,0,0.0
53.0,27.1,63.0,0.0,development,-1.0,0.0,5,0.0,0.0,0.0,0.0,0,0.0
53.0,27.1,63.0,1.4,late,1.0,-0.3,5,0.0,0.0,0.0,0.0,0,0.0
53.0,27.1,66.0,0.0,development,-1.0,0.0,6,0.0,0.0,0.0,0.0,0,0.0
53.0,27.1,68.0,1.3,initial,1.0,-0.3,5,0.0,0.0,0.0,0.0,0,0.0
53.0,27.2,52.0,2.6,initial,0.7,-0.7,5,0.0,0.0,0.0,0.0,0,0.0
53.0,27.2,60.0,0.2,mid,-1.0,-0.3,6,0.0,0.0,0.0,0.0,0,0.0
53.0,27.2,67.0,0.0,development,-1.0,0.3,5,0.0,0.0,0.0,0.0,0,0.0
53.0,27.2,68.0,0.0,initial,-1.0,0.0,6,0.0,0.0,0.0,0.0,0,0.0
53.0,27.3,74.0,0.0,mid,-1.0,0.0,5,0.0,0.0,0.0,0.0,0,0.0
53.0,27.4,49.0,1.9,development,-0.5,-0.9,5,0.0,0.0,0.0,0.0,0,0.0
53.0,27.4,56.0,1.6,development,-0.5,-0.9,5,0.0,0.0,0.0,0.0,0,0.0
53.0,27.4,63.0,0.0,initial,-1.0,0.3,7,0.0,0.0,0.0,0.0,0,0.0
53.0,27.4,69.0,0.9,development,1.0,-0.3,5,0.0,0.0,0.0,0.0,0,0.0
53.0,27.4,72.0,0.0,initial,-1.0,0.0,7,0.0,0.0,0.0,0.0,0,0.0
53.0,27.4,75.0,1.0,initial,1.0,-0.3,5,0.0,0.0,0.0,0.0,0,0.0
53.0,27.5,56.0,0.2,mid,-1.0,-0.3,5,0.0,0.0,0.0,0.0,0,0.0
53.0,27.5,59.0,0.0,development,-1.0,0.0,5,0.0,0.0,0.0,0.0,0,0.0
53.0,27.5,64.0,1.2,initial,1.0,-0.3,5,0.0,0.0,0.0,0.0,0,0.0
53.0,27.5,68.0,1.2,development,1.0,-0.3,5,0.0,0.0,0.0,0.0,0,0.0
53.0,27.5,73.0,0.0,mid,-0.9,0.5,5,0.0,0.0,0.0,0.0,0,0.0
53.0,27.6,51.0,1.3,development,-0.3,-1.0,6,0.0,0.0,0.0,0.0,0,0.0
53.0,27.6,54.0,2.0,mid,1.0,-0.3,5,0.0,0.0,0.0,0.0,0,0.0
53.0,27.6,54.0,2.8,development,0.5,-0.9,5,0.0,0.0,0.0,0.0,0,0.0
53.0,27.6,60.0,0.0,development,-1.0,0.0,5,0.0,0.0,0.0,0.0,0,0.0
53.0,27.6,76.0,0.0,initial,-0.5,0.9,5,0.0,0.0,0.0,0.0,0,0.0
53.0,27.6,78.0,0.0,development,-1.0,0.0,5,0.0,0.0,0.0,0.0,0,0.0
53.0,27.7,57.0,0.6,late,-0.7,-0.7,6,0.0,0.0,0.0,0.0,0,0.0
53.0,27.7,65.0,0.0,initial,-1.0,0.3,5,0.0,0.0,0.0,0.0,0,0.0
53.0,27.7,68.0,1.1,development,1.0,-0.3,5,0.0,0.0,0.0,0.0,0,0.0
53.0,27.8,49.0,2.4,development,-0.3,-1.0,5,0.0,0.0,0.0,0.0,0,0.0
53.0,27.8,61.0,0.0,development,-1.0,0.0,6,0.0,0.0,0.0,0.0,0,0.0
53.0,27.8,63.0,0.0,mid,-1.0,0.0,5,0.0,0.0,0.0,0.0,0,0.0
53.0,27.8,67.0,1.9,development,0.7,-0.7,5,0.0,0.0,0.0,0.0,0,0.0
53.0,27.8,68.0,0.3,initial,-1.0,-0.3,5,0.0,0.0,0.0,0.0,0,0.0
53.0,27.8,75.0,0.3,late,-0.9,-0.5,7,0.0,0.0,0.0,0.0,0,0.0
53.0,27.9,54.0,0.1,development,-1.0,-0.3,5,0.0,0.0,0.0,0.0,0,0.0
53.0,27.9,59.0,1.9,mid,0.5,-0.9,8,0.0,0.0,0.0,0.0,0,0.0
53.0,27.9,62.0,0.0,development,-1.0,0.0,5,0.0,0.0,0.0,0.0,0,0.0
53.0,27.9,76.0,1.4,mid,1.0,-0.3,5,0.0,0.0,0.0,0.0,0,0.0
53.0,28.0,58.0,0.0,mid,-1.0,-0.3,5,0.0,0.0,0.0,0.0,0,0.0
53.0,28.0,61.0,0.4,mid,-0.9,-0.5,5,0.0,0.0,0.0,0.0,0,0.0
53.0,28.0,63.0,0.0,initial,-1.0,0.0,5,0.0,0.0,0.0,0.0,0,0.0
53.0,28.1,43.0,2.3,initial,0.5,-0.9,5,0.0,0.0,0.0,0.0,0,0.0
53.0,28.1,48.0,2.7,development,0.7,-0.7,5,0.0,0.0,0.0,0.0,0,0.0
53.0,28.1,51.0,1.2,mid,-0.7,-0.7,5,0.0,0.0,0.0,0.0,0,0.0
53.0,28.1,63.0,0.2,late,-1.0,-0.3,5,0.0,0.0,0.0,0.0,0,0.0
53.0,28.1,70.0,0.9,development,1.0,-0.3,6,0.0,0.0,0.0,0.0,0,0.0
53.0,28.2,61.0,1.4,development,1.0,-0.3,6,0.0,0.0,0.0,0.0,0,0.0
53.0,28.2,62.0,0.0,initial,-1.0,0.0,8,0.0,0.0,0.0,0.0,0,0.0
53.0,28.3,53.0,2.7,development,0.3,-1.0,6,0.0,0.0,0.0,0.0,0,0.0
53.0,28.3,65.0,0.0,development,-1.0,0.0,5,0.0,0.0,0.0,0.0,0,0.0
53.0,28.4,57.0,0.0,development,-1.0,0.0,6,0.0,0.0,0.0,0.0,0,0.0
53.0,28.4,59.0,1.3,mid,0.5,-0.9,5,0.0,0.0,0.0,0.0,0,0.0
53.0,28.5,51.0,0.2,mid,-1.0,-0.3,5,0.0,0.0,0.0,0.0,0,0.0
53.0,28.5,57.0,2.3,mid,0.9,-0.5,5,0.0,0.0,0.0,0.0,0,0.0
53.0,28.5,58.0,0.0,development,-1.0,-0.3,5,0.0,0.0,0.0,0.0,0,0.0
53.0,28.5,64.0,2.3,initial,-0.3,-1.0,5,0.0,0.0,0.0,0.0,0,0.0
53.0,28.5,65.0,1.9,late,0.7,-0.7,5,0.0,0.0,0.0,0.0,0,0.0
53.0,28.6,50.0,1.5,mid,-0.5,-0.9,5,0.0,0.0,0.0,0.0,0,0.0
53.0,28.6,57.0,2.4,initial,0.9,-0.5,5,0.0,0.0,0.0,0.0,0,0.0
53.0,28.7,47.0,2.4,development,0.7,-0.7,7,0.0,0.0,0.0,0.0,0,0.0
53.0,28.7,51.0,2.1,development,-0.3,-1.0,5,0.0,0.0,0.0,0.0,0,0.0
53.0,28.7,55.0,0.0,development,-1.0,-0.3,5,0.0,0.0,0.0,0.0,0,0.0
53.0,28.7,57.0,0.3,development,-1.0,-0.3,6,0.0,0.0,0.0,0.0,0,0.0
53.0,28.7,59.0,0.2,development,-1.0,-0.3,8,0.0,0.0,0.0,0.0,0,0.0
53.0,28.8,50.0,2.4,initial,0.0,-1.0,5,0.0,0.0,0.0,0.0,0,0.0
53.0,28.8,52.0,2.3,initial,0.0,-1.0,5,0.8279420722428213,1.8513347549669903,0.0,4.139710361214107,1,0.2
53.0,28.8,55.0,0.9,mid,-0.7,-0.7,5,0.0,0.0,0.0,0.0,0,0.0
53.0,28.8,57.0,0.0,initial,-1.0,0.0,6,0.0,0.0,0.0,0.0,0,0.0
53.0,28.8,58.0,2.6,mid,0.5,-0.9,6,0.0,0.0,0.0,0.0,0,0.0
53.0,28.8,62.0,0.0,development,-1.0,0.3,5,0.0,0.0,0.0,0.0,0,0.0
53.0,28.8,62.0,0.5,mid,-0.9,-0.5,5,0.0,0.0,0.0,0.0,0,0.0
53.0,28.9,56.0,0.7,mid,-0.7,-0.7,5,0.0,0.0,0.0,0.0,0,0.0
53.0,29.0,44.0,2.7,development,0.5,-0.9,5,0.0,0.0,0.0,0.0,0,0.0
53.0,29.0,46.0,2.7,development,0.0,-1.0,5,0.0,0.0,0.0,0.0,0,0.0
53.0,29.0,49.0,2.4,late,0.3,-1.0,7,0.0,0.0,0.0,0.0,0,0.0
53.0,29.0,56.0,2.1,late,0.9,-0.5,5,0.0,0.0,0.0,0.0,0,0.0
53.0,29.0,59.0,1.5,initial,0.5,-0.9,5,0.0,0.0,0.0,0.0,0,0.0
53.0,29.0,62.0,0.0,development,-1.0,0.0,5,0.0,0.0,0.0,0.0,0,0.0
53.0,29.1,48.0,2.0,mid,-0.5,-0.9,6,0.0,0.0,0.0,0.0,0,0.0
53.0,29.1,55.0,2.4,development,0.9,-0.5,5,0.0,0.0,0.0,0.0,0,0.0
53.0,29.1,56.0,2.7,development,0.5,-0.9,5,0.0,0.0,0.0,0.0,0,0.0
53.0,29.1,57.0,1.8,initial,0.9,-0.5,5,0.0,0.0,0.0,0.0,0,0.0
53.0,29.1,67.0,0.7,late,-0.7,-0.7,6,0.0,0.0,0.0,0.0,0,0.0
53.0,29.1,73.0,0.0,development,-1.0,-0.3,6,0.0,0.0,0.0,0.0,0,0.0
53.0,29.2,45.0,2.4,development,0.0,-1.0,5,0.0,0.0,0.0,0.0,0,0.0
53.0,29.2,47.0,2.3,development,0.9,-0.5,6,0.0,0.0,0.0,0.0,0,0.0
53.0,29.2,60.0,1.1,mid,-0.7,-0.7,5,0.0,0.0,0.0,0.0,0,0.0
53.0,29.3,43.0,2.7,initial,-0.3,-1.0,5,0.0,0.0,0.0,0.0,0,0.0
53.0,29.3,54.0,2.1,mid,0.3,-1.0,6,0.0,0.0,0.0,0.0,0,0.0
53.0,29.3,58.0,1.8,initial,0.9,-0.5,6,0.0,0.0,0.0,0.0,0,0.0
53.0,29.3,64.0,0.0,initial,-0.9,0.5,6,0.0,0.0,0.0,0.0,0,0.0
53.0,29.3,65.0,1.7,development,0.7,-0.7,7,0.0,0.0,0.0,0.0,0,0.0
53.0,29.3,65.0,2.0,development,0.9,-0.5,5,0.0,0.0,0.0,0.0,0,0.0
53.0,29.4,44.0,2.8,development,0.5,-0.9,5,0.0,0.0,0.0,0.0,0,0.0
53.0,29.4,55.0,2.0,development,0.9,-0.5,6,0.0,0.0,0.0,0.0,0,0.0
53.0,29.4,57.0,2.0,development,0.9,-0.5,5,0.0,0.0,0.0,0.0,0,0.0
53.0,29.4,61.0,1.7,development,0.9,-0.5,7,0.0,0.0,0.0,0.0,0,0.0
53.0,29.5,54.0,2.0,development,0.3,-1.0,7,0.0,0.0,0.0,0.0,0,0.0
53.0,29.5,55.0,2.5,late,0.5,-0.9,6,0.0,0.0,0.0,0.0,0,0.0
53.0,29.5,58.0,1.7,development,0.9,-0.5,5,0.0,0.0,0.0,0.0,0,0.0
53.0,29.6,47.0,0.9,late,-0.9,-0.5,5,0.0,0.0,0.0,0.0,0,0.0
53.0,29.6,48.0,2.5,mid,-0.3,-1.0,5,0.0,0.0,0.0,0.0,0,0.0
53.0,29.6,53.0,2.7,late,0.5,-0.9,5,0.0,0.0,0.0,0.0,0,0.0
53.0,29.6,55.0,2.2,late,0.0,-1.0,5,0.0,0.0,0.0,0.0,0,0.0
53.0,29.7,48.0,1.9,late,-0.3,-1.0,5,0.0,0.0,0.0,0.0,0,0.0
53.0,29.7,50.0,0.5,initial,-0.9,-0.5,5,0.0,0.0,0.0,0.0,0,0.0
53.0,29.7,54.0,2.1,initial,0.9,-0.5,5,0.0,0.0,0.0,0.0,0,0.0
53.0,29.8,42.0,2.9,development,0.3,-1.0,5,0.0,0.0,0.0,0.0,0,0.0
53.0,29.8,46.0,0.6,mid,-0.9,-0.5,5,0.0,0.0,0.0,0.0,0,0.0
53.0,29.8,54.0,0.2,development,-1.0,-0.3,5,0.0,0.0,0.0,0.0,0,0.0
53.0,29.8,55.0,2.1,development,0.9,-0.5,5,0.0,0.0,0.0,0.0,0,0.0
53.0,29.8,56.0,0.1,development,-1.0,-0.3,5,0.0,0.0,0.0,0.0,0,0.0
53.0,29.8,60.0,1.4,initial,0.9,-0.5,5,0.0,0.0,0.0,0.0,0,0.0
53.0,29.9,47.0,0.1,initial,-1.0,-0.3,5,0.0,0.0,0.0,0.0,0,0.0
53.0,29.9,55.0,2.3,initial,0.9,-0.5,5,0.0,0.0,0.0,0.0,0,0.0
53.0,29.9,57.0,1.8,mid,-0.5,-0.9,6,0.0,0.0,0.0,0.0,0,0.0
53.0,29.9,58.0,2.2,development,0.9,-0.5,7,0.0,0.0,0.0,0.0,0,0.0
53.0,30.0,47.0,2.2,late,0.0,-1.0,5,0.0,0.0,0.0,0.0,0,0.0
53.0,30.0,56.0,2.3,mid,-0.3,-1.0,7,0.0,0.0,0.0,0.0,0,0.0
53.0,30.1,44.0,0.2,development,-1.0,-0.3,5,0.0,0.0,0.0,0.0,0,0.0
53.0,30.1,49.0,0.8,late,-0.9,-0.5,5,0.0,0.0,0.0,0.0,0,0.0
53.0,30.1,59.0,0.9,development,0.0,-1.0,5,0.0,0.0,0.0,0.0,0,0.0
53.0,30.2,50.0,0.5,initial,-0.9,-0.5,5,0.0,0.0,0.0,0.0,0,0.0
53.0,30.2,53.0,0.2,initial,-1.0,-0.3,7,0.0,0.0,0.0,0.0,0,0.0
53.0,30.2,53.0,0.7,mid,-0.9,-0.5,6,0.0,0.0,0.0,0.0,0,0.0
53.0,30.3,48.0,2.3,development,0.5,-0.9,5,0.0,0.0,0.0,0.0,0,0.0
53.0,30.3,52.0,2.3,development,0.9,-0.5,6,0.0,0.0,0.0,0.0,0,0.0
53.0,30.3,54.0,0.1,development,-1.0,-0.3,5,0.0,0.0,0.0,0.0,0,0.0
53.0,30.4,47.0,0.6,mid,-0.9,-0.5,7,0.0,0.0,0.0,0.0,0,0.0
53.0,30.4,58.0,0.8,development,0.3,-1.0,7,0.0,0.0,0.0,0.0,0,0.0
53.0,30.5,44.0,0.9,mid,-0.9,-0.5,5,0.0,0.0,0.0,0.0,0,0.0
53.0,30.5,47.0,3.2,development,0.7,-0.7,5,0.0,0.0,0.0,0.0,0,0.0
53.0,30.5,50.0,2.1,development,0.9,-0.5,7,0.0,0.0,0.0,0.0,0,0.0
53.0,30.5,56.0,2.2,initial,0.9,-0.5,9,0.0,0.0,0.0,0.0,0,0.0
53.0,30.5,61.0,2.2,late,0.7,-0.7,5,0.0,0.0,0.0,0.0,0,0.0
53.0,30.6,47.0,1.5,mid,-0.7,-0.7,6,0.0,0.0,0.0,0.0,0,0.0
53.0,30.6,47.0,3.1,mid,0.7,-0.7,7,0.0,0.0,0.0,0.0,0,0.0
53.0,30.6,49.0,0.4,initial,-0.9,-0.5,6,0.0,0.0,0.0,0.0,0,0.0
53.0,30.6,50.0,1.0,development,-0.9,-0.5,5,0.0,0.0,0.0,0.0,0,0.0
53.0,30.6,51.0,2.6,late,0.3,-1.0,6,0.0,0.0,0.0,0.0,0,0.0
53.0,30.6,64.0,0.4,development,-0.9,-0.5,5,0.0,0.0,0.0,0.0,0,0.0
53.0,30.7,51.0,1.4,mid,-0.5,-0.9,6,0.0,0.0,0.0,0.0,0,0.0
53.0,30.7,51.0,1.7,mid,-0.7,-0.7,5,0.0,0.0,0.0,0.0,0,0.0
53.0,30.8,44.0,0.6,development,-0.9,-0.5,5,0.0,0.0,0.0,0.0,0,0.0
53.0,30.8,47.0,2.6,development,0.5,-0.9,5,0.0,0.0,0.0,0.0,0,0.0
53.0,30.9,45.0,2.0,mid,-0.3,-1.0,6,0.0,0.0,0.0,0.0,0,0.0
53.0,30.9,49.0,2.5,late,0.7,-0.7,5,0.0,0.0,0.0,0.0,0,0.0
53.0,31.0,53.0,0.8,late,-0.9,-0.5,5,0.0,0.0,0.0,0.0,0,0.0
53.0,31.0,53.0,1.0,initial,-0.5,-0.9,5,0.0,0.0,0.0,0.0,0,0.0
53.0,31.1,49.0,1.9,late,-0.5,-0.9,5,0.0,0.0,0.0,0.0,0,0.0
53.0,31.1,51.0,1.6,late,-0.5,-0.9,5,0.0,0.0,0.0,0.0,0,0.0
53.0,31.1,57.0,1.0,development,-0.9,-0.5,5,0.0,0.0,0.0,0.0,0,0.0
53.0,31.2,43.0,3.0,development,0.3,-1.0,5,0.0,0.0,0.0,0.0,0,0.0
53.0,31.2,47.0,0.6,mid,-0.9,-0.5,6,0.0,0.0,0.0,0.0,0,0.0
53.0,31.2,47.0,2.6,development,0.7,-0.7,5,0.0,0.0,0.0,0.0,0,0.0
53.0,31.2,47.0,2.9,initial,0.7,-0.7,6,0.0,0.0,0.0,0.0,0,0.0
53.0,31.2,51.0,2.3,development,0.7,-0.7,5,0.0,0.0,0.0,0.0,0,0.0
53.0,31.2,52.0,2.1,late,-0.5,-0.9,5,0.0,0.0,0.0,0.0,0,0.0
53.0,31.3,44.0,2.9,initial,0.5,-0.9,5,0.9030439076159198,2.0192675640962365,0.0,4.515219538079599,1,0.2
53.0,31.3,46.0,0.2,development,-1.0,-0.3,5,0.0,0.0,0.0,0.0,0,0.0
53.0,31.3,46.0,2.7,mid,0.7,-0.7,5,0.0,0.0,0.0,0.0,0,0.0
53.0,31.3,55.0,1.7,development,0.3,-1.0,7,0.0,0.0,0.0,0.0,0,0.0
53.0,31.4,32.0,1.4,mid,-0.7,-0.7,5,0.0,0.0,0.0,0.0,0,0.0
53.0,31.4,50.0,2.3,mid,-0.5,-0.9,6,0.0,0.0,0.0,0.0,0,0.0
53.0,31.4,52.0,2.6,development,0.7,-0.7,5,0.0,0.0,0.0,0.0,0,0.0
53.0,31.5,41.0,0.6,initial,-0.9,-0.5,5,0.0,0.0,0.0,0.0,0,0.0
53.0,31.5,42.0,1.4,development,-0.5,-0.9,5,0.0,0.0,0.0,0.0,0,0.0
53.0,31.5,42.0,2.8,development,-0.3,-1.0,5,0.0,0.0,0.0,0.0,0,0.0
53.0,31.5,54.0,2.3,development,0.3,-1.0,7,0.0,0.0,0.0,0.0,0,0.0
53.0,31.6,45.0,2.2,mid,0.3,-1.0,7,0.0,0.0,0.0,0.0,0,0.0
53.0,31.6,47.0,2.6,development,0.0,-1.0,8,0.0,0.0,0.0,0.0,0,0.0
53.0,31.6,49.0,0.8,mid,-0.9,-0.5,5,0.0,0.0,0.0,0.0,0,0.0
53.0,31.7,38.0,1.4,mid,-0.7,-0.7,5,0.0,0.0,0.0,0.0,0,0.0
53.0,31.7,47.0,1.0,development,-0.9,-0.5,9,0.0,0.0,0.0,0.0,0,0.0
53.0,31.7,48.0,1.4,mid,-0.7,-0.7,6,0.0,0.0,0.0,0.0,0,0.0
53.0,31.7,53.0,1.7,development,0.0,-1.0,5,0.0,0.0,0.0,0.0,0,0.0
53.0,31.8,48.0,2.6,development,0.7,-0.7,5,0.0,0.0,0.0,0.0,0,0.0
53.0,31.8,49.0,2.7,mid,0.5,-0.9,5,0.0,0.0,0.0,0.0,0,0.0
53.0,31.8,50.0,2.5,development,0.7,-0.7,5,0.0,0.0,0.0,0.0,0,0.0
53.0,31.8,51.0,2.5,late,-0.3,-1.0,6,0.0,0.0,0.0,0.0,0,0.0
53.0,31.8,54.0,3.0,development,0.0,-1.0,5,0.0,0.0,0.0,0.0,0,0.0
53.0,31.9,41.0,1.6,mid,-0.7,-0.7,6,0.0,0.0,0.0,0.0,0,0.0
53.0,31.9,46.0,2.5,initial,0.7,-0.7,5,0.0,0.0,0.0,0.0,0,0.0
53.0,31.9,46.0,3.0,development,0.3,-1.0,5,0.0,0.0,0.0,0.0,0,0.0
53.0,32.0,45.0,0.5,mid,-0.9,-0.5,5,0.0,0.0,0.0,0.0,0,0.0
53.0,32.0,46.0,1.6,mid,-0.7,-0.7,6,0.0,0.0,0.0,0.0,0,0.0
53.0,32.0,49.0,1.3,mid,-0.5,-0.9,5,0.0,0.0,0.0,0.0,0,0.0
53.0,32.0,51.0,2.3,development,0.7,-0.7,5,0.0,0.0,0.0,0.0,0,0.0
53.0,32.0,52.0,2.5,development,0.7,-0.7,5,0.0,0.0,0.0,0.0,0,0.0
53.0,32.1,45.0,3.0,initial,0.7,-0.7,5,0.0,0.0,0.0,0.0,0,0.0
53.0,32.1,50.0,1.8,late,-0.5,-0.9,5,0.0,0.0,0.0,0.0,0,0.0
53.0,32.2,40.0,1.9,development,-0.3,-1.0,5,0.0,0.0,0.0,0.0,0,0.0
53.0,32.2,50.0,1.2,development,-0.5,-0.9,5,0.0,0.0,0.0,0.0,0,0.0
53.0,32.3,39.0,1.4,mid,-0.7,-0.7,6,0.0,0.0,0.0,0.0,0,0.0
53.0,32.3,42.0,3.0,initial,0.7,-0.7,6,0.0,0.0,0.0,0.0,0,0.0
53.0,32.4,44.0,2.2,initial,0.5,-0.9,6,0.0,0.0,0.0,0.0,0,0.0
53.0,32.4,45.0,0.7,development,-0.9,-0.5,5,0.0,0.0,0.0,0.0,0,0.0
53.0,32.4,45.0,2.8,initial,0.5,-0.9,7,0.6368675586300968,1.6849931782200838,0.0,4.458072910410678,1,0.14285714285714285
53.0,32.4,46.0,2.9,development,0.5,-0.9,6,0.0,0.0,0.0,0.0,0,0.0
53.0,32.4,49.0,3.0,initial,0.3,-1.0,6,2.9069445621065384,2.2520263990615614,0.0,4.433432913741662,4,0.6666666666666666
53.0,32.5,43.0,0.6,mid,-0.9,-0.5,5,0.0,0.0,0.0,0.0,0,0.0
53.0,32.5,48.0,1.7,mid,-0.3,-1.0,5,0.0,0.0,0.0,0.0,0,0.0
53.0,32.6,43.0,2.5,development,0.0,-1.0,5,0.0,0.0,0.0,0.0,0,0.0
53.0,32.6,48.0,1.8,development,-0.5,-0.9,5,0.0,0.0,0.0,0.0,0,0.0
53.0,32.6,49.0,1.5,development,-0.3,-1.0,6,0.0,0.0,0.0,0.0,0,0.0
53.0,32.6,53.0,2.5,mid,0.3,-1.0,5,0.0,0.0,0.0,0.0,0,0.0
53.0,32.7,41.0,2.6,mid,-0.3,-1.0,5,0.0,0.0,0.0,0.0,0,0.0
53.0,32.7,42.0,1.3,initial,-0.7,-0.7,6,0.0,0.0,0.0,0.0,0,0.0
53.0,32.7,47.0,2.8,development,0.3,-1.0,6,0.0,0.0,0.0,0.0,0,0.0
53.0,32.7,51.0,0.2,mid,-0.7,-0.7,5,0.0,0.0,0.0,0.0,0,0.0
53.0,32.8,40.0,2.7,mid,0.3,-1.0,5,0.0,0.0,0.0,0.0,0,0.0
53.0,32.8,45.0,0.6,development,-0.9,-0.5,5,0.0,0.0,0.0,0.0,0,0.0
53.0,32.9,30.0,2.0,mid,-0.5,-0.9,5,0.0,0.0,0.0,0.0,0,0.0
53.0,32.9,44.0,0.7,initial,-0.9,-0.5,5,0.0,0.0,0.0,0.0,0,0.0
53.0,32.9,46.0,2.6,development,0.5,-0.9,6,0.0,0.0,0.0,0.0,0,0.0
53.0,33.0,39.0,3.0,development,0.3,-1.0,7,0.0,0.0,0.0,0.0,0,0.0
53.0,33.0,45.0,2.9,development,0.5,-0.9,6,0.0,0.0,0.0,0.0,0,0.0
53.0,33.0,45.0,3.0,development,0.5,-0.9,5,0.0,0.0,0.0,0.0,0,0.0
53.0,33.0,46.0,2.5,development,0.5,-0.9,6,0.0,0.0,0.0,0.0,0,0.0
53.0,33.1,33.0,0.6,mid,-0.9,-0.5,6,0.0,0.0,0.0,0.0,0,0.0
53.0,33.1,40.0,2.9,development,0.5,-0.9,6,0.0,0.0,0.0,0.0,0,0.0
53.0,33.1,43.0,2.4,development,0.5,-0.9,5,0.0,0.0,0.0,0.0,0,0.0
53.0,33.2,39.0,3.4,late,0.5,-0.9,5,0.0,0.0,0.0,0.0,0,0.0
53.0,33.2,41.0,3.3,late,0.5,-0.9,6,0.0,0.0,0.0,0.0,0,0.0
53.0,33.2,44.0,2.2,development,-0.5,-0.9,7,0.0,0.0,0.0,0.0,0,0.0
53.0,33.3,47.0,3.0,development,0.3,-1.0,7,0.0,0.0,0.0,0.0,0,0.0
53.0,33.4,36.0,1.8,development,-0.7,-0.7,6,0.0,0.0,0.0,0.0,0,0.0
53.0,33.4,37.0,2.4,initial,-0.5,-0.9,6,0.0,0.0,0.0,0.0,0,0.0
53.0,33.4,37.0,2.7,development,0.0,-1.0,6,0.0,0.0,0.0,0.0,0,0.0
53.0,33.4,40.0,2.2,development,-0.3,-1.0,5,0.0,0.0,0.0,0.0,0,0.0
53.0,33.4,42.0,2.3,late,-0.3,-1.0,6,0.0,0.0,0.0,0.0,0,0.0
53.0,33.4,43.0,2.6,initial,0.3,-1.0,6,0.0,0.0,0.0,0.0,0,0.0
53.0,33.4,47.0,2.3,development,-0.5,-0.9,5,0.0,0.0,0.0,0.0,0,0.0
53.0,33.5,42.0,2.4,late,0.0,-1.0,5,0.0,0.0,0.0,0.0,0,0.0
53.0,33.6,41.0,1.4,initial,-0.7,-0.7,5,0.0,0.0,0.0,0.0,0,0.0
53.0,33.6,43.0,2.3,mid,-0.5,-0.9,5,0.0,0.0,0.0,0.0,0,0.0
53.0,33.6,45.0,2.7,late,0.0,-1.0,5,0.0,0.0,0.0,0.0,0,0.0
53.0,33.7,41.0,2.7,development,0.0,-1.0,5,0.8348960814481714,1.8668843922663123,0.0,4.174480407240857,1,0.2
53.0,33.8,36.0,2.3,mid,-0.5,-0.9,5,0.0,0.0,0.0,0.0,0,0.0
53.0,33.8,44.0,2.2,late,0.5,-0.9,5,0.0,0.0,0.0,0.0,0,0.0
53.0,34.0,39.0,2.8,late,0.0,-1.0,5,0.0,0.0,0.0,0.0,0,0.0
53.0,34.0,39.0,2.9,late,0.3,-1.0,7,0.0,0.0,0.0,0.0,0,0.0
53.0,34.0,40.0,1.2,initial,-0.7,-0.7,5,0.0,0.0,0.0,0.0,0,0.0
53.0,34.1,32.0,1.8,development,-0.7,-0.7,5,0.0,0.0,0.0,0.0,0,0.0
53.0,34.1,39.0,3.0,initial,0.5,-0.9,6,0.0,0.0,0.0,0.0,0,0.0
53.0,34.2,34.0,2.0,mid,-0.5,-0.9,5,0.0,0.0,0.0,0.0,0,0.0
53.0,34.2,35.0,2.9,initial,-0.3,-1.0,6,1.4106594147346605,2.1856023396468904,0.0,4.280805095399767,2,0.3333333333333333
53.0,34.2,42.0,3.1,late,0.5,-0.9,5,0.0,0.0,0.0,0.0,0,0.0
53.0,34.3,38.0,1.9,initial,-0.5,-0.9,7,0.0,0.0,0.0,0.0,0,0.0
53.0,34.3,46.0,2.8,mid,-0.3,-1.0,5,0.0,0.0,0.0,0.0,0,0.0
53.0,34.4,32.0,2.7,mid,-0.3,-1.0,6,0.0,0.0,0.0,0.0,0,0.0
53.0,34.5,33.0,2.7,development,-0.3,-1.0,5,0.0,0.0,0.0,0.0,0,0.0
53.0,34.5,40.0,2.5,initial,-0.3,-1.0,7,2.4179096159212023,2.2617940836068904,0.0,4.253868064322479,4,0.5714285714285714
53.0,34.5,41.0,2.0,development,-0.5,-0.9,6,0.0,0.0,0.0,0.0,0,0.0
53.0,34.5,46.0,3.5,mid,0.3,-1.0,6,0.0,0.0,0.0,0.0,0,0.0
53.0,34.6,39.0,2.1,initial,-0.5,-0.9,5,0.0,0.0,0.0,0.0,0,0.0
53.0,34.7,34.0,2.2,mid,-0.5,-0.9,5,0.0,0.0,0.0,0.0,0,0.0
53.0,34.7,36.0,1.7,development,-0.7,-0.7,5,0.0,0.0,0.0,0.0,0,0.0
53.0,34.7,38.0,2.5,mid,-0.3,-1.0,5,0.0,0.0,0.0,0.0,0,0.0
53.0,34.7,40.0,2.2,initial,0.0,-1.0,5,2.495779807677354,2.2804997160796003,0.0,4.322236126316106,3,0.6
53.0,34.8,35.0,3.2,initial,0.3,-1.0,6,0.8200944137900663,2.0088128546925508,0.0,4.920566482740398,1,0.16666666666666666
53.0,34.8,37.0,2.7,initial,-0.3,-1.0,6,1.410743398202257,2.1855158680789852,0.0,4.236402799918963,2,0.3333333333333333
53.0,34.8,42.0,2.1,initial,0.0,-1.0,5,0.8529667011564918,1.9072915263296641,0.0,4.264833505782459,1,0.2
53.0,34.9,38.0,2.0,mid,-0.5,-0.9,5,0.0,0.0,0.0,0.0,0,0.0
53.0,35.0,36.0,2.6,initial,-0.3,-1.0,5,0.0,0.0,0.0,0.0,0,0.0
53.0,35.0,36.0,2.6,mid,-0.3,-1.0,5,0.0,0.0,0.0,0.0,0,0.0
53.0,35.2,32.0,2.3,development,-0.5,-0.9,5,0.0,0.0,0.0,0.0,0,0.0
53.0,35.2,33.0,2.9,mid,-0.3,-1.0,6,0.0,0.0,0.0,0.0,0,0.0
53.0,35.2,35.0,2.5,mid,-0.5,-0.9,5,0.0,0.0,0.0,0.0,0,0.0
53.0,35.2,39.0,2.5,development,-0.3,-1.0,5,0.0,0.0,0.0,0.0,0,0.0
53.0,35.2,39.0,2.7,initial,-0.3,-1.0,5,0.8509241838560456,1.902724318800647,0.0,4.254620919280228,1,0.2
53.0,35.3,28.0,2.0,mid,-0.5,-0.9,5,0.0,0.0,0.0,0.0,0,0.0
53.0,35.3,30.0,2.4,development,-0.5,-0.9,5,0.0,0.0,0.0,0.0,0,0.0
53.0,35.3,33.0,3.0,initial,0.0,-1.0,6,1.4505889418991227,2.2472427667494332,0.0,4.352446243847304,2,0.3333333333333333
53.0,35.3,34.0,2.8,initial,-0.3,-1.0,5,4.054951550719158,0.003325884022906058,4.05163546313586,4.059287972943466,5,1.0
53.0,35.3,34.0,3.4,initial,0.0,-1.0,5,3.450497050006794,1.9396887398013536,0.0,4.522814588407918,4,0.8
53.0,35.3,39.0,3.2,late,0.3,-1.0,8,0.0,0.0,0.0,0.0,0,0.0
53.0,35.4,37.0,2.4,initial,-0.3,-1.0,6,0.6742890899067943,1.6516642093972966,0.0,4.045734539440765,1,0.16666666666666666
53.0,35.6,38.0,2.6,mid,-0.3,-1.0,7,0.0,0.0,0.0,0.0,0,0.0
53.0,35.7,35.0,2.6,late,-0.3,-1.0,5,0.0,0.0,0.0,0.0,0,0.0
53.0,36.1,32.0,3.0,initial,-0.3,-1.0,5,4.084997183630187,0.005301559325278811,4.079329578312798,4.093498591606263,5,1.0
53.0,36.1,36.0,1.6,mid,-0.3,-1.0,6,0.0,0.0,0.0,0.0,0,0.0
53.0,36.2,34.0,2.7,development,0.0,-1.0,6,0.0,0.0,0.0,0.0,0,0.0
53.0,37.0,35.0,3.0,mid,-0.3,-1.0,5,0.0,0.0,0.0,0.0,0,0.0
54.0,18.0,100.0,0.0,late,1.0,0.3,6,0.0,0.0,0.0,0.0,0,0.0
54.0,18.4,100.0,0.0,late,0.3,1.0,5,0.0,0.0,0.0,0.0,0,0.0
54.0,18.7,95.0,0.0,late,0.7,0.7,7,0.0,0.0,0.0,0.0,0,0.0
54.0,18.7,96.0,0.0,initial,0.9,0.5,9,0.0,0.0,0.0,0.0,0,0.0
54.0,18.8,100.0,0.0,initial,0.3,1.0,6,0.0,0.0,0.0,0.0,0,0.0
54.0,18.9,95.0,0.0,initial,0.7,0.7,6,0.0,0.0,0.0,0.0,0,0.0
54.0,18.9,97.0,0.0,initial,-0.3,1.0,7,0.0,0.0,0.0,0.0,0,0.0
54.0,18.9,99.0,0.1,initial,1.0,0.3,6,0.0,0.0,0.0,0.0,0,0.0
54.0,18.9,100.0,0.0,development,0.9,0.5,5,0.0,0.0,0.0,0.0,0,0.0
54.0,19.0,95.0,0.0,initial,0.5,0.9,5,0.0,0.0,0.0,0.0,0,0.0
54.0,19.0,96.0,0.0,initial,-0.3,1.0,5,0.0,0.0,0.0,0.0,0,0.0
54.0,19.0,98.0,0.0,initial,-0.3,1.0,5,0.0,0.0,0.0,0.0,0,0.0
54.0,19.0,99.0,0.0,development,1.0,0.3,8,0.0,0.0,0.0,0.0,0,0.0
54.0,19.0,99.0,0.0,late,0.9,0.5,5,0.0,0.0,0.0,0.0,0,0.0
54.0,19.1,96.0,0.0,late,0.9,0.5,5,0.0,0.0,0.0,0.0,0,0.0
54.0,19.2,94.0,0.0,late,0.3,1.0,5,0.0,0.0,0.0,0.0,0,0.0
54.0,19.2,95.0,0.0,late,1.0,0.3,5,0.0,0.0,0.0,0.0,0,0.0
54.0,19.2,96.0,0.0,development,0.9,0.5,5,0.0,0.0,0.0,0.0,0,0.0
54.0,19.2,98.0,0.0,development,1.0,0.3,8,0.0,0.0,0.0,0.0,0,0.0
54.0,19.2,99.0,0.0,development,1.0,0.3,5,0.0,0.0,0.0,0.0,0,0.0
54.0,19.2,99.0,0.0,late,0.5,0.9,6,0.0,0.0,0.0,0.0,0,0.0
54.0,19.3,93.0,0.0,late,0.5,0.9,6,0.0,0.0,0.0,0.0,0,0.0
54.0,19.3,99.0,0.0,development,1.0,0.3,5,0.0,0.0,0.0,0.0,0,0.0
54.0,19.3,100.0,0.0,late,0.9,0.5,7,0.0,0.0,0.0,0.0,0,0.0
54.0,19.4,97.0,0.0,development,0.7,0.7,7,0.0,0.0,0.0,0.0,0,0.0
54.0,19.4,97.0,0.0,development,0.9,0.5,6,0.0,0.0,0.0,0.0,0,0.0
54.0,19.4,97.0,0.0,initial,-0.3,1.0,6,0.0,0.0,0.0,0.0,0,0.0
54.0,19.4,98.0,0.0,development,1.0,0.3,10,0.0,0.0,0.0,0.0,0,0.0
54.0,19.4,99.0,0.0,late,0.3,1.0,5,0.0,0.0,0.0,0.0,0,0.0
54.0,19.4,100.0,0.0,late,0.3,1.0,5,0.0,0.0,0.0,0.0,0,0.0
54.0,19.5,99.0,0.0,development,0.3,1.0,5,0.0,0.0,0.0,0.0,0,0.0
54.0,19.5,100.0,0.0,mid,0.5,0.9,6,0.0,0.0,0.0,0.0,0,0.0
54.0,19.6,93.0,0.0,initial,0.7,0.7,9,0.0,0.0,0.0,0.0,0,0.0
54.0,19.6,96.0,0.0,development,0.5,0.9,5,0.0,0.0,0.0,0.0,0,0.0
54.0,19.6,96.0,0.0,development,0.7,0.7,5,0.0,0.0,0.0,0.0,0,0.0
54.0,19.6,96.0,0.0,development,1.0,0.3,5,0.0,0.0,0.0,0.0,0,0.0
54.0,19.6,96.0,0.0,initial,0.9,0.5,5,0.0,0.0,0.0,0.0,0,0.0
54.0,19.6,97.0,0.0,development,0.5,0.9,5,0.0,0.0,0.0,0.0,0,0.0
54.0,19.6,97.0,0.0,development,0.9,0.5,5,0.0,0.0,0.0,0.0,0,0.0
54.0,19.6,100.0,0.0,late,0.3,1.0,5,0.0,0.0,0.0,0.0,0,0.0
54.0,19.6,100.0,0.0,mid,0.9,0.5,5,0.0,0.0,0.0,0.0,0,0.0
54.0,19.7,95.0,0.0,development,0.3,1.0,5,0.0,0.0,0.0,0.0,0,0.0
54.0,19.7,96.0,0.0,development,1.0,0.3,7,0.0,0.0,0.0,0.0,0,0.0
54.0,19.7,97.0,0.0,development,0.5,0.9,6,0.0,0.0,0.0,0.0,0,0.0
54.0,19.7,97.0,0.0,late,0.0,1.0,5,0.0,0.0,0.0,0.0,0,0.0
54.0,19.7,98.0,0.0,initial,0.7,0.7,5,0.0,0.0,0.0,0.0,0,0.0
54.0,19.7,99.0,0.0,development,0.0,1.0,5,0.0,0.0,0.0,0.0,0,0.0
54.0,19.7,99.0,0.0,mid,1.0,0.3,7,0.0,0.0,0.0,0.0,0,0.0
54.0,19.8,92.0,0.0,development,0.5,0.9,5,0.0,0.0,0.0,0.0,0,0.0
54.0,19.8,95.0,0.0,development,0.0,1.0,5,0.0,0.0,0.0,0.0,0,0.0
54.0,19.8,95.0,0.0,late,0.7,0.7,6,0.0,0.0,0.0,0.0,0,0.0
54.0,19.8,95.0,0.0,late,0.9,0.5,5,0.0,0.0,0.0,0.0,0,0.0
54.0,19.8,96.0,0.0,development,0.9,0.5,7,0.0,0.0,0.0,0.0,0,0.0
54.0,19.8,96.0,0.1,initial,1.0,0.3,5,0.0,0.0,0.0,0.0,0,0.0
54.0,19.8,99.0,0.0,development,0.7,0.7,5,0.0,0.0,0.0,0.0,0,0.0
54.0,19.8,100.0,0.0,development,0.9,0.5,5,0.0,0.0,0.0,0.0,0,0.0
54.0,19.9,87.0,0.0,late,-0.3,1.0,5,0.0,0.0,0.0,0.0,0,0.0
54.0,19.9,97.0,0.0,initial,0.3,1.0,6,0.0,0.0,0.0,0.0,0,0.0
54.0,19.9,99.0,0.0,development,1.0,0.3,5,0.0,0.0,0.0,0.0,0,0.0
54.0,19.9,99.0,0.0,mid,0.7,0.7,6,0.0,0.0,0.0,0.0,0,0.0
54.0,20.0,89.0,0.0,development,0.3,1.0,5,0.0,0.0,0.0,0.0,0,0.0
54.0,20.0,92.0,0.0,mid,1.0,0.3,5,0.0,0.0,0.0,0.0,0,0.0
54.0,20.0,95.0,0.0,late,0.5,0.9,6,0.0,0.0,0.0,0.0,0,0.0
54.0,20.0,96.0,0.0,initial,-0.5,0.9,7,0.0,0.0,0.0,0.0,0,0.0
54.0,20.0,98.0,0.0,initial,-0.3,1.0,5,0.0,0.0,0.0,0.0,0,0.0
54.0,20.0,99.0,0.0,development,0.9,0.5,11,0.0,0.0,0.0,0.0,0,0.0
54.0,20.1,97.0,0.0,development,-0.7,0.7,6,0.0,0.0,0.0,0.0,0,0.0
54.0,20.1,99.0,0.0,development,1.0,0.3,5,0.0,0.0,0.0,0.0,0,0.0
54.0,20.1,99.0,0.0,initial,0.7,0.7,5,0.0,0.0,0.0,0.0,0,0.0
54.0,20.2,93.0,0.0,late,-0.5,0.9,5,0.0,0.0,0.0,0.0,0,0.0
54.0,20.2,93.0,0.0,late,0.7,0.7,7,0.0,0.0,0.0,0.0,0,0.0
54.0,20.2,94.0,0.3,development,1.0,0.0,5,0.0,0.0,0.0,0.0,0,0.0
54.0,20.2,95.0,0.0,development,0.5,0.9,7,0.0,0.0,0.0,0.0,0,0.0
54.0,20.2,95.0,0.0,initial,1.0,0.3,5,0.0,0.0,0.0,0.0,0,0.0
54.0,20.2,96.0,0.0,development,-0.9,0.5,5,0.0,0.0,0.0,0.0,0,0.0
54.0,20.2,96.0,0.0,development,0.0,1.0,6,0.0,0.0,0.0,0.0,0,0.0
54.0,20.2,96.0,0.0,development,0.3,1.0,5,0.0,0.0,0.0,0.0,0,0.0
54.0,20.2,98.0,0.0,initial,0.9,0.5,9,0.0,0.0,0.0,0.0,0,0.0
54.0,20.2,98.0,0.0,initial,1.0,0.3,6,0.0,0.0,0.0,0.0,0,0.0
54.0,20.2,99.0,0.0,initial,0.5,0.9,6,0.0,0.0,0.0,0.0,0,0.0
54.0,20.2,100.0,0.0,mid,1.0,0.3,5,0.0,0.0,0.0,0.0,0,0.0
54.0,20.3,93.0,0.0,development,0.0,1.0,6,0.0,0.0,0.0,0.0,0,0.0
54.0,20.3,95.0,0.0,initial,-0.5,0.9,6,0.0,0.0,0.0,0.0,0,0.0
54.0,20.3,96.0,0.0,development,-0.3,1.0,6,0.0,0.0,0.0,0.0,0,0.0
54.0,20.3,96.0,0.0,development,0.3,1.0,6,0.0,0.0,0.0,0.0,0,0.0
54.0,20.3,96.0,0.2,development,1.0,0.0,5,0.0,0.0,0.0,0.0,0,0.0
54.0,20.3,98.0,0.0,initial,0.7,0.7,6,0.0,0.0,0.0,0.0,0,0.0
54.0,20.3,98.0,0.0,initial,0.9,0.5,6,0.0,0.0,0.0,0.0,0,0.0
54.0,20.3,100.0,0.0,initial,0.9,0.5,5,0.0,0.0,0.0,0.0,0,0.0
54.0,20.4,92.0,0.0,development,-0.3,1.0,8,0.0,0.0,0.0,0.0,0,0.0
54.0,20.4,92.0,0.0,late,0.0,1.0,5,0.0,0.0,0.0,0.0,0,0.0
54.0,20.4,93.0,0.0,development,0.5,0.9,6,0.0,0.0,0.0,0.0,0,0.0
54.0,20.4,95.0,0.0,development,-0.5,0.9,6,0.0,0.0,0.0,0.0,0,0.0
54.0,20.4,95.0,0.0,development,-0.3,1.0,7,0.0,0.0,0.0,0.0,0,0.0
54.0,20.4,97.0,0.0,development,1.0,0.3,5,0.0,0.0,0.0,0.0,0,0.0
54.0,20.4,97.0,0.0,initial,0.7,0.7,6,0.0,0.0,0.0,0.0,0,0.0
54.0,20.4,100.0,0.0,mid,0.9,0.5,5,0.0,0.0,0.0,0.0,0,0.0
54.0,20.5,92.0,0.0,development,-0.9,0.5,5,0.0,0.0,0.0,0.0,0,0.0
54.0,20.5,95.0,0.0,initial,0.5,0.9,7,0.0,0.0,0.0,0.0,0,0.0
54.0,20.5,95.0,0.0,late,0.3,1.0,5,0.0,0.0,0.0,0.0,0,0.0
54.0,20.5,98.0,0.0,development,0.9,0.5,8,0.0,0.0,0.0,0.0,0,0.0
54.0,20.6,82.0,0.0,late,-0.7,0.7,5,0.0,0.0,0.0,0.0,0,0.0
54.0,20.6,92.0,0.0,development,0.0,1.0,5,0.0,0.0,0.0,0.0,0,0.0
54.0,20.6,93.0,0.0,development,-0.5,0.9,6,0.0,0.0,0.0,0.0,0,0.0
54.0,20.6,93.0,0.0,mid,0.5,0.9,5,0.0,0.0,0.0,0.0,0,0.0
54.0,20.6,94.0,0.0,development,0.0,1.0,5,0.0,0.0,0.0,0.0,0,0.0
54.0,20.6,94.0,0.2,initial,1.0,0.0,5,0.0,0.0,0.0,0.0,0,0.0
54.0,20.6,97.0,0.0,mid,0.3,1.0,5,0.0,0.0,0.0,0.0,0,0.0
54.0,20.6,98.0,0.0,development,0.7,0.7,5,0.0,0.0,0.0,0.0,0,0.0
54.0,20.6,98.0,0.0,development,0.9,0.5,6,0.0,0.0,0.0,0.0,0,0.0
54.0,20.6,99.0,0.0,mid,1.0,0.3,6,0.0,0.0,0.0,0.0,0,0.0
54.0,20.7,85.0,0.0,initial,-1.0,0.3,7,0.0,0.0,0.0,0.0,0,0.0
54.0,20.7,87.0,0.0,initial,-0.5,0.9,5,0.0,0.0,0.0,0.0,0,0.0
54.0,20.7,93.0,0.4,development,1.0,0.0,6,0.0,0.0,0.0,0.0,0,0.0
54.0,20.7,95.0,0.0,development,0.7,0.7,5,0.0,0.0,0.0,0.0,0,0.0
54.0,20.7,95.0,0.0,mid,0.0,1.0,7,0.0,0.0,0.0,0.0,0,0.0
54.0,20.7,100.0,0.0,development,0.7,0.7,5,0.0,0.0,0.0,0.0,0,0.0
54.0,20.8,89.0,0.0,late,0.7,0.7,6,0.0,0.0,0.0,0.0,0,0.0
54.0,20.8,91.0,0.4,late,1.0,0.0,5,0.0,0.0,0.0,0.0,0,0.0
54.0,20.8,95.0,0.0,late,-0.7,0.7,5,0.0,0.0,0.0,0.0,0,0.0
54.0,20.8,95.0,0.0,late,-0.3,1.0,5,0.0,0.0,0.0,0.0,0,0.0
54.0,20.8,97.0,0.0,initial,0.3,1.0,8,0.0,0.0,0.0,0.0,0,0.0
54.0,20.8,97.0,0.0,mid,1.0,0.3,6,0.0,0.0,0.0,0.0,0,0.0
54.0,20.8,98.0,0.0,initial,0.9,0.5,7,0.0,0.0,0.0,0.0,0,0.0
54.0,20.8,99.0,0.0,development,0.5,0.9,5,0.0,0.0,0.0,0.0,0,0.0
54.0,20.8,100.0,0.0,mid,0.3,1.0,5,0.0,0.0,0.0,0.0,0,0.0
54.0,20.9,90.0,0.0,late,0.5,0.9,5,0.0,0.0,0.0,0.0,0,0.0
54.0,20.9,95.0,0.0,development,0.0,1.0,6,0.0,0.0,0.0,0.0,0,0.0
54.0,20.9,97.0,0.0,initial,0.3,1.0,6,0.0,0.0,0.0,0.0,0,0.0
54.0,20.9,97.0,0.0,mid,0.7,0.7,6,0.0,0.0,0.0,0.0,0,0.0
54.0,20.9,97.0,0.0,mid,0.9,0.5,5,0.0,0.0,0.0,0.0,0,0.0
54.0,21.0,90.0,0.0,initial,0.0,1.0,5,0.0,0.0,0.0,0.0,0,0.0
54.0,21.0,93.0,0.2,development,1.0,0.3,6,0.0,0.0,0.0,0.0,0,0.0
54.0,21.0,94.0,0.0,development,-0.9,0.5,5,0.0,0.0,0.0,0.0,0,0.0
54.0,21.0,94.0,0.0,initial,-0.5,0.9,5,0.0,0.0,0.0,0.0,0,0.0
54.0,21.0,94.0,0.0,initial,0.0,1.0,5,0.0,0.0,0.0,0.0,0,0.0
54.0,21.0,94.0,0.0,late,0.7,0.7,5,0.0,0.0,0.0,0.0,0,0.0
54.0,21.0,95.0,0.0,mid,0.3,1.0,6,0.0,0.0,0.0,0.0,0,0.0
54.0,21.0,95.0,0.0,mid,0.7,0.7,5,0.0,0.0,0.0,0.0,0,0.0
54.0,21.0,95.0,0.3,initial,1.0,0.0,5,0.0,0.0,0.0,0.0,0,0.0
54.0,21.0,96.0,0.0,development,0.5,0.9,5,0.0,0.0,0.0,0.0,0,0.0
54.0,21.0,96.0,0.0,initial,0.0,1.0,6,0.0,0.0,0.0,0.0,0,0.0
54.0,21.0,97.0,0.0,initial,0.7,0.7,7,0.0,0.0,0.0,0.0,0,0.0
54.0,21.0,98.0,0.0,initial,0.7,0.7,5,0.0,0.0,0.0,0.0,0,0.0
54.0,21.1,93.0,0.0,mid,-0.7,0.7,6,0.0,0.0,0.0,0.0,0,0.0
54.0,21.1,94.0,0.0,late,0.5,0.9,5,0.0,0.0,0.0,0.0,0,0.0
54.0,21.1,94.0,0.2,late,1.0,0.0,6,0.0,0.0,0.0,0.0,0,0.0
54.0,21.1,95.0,0.0,development,0.7,0.7,5,0.0,0.0,0.0,0.0,0,0.0
54.0,21.1,95.0,0.2,development,1.0,0.0,5,0.0,0.0,0.0,0.0,0,0.0
54.0,21.1,96.0,0.0,initial,-0.3,1.0,6,0.0,0.0,0.0,0.0,0,0.0
54.0,21.1,97.0,0.0,mid,0.7,0.7,5,0.0,0.0,0.0,0.0,0,0.0
54.0,21.2,94.0,0.0,initial,-0.9,0.5,6,0.0,0.0,0.0,0.0,0,0.0
54.0,21.2,94.0,0.0,initial,0.9,0.5,6,0.0,0.0,0.0,0.0,0,0.0
54.0,21.2,95.0,0.0,initial,-0.3,1.0,6,0.0,0.0,0.0,0.0,0,0.0
54.0,21.2,95.0,0.0,initial,0.7,0.7,7,0.0,0.0,0.0,0.0,0,0.0
54.0,21.2,95.0,0.0,mid,0.5,0.9,5,0.0,0.0,0.0,0.0,0,0.0
54.0,21.2,96.0,0.0,initial,0.3,1.0,6,0.0,0.0,0.0,0.0,0,0.0
54.0,21.2,97.0,0.0,initial,0.5,0.9,5,0.0,0.0,0.0,0.0,0,0.0
54.0,21.3,88.0,0.0,mid,0.9,0.5,5,0.0,0.0,0.0,0.0,0,0.0
54.0,21.3,91.0,0.0,development,-0.5,0.9,5,0.0,0.0,0.0,0.0,0,0.0
54.0,21.3,91.0,0.0,mid,0.0,1.0,5,0.0,0.0,0.0,0.0,0,0.0
54.0,21.3,93.0,0.0,initial,-0.5,0.9,6,0.0,0.0,0.0,0.0,0,0.0
54.0,21.3,94.0,0.0,development,-1.0,0.3,5,0.0,0.0,0.0,0.0,0,0.0
54.0,21.3,95.0,0.0,late,-0.7,0.7,9,0.0,0.0,0.0,0.0,0,0.0
54.0,21.4,79.0,0.0,initial,-1.0,0.0,5,0.0,0.0,0.0,0.0,0,0.0
54.0,21.4,89.0,0.0,initial,-0.9,0.5,5,0.0,0.0,0.0,0.0,0,0.0
54.0,21.4,91.0,0.0,development,0.3,1.0,6,0.0,0.0,0.0,0.0,0,0.0
54.0,21.4,91.0,0.0,development,0.9,0.5,5,0.0,0.0,0.0,0.0,0,0.0
54.0,21.4,92.0,0.5,initial,1.0,0.0,5,0.0,0.0,0.0,0.0,0,0.0
54.0,21.4,94.0,0.3,development,1.0,0.0,5,0.0,0.0,0.0,0.0,0,0.0
54.0,21.4,95.0,0.1,development,1.0,0.3,5,0.0,0.0,0.0,0.0,0,0.0
54.0,21.4,95.0,0.1,mid,1.0,0.3,7,0.0,0.0,0.0,0.0,0,0.0
54.0,21.4,96.0,0.0,mid,-0.5,0.9,5,0.0,0.0,0.0,0.0,0,0.0
54.0,21.4,97.0,0.0,mid,0.3,1.0,6,0.0,0.0,0.0,0.0,0,0.0
54.0,21.4,98.0,0.0,late,0.3,1.0,5,0.0,0.0,0.0,0.0,0,0.0
54.0,21.4,98.0,0.0,mid,0.7,0.7,5,0.0,0.0,0.0,0.0,0,0.0
54.0,21.4,99.0,0.1,initial,1.0,0.3,5,0.0,0.0,0.0,0.0,0,0.0
54.0,21.5,78.0,0.0,initial,-1.0,0.0,5,0.0,0.0,0.0,0.0,0,0.0
54.0,21.5,81.0,0.0,late,0.0,1.0,5,0.0,0.0,0.0,0.0,0,0.0
54.0,21.5,88.0,0.0,development,-1.0,0.3,5,0.0,0.0,0.0,0.0,0,0.0
54.0,21.5,88.0,0.0,late,-0.7,0.7,5,0.0,0.0,0.0,0.0,0,0.0
54.0,21.5,92.0,0.0,initial,-0.7,0.7,5,0.0,0.0,0.0,0.0,0,0.0
54.0,21.5,92.0,0.1,late,1.0,0.3,6,0.0,0.0,0.0,0.0,0,0.0
54.0,21.5,95.0,0.0,development,0.9,0.5,5,0.0,0.0,0.0,0.0,0,0.0
54.0,21.5,95.0,0.0,mid,0.9,0.5,5,0.0,0.0,0.0,0.0,0,0.0
54.0,21.5,97.0,0.0,development,0.3,1.0,7,0.0,0.0,0.0,0.0,0,0.0
54.0,21.5,97.0,0.0,late,0.0,1.0,5,0.0,0.0,0.0,0.0,0,0.0
54.0,21.5,97.0,0.0,mid,0.0,1.0,5,0.0,0.0,0.0,0.0,0,0.0
54.0,21.5,98.0,0.0,initial,0.5,0.9,5,0.0,0.0,0.0,0.0,0,0.0
54.0,21.6,91.0,0.0,development,0.0,1.0,5,0.0,0.0,0.0,0.0,0,0.0
54.0,21.6,92.0,0.0,development,0.9,0.5,7,0.0,0.0,0.0,0.0,0,0.0
54.0,21.6,98.0,0.0,mid,0.9,0.5,5,0.0,0.0,0.0,0.0,0,0.0
54.0,21.7,85.0,0.0,late,0.9,0.5,5,0.0,0.0,0.0,0.0,0,0.0
54.0,21.7,88.0,0.0,initial,-1.0,0.3,5,0.0,0.0,0.0,0.0,0,0.0
54.0,21.7,91.0,0.0,late,0.0,1.0,5,0.0,0.0,0.0,0.0,0,0.0
54.0,21.7,95.0,0.0,development,0.9,0.5,6,0.0,0.0,0.0,0.0,0,0.0
54.0,21.7,95.0,0.0,initial,0.9,0.5,5,0.0,0.0,0.0,0.0,0,0.0
54.0,21.7,96.0,0.0,development,0.9,0.5,11,0.0,0.0,0.0,0.0,0,0.0
54.0,21.7,97.0,0.0,late,-0.3,1.0,7,0.0,0.0,0.0,0.0,0,0.0
54.0,21.7,99.0,0.0,development,0.3,1.0,5,0.0,0.0,0.0,0.0,0,0.0
54.0,21.8,80.0,0.0,late,-1.0,0.3,5,0.0,0.0,0.0,0.0,0,0.0
54.0,21.8,82.0,0.0,development,-1.0,0.0,5,0.0,0.0,0.0,0.0,0,0.0
54.0,21.8,82.0,0.0,late,-0.7,0.7,7,0.0,0.0,0.0,0.0,0,0.0
54.0,21.8,86.0,0.0,development,-1.0,0.3,6,0.0,0.0,0.0,0.0,0,0.0
54.0,21.8,88.0,0.0,mid,-0.3,1.0,9,0.0,0.0,0.0,0.0,0,0.0
54.0,21.8,90.0,0.0,development,-0.7,0.7,6,0.0,0.0,0.0,0.0,0,0.0
54.0,21.8,90.0,0.0,initial,-0.9,0.5,5,0.0,0.0,0.0,0.0,0,0.0
54.0,21.8,91.0,0.0,development,0.0,1.0,5,0.0,0.0,0.0,0.0,0,0.0
54.0,21.8,95.0,0.0,mid,0.7,0.7,5,0.0,0.0,0.0,0.0,0,0.0
54.0,21.8,96.0,0.0,development,0.9,0.5,7,0.0,0.0,0.0,0.0,0,0.0
54.0,21.8,97.0,0.0,mid,0.0,1.0,5,0.0,0.0,0.0,0.0,0,0.0
54.0,21.8,97.0,0.0,mid,0.7,0.7,5,0.0,0.0,0.0,0.0,0,0.0
54.0,21.8,99.0,0.0,mid,0.5,0.9,5,0.0,0.0,0.0,0.0,0,0.0
54.0,21.9,76.0,0.0,development,-1.0,-0.3,5,0.0,0.0,0.0,0.0,0,0.0
54.0,21.9,77.0,0.0,development,-1.0,0.0,5,0.0,0.0,0.0,0.0,0,0.0
54.0,21.9,80.0,0.0,initial,-1.0,0.0,5,0.0,0.0,0.0,0.0,0,0.0
54.0,21.9,88.0,0.0,development,-1.0,0.0,6,0.0,0.0,0.0,0.0,0,0.0
54.0,21.9,89.0,0.0,initial,-1.0,0.0,5,0.0,0.0,0.0,0.0,0,0.0
54.0,21.9,90.0,0.0,development,0.7,0.7,5,0.0,0.0,0.0,0.0,0,0.0
54.0,21.9,96.0,0.0,development,0.7,0.7,8,0.0,0.0,0.0,0.0,0,0.0
54.0,21.9,99.0,0.0,development,0.5,0.9,5,0.0,0.0,0.0,0.0,0,0.0
54.0,21.9,99.0,0.0,development,0.9,0.5,5,0.0,0.0,0.0,0.0,0,0.0
54.0,22.0,79.0,0.0,late,-0.3,1.0,5,0.0,0.0,0.0,0.0,0,0.0
54.0,22.0,82.0,0.0,development,-0.9,0.5,5,0.0,0.0,0.0,0.0,0,0.0
54.0,22.0,87.0,0.0,development,-0.3,1.0,8,0.0,0.0,0.0,0.0,0,0.0
54.0,22.0,92.0,0.0,development,0.5,0.9,5,0.0,0.0,0.0,0.0,0,0.0
54.0,22.0,92.0,0.5,development,1.0,-0.3,6,0.0,0.0,0.0,0.0,0,0.0
54.0,22.0,93.0,0.2,development,1.0,0.3,5,0.0,0.0,0.0,0.0,0,0.0
54.0,22.0,94.0,0.0,late,-0.3,1.0,5,0.0,0.0,0.0,0.0,0,0.0
54.0,22.0,94.0,0.0,mid,0.9,0.5,9,0.0,0.0,0.0,0.0,0,0.0
54.0,22.0,95.0,0.0,development,0.3,1.0,7,0.0,0.0,0.0,0.0,0,0.0
54.0,22.0,96.0,0.0,mid,-0.9,0.5,5,0.0,0.0,0.0,0.0,0,0.0
54.0,22.0,96.0,0.0,mid,0.7,0.7,7,0.0,0.0,0.0,0.0,0,0.0
54.0,22.0,96.0,0.2,development,1.0,0.3,5,0.0,0.0,0.0,0.0,0,0.0
54.0,22.0,97.0,0.0,initial,1.0,0.3,5,0.0,0.0,0.0,0.0,0,0.0
54.0,22.0,97.0,0.0,mid,0.7,0.7,5,0.0,0.0,0.0,0.0,0,0.0
54.0,22.1,81.0,0.0,development,-1.0,0.0,5,0.0,0.0,0.0,0.0,0,0.0
54.0,22.1,86.0,0.0,late,-1.0,0.3,5,0.0,0.0,0.0,0.0,0,0.0
54.0,22.1,87.0,0.0,development,-1.0,0.3,6,0.0,0.0,0.0,0.0,0,0.0
54.0,22.1,89.0,0.0,initial,0.0,1.0,5,0.0,0.0,0.0,0.0,0,0.0
54.0,22.1,90.0,0.0,late,-1.0,0.0,6,0.0,0.0,0.0,0.0,0,0.0
54.0,22.1,91.0,0.0,late,-0.7,0.7,5,0.0,0.0,0.0,0.0,0,0.0
54.0,22.1,93.0,0.0,development,0.5,0.9,6,0.0,0.0,0.0,0.0,0,0.0
54.0,22.1,93.0,0.0,late,0.5,0.9,5,0.0,0.0,0.0,0.0,0,0.0
54.0,22.1,93.0,0.0,mid,0.5,0.9,5,0.0,0.0,0.0,0.0,0,0.0
54.0,22.1,96.0,0.0,development,0.0,1.0,5,0.0,0.0,0.0,0.0,0,0.0
54.0,22.1,96.0,0.0,initial,0.7,0.7,8,0.0,0.0,0.0,0.0,0,0.0
54.0,22.1,97.0,0.0,mid,0.3,1.0,5,0.0,0.0,0.0,0.0,0,0.0
54.0,22.2,82.0,0.0,development,0.3,1.0,6,0.0,0.0,0.0,0.0,0,0.0
54.0,22.2,83.0,0.0,initial,-1.0,0.0,8,0.0,0.0,0.0,0.0,0,0.0
54.0,22.2,90.0,0.0,initial,0.3,1.0,5,0.0,0.0,0.0,0.0,0,0.0
54.0,22.2,91.0,0.0,development,0.3,1.0,5,0.0,0.0,0.0,0.0,0,0.0
54.0,22.2,91.0,0.0,development,0.5,0.9,5,0.0,0.0,0.0,0.0,0,0.0
54.0,22.2,91.0,0.0,initial,0.5,0.9,5,0.0,0.0,0.0,0.0,0,0.0
54.0,22.2,93.0,0.2,development,1.0,0.3,5,0.0,0.0,0.0,0.0,0,0.0
54.0,22.2,94.0,0.0,initial,0.9,0.5,6,0.0,0.0,0.0,0.0,0,0.0
54.0,22.2,94.0,0.1,initial,1.0,0.3,9,0.0,0.0,0.0,0.0,0,0.0
54.0,22.2,95.0,0.0,development,0.5,0.9,6,0.0,0.0,0.0,0.0,0,0.0
54.0,22.2,95.0,0.0,development,0.9,0.5,5,0.0,0.0,0.0,0.0,0,0.0
54.0,22.2,97.0,0.0,mid,0.0,1.0,5,0.0,0.0,0.0,0.0,0,0.0
54.0,22.2,98.0,0.0,development,0.9,0.5,5,0.0,0.0,0.0,0.0,0,0.0
54.0,22.2,98.0,0.0,mid,1.0,0.3,5,0.0,0.0,0.0,0.0,0,0.0
54.0,22.3,74.0,0.0,late,-1.0,-0.3,5,0.0,0.0,0.0,0.0,0,0.0
54.0,22.3,77.0,0.0,late,-0.9,0.5,5,0.0,0.0,0.0,0.0,0,0.0
54.0,22.3,90.0,0.0,mid,0.7,0.7,5,0.0,0.0,0.0,0.0,0,0.0
54.0,22.3,93.0,0.0,initial,0.7,0.7,12,0.0,0.0,0.0,0.0,0,0.0
54.0,22.3,95.0,0.0,development,0.3,1.0,8,0.0,0.0,0.0,0.0,0,0.0
54.0,22.3,96.0,0.0,initial,0.5,0.9,6,0.0,0.0,0.0,0.0,0,0.0
54.0,22.3,96.0,0.0,initial,0.9,0.5,5,0.0,0.0,0.0,0.0,0,0.0
54.0,22.3,96.0,0.0,mid,1.0,0.3,11,0.0,0.0,0.0,0.0,0,0.0
54.0,22.4,80.0,0.0,development,-0.9,0.5,5,0.0,0.0,0.0,0.0,0,0.0
54.0,22.4,86.0,0.0,development,-0.7,0.7,5,0.0,0.0,0.0,0.0,0,0.0
54.0,22.4,89.0,0.2,mid,1.0,0.3,5,0.0,0.0,0.0,0.0,0,0.0
54.0,22.4,90.0,0.0,development,0.3,1.0,5,0.0,0.0,0.0,0.0,0,0.0
54.0,22.4,90.0,0.0,mid,0.0,1.0,5,0.0,0.0,0.0,0.0,0,0.0
54.0,22.4,90.0,0.8,initial,1.0,-0.3,5,0.0,0.0,0.0,0.0,0,0.0
54.0,22.4,91.0,0.8,development,1.0,-0.3,5,0.0,0.0,0.0,0.0,0,0.0
54.0,22.4,92.0,0.0,development,0.5,0.9,6,0.0,0.0,0.0,0.0,0,0.0
54.0,22.4,93.0,0.0,initial,-0.7,0.7,5,0.0,0.0,0.0,0.0,0,0.0
54.0,22.4,93.0,0.2,development,1.0,0.3,5,0.0,0.0,0.0,0.0,0,0.0
54.0,22.4,95.0,0.0,development,0.9,0.5,6,0.0,0.0,0.0,0.0,0,0.0
54.0,22.4,95.0,0.0,late,0.7,0.7,5,0.0,0.0,0.0,0.0,0,0.0
54.0,22.4,96.0,0.0,mid,0.3,1.0,6,0.0,0.0,0.0,0.0,0,0.0
54.0,22.5,68.0,0.0,late,-1.0,-0.3,5,0.0,0.0,0.0,0.0,0,0.0
54.0,22.5,80.0,0.0,mid,-1.0,0.0,6,0.0,0.0,0.0,0.0,0,0.0
54.0,22.5,84.0,0.0,development,-0.5,0.9,6,0.0,0.0,0.0,0.0,0,0.0
54.0,22.5,84.0,0.0,initial,-1.0,-0.3,5,0.0,0.0,0.0,0.0,0,0.0
54.0,22.5,88.0,0.0,development,0.5,0.9,7,0.0,0.0,0.0,0.0,0,0.0
54.0,22.5,91.0,0.0,development,0.0,1.0,7,0.0,0.0,0.0,0.0,0,0.0
54.0,22.5,91.0,0.9,initial,1.0,0.0,5,0.0,0.0,0.0,0.0,0,0.0
54.0,22.5,94.0,0.0,initial,0.5,0.9,6,0.0,0.0,0.0,0.0,0,0.0
54.0,22.5,95.0,0.0,development,1.0,0.3,5,0.0,0.0,0.0,0.0,0,0.0
54.0,22.5,95.0,0.0,initial,0.7,0.7,5,0.0,0.0,0.0,0.0,0,0.0
54.0,22.5,96.0,0.1,initial,1.0,0.3,5,0.0,0.0,0.0,0.0,0,0.0
54.0,22.5,97.0,0.0,initial,0.7,0.7,5,0.0,0.0,0.0,0.0,0,0.0
54.0,22.6,78.0,0.0,late,-1.0,0.0,6,0.0,0.0,0.0,0.0,0,0.0
54.0,22.6,91.0,0.0,mid,-0.3,1.0,5,0.0,0.0,0.0,0.0,0,0.0
54.0,22.6,93.0,0.0,late,0.9,0.5,7,0.0,0.0,0.0,0.0,0,0.0
54.0,22.6,93.0,0.1,development,1.0,0.3,5,0.0,0.0,0.0,0.0,0,0.0
54.0,22.6,94.0,0.0,development,0.5,0.9,7,0.0,0.0,0.0,0.0,0,0.0
54.0,22.6,95.0,0.0,development,0.9,0.5,6,0.0,0.0,0.0,0.0,0,0.0
54.0,22.6,95.0,0.0,late,0.0,1.0,5,0.0,0.0,0.0,0.0,0,0.0
54.0,22.6,96.0,0.0,development,0.9,0.5,5,0.0,0.0,0.0,0.0,0,0.0
54.0,22.6,97.0,0.0,initial,0.5,0.9,5,0.0,0.0,0.0,0.0,0,0.0
54.0,22.6,98.0,0.0,late,0.9,0.5,7,0.0,0.0,0.0,0.0,0,0.0
54.0,22.7,77.0,0.0,initial,-1.0,0.3,7,0.0,0.0,0.0,0.0,0,0.0
54.0,22.7,80.0,0.0,development,-0.5,0.9,5,0.0,0.0,0.0,0.0,0,0.0
54.0,22.7,88.0,0.0,mid,-0.3,1.0,5,0.0,0.0,0.0,0.0,0,0.0
54.0,22.7,90.0,0.1,development,1.0,0.3,5,0.0,0.0,0.0,0.0,0,0.0
54.0,22.7,93.0,0.0,development,0.7,0.7,6,0.0,0.0,0.0,0.0,0,0.0
54.0,22.7,94.0,0.0,development,0.7,0.7,6,0.0,0.0,0.0,0.0,0,0.0
54.0,22.7,94.0,0.0,late,0.7,0.7,5,0.0,0.0,0.0,0.0,0,0.0
54.0,22.7,95.0,0.0,mid,-0.5,0.9,7,0.0,0.0,0.0,0.0,0,0.0
54.0,22.7,96.0,0.0,initial,0.0,1.0,5,0.0,0.0,0.0,0.0,0,0.0
54.0,22.7,96.0,0.0,initial,0.9,0.5,5,0.0,0.0,0.0,0.0,0,0.0
54.0,22.7,96.0,0.0,mid,0.9,0.5,5,0.0,0.0,0.0,0.0,0,0.0
54.0,22.7,97.0,0.0,development,0.3,1.0,6,0.0,0.0,0.0,0.0,0,0.0
54.0,22.7,97.0,0.0,mid,0.9,0.5,5,0.0,0.0,0.0,0.0,0,0.0
54.0,22.8,84.0,0.0,late,0.0,1.0,5,0.0,0.0,0.0,0.0,0,0.0
54.0,22.8,84.0,0.0,mid,-0.3,1.0,5,0.0,0.0,0.0,0.0,0,0.0
54.0,22.8,86.0,0.0,development,-1.0,0.3,5,0.0,0.0,0.0,0.0,0,0.0
54.0,22.8,89.0,0.0,initial,0.0,1.0,7,0.0,0.0,0.0,0.0,0,0.0
54.0,22.8,89.0,0.0,initial,0.9,0.5,6,0.0,0.0,0.0,0.0,0,0.0
54.0,22.8,91.0,0.0,mid,0.0,1.0,5,0.0,0.0,0.0,0.0,0,0.0
54.0,22.8,93.0,0.0,development,0.7,0.7,5,0.0,0.0,0.0,0.0,0,0.0
54.0,22.8,94.0,0.0,development,0.9,0.5,6,0.0,0.0,0.0,0.0,0,0.0
54.0,22.8,94.0,0.0,development,1.0,0.3,10,0.0,0.0,0.0,0.0,0,0.0
54.0,22.8,96.0,0.0,development,0.9,0.5,6,0.0,0.0,0.0,0.0,0,0.0
54.0,22.8,96.0,0.0,initial,0.9,0.5,11,0.0,0.0,0.0,0.0,0,0.0
54.0,22.8,96.0,0.0,mid,0.5,0.9,5,0.0,0.0,0.0,0.0,0,0.0
54.0,22.8,96.0,0.2,initial,1.0,0.3,5,0.0,0.0,0.0,0.0,0,0.0
54.0,22.8,97.0,0.0,initial,0.9,0.5,5,0.0,0.0,0.0,0.0,0,0.0
54.0,22.8,97.0,0.0,mid,0.7,0.7,5,0.0,0.0,0.0,0.0,0,0.0
54.0,22.8,97.0,0.0,mid,0.9,0.5,8,0.0,0.0,0.0,0.0,0,0.0
54.0,22.9,76.0,0.0,development,-1.0,-0.3,5,0.0,0.0,0.0,0.0,0,0.0
54.0,22.9,83.0,0.0,late,-0.7,0.7,5,0.0,0.0,0.0,0.0,0,0.0
54.0,22.9,85.0,0.0,initial,-0.5,0.9,5,0.0,0.0,0.0,0.0,0,0.0
54.0,22.9,86.0,0.0,development,0.3,1.0,6,0.0,0.0,0.0,0.0,0,0.0
54.0,22.9,90.0,0.0,development,0.9,0.5,6,0.0,0.0,0.0,0.0,0,0.0
54.0,22.9,91.0,0.0,initial,0.7,0.7,8,0.0,0.0,0.0,0.0,0,0.0
54.0,22.9,91.0,0.0,late,0.7,0.7,5,0.0,0.0,0.0,0.0,0,0.0
54.0,22.9,91.0,0.6,initial,1.0,0.0,5,0.0,0.0,0.0,0.0,0,0.0
54.0,22.9,92.0,0.0,development,0.9,0.5,5,0.0,0.0,0.0,0.0,0,0.0
54.0,22.9,92.0,0.0,mid,0.3,1.0,5,0.0,0.0,0.0,0.0,0,0.0
54.0,22.9,93.0,0.0,development,0.9,0.5,7,0.0,0.0,0.0,0.0,0,0.0
54.0,22.9,93.0,0.0,initial,-0.3,1.0,6,0.0,0.0,0.0,0.0,0,0.0
54.0,22.9,93.0,0.2,initial,1.0,0.3,5,0.0,0.0,0.0,0.0,0,0.0
54.0,22.9,95.0,0.0,initial,0.9,0.5,5,0.0,0.0,0.0,0.0,0,0.0
54.0,22.9,96.0,0.0,initial,0.5,0.9,7,0.0,0.0,0.0,0.0,0,0.0
54.0,23.0,62.0,0.0,initial,-1.0,-0.3,5,0.0,0.0,0.0,0.0,0,0.0
54.0,23.0,81.0,0.0,development,-1.0,-0.3,5,0.0,0.0,0.0,0.0,0,0.0
54.0,23.0,88.0,0.0,late,-0.3,1.0,7,0.0,0.0,0.0,0.0,0,0.0
54.0,23.0,90.0,0.2,initial,1.0,0.3,9,0.0,0.0,0.0,0.0,0,0.0
54.0,23.0,91.0,0.0,development,0.5,0.9,5,0.0,0.0,0.0,0.0,0,0.0
54.0,23.0,91.0,0.0,development,0.7,0.7,5,0.0,0.0,0.0,0.0,0,0.0
54.0,23.0,91.0,0.4,mid,1.0,0.0,5,0.0,0.0,0.0,0.0,0,0.0
54.0,23.0,93.0,0.0,development,0.5,0.9,10,0.0,0.0,0.0,0.0,0,0.0
54.0,23.0,93.0,0.0,development,1.0,0.3,6,0.0,0.0,0.0,0.0,0,0.0
54.0,23.0,94.0,0.0,initial,0.7,0.7,6,0.0,0.0,0.0,0.0,0,0.0
54.0,23.0,94.0,0.0,initial,1.0,0.3,5,0.0,0.0,0.0,0.0,0,0.0
54.0,23.0,96.0,0.0,mid,0.5,0.9,6,0.0,0.0,0.0,0.0,0,0.0
54.0,23.0,97.0,0.0,initial,0.5,0.9,7,0.0,0.0,0.0,0.0,0,0.0
54.0,23.0,97.0,0.0,late,0.9,0.5,6,0.0,0.0,0.0,0.0,0,0.0
54.0,23.0,97.0,0.2,mid,1.0,0.0,5,0.0,0.0,0.0,0.0,0,0.0
54.0,23.1,83.0,0.9,development,1.0,-0.3,6,0.0,0.0,0.0,0.0,0,0.0
54.0,23.1,87.0,0.0,development,-1.0,0.0,5,0.0,0.0,0.0,0.0,0,0.0
54.0,23.1,87.0,0.0,development,-0.3,1.0,8,0.0,0.0,0.0,0.0,0,0.0
54.0,23.1,92.0,0.0,development,0.7,0.7,6,0.0,0.0,0.0,0.0,0,0.0
54.0,23.1,96.0,0.0,initial,0.9,0.5,6,0.0,0.0,0.0,0.0,0,0.0
54.0,23.1,96.0,0.0,mid,0.0,1.0,6,0.0,0.0,0.0,0.0,0,0.0
54.0,23.1,97.0,0.2,initial,1.0,0.3,7,0.0,0.0,0.0,0.0,0,0.0
54.0,23.1,98.0,0.0,late,0.9,0.5,5,0.0,0.0,0.0,0.0,0,0.0
54.0,23.2,82.0,1.5,development,0.7,-0.7,5,0.0,0.0,0.0,0.0,0,0.0
54.0,23.2,85.0,0.0,development,-1.0,0.3,5,0.0,0.0,0.0,0.0,0,0.0
54.0,23.2,90.0,0.0,development,0.3,1.0,5,0.0,0.0,0.0,0.0,0,0.0
54.0,23.2,90.0,0.0,development,0.5,0.9,7,0.0,0.0,0.0,0.0,0,0.0
54.0,23.2,91.0,0.0,mid,0.9,0.5,6,0.0,0.0,0.0,0.0,0,0.0
54.0,23.2,93.0,0.0,development,0.3,1.0,5,0.0,0.0,0.0,0.0,0,0.0
54.0,23.2,93.0,0.0,development,0.5,0.9,6,0.0,0.0,0.0,0.0,0,0.0
54.0,23.2,96.0,0.0,development,1.0,0.3,7,0.0,0.0,0.0,0.0,0,0.0
54.0,23.2,96.0,0.0,late,0.5,0.9,6,0.0,0.0,0.0,0.0,0,0.0
54.0,23.2,97.0,0.0,initial,0.9,0.5,6,0.0,0.0,0.0,0.0,0,0.0
54.0,23.2,97.0,0.0,mid,0.9,0.5,5,0.0,0.0,0.0,0.0,0,0.0
54.0,23.2,99.0,0.0,initial,0.3,1.0,5,0.0,0.0,0.0,0.0,0,0.0
54.0,23.3,72.0,0.0,late,-1.0,-0.3,5,0.0,0.0,0.0,0.0,0,0.0
54.0,23.3,84.0,0.0,development,-0.7,0.7,5,0.0,0.0,0.0,0.0,0,0.0
54.0,23.3,87.0,0.9,development,1.0,0.0,5,0.0,0.0,0.0,0.0,0,0.0
54.0,23.3,89.0,0.0,development,1.0,0.3,5,0.0,0.0,0.0,0.0,0,0.0
54.0,23.3,89.0,0.0,initial,0.5,0.9,5,0.0,0.0,0.0,0.0,0,0.0
54.0,23.3,90.0,0.0,initial,0.0,1.0,5,0.0,0.0,0.0,0.0,0,0.0
54.0,23.3,91.0,0.0,development,0.3,1.0,6,0.0,0.0,0.0,0.0,0,0.0
54.0,23.3,91.0,0.0,development,0.5,0.9,8,0.0,0.0,0.0,0.0,0,0.0
54.0,23.3,92.0,0.0,development,0.0,1.0,5,0.0,0.0,0.0,0.0,0,0.0
54.0,23.3,92.0,0.0,development,0.5,0.9,7,0.0,0.0,0.0,0.0,0,0.0
54.0,23.3,93.0,0.0,initial,1.0,0.3,5,0.0,0.0,0.0,0.0,0,0.0
54.0,23.3,94.0,0.0,initial,1.0,0.3,5,0.0,0.0,0.0,0.0,0,0.0
54.0,23.3,95.0,0.0,mid,0.3,1.0,5,0.0,0.0,0.0,0.0,0,0.0
54.0,23.3,97.0,0.0,late,0.5,0.9,5,0.0,0.0,0.0,0.0,0,0.0
54.0,23.3,97.0,0.0,late,0.7,0.7,5,0.0,0.0,0.0,0.0,0,0.0
54.0,23.3,98.0,0.0,late,0.9,0.5,7,0.0,0.0,0.0,0.0,0,0.0
54.0,23.4,62.0,0.0,development,-1.0,0.0,5,0.0,0.0,0.0,0.0,0,0.0
54.0,23.4,81.0,0.0,development,-0.5,0.9,6,0.0,0.0,0.0,0.0,0,0.0
54.0,23.4,85.0,0.0,initial,-0.3,1.0,5,0.0,0.0,0.0,0.0,0,0.0
54.0,23.4,91.0,0.0,development,0.3,1.0,8,0.0,0.0,0.0,0.0,0,0.0
54.0,23.4,92.0,0.0,development,0.3,1.0,7,0.0,0.0,0.0,0.0,0,0.0
54.0,23.4,92.0,0.0,initial,0.3,1.0,5,0.0,0.0,0.0,0.0,0,0.0
54.0,23.4,92.0,0.0,initial,0.9,0.5,8,0.0,0.0,0.0,0.0,0,0.0
54.0,23.4,93.0,0.0,initial,0.3,1.0,6,0.0,0.0,0.0,0.0,0,0.0
54.0,23.4,93.0,0.0,mid,0.9,0.5,5,0.0,0.0,0.0,0.0,0,0.0
54.0,23.4,94.0,0.0,initial,-0.3,1.0,6,0.0,0.0,0.0,0.0,0,0.0
54.0,23.4,94.0,0.0,initial,0.9,0.5,7,0.0,0.0,0.0,0.0,0,0.0
54.0,23.4,94.0,0.0,initial,1.0,0.3,6,0.0,0.0,0.0,0.0,0,0.0
54.0,23.4,94.0,0.0,late,0.3,1.0,5,0.0,0.0,0.0,0.0,0,0.0
54.0,23.4,95.0,0.0,development,-0.5,0.9,6,0.0,0.0,0.0,0.0,0,0.0
54.0,23.4,95.0,0.0,development,1.0,0.3,5,0.0,0.0,0.0,0.0,0,0.0
54.0,23.4,96.0,0.0,development,0.5,0.9,5,0.0,0.0,0.0,0.0,0,0.0
54.0,23.4,96.0,0.0,initial,0.7,0.7,8,0.0,0.0,0.0,0.0,0,0.0
54.0,23.4,96.0,0.0,mid,0.9,0.5,6,0.0,0.0,0.0,0.0,0,0.0
54.0,23.4,97.0,0.0,initial,0.9,0.5,6,0.0,0.0,0.0,0.0,0,0.0
54.0,23.4,97.0,0.0,mid,1.0,0.3,7,0.0,0.0,0.0,0.0,0,0.0
54.0,23.4,98.0,0.0,development,1.0,0.3,5,0.0,0.0,0.0,0.0,0,0.0
54.0,23.4,98.0,0.1,late,1.0,0.3,5,0.0,0.0,0.0,0.0,0,0.0
54.0,23.4,99.0,0.0,initial,0.7,0.7,5,0.0,0.0,0.0,0.0,0,0.0
54.0,23.5,72.0,0.0,development,-1.0,-0.3,5,0.0,0.0,0.0,0.0,0,0.0
54.0,23.5,81.0,1.4,development,1.0,-0.3,6,0.0,0.0,0.0,0.0,0,0.0
54.0,23.5,84.0,0.0,development,-0.3,1.0,5,0.0,0.0,0.0,0.0,0,0.0
54.0,23.5,84.0,0.0,development,0.0,1.0,7,0.0,0.0,0.0,0.0,0,0.0
54.0,23.5,84.0,0.0,development,0.7,0.7,5,0.0,0.0,0.0,0.0,0,0.0
54.0,23.5,84.0,0.0,late,-0.3,1.0,5,0.0,0.0,0.0,0.0,0,0.0
54.0,23.5,91.0,0.0,development,0.7,0.7,9,0.0,0.0,0.0,0.0,0,0.0
54.0,23.5,91.0,0.0,late,0.5,0.9,7,0.0,0.0,0.0,0.0,0,0.0
54.0,23.5,92.0,0.0,development,1.0,0.3,6,0.0,0.0,0.0,0.0,0,0.0
54.0,23.5,92.0,0.0,initial,1.0,0.3,5,0.0,0.0,0.0,0.0,0,0.0
54.0,23.5,92.0,0.0,mid,0.0,1.0,5,0.0,0.0,0.0,0.0,0,0.0
54.0,23.5,93.0,0.0,development,0.0,1.0,5,0.0,0.0,0.0,0.0,0,0.0
54.0,23.5,93.0,0.0,development,0.3,1.0,8,0.0,0.0,0.0,0.0,0,0.0
54.0,23.5,94.0,0.0,late,1.0,0.3,5,0.0,0.0,0.0,0.0,0,0.0
54.0,23.6,70.0,0.0,development,-1.0,-0.3,5,0.0,0.0,0.0,0.0,0,0.0
54.0,23.6,78.0,0.0,development,-1.0,0.3,5,0.0,0.0,0.0,0.0,0,0.0
54.0,23.6,79.0,0.0,development,-0.7,0.7,5,0.0,0.0,0.0,0.0,0,0.0
54.0,23.6,81.0,0.0,development,-0.5,0.9,7,0.0,0.0,0.0,0.0,0,0.0
54.0,23.6,81.0,1.4,development,0.9,-0.5,8,0.0,0.0,0.0,0.0,0,0.0
54.0,23.6,87.0,0.0,mid,-0.5,0.9,5,0.0,0.0,0.0,0.0,0,0.0
54.0,23.6,88.0,0.0,development,0.5,0.9,5,0.0,0.0,0.0,0.0,0,0.0
54.0,23.6,88.0,0.0,development,0.7,0.7,5,0.0,0.0,0.0,0.0,0,0.0
54.0,23.6,90.0,0.0,development,1.0,0.3,6,0.0,0.0,0.0,0.0,0,0.0
54.0,23.6,91.0,0.0,initial,0.3,1.0,7,0.0,0.0,0.0,0.0,0,0.0
54.0,23.6,91.0,0.0,initial,0.9,0.5,6,0.0,0.0,0.0,0.0,0,0.0
54.0,23.6,91.0,0.1,initial,1.0,0.3,7,0.0,0.0,0.0,0.0,0,0.0
54.0,23.6,92.0,0.0,initial,0.9,0.5,7,0.0,0.0,0.0,0.0,0,0.0
54.0,23.6,92.0,0.0,late,0.3,1.0,6,0.0,0.0,0.0,0.0,0,0.0
54.0,23.6,93.0,0.0,development,0.7,0.7,8,0.0,0.0,0.0,0.0,0,0.0
54.0,23.6,93.0,0.0,development,1.0,0.3,5,0.0,0.0,0.0,0.0,0,0.0
54.0,23.6,94.0,0.0,late,0.3,1.0,5,0.0,0.0,0.0,0.0,0,0.0
54.0,23.6,95.0,0.0,initial,0.7,0.7,11,0.0,0.0,0.0,0.0,0,0.0
54.0,23.6,96.0,0.0,development,0.9,0.5,7,0.0,0.0,0.0,0.0,0,0.0
54.0,23.6,96.0,0.0,development,1.0,0.3,6,0.0,0.0,0.0,0.0,0,0.0
54.0,23.6,98.0,0.0,development,1.0,0.3,6,0.0,0.0,0.0,0.0,0,0.0
54.0,23.7,76.0,0.0,development,-0.9,0.5,6,0.0,0.0,0.0,0.0,0,0.0
54.0,23.7,79.0,0.0,late,-0.7,0.7,6,0.0,0.0,0.0,0.0,0,0.0
54.0,23.7,79.0,0.0,mid,-0.9,0.5,5,0.0,0.0,0.0,0.0,0,0.0
54.0,23.7,80.0,0.0,development,-1.0,0.3,5,0.0,0.0,0.0,0.0,0,0.0
54.0,23.7,82.0,1.1,development,0.9,-0.5,5,0.0,0.0,0.0,0.0,0,0.0
54.0,23.7,83.0,0.0,development,0.5,0.9,5,0.0,0.0,0.0,0.0,0,0.0
54.0,23.7,84.0,0.0,initial,0.0,1.0,5,0.0,0.0,0.0,0.0,0,0.0
54.0,23.7,86.0,0.0,development,-0.3,1.0,5,0.0,0.0,0.0,0.0,0,0.0
54.0,23.7,86.0,0.0,initial,0.0,1.0,8,0.0,0.0,0.0,0.0,0,0.0
54.0,23.7,87.0,0.0,development,-0.3,1.0,6,0.0,0.0,0.0,0.0,0,0.0
54.0,23.7,87.0,0.0,mid,0.9,0.5,5,0.0,0.0,0.0,0.0,0,0.0
54.0,23.7,88.0,0.0,development,0.0,1.0,5,0.0,0.0,0.0,0.0,0,0.0
54.0,23.7,93.0,0.0,development,0.3,1.0,5,0.0,0.0,0.0,0.0,0,0.0
54.0,23.7,93.0,0.1,development,1.0,0.3,6,0.0,0.0,0.0,0.0,0,0.0
54.0,23.7,94.0,0.0,development,0.7,0.7,10,0.0,0.0,0.0,0.0,0,0.0
54.0,23.7,94.0,0.0,development,0.9,0.5,6,0.0,0.0,0.0,0.0,0,0.0
54.0,23.7,95.0,0.0,development,0.7,0.7,5,0.0,0.0,0.0,0.0,0,0.0
54.0,23.7,96.0,0.0,late,0.0,1.0,6,0.0,0.0,0.0,0.0,0,0.0
54.0,23.8,74.0,0.0,development,-0.9,0.5,6,0.0,0.0,0.0,0.0,0,0.0
54.0,23.8,76.0,0.0,development,-0.9,0.5,5,0.0,0.0,0.0,0.0,0,0.0
54.0,23.8,78.0,0.0,initial,-1.0,-0.3,5,0.0,0.0,0.0,0.0,0,0.0
54.0,23.8,81.0,0.0,development,-0.3,1.0,5,0.0,0.0,0.0,0.0,0,0.0
54.0,23.8,82.0,0.0,initial,-0.5,0.9,6,0.0,0.0,0.0,0.0,0,0.0
54.0,23.8,82.0,0.0,late,-0.5,0.9,5,0.0,0.0,0.0,0.0,0,0.0
54.0,23.8,83.0,0.9,development,0.9,-0.5,5,0.0,0.0,0.0,0.0,0,0.0
54.0,23.8,84.0,0.0,development,-0.5,0.9,7,0.0,0.0,0.0,0.0,0,0.0
54.0,23.8,86.0,0.0,development,0.9,0.5,5,0.0,0.0,0.0,0.0,0,0.0
54.0,23.8,87.0,0.7,mid,1.0,0.0,5,0.0,0.0,0.0,0.0,0,0.0
54.0,23.8,88.0,0.0,development,-0.5,0.9,6,0.0,0.0,0.0,0.0,0,0.0
54.0,23.8,89.0,0.0,development,-0.3,1.0,6,0.0,0.0,0.0,0.0,0,0.0
54.0,23.8,89.0,0.0,development,0.3,1.0,5,0.0,0.0,0.0,0.0,0,0.0
54.0,23.8,89.0,0.0,development,0.9,0.5,6,0.0,0.0,0.0,0.0,0,0.0
54.0,23.8,90.0,0.0,initial,0.7,0.7,8,0.0,0.0,0.0,0.0,0,0.0
54.0,23.8,91.0,0.0,development,0.3,1.0,6,0.0,0.0,0.0,0.0,0,0.0
54.0,23.8,92.0,0.0,development,-0.9,0.5,5,0.0,0.0,0.0,0.0,0,0.0
54.0,23.8,92.0,0.0,development,0.7,0.7,5,0.0,0.0,0.0,0.0,0,0.0
54.0,23.8,93.0,0.0,development,0.5,0.9,11,0.0,0.0,0.0,0.0,0,0.0
54.0,23.8,93.0,0.0,development,0.9,0.5,6,0.0,0.0,0.0,0.0,0,0.0
54.0,23.8,94.0,0.0,development,0.3,1.0,7,0.0,0.0,0.0,0.0,0,0.0
54.0,23.8,94.0,0.5,late,1.0,0.0,5,0.0,0.0,0.0,0.0,0,0.0
54.0,23.8,95.0,0.0,development,1.0,0.3,6,0.0,0.0,0.0,0.0,0,0.0
54.0,23.8,96.0,0.0,mid,0.3,1.0,5,0.0,0.0,0.0,0.0,0,0.0
54.0,23.8,97.0,0.0,development,0.3,1.0,5,0.0,0.0,0.0,0.0,0,0.0
54.0,23.8,97.0,0.0,development,0.5,0.9,10,0.0,0.0,0.0,0.0,0,0.0
54.0,23.8,98.0,0.0,late,0.9,0.5,6,0.0,0.0,0.0,0.0,0,0.0
54.0,23.9,81.0,0.0,initial,-0.5,0.9,5,0.0,0.0,0.0,0.0,0,0.0
54.0,23.9,87.0,0.0,late,-1.0,0.3,5,0.0,0.0,0.0,0.0,0,0.0
54.0,23.9,88.0,0.0,development,0.3,1.0,6,0.0,0.0,0.0,0.0,0,0.0
54.0,23.9,89.0,0.0,development,0.5,0.9,11,0.0,0.0,0.0,0.0,0,0.0
54.0,23.9,89.0,0.0,development,0.9,0.5,5,0.0,0.0,0.0,0.0,0,0.0
54.0,23.9,89.0,0.0,initial,0.0,1.0,7,0.0,0.0,0.0,0.0,0,0.0
54.0,23.9,89.0,0.0,initial,0.5,0.9,7,0.0,0.0,0.0,0.0,0,0.0
54.0,23.9,89.0,0.0,late,0.0,1.0,5,0.0,0.0,0.0,0.0,0,0.0
54.0,23.9,90.0,0.0,development,0.7,0.7,6,0.0,0.0,0.0,0.0,0,0.0
54.0,23.9,91.0,0.0,development,0.5,0.9,5,0.0,0.0,0.0,0.0,0,0.0
54.0,23.9,92.0,0.0,development,0.5,0.9,5,0.0,0.0,0.0,0.0,0,0.0
54.0,23.9,92.0,0.0,development,0.7,0.7,7,0.0,0.0,0.0,0.0,0,0.0
54.0,23.9,93.0,0.0,initial,0.3,1.0,11,0.0,0.0,0.0,0.0,0,0.0
54.0,23.9,94.0,0.0,development,0.7,0.7,6,0.0,0.0,0.0,0.0,0,0.0
54.0,23.9,94.0,0.0,mid,0.3,1.0,5,0.0,0.0,0.0,0.0,0,0.0
54.0,23.9,95.0,0.0,late,0.7,0.7,5,0.0,0.0,0.0,0.0,0,0.0
54.0,24.0,74.0,0.0,late,-1.0,-0.3,9,0.0,0.0,0.0,0.0,0,0.0
54.0,24.0,76.0,0.0,mid,-0.9,0.5,6,0.0,0.0,0.0,0.0,0,0.0
54.0,24.0,81.0,0.0,development,-0.5,0.9,6,0.0,0.0,0.0,0.0,0,0.0
54.0,24.0,82.0,0.0,development,-0.5,0.9,6,0.0,0.0,0.0,0.0,0,0.0
54.0,24.0,85.0,0.0,mid,0.0,1.0,5,0.0,0.0,0.0,0.0,0,0.0
54.0,24.0,86.0,0.0,development,0.0,1.0,6,0.0,0.0,0.0,0.0,0,0.0
54.0,24.0,88.0,0.0,development,0.7,0.7,7,0.0,0.0,0.0,0.0,0,0.0
54.0,24.0,88.0,0.0,late,-0.3,1.0,9,0.0,0.0,0.0,0.0,0,0.0
54.0,24.0,90.0,0.0,development,0.0,1.0,12,0.0,0.0,0.0,0.0,0,0.0
54.0,24.0,90.0,0.0,initial,0.5,0.9,5,0.0,0.0,0.0,0.0,0,0.0
54.0,24.0,90.0,0.0,mid,-0.3,1.0,6,0.0,0.0,0.0,0.0,0,0.0
54.0,24.0,91.0,0.0,development,-0.9,0.5,6,0.0,0.0,0.0,0.0,0,0.0
54.0,24.0,91.0,0.0,development,0.0,1.0,6,0.0,0.0,0.0,0.0,0,0.0
54.0,24.0,92.0,0.0,development,0.3,1.0,9,0.0,0.0,0.0,0.0,0,0.0
54.0,24.0,93.0,0.0,development,0.0,1.0,5,0.0,0.0,0.0,0.0,0,0.0
54.0,24.1,74.0,0.0,initial,0.0,1.0,5,0.0,0.0,0.0,0.0,0,0.0
54.0,24.1,74.0,1.8,development,0.9,-0.5,6,0.0,0.0,0.0,0.0,0,0.0
54.0,24.1,76.0,0.0,development,-0.3,1.0,5,0.0,0.0,0.0,0.0,0,0.0
54.0,24.1,84.0,0.0,development,-0.5,0.9,6,0.0,0.0,0.0,0.0,0,0.0
54.0,24.1,86.0,0.0,development,-0.5,0.9,5,0.0,0.0,0.0,0.0,0,0.0
54.0,24.1,86.0,0.0,development,-0.3,1.0,6,0.0,0.0,0.0,0.0,0,0.0
54.0,24.1,87.0,0.0,development,0.3,1.0,11,0.0,0.0,0.0,0.0,0,0.0
54.0,24.1,88.0,0.0,initial,0.3,1.0,8,0.0,0.0,0.0,0.0,0,0.0
54.0,24.1,88.0,0.0,initial,0.7,0.7,6,0.0,0.0,0.0,0.0,0,0.0
54.0,24.1,91.0,0.0,initial,-0.7,0.7,5,0.0,0.0,0.0,0.0,0,0.0
54.0,24.1,93.0,0.0,initial,0.0,1.0,5,0.0,0.0,0.0,0.0,0,0.0
54.0,24.1,93.0,0.0,late,0.5,0.9,5,0.0,0.0,0.0,0.0,0,0.0
54.0,24.1,94.0,0.0,initial,-0.7,0.7,5,0.0,0.0,0.0,0.0,0,0.0
54.0,24.1,96.0,0.0,development,-0.3,1.0,5,0.0,0.0,0.0,0.0,0,0.0
54.0,24.2,72.0,0.0,late,-0.9,0.5,7,0.0,0.0,0.0,0.0,0,0.0
54.0,24.2,75.0,0.0,late,-0.9,0.5,5,0.0,0.0,0.0,0.0,0,0.0
54.0,24.2,77.0,0.4,late,-0.9,-0.5,6,0.0,0.0,0.0,0.0,0,0.0
54.0,24.2,80.0,0.0,initial,-0.3,1.0,5,0.0,0.0,0.0,0.0,0,0.0
54.0,24.2,82.0,0.0,initial,-0.3,1.0,6,0.0,0.0,0.0,0.0,0,0.0
54.0,24.2,84.0,0.0,initial,-0.5,0.9,6,0.0,0.0,0.0,0.0,0,0.0
54.0,24.2,86.0,0.0,development,-0.3,1.0,6,0.0,0.0,0.0,0.0,0,0.0
54.0,24.2,86.0,0.0,development,0.5,0.9,6,0.0,0.0,0.0,0.0,0,0.0
54.0,24.2,87.0,0.0,development,0.0,1.0,9,0.0,0.0,0.0,0.0,0,0.0
54.0,24.2,87.0,0.0,initial,-0.3,1.0,6,0.0,0.0,0.0,0.0,0,0.0
54.0,24.2,88.0,0.0,initial,-0.5,0.9,6,0.0,0.0,0.0,0.0,0,0.0
54.0,24.2,90.0,0.0,initial,0.0,1.0,6,0.0,0.0,0.0,0.0,0,0.0
54.0,24.2,90.0,0.0,initial,0.3,1.0,7,0.0,0.0,0.0,0.0,0,0.0
54.0,24.2,90.0,0.0,mid,-0.5,0.9,5,0.0,0.0,0.0,0.0,0,0.0
54.0,24.2,93.0,0.0,initial,0.0,1.0,6,0.0,0.0,0.0,0.0,0,0.0
54.0,24.2,96.0,0.0,development,0.5,0.9,6,0.0,0.0,0.0,0.0,0,0.0
54.0,24.3,75.0,1.5,mid,0.9,-0.5,5,0.0,0.0,0.0,0.0,0,0.0
54.0,24.3,78.0,0.0,development,-0.5,0.9,11,0.0,0.0,0.0,0.0,0,0.0
54.0,24.3,79.0,0.0,development,-0.9,0.5,6,0.0,0.0,0.0,0.0,0,0.0
54.0,24.3,80.0,0.0,development,0.0,1.0,6,0.0,0.0,0.0,0.0,0,0.0
54.0,24.3,83.0,0.0,development,0.0,1.0,5,0.0,0.0,0.0,0.0,0,0.0
54.0,24.3,84.0,0.0,development,-0.5,0.9,5,0.0,0.0,0.0,0.0,0,0.0
54.0,24.3,84.0,0.5,initial,1.0,0.0,5,0.0,0.0,0.0,0.0,0,0.0
54.0,24.3,86.0,0.0,initial,0.9,0.5,6,0.0,0.0,0.0,0.0,0,0.0
54.0,24.3,88.0,0.0,development,0.0,1.0,9,0.0,0.0,0.0,0.0,0,0.0
54.0,24.3,89.0,0.0,development,0.0,1.0,7,0.0,0.0,0.0,0.0,0,0.0
54.0,24.3,91.0,0.0,development,0.0,1.0,5,0.0,0.0,0.0,0.0,0,0.0
54.0,24.3,91.0,0.0,late,-0.3,1.0,5,0.0,0.0,0.0,0.0,0,0.0
54.0,24.3,97.0,0.3,development,1.0,0.0,5,0.0,0.0,0.0,0.0,0,0.0
54.0,24.4,70.0,0.0,development,-0.7,0.7,5,0.0,0.0,0.0,0.0,0,0.0
54.0,24.4,72.0,1.4,late,0.9,-0.5,5,0.0,0.0,0.0,0.0,0,0.0
54.0,24.4,77.0,0.0,initial,-0.7,0.7,5,0.0,0.0,0.0,0.0,0,0.0
54.0,24.4,78.0,0.0,development,-0.7,0.7,6,0.0,0.0,0.0,0.0,0,0.0
54.0,24.4,79.0,0.0,development,-0.5,0.9,7,0.0,0.0,0.0,0.0,0,0.0
54.0,24.4,80.0,0.0,development,-0.5,0.9,5,0.0,0.0,0.0,0.0,0,0.0
54.0,24.4,82.0,0.0,development,-0.5,0.9,6,0.0,0.0,0.0,0.0,0,0.0
54.0,24.4,82.0,1.1,development,0.9,-0.5,6,0.0,0.0,0.0,0.0,0,0.0
54.0,24.4,84.0,0.0,development,-0.3,1.0,5,0.0,0.0,0.0,0.0,0,0.0
54.0,24.4,85.0,0.0,development,-0.5,0.9,5,0.0,0.0,0.0,0.0,0,0.0
54.0,24.4,85.0,0.0,development,0.0,1.0,5,0.0,0.0,0.0,0.0,0,0.0
54.0,24.4,85.0,0.0,development,0.5,0.9,5,0.0,0.0,0.0,0.0,0,0.0
54.0,24.4,89.0,0.0,development,0.0,1.0,5,0.0,0.0,0.0,0.0,0,0.0
54.0,24.4,89.0,0.0,development,0.7,0.7,6,0.0,0.0,0.0,0.0,0,0.0
54.0,24.4,95.0,0.3,development,1.0,0.0,6,0.0,0.0,0.0,0.0,0,0.0
54.0,24.5,71.0,0.0,development,-1.0,0.0,5,0.0,0.0,0.0,0.0,0,0.0
54.0,24.5,81.0,0.0,initial,-0.3,1.0,5,0.0,0.0,0.0,0.0,0,0.0
54.0,24.5,83.0,0.0,late,-1.0,0.0,8,0.0,0.0,0.0,0.0,0,0.0
54.0,24.5,86.0,0.0,mid,-0.3,1.0,6,0.0,0.0,0.0,0.0,0,0.0
54.0,24.5,87.0,0.0,development,-0.3,1.0,7,0.0,0.0,0.0,0.0,0,0.0
54.0,24.5,92.0,0.0,development,0.7,0.7,5,0.0,0.0,0.0,0.0,0,0.0
54.0,24.5,95.0,0.0,development,0.0,1.0,5,0.0,0.0,0.0,0.0,0,0.0
54.0,24.6,62.0,0.0,late,-1.0,-0.3,5,0.0,0.0,0.0,0.0,0,0.0
54.0,24.6,76.0,0.0,mid,-0.9,0.5,5,0.0,0.0,0.0,0.0,0,0.0
54.0,24.6,76.0,0.8,development,1.0,0.0,7,0.0,0.0,0.0,0.0,0,0.0
54.0,24.6,77.0,0.0,initial,-0.7,0.7,5,0.0,0.0,0.0,0.0,0,0.0
54.0,24.6,80.0,1.2,development,0.7,-0.7,5,0.0,0.0,0.0,0.0,0,0.0
54.0,24.6,82.0,0.0,development,-0.7,0.7,5,0.0,0.0,0.0,0.0,0,0.0
54.0,24.6,83.0,0.0,development,0.0,1.0,6,0.0,0.0,0.0,0.0,0,0.0
54.0,24.6,85.0,0.0,development,-0.3,1.0,5,0.0,0.0,0.0,0.0,0,0.0
54.0,24.6,85.0,0.4,initial,1.0,0.0,6,0.0,0.0,0.0,0.0,0,0.0
54.0,24.6,88.0,0.0,development,-0.5,0.9,6,0.0,0.0,0.0,0.0,0,0.0
54.0,24.6,90.0,0.0,development,0.0,1.0,6,0.0,0.0,0.0,0.0,0,0.0
54.0,24.6,91.0,0.0,initial,0.7,0.7,5,0.0,0.0,0.0,0.0,0,0.0
54.0,24.6,96.0,0.0,late,-0.3,1.0,5,0.0,0.0,0.0,0.0,0,0.0
54.0,24.7,72.0,0.0,mid,-0.9,0.5,5,0.0,0.0,0.0,0.0,0,0.0
54.0,24.7,80.0,0.8,development,1.0,0.0,5,0.0,0.0,0.0,0.0,0,0.0
54.0,24.7,82.0,0.0,development,-0.7,0.7,5,0.0,0.0,0.0,0.0,0,0.0
54.0,24.7,82.0,0.0,mid,-1.0,0.3,5,0.0,0.0,0.0,0.0,0,0.0
54.0,24.7,83.0,0.0,development,-0.3,1.0,9,0.0,0.0,0.0,0.0,0,0.0
54.0,24.7,84.0,0.0,development,-0.3,1.0,9,0.0,0.0,0.0,0.0,0,0.0
54.0,24.7,84.0,0.0,development,0.0,1.0,5,0.0,0.0,0.0,0.0,0,0.0
54.0,24.7,85.0,0.0,initial,-0.3,1.0,5,0.0,0.0,0.0,0.0,0,0.0
54.0,24.7,87.0,0.0,development,-0.3,1.0,5,0.0,0.0,0.0,0.0,0,0.0
54.0,24.7,91.0,0.0,initial,-0.3,1.0,5,0.0,0.0,0.0,0.0,0,0.0
54.0,24.7,95.0,0.0,initial,1.0,0.3,7,0.0,0.0,0.0,0.0,0,0.0
54.0,24.8,68.0,0.0,mid,-0.9,0.5,5,0.0,0.0,0.0,0.0,0,0.0
54.0,24.8,71.0,0.0,development,-0.9,0.5,5,0.0,0.0,0.0,0.0,0,0.0
54.0,24.8,76.0,0.0,development,-0.9,0.5,6,0.0,0.0,0.0,0.0,0,0.0
54.0,24.8,82.0,0.0,development,-0.5,0.9,9,0.0,0.0,0.0,0.0,0,0.0
54.0,24.8,82.0,0.0,development,0.0,1.0,5,0.0,0.0,0.0,0.0,0,0.0
54.0,24.8,83.0,0.0,development,-1.0,0.0,5,0.0,0.0,0.0,0.0,0,0.0
54.0,24.8,83.0,0.0,development,-0.5,0.9,5,0.0,0.0,0.0,0.0,0,0.0
54.0,24.8,84.0,0.0,development,-0.5,0.9,7,0.0,0.0,0.0,0.0,0,0.0
54.0,24.8,84.0,0.0,late,-0.5,0.9,6,0.0,0.0,0.0,0.0,0,0.0
54.0,24.8,84.0,1.4,development,0.9,-0.5,5,0.0,0.0,0.0,0.0,0,0.0
54.0,24.8,85.0,0.0,development,-0.5,0.9,5,0.0,0.0,0.0,0.0,0,0.0
54.0,24.8,85.0,0.0,development,0.0,1.0,7,0.0,0.0,0.0,0.0,0,0.0
54.0,24.8,86.0,0.0,development,-0.5,0.9,7,0.0,0.0,0.0,0.0,0,0.0
54.0,24.8,89.0,0.5,late,1.0,0.0,5,0.0,0.0,0.0,0.0,0,0.0
54.0,24.9,73.0,0.0,development,-0.9,0.5,6,0.0,0.0,0.0,0.0,0,0.0
54.0,24.9,77.0,0.0,development,-0.7,0.7,5,0.0,0.0,0.0,0.0,0,0.0
54.0,24.9,78.0,1.0,initial,1.0,0.0,6,0.0,0.0,0.0,0.0,0,0.0
54.0,24.9,81.0,0.0,development,-0.3,1.0,6,0.0,0.0,0.0,0.0,0,0.0
54.0,24.9,82.0,0.0,development,-1.0,0.0,5,0.0,0.0,0.0,0.0,0,0.0
54.0,24.9,82.0,0.0,initial,-0.5,0.9,8,0.0,0.0,0.0,0.0,0,0.0
54.0,24.9,82.0,0.7,initial,1.0,0.0,5,0.0,0.0,0.0,0.0,0,0.0
54.0,24.9,83.0,0.0,initial,0.0,1.0,6,0.0,0.0,0.0,0.0,0,0.0
54.0,24.9,84.0,0.0,development,-0.5,0.9,5,0.0,0.0,0.0,0.0,0,0.0
54.0,24.9,84.0,0.0,initial,-0.3,1.0,6,0.0,0.0,0.0,0.0,0,0.0
54.0,24.9,85.0,0.0,development,-0.5,0.9,6,0.0,0.0,0.0,0.0,0,0.0
54.0,24.9,89.0,0.0,development,-0.7,0.7,5,0.0,0.0,0.0,0.0,0,0.0
54.0,25.0,73.0,0.0,mid,-1.0,0.3,7,0.0,0.0,0.0,0.0,0,0.0
54.0,25.0,80.0,0.0,development,-0.3,1.0,5,0.0,0.0,0.0,0.0,0,0.0
54.0,25.0,81.0,0.0,development,-0.5,0.9,11,0.0,0.0,0.0,0.0,0,0.0
54.0,25.0,82.0,0.0,development,-0.3,1.0,7,0.0,0.0,0.0,0.0,0,0.0
54.0,25.0,83.0,0.5,initial,1.0,0.0,5,0.0,0.0,0.0,0.0,0,0.0
54.0,25.0,84.0,0.0,late,-0.9,0.5,5,0.0,0.0,0.0,0.0,0,0.0
54.0,25.0,85.0,0.0,initial,0.0,1.0,7,0.0,0.0,0.0,0.0,0,0.0
54.0,25.0,86.0,0.0,initial,-0.5,0.9,6,0.0,0.0,0.0,0.0,0,0.0
54.0,25.0,87.0,0.0,development,-0.5,0.9,6,0.0,0.0,0.0,0.0,0,0.0
54.0,25.0,87.0,0.0,initial,0.5,0.9,5,0.0,0.0,0.0,0.0,0,0.0
54.0,25.0,87.0,0.4,initial,1.0,0.0,6,0.0,0.0,0.0,0.0,0,0.0
54.0,25.0,94.0,0.0,initial,0.9,0.5,5,0.0,0.0,0.0,0.0,0,0.0
54.0,25.1,71.0,0.0,development,-0.7,0.7,6,0.0,0.0,0.0,0.0,0,0.0
54.0,25.1,72.0,1.7,late,0.9,-0.5,5,0.0,0.0,0.0,0.0,0,0.0
54.0,25.1,74.0,0.0,development,-0.9,0.5,8,0.0,0.0,0.0,0.0,0,0.0
54.0,25.1,76.0,0.0,development,-0.9,0.5,7,0.0,0.0,0.0,0.0,0,0.0
54.0,25.1,79.0,0.0,development,-0.7,0.7,5,0.0,0.0,0.0,0.0,0,0.0
54.0,25.1,80.0,0.7,development,1.0,0.0,6,0.0,0.0,0.0,0.0,0,0.0
54.0,25.1,82.0,0.0,initial,-0.3,1.0,5,0.0,0.0,0.0,0.0,0,0.0
54.0,25.1,83.0,0.0,initial,-0.5,0.9,6,0.0,0.0,0.0,0.0,0,0.0
54.0,25.1,86.0,0.0,initial,0.3,1.0,5,0.0,0.0,0.0,0.0,0,0.0
54.0,25.2,72.0,0.0,development,-0.9,0.5,7,0.0,0.0,0.0,0.0,0,0.0
54.0,25.2,78.0,0.8,development,1.0,0.0,7,0.0,0.0,0.0,0.0,0,0.0
54.0,25.2,80.0,0.0,initial,-0.7,0.7,7,0.0,0.0,0.0,0.0,0,0.0
54.0,25.2,81.0,0.4,development,1.0,0.0,5,0.0,0.0,0.0,0.0,0,0.0
54.0,25.2,85.0,0.0,initial,-0.7,0.7,6,0.0,0.0,0.0,0.0,0,0.0
54.0,25.2,85.0,0.0,late,-0.7,0.7,5,0.0,0.0,0.0,0.0,0,0.0
54.0,25.3,54.0,0.5,late,-0.9,-0.5,5,0.0,0.0,0.0,0.0,0,0.0
54.0,25.3,62.0,1.8,initial,0.9,-0.5,5,0.0,0.0,0.0,0.0,0,0.0
54.0,25.3,68.0,0.4,development,-0.9,-0.5,5,0.0,0.0,0.0,0.0,0,0.0
54.0,25.3,78.0,0.0,development,-0.7,0.7,6,0.0,0.0,0.0,0.0,0,0.0
54.0,25.3,78.0,0.0,initial,-0.3,1.0,5,0.0,0.0,0.0,0.0,0,0.0
54.0,25.3,79.0,0.0,development,-0.5,0.9,6,0.0,0.0,0.0,0.0,0,0.0
54.0,25.3,80.0,0.0,development,-0.7,0.7,10,0.0,0.0,0.0,0.0,0,0.0
54.0,25.4,76.0,0.0,initial,-0.9,0.5,7,0.0,0.0,0.0,0.0,0,0.0
54.0,25.4,78.0,0.0,development,-0.7,0.7,6,0.0,0.0,0.0,0.0,0,0.0
54.0,25.4,79.0,0.0,initial,-0.9,0.5,5,0.0,0.0,0.0,0.0,0,0.0
54.0,25.4,80.0,0.0,initial,-1.0,0.0,9,0.0,0.0,0.0,0.0,0,0.0
54.0,25.4,80.0,0.0,initial,-0.5,0.9,5,0.0,0.0,0.0,0.0,0,0.0
54.0,25.4,81.0,0.0,initial,-1.0,0.0,6,0.0,0.0,0.0,0.0,0,0.0
54.0,25.4,83.0,0.0,late,-1.0,0.3,5,0.0,0.0,0.0,0.0,0,0.0
54.0,25.4,83.0,0.0,mid,-0.7,0.7,5,0.0,0.0,0.0,0.0,0,0.0
54.0,25.4,84.0,0.0,development,-0.7,0.7,7,0.0,0.0,0.0,0.0,0,0.0
54.0,25.4,88.0,0.0,initial,-0.3,1.0,6,0.0,0.0,0.0,0.0,0,0.0
54.0,25.4,90.0,0.0,late,-1.0,0.3,5,0.0,0.0,0.0,0.0,0,0.0
54.0,25.5,69.0,0.9,late,-0.7,-0.7,7,0.0,0.0,0.0,0.0,0,0.0
54.0,25.5,70.0,0.0,development,-0.9,0.5,5,0.0,0.0,0.0,0.0,0,0.0
54.0,25.5,72.0,0.0,development,-0.9,0.5,6,0.0,0.0,0.0,0.0,0,0.0
54.0,25.5,75.0,0.0,mid,-0.9,0.5,5,0.0,0.0,0.0,0.0,0,0.0
54.0,25.5,77.0,0.0,development,-0.7,0.7,8,0.0,0.0,0.0,0.0,0,0.0
54.0,25.5,78.0,0.0,initial,-0.7,0.7,5,0.0,0.0,0.0,0.0,0,0.0
54.0,25.5,80.0,0.5,development,1.0,0.0,5,0.0,0.0,0.0,0.0,0,0.0
54.0,25.5,81.0,0.0,late,-0.9,0.5,7,0.0,0.0,0.0,0.0,0,0.0
54.0,25.6,59.0,0.6,late,-0.9,-0.5,5,0.0,0.0,0.0,0.0,0,0.0
54.0,25.6,71.0,0.0,development,-1.0,0.3,5,0.0,0.0,0.0,0.0,0,0.0
54.0,25.6,74.0,0.0,development,-1.0,0.3,5,0.0,0.0,0.0,0.0,0,0.0
54.0,25.6,77.0,0.0,development,-0.7,0.7,11,0.0,0.0,0.0,0.0,0,0.0
54.0,25.6,80.0,0.0,development,-0.7,0.7,5,0.0,0.0,0.0,0.0,0,0.0
54.0,25.7,72.0,0.0,late,-0.9,0.5,6,0.0,0.0,0.0,0.0,0,0.0
54.0,25.7,75.0,0.0,development,-0.9,0.5,6,0.0,0.0,0.0,0.0,0,0.0
54.0,25.7,75.0,0.6,development,1.0,0.0,5,0.0,0.0,0.0,0.0,0,0.0
54.0,25.7,76.0,0.0,development,-0.7,0.7,6,0.0,0.0,0.0,0.0,0,0.0
54.0,25.7,78.0,0.0,initial,-0.7,0.7,12,0.0,0.0,0.0,0.0,0,0.0
54.0,25.7,79.0,0.0,initial,-0.7,0.7,6,0.0,0.0,0.0,0.0,0,0.0
54.0,25.7,81.0,0.0,initial,-0.7,0.7,5,0.0,0.0,0.0,0.0,0,0.0
54.0,25.7,84.0,0.4,development,1.0,0.0,6,0.0,0.0,0.0,0.0,0,0.0
54.0,25.7,85.0,0.0,initial,-0.5,0.9,5,0.0,0.0,0.0,0.0,0,0.0
54.0,25.8,61.0,0.4,development,-0.9,-0.5,5,0.0,0.0,0.0,0.0,0,0.0
54.0,25.8,61.0,1.8,late,0.9,-0.5,5,0.0,0.0,0.0,0.0,0,0.0
54.0,25.8,64.0,0.0,development,-1.0,0.0,6,0.0,0.0,0.0,0.0,0,0.0
54.0,25.8,66.0,0.0,initial,-0.7,0.7,5,0.0,0.0,0.0,0.0,0,0.0
54.0,25.8,73.0,0.0,mid,-1.0,0.0,5,0.0,0.0,0.0,0.0,0,0.0
54.0,25.8,75.0,1.2,mid,0.9,-0.5,6,0.0,0.0,0.0,0.0,0,0.0
54.0,25.8,76.0,0.0,initial,-0.7,0.7,7,0.0,0.0,0.0,0.0,0,0.0
54.0,25.8,77.0,0.0,development,-0.9,0.5,7,0.0,0.0,0.0,0.0,0,0.0
54.0,25.8,77.0,0.0,late,-0.5,0.9,5,0.0,0.0,0.0,0.0,0,0.0
54.0,25.8,77.0,0.9,initial,1.0,-0.3,6,0.0,0.0,0.0,0.0,0,0.0
54.0,25.8,78.0,0.0,initial,-0.7,0.7,5,0.0,0.0,0.0,0.0,0,0.0
54.0,25.8,79.0,0.0,development,-0.5,0.9,7,0.0,0.0,0.0,0.0,0,0.0
54.0,25.8,84.0,0.0,initial,-0.5,0.9,5,0.0,0.0,0.0,0.0,0,0.0
54.0,25.9,50.0,1.1,development,-0.7,-0.7,5,0.0,0.0,0.0,0.0,0,0.0
54.0,25.9,66.0,0.0,development,-1.0,0.3,6,0.0,0.0,0.0,0.0,0,0.0
54.0,25.9,66.0,0.0,initial,-1.0,0.3,5,0.0,0.0,0.0,0.0,0,0.0
54.0,25.9,69.0,1.6,mid,0.7,-0.7,5,0.0,0.0,0.0,0.0,0,0.0
54.0,25.9,70.0,0.0,development,-1.0,0.3,6,0.0,0.0,0.0,0.0,0,0.0
54.0,25.9,71.0,0.0,initial,-1.0,0.3,5,0.0,0.0,0.0,0.0,0,0.0
54.0,25.9,72.0,0.0,mid,-1.0,0.0,5,0.0,0.0,0.0,0.0,0,0.0
54.0,25.9,72.0,0.0,mid,-1.0,0.3,7,0.0,0.0,0.0,0.0,0,0.0
54.0,25.9,75.0,0.0,late,-1.0,0.3,5,0.0,0.0,0.0,0.0,0,0.0
54.0,25.9,77.0,0.0,development,-0.9,0.5,9,0.0,0.0,0.0,0.0,0,0.0
54.0,25.9,80.0,0.0,development,-1.0,0.3,6,0.0,0.0,0.0,0.0,0,0.0
54.0,26.0,60.0,1.2,development,-0.5,-0.9,6,0.0,0.0,0.0,0.0,0,0.0
54.0,26.0,65.0,2.1,development,0.7,-0.7,5,0.0,0.0,0.0,0.0,0,0.0
54.0,26.0,66.0,1.7,initial,1.0,-0.3,5,0.0,0.0,0.0,0.0,0,0.0
54.0,26.0,73.0,0.0,initial,-1.0,0.3,6,0.0,0.0,0.0,0.0,0,0.0
54.0,26.0,74.0,1.4,late,0.9,-0.5,5,0.0,0.0,0.0,0.0,0,0.0
54.0,26.0,77.0,0.0,development,-0.9,0.5,7,0.0,0.0,0.0,0.0,0,0.0
54.0,26.0,78.0,0.0,initial,-1.0,0.0,7,0.0,0.0,0.0,0.0,0,0.0
54.0,26.0,83.0,0.0,initial,-0.7,0.7,6,0.0,0.0,0.0,0.0,0,0.0
54.0,26.1,64.0,2.1,development,0.5,-0.9,5,0.0,0.0,0.0,0.0,0,0.0
54.0,26.1,66.0,0.0,late,-1.0,-0.3,5,0.0,0.0,0.0,0.0,0,0.0
54.0,26.1,72.0,0.0,development,-1.0,0.3,5,0.0,0.0,0.0,0.0,0,0.0
54.0,26.1,73.0,0.0,development,-0.9,0.5,6,0.0,0.0,0.0,0.0,0,0.0
54.0,26.1,80.0,1.3,development,1.0,-0.3,5,0.0,0.0,0.0,0.0,0,0.0
54.0,26.2,55.0,0.6,development,-0.9,-0.5,5,0.0,0.0,0.0,0.0,0,0.0
54.0,26.2,67.0,0.5,development,-0.9,-0.5,5,0.0,0.0,0.0,0.0,0,0.0
54.0,26.2,69.0,0.0,development,-1.0,0.0,7,0.0,0.0,0.0,0.0,0,0.0
54.0,26.2,71.0,0.0,development,-1.0,0.3,5,0.0,0.0,0.0,0.0,0,0.0
54.0,26.2,71.0,0.0,initial,-1.0,0.3,7,0.0,0.0,0.0,0.0,0,0.0
54.0,26.2,72.0,0.0,development,-0.9,0.5,10,0.0,0.0,0.0,0.0,0,0.0
54.0,26.2,73.0,0.0,development,-1.0,0.3,6,0.0,0.0,0.0,0.0,0,0.0
54.0,26.2,73.0,0.0,initial,-0.9,0.5,7,0.0,0.0,0.0,0.0,0,0.0
54.0,26.2,74.0,0.0,initial,-1.0,0.3,8,0.0,0.0,0.0,0.0,0,0.0
54.0,26.2,74.0,0.0,initial,-0.9,0.5,13,0.0,0.0,0.0,0.0,0,0.0
54.0,26.2,76.0,0.0,initial,-1.0,0.3,5,0.0,0.0,0.0,0.0,0,0.0
54.0,26.2,77.0,0.0,development,-0.9,0.5,5,0.0,0.0,0.0,0.0,0,0.0
54.0,26.2,77.0,1.8,late,1.0,-0.3,5,0.0,0.0,0.0,0.0,0,0.0
54.0,26.2,81.0,1.4,initial,1.0,-0.3,6,0.0,0.0,0.0,0.0,0,0.0
54.0,26.2,82.0,1.1,mid,1.0,-0.3,5,0.0,0.0,0.0,0.0,0,0.0
54.0,26.3,68.0,0.0,development,-1.0,0.3,6,0.0,0.0,0.0,0.0,0,0.0
54.0,26.3,72.0,0.0,development,-0.9,0.5,7,0.0,0.0,0.0,0.0,0,0.0
54.0,26.3,73.0,0.0,development,-0.9,0.5,5,0.0,0.0,0.0,0.0,0,0.0
54.0,26.3,76.0,0.0,mid,-1.0,0.3,6,0.0,0.0,0.0,0.0,0,0.0
54.0,26.3,80.0,0.0,initial,-0.9,0.5,6,0.0,0.0,0.0,0.0,0,0.0
54.0,26.3,81.0,0.0,development,-0.5,0.9,6,0.0,0.0,0.0,0.0,0,0.0
54.0,26.4,72.0,0.0,development,-0.7,0.7,8,0.0,0.0,0.0,0.0,0,0.0
54.0,26.5,63.0,1.4,initial,-0.5,-0.9,5,0.0,0.0,0.0,0.0,0,0.0
54.0,26.5,71.0,0.0,initial,-1.0,0.0,5,0.0,0.0,0.0,0.0,0,0.0
54.0,26.5,74.0,0.0,initial,-1.0,0.3,5,0.0,0.0,0.0,0.0,0,0.0
54.0,26.5,75.0,0.0,mid,-1.0,0.3,5,0.0,0.0,0.0,0.0,0,0.0
54.0,26.5,76.0,1.6,initial,1.0,-0.3,5,0.0,0.0,0.0,0.0,0,0.0
54.0,26.5,78.0,0.0,development,-1.0,0.3,5,0.0,0.0,0.0,0.0,0,0.0
54.0,26.6,65.0,0.0,development,-1.0,0.3,5,0.0,0.0,0.0,0.0,0,0.0
54.0,26.6,70.0,0.0,development,-1.0,0.3,6,0.0,0.0,0.0,0.0,0,0.0
54.0,26.6,71.0,0.0,development,-1.0,0.3,8,0.0,0.0,0.0,0.0,0,0.0
54.0,26.6,73.0,0.0,development,-1.0,0.3,6,0.0,0.0,0.0,0.0,0,0.0
54.0,26.6,73.0,0.0,initial,-0.9,0.5,5,0.0,0.0,0.0,0.0,0,0.0
54.0,26.6,74.0,0.0,development,-1.0,0.3,5,0.0,0.0,0.0,0.0,0,0.0
54.0,26.7,57.0,2.4,development,0.0,-1.0,6,0.0,0.0,0.0,0.0,0,0.0
54.0,26.7,65.0,0.0,development,-1.0,0.3,5,0.0,0.0,0.0,0.0,0,0.0
54.0,26.7,70.0,1.2,development,1.0,-0.3,5,0.0,0.0,0.0,0.0,0,0.0
54.0,26.7,75.0,1.5,development,0.9,-0.5,7,0.0,0.0,0.0,0.0,0,0.0
54.0,26.8,53.0,2.3,late,0.5,-0.9,5,0.0,0.0,0.0,0.0,0,0.0
54.0,26.8,57.0,0.0,initial,-1.0,0.0,6,0.0,0.0,0.0,0.0,0,0.0
54.0,26.8,57.0,1.0,initial,-0.7,-0.7,5,0.0,0.0,0.0,0.0,0,0.0
54.0,26.8,59.0,0.8,development,-0.7,-0.7,5,0.0,0.0,0.0,0.0,0,0.0
54.0,26.8,60.0,0.0,late,-1.0,0.0,6,0.0,0.0,0.0,0.0,0,0.0
54.0,26.8,64.0,0.1,initial,-1.0,-0.3,5,0.0,0.0,0.0,0.0,0,0.0
54.0,26.8,65.0,0.1,late,-1.0,-0.3,5,0.0,0.0,0.0,0.0,0,0.0
54.0,26.8,70.0,0.0,mid,-1.0,0.0,5,0.0,0.0,0.0,0.0,0,0.0
54.0,26.8,71.0,1.1,late,1.0,-0.3,5,0.0,0.0,0.0,0.0,0,0.0
54.0,26.8,72.0,0.0,development,-0.9,0.5,6,0.0,0.0,0.0,0.0,0,0.0
54.0,26.8,73.0,0.0,development,-1.0,0.3,5,0.0,0.0,0.0,0.0,0,0.0
54.0,26.8,78.0,0.0,initial,-0.9,0.5,6,0.0,0.0,0.0,0.0,0,0.0
54.0,26.9,62.0,0.0,development,-1.0,0.0,5,0.0,0.0,0.0,0.0,0,0.0
54.0,26.9,67.0,0.0,development,-1.0,0.3,10,0.0,0.0,0.0,0.0,0,0.0
54.0,26.9,69.0,0.0,initial,-1.0,0.3,6,0.0,0.0,0.0,0.0,0,0.0
54.0,26.9,71.0,0.0,development,-1.0,0.3,6,0.0,0.0,0.0,0.0,0,0.0
54.0,26.9,87.0,0.0,mid,-1.0,0.3,5,0.0,0.0,0.0,0.0,0,0.0
54.0,27.0,52.0,1.2,development,-0.5,-0.9,6,0.0,0.0,0.0,0.0,0,0.0
54.0,27.0,52.0,2.4,initial,0.5,-0.9,5,0.0,0.0,0.0,0.0,0,0.0
54.0,27.0,53.0,2.0,development,0.9,-0.5,5,0.0,0.0,0.0,0.0,0,0.0
54.0,27.0,66.0,0.0,development,-1.0,0.0,7,0.0,0.0,0.0,0.0,0,0.0
54.0,27.0,69.0,0.0,initial,-1.0,0.3,5,0.0,0.0,0.0,0.0,0,0.0
54.0,27.0,73.0,1.2,initial,1.0,-0.3,8,0.0,0.0,0.0,0.0,0,0.0
54.0,27.0,76.0,0.0,development,-0.7,0.7,5,0.0,0.0,0.0,0.0,0,0.0
54.0,27.0,78.0,0.0,late,-0.7,0.7,6,0.0,0.0,0.0,0.0,0,0.0
54.0,27.1,59.0,2.2,development,0.5,-0.9,5,0.0,0.0,0.0,0.0,0,0.0
54.0,27.1,66.0,0.0,development,-1.0,0.0,5,0.0,0.0,0.0,0.0,0,0.0
54.0,27.1,67.0,0.0,development,-1.0,0.0,5,0.0,0.0,0.0,0.0,0,0.0
54.0,27.2,59.0,1.3,late,-0.3,-1.0,5,0.0,0.0,0.0,0.0,0,0.0
54.0,27.2,60.0,1.3,development,0.9,-0.5,6,0.0,0.0,0.0,0.0,0,0.0
54.0,27.2,63.0,0.0,development,-1.0,0.3,5,0.0,0.0,0.0,0.0,0,0.0
54.0,27.2,63.0,0.0,initial,-1.0,0.0,5,0.0,0.0,0.0,0.0,0,0.0
54.0,27.2,65.0,0.0,development,-1.0,0.0,7,0.0,0.0,0.0,0.0,0,0.0
54.0,27.2,66.0,0.0,initial,-1.0,0.0,6,0.0,0.0,0.0,0.0,0,0.0
54.0,27.2,70.0,0.0,development,-1.0,0.3,5,0.0,0.0,0.0,0.0,0,0.0
54.0,27.2,74.0,0.2,late,-1.0,-0.3,5,0.0,0.0,0.0,0.0,0,0.0
54.0,27.3,60.0,0.9,initial,-0.7,-0.7,5,0.0,0.0,0.0,0.0,0,0.0
54.0,27.3,63.0,1.8,development,1.0,-0.3,6,0.0,0.0,0.0,0.0,0,0.0
54.0,27.3,68.0,0.0,initial,-1.0,0.0,6,0.0,0.0,0.0,0.0,0,0.0
54.0,27.3,73.0,0.0,development,-1.0,0.0,7,0.0,0.0,0.0,0.0,0,0.0
54.0,27.4,51.0,1.0,development,-0.5,-0.9,5,0.0,0.0,0.0,0.0,0,0.0
54.0,27.4,56.0,2.7,development,0.9,-0.5,6,0.0,0.0,0.0,0.0,0,0.0
54.0,27.5,52.0,1.1,late,-0.7,-0.7,5,0.0,0.0,0.0,0.0,0,0.0
54.0,27.5,55.0,0.0,development,-1.0,-0.3,5,0.0,0.0,0.0,0.0,0,0.0
54.0,27.5,56.0,1.6,late,0.3,-1.0,5,0.0,0.0,0.0,0.0,0,0.0
54.0,27.5,65.0,0.0,development,-1.0,0.0,5,0.0,0.0,0.0,0.0,0,0.0
54.0,27.5,65.0,0.0,initial,-1.0,0.0,5,0.0,0.0,0.0,0.0,0,0.0
54.0,27.6,46.0,2.4,development,-0.3,-1.0,6,0.0,0.0,0.0,0.0,0,0.0
54.0,27.6,54.0,2.5,development,0.5,-0.9,7,0.0,0.0,0.0,0.0,0,0.0
54.0,27.6,57.0,0.0,development,-1.0,0.0,5,0.0,0.0,0.0,0.0,0,0.0
54.0,27.6,64.0,0.0,development,-1.0,0.0,6,0.0,0.0,0.0,0.0,0,0.0
54.0,27.6,65.0,0.0,development,-1.0,0.0,6,0.0,0.0,0.0,0.0,0,0.0
54.0,27.6,70.0,0.0,initial,-1.0,0.0,7,0.0,0.0,0.0,0.0,0,0.0
54.0,27.6,70.0,1.3,development,1.0,-0.3,5,0.0,0.0,0.0,0.0,0,0.0
54.0,27.6,76.0,0.0,initial,-0.5,0.9,5,0.0,0.0,0.0,0.0,0,0.0
54.0,27.7,56.0,0.0,initial,-1.0,0.0,5,0.0,0.0,0.0,0.0,0,0.0
54.0,27.7,59.0,2.7,development,0.9,-0.5,5,0.0,0.0,0.0,0.0,0,0.0
54.0,27.7,66.0,0.0,development,-1.0,0.0,5,0.0,0.0,0.0,0.0,0,0.0
54.0,27.7,67.0,0.0,development,-1.0,0.0,6,0.0,0.0,0.0,0.0,0,0.0
54.0,27.7,69.0,2.0,late,0.9,-0.5,6,0.0,0.0,0.0,0.0,0,0.0
54.0,27.8,56.0,2.2,late,0.7,-0.7,5,0.0,0.0,0.0,0.0,0,0.0
54.0,27.8,57.0,0.0,development,-1.0,0.0,5,0.0,0.0,0.0,0.0,0,0.0
54.0,27.8,57.0,0.3,mid,-0.9,-0.5,5,0.0,0.0,0.0,0.0,0,0.0
54.0,27.8,58.0,1.3,development,-0.3,-1.0,5,0.0,0.0,0.0,0.0,0,0.0
54.0,27.8,59.0,2.3,development,0.5,-0.9,5,0.0,0.0,0.0,0.0,0,0.0
54.0,27.8,61.0,0.0,development,-1.0,0.0,9,0.0,0.0,0.0,0.0,0,0.0
54.0,27.8,64.0,0.0,development,-1.0,0.0,5,0.0,0.0,0.0,0.0,0,0.0
54.0,27.8,65.0,0.0,initial,-1.0,0.3,5,0.0,0.0,0.0,0.0,0,0.0
54.0,27.8,65.0,0.0,late,-1.0,0.0,6,0.0,0.0,0.0,0.0,0,0.0
54.0,27.8,66.0,0.0,development,-1.0,0.3,5,0.0,0.0,0.0,0.0,0,0.0
54.0,27.8,67.0,0.0,development,-1.0,0.3,5,0.0,0.0,0.0,0.0,0,0.0
54.0,27.8,71.0,0.0,development,-1.0,0.0,5,0.0,0.0,0.0,0.0,0,0.0
54.0,27.9,51.0,0.1,late,-1.0,-0.3,5,0.0,0.0,0.0,0.0,0,0.0
54.0,27.9,56.0,2.6,late,0.0,-1.0,5,0.0,0.0,0.0,0.0,0,0.0
54.0,27.9,57.0,0.0,development,-1.0,0.0,5,0.0,0.0,0.0,0.0,0,0.0
54.0,27.9,65.0,0.0,development,-1.0,0.3,5,0.0,0.0,0.0,0.0,0,0.0
54.0,27.9,66.0,1.4,initial,1.0,-0.3,6,0.0,0.0,0.0,0.0,0,0.0
54.0,28.0,50.0,2.4,development,0.0,-1.0,5,0.0,0.0,0.0,0.0,0,0.0
54.0,28.0,63.0,1.4,initial,0.7,-0.7,5,0.0,0.0,0.0,0.0,0,0.0
54.0,28.0,66.0,0.3,late,-1.0,-0.3,5,0.0,0.0,0.0,0.0,0,0.0
54.0,28.0,66.0,1.5,initial,1.0,-0.3,5,0.0,0.0,0.0,0.0,0,0.0
54.0,28.1,58.0,2.4,initial,0.7,-0.7,5,0.0,0.0,0.0,0.0,0,0.0
54.0,28.1,60.0,0.0,late,-1.0,0.0,6,0.0,0.0,0.0,0.0,0,0.0
54.0,28.1,61.0,0.1,development,-1.0,-0.3,5,0.0,0.0,0.0,0.0,0,0.0
54.0,28.1,61.0,2.1,late,0.7,-0.7,5,0.0,0.0,0.0,0.0,0,0.0
54.0,28.1,65.0,0.3,late,-0.9,-0.5,5,0.0,0.0,0.0,0.0,0,0.0
54.0,28.2,52.0,1.4,mid,-0.5,-0.9,5,0.0,0.0,0.0,0.0,0,0.0
54.0,28.2,53.0,2.5,development,0.7,-0.7,5,0.0,0.0,0.0,0.0,0,0.0
54.0,28.2,59.0,2.3,late,0.7,-0.7,5,0.0,0.0,0.0,0.0,0,0.0
54.0,28.2,61.0,0.0,development,-1.0,0.0,5,0.0,0.0,0.0,0.0,0,0.0
54.0,28.2,62.0,0.0,initial,-1.0,0.0,10,0.0,0.0,0.0,0.0,0,0.0
54.0,28.2,64.0,0.0,development,-1.0,0.0,7,0.0,0.0,0.0,0.0,0,0.0
54.0,28.3,52.0,1.1,late,-0.7,-0.7,5,0.0,0.0,0.0,0.0,0,0.0
54.0,28.3,54.0,2.3,late,-0.3,-1.0,7,0.0,0.0,0.0,0.0,0,0.0
54.0,28.3,55.0,0.2,late,-1.0,-0.3,5,0.0,0.0,0.0,0.0,0,0.0
54.0,28.3,61.0,0.2,development,-1.0,-0.3,5,0.0,0.0,0.0,0.0,0,0.0
54.0,28.4,50.0,2.1,late,0.5,-0.9,6,0.0,0.0,0.0,0.0,0,0.0
54.0,28.4,56.0,1.9,development,0.5,-0.9,5,0.0,0.0,0.0,0.0,0,0.0
54.0,28.4,73.0,1.1,initial,1.0,-0.3,6,0.0,0.0,0.0,0.0,0,0.0
54.0,28.5,51.0,2.7,development,0.3,-1.0,5,0.0,0.0,0.0,0.0,0,0.0
54.0,28.5,56.0,2.5,initial,0.0,-1.0,6,0.0,0.0,0.0,0.0,0,0.0
54.0,28.5,58.0,0.2,late,-1.0,-0.3,5,0.0,0.0,0.0,0.0,0,0.0
54.0,28.5,65.0,1.8,late,0.9,-0.5,5,0.0,0.0,0.0,0.0,0,0.0
54.0,28.6,54.0,0.6,mid,-0.9,-0.5,6,0.0,0.0,0.0,0.0,0,0.0
54.0,28.6,55.0,1.4,initial,-0.5,-0.9,5,0.0,0.0,0.0,0.0,0,0.0
54.0,28.6,57.0,0.1,development,-1.0,-0.3,5,0.0,0.0,0.0,0.0,0,0.0
54.0,28.6,61.0,0.0,development,-1.0,-0.3,5,0.0,0.0,0.0,0.0,0,0.0
54.0,28.7,48.0,2.7,late,0.5,-0.9,6,0.0,0.0,0.0,0.0,0,0.0
54.0,28.7,59.0,0.2,initial,-1.0,-0.3,6,0.0,0.0,0.0,0.0,0,0.0
54.0,28.7,65.0,1.6,initial,1.0,-0.3,6,0.0,0.0,0.0,0.0,0,0.0
54.0,28.8,52.0,2.0,late,0.0,-1.0,5,0.0,0.0,0.0,0.0,0,0.0
54.0,28.8,55.0,2.2,development,0.7,-0.7,5,0.0,0.0,0.0,0.0,0,0.0
54.0,28.8,56.0,0.7,initial,-0.9,-0.5,5,0.0,0.0,0.0,0.0,0,0.0
54.0,28.8,59.0,1.5,mid,0.3,-1.0,5,0.0,0.0,0.0,0.0,0,0.0
54.0,28.8,65.0,0.2,development,-1.0,-0.3,5,0.0,0.0,0.0,0.0,0,0.0
54.0,28.8,65.0,1.7,initial,0.9,-0.5,5,0.0,0.0,0.0,0.0,0,0.0
54.0,28.9,48.0,2.7,development,0.3,-1.0,7,0.0,0.0,0.0,0.0,0,0.0
54.0,28.9,49.0,2.5,development,0.0,-1.0,6,0.0,0.0,0.0,0.0,0,0.0
54.0,28.9,52.0,0.0,initial,-1.0,-0.3,5,0.0,0.0,0.0,0.0,0,0.0
54.0,28.9,53.0,1.9,initial,0.3,-1.0,6,0.0,0.0,0.0,0.0,0,0.0
54.0,28.9,54.0,2.2,late,0.9,-0.5,5,0.0,0.0,0.0,0.0,0,0.0
54.0,28.9,60.0,2.0,initial,0.9,-0.5,5,0.0,0.0,0.0,0.0,0,0.0
54.0,28.9,62.0,0.0,late,-1.0,0.0,8,0.0,0.0,0.0,0.0,0,0.0
54.0,29.0,50.0,2.4,late,-0.3,-1.0,6,0.0,0.0,0.0,0.0,0,0.0
54.0,29.0,57.0,0.0,development,-1.0,-0.3,5,0.0,0.0,0.0,0.0,0,0.0
54.0,29.0,60.0,0.2,initial,-1.0,-0.3,7,0.0,0.0,0.0,0.0,0,0.0
54.0,29.1,51.0,2.5,late,0.9,-0.5,7,0.0,0.0,0.0,0.0,0,0.0
54.0,29.1,52.0,2.2,development,0.9,-0.5,5,0.0,0.0,0.0,0.0,0,0.0
54.0,29.1,56.0,0.1,initial,-1.0,-0.3,6,0.0,0.0,0.0,0.0,0,0.0
54.0,29.1,57.0,2.6,late,0.5,-0.9,5,0.0,0.0,0.0,0.0,0,0.0
54.0,29.2,47.0,1.9,late,0.3,-1.0,6,0.0,0.0,0.0,0.0,0,0.0
54.0,29.2,48.0,2.7,development,0.5,-0.9,5,0.0,0.0,0.0,0.0,0,0.0
54.0,29.2,53.0,2.3,initial,0.7,-0.7,7,0.0,0.0,0.0,0.0,0,0.0
54.0,29.2,54.0,0.6,development,-0.9,-0.5,5,0.0,0.0,0.0,0.0,0,0.0
54.0,29.2,58.0,0.0,development,-1.0,0.0,5,0.0,0.0,0.0,0.0,0,0.0
54.0,29.2,58.0,1.8,development,0.9,-0.5,7,0.0,0.0,0.0,0.0,0,0.0
54.0,29.3,47.0,2.0,late,0.9,-0.5,5,0.0,0.0,0.0,0.0,0,0.0
54.0,29.3,52.0,1.5,late,-0.3,-1.0,5,0.0,0.0,0.0,0.0,0,0.0
54.0,29.3,65.0,2.0,development,0.9,-0.5,5,0.0,0.0,0.0,0.0,0,0.0
54.0,29.4,44.0,1.5,mid,-0.5,-0.9,5,0.0,0.0,0.0,0.0,0,0.0
54.0,29.4,58.0,2.1,initial,0.9,-0.5,5,0.0,0.0,0.0,0.0,0,0.0
54.0,29.4,61.0,1.7,development,0.9,-0.5,7,0.0,0.0,0.0,0.0,0,0.0
54.0,29.5,43.0,2.8,initial,0.0,-1.0,5,0.0,0.0,0.0,0.0,0,0.0
54.0,29.6,44.0,0.0,late,-1.0,-0.3,6,0.0,0.0,0.0,0.0,0,0.0
54.0,29.6,52.0,0.2,development,-1.0,-0.3,5,0.0,0.0,0.0,0.0,0,0.0
54.0,29.6,53.0,2.7,development,0.7,-0.7,6,0.0,0.0,0.0,0.0,0,0.0
54.0,29.6,55.0,0.2,development,-1.0,-0.3,7,0.0,0.0,0.0,0.0,0,0.0
54.0,29.6,55.0,1.6,initial,-0.3,-1.0,5,0.0,0.0,0.0,0.0,0,0.0
54.0,29.6,57.0,2.2,development,0.9,-0.5,7,0.0,0.0,0.0,0.0,0,0.0
54.0,29.6,60.0,2.2,development,0.9,-0.5,5,0.0,0.0,0.0,0.0,0,0.0
54.0,29.7,53.0,0.4,mid,-0.9,-0.5,6,0.0,0.0,0.0,0.0,0,0.0
54.0,29.7,54.0,2.1,initial,0.9,-0.5,6,0.0,0.0,0.0,0.0,0,0.0
54.0,29.7,56.0,1.5,initial,0.9,-0.5,5,0.0,0.0,0.0,0.0,0,0.0
54.0,29.7,57.0,0.3,development,-1.0,-0.3,5,0.0,0.0,0.0,0.0,0,0.0
54.0,29.7,60.0,0.2,late,-1.0,-0.3,5,0.0,0.0,0.0,0.0,0,0.0
54.0,29.7,62.0,2.1,late,0.9,-0.5,5,0.0,0.0,0.0,0.0,0,0.0
54.0,29.8,49.0,1.0,late,-0.9,-0.5,5,0.0,0.0,0.0,0.0,0,0.0
54.0,29.8,52.0,0.6,development,-0.9,-0.5,7,0.0,0.0,0.0,0.0,0,0.0
54.0,29.8,55.0,2.1,development,0.9,-0.5,5,0.0,0.0,0.0,0.0,0,0.0
54.0,29.9,48.0,2.2,mid,0.3,-1.0,5,0.0,0.0,0.0,0.0,0,0.0
54.0,29.9,53.0,1.8,development,0.0,-1.0,5,0.0,0.0,0.0,0.0,0,0.0
54.0,29.9,56.0,1.8,development,0.9,-0.5,10,0.0,0.0,0.0,0.0,0,0.0
54.0,30.0,47.0,0.8,development,-0.9,-0.5,5,0.0,0.0,0.0,0.0,0,0.0
54.0,30.0,60.0,0.0,initial,-1.0,0.3,5,0.0,0.0,0.0,0.0,0,0.0
54.0,30.1,51.0,3.0,initial,0.3,-1.0,5,0.0,0.0,0.0,0.0,0,0.0
54.0,30.1,58.0,2.3,initial,0.9,-0.5,5,0.0,0.0,0.0,0.0,0,0.0
54.0,30.2,49.0,1.8,development,-0.3,-1.0,6,0.0,0.0,0.0,0.0,0,0.0
54.0,30.2,56.0,0.2,development,-1.0,-0.3,5,0.0,0.0,0.0,0.0,0,0.0
54.0,30.3,46.0,0.7,development,-0.9,-0.5,8,0.0,0.0,0.0,0.0,0,0.0
54.0,30.3,60.0,1.8,development,0.5,-0.9,7,0.0,0.0,0.0,0.0,0,0.0
54.0,30.4,42.0,2.5,mid,-0.3,-1.0,5,0.0,0.0,0.0,0.0,0,0.0
54.0,30.4,47.0,0.6,mid,-0.9,-0.5,6,0.0,0.0,0.0,0.0,0,0.0
54.0,30.4,48.0,0.6,development,-0.9,-0.5,5,0.0,0.0,0.0,0.0,0,0.0
54.0,30.4,49.0,2.8,initial,0.0,-1.0,5,0.0,0.0,0.0,0.0,0,0.0
54.0,30.4,51.0,0.6,development,-0.9,-0.5,5,0.0,0.0,0.0,0.0,0,0.0
54.0,30.4,53.0,1.0,mid,-0.9,-0.5,5,0.0,0.0,0.0,0.0,0,0.0
54.0,30.4,55.0,0.2,initial,-1.0,-0.3,5,0.0,0.0,0.0,0.0,0,0.0
54.0,30.4,55.0,1.1,mid,-0.7,-0.7,5,0.0,0.0,0.0,0.0,0,0.0
54.0,30.4,57.0,2.4,initial,0.7,-0.7,6,0.0,0.0,0.0,0.0,0,0.0
54.0,30.5,50.0,2.4,mid,0.5,-0.9,5,0.0,0.0,0.0,0.0,0,0.0
54.0,30.5,55.0,2.3,development,0.7,-0.7,5,0.0,0.0,0.0,0.0,0,0.0
54.0,30.6,44.0,0.6,development,-0.9,-0.5,6,0.0,0.0,0.0,0.0,0,0.0
54.0,30.6,46.0,0.6,development,-0.9,-0.5,5,0.0,0.0,0.0,0.0,0,0.0
54.0,30.6,48.0,2.4,development,-0.3,-1.0,5,0.0,0.0,0.0,0.0,0,0.0
54.0,30.6,51.0,2.7,development,0.5,-0.9,6,0.0,0.0,0.0,0.0,0,0.0
54.0,30.6,56.0,0.5,initial,-0.9,-0.5,7,0.0,0.0,0.0,0.0,0,0.0
54.0,30.6,58.0,0.0,initial,-1.0,0.0,5,0.0,0.0,0.0,0.0,0,0.0
54.0,30.7,51.0,1.4,development,-0.7,-0.7,7,0.0,0.0,0.0,0.0,0,0.0
54.0,30.8,46.0,2.7,development,0.5,-0.9,5,0.0,0.0,0.0,0.0,0,0.0
54.0,30.8,49.0,0.8,initial,-0.9,-0.5,5,0.0,0.0,0.0,0.0,0,0.0
54.0,30.8,50.0,0.3,development,-1.0,-0.3,5,0.0,0.0,0.0,0.0,0,0.0
54.0,30.8,51.0,0.1,initial,-1.0,-0.3,5,0.0,0.0,0.0,0.0,0,0.0
54.0,30.8,60.0,3.2,initial,0.0,-1.0,6,0.0,0.0,0.0,0.0,0,0.0
54.0,30.9,45.0,2.6,mid,0.0,-1.0,5,0.0,0.0,0.0,0.0,0,0.0
54.0,30.9,47.0,0.5,development,-0.9,-0.5,5,0.0,0.0,0.0,0.0,0,0.0
54.0,30.9,52.0,2.1,development,0.7,-0.7,5,0.0,0.0,0.0,0.0,0,0.0
54.0,31.0,46.0,0.5,late,-0.9,-0.5,5,0.0,0.0,0.0,0.0,0,0.0
54.0,31.0,49.0,0.6,development,-0.9,-0.5,5,0.0,0.0,0.0,0.0,0,0.0
54.0,31.0,52.0,0.8,initial,-0.9,-0.5,6,0.0,0.0,0.0,0.0,0,0.0
54.0,31.1,46.0,1.1,development,-0.9,-0.5,5,0.0,0.0,0.0,0.0,0,0.0
54.0,31.1,49.0,2.1,mid,0.0,-1.0,5,0.0,0.0,0.0,0.0,0,0.0
54.0,31.2,45.0,2.7,initial,0.0,-1.0,7,0.0,0.0,0.0,0.0,0,0.0
54.0,31.2,49.0,0.6,development,-0.9,-0.5,7,0.0,0.0,0.0,0.0,0,0.0
54.0,31.2,51.0,0.0,development,-1.0,-0.3,7,0.0,0.0,0.0,0.0,0,0.0
54.0,31.3,46.0,1.7,development,0.5,-0.9,5,0.0,0.0,0.0,0.0,0,0.0
54.0,31.3,46.0,2.7,development,0.7,-0.7,8,0.0,0.0,0.0,0.0,0,0.0
54.0,31.3,51.0,2.5,development,0.7,-0.7,5,0.0,0.0,0.0,0.0,0,0.0
54.0,31.3,53.0,0.5,initial,-0.9,-0.5,5,0.0,0.0,0.0,0.0,0,0.0
54.0,31.3,53.0,2.6,development,0.7,-0.7,5,0.0,0.0,0.0,0.0,0,0.0
54.0,31.3,55.0,2.5,development,0.7,-0.7,6,0.0,0.0,0.0,0.0,0,0.0
54.0,31.3,58.0,2.8,initial,0.3,-1.0,5,0.0,0.0,0.0,0.0,0,0.0
54.0,31.4,47.0,1.3,late,-0.7,-0.7,5,0.0,0.0,0.0,0.0,0,0.0
54.0,31.4,48.0,1.9,mid,-0.3,-1.0,5,0.0,0.0,0.0,0.0,0,0.0
54.0,31.4,49.0,1.8,initial,-0.7,-0.7,7,0.0,0.0,0.0,0.0,0,0.0
54.0,31.4,49.0,2.8,development,0.5,-0.9,5,0.0,0.0,0.0,0.0,0,0.0
54.0,31.4,50.0,0.9,development,-0.9,-0.5,5,0.0,0.0,0.0,0.0,0,0.0
54.0,31.4,52.0,0.9,development,-0.7,-0.7,5,0.0,0.0,0.0,0.0,0,0.0
54.0,31.4,52.0,2.6,development,0.7,-0.7,5,0.0,0.0,0.0,0.0,0,0.0
54.0,31.5,45.0,1.8,late,-0.7,-0.7,5,0.0,0.0,0.0,0.0,0,0.0
54.0,31.5,46.0,1.3,development,-0.7,-0.7,7,0.0,0.0,0.0,0.0,0,0.0
54.0,31.5,49.0,1.6,initial,-0.7,-0.7,5,0.0,0.0,0.0,0.0,0,0.0
54.0,31.5,49.0,2.2,development,-0.5,-0.9,5,0.0,0.0,0.0,0.0,0,0.0
54.0,31.6,47.0,2.6,development,0.0,-1.0,5,0.0,0.0,0.0,0.0,0,0.0
54.0,31.6,48.0,1.1,development,-0.7,-0.7,5,0.0,0.0,0.0,0.0,0,0.0
54.0,31.6,50.0,1.3,late,-0.7,-0.7,6,0.0,0.0,0.0,0.0,0,0.0
54.0,31.6,50.0,2.0,late,-0.3,-1.0,7,0.0,0.0,0.0,0.0,0,0.0
54.0,31.7,47.0,1.0,development,-0.9,-0.5,7,0.0,0.0,0.0,0.0,0,0.0
54.0,31.7,53.0,0.4,initial,-0.9,-0.5,6,0.0,0.0,0.0,0.0,0,0.0
54.0,31.8,38.0,3.6,development,0.3,-1.0,7,0.0,0.0,0.0,0.0,0,0.0
54.0,31.8,49.0,1.6,mid,-0.7,-0.7,5,0.0,0.0,0.0,0.0,0,0.0
54.0,31.8,49.0,2.7,mid,0.5,-0.9,6,0.0,0.0,0.0,0.0,0,0.0
54.0,31.8,51.0,1.7,initial,-0.3,-1.0,5,0.0,0.0,0.0,0.0,0,0.0
54.0,31.8,51.0,2.1,late,0.5,-0.9,5,0.0,0.0,0.0,0.0,0,0.0
54.0,31.9,42.0,1.1,mid,-0.9,-0.5,5,0.0,0.0,0.0,0.0,0,0.0
54.0,31.9,45.0,2.6,initial,0.7,-0.7,5,0.0,0.0,0.0,0.0,0,0.0
54.0,32.0,44.0,0.9,initial,-0.7,-0.7,5,0.0,0.0,0.0,0.0,0,0.0
54.0,32.0,50.0,2.8,late,0.0,-1.0,5,0.0,0.0,0.0,0.0,0,0.0
54.0,32.1,44.0,3.0,initial,0.7,-0.7,5,0.0,0.0,0.0,0.0,0,0.0
54.0,32.1,45.0,2.4,late,0.3,-1.0,5,0.0,0.0,0.0,0.0,0,0.0
54.0,32.1,46.0,0.8,initial,-0.9,-0.5,6,0.0,0.0,0.0,0.0,0,0.0
54.0,32.1,50.0,1.9,initial,-0.5,-0.9,5,0.0,0.0,0.0,0.0,0,0.0
54.0,32.1,50.0,2.2,mid,0.7,-0.7,5,0.0,0.0,0.0,0.0,0,0.0
54.0,32.2,38.0,0.6,mid,-0.9,-0.5,5,0.0,0.0,0.0,0.0,0,0.0
54.0,32.2,39.0,1.5,development,-0.7,-0.7,5,0.0,0.0,0.0,0.0,0,0.0
54.0,32.2,41.0,2.4,mid,-0.3,-1.0,5,0.0,0.0,0.0,0.0,0,0.0
54.0,32.2,46.0,2.6,late,0.5,-0.9,5,0.0,0.0,0.0,0.0,0,0.0
54.0,32.2,50.0,1.0,initial,-0.7,-0.7,5,0.0,0.0,0.0,0.0,0,0.0
54.0,32.3,39.0,1.4,mid,-0.7,-0.7,5,0.0,0.0,0.0,0.0,0,0.0
54.0,32.3,46.0,1.6,development,-0.7,-0.7,6,0.0,0.0,0.0,0.0,0,0.0
54.0,32.3,48.0,3.0,mid,0.0,-1.0,5,0.0,0.0,0.0,0.0,0,0.0
54.0,32.3,49.0,1.6,development,-0.5,-0.9,5,0.0,0.0,0.0,0.0,0,0.0
54.0,32.4,37.0,0.8,development,-0.9,-0.5,5,0.0,0.0,0.0,0.0,0,0.0
54.0,32.4,39.0,0.7,development,-0.9,-0.5,8,0.0,0.0,0.0,0.0,0,0.0
54.0,32.4,46.0,0.8,development,-0.9,-0.5,6,0.0,0.0,0.0,0.0,0,0.0
54.0,32.4,46.0,2.9,development,0.5,-0.9,5,0.0,0.0,0.0,0.0,0,0.0
54.0,32.4,48.0,1.9,mid,-0.3,-1.0,6,0.0,0.0,0.0,0.0,0,0.0
54.0,32.4,50.0,1.3,development,-0.7,-0.7,7,0.0,0.0,0.0,0.0,0,0.0
54.0,32.5,46.0,0.6,development,-0.9,-0.5,5,0.0,0.0,0.0,0.0,0,0.0
54.0,32.5,49.0,3.0,development,0.5,-0.9,6,0.0,0.0,0.0,0.0,0,0.0
54.0,32.5,51.0,1.9,development,0.3,-1.0,6,0.0,0.0,0.0,0.0,0,0.0
54.0,32.6,43.0,3.0,late,0.3,-1.0,5,0.0,0.0,0.0,0.0,0,0.0
54.0,32.7,44.0,2.6,initial,0.7,-0.7,5,0.0,0.0,0.0,0.0,0,0.0
54.0,32.7,49.0,2.5,initial,-0.3,-1.0,5,0.0,0.0,0.0,0.0,0,0.0
54.0,32.7,49.0,2.6,initial,0.0,-1.0,5,0.0,0.0,0.0,0.0,0,0.0
54.0,32.8,46.0,1.9,late,-0.5,-0.9,5,0.0,0.0,0.0,0.0,0,0.0
54.0,32.8,48.0,1.9,development,-0.3,-1.0,6,0.0,0.0,0.0,0.0,0,0.0
54.0,32.9,46.0,2.6,development,0.5,-0.9,5,0.0,0.0,0.0,0.0,0,0.0
54.0,33.0,40.0,1.3,development,-0.7,-0.7,5,0.0,0.0,0.0,0.0,0,0.0
54.0,33.1,37.0,3.5,initial,0.5,-0.9,6,0.0,0.0,0.0,0.0,0,0.0
54.0,33.1,41.0,1.1,development,-0.9,-0.5,5,0.0,0.0,0.0,0.0,0,0.0
54.0,33.1,47.0,1.1,initial,-0.7,-0.7,6,0.0,0.0,0.0,0.0,0,0.0
54.0,33.2,35.0,1.5,development,-0.7,-0.7,7,0.0,0.0,0.0,0.0,0,0.0
54.0,33.2,40.0,1.5,mid,-0.7,-0.7,5,0.0,0.0,0.0,0.0,0,0.0
54.0,33.2,44.0,2.2,development,-0.5,-0.9,6,0.0,0.0,0.0,0.0,0,0.0
54.0,33.2,52.0,3.3,mid,0.5,-0.9,5,0.0,0.0,0.0,0.0,0,0.0
54.0,33.3,41.0,2.6,late,-0.3,-1.0,6,0.0,0.0,0.0,0.0,0,0.0
54.0,33.3,42.0,0.6,development,-0.9,-0.5,5,0.0,0.0,0.0,0.0,0,0.0
54.0,33.3,44.0,1.7,initial,-0.3,-1.0,6,0.0,0.0,0.0,0.0,0,0.0
54.0,33.4,39.0,2.6,late,-0.3,-1.0,8,0.0,0.0,0.0,0.0,0,0.0
54.0,33.4,40.0,1.3,initial,-0.5,-0.9,5,0.0,0.0,0.0,0.0,0,0.0
54.0,33.4,42.0,1.7,development,-0.7,-0.7,7,0.0,0.0,0.0,0.0,0,0.0
54.0,33.4,42.0,1.8,initial,-0.7,-0.7,5,0.0,0.0,0.0,0.0,0,0.0
54.0,33.5,41.0,0.8,initial,-0.9,-0.5,5,0.0,0.0,0.0,0.0,0,0.0
54.0,33.5,43.0,1.5,initial,-0.7,-0.7,7,0.0,0.0,0.0,0.0,0,0.0
54.0,33.6,39.0,2.4,development,0.0,-1.0,5,0.0,0.0,0.0,0.0,0,0.0
54.0,33.6,46.0,1.6,development,-0.7,-0.7,5,0.0,0.0,0.0,0.0,0,0.0
54.0,33.7,43.0,0.9,development,-0.9,-0.5,5,0.0,0.0,0.0,0.0,0,0.0
54.0,33.7,46.0,2.0,development,0.0,-1.0,5,0.0,0.0,0.0,0.0,0,0.0
54.0,33.8,35.0,1.3,initial,-0.7,-0.7,5,0.0,0.0,0.0,0.0,0,0.0
54.0,33.8,36.0,2.3,mid,-0.5,-0.9,5,0.0,0.0,0.0,0.0,0,0.0
54.0,34.0,37.0,0.6,late,-0.9,-0.5,5,0.0,0.0,0.0,0.0,0,0.0
54.0,34.0,41.0,1.2,development,-0.7,-0.7,5,0.0,0.0,0.0,0.0,0,0.0
54.0,34.0,41.0,2.4,mid,-0.5,-0.9,5,0.0,0.0,0.0,0.0,0,0.0
54.0,34.1,33.0,1.5,development,-0.7,-0.7,5,0.0,0.0,0.0,0.0,0,0.0
54.0,34.1,38.0,1.8,development,-0.5,-0.9,5,0.0,0.0,0.0,0.0,0,0.0
54.0,34.2,38.0,2.1,mid,-0.5,-0.9,5,0.0,0.0,0.0,0.0,0,0.0
54.0,34.2,40.0,2.9,late,0.5,-0.9,6,0.0,0.0,0.0,0.0,0,0.0
54.0,34.2,42.0,3.0,late,0.5,-0.9,5,0.0,0.0,0.0,0.0,0,0.0
54.0,34.3,35.0,3.1,initial,0.0,-1.0,5,0.0,0.0,0.0,0.0,0,0.0
54.0,34.3,40.0,0.6,late,-0.9,-0.5,5,0.0,0.0,0.0,0.0,0,0.0
54.0,34.3,40.0,2.3,mid,-0.5,-0.9,6,0.0,0.0,0.0,0.0,0,0.0
54.0,34.4,33.0,1.9,mid,-0.5,-0.9,5,0.0,0.0,0.0,0.0,0,0.0
54.0,34.4,34.0,2.6,initial,-0.3,-1.0,5,0.0,0.0,0.0,0.0,0,0.0
54.0,34.4,36.0,3.4,initial,0.3,-1.0,5,0.0,0.0,0.0,0.0,0,0.0
54.0,34.4,40.0,0.7,development,-0.7,-0.7,5,0.0,0.0,0.0,0.0,0,0.0
54.0,34.4,41.0,2.0,initial,-0.5,-0.9,5,0.0,0.0,0.0,0.0,0,0.0
54.0,34.4,44.0,2.2,initial,0.3,-1.0,8,0.0,0.0,0.0,0.0,0,0.0
54.0,34.5,33.0,2.9,development,0.0,-1.0,5,0.0,0.0,0.0,0.0,0,0.0
54.0,34.6,39.0,2.0,late,0.3,-1.0,5,0.0,0.0,0.0,0.0,0,0.0
54.0,34.6,40.0,1.4,initial,-0.7,-0.7,6,0.0,0.0,0.0,0.0,0,0.0
54.0,34.7,40.0,2.2,initial,0.0,-1.0,5,0.0,0.0,0.0,0.0,0,0.0
54.0,34.8,35.0,3.2,initial,0.3,-1.0,5,0.0,0.0,0.0,0.0,0,0.0
54.0,34.8,37.0,3.3,initial,0.3,-1.0,5,0.0,0.0,0.0,0.0,0,0.0
54.0,34.9,38.0,2.6,mid,0.0,-1.0,5,0.0,0.0,0.0,0.0,0,0.0
54.0,34.9,38.0,3.3,initial,0.3,-1.0,5,2.52378492142887,2.3116951056758688,0.0,4.516223901046175,3,0.6
54.0,35.1,36.0,2.9,initial,0.0,-1.0,5,0.0,0.0,0.0,0.0,0,0.0
54.0,35.4,32.0,2.7,mid,-0.3,-1.0,5,0.0,0.0,0.0,0.0,0,0.0
54.0,35.4,37.0,3.0,mid,0.0,-1.0,6,0.0,0.0,0.0,0.0,0,0.0
54.0,35.4,38.0,3.0,development,0.0,-1.0,5,0.0,0.0,0.0,0.0,0,0.0
54.0,35.4,40.0,0.5,initial,-0.9,-0.5,6,0.0,0.0,0.0,0.0,0,0.0
54.0,35.7,36.0,2.4,development,0.0,-1.0,5,0.0,0.0,0.0,0.0,0,0.0
54.0,35.7,36.0,2.9,development,0.0,-1.0,5,0.0,0.0,0.0,0.0,0,0.0
54.0,35.7,37.0,2.0,mid,0.0,-1.0,5,0.0,0.0,0.0,0.0,0,0.0
54.0,36.0,34.0,3.1,development,0.0,-1.0,6,0.0,0.0,0.0,0.0,0,0.0
54.0,36.1,29.0,2.5,development,-0.3,-1.0,5,0.0,0.0,0.0,0.0,0,0.0
54.0,36.1,32.0,3.2,initial,0.0,-1.0,5,0.0,0.0,0.0,0.0,0,0.0
54.0,36.1,33.0,2.4,development,-0.5,-0.9,5,0.0,0.0,0.0,0.0,0,0.0
54.0,36.2,35.0,3.0,initial,0.0,-1.0,6,0.0,0.0,0.0,0.0,0,0.0
54.0,36.5,33.0,2.1,initial,-0.5,-0.9,5,1.6248662190202694,2.224939702713828,0.0,4.0621655475506735,2,0.4
54.0,37.0,29.0,3.4,mid,0.0,-1.0,5,0.0,0.0,0.0,0.0,0,0.0
54.0,37.1,32.0,3.0,mid,0.0,-1.0,5,0.0,0.0,0.0,0.0,0,0.0
54.0,37.3,35.0,2.5,development,-0.3,-1.0,6,0.0,0.0,0.0,0.0,0,0.0
54.0,37.4,35.0,2.9,development,0.0,-1.0,5,0.0,0.0,0.0,0.0,0,0.0
54.0,38.8,32.0,3.0,mid,0.3,-1.0,5,0.0,0.0,0.0,0.0,0,0.0
55.0,18.4,98.0,0.0,initial,0.3,1.0,5,0.0,0.0,0.0,0.0,0,0.0
55.0,18.7,96.0,0.0,initial,0.9,0.5,5,0.0,0.0,0.0,0.0,0,0.0
55.0,18.7,96.0,0.0,initial,1.0,0.3,7,0.0,0.0,0.0,0.0,0,0.0
55.0,18.7,96.0,0.0,late,0.9,0.5,5,0.0,0.0,0.0,0.0,0,0.0
55.0,18.8,100.0,0.0,development,0.9,0.5,5,0.0,0.0,0.0,0.0,0,0.0
55.0,18.9,94.0,0.0,initial,0.5,0.9,5,0.0,0.0,0.0,0.0,0,0.0
55.0,18.9,99.0,0.0,late,1.0,0.3,6,0.0,0.0,0.0,0.0,0,0.0
55.0,18.9,100.0,0.0,development,0.3,1.0,6,0.0,0.0,0.0,0.0,0,0.0
55.0,19.0,97.0,0.0,development,0.9,0.5,5,0.0,0.0,0.0,0.0,0,0.0
55.0,19.0,99.0,0.0,mid,1.0,0.3,5,0.0,0.0,0.0,0.0,0,0.0
55.0,19.2,96.0,0.0,development,0.7,0.7,5,0.0,0.0,0.0,0.0,0,0.0
55.0,19.2,96.0,0.0,development,0.9,0.5,6,0.0,0.0,0.0,0.0,0,0.0
55.0,19.3,97.0,0.0,development,0.0,1.0,6,0.0,0.0,0.0,0.0,0,0.0
55.0,19.3,97.0,0.0,development,1.0,0.3,5,0.0,0.0,0.0,0.0,0,0.0
55.0,19.3,98.0,0.0,initial,0.0,1.0,6,0.0,0.0,0.0,0.0,0,0.0
55.0,19.4,96.0,0.0,development,0.5,0.9,5,0.0,0.0,0.0,0.0,0,0.0
55.0,19.4,97.0,0.0,development,0.7,0.7,8,0.0,0.0,0.0,0.0,0,0.0
55.0,19.4,97.0,0.0,development,0.9,0.5,6,0.0,0.0,0.0,0.0,0,0.0
55.0,19.5,97.0,0.0,late,1.0,0.3,5,0.0,0.0,0.0,0.0,0,0.0
55.0,19.5,97.0,0.0,mid,0.9,0.5,5,0.0,0.0,0.0,0.0,0,0.0
55.0,19.5,98.0,0.0,initial,1.0,0.3,5,0.0,0.0,0.0,0.0,0,0.0
55.0,19.6,91.0,0.0,development,0.7,0.7,5,0.0,0.0,0.0,0.0,0,0.0
55.0,19.6,97.0,0.0,development,0.5,0.9,5,0.0,0.0,0.0,0.0,0,0.0
55.0,19.6,97.0,0.0,late,0.3,1.0,7,0.0,0.0,0.0,0.0,0,0.0
55.0,19.6,98.0,0.0,development,0.9,0.5,7,0.0,0.0,0.0,0.0,0,0.0
55.0,19.6,100.0,0.0,development,0.9,0.5,5,0.0,0.0,0.0,0.0,0,0.0
55.0,19.7,95.0,0.0,development,0.5,0.9,5,0.0,0.0,0.0,0.0,0,0.0
55.0,19.7,97.0,0.0,development,-0.3,1.0,8,0.0,0.0,0.0,0.0,0,0.0
55.0,19.8,94.0,0.0,development,-0.3,1.0,5,0.0,0.0,0.0,0.0,0,0.0
55.0,19.8,97.0,0.0,development,-0.5,0.9,5,0.0,0.0,0.0,0.0,0,0.0
55.0,19.8,97.0,0.0,development,0.7,0.7,6,0.0,0.0,0.0,0.0,0,0.0
55.0,19.9,98.0,0.0,mid,0.7,0.7,6,0.0,0.0,0.0,0.0,0,0.0
55.0,20.0,95.0,0.0,development,-0.5,0.9,5,0.0,0.0,0.0,0.0,0,0.0
55.0,20.0,97.0,0.0,development,0.5,0.9,6,0.0,0.0,0.0,0.0,0,0.0
55.0,20.0,98.0,0.0,initial,-0.3,1.0,6,0.0,0.0,0.0,0.0,0,0.0
55.0,20.0,98.0,0.0,initial,0.5,0.9,5,0.0,0.0,0.0,0.0,0,0.0
55.0,20.0,98.0,0.0,initial,0.7,0.7,6,0.0,0.0,0.0,0.0,0,0.0
55.0,20.0,99.0,0.0,development,0.9,0.5,5,0.0,0.0,0.0,0.0,0,0.0
55.0,20.0,99.0,0.0,initial,0.9,0.5,5,0.0,0.0,0.0,0.0,0,0.0
55.0,20.0,100.0,0.0,development,0.7,0.7,5,0.0,0.0,0.0,0.0,0,0.0
55.0,20.1,90.0,0.0,initial,-0.9,0.5,8,0.0,0.0,0.0,0.0,0,0.0
55.0,20.1,92.0,0.0,development,-0.3,1.0,5,0.0,0.0,0.0,0.0,0,0.0
55.0,20.1,94.0,0.0,late,-0.3,1.0,6,0.0,0.0,0.0,0.0,0,0.0
55.0,20.1,98.0,0.0,initial,-0.5,0.9,5,0.0,0.0,0.0,0.0,0,0.0
55.0,20.1,98.0,0.0,initial,1.0,0.3,6,0.0,0.0,0.0,0.0,0,0.0
55.0,20.1,99.0,0.0,initial,0.7,0.7,5,0.0,0.0,0.0,0.0,0,0.0
55.0,20.1,99.0,0.0,late,0.5,0.9,5,0.0,0.0,0.0,0.0,0,0.0
55.0,20.2,81.0,0.0,development,-0.3,1.0,5,0.0,0.0,0.0,0.0,0,0.0
55.0,20.2,94.0,0.0,development,-0.7,0.7,7,0.0,0.0,0.0,0.0,0,0.0
55.0,20.2,96.0,0.2,development,1.0,0.0,5,0.0,0.0,0.0,0.0,0,0.0
55.0,20.2,98.0,0.0,development,-0.3,1.0,5,0.0,0.0,0.0,0.0,0,0.0
55.0,20.2,98.0,0.0,initial,1.0,0.3,7,0.0,0.0,0.0,0.0,0,0.0
55.0,20.3,93.0,0.0,late,-0.5,0.9,5,0.0,0.0,0.0,0.0,0,0.0
55.0,20.3,99.0,0.0,initial,1.0,0.3,8,0.0,0.0,0.0,0.0,0,0.0
55.0,20.4,95.0,0.0,development,-0.3,1.0,7,0.0,0.0,0.0,0.0,0,0.0
55.0,20.4,95.0,0.4,development,1.0,0.0,5,0.0,0.0,0.0,0.0,0,0.0
55.0,20.4,96.0,0.0,initial,-0.5,0.9,5,0.0,0.0,0.0,0.0,0,0.0
55.0,20.4,97.0,0.0,development,0.3,1.0,5,0.0,0.0,0.0,0.0,0,0.0
55.0,20.4,97.0,0.0,development,0.7,0.7,9,0.0,0.0,0.0,0.0,0,0.0
55.0,20.4,97.0,0.0,development,0.9,0.5,6,0.0,0.0,0.0,0.0,0,0.0
55.0,20.4,97.0,0.0,development,1.0,0.3,10,0.0,0.0,0.0,0.0,0,0.0
55.0,20.4,98.0,0.0,development,-0.3,1.0,5,0.0,0.0,0.0,0.0,0,0.0
55.0,20.4,98.0,0.0,initial,0.3,1.0,5,0.0,0.0,0.0,0.0,0,0.0
55.0,20.4,100.0,0.0,mid,0.9,0.5,5,0.0,0.0,0.0,0.0,0,0.0
55.0,20.5,90.0,0.0,late,-0.7,0.7,5,0.0,0.0,0.0,0.0,0,0.0
55.0,20.5,90.0,0.0,late,-0.5,0.9,5,0.0,0.0,0.0,0.0,0,0.0
55.0,20.5,91.0,0.0,late,-0.7,0.7,5,0.0,0.0,0.0,0.0,0,0.0
55.0,20.5,92.0,0.0,late,-0.7,0.7,5,0.0,0.0,0.0,0.0,0,0.0
55.0,20.5,94.0,0.0,development,-1.0,0.3,5,0.0,0.0,0.0,0.0,0,0.0
55.0,20.5,96.0,0.0,initial,0.9,0.5,5,0.0,0.0,0.0,0.0,0,0.0
55.0,20.5,97.0,0.0,development,0.5,0.9,5,0.0,0.0,0.0,0.0,0,0.0
55.0,20.6,90.0,0.0,development,-0.7,0.7,5,0.0,0.0,0.0,0.0,0,0.0
55.0,20.6,92.0,0.2,late,1.0,0.3,5,0.0,0.0,0.0,0.0,0,0.0
55.0,20.6,94.0,0.0,development,-0.5,0.9,8,0.0,0.0,0.0,0.0,0,0.0
55.0,20.6,95.0,0.2,development,1.0,0.0,5,0.0,0.0,0.0,0.0,0,0.0
55.0,20.6,96.0,0.0,development,0.5,0.9,5,0.0,0.0,0.0,0.0,0,0.0
55.0,20.6,96.0,0.0,initial,0.5,0.9,5,0.0,0.0,0.0,0.0,0,0.0
55.0,20.6,97.0,0.0,development,0.0,1.0,5,0.0,0.0,0.0,0.0,0,0.0
55.0,20.6,97.0,0.0,initial,0.5,0.9,5,0.0,0.0,0.0,0.0,0,0.0
55.0,20.6,97.0,0.0,initial,0.9,0.5,7,0.0,0.0,0.0,0.0,0,0.0
55.0,20.6,98.0,0.0,development,0.9,0.5,5,0.0,0.0,0.0,0.0,0,0.0
55.0,20.6,98.0,0.0,development,1.0,0.3,5,0.0,0.0,0.0,0.0,0,0.0
55.0,20.6,99.0,0.0,initial,0.7,0.7,7,0.0,0.0,0.0,0.0,0,0.0
55.0,20.7,93.0,0.0,initial,-0.7,0.7,6,0.0,0.0,0.0,0.0,0,0.0
55.0,20.7,95.0,0.0,development,0.7,0.7,8,0.0,0.0,0.0,0.0,0,0.0
55.0,20.7,98.0,0.0,initial,0.3,1.0,6,0.0,0.0,0.0,0.0,0,0.0
55.0,20.7,99.0,0.0,initial,0.9,0.5,7,0.0,0.0,0.0,0.0,0,0.0
55.0,20.8,94.0,0.0,initial,-0.3,1.0,5,0.0,0.0,0.0,0.0,0,0.0
55.0,20.8,96.0,0.0,development,0.3,1.0,5,0.0,0.0,0.0,0.0,0,0.0
55.0,20.8,96.0,0.0,mid,0.0,1.0,5,0.0,0.0,0.0,0.0,0,0.0
55.0,20.8,97.0,0.0,development,0.0,1.0,7,0.0,0.0,0.0,0.0,0,0.0
55.0,20.8,97.0,0.0,initial,-0.3,1.0,5,0.0,0.0,0.0,0.0,0,0.0
55.0,20.8,97.0,0.0,initial,0.3,1.0,5,0.0,0.0,0.0,0.0,0,0.0
55.0,20.8,97.0,0.0,initial,0.5,0.9,6,0.0,0.0,0.0,0.0,0,0.0
55.0,20.8,98.0,0.0,initial,0.7,0.7,5,0.0,0.0,0.0,0.0,0,0.0
55.0,20.8,99.0,0.0,initial,0.7,0.7,5,0.0,0.0,0.0,0.0,0,0.0
55.0,20.9,84.0,0.0,development,-0.7,0.7,5,0.0,0.0,0.0,0.0,0,0.0
55.0,20.9,88.0,0.0,development,0.5,0.9,6,0.0,0.0,0.0,0.0,0,0.0
55.0,20.9,95.0,0.0,development,0.0,1.0,8,0.0,0.0,0.0,0.0,0,0.0
55.0,20.9,96.0,0.0,initial,0.9,0.5,6,0.0,0.0,0.0,0.0,0,0.0
55.0,20.9,97.0,0.0,initial,0.3,1.0,9,0.0,0.0,0.0,0.0,0,0.0
55.0,20.9,97.0,0.0,initial,0.5,0.9,14,0.0,0.0,0.0,0.0,0,0.0
55.0,20.9,97.0,0.0,late,-0.5,0.9,5,0.0,0.0,0.0,0.0,0,0.0
55.0,20.9,98.0,0.0,development,0.3,1.0,8,0.0,0.0,0.0,0.0,0,0.0
55.0,21.0,81.0,0.0,development,-0.7,0.7,5,0.0,0.0,0.0,0.0,0,0.0
55.0,21.0,84.0,0.0,development,-0.3,1.0,5,0.0,0.0,0.0,0.0,0,0.0
55.0,21.0,90.0,0.0,late,-0.3,1.0,6,0.0,0.0,0.0,0.0,0,0.0
55.0,21.0,91.0,0.0,initial,-0.3,1.0,5,0.0,0.0,0.0,0.0,0,0.0
55.0,21.0,93.0,0.0,initial,-0.5,0.9,5,0.0,0.0,0.0,0.0,0,0.0
55.0,21.0,94.0,0.0,development,0.7,0.7,5,0.0,0.0,0.0,0.0,0,0.0
55.0,21.0,95.0,0.0,initial,-0.7,0.7,5,0.0,0.0,0.0,0.0,0,0.0
55.0,21.0,95.0,0.0,initial,0.0,1.0,7,0.0,0.0,0.0,0.0,0,0.0
55.0,21.0,95.0,0.3,initial,1.0,0.0,5,0.0,0.0,0.0,0.0,0,0.0
55.0,21.0,95.0,0.4,initial,1.0,0.0,6,0.0,0.0,0.0,0.0,0,0.0
55.0,21.0,96.0,0.0,initial,0.0,1.0,5,0.0,0.0,0.0,0.0,0,0.0
55.0,21.0,97.0,0.0,mid,0.9,0.5,5,0.0,0.0,0.0,0.0,0,0.0
55.0,21.1,95.0,0.0,development,0.7,0.7,8,0.0,0.0,0.0,0.0,0,0.0
55.0,21.1,95.0,0.2,development,1.0,0.0,5,0.0,0.0,0.0,0.0,0,0.0
55.0,21.1,97.0,0.0,mid,0.9,0.5,6,0.0,0.0,0.0,0.0,0,0.0
55.0,21.1,98.0,0.0,initial,0.3,1.0,5,0.0,0.0,0.0,0.0,0,0.0
55.0,21.1,98.0,0.0,mid,0.9,0.5,6,0.0,0.0,0.0,0.0,0,0.0
55.0,21.2,82.0,0.0,late,0.3,1.0,5,0.0,0.0,0.0,0.0,0,0.0
55.0,21.2,84.0,0.0,late,-0.9,0.5,6,0.0,0.0,0.0,0.0,0,0.0
55.0,21.2,92.0,0.0,initial,-0.3,1.0,5,0.0,0.0,0.0,0.0,0,0.0
55.0,21.2,92.0,0.0,initial,0.0,1.0,5,0.0,0.0,0.0,0.0,0,0.0
55.0,21.2,94.0,0.0,development,0.5,0.9,7,0.0,0.0,0.0,0.0,0,0.0
55.0,21.2,94.0,0.0,initial,-0.3,1.0,7,0.0,0.0,0.0,0.0,0,0.0
55.0,21.2,96.0,0.0,initial,0.0,1.0,9,0.0,0.0,0.0,0.0,0,0.0
55.0,21.2,96.0,0.0,initial,0.3,1.0,7,0.0,0.0,0.0,0.0,0,0.0
55.0,21.3,79.0,0.0,initial,-1.0,0.0,8,0.0,0.0,0.0,0.0,0,0.0
55.0,21.3,89.0,0.0,development,-0.9,0.5,7,0.0,0.0,0.0,0.0,0,0.0
55.0,21.3,93.0,0.0,initial,-0.5,0.9,7,0.0,0.0,0.0,0.0,0,0.0
55.0,21.3,94.0,0.0,development,-0.5,0.9,5,0.0,0.0,0.0,0.0,0,0.0
55.0,21.3,94.0,0.0,initial,0.3,1.0,5,0.0,0.0,0.0,0.0,0,0.0
55.0,21.3,95.0,0.0,late,-0.7,0.7,5,0.0,0.0,0.0,0.0,0,0.0
55.0,21.3,97.0,0.0,late,0.7,0.7,5,0.0,0.0,0.0,0.0,0,0.0
55.0,21.4,86.0,0.0,late,-0.5,0.9,6,0.0,0.0,0.0,0.0,0,0.0
55.0,21.4,92.0,0.0,development,0.0,1.0,5,0.0,0.0,0.0,0.0,0,0.0
55.0,21.4,92.0,0.4,development,1.0,0.0,5,0.0,0.0,0.0,0.0,0,0.0
55.0,21.4,95.0,0.0,development,0.7,0.7,5,0.0,0.0,0.0,0.0,0,0.0
55.0,21.4,97.0,0.0,initial,0.0,1.0,5,0.0,0.0,0.0,0.0,0,0.0
55.0,21.4,97.0,0.0,mid,0.3,1.0,7,0.0,0.0,0.0,0.0,0,0.0
55.0,21.5,92.0,0.5,development,1.0,-0.3,5,0.0,0.0,0.0,0.0,0,0.0
55.0,21.5,93.0,0.0,development,0.3,1.0,6,0.0,0.0,0.0,0.0,0,0.0
55.0,21.5,96.0,0.0,development,0.7,0.7,5,0.0,0.0,0.0,0.0,0,0.0
55.0,21.5,96.0,0.0,initial,-0.5,0.9,5,0.0,0.0,0.0,0.0,0,0.0
55.0,21.5,97.0,0.0,initial,1.0,0.3,6,0.0,0.0,0.0,0.0,0,0.0
55.0,21.6,82.0,0.0,development,-1.0,0.3,5,0.0,0.0,0.0,0.0,0,0.0
55.0,21.6,85.0,0.0,late,-1.0,0.0,7,0.0,0.0,0.0,0.0,0,0.0
55.0,21.6,91.0,0.0,initial,-1.0,0.0,5,0.0,0.0,0.0,0.0,0,0.0
55.0,21.6,95.0,0.0,mid,0.9,0.5,5,0.0,0.0,0.0,0.0,0,0.0
55.0,21.6,97.0,0.0,late,0.0,1.0,5,0.0,0.0,0.0,0.0,0,0.0
55.0,21.6,99.0,0.0,development,0.9,0.5,7,0.0,0.0,0.0,0.0,0,0.0
55.0,21.6,100.0,0.0,initial,0.9,0.5,5,0.0,0.0,0.0,0.0,0,0.0
55.0,21.6,100.0,0.1,initial,1.0,0.3,6,0.0,0.0,0.0,0.0,0,0.0
55.0,21.7,87.0,0.0,initial,-0.7,0.7,5,0.0,0.0,0.0,0.0,0,0.0
55.0,21.7,97.0,0.0,development,0.3,1.0,5,0.0,0.0,0.0,0.0,0,0.0
55.0,21.8,83.0,0.0,late,0.3,1.0,5,0.0,0.0,0.0,0.0,0,0.0
55.0,21.8,91.0,0.0,development,-0.5,0.9,6,0.0,0.0,0.0,0.0,0,0.0
55.0,21.8,91.0,0.0,initial,0.3,1.0,5,0.0,0.0,0.0,0.0,0,0.0
55.0,21.8,94.0,0.0,development,0.7,0.7,7,0.0,0.0,0.0,0.0,0,0.0
55.0,21.8,94.0,0.0,initial,0.3,1.0,6,0.0,0.0,0.0,0.0,0,0.0
55.0,21.8,96.0,0.0,development,0.9,0.5,10,0.0,0.0,0.0,0.0,0,0.0
55.0,21.8,99.0,0.0,initial,0.5,0.9,6,0.0,0.0,0.0,0.0,0,0.0
55.0,21.8,99.0,0.0,mid,0.9,0.5,5,0.0,0.0,0.0,0.0,0,0.0
55.0,21.9,84.0,0.0,initial,-0.5,0.9,7,0.0,0.0,0.0,0.0,0,0.0
55.0,21.9,89.0,0.0,development,-0.3,1.0,5,0.0,0.0,0.0,0.0,0,0.0
55.0,21.9,95.0,0.0,development,0.5,0.9,6,0.0,0.0,0.0,0.0,0,0.0
55.0,21.9,95.0,0.1,development,1.0,0.3,6,0.0,0.0,0.0,0.0,0,0.0
55.0,21.9,96.0,0.0,late,0.0,1.0,6,0.0,0.0,0.0,0.0,0,0.0
55.0,21.9,96.0,0.0,mid,0.9,0.5,6,0.0,0.0,0.0,0.0,0,0.0
55.0,21.9,97.0,0.0,mid,0.5,0.9,9,0.0,0.0,0.0,0.0,0,0.0
55.0,22.0,84.0,0.0,initial,-1.0,0.3,6,0.0,0.0,0.0,0.0,0,0.0
55.0,22.0,90.0,0.0,late,0.7,0.7,6,0.0,0.0,0.0,0.0,0,0.0
55.0,22.0,92.0,0.0,initial,-1.0,0.3,5,0.0,0.0,0.0,0.0,0,0.0
55.0,22.0,94.0,0.0,initial,0.9,0.5,5,0.0,0.0,0.0,0.0,0,0.0
55.0,22.0,96.0,0.0,development,0.7,0.7,5,0.0,0.0,0.0,0.0,0,0.0
55.0,22.0,96.0,0.0,initial,0.0,1.0,5,0.0,0.0,0.0,0.0,0,0.0
55.0,22.0,98.0,0.0,mid,0.7,0.7,6,0.0,0.0,0.0,0.0,0,0.0
55.0,22.1,82.0,0.0,late,-1.0,0.3,7,0.0,0.0,0.0,0.0,0,0.0
55.0,22.1,88.0,0.0,development,0.5,0.9,5,0.0,0.0,0.0,0.0,0,0.0
55.0,22.1,90.0,0.0,initial,0.0,1.0,5,0.0,0.0,0.0,0.0,0,0.0
55.0,22.1,96.0,0.0,mid,0.5,0.9,7,0.0,0.0,0.0,0.0,0,0.0
55.0,22.1,99.0,0.0,initial,0.9,0.5,6,0.0,0.0,0.0,0.0,0,0.0
55.0,22.2,93.0,0.8,mid,1.0,-0.3,5,0.0,0.0,0.0,0.0,0,0.0
55.0,22.2,94.0,0.0,development,0.7,0.7,5,0.0,0.0,0.0,0.0,0,0.0
55.0,22.2,95.0,0.0,development,0.9,0.5,8,0.0,0.0,0.0,0.0,0,0.0
55.0,22.2,95.0,0.3,mid,1.0,0.0,5,0.0,0.0,0.0,0.0,0,0.0
55.0,22.2,96.0,0.0,late,0.5,0.9,5,0.0,0.0,0.0,0.0,0,0.0
55.0,22.2,96.0,0.0,mid,0.9,0.5,5,0.0,0.0,0.0,0.0,0,0.0
55.0,22.3,93.0,0.0,development,0.9,0.5,5,0.0,0.0,0.0,0.0,0,0.0
55.0,22.3,93.0,0.0,initial,0.7,0.7,8,0.0,0.0,0.0,0.0,0,0.0
55.0,22.3,93.0,0.0,initial,0.9,0.5,5,0.0,0.0,0.0,0.0,0,0.0
55.0,22.3,95.0,0.0,development,-0.3,1.0,5,0.0,0.0,0.0,0.0,0,0.0
55.0,22.3,95.0,0.3,development,1.0,0.0,5,0.0,0.0,0.0,0.0,0,0.0
55.0,22.3,96.0,0.0,initial,0.9,0.5,5,0.0,0.0,0.0,0.0,0,0.0
55.0,22.4,72.0,0.0,initial,-1.0,-0.3,5,0.0,0.0,0.0,0.0,0,0.0
55.0,22.4,90.0,0.0,late,-0.7,0.7,5,0.0,0.0,0.0,0.0,0,0.0
55.0,22.4,90.0,0.0,mid,0.5,0.9,5,0.0,0.0,0.0,0.0,0,0.0
55.0,22.4,90.0,1.1,initial,1.0,-0.3,5,0.0,0.0,0.0,0.0,0,0.0
55.0,22.4,92.0,0.0,late,0.7,0.7,5,0.0,0.0,0.0,0.0,0,0.0
55.0,22.4,93.0,0.0,mid,0.3,1.0,5,0.0,0.0,0.0,0.0,0,0.0
55.0,22.4,94.0,0.0,late,0.9,0.5,5,0.0,0.0,0.0,0.0,0,0.0
55.0,22.5,75.0,0.0,late,-1.0,0.0,5,0.0,0.0,0.0,0.0,0,0.0
55.0,22.5,83.0,0.0,development,-1.0,0.0,6,0.0,0.0,0.0,0.0,0,0.0
55.0,22.5,85.0,0.0,development,-0.5,0.9,5,0.0,0.0,0.0,0.0,0,0.0
55.0,22.5,90.0,0.0,development,0.0,1.0,6,0.0,0.0,0.0,0.0,0,0.0
55.0,22.5,94.0,0.0,initial,1.0,0.3,5,0.0,0.0,0.0,0.0,0,0.0
55.0,22.5,95.0,0.0,development,1.0,0.3,5,0.0,0.0,0.0,0.0,0,0.0
55.0,22.5,95.0,0.0,initial,0.7,0.7,5,0.0,0.0,0.0,0.0,0,0.0
55.0,22.5,97.0,0.0,initial,0.7,0.7,5,0.0,0.0,0.0,0.0,0,0.0
55.0,22.6,80.0,0.0,initial,-1.0,0.0,6,0.0,0.0,0.0,0.0,0,0.0
55.0,22.6,91.0,0.0,late,0.9,0.5,5,0.0,0.0,0.0,0.0,0,0.0
55.0,22.6,92.0,0.0,development,0.5,0.9,8,0.0,0.0,0.0,0.0,0,0.0
55.0,22.6,95.0,0.0,development,0.9,0.5,7,0.0,0.0,0.0,0.0,0,0.0
55.0,22.6,97.0,0.0,initial,0.5,0.9,8,0.0,0.0,0.0,0.0,0,0.0
55.0,22.7,74.0,0.3,development,-0.9,-0.5,5,0.0,0.0,0.0,0.0,0,0.0
55.0,22.7,78.0,0.0,late,-1.0,-0.3,5,0.0,0.0,0.0,0.0,0,0.0
55.0,22.7,91.0,0.0,late,0.3,1.0,6,0.0,0.0,0.0,0.0,0,0.0
55.0,22.7,94.0,0.0,development,0.7,0.7,12,0.0,0.0,0.0,0.0,0,0.0
55.0,22.7,94.0,0.1,late,1.0,0.3,5,0.0,0.0,0.0,0.0,0,0.0
55.0,22.7,95.0,0.0,initial,0.9,0.5,6,0.0,0.0,0.0,0.0,0,0.0
55.0,22.8,88.0,0.0,late,0.0,1.0,5,0.0,0.0,0.0,0.0,0,0.0
55.0,22.8,91.0,0.0,development,0.3,1.0,6,0.0,0.0,0.0,0.0,0,0.0
55.0,22.8,91.0,0.0,mid,-1.0,-0.3,5,0.0,0.0,0.0,0.0,0,0.0
55.0,22.8,93.0,0.0,development,-1.0,0.3,5,0.0,0.0,0.0,0.0,0,0.0
55.0,22.8,94.0,0.0,initial,0.9,0.5,5,0.0,0.0,0.0,0.0,0,0.0
55.0,22.8,95.0,0.0,development,1.0,0.3,5,0.0,0.0,0.0,0.0,0,0.0
55.0,22.8,96.0,0.0,development,0.9,0.5,6,0.0,0.0,0.0,0.0,0,0.0
55.0,22.8,96.0,0.0,late,0.5,0.9,5,0.0,0.0,0.0,0.0,0,0.0
55.0,22.8,98.0,0.0,initial,0.9,0.5,5,0.0,0.0,0.0,0.0,0,0.0
55.0,22.9,81.0,0.0,initial,-1.0,0.0,5,0.0,0.0,0.0,0.0,0,0.0
55.0,22.9,85.0,0.0,initial,-0.5,0.9,6,0.0,0.0,0.0,0.0,0,0.0
55.0,22.9,93.0,0.0,development,0.9,0.5,8,0.0,0.0,0.0,0.0,0,0.0
55.0,22.9,93.0,0.1,initial,1.0,0.3,6,0.0,0.0,0.0,0.0,0,0.0
55.0,22.9,93.0,0.2,initial,1.0,0.3,6,0.0,0.0,0.0,0.0,0,0.0
55.0,22.9,95.0,0.0,development,0.7,0.7,6,0.0,0.0,0.0,0.0,0,0.0
55.0,22.9,95.0,0.0,initial,0.5,0.9,5,0.0,0.0,0.0,0.0,0,0.0
55.0,22.9,96.0,0.0,mid,0.9,0.5,5,0.0,0.0,0.0,0.0,0,0.0
55.0,22.9,96.0,0.2,development,1.0,0.3,5,0.0,0.0,0.0,0.0,0,0.0
55.0,22.9,98.0,0.0,late,1.0,0.3,5,0.0,0.0,0.0,0.0,0,0.0
55.0,23.0,73.0,0.0,development,-1.0,0.3,7,0.0,0.0,0.0,0.0,0,0.0
55.0,23.0,78.0,0.0,late,0.0,1.0,6,0.0,0.0,0.0,0.0,0,0.0
55.0,23.0,86.0,0.7,late,1.0,-0.3,5,0.0,0.0,0.0,0.0,0,0.0
55.0,23.0,90.0,0.0,initial,0.3,1.0,6,0.0,0.0,0.0,0.0,0,0.0
55.0,23.0,90.0,0.0,initial,0.9,0.5,5,0.0,0.0,0.0,0.0,0,0.0
55.0,23.0,91.0,0.0,development,0.3,1.0,5,0.0,0.0,0.0,0.0,0,0.0
55.0,23.0,92.0,0.0,development,0.7,0.7,9,0.0,0.0,0.0,0.0,0,0.0
55.0,23.0,93.0,0.0,development,0.5,0.9,7,0.0,0.0,0.0,0.0,0,0.0
55.0,23.0,93.0,0.0,initial,0.7,0.7,6,0.0,0.0,0.0,0.0,0,0.0
55.0,23.0,94.0,0.0,development,0.5,0.9,5,0.0,0.0,0.0,0.0,0,0.0
55.0,23.0,95.0,0.0,development,0.9,0.5,7,0.0,0.0,0.0,0.0,0,0.0
55.0,23.0,95.0,0.0,late,0.9,0.5,9,0.0,0.0,0.0,0.0,0,0.0
55.0,23.0,97.0,0.0,development,0.9,0.5,6,0.0,0.0,0.0,0.0,0,0.0
55.0,23.0,97.0,0.0,initial,0.5,0.9,5,0.0,0.0,0.0,0.0,0,0.0
55.0,23.1,75.0,0.0,initial,-0.9,0.5,5,0.0,0.0,0.0,0.0,0,0.0
55.0,23.1,87.0,0.0,development,0.3,1.0,6,0.0,0.0,0.0,0.0,0,0.0
55.0,23.1,91.0,0.0,initial,-0.3,1.0,5,0.0,0.0,0.0,0.0,0,0.0
55.0,23.1,95.0,0.0,development,0.7,0.7,5,0.0,0.0,0.0,0.0,0,0.0
55.0,23.1,96.0,0.0,development,0.7,0.7,6,0.0,0.0,0.0,0.0,0,0.0
55.0,23.1,96.0,0.0,initial,0.3,1.0,5,0.0,0.0,0.0,0.0,0,0.0
55.0,23.1,97.0,0.0,late,0.7,0.7,6,0.0,0.0,0.0,0.0,0,0.0
55.0,23.2,87.0,0.0,initial,0.9,0.5,5,0.0,0.0,0.0,0.0,0,0.0
55.0,23.2,92.0,0.0,mid,-0.5,0.9,5,0.0,0.0,0.0,0.0,0,0.0
55.0,23.2,92.0,0.7,development,1.0,0.0,7,0.0,0.0,0.0,0.0,0,0.0
55.0,23.2,93.0,0.0,development,0.3,1.0,6,0.0,0.0,0.0,0.0,0,0.0
55.0,23.2,94.0,0.0,development,0.5,0.9,5,0.0,0.0,0.0,0.0,0,0.0
55.0,23.2,94.0,0.0,initial,0.0,1.0,6,0.0,0.0,0.0,0.0,0,0.0
55.0,23.2,95.0,0.0,development,0.0,1.0,7,0.0,0.0,0.0,0.0,0,0.0
55.0,23.2,95.0,0.0,development,0.5,0.9,7,0.0,0.0,0.0,0.0,0,0.0
55.0,23.2,96.0,0.0,development,1.0,0.3,6,0.0,0.0,0.0,0.0,0,0.0
55.0,23.2,96.0,0.0,late,0.5,0.9,6,0.0,0.0,0.0,0.0,0,0.0
55.0,23.2,99.0,0.0,initial,1.0,0.3,5,0.0,0.0,0.0,0.0,0,0.0
55.0,23.3,70.0,0.8,initial,1.0,-0.3,6,0.0,0.0,0.0,0.0,0,0.0
55.0,23.3,78.0,0.0,initial,-1.0,-0.3,5,0.0,0.0,0.0,0.0,0,0.0
55.0,23.3,81.0,0.0,development,-1.0,0.3,5,0.0,0.0,0.0,0.0,0,0.0
55.0,23.3,82.0,0.0,initial,-0.7,0.7,5,0.0,0.0,0.0,0.0,0,0.0
55.0,23.3,86.0,0.9,development,1.0,-0.3,5,0.0,0.0,0.0,0.0,0,0.0
55.0,23.3,89.0,0.0,initial,0.7,0.7,5,0.0,0.0,0.0,0.0,0,0.0
55.0,23.3,90.0,0.0,development,0.3,1.0,5,0.0,0.0,0.0,0.0,0,0.0
55.0,23.3,90.0,0.0,development,0.9,0.5,5,0.0,0.0,0.0,0.0,0,0.0
55.0,23.3,91.0,0.0,development,0.3,1.0,5,0.0,0.0,0.0,0.0,0,0.0
55.0,23.3,92.0,0.0,mid,-0.5,0.9,5,0.0,0.0,0.0,0.0,0,0.0
55.0,23.3,95.0,0.0,late,0.9,0.5,6,0.0,0.0,0.0,0.0,0,0.0
55.0,23.3,96.0,0.0,development,0.0,1.0,5,0.0,0.0,0.0,0.0,0,0.0
55.0,23.3,97.0,0.0,late,1.0,0.3,6,0.0,0.0,0.0,0.0,0,0.0
55.0,23.4,81.0,0.0,development,-0.5,0.9,8,0.0,0.0,0.0,0.0,0,0.0
55.0,23.4,88.0,0.0,initial,0.9,0.5,6,0.0,0.0,0.0,0.0,0,0.0
55.0,23.4,89.0,0.0,initial,-0.5,0.9,5,0.0,0.0,0.0,0.0,0,0.0
55.0,23.4,92.0,0.0,development,0.3,1.0,7,0.0,0.0,0.0,0.0,0,0.0
55.0,23.4,92.0,0.0,initial,0.9,0.5,9,0.0,0.0,0.0,0.0,0,0.0
55.0,23.4,93.0,0.0,development,0.7,0.7,5,0.0,0.0,0.0,0.0,0,0.0
55.0,23.4,93.0,0.0,initial,0.5,0.9,5,0.0,0.0,0.0,0.0,0,0.0
55.0,23.4,93.0,0.0,initial,0.7,0.7,6,0.0,0.0,0.0,0.0,0,0.0
55.0,23.4,94.0,0.0,initial,-0.3,1.0,6,0.0,0.0,0.0,0.0,0,0.0
55.0,23.4,94.0,0.0,initial,0.9,0.5,6,0.0,0.0,0.0,0.0,0,0.0
55.0,23.4,94.0,0.2,initial,1.0,0.3,5,0.0,0.0,0.0,0.0,0,0.0
55.0,23.4,95.0,0.0,development,1.0,0.3,5,0.0,0.0,0.0,0.0,0,0.0
55.0,23.4,96.0,0.0,initial,0.0,1.0,6,0.0,0.0,0.0,0.0,0,0.0
55.0,23.4,96.0,0.0,mid,0.9,0.5,5,0.0,0.0,0.0,0.0,0,0.0
55.0,23.4,97.0,0.0,initial,0.9,0.5,6,0.0,0.0,0.0,0.0,0,0.0
55.0,23.4,97.0,0.0,late,0.7,0.7,8,0.0,0.0,0.0,0.0,0,0.0
55.0,23.4,99.0,0.0,initial,0.7,0.7,5,0.0,0.0,0.0,0.0,0,0.0
55.0,23.5,79.0,0.0,mid,-1.0,-0.3,6,0.0,0.0,0.0,0.0,0,0.0
55.0,23.5,87.0,0.0,development,0.0,1.0,5,0.0,0.0,0.0,0.0,0,0.0
55.0,23.5,91.0,0.0,development,0.3,1.0,5,0.0,0.0,0.0,0.0,0,0.0
55.0,23.5,91.0,0.0,initial,0.3,1.0,5,0.0,0.0,0.0,0.0,0,0.0
55.0,23.5,92.0,0.0,development,1.0,0.3,5,0.0,0.0,0.0,0.0,0,0.0
55.0,23.5,92.0,0.0,initial,1.0,0.3,6,0.0,0.0,0.0,0.0,0,0.0
55.0,23.5,94.0,0.0,development,0.5,0.9,6,0.0,0.0,0.0,0.0,0,0.0
55.0,23.5,94.0,0.0,development,0.9,0.5,7,0.0,0.0,0.0,0.0,0,0.0
55.0,23.5,95.0,0.0,initial,0.9,0.5,7,0.0,0.0,0.0,0.0,0,0.0
55.0,23.5,95.0,0.0,initial,1.0,0.3,6,0.0,0.0,0.0,0.0,0,0.0
55.0,23.5,95.0,0.0,mid,0.3,1.0,5,0.0,0.0,0.0,0.0,0,0.0
55.0,23.5,96.0,0.0,development,0.9,0.5,5,0.0,0.0,0.0,0.0,0,0.0
55.0,23.5,96.0,0.0,late,0.3,1.0,7,0.0,0.0,0.0,0.0,0,0.0
55.0,23.5,96.0,0.1,development,1.0,0.3,5,0.0,0.0,0.0,0.0,0,0.0
55.0,23.5,97.0,0.1,initial,1.0,0.3,5,0.0,0.0,0.0,0.0,0,0.0
55.0,23.6,81.0,1.4,development,0.9,-0.5,5,0.0,0.0,0.0,0.0,0,0.0
55.0,23.6,84.0,0.0,development,0.0,1.0,5,0.0,0.0,0.0,0.0,0,0.0
55.0,23.6,84.0,0.0,late,-1.0,-0.3,5,0.0,0.0,0.0,0.0,0,0.0
55.0,23.6,85.0,0.0,late,-0.5,0.9,6,0.0,0.0,0.0,0.0,0,0.0
55.0,23.6,87.0,0.0,initial,0.3,1.0,5,0.0,0.0,0.0,0.0,0,0.0
55.0,23.6,89.0,0.0,development,0.0,1.0,6,0.0,0.0,0.0,0.0,0,0.0
55.0,23.6,91.0,0.0,initial,0.9,0.5,6,0.0,0.0,0.0,0.0,0,0.0
55.0,23.6,92.0,0.0,development,0.9,0.5,6,0.0,0.0,0.0,0.0,0,0.0
55.0,23.6,92.0,0.0,initial,0.5,0.9,5,0.0,0.0,0.0,0.0,0,0.0
55.0,23.6,94.0,0.0,development,0.9,0.5,7,0.0,0.0,0.0,0.0,0,0.0
55.0,23.6,94.0,0.0,development,1.0,0.3,5,0.0,0.0,0.0,0.0,0,0.0
55.0,23.6,94.0,0.0,late,0.3,1.0,13,0.0,0.0,0.0,0.0,0,0.0
55.0,23.6,95.0,0.0,development,0.9,0.5,7,0.0,0.0,0.0,0.0,0,0.0
55.0,23.6,95.0,0.0,development,1.0,0.3,9,0.0,0.0,0.0,0.0,0,0.0
55.0,23.6,95.0,0.0,initial,0.7,0.7,5,0.0,0.0,0.0,0.0,0,0.0
55.0,23.6,96.0,0.0,development,0.9,0.5,6,0.0,0.0,0.0,0.0,0,0.0
55.0,23.6,98.0,0.0,development,1.0,0.3,8,0.0,0.0,0.0,0.0,0,0.0
55.0,23.7,83.0,0.0,initial,0.3,1.0,5,0.0,0.0,0.0,0.0,0,0.0
55.0,23.7,87.0,0.0,late,-0.5,0.9,5,0.0,0.0,0.0,0.0,0,0.0
55.0,23.7,88.0,0.0,development,0.0,1.0,5,0.0,0.0,0.0,0.0,0,0.0
55.0,23.7,90.0,0.0,development,0.5,0.9,6,0.0,0.0,0.0,0.0,0,0.0
55.0,23.7,90.0,0.0,initial,0.0,1.0,6,0.0,0.0,0.0,0.0,0,0.0
55.0,23.7,90.0,0.0,initial,0.7,0.7,5,0.0,0.0,0.0,0.0,0,0.0
55.0,23.7,92.0,0.0,development,0.5,0.9,9,0.0,0.0,0.0,0.0,0,0.0
55.0,23.7,93.0,0.0,development,0.3,1.0,6,0.0,0.0,0.0,0.0,0,0.0
55.0,23.7,94.0,0.0,development,-0.5,0.9,5,0.0,0.0,0.0,0.0,0,0.0
55.0,23.7,94.0,0.0,development,0.7,0.7,10,0.0,0.0,0.0,0.0,0,0.0
55.0,23.7,94.0,0.0,development,1.0,0.3,9,0.0,0.0,0.0,0.0,0,0.0
55.0,23.7,94.0,0.0,initial,0.5,0.9,7,0.0,0.0,0.0,0.0,0,0.0
55.0,23.7,94.0,0.0,late,-0.3,1.0,5,0.0,0.0,0.0,0.0,0,0.0
55.0,23.7,95.0,0.0,initial,0.5,0.9,6,0.0,0.0,0.0,0.0,0,0.0
55.0,23.7,96.0,0.0,late,0.3,1.0,5,0.0,0.0,0.0,0.0,0,0.0
55.0,23.8,74.0,0.0,development,-0.9,0.5,5,0.0,0.0,0.0,0.0,0,0.0
55.0,23.8,77.0,0.0,development,-0.7,0.7,5,0.0,0.0,0.0,0.0,0,0.0
55.0,23.8,80.0,0.0,initial,-0.3,1.0,6,0.0,0.0,0.0,0.0,0,0.0
55.0,23.8,82.0,0.0,late,-0.5,0.9,5,0.0,0.0,0.0,0.0,0,0.0
55.0,23.8,84.0,0.0,late,-0.3,1.0,5,0.0,0.0,0.0,0.0,0,0.0
55.0,23.8,87.0,0.0,development,-0.3,1.0,6,0.0,0.0,0.0,0.0,0,0.0
55.0,23.8,92.0,0.0,development,0.9,0.5,6,0.0,0.0,0.0,0.0,0,0.0
55.0,23.8,93.0,0.0,development,0.3,1.0,6,0.0,0.0,0.0,0.0,0,0.0
55.0,23.8,93.0,0.0,development,0.5,0.9,12,0.0,0.0,0.0,0.0,0,0.0
55.0,23.8,93.0,0.0,development,1.0,0.3,5,0.0,0.0,0.0,0.0,0,0.0
55.0,23.8,94.0,0.0,development,0.3,1.0,6,0.0,0.0,0.0,0.0,0,0.0
55.0,23.8,97.0,0.0,initial,0.9,0.5,7,0.0,0.0,0.0,0.0,0,0.0
55.0,23.9,89.0,0.0,development,0.5,0.9,7,0.0,0.0,0.0,0.0,0,0.0
55.0,23.9,89.0,0.0,initial,0.0,1.0,9,0.0,0.0,0.0,0.0,0,0.0
55.0,23.9,90.0,0.0,development,1.0,0.3,8,0.0,0.0,0.0,0.0,0,0.0
55.0,23.9,91.0,0.0,development,0.7,0.7,7,0.0,0.0,0.0,0.0,0,0.0
55.0,23.9,92.0,0.0,development,0.7,0.7,5,0.0,0.0,0.0,0.0,0,0.0
55.0,23.9,95.0,0.0,initial,-0.5,0.9,5,0.0,0.0,0.0,0.0,0,0.0
55.0,23.9,96.0,0.0,initial,0.5,0.9,5,0.0,0.0,0.0,0.0,0,0.0
55.0,23.9,98.0,0.0,late,0.7,0.7,5,0.0,0.0,0.0,0.0,0,0.0
55.0,24.0,72.0,0.0,late,-0.5,0.9,5,0.0,0.0,0.0,0.0,0,0.0
55.0,24.0,80.0,0.0,late,-0.5,0.9,5,0.0,0.0,0.0,0.0,0,0.0
55.0,24.0,84.0,0.0,initial,-0.7,0.7,5,0.0,0.0,0.0,0.0,0,0.0
55.0,24.0,84.0,0.0,late,-0.3,1.0,5,0.0,0.0,0.0,0.0,0,0.0
55.0,24.0,87.0,0.0,development,1.0,0.3,5,0.0,0.0,0.0,0.0,0,0.0
55.0,24.0,88.0,0.0,development,-0.3,1.0,11,0.0,0.0,0.0,0.0,0,0.0
55.0,24.0,88.0,0.0,development,0.7,0.7,6,0.0,0.0,0.0,0.0,0,0.0
55.0,24.0,88.0,0.0,late,-0.3,1.0,5,0.0,0.0,0.0,0.0,0,0.0
55.0,24.0,89.0,0.0,mid,0.0,1.0,6,0.0,0.0,0.0,0.0,0,0.0
55.0,24.0,90.0,0.0,development,0.0,1.0,7,0.0,0.0,0.0,0.0,0,0.0
55.0,24.0,91.0,0.0,development,0.0,1.0,12,0.0,0.0,0.0,0.0,0,0.0
55.0,24.0,92.0,0.0,development,0.3,1.0,9,0.0,0.0,0.0,0.0,0,0.0
55.0,24.0,92.0,0.0,late,-0.5,0.9,9,0.0,0.0,0.0,0.0,0,0.0
55.0,24.0,93.0,0.0,development,-0.5,0.9,5,0.0,0.0,0.0,0.0,0,0.0
55.0,24.0,95.0,0.0,late,0.9,0.5,6,0.0,0.0,0.0,0.0,0,0.0
55.0,24.0,95.0,0.0,mid,0.5,0.9,5,0.0,0.0,0.0,0.0,0,0.0
55.0,24.0,96.0,0.0,late,1.0,0.3,6,0.0,0.0,0.0,0.0,0,0.0
55.0,24.1,73.0,0.0,initial,-1.0,0.0,5,0.0,0.0,0.0,0.0,0,0.0
55.0,24.1,74.0,1.6,mid,1.0,-0.3,5,0.0,0.0,0.0,0.0,0,0.0
55.0,24.1,80.0,0.0,initial,-1.0,-0.3,5,0.0,0.0,0.0,0.0,0,0.0
55.0,24.1,81.0,0.1,development,1.0,0.3,5,0.0,0.0,0.0,0.0,0,0.0
55.0,24.1,81.0,1.3,development,0.9,-0.5,5,0.0,0.0,0.0,0.0,0,0.0
55.0,24.1,84.0,0.0,development,-0.5,0.9,6,0.0,0.0,0.0,0.0,0,0.0
55.0,24.1,88.0,0.0,development,-0.3,1.0,5,0.0,0.0,0.0,0.0,0,0.0
55.0,24.1,88.0,0.0,initial,0.3,1.0,9,0.0,0.0,0.0,0.0,0,0.0
55.0,24.1,88.0,0.0,initial,0.7,0.7,5,0.0,0.0,0.0,0.0,0,0.0
55.0,24.1,88.0,0.0,mid,-1.0,0.0,5,0.0,0.0,0.0,0.0,0,0.0
55.0,24.1,92.0,0.0,development,-0.5,0.9,6,0.0,0.0,0.0,0.0,0,0.0
55.0,24.1,93.0,0.0,development,0.5,0.9,5,0.0,0.0,0.0,0.0,0,0.0
55.0,24.1,93.0,0.0,mid,0.9,0.5,5,0.0,0.0,0.0,0.0,0,0.0
55.0,24.2,73.0,0.0,development,-1.0,0.0,5,0.0,0.0,0.0,0.0,0,0.0
55.0,24.2,84.0,0.0,initial,-0.5,0.9,5,0.0,0.0,0.0,0.0,0,0.0
55.0,24.2,85.0,0.0,development,-0.7,0.7,5,0.0,0.0,0.0,0.0,0,0.0
55.0,24.2,85.0,0.0,late,-0.5,0.9,5,0.0,0.0,0.0,0.0,0,0.0
55.0,24.2,86.0,0.0,development,-0.3,1.0,7,0.0,0.0,0.0,0.0,0,0.0
55.0,24.2,88.0,0.0,initial,0.5,0.9,5,0.0,0.0,0.0,0.0,0,0.0
55.0,24.2,89.0,0.0,initial,-0.5,0.9,5,0.0,0.0,0.0,0.0,0,0.0
55.0,24.2,90.0,0.0,initial,0.3,1.0,5,0.0,0.0,0.0,0.0,0,0.0
55.0,24.2,90.0,0.0,initial,0.7,0.7,9,0.0,0.0,0.0,0.0,0,0.0
55.0,24.2,91.0,0.0,development,-0.3,1.0,5,0.0,0.0,0.0,0.0,0,0.0
55.0,24.2,91.0,0.0,late,-0.3,1.0,10,0.0,0.0,0.0,0.0,0,0.0
55.0,24.2,92.0,0.0,development,0.3,1.0,5,0.0,0.0,0.0,0.0,0,0.0
55.0,24.2,93.0,0.0,development,0.5,0.9,5,0.0,0.0,0.0,0.0,0,0.0
55.0,24.3,70.0,0.3,initial,-0.9,-0.5,5,0.0,0.0,0.0,0.0,0,0.0
55.0,24.3,77.0,0.0,initial,-1.0,0.3,5,0.0,0.0,0.0,0.0,0,0.0
55.0,24.3,78.0,0.0,development,-0.5,0.9,6,0.0,0.0,0.0,0.0,0,0.0
55.0,24.3,87.0,0.4,late,1.0,0.0,5,0.0,0.0,0.0,0.0,0,0.0
55.0,24.3,89.0,0.0,development,0.0,1.0,5,0.0,0.0,0.0,0.0,0,0.0
55.0,24.4,81.0,0.0,late,-0.5,0.9,6,0.0,0.0,0.0,0.0,0,0.0
55.0,24.4,86.0,0.0,initial,-0.5,0.9,5,0.0,0.0,0.0,0.0,0,0.0
55.0,24.4,87.0,0.0,development,0.3,1.0,6,0.0,0.0,0.0,0.0,0,0.0
55.0,24.4,89.0,0.0,development,-0.3,1.0,5,0.0,0.0,0.0,0.0,0,0.0
55.0,24.4,91.0,0.0,initial,-0.5,0.9,5,0.0,0.0,0.0,0.0,0,0.0
55.0,24.4,92.0,0.0,initial,0.9,0.5,6,0.0,0.0,0.0,0.0,0,0.0
55.0,24.4,94.0,0.0,development,0.3,1.0,5,0.0,0.0,0.0,0.0,0,0.0
55.0,24.4,94.0,0.0,initial,-0.3,1.0,6,0.0,0.0,0.0,0.0,0,0.0
55.0,24.4,96.0,0.0,initial,0.9,0.5,5,0.0,0.0,0.0,0.0,0,0.0
55.0,24.4,96.0,0.0,initial,1.0,0.3,5,0.0,0.0,0.0,0.0,0,0.0
55.0,24.5,75.0,1.8,development,0.5,-0.9,5,0.0,0.0,0.0,0.0,0,0.0
55.0,24.5,76.0,0.0,late,-0.9,0.5,6,0.0,0.0,0.0,0.0,0,0.0
55.0,24.5,84.0,0.0,development,-0.5,0.9,5,0.0,0.0,0.0,0.0,0,0.0
55.0,24.5,86.0,0.0,development,-0.9,0.5,5,0.0,0.0,0.0,0.0,0,0.0
55.0,24.5,86.0,0.0,development,-0.3,1.0,5,0.0,0.0,0.0,0.0,0,0.0
55.0,24.5,86.0,0.0,development,0.3,1.0,5,0.0,0.0,0.0,0.0,0,0.0
55.0,24.5,87.0,0.0,development,-0.3,1.0,6,0.0,0.0,0.0,0.0,0,0.0
55.0,24.5,91.0,0.0,initial,-0.3,1.0,5,0.0,0.0,0.0,0.0,0,0.0
55.0,24.5,95.0,0.0,initial,0.7,0.7,6,0.0,0.0,0.0,0.0,0,0.0
55.0,24.5,98.0,0.0,development,0.3,1.0,5,0.0,0.0,0.0,0.0,0,0.0
55.0,24.6,68.0,1.4,development,1.0,-0.3,5,0.0,0.0,0.0,0.0,0,0.0
55.0,24.6,71.0,1.7,development,0.7,-0.7,6,0.0,0.0,0.0,0.0,0,0.0
55.0,24.6,79.0,0.0,late,-0.7,0.7,5,0.0,0.0,0.0,0.0,0,0.0
55.0,24.6,81.0,0.0,development,-0.9,0.5,5,0.0,0.0,0.0,0.0,0,0.0
55.0,24.6,82.0,0.0,development,-0.7,0.7,5,0.0,0.0,0.0,0.0,0,0.0
55.0,24.6,87.0,0.8,development,1.0,0.0,5,0.0,0.0,0.0,0.0,0,0.0
55.0,24.6,90.0,0.0,development,0.0,1.0,6,0.0,0.0,0.0,0.0,0,0.0
55.0,24.6,90.0,0.2,initial,1.0,0.3,5,0.0,0.0,0.0,0.0,0,0.0
55.0,24.7,84.0,0.0,initial,-0.5,0.9,5,0.0,0.0,0.0,0.0,0,0.0
55.0,24.7,85.0,0.0,initial,-0.3,1.0,8,0.0,0.0,0.0,0.0,0,0.0
55.0,24.7,88.0,0.0,late,-0.5,0.9,8,0.0,0.0,0.0,0.0,0,0.0
55.0,24.7,91.0,0.0,initial,-0.5,0.9,5,0.0,0.0,0.0,0.0,0,0.0
55.0,24.8,73.0,0.0,late,-0.9,0.5,5,0.0,0.0,0.0,0.0,0,0.0
55.0,24.8,76.0,0.0,development,-0.9,0.5,5,0.0,0.0,0.0,0.0,0,0.0
55.0,24.8,78.0,1.0,mid,-0.7,-0.7,5,0.0,0.0,0.0,0.0,0,0.0
55.0,24.8,82.0,0.0,development,-0.5,0.9,8,0.0,0.0,0.0,0.0,0,0.0
55.0,24.8,82.0,0.0,development,0.0,1.0,7,0.0,0.0,0.0,0.0,0,0.0
55.0,24.8,84.0,0.0,development,-0.5,0.9,5,0.0,0.0,0.0,0.0,0,0.0
55.0,24.8,85.0,0.0,development,0.0,1.0,7,0.0,0.0,0.0,0.0,0,0.0
55.0,24.8,88.0,0.0,initial,0.7,0.7,5,0.0,0.0,0.0,0.0,0,0.0
55.0,24.8,88.0,0.5,development,1.0,0.0,5,0.0,0.0,0.0,0.0,0,0.0
55.0,24.8,90.0,0.5,mid,1.0,0.0,5,0.0,0.0,0.0,0.0,0,0.0
55.0,24.8,92.0,0.0,initial,0.3,1.0,5,0.0,0.0,0.0,0.0,0,0.0
55.0,24.9,59.0,0.4,initial,-0.9,-0.5,5,0.0,0.0,0.0,0.0,0,0.0
55.0,24.9,73.0,0.0,development,-0.9,0.5,6,0.0,0.0,0.0,0.0,0,0.0
55.0,24.9,81.0,0.0,late,-0.5,0.9,5,0.0,0.0,0.0,0.0,0,0.0
55.0,24.9,83.0,0.0,initial,0.0,1.0,8,0.0,0.0,0.0,0.0,0,0.0
55.0,24.9,84.0,0.0,initial,-0.3,1.0,5,0.0,0.0,0.0,0.0,0,0.0
55.0,24.9,90.0,0.0,initial,0.9,0.5,7,0.0,0.0,0.0,0.0,0,0.0
55.0,24.9,94.0,0.0,development,0.5,0.9,5,0.0,0.0,0.0,0.0,0,0.0
55.0,24.9,95.0,0.0,development,0.7,0.7,6,0.0,0.0,0.0,0.0,0,0.0
55.0,25.0,81.0,0.0,development,-0.5,0.9,7,0.0,0.0,0.0,0.0,0,0.0
55.0,25.0,81.0,0.0,development,0.3,1.0,5,0.0,0.0,0.0,0.0,0,0.0
55.0,25.0,82.0,0.0,development,-0.3,1.0,5,0.0,0.0,0.0,0.0,0,0.0
55.0,25.0,82.0,0.0,late,-0.7,0.7,5,0.0,0.0,0.0,0.0,0,0.0
55.0,25.0,86.0,0.0,initial,-0.3,1.0,5,0.0,0.0,0.0,0.0,0,0.0
55.0,25.0,92.0,0.0,development,0.3,1.0,6,0.0,0.0,0.0,0.0,0,0.0
55.0,25.1,81.0,0.9,mid,0.9,-0.5,6,0.0,0.0,0.0,0.0,0,0.0
55.0,25.1,83.0,0.0,development,-0.5,0.9,7,0.0,0.0,0.0,0.0,0,0.0
55.0,25.1,83.0,0.0,initial,-0.5,0.9,7,0.0,0.0,0.0,0.0,0,0.0
55.0,25.1,88.0,0.6,development,1.0,0.0,5,0.0,0.0,0.0,0.0,0,0.0
55.0,25.1,92.0,0.0,development,-0.5,0.9,6,0.0,0.0,0.0,0.0,0,0.0
55.0,25.2,79.0,0.0,development,-0.7,0.7,5,0.0,0.0,0.0,0.0,0,0.0
55.0,25.2,80.0,0.0,development,-0.7,0.7,5,0.0,0.0,0.0,0.0,0,0.0
55.0,25.2,80.0,0.0,initial,-0.7,0.7,7,0.0,0.0,0.0,0.0,0,0.0
55.0,25.2,82.0,0.0,development,-0.3,1.0,6,0.0,0.0,0.0,0.0,0,0.0
55.0,25.2,84.0,0.0,development,-0.7,0.7,7,0.0,0.0,0.0,0.0,0,0.0
55.0,25.2,84.0,0.0,initial,-0.3,1.0,5,0.0,0.0,0.0,0.0,0,0.0
55.0,25.3,71.0,0.0,initial,-1.0,0.0,5,0.0,0.0,0.0,0.0,0,0.0
55.0,25.3,77.0,0.0,late,-1.0,0.3,6,0.0,0.0,0.0,0.0,0,0.0
55.0,25.3,83.0,0.0,initial,-0.3,1.0,5,0.0,0.0,0.0,0.0,0,0.0
55.0,25.3,88.0,0.0,initial,-0.5,0.9,5,0.0,0.0,0.0,0.0,0,0.0
55.0,25.3,89.0,0.0,development,0.0,1.0,5,0.0,0.0,0.0,0.0,0,0.0
55.0,25.4,64.0,1.6,development,0.9,-0.5,5,0.0,0.0,0.0,0.0,0,0.0
55.0,25.4,79.0,0.3,development,1.0,0.0,5,0.0,0.0,0.0,0.0,0,0.0
55.0,25.4,81.0,0.0,development,-0.7,0.7,8,0.0,0.0,0.0,0.0,0,0.0
55.0,25.4,82.0,0.0,late,-1.0,0.0,5,0.0,0.0,0.0,0.0,0,0.0
55.0,25.4,83.0,0.6,development,1.0,0.0,12,0.0,0.0,0.0,0.0,0,0.0
55.0,25.4,84.0,0.0,initial,-0.5,0.9,6,0.0,0.0,0.0,0.0,0,0.0
55.0,25.4,84.0,0.0,late,-0.3,1.0,6,0.0,0.0,0.0,0.0,0,0.0
55.0,25.4,86.0,0.9,development,1.0,-0.3,5,0.0,0.0,0.0,0.0,0,0.0
55.0,25.4,88.0,0.0,initial,-0.3,1.0,6,0.0,0.0,0.0,0.0,0,0.0
55.0,25.5,68.0,0.0,initial,-1.0,0.3,5,0.0,0.0,0.0,0.0,0,0.0
55.0,25.5,79.0,0.0,initial,-0.9,0.5,6,0.0,0.0,0.0,0.0,0,0.0
55.0,25.5,80.0,0.0,initial,-0.9,0.5,5,0.0,0.0,0.0,0.0,0,0.0
55.0,25.6,71.0,0.0,development,-1.0,0.3,7,0.0,0.0,0.0,0.0,0,0.0
55.0,25.6,74.0,0.0,development,-1.0,0.3,6,0.0,0.0,0.0,0.0,0,0.0
55.0,25.6,78.0,0.0,development,-0.5,0.9,5,0.0,0.0,0.0,0.0,0,0.0
55.0,25.6,80.0,0.8,initial,1.0,0.0,5,0.0,0.0,0.0,0.0,0,0.0
55.0,25.6,81.0,0.0,development,-0.9,0.5,6,0.0,0.0,0.0,0.0,0,0.0
55.0,25.6,96.0,0.0,mid,-0.3,1.0,5,0.0,0.0,0.0,0.0,0,0.0
55.0,25.7,76.0,0.0,development,-0.7,0.7,5,0.0,0.0,0.0,0.0,0,0.0
55.0,25.7,78.0,0.0,initial,-0.7,0.7,5,0.0,0.0,0.0,0.0,0,0.0
55.0,25.7,81.0,0.0,initial,-0.7,0.7,5,0.0,0.0,0.0,0.0,0,0.0
55.0,25.8,69.0,1.9,development,1.0,-0.3,5,0.0,0.0,0.0,0.0,0,0.0
55.0,25.8,75.0,0.0,development,-1.0,0.3,6,0.0,0.0,0.0,0.0,0,0.0
55.0,25.8,76.0,0.0,initial,-0.7,0.7,8,0.0,0.0,0.0,0.0,0,0.0
55.0,25.8,78.0,0.0,initial,-0.7,0.7,7,0.0,0.0,0.0,0.0,0,0.0
55.0,25.8,95.0,0.0,development,0.3,1.0,5,0.0,0.0,0.0,0.0,0,0.0
55.0,25.9,81.0,0.0,development,-1.0,0.3,5,0.0,0.0,0.0,0.0,0,0.0
55.0,26.0,66.0,0.9,initial,-0.7,-0.7,5,0.0,0.0,0.0,0.0,0,0.0
55.0,26.0,73.0,1.2,mid,0.9,-0.5,5,0.0,0.0,0.0,0.0,0,0.0
55.0,26.0,74.0,0.0,initial,-1.0,0.3,5,0.0,0.0,0.0,0.0,0,0.0
55.0,26.0,75.0,0.0,development,-1.0,0.3,5,0.0,0.0,0.0,0.0,0,0.0
55.0,26.0,76.0,0.0,development,-0.7,0.7,6,0.0,0.0,0.0,0.0,0,0.0
55.0,26.1,54.0,2.2,development,0.9,-0.5,5,0.0,0.0,0.0,0.0,0,0.0
55.0,26.1,71.0,0.0,late,-1.0,0.0,5,0.0,0.0,0.0,0.0,0,0.0
55.0,26.2,61.0,1.9,late,1.0,-0.3,5,0.0,0.0,0.0,0.0,0,0.0
55.0,26.2,73.0,0.0,mid,-1.0,0.3,5,0.0,0.0,0.0,0.0,0,0.0
55.0,26.2,74.0,0.0,initial,-0.9,0.5,5,0.0,0.0,0.0,0.0,0,0.0
55.0,26.2,76.0,0.0,initial,-1.0,0.3,5,0.0,0.0,0.0,0.0,0,0.0
55.0,26.2,78.0,0.6,mid,1.0,0.0,5,0.0,0.0,0.0,0.0,0,0.0
55.0,26.2,82.0,0.0,initial,-0.7,0.7,5,0.0,0.0,0.0,0.0,0,0.0
55.0,26.2,88.0,0.0,late,-0.7,0.7,6,0.0,0.0,0.0,0.0,0,0.0
55.0,26.3,69.0,1.6,initial,0.9,-0.5,5,0.0,0.0,0.0,0.0,0,0.0
55.0,26.3,72.0,0.0,development,-0.9,0.5,7,0.0,0.0,0.0,0.0,0,0.0
55.0,26.3,73.0,0.0,initial,-0.9,0.5,6,0.0,0.0,0.0,0.0,0,0.0
55.0,26.3,77.0,0.0,development,-1.0,0.3,8,0.0,0.0,0.0,0.0,0,0.0
55.0,26.3,78.0,0.0,initial,-0.9,0.5,5,0.0,0.0,0.0,0.0,0,0.0
55.0,26.3,80.0,0.0,development,-1.0,0.3,5,0.0,0.0,0.0,0.0,0,0.0
55.0,26.4,69.0,0.7,late,1.0,-0.3,6,0.0,0.0,0.0,0.0,0,0.0
55.0,26.4,72.0,1.7,development,1.0,-0.3,7,0.0,0.0,0.0,0.0,0,0.0
55.0,26.4,80.0,0.0,initial,-1.0,0.3,5,0.0,0.0,0.0,0.0,0,0.0
55.0,26.4,82.0,0.0,late,-0.7,0.7,5,0.0,0.0,0.0,0.0,0,0.0
55.0,26.5,59.0,0.0,development,-1.0,0.0,5,0.0,0.0,0.0,0.0,0,0.0
55.0,26.5,60.0,0.6,development,-0.9,-0.5,6,0.0,0.0,0.0,0.0,0,0.0
55.0,26.5,72.0,1.4,initial,1.0,-0.3,11,0.0,0.0,0.0,0.0,0,0.0
55.0,26.5,90.0,0.0,mid,-0.9,0.5,5,0.0,0.0,0.0,0.0,0,0.0
55.0,26.6,63.0,0.0,development,-1.0,0.0,5,0.0,0.0,0.0,0.0,0,0.0
55.0,26.6,65.0,0.0,development,-1.0,0.3,5,0.0,0.0,0.0,0.0,0,0.0
55.0,26.6,66.0,0.0,late,-1.0,0.3,5,0.0,0.0,0.0,0.0,0,0.0
55.0,26.6,69.0,0.0,initial,-1.0,0.3,9,0.0,0.0,0.0,0.0,0,0.0
55.0,26.6,71.0,0.0,development,-1.0,0.3,9,0.0,0.0,0.0,0.0,0,0.0
55.0,26.6,73.0,0.0,initial,-0.9,0.5,5,0.0,0.0,0.0,0.0,0,0.0
55.0,26.7,56.0,1.1,late,-0.7,-0.7,8,0.0,0.0,0.0,0.0,0,0.0
55.0,26.7,63.0,0.0,development,-1.0,0.0,5,0.0,0.0,0.0,0.0,0,0.0
55.0,26.7,64.0,2.0,initial,1.0,-0.3,6,0.0,0.0,0.0,0.0,0,0.0
55.0,26.7,83.0,1.2,development,0.9,-0.5,8,0.0,0.0,0.0,0.0,0,0.0
55.0,26.8,62.0,1.6,initial,-0.3,-1.0,5,0.0,0.0,0.0,0.0,0,0.0
55.0,26.8,69.0,0.0,initial,-1.0,0.0,5,0.0,0.0,0.0,0.0,0,0.0
55.0,26.9,58.0,2.0,development,0.7,-0.7,5,0.0,0.0,0.0,0.0,0,0.0
55.0,26.9,67.0,0.1,development,-1.0,-0.3,5,0.0,0.0,0.0,0.0,0,0.0
55.0,27.0,55.0,2.3,development,0.3,-1.0,5,0.0,0.0,0.0,0.0,0,0.0
55.0,27.0,67.0,1.2,mid,0.7,-0.7,5,0.0,0.0,0.0,0.0,0,0.0
55.0,27.0,69.0,1.4,initial,0.9,-0.5,5,0.0,0.0,0.0,0.0,0,0.0
55.0,27.0,70.0,0.0,mid,-1.0,-0.3,5,0.0,0.0,0.0,0.0,0,0.0
55.0,27.0,74.0,2.4,mid,0.7,-0.7,6,0.0,0.0,0.0,0.0,0,0.0
55.0,27.1,66.0,0.0,development,-1.0,0.0,5,0.0,0.0,0.0,0.0,0,0.0
55.0,27.1,72.0,1.2,development,1.0,-0.3,5,0.0,0.0,0.0,0.0,0,0.0
55.0,27.2,56.0,1.0,development,-0.7,-0.7,5,0.0,0.0,0.0,0.0,0,0.0
55.0,27.2,56.0,2.4,late,0.7,-0.7,5,0.0,0.0,0.0,0.0,0,0.0
55.0,27.2,62.0,0.0,development,-1.0,-0.3,5,0.0,0.0,0.0,0.0,0,0.0
55.0,27.2,72.0,1.2,development,1.0,-0.3,5,0.0,0.0,0.0,0.0,0,0.0
55.0,27.3,68.0,1.5,development,1.0,-0.3,5,0.0,0.0,0.0,0.0,0,0.0
55.0,27.3,69.0,0.0,initial,-1.0,0.3,7,0.0,0.0,0.0,0.0,0,0.0
55.0,27.3,76.0,2.2,late,0.9,-0.5,5,0.0,0.0,0.0,0.0,0,0.0
55.0,27.3,77.0,0.0,development,-0.7,0.7,5,0.0,0.0,0.0,0.0,0,0.0
55.0,27.4,68.0,0.0,development,-1.0,0.0,5,0.0,0.0,0.0,0.0,0,0.0
55.0,27.5,59.0,2.4,initial,0.0,-1.0,5,0.0,0.0,0.0,0.0,0,0.0
55.0,27.6,49.0,2.0,initial,-0.5,-0.9,6,0.0,0.0,0.0,0.0,0,0.0
55.0,27.6,53.0,1.7,late,-0.5,-0.9,6,0.0,0.0,0.0,0.0,0,0.0
55.0,27.6,55.0,1.5,mid,-0.3,-1.0,6,0.0,0.0,0.0,0.0,0,0.0
55.0,27.6,69.0,0.6,initial,-0.9,-0.5,5,0.0,0.0,0.0,0.0,0,0.0
55.0,27.8,49.0,1.4,late,-0.7,-0.7,5,0.0,0.0,0.0,0.0,0,0.0
55.0,27.8,54.0,0.0,development,-1.0,-0.3,5,0.0,0.0,0.0,0.0,0,0.0
55.0,27.8,61.0,0.0,development,-1.0,0.0,6,0.0,0.0,0.0,0.0,0,0.0
55.0,27.8,62.0,1.7,development,0.9,-0.5,5,0.0,0.0,0.0,0.0,0,0.0
55.0,28.0,49.0,1.7,development,0.0,-1.0,6,0.0,0.0,0.0,0.0,0,0.0
55.0,28.0,56.0,0.0,initial,-1.0,0.0,5,0.0,0.0,0.0,0.0,0,0.0
55.0,28.0,56.0,2.5,late,0.3,-1.0,5,0.0,0.0,0.0,0.0,0,0.0
55.0,28.0,59.0,2.1,initial,0.7,-0.7,5,0.0,0.0,0.0,0.0,0,0.0
55.0,28.0,59.0,2.1,initial,0.9,-0.5,5,0.0,0.0,0.0,0.0,0,0.0
55.0,28.1,56.0,0.1,development,-1.0,-0.3,5,0.0,0.0,0.0,0.0,0,0.0
55.0,28.1,59.0,0.0,late,-1.0,0.0,5,0.0,0.0,0.0,0.0,0,0.0
55.0,28.1,67.0,1.3,initial,1.0,-0.3,5,0.0,0.0,0.0,0.0,0,0.0
55.0,28.2,58.0,1.8,initial,0.3,-1.0,5,0.0,0.0,0.0,0.0,0,0.0
55.0,28.2,62.0,0.0,initial,-1.0,0.0,5,0.0,0.0,0.0,0.0,0,0.0
55.0,28.2,62.0,1.7,mid,0.7,-0.7,5,0.0,0.0,0.0,0.0,0,0.0
55.0,28.2,64.0,2.2,initial,0.0,-1.0,5,0.0,0.0,0.0,0.0,0,0.0
55.0,28.2,72.0,1.5,initial,0.9,-0.5,5,0.0,0.0,0.0,0.0,0,0.0
55.0,28.3,55.0,0.2,late,-1.0,-0.3,6,0.0,0.0,0.0,0.0,0,0.0
55.0,28.3,56.0,2.7,development,0.9,-0.5,6,0.0,0.0,0.0,0.0,0,0.0
55.0,28.3,58.0,2.3,initial,0.9,-0.5,5,0.0,0.0,0.0,0.0,0,0.0
55.0,28.3,63.0,1.5,development,-0.7,-0.7,5,0.0,0.0,0.0,0.0,0,0.0
55.0,28.4,47.0,2.6,late,0.0,-1.0,5,0.0,0.0,0.0,0.0,0,0.0
55.0,28.4,58.0,2.1,initial,0.5,-0.9,6,0.0,0.0,0.0,0.0,0,0.0
55.0,28.5,53.0,1.8,development,-0.3,-1.0,5,0.0,0.0,0.0,0.0,0,0.0
55.0,28.5,55.0,2.2,late,0.3,-1.0,5,0.0,0.0,0.0,0.0,0,0.0
55.0,28.6,60.0,0.0,development,-1.0,-0.3,5,0.0,0.0,0.0,0.0,0,0.0
55.0,28.6,61.0,0.0,development,-1.0,-0.3,5,0.0,0.0,0.0,0.0,0,0.0
55.0,28.6,69.0,1.4,development,0.7,-0.7,7,0.0,0.0,0.0,0.0,0,0.0
55.0,28.7,49.0,0.0,late,-1.0,-0.3,6,0.0,0.0,0.0,0.0,0,0.0
55.0,28.7,59.0,1.3,mid,-0.3,-1.0,5,0.0,0.0,0.0,0.0,0,0.0
55.0,28.7,61.0,1.9,initial,0.5,-0.9,7,0.0,0.0,0.0,0.0,0,0.0
55.0,28.8,56.0,1.8,development,-0.5,-0.9,6,0.0,0.0,0.0,0.0,0,0.0
55.0,28.9,67.0,2.0,late,0.9,-0.5,5,0.0,0.0,0.0,0.0,0,0.0
55.0,29.0,58.0,0.2,development,-1.0,-0.3,5,0.0,0.0,0.0,0.0,0,0.0
55.0,29.0,59.0,0.0,initial,-1.0,0.0,5,0.0,0.0,0.0,0.0,0,0.0
55.0,29.1,56.0,0.1,initial,-1.0,-0.3,8,0.0,0.0,0.0,0.0,0,0.0
55.0,29.1,57.0,0.0,initial,-1.0,-0.3,5,0.0,0.0,0.0,0.0,0,0.0
55.0,29.2,50.0,0.0,late,-1.0,-0.3,7,0.0,0.0,0.0,0.0,0,0.0
55.0,29.2,52.0,1.7,late,0.0,-1.0,5,0.0,0.0,0.0,0.0,0,0.0
55.0,29.2,61.0,0.0,initial,-1.0,0.0,5,0.0,0.0,0.0,0.0,0,0.0
55.0,29.3,57.0,2.0,initial,0.3,-1.0,5,0.0,0.0,0.0,0.0,0,0.0
55.0,29.3,59.0,0.0,initial,-1.0,0.0,6,0.0,0.0,0.0,0.0,0,0.0
55.0,29.3,62.0,1.7,late,0.9,-0.5,5,0.0,0.0,0.0,0.0,0,0.0
55.0,29.3,66.0,0.0,development,-1.0,0.3,5,0.0,0.0,0.0,0.0,0,0.0
55.0,29.5,52.0,1.6,initial,-0.3,-1.0,5,0.0,0.0,0.0,0.0,0,0.0
55.0,29.5,52.0,2.8,mid,0.5,-0.9,5,0.0,0.0,0.0,0.0,0,0.0
55.0,29.5,59.0,0.0,initial,-1.0,0.0,7,0.0,0.0,0.0,0.0,0,0.0
55.0,29.5,62.0,2.1,development,0.9,-0.5,6,0.0,0.0,0.0,0.0,0,0.0
55.0,29.6,51.0,0.0,initial,-1.0,-0.3,5,0.0,0.0,0.0,0.0,0,0.0
55.0,29.6,58.0,0.3,development,-1.0,-0.3,5,0.0,0.0,0.0,0.0,0,0.0
55.0,29.6,58.0,2.1,initial,0.9,-0.5,5,0.0,0.0,0.0,0.0,0,0.0
55.0,29.6,60.0,2.2,development,0.9,-0.5,6,0.0,0.0,0.0,0.0,0,0.0
55.0,29.7,54.0,2.4,late,0.9,-0.5,6,0.0,0.0,0.0,0.0,0,0.0
55.0,29.7,60.0,2.0,mid,0.9,-0.5,6,0.0,0.0,0.0,0.0,0,0.0
55.0,29.8,63.0,1.5,initial,0.9,-0.5,5,0.0,0.0,0.0,0.0,0,0.0
55.0,29.9,60.0,2.6,late,0.5,-0.9,5,0.0,0.0,0.0,0.0,0,0.0
55.0,30.1,53.0,0.6,development,-0.9,-0.5,5,0.0,0.0,0.0,0.0,0,0.0
55.0,30.1,55.0,0.8,development,-0.9,-0.5,5,0.0,0.0,0.0,0.0,0,0.0
55.0,30.2,50.0,2.6,initial,0.7,-0.7,6,0.0,0.0,0.0,0.0,0,0.0
55.0,30.3,54.0,2.2,initial,0.9,-0.5,8,0.0,0.0,0.0,0.0,0,0.0
55.0,30.3,57.0,2.2,late,0.7,-0.7,5,0.0,0.0,0.0,0.0,0,0.0
55.0,30.4,50.0,1.5,initial,-0.7,-0.7,5,0.0,0.0,0.0,0.0,0,0.0
55.0,30.5,49.0,2.5,initial,0.5,-0.9,6,0.0,0.0,0.0,0.0,0,0.0
55.0,30.5,54.0,2.4,late,0.0,-1.0,5,0.0,0.0,0.0,0.0,0,0.0
55.0,30.6,39.0,2.6,late,0.0,-1.0,5,0.0,0.0,0.0,0.0,0,0.0
55.0,30.6,44.0,2.5,late,0.0,-1.0,5,0.0,0.0,0.0,0.0,0,0.0
55.0,30.6,49.0,1.1,initial,-0.7,-0.7,5,0.0,0.0,0.0,0.0,0,0.0
55.0,30.7,38.0,2.3,late,-0.3,-1.0,6,0.0,0.0,0.0,0.0,0,0.0
55.0,30.8,51.0,0.1,initial,-1.0,-0.3,5,0.0,0.0,0.0,0.0,0,0.0
55.0,30.8,51.0,0.8,development,-0.9,-0.5,6,0.0,0.0,0.0,0.0,0,0.0
55.0,30.8,55.0,0.9,development,-0.9,-0.5,5,0.0,0.0,0.0,0.0,0,0.0
55.0,30.8,56.0,2.2,development,0.5,-0.9,5,0.0,0.0,0.0,0.0,0,0.0
55.0,30.9,57.0,1.9,development,0.7,-0.7,5,0.0,0.0,0.0,0.0,0,0.0
55.0,31.0,42.0,1.4,development,-0.7,-0.7,5,0.0,0.0,0.0,0.0,0,0.0
55.0,31.0,48.0,0.6,initial,-0.9,-0.5,5,0.0,0.0,0.0,0.0,0,0.0
55.0,31.0,53.0,0.9,late,-0.3,-1.0,5,0.0,0.0,0.0,0.0,0,0.0
55.0,31.0,54.0,2.1,development,0.7,-0.7,5,0.0,0.0,0.0,0.0,0,0.0
55.0,31.2,39.0,2.3,development,-0.3,-1.0,5,0.0,0.0,0.0,0.0,0,0.0
55.0,31.5,46.0,1.0,development,-0.9,-0.5,5,0.0,0.0,0.0,0.0,0,0.0
55.0,31.5,49.0,2.3,initial,0.7,-0.7,5,0.0,0.0,0.0,0.0,0,0.0
55.0,31.5,51.0,2.0,late,0.7,-0.7,6,0.0,0.0,0.0,0.0,0,0.0
55.0,31.6,47.0,2.2,initial,-0.5,-0.9,6,0.0,0.0,0.0,0.0,0,0.0
55.0,31.6,49.0,0.8,initial,-0.9,-0.5,5,0.0,0.0,0.0,0.0,0,0.0
55.0,31.6,51.0,1.7,mid,-0.5,-0.9,5,0.0,0.0,0.0,0.0,0,0.0
55.0,31.6,52.0,2.1,initial,0.7,-0.7,5,0.0,0.0,0.0,0.0,0,0.0
55.0,31.6,54.0,2.2,development,0.9,-0.5,5,0.0,0.0,0.0,0.0,0,0.0
55.0,31.6,58.0,2.7,development,0.7,-0.7,5,0.0,0.0,0.0,0.0,0,0.0
55.0,31.7,51.0,2.8,initial,0.5,-0.9,5,0.0,0.0,0.0,0.0,0,0.0
55.0,31.8,42.0,1.6,development,-0.7,-0.7,5,0.0,0.0,0.0,0.0,0,0.0
55.0,31.8,51.0,2.0,mid,-0.3,-1.0,5,0.0,0.0,0.0,0.0,0,0.0
55.0,31.8,54.0,2.0,development,0.5,-0.9,5,0.0,0.0,0.0,0.0,0,0.0
55.0,31.8,55.0,1.7,late,-0.3,-1.0,6,0.0,0.0,0.0,0.0,0,0.0
55.0,31.9,53.0,2.0,initial,0.7,-0.7,6,0.0,0.0,0.0,0.0,0,0.0
55.0,32.0,48.0,1.6,development,-0.7,-0.7,5,0.0,0.0,0.0,0.0,0,0.0
55.0,32.0,48.0,2.0,development,-0.3,-1.0,5,0.0,0.0,0.0,0.0,0,0.0
55.0,32.0,53.0,2.5,development,0.0,-1.0,5,0.0,0.0,0.0,0.0,0,0.0
55.0,32.1,56.0,3.0,development,0.7,-0.7,5,0.0,0.0,0.0,0.0,0,0.0
55.0,32.2,39.0,2.1,initial,-0.3,-1.0,5,0.0,0.0,0.0,0.0,0,0.0
55.0,32.2,44.0,1.1,initial,-0.7,-0.7,5,0.0,0.0,0.0,0.0,0,0.0
55.0,32.2,47.0,0.9,initial,-0.9,-0.5,5,0.0,0.0,0.0,0.0,0,0.0
55.0,32.2,48.0,2.2,initial,0.7,-0.7,5,0.0,0.0,0.0,0.0,0,0.0
55.0,32.3,46.0,1.6,development,-0.7,-0.7,5,0.0,0.0,0.0,0.0,0,0.0
55.0,32.4,44.0,0.1,initial,-1.0,-0.3,6,0.0,0.0,0.0,0.0,0,0.0
55.0,32.4,50.0,2.5,late,0.5,-0.9,5,0.0,0.0,0.0,0.0,0,0.0
55.0,32.5,45.0,3.0,initial,0.7,-0.7,5,0.0,0.0,0.0,0.0,0,0.0
55.0,32.6,40.0,2.9,initial,0.5,-0.9,5,0.0,0.0,0.0,0.0,0,0.0
55.0,32.6,43.0,2.2,late,-0.3,-1.0,5,0.0,0.0,0.0,0.0,0,0.0
55.0,32.7,43.0,2.3,initial,0.0,-1.0,5,0.0,0.0,0.0,0.0,0,0.0
55.0,32.8,42.0,1.2,development,-0.7,-0.7,5,0.0,0.0,0.0,0.0,0,0.0
55.0,32.8,43.0,1.2,development,-0.7,-0.7,5,0.0,0.0,0.0,0.0,0,0.0
55.0,32.9,41.0,3.0,initial,0.5,-0.9,7,0.0,0.0,0.0,0.0,0,0.0
55.0,32.9,44.0,2.0,development,-0.5,-0.9,5,0.0,0.0,0.0,0.0,0,0.0
55.0,33.0,37.0,2.0,development,-0.5,-0.9,5,0.0,0.0,0.0,0.0,0,0.0
55.0,33.0,41.0,2.7,late,0.3,-1.0,5,0.0,0.0,0.0,0.0,0,0.0
55.0,33.0,42.0,2.1,development,-0.5,-0.9,6,0.0,0.0,0.0,0.0,0,0.0
55.0,33.0,42.0,2.2,development,0.0,-1.0,5,0.0,0.0,0.0,0.0,0,0.0
55.0,33.0,42.0,2.8,late,0.3,-1.0,5,0.0,0.0,0.0,0.0,0,0.0
55.0,33.1,36.0,2.0,mid,-0.3,-1.0,5,0.0,0.0,0.0,0.0,0,0.0
55.0,33.1,38.0,2.9,development,0.3,-1.0,5,0.0,0.0,0.0,0.0,0,0.0
55.0,33.1,41.0,2.2,initial,0.0,-1.0,6,0.0,0.0,0.0,0.0,0,0.0
55.0,33.1,44.0,2.5,initial,0.3,-1.0,5,0.0,0.0,0.0,0.0,0,0.0
55.0,33.2,42.0,1.0,initial,-0.9,-0.5,5,0.0,0.0,0.0,0.0,0,0.0
55.0,33.4,36.0,1.3,development,-0.7,-0.7,5,0.0,0.0,0.0,0.0,0,0.0
55.0,33.4,38.0,2.3,mid,-0.5,-0.9,5,0.0,0.0,0.0,0.0,0,0.0
55.0,33.4,42.0,1.7,development,-0.7,-0.7,6,0.0,0.0,0.0,0.0,0,0.0
55.0,33.4,43.0,1.8,late,0.5,-0.9,5,0.0,0.0,0.0,0.0,0,0.0
55.0,33.4,46.0,3.3,initial,0.3,-1.0,5,0.0,0.0,0.0,0.0,0,0.0
55.0,33.4,48.0,2.5,initial,0.5,-0.9,5,0.0,0.0,0.0,0.0,0,0.0
55.0,33.5,37.0,2.2,initial,-0.5,-0.9,5,0.0,0.0,0.0,0.0,0,0.0
55.0,33.5,45.0,3.0,late,0.5,-0.9,5,0.0,0.0,0.0,0.0,0,0.0
55.0,33.7,38.0,2.9,late,-0.3,-1.0,6,0.0,0.0,0.0,0.0,0,0.0
55.0,33.8,36.0,2.8,mid,-0.3,-1.0,5,0.0,0.0,0.0,0.0,0,0.0
55.0,33.8,42.0,1.4,mid,-0.7,-0.7,6,0.0,0.0,0.0,0.0,0,0.0
55.0,33.8,46.0,2.4,late,-0.5,-0.9,5,0.0,0.0,0.0,0.0,0,0.0
55.0,33.8,51.0,1.5,mid,-0.3,-1.0,5,0.0,0.0,0.0,0.0,0,0.0
55.0,33.9,37.0,1.7,development,-0.5,-0.9,5,0.0,0.0,0.0,0.0,0,0.0
55.0,33.9,40.0,2.7,late,-0.3,-1.0,5,0.0,0.0,0.0,0.0,0,0.0
55.0,33.9,45.0,1.8,initial,-0.5,-0.9,6,0.0,0.0,0.0,0.0,0,0.0
55.0,34.0,41.0,2.8,initial,0.5,-0.9,5,0.0,0.0,0.0,0.0,0,0.0
55.0,34.1,38.0,2.6,initial,-0.3,-1.0,5,0.0,0.0,0.0,0.0,0,0.0
55.0,34.1,44.0,1.9,initial,-0.5,-0.9,5,0.0,0.0,0.0,0.0,0,0.0
55.0,34.2,35.0,1.6,development,-0.7,-0.7,5,0.0,0.0,0.0,0.0,0,0.0
55.0,34.3,35.0,2.2,initial,-0.5,-0.9,5,0.0,0.0,0.0,0.0,0,0.0
55.0,34.3,35.0,2.6,initial,-0.3,-1.0,5,0.0,0.0,0.0,0.0,0,0.0
55.0,34.4,39.0,1.3,development,-0.7,-0.7,6,0.0,0.0,0.0,0.0,0,0.0
55.0,34.4,40.0,2.4,development,-0.5,-0.9,5,0.0,0.0,0.0,0.0,0,0.0
55.0,34.4,41.0,2.0,initial,-0.5,-0.9,7,0.0,0.0,0.0,0.0,0,0.0
55.0,34.5,36.0,2.6,development,0.0,-1.0,6,0.0,0.0,0.0,0.0,0,0.0
55.0,34.5,36.0,3.2,development,0.3,-1.0,5,0.0,0.0,0.0,0.0,0,0.0
55.0,34.5,40.0,2.6,initial,0.3,-1.0,6,0.0,0.0,0.0,0.0,0,0.0
55.0,34.5,41.0,2.1,development,-0.5,-0.9,5,0.0,0.0,0.0,0.0,0,0.0
55.0,34.7,33.0,2.0,initial,-0.5,-0.9,5,0.0,0.0,0.0,0.0,0,0.0
55.0,34.7,36.0,0.8,initial,-0.9,-0.5,5,0.0,0.0,0.0,0.0,0,0.0
55.0,34.7,36.0,3.0,late,0.0,-1.0,5,0.0,0.0,0.0,0.0,0,0.0
55.0,34.7,43.0,2.4,development,-0.3,-1.0,5,0.0,0.0,0.0,0.0,0,0.0
55.0,34.8,32.0,2.9,development,-0.3,-1.0,5,0.0,0.0,0.0,0.0,0,0.0
55.0,34.8,35.0,2.1,initial,-0.5,-0.9,5,0.0,0.0,0.0,0.0,0,0.0
55.0,34.8,39.0,1.8,development,-0.5,-0.9,5,0.0,0.0,0.0,0.0,0,0.0
55.0,34.9,35.0,2.9,development,-0.3,-1.0,5,0.0,0.0,0.0,0.0,0,0.0
55.0,35.0,35.0,3.0,development,0.0,-1.0,5,0.0,0.0,0.0,0.0,0,0.0
55.0,35.0,43.0,1.2,mid,-0.7,-0.7,5,0.0,0.0,0.0,0.0,0,0.0
55.0,35.1,35.0,1.1,initial,-0.7,-0.7,6,0.0,0.0,0.0,0.0,0,0.0
55.0,35.2,33.0,2.9,mid,-0.3,-1.0,6,0.0,0.0,0.0,0.0,0,0.0
55.0,35.2,39.0,2.2,development,-0.3,-1.0,5,0.0,0.0,0.0,0.0,0,0.0
55.0,35.3,33.0,2.3,initial,-0.5,-0.9,7,0.0,0.0,0.0,0.0,0,0.0
55.0,35.4,34.0,3.5,development,0.0,-1.0,5,0.0,0.0,0.0,0.0,0,0.0
55.0,35.4,36.0,3.5,development,0.3,-1.0,5,0.0,0.0,0.0,0.0,0,0.0
55.0,35.5,37.0,2.1,initial,-0.3,-1.0,5,0.0,0.0,0.0,0.0,0,0.0
55.0,35.6,38.0,2.1,initial,-0.5,-0.9,8,0.0,0.0,0.0,0.0,0,0.0
55.0,35.7,36.0,3.1,initial,0.3,-1.0,5,0.0,0.0,0.0,0.0,0,0.0
55.0,35.8,35.0,1.5,initial,-0.7,-0.7,5,0.0,0.0,0.0,0.0,0,0.0
55.0,36.0,33.0,2.3,development,0.0,-1.0,5,0.0,0.0,0.0,0.0,0,0.0
55.0,36.2,35.0,3.0,initial,0.3,-1.0,6,0.0,0.0,0.0,0.0,0,0.0
55.0,36.2,40.0,2.4,mid,-0.3,-1.0,5,0.0,0.0,0.0,0.0,0,0.0
55.0,36.7,33.0,2.8,development,-0.3,-1.0,5,0.0,0.0,0.0,0.0,0,0.0
55.0,37.0,30.0,2.0,initial,-0.5,-0.9,5,0.0,0.0,0.0,0.0,0,0.0
55.0,37.0,35.0,1.2,initial,-0.7,-0.7,7,0.0,0.0,0.0,0.0,0,0.0
56.0,18.4,100.0,0.0,initial,0.7,0.7,5,0.0,0.0,0.0,0.0,0,0.0
56.0,18.6,100.0,0.0,initial,0.0,1.0,5,0.0,0.0,0.0,0.0,0,0.0
56.0,18.6,100.0,0.0,initial,0.9,0.5,6,0.0,0.0,0.0,0.0,0,0.0
56.0,18.8,100.0,0.0,initial,0.3,1.0,7,0.0,0.0,0.0,0.0,0,0.0
56.0,18.9,100.0,0.0,development,0.3,1.0,6,0.0,0.0,0.0,0.0,0,0.0
56.0,19.0,100.0,0.0,initial,0.3,1.0,5,0.0,0.0,0.0,0.0,0,0.0
56.0,19.3,83.0,0.0,development,0.9,0.5,5,0.0,0.0,0.0,0.0,0,0.0
56.0,19.4,96.0,0.0,initial,-0.5,0.9,5,0.0,0.0,0.0,0.0,0,0.0
56.0,19.4,97.0,0.0,development,0.7,0.7,5,0.0,0.0,0.0,0.0,0,0.0
56.0,19.4,100.0,0.0,initial,0.9,0.5,5,0.0,0.0,0.0,0.0,0,0.0
56.0,19.5,99.0,0.0,development,0.3,1.0,6,0.0,0.0,0.0,0.0,0,0.0
56.0,19.6,97.0,0.0,development,0.5,0.9,6,0.0,0.0,0.0,0.0,0,0.0
56.0,19.7,97.0,0.0,development,-0.3,1.0,5,0.0,0.0,0.0,0.0,0,0.0
56.0,19.8,94.0,0.0,development,-0.3,1.0,5,0.0,0.0,0.0,0.0,0,0.0
56.0,19.8,98.0,0.0,initial,-0.3,1.0,5,0.0,0.0,0.0,0.0,0,0.0
56.0,19.8,99.0,0.0,mid,0.9,0.5,7,0.0,0.0,0.0,0.0,0,0.0
56.0,19.9,92.0,0.0,development,1.0,0.3,5,0.0,0.0,0.0,0.0,0,0.0
56.0,19.9,96.0,0.0,initial,0.5,0.9,8,0.0,0.0,0.0,0.0,0,0.0
56.0,19.9,96.0,0.0,late,0.9,0.5,7,0.0,0.0,0.0,0.0,0,0.0
56.0,19.9,100.0,0.0,initial,0.9,0.5,6,0.0,0.0,0.0,0.0,0,0.0
56.0,20.0,95.0,0.0,initial,0.7,0.7,5,0.0,0.0,0.0,0.0,0,0.0
56.0,20.0,96.0,0.0,initial,-0.5,0.9,5,0.0,0.0,0.0,0.0,0,0.0
56.0,20.1,85.0,0.0,late,0.9,0.5,5,0.0,0.0,0.0,0.0,0,0.0
56.0,20.1,88.0,0.0,initial,0.9,0.5,5,0.0,0.0,0.0,0.0,0,0.0
56.0,20.1,97.0,0.0,development,1.0,0.3,5,0.0,0.0,0.0,0.0,0,0.0
56.0,20.1,98.0,0.0,initial,0.9,0.5,5,0.0,0.0,0.0,0.0,0,0.0
56.0,20.2,95.0,0.0,initial,0.3,1.0,6,0.0,0.0,0.0,0.0,0,0.0
56.0,20.2,96.0,0.0,development,0.3,1.0,5,0.0,0.0,0.0,0.0,0,0.0
56.0,20.2,97.0,0.0,development,0.9,0.5,6,0.0,0.0,0.0,0.0,0,0.0
56.0,20.3,100.0,0.0,initial,0.9,0.5,5,0.0,0.0,0.0,0.0,0,0.0
56.0,20.4,96.0,0.0,initial,-0.5,0.9,5,0.0,0.0,0.0,0.0,0,0.0
56.0,20.4,96.0,0.0,initial,0.7,0.7,7,0.0,0.0,0.0,0.0,0,0.0
56.0,20.4,97.0,0.0,development,0.7,0.7,7,0.0,0.0,0.0,0.0,0,0.0
56.0,20.4,97.0,0.0,development,0.9,0.5,14,0.0,0.0,0.0,0.0,0,0.0
56.0,20.5,96.0,0.0,initial,0.9,0.5,7,0.0,0.0,0.0,0.0,0,0.0
56.0,20.5,97.0,0.0,initial,0.7,0.7,6,0.0,0.0,0.0,0.0,0,0.0
56.0,20.5,98.0,0.0,development,0.9,0.5,5,0.0,0.0,0.0,0.0,0,0.0
56.0,20.5,98.0,0.0,development,1.0,0.3,8,0.0,0.0,0.0,0.0,0,0.0
56.0,20.6,90.0,0.0,development,-0.7,0.7,6,0.0,0.0,0.0,0.0,0,0.0
56.0,20.6,91.0,0.0,development,0.3,1.0,5,0.0,0.0,0.0,0.0,0,0.0
56.0,20.6,93.0,0.0,initial,-0.3,1.0,5,0.0,0.0,0.0,0.0,0,0.0
56.0,20.6,97.0,0.0,initial,-0.9,0.5,5,0.0,0.0,0.0,0.0,0,0.0
56.0,20.6,97.0,0.0,initial,0.9,0.5,9,0.0,0.0,0.0,0.0,0,0.0
56.0,20.6,98.0,0.0,development,0.7,0.7,5,0.0,0.0,0.0,0.0,0,0.0
56.0,20.6,98.0,0.0,development,0.9,0.5,5,0.0,0.0,0.0,0.0,0,0.0
56.0,20.7,92.0,0.0,initial,0.7,0.7,5,0.0,0.0,0.0,0.0,0,0.0
56.0,20.7,93.0,0.3,late,1.0,0.0,6,0.0,0.0,0.0,0.0,0,0.0
56.0,20.7,95.0,0.0,development,0.7,0.7,5,0.0,0.0,0.0,0.0,0,0.0
56.0,20.7,96.0,0.0,development,0.9,0.5,6,0.0,0.0,0.0,0.0,0,0.0
56.0,20.7,100.0,0.0,development,0.7,0.7,8,0.0,0.0,0.0,0.0,0,0.0
56.0,20.8,94.0,0.0,initial,-0.3,1.0,5,0.0,0.0,0.0,0.0,0,0.0
56.0,20.8,96.0,0.0,development,0.3,1.0,5,0.0,0.0,0.0,0.0,0,0.0
56.0,20.8,97.0,0.0,development,0.7,0.7,6,0.0,0.0,0.0,0.0,0,0.0
56.0,20.8,97.0,0.0,initial,0.5,0.9,5,0.0,0.0,0.0,0.0,0,0.0
56.0,20.8,99.0,0.0,initial,0.7,0.7,7,0.0,0.0,0.0,0.0,0,0.0
56.0,20.8,99.0,0.0,initial,0.9,0.5,5,0.0,0.0,0.0,0.0,0,0.0
56.0,20.9,95.0,0.0,initial,0.3,1.0,5,0.0,0.0,0.0,0.0,0,0.0
56.0,20.9,96.0,0.0,development,-0.3,1.0,8,0.0,0.0,0.0,0.0,0,0.0
56.0,20.9,96.0,0.0,initial,1.0,0.3,5,0.0,0.0,0.0,0.0,0,0.0
56.0,20.9,97.0,0.0,initial,0.5,0.9,8,0.0,0.0,0.0,0.0,0,0.0
56.0,21.0,94.0,0.0,initial,0.0,1.0,8,0.0,0.0,0.0,0.0,0,0.0
56.0,21.0,95.0,0.0,development,0.9,0.5,7,0.0,0.0,0.0,0.0,0,0.0
56.0,21.0,95.0,0.3,development,1.0,0.0,5,0.0,0.0,0.0,0.0,0,0.0
56.0,21.0,96.0,0.0,development,0.5,0.9,5,0.0,0.0,0.0,0.0,0,0.0
56.0,21.0,97.0,0.0,initial,0.3,1.0,5,0.0,0.0,0.0,0.0,0,0.0
56.0,21.0,98.0,0.0,mid,0.0,1.0,6,0.0,0.0,0.0,0.0,0,0.0
56.0,21.1,86.0,0.0,development,0.3,1.0,6,0.0,0.0,0.0,0.0,0,0.0
56.0,21.1,87.0,0.0,development,-0.3,1.0,6,0.0,0.0,0.0,0.0,0,0.0
56.0,21.1,97.0,0.0,mid,0.9,0.5,8,0.0,0.0,0.0,0.0,0,0.0
56.0,21.1,98.0,0.0,mid,0.7,0.7,5,0.0,0.0,0.0,0.0,0,0.0
56.0,21.2,86.0,0.0,development,-0.7,0.7,6,0.0,0.0,0.0,0.0,0,0.0
56.0,21.2,90.0,0.0,initial,-0.5,0.9,7,0.0,0.0,0.0,0.0,0,0.0
56.0,21.2,94.0,0.0,development,0.5,0.9,5,0.0,0.0,0.0,0.0,0,0.0
56.0,21.2,94.0,0.0,development,0.7,0.7,6,0.0,0.0,0.0,0.0,0,0.0
56.0,21.2,94.0,0.0,development,0.9,0.5,10,0.0,0.0,0.0,0.0,0,0.0
56.0,21.2,94.0,0.0,initial,-0.3,1.0,8,0.0,0.0,0.0,0.0,0,0.0
56.0,21.2,94.0,0.0,initial,0.0,1.0,5,0.0,0.0,0.0,0.0,0,0.0
56.0,21.2,95.0,0.0,initial,0.7,0.7,5,0.0,0.0,0.0,0.0,0,0.0
56.0,21.2,96.0,0.0,development,0.9,0.5,5,0.0,0.0,0.0,0.0,0,0.0
56.0,21.2,96.0,0.0,initial,0.0,1.0,6,0.0,0.0,0.0,0.0,0,0.0
56.0,21.2,96.0,0.0,initial,0.9,0.5,5,0.0,0.0,0.0,0.0,0,0.0
56.0,21.2,97.0,0.0,mid,-0.3,1.0,6,0.0,0.0,0.0,0.0,0,0.0
56.0,21.3,76.0,0.0,late,-0.9,0.5,5,0.0,0.0,0.0,0.0,0,0.0
56.0,21.3,93.0,0.0,development,-0.7,0.7,6,0.0,0.0,0.0,0.0,0,0.0
56.0,21.3,94.0,0.0,development,-0.5,0.9,6,0.0,0.0,0.0,0.0,0,0.0
56.0,21.3,95.0,0.2,development,1.0,0.0,5,0.0,0.0,0.0,0.0,0,0.0
56.0,21.3,97.0,0.0,late,0.7,0.7,5,0.0,0.0,0.0,0.0,0,0.0
56.0,21.3,98.0,0.0,development,0.7,0.7,5,0.0,0.0,0.0,0.0,0,0.0
56.0,21.4,86.0,0.0,development,-0.3,1.0,5,0.0,0.0,0.0,0.0,0,0.0
56.0,21.4,88.0,0.0,initial,-0.3,1.0,5,0.0,0.0,0.0,0.0,0,0.0
56.0,21.4,97.0,0.0,initial,0.0,1.0,6,0.0,0.0,0.0,0.0,0,0.0
56.0,21.5,88.0,0.0,initial,-0.3,1.0,5,0.0,0.0,0.0,0.0,0,0.0
56.0,21.5,92.0,0.0,late,0.3,1.0,5,0.0,0.0,0.0,0.0,0,0.0
56.0,21.5,93.0,0.0,development,-0.7,0.7,5,0.0,0.0,0.0,0.0,0,0.0
56.0,21.5,97.0,0.0,development,0.7,0.7,5,0.0,0.0,0.0,0.0,0,0.0
56.0,21.5,97.0,0.0,initial,1.0,0.3,9,0.0,0.0,0.0,0.0,0,0.0
56.0,21.6,96.0,0.0,mid,0.7,0.7,5,0.0,0.0,0.0,0.0,0,0.0
56.0,21.6,99.0,0.0,initial,0.9,0.5,6,0.0,0.0,0.0,0.0,0,0.0
56.0,21.7,83.0,0.0,development,-0.9,0.5,5,0.0,0.0,0.0,0.0,0,0.0
56.0,21.7,91.0,0.0,late,0.0,1.0,5,0.0,0.0,0.0,0.0,0,0.0
56.0,21.7,95.0,0.0,initial,-0.3,1.0,5,0.0,0.0,0.0,0.0,0,0.0
56.0,21.7,95.0,0.1,mid,1.0,0.0,5,0.0,0.0,0.0,0.0,0,0.0
56.0,21.8,88.0,0.0,development,-0.9,0.5,6,0.0,0.0,0.0,0.0,0,0.0
56.0,21.8,88.0,0.7,development,1.0,-0.3,5,0.0,0.0,0.0,0.0,0,0.0
56.0,21.8,96.0,0.0,mid,1.0,0.3,7,0.0,0.0,0.0,0.0,0,0.0
56.0,21.8,96.0,0.2,mid,1.0,0.0,5,0.0,0.0,0.0,0.0,0,0.0
56.0,21.9,84.0,0.0,initial,-0.5,0.9,6,0.0,0.0,0.0,0.0,0,0.0
56.0,21.9,94.0,0.0,initial,0.5,0.9,5,0.0,0.0,0.0,0.0,0,0.0
56.0,21.9,95.0,0.0,development,0.5,0.9,5,0.0,0.0,0.0,0.0,0,0.0
56.0,21.9,96.0,0.0,mid,0.7,0.7,6,0.0,0.0,0.0,0.0,0,0.0
56.0,21.9,96.0,0.0,mid,0.9,0.5,6,0.0,0.0,0.0,0.0,0,0.0
56.0,21.9,98.0,0.0,initial,0.7,0.7,5,0.0,0.0,0.0,0.0,0,0.0
56.0,22.0,96.0,0.0,initial,0.7,0.7,7,0.0,0.0,0.0,0.0,0,0.0
56.0,22.0,98.0,0.0,mid,0.7,0.7,5,0.0,0.0,0.0,0.0,0,0.0
56.0,22.0,98.0,0.0,mid,0.9,0.5,5,0.0,0.0,0.0,0.0,0,0.0
56.0,22.1,86.0,0.0,initial,-0.9,0.5,5,0.0,0.0,0.0,0.0,0,0.0
56.0,22.1,89.0,0.0,development,-0.7,0.7,6,0.0,0.0,0.0,0.0,0,0.0
56.0,22.1,89.0,0.0,initial,0.0,1.0,6,0.0,0.0,0.0,0.0,0,0.0
56.0,22.1,94.0,0.3,development,1.0,0.0,5,0.0,0.0,0.0,0.0,0,0.0
56.0,22.1,96.0,0.0,initial,0.7,0.7,5,0.0,0.0,0.0,0.0,0,0.0
56.0,22.1,96.0,0.0,mid,0.5,0.9,5,0.0,0.0,0.0,0.0,0,0.0
56.0,22.2,92.0,0.2,initial,1.0,0.0,5,0.0,0.0,0.0,0.0,0,0.0
56.0,22.2,95.0,0.0,initial,0.5,0.9,5,0.0,0.0,0.0,0.0,0,0.0
56.0,22.2,97.0,0.1,mid,1.0,0.3,5,0.0,0.0,0.0,0.0,0,0.0
56.0,22.3,92.0,0.0,mid,0.0,1.0,5,0.0,0.0,0.0,0.0,0,0.0
56.0,22.3,95.0,0.0,development,0.3,1.0,8,0.0,0.0,0.0,0.0,0,0.0
56.0,22.3,95.0,0.0,initial,0.3,1.0,6,0.0,0.0,0.0,0.0,0,0.0
56.0,22.3,95.0,0.0,mid,0.3,1.0,5,0.0,0.0,0.0,0.0,0,0.0
56.0,22.3,97.0,0.0,mid,0.5,0.9,6,0.0,0.0,0.0,0.0,0,0.0
56.0,22.4,84.0,0.0,initial,-1.0,0.0,5,0.0,0.0,0.0,0.0,0,0.0
56.0,22.4,90.0,0.0,late,0.0,1.0,7,0.0,0.0,0.0,0.0,0,0.0
56.0,22.4,92.0,0.0,late,0.7,0.7,5,0.0,0.0,0.0,0.0,0,0.0
56.0,22.4,93.0,0.0,initial,-0.7,0.7,5,0.0,0.0,0.0,0.0,0,0.0
56.0,22.4,94.0,0.0,late,0.9,0.5,6,0.0,0.0,0.0,0.0,0,0.0
56.0,22.4,96.0,0.0,initial,0.7,0.7,8,0.0,0.0,0.0,0.0,0,0.0
56.0,22.4,96.0,0.0,late,0.3,1.0,5,0.0,0.0,0.0,0.0,0,0.0
56.0,22.4,98.0,0.0,initial,0.7,0.7,5,0.0,0.0,0.0,0.0,0,0.0
56.0,22.5,88.0,0.0,initial,0.9,0.5,5,0.0,0.0,0.0,0.0,0,0.0
56.0,22.5,95.0,0.0,initial,0.3,1.0,6,0.0,0.0,0.0,0.0,0,0.0
56.0,22.5,96.0,0.0,initial,0.0,1.0,5,0.0,0.0,0.0,0.0,0,0.0
56.0,22.6,76.0,0.0,development,-1.0,0.0,5,0.0,0.0,0.0,0.0,0,0.0
56.0,22.6,92.0,0.0,development,0.5,0.9,5,0.0,0.0,0.0,0.0,0,0.0
56.0,22.6,92.0,0.0,late,0.3,1.0,5,0.0,0.0,0.0,0.0,0,0.0
56.0,22.6,93.0,0.3,initial,1.0,0.0,5,0.0,0.0,0.0,0.0,0,0.0
56.0,22.6,95.0,0.0,development,0.9,0.5,6,0.0,0.0,0.0,0.0,0,0.0
56.0,22.6,95.0,0.0,mid,-0.3,1.0,5,0.0,0.0,0.0,0.0,0,0.0
56.0,22.6,96.0,0.0,initial,0.9,0.5,7,0.0,0.0,0.0,0.0,0,0.0
56.0,22.6,96.0,0.0,late,0.7,0.7,5,0.0,0.0,0.0,0.0,0,0.0
56.0,22.6,97.0,0.0,late,0.0,1.0,5,0.0,0.0,0.0,0.0,0,0.0
56.0,22.7,73.0,0.0,late,-1.0,0.3,5,0.0,0.0,0.0,0.0,0,0.0
56.0,22.7,91.0,0.0,mid,0.0,1.0,5,0.0,0.0,0.0,0.0,0,0.0
56.0,22.7,94.0,0.0,initial,0.3,1.0,5,0.0,0.0,0.0,0.0,0,0.0
56.0,22.7,94.0,0.1,late,1.0,0.3,5,0.0,0.0,0.0,0.0,0,0.0
56.0,22.7,95.0,0.0,initial,-0.3,1.0,5,0.0,0.0,0.0,0.0,0,0.0
56.0,22.7,96.0,0.0,initial,0.5,0.9,7,0.0,0.0,0.0,0.0,0,0.0
56.0,22.8,84.0,0.0,late,0.0,1.0,5,0.0,0.0,0.0,0.0,0,0.0
56.0,22.8,86.0,0.0,initial,0.5,0.9,5,0.0,0.0,0.0,0.0,0,0.0
56.0,22.8,86.0,1.1,late,1.0,-0.3,5,0.0,0.0,0.0,0.0,0,0.0
56.0,22.8,89.0,0.0,development,-0.5,0.9,6,0.0,0.0,0.0,0.0,0,0.0
56.0,22.8,89.0,0.0,initial,0.0,1.0,6,0.0,0.0,0.0,0.0,0,0.0
56.0,22.8,90.0,0.0,late,0.0,1.0,5,0.0,0.0,0.0,0.0,0,0.0
56.0,22.8,93.0,0.0,late,1.0,0.3,5,0.0,0.0,0.0,0.0,0,0.0
56.0,22.8,96.0,0.0,development,0.9,0.5,8,0.0,0.0,0.0,0.0,0,0.0
56.0,22.8,97.0,0.0,initial,-0.3,1.0,5,0.0,0.0,0.0,0.0,0,0.0
56.0,22.9,86.0,0.0,initial,-0.7,0.7,6,0.0,0.0,0.0,0.0,0,0.0
56.0,22.9,91.0,0.0,late,0.7,0.7,5,0.0,0.0,0.0,0.0,0,0.0
56.0,22.9,92.0,0.0,development,0.9,0.5,5,0.0,0.0,0.0,0.0,0,0.0
56.0,22.9,95.0,0.0,initial,0.5,0.9,7,0.0,0.0,0.0,0.0,0,0.0
56.0,22.9,96.0,0.0,initial,0.9,0.5,6,0.0,0.0,0.0,0.0,0,0.0
56.0,22.9,96.0,0.0,mid,0.9,0.5,6,0.0,0.0,0.0,0.0,0,0.0
56.0,23.0,84.0,0.0,development,0.3,1.0,5,0.0,0.0,0.0,0.0,0,0.0
56.0,23.0,87.0,0.0,late,1.0,0.3,6,0.0,0.0,0.0,0.0,0,0.0
56.0,23.0,90.0,0.0,initial,0.9,0.5,8,0.0,0.0,0.0,0.0,0,0.0
56.0,23.0,92.0,0.0,initial,0.9,0.5,5,0.0,0.0,0.0,0.0,0,0.0
56.0,23.0,93.0,0.0,initial,0.7,0.7,5,0.0,0.0,0.0,0.0,0,0.0
56.0,23.0,95.0,0.0,development,1.0,0.3,6,0.0,0.0,0.0,0.0,0,0.0
56.0,23.0,95.0,0.0,late,0.9,0.5,8,0.0,0.0,0.0,0.0,0,0.0
56.0,23.0,96.0,0.0,initial,0.9,0.5,5,0.0,0.0,0.0,0.0,0,0.0
56.0,23.0,96.0,0.0,mid,1.0,0.3,5,0.0,0.0,0.0,0.0,0,0.0
56.0,23.1,82.0,0.0,initial,0.0,1.0,5,0.0,0.0,0.0,0.0,0,0.0
56.0,23.1,83.0,0.0,initial,0.0,1.0,6,0.0,0.0,0.0,0.0,0,0.0
56.0,23.1,85.0,0.0,initial,0.3,1.0,5,0.0,0.0,0.0,0.0,0,0.0
56.0,23.1,89.0,0.0,initial,0.7,0.7,5,0.0,0.0,0.0,0.0,0,0.0
56.0,23.1,90.0,0.0,initial,1.0,0.3,5,0.0,0.0,0.0,0.0,0,0.0
56.0,23.1,91.0,0.0,development,0.0,1.0,5,0.0,0.0,0.0,0.0,0,0.0
56.0,23.1,94.0,0.0,late,0.9,0.5,5,0.0,0.0,0.0,0.0,0,0.0
56.0,23.1,94.0,0.0,mid,-1.0,0.3,5,0.0,0.0,0.0,0.0,0,0.0
56.0,23.1,95.0,0.0,development,0.7,0.7,5,0.0,0.0,0.0,0.0,0,0.0
56.0,23.1,95.0,0.0,initial,1.0,0.3,7,0.0,0.0,0.0,0.0,0,0.0
56.0,23.1,95.0,0.0,mid,0.5,0.9,5,0.0,0.0,0.0,0.0,0,0.0
56.0,23.1,96.0,0.0,initial,0.5,0.9,6,0.0,0.0,0.0,0.0,0,0.0
56.0,23.2,83.0,0.0,initial,-0.7,0.7,5,0.0,0.0,0.0,0.0,0,0.0
56.0,23.2,91.0,0.1,development,1.0,0.3,5,0.0,0.0,0.0,0.0,0,0.0
56.0,23.2,92.0,0.0,initial,-0.3,1.0,6,0.0,0.0,0.0,0.0,0,0.0
56.0,23.2,93.0,0.0,development,0.5,0.9,5,0.0,0.0,0.0,0.0,0,0.0
56.0,23.2,93.0,0.0,initial,0.5,0.9,5,0.0,0.0,0.0,0.0,0,0.0
56.0,23.2,94.0,0.0,development,0.5,0.9,6,0.0,0.0,0.0,0.0,0,0.0
56.0,23.2,95.0,0.0,development,0.7,0.7,5,0.0,0.0,0.0,0.0,0,0.0
56.0,23.2,95.0,0.0,initial,0.7,0.7,8,0.0,0.0,0.0,0.0,0,0.0
56.0,23.2,95.0,0.0,late,0.7,0.7,7,0.0,0.0,0.0,0.0,0,0.0
56.0,23.2,95.0,0.0,mid,1.0,0.3,5,0.0,0.0,0.0,0.0,0,0.0
56.0,23.2,96.0,0.0,initial,0.3,1.0,6,0.0,0.0,0.0,0.0,0,0.0
56.0,23.3,83.0,1.0,development,1.0,0.0,5,0.0,0.0,0.0,0.0,0,0.0
56.0,23.3,89.0,0.0,initial,0.5,0.9,5,0.0,0.0,0.0,0.0,0,0.0
56.0,23.3,90.0,0.0,late,0.9,0.5,5,0.0,0.0,0.0,0.0,0,0.0
56.0,23.3,91.0,0.0,initial,0.5,0.9,5,0.0,0.0,0.0,0.0,0,0.0
56.0,23.3,92.0,0.4,mid,1.0,0.0,5,0.0,0.0,0.0,0.0,0,0.0
56.0,23.3,96.0,0.0,mid,0.7,0.7,5,0.0,0.0,0.0,0.0,0,0.0
56.0,23.3,97.0,0.0,late,0.7,0.7,6,0.0,0.0,0.0,0.0,0,0.0
56.0,23.4,76.0,1.0,late,1.0,0.0,5,0.0,0.0,0.0,0.0,0,0.0
56.0,23.4,81.0,0.0,development,-0.5,0.9,6,0.0,0.0,0.0,0.0,0,0.0
56.0,23.4,88.0,0.0,initial,0.9,0.5,6,0.0,0.0,0.0,0.0,0,0.0
56.0,23.4,93.0,0.0,initial,0.5,0.9,6,0.0,0.0,0.0,0.0,0,0.0
56.0,23.4,93.0,0.0,initial,0.9,0.5,6,0.0,0.0,0.0,0.0,0,0.0
56.0,23.4,95.0,0.0,late,0.0,1.0,6,0.0,0.0,0.0,0.0,0,0.0
56.0,23.4,96.0,0.0,development,0.3,1.0,5,0.0,0.0,0.0,0.0,0,0.0
56.0,23.4,96.0,0.0,late,0.7,0.7,8,0.0,0.0,0.0,0.0,0,0.0
56.0,23.4,97.0,0.0,late,0.7,0.7,7,0.0,0.0,0.0,0.0,0,0.0
56.0,23.5,77.0,0.0,initial,-1.0,-0.3,5,0.0,0.0,0.0,0.0,0,0.0
56.0,23.5,79.0,0.0,late,-0.5,0.9,5,0.0,0.0,0.0,0.0,0,0.0
56.0,23.5,90.0,0.0,initial,0.5,0.9,5,0.0,0.0,0.0,0.0,0,0.0
56.0,23.5,94.0,0.0,development,0.9,0.5,7,0.0,0.0,0.0,0.0,0,0.0
56.0,23.5,95.0,0.0,late,0.5,0.9,7,0.0,0.0,0.0,0.0,0,0.0
56.0,23.5,96.0,0.0,development,0.0,1.0,6,0.0,0.0,0.0,0.0,0,0.0
56.0,23.5,96.0,0.0,late,1.0,0.3,7,0.0,0.0,0.0,0.0,0,0.0
56.0,23.6,86.0,0.0,initial,0.7,0.7,6,0.0,0.0,0.0,0.0,0,0.0
56.0,23.6,91.0,0.0,initial,0.7,0.7,5,0.0,0.0,0.0,0.0,0,0.0
56.0,23.6,92.0,0.0,initial,0.5,0.9,5,0.0,0.0,0.0,0.0,0,0.0
56.0,23.6,92.0,0.0,initial,0.9,0.5,9,0.0,0.0,0.0,0.0,0,0.0
56.0,23.6,93.0,0.0,initial,0.9,0.5,7,0.0,0.0,0.0,0.0,0,0.0
56.0,23.6,93.0,0.0,initial,1.0,0.3,10,0.0,0.0,0.0,0.0,0,0.0
56.0,23.6,94.0,0.0,initial,0.0,1.0,5,0.0,0.0,0.0,0.0,0,0.0
56.0,23.6,95.0,0.0,development,0.9,0.5,7,0.0,0.0,0.0,0.0,0,0.0
56.0,23.6,95.0,0.0,development,1.0,0.3,6,0.0,0.0,0.0,0.0,0,0.0
56.0,23.6,95.0,0.0,late,0.3,1.0,7,0.0,0.0,0.0,0.0,0,0.0
56.0,23.6,96.0,0.0,development,0.3,1.0,5,0.0,0.0,0.0,0.0,0,0.0
56.0,23.6,97.0,0.0,late,1.0,0.3,5,0.0,0.0,0.0,0.0,0,0.0
56.0,23.6,98.0,0.0,development,1.0,0.3,5,0.0,0.0,0.0,0.0,0,0.0
56.0,23.7,89.0,0.0,initial,-0.5,0.9,6,0.0,0.0,0.0,0.0,0,0.0
56.0,23.7,89.0,0.0,mid,-0.7,0.7,5,0.0,0.0,0.0,0.0,0,0.0
56.0,23.7,90.0,0.0,late,0.0,1.0,5,0.0,0.0,0.0,0.0,0,0.0
56.0,23.7,90.0,0.0,late,0.3,1.0,6,0.0,0.0,0.0,0.0,0,0.0
56.0,23.7,91.0,0.0,initial,0.3,1.0,6,0.0,0.0,0.0,0.0,0,0.0
56.0,23.7,92.0,0.0,initial,0.3,1.0,8,0.0,0.0,0.0,0.0,0,0.0
56.0,23.7,93.0,0.0,development,1.0,0.3,5,0.0,0.0,0.0,0.0,0,0.0
56.0,23.7,94.0,0.0,development,0.7,0.7,8,0.0,0.0,0.0,0.0,0,0.0
56.0,23.7,94.0,0.0,development,0.9,0.5,5,0.0,0.0,0.0,0.0,0,0.0
56.0,23.7,94.0,0.0,late,-0.3,1.0,5,0.0,0.0,0.0,0.0,0,0.0
56.0,23.7,95.0,0.0,development,-0.3,1.0,6,0.0,0.0,0.0,0.0,0,0.0
56.0,23.8,74.0,0.0,development,-0.9,0.5,6,0.0,0.0,0.0,0.0,0,0.0
56.0,23.8,78.0,2.0,late,0.9,-0.5,5,0.0,0.0,0.0,0.0,0,0.0
56.0,23.8,81.0,0.9,initial,1.0,0.0,6,0.0,0.0,0.0,0.0,0,0.0
56.0,23.8,90.0,0.0,development,0.0,1.0,5,0.0,0.0,0.0,0.0,0,0.0
56.0,23.8,90.0,0.0,initial,0.0,1.0,5,0.0,0.0,0.0,0.0,0,0.0
56.0,23.8,90.0,0.0,late,-0.3,1.0,5,0.0,0.0,0.0,0.0,0,0.0
56.0,23.8,90.0,0.0,late,0.0,1.0,6,0.0,0.0,0.0,0.0,0,0.0
56.0,23.8,91.0,0.0,initial,0.5,0.9,5,0.0,0.0,0.0,0.0,0,0.0
56.0,23.8,91.0,0.0,initial,0.9,0.5,7,0.0,0.0,0.0,0.0,0,0.0
56.0,23.8,92.0,0.0,initial,0.7,0.7,8,0.0,0.0,0.0,0.0,0,0.0
56.0,23.8,95.0,0.0,development,0.0,1.0,6,0.0,0.0,0.0,0.0,0,0.0
56.0,23.9,84.0,0.0,late,0.0,1.0,6,0.0,0.0,0.0,0.0,0,0.0
56.0,23.9,85.0,0.0,initial,0.5,0.9,6,0.0,0.0,0.0,0.0,0,0.0
56.0,23.9,87.0,0.6,initial,1.0,0.0,5,0.0,0.0,0.0,0.0,0,0.0
56.0,23.9,89.0,0.0,initial,0.5,0.9,6,0.0,0.0,0.0,0.0,0,0.0
56.0,23.9,90.0,0.0,initial,0.9,0.5,5,0.0,0.0,0.0,0.0,0,0.0
56.0,23.9,91.0,0.0,initial,0.5,0.9,5,0.0,0.0,0.0,0.0,0,0.0
56.0,23.9,92.0,0.0,development,0.7,0.7,5,0.0,0.0,0.0,0.0,0,0.0
56.0,23.9,93.0,0.0,initial,-0.7,0.7,6,0.0,0.0,0.0,0.0,0,0.0
56.0,23.9,97.0,0.0,development,0.3,1.0,5,0.0,0.0,0.0,0.0,0,0.0
56.0,24.0,76.0,1.2,late,1.0,-0.3,5,0.0,0.0,0.0,0.0,0,0.0
56.0,24.0,83.0,0.0,late,-0.3,1.0,5,0.0,0.0,0.0,0.0,0,0.0
56.0,24.0,90.0,0.0,initial,0.7,0.7,5,0.0,0.0,0.0,0.0,0,0.0
56.0,24.0,90.0,0.7,development,1.0,-0.3,5,0.0,0.0,0.0,0.0,0,0.0
56.0,24.0,97.0,0.0,development,0.0,1.0,6,0.0,0.0,0.0,0.0,0,0.0
56.0,24.0,97.0,0.0,initial,0.7,0.7,6,0.0,0.0,0.0,0.0,0,0.0
56.0,24.0,97.0,0.0,initial,1.0,0.3,5,0.0,0.0,0.0,0.0,0,0.0
56.0,24.1,76.0,0.0,late,-1.0,-0.3,5,0.0,0.0,0.0,0.0,0,0.0
56.0,24.1,83.0,0.8,mid,0.9,-0.5,5,0.0,0.0,0.0,0.0,0,0.0
56.0,24.1,88.0,0.0,initial,0.3,1.0,8,0.0,0.0,0.0,0.0,0,0.0
56.0,24.1,88.0,0.0,initial,0.7,0.7,5,0.0,0.0,0.0,0.0,0,0.0
56.0,24.1,92.0,0.0,development,-0.7,0.7,7,0.0,0.0,0.0,0.0,0,0.0
56.0,24.1,95.0,0.0,development,0.0,1.0,5,0.0,0.0,0.0,0.0,0,0.0
56.0,24.2,75.0,0.0,initial,-1.0,0.0,6,0.0,0.0,0.0,0.0,0,0.0
56.0,24.2,79.0,0.0,initial,-0.7,0.7,5,0.0,0.0,0.0,0.0,0,0.0
56.0,24.2,80.0,0.0,initial,-0.3,1.0,5,0.0,0.0,0.0,0.0,0,0.0
56.0,24.2,83.0,0.0,initial,0.3,1.0,6,0.0,0.0,0.0,0.0,0,0.0
56.0,24.2,86.0,0.0,development,-0.3,1.0,5,0.0,0.0,0.0,0.0,0,0.0
56.0,24.2,88.0,0.0,initial,0.0,1.0,7,0.0,0.0,0.0,0.0,0,0.0
56.0,24.2,88.0,0.0,initial,0.5,0.9,5,0.0,0.0,0.0,0.0,0,0.0
56.0,24.2,90.0,0.0,initial,0.3,1.0,5,0.0,0.0,0.0,0.0,0,0.0
56.0,24.2,92.0,0.0,late,-0.7,0.7,5,0.0,0.0,0.0,0.0,0,0.0
56.0,24.3,67.0,0.0,initial,-1.0,-0.3,5,0.0,0.0,0.0,0.0,0,0.0
56.0,24.3,68.0,0.0,initial,-1.0,0.0,5,0.0,0.0,0.0,0.0,0,0.0
56.0,24.3,76.0,0.3,initial,-0.9,-0.5,5,0.0,0.0,0.0,0.0,0,0.0
56.0,24.3,82.0,0.0,initial,-0.3,1.0,5,0.0,0.0,0.0,0.0,0,0.0
56.0,24.3,83.0,0.0,initial,-1.0,0.3,5,0.0,0.0,0.0,0.0,0,0.0
56.0,24.3,86.0,0.0,initial,0.9,0.5,5,0.0,0.0,0.0,0.0,0,0.0
56.0,24.3,87.0,0.0,initial,0.0,1.0,5,0.0,0.0,0.0,0.0,0,0.0
56.0,24.3,88.0,0.0,development,-0.3,1.0,5,0.0,0.0,0.0,0.0,0,0.0
56.0,24.3,91.0,0.0,initial,0.5,0.9,5,0.0,0.0,0.0,0.0,0,0.0
56.0,24.3,95.0,0.0,development,0.5,0.9,7,0.0,0.0,0.0,0.0,0,0.0
56.0,24.4,73.0,0.3,development,-0.9,-0.5,5,0.0,0.0,0.0,0.0,0,0.0
56.0,24.4,84.0,0.0,development,0.9,0.5,5,0.0,0.0,0.0,0.0,0,0.0
56.0,24.4,85.0,0.6,initial,1.0,0.0,5,0.0,0.0,0.0,0.0,0,0.0
56.0,24.4,87.0,0.0,initial,0.3,1.0,6,0.0,0.0,0.0,0.0,0,0.0
56.0,24.4,89.0,0.0,development,0.0,1.0,6,0.0,0.0,0.0,0.0,0,0.0
56.0,24.5,86.0,0.0,development,0.0,1.0,5,0.0,0.0,0.0,0.0,0,0.0
56.0,24.5,86.0,0.0,initial,0.0,1.0,5,0.0,0.0,0.0,0.0,0,0.0
56.0,24.5,87.0,0.0,initial,0.0,1.0,5,0.0,0.0,0.0,0.0,0,0.0
56.0,24.5,88.0,0.0,initial,0.0,1.0,5,0.0,0.0,0.0,0.0,0,0.0
56.0,24.5,92.0,0.4,development,1.0,0.0,6,0.0,0.0,0.0,0.0,0,0.0
56.0,24.5,95.0,0.0,late,-0.5,0.9,5,0.0,0.0,0.0,0.0,0,0.0
56.0,24.6,72.0,0.0,initial,-1.0,0.0,5,0.0,0.0,0.0,0.0,0,0.0
56.0,24.6,79.0,0.0,initial,-0.5,0.9,5,0.0,0.0,0.0,0.0,0,0.0
56.0,24.6,81.0,0.0,mid,-0.7,0.7,6,0.0,0.0,0.0,0.0,0,0.0
56.0,24.6,82.0,0.0,initial,-0.3,1.0,6,0.0,0.0,0.0,0.0,0,0.0
56.0,24.6,83.0,0.0,development,0.7,0.7,5,0.0,0.0,0.0,0.0,0,0.0
56.0,24.6,85.0,0.0,initial,-0.5,0.9,6,0.0,0.0,0.0,0.0,0,0.0
56.0,24.7,67.0,0.0,initial,-1.0,-0.3,5,0.0,0.0,0.0,0.0,0,0.0
56.0,24.7,70.0,0.0,initial,-0.9,0.5,5,0.0,0.0,0.0,0.0,0,0.0
56.0,24.7,73.0,0.0,initial,-1.0,0.0,5,0.0,0.0,0.0,0.0,0,0.0
56.0,24.7,84.0,0.0,development,0.0,1.0,5,0.0,0.0,0.0,0.0,0,0.0
56.0,24.7,84.0,0.0,initial,-0.5,0.9,5,0.0,0.0,0.0,0.0,0,0.0
56.0,24.7,89.0,0.7,development,1.0,0.0,5,0.0,0.0,0.0,0.0,0,0.0
56.0,24.7,91.0,0.0,initial,-0.5,0.9,7,0.0,0.0,0.0,0.0,0,0.0
56.0,24.8,76.0,0.0,development,-0.9,0.5,5,0.0,0.0,0.0,0.0,0,0.0
56.0,24.8,78.0,0.0,initial,-1.0,-0.3,5,0.0,0.0,0.0,0.0,0,0.0
56.0,24.8,78.0,0.8,initial,1.0,0.0,5,0.0,0.0,0.0,0.0,0,0.0
56.0,24.8,82.0,0.0,development,-0.5,0.9,6,0.0,0.0,0.0,0.0,0,0.0
56.0,24.8,84.0,0.0,late,-0.5,0.9,5,0.0,0.0,0.0,0.0,0,0.0
56.0,24.8,85.0,0.0,development,0.0,1.0,5,0.0,0.0,0.0,0.0,0,0.0
56.0,24.8,90.0,0.5,mid,1.0,0.0,6,0.0,0.0,0.0,0.0,0,0.0
56.0,24.9,76.0,0.0,late,-0.9,0.5,5,0.0,0.0,0.0,0.0,0,0.0
56.0,24.9,77.0,0.0,late,-0.9,0.5,5,0.0,0.0,0.0,0.0,0,0.0
56.0,24.9,82.0,0.0,initial,-0.5,0.9,6,0.0,0.0,0.0,0.0,0,0.0
56.0,24.9,84.0,0.0,initial,0.0,1.0,5,0.0,0.0,0.0,0.0,0,0.0
56.0,25.0,72.0,0.0,initial,-0.7,0.7,5,0.0,0.0,0.0,0.0,0,0.0
56.0,25.0,76.0,0.0,initial,-0.7,0.7,7,0.0,0.0,0.0,0.0,0,0.0
56.0,25.0,81.0,0.0,development,-0.5,0.9,5,0.0,0.0,0.0,0.0,0,0.0
56.0,25.0,85.0,0.0,initial,0.0,1.0,7,0.0,0.0,0.0,0.0,0,0.0
56.0,25.0,95.0,0.4,late,1.0,0.0,5,0.0,0.0,0.0,0.0,0,0.0
56.0,25.1,81.0,0.9,mid,0.9,-0.5,5,0.0,0.0,0.0,0.0,0,0.0
56.0,25.1,83.0,0.0,initial,-0.5,0.9,5,0.0,0.0,0.0,0.0,0,0.0
56.0,25.1,84.0,0.4,initial,1.0,0.0,5,0.0,0.0,0.0,0.0,0,0.0
56.0,25.1,85.0,0.0,development,-0.7,0.7,5,0.0,0.0,0.0,0.0,0,0.0
56.0,25.1,85.0,0.9,initial,1.0,-0.3,5,0.0,0.0,0.0,0.0,0,0.0
56.0,25.2,76.0,0.0,initial,-0.9,0.5,7,0.0,0.0,0.0,0.0,0,0.0
56.0,25.2,78.0,0.0,initial,-0.9,0.5,8,0.0,0.0,0.0,0.0,0,0.0
56.0,25.2,80.0,0.0,development,-0.5,0.9,6,0.0,0.0,0.0,0.0,0,0.0
56.0,25.3,75.0,0.0,development,-1.0,0.3,5,0.0,0.0,0.0,0.0,0,0.0
56.0,25.3,79.0,0.0,late,-0.7,0.7,5,0.0,0.0,0.0,0.0,0,0.0
56.0,25.4,79.0,0.0,development,-0.3,1.0,5,0.0,0.0,0.0,0.0,0,0.0
56.0,25.4,83.0,0.0,initial,-0.5,0.9,5,0.0,0.0,0.0,0.0,0,0.0
56.0,25.4,87.0,0.4,late,1.0,0.0,5,0.0,0.0,0.0,0.0,0,0.0
56.0,25.4,88.0,0.0,development,-0.7,0.7,5,0.0,0.0,0.0,0.0,0,0.0
56.0,25.4,88.0,0.0,initial,-0.3,1.0,5,0.0,0.0,0.0,0.0,0,0.0
56.0,25.4,90.0,0.0,late,0.0,1.0,5,0.0,0.0,0.0,0.0,0,0.0
56.0,25.4,91.0,0.9,late,1.0,-0.3,5,0.0,0.0,0.0,0.0,0,0.0
56.0,25.5,83.0,0.0,initial,-0.7,0.7,6,0.0,0.0,0.0,0.0,0,0.0
56.0,25.5,84.0,0.0,initial,-0.5,0.9,5,0.0,0.0,0.0,0.0,0,0.0
56.0,25.6,57.0,0.5,initial,-0.9,-0.5,5,0.0,0.0,0.0,0.0,0,0.0
56.0,25.6,66.0,1.7,late,0.7,-0.7,5,0.0,0.0,0.0,0.0,0,0.0
56.0,25.6,71.0,0.0,development,-1.0,0.3,6,0.0,0.0,0.0,0.0,0,0.0
56.0,25.6,72.0,0.0,initial,-0.9,0.5,5,0.0,0.0,0.0,0.0,0,0.0
56.0,25.6,74.0,0.0,development,-1.0,0.3,5,0.0,0.0,0.0,0.0,0,0.0
56.0,25.6,78.0,0.0,development,-1.0,0.3,5,0.0,0.0,0.0,0.0,0,0.0
56.0,25.6,78.0,0.0,development,-0.5,0.9,5,0.0,0.0,0.0,0.0,0,0.0
56.0,25.6,85.0,0.4,initial,1.0,0.0,5,0.0,0.0,0.0,0.0,0,0.0
56.0,25.6,94.0,0.0,late,-0.3,1.0,5,0.0,0.0,0.0,0.0,0,0.0
56.0,25.6,95.0,0.0,development,-0.3,1.0,5,0.0,0.0,0.0,0.0,0,0.0
56.0,25.7,64.0,1.8,initial,0.7,-0.7,5,0.0,0.0,0.0,0.0,0,0.0
56.0,25.7,71.0,1.7,initial,0.7,-0.7,6,0.0,0.0,0.0,0.0,0,0.0
56.0,25.7,72.0,1.8,initial,0.7,-0.7,5,0.0,0.0,0.0,0.0,0,0.0
56.0,25.7,79.0,0.0,initial,-0.7,0.7,6,0.0,0.0,0.0,0.0,0,0.0
56.0,25.7,85.0,0.0,development,0.3,1.0,6,0.0,0.0,0.0,0.0,0,0.0
56.0,25.8,73.0,0.0,initial,-0.9,0.5,5,0.0,0.0,0.0,0.0,0,0.0
56.0,25.8,76.0,0.0,development,-0.7,0.7,6,0.0,0.0,0.0,0.0,0,0.0
56.0,25.8,76.0,0.0,initial,-0.7,0.7,5,0.0,0.0,0.0,0.0,0,0.0
56.0,25.9,66.0,0.6,initial,-0.7,-0.7,5,0.0,0.0,0.0,0.0,0,0.0
56.0,25.9,73.0,0.0,initial,-0.9,0.5,9,0.0,0.0,0.0,0.0,0,0.0
56.0,25.9,75.0,0.0,late,-1.0,0.3,6,0.0,0.0,0.0,0.0,0,0.0
56.0,25.9,77.0,0.0,late,-1.0,0.3,5,0.0,0.0,0.0,0.0,0,0.0
56.0,25.9,80.0,0.0,late,-1.0,0.3,5,0.0,0.0,0.0,0.0,0,0.0
56.0,25.9,81.0,0.0,initial,-0.7,0.7,6,0.0,0.0,0.0,0.0,0,0.0
56.0,26.0,75.0,0.0,late,-0.9,0.5,5,0.0,0.0,0.0,0.0,0,0.0
56.0,26.0,76.0,0.8,initial,1.0,0.0,6,0.0,0.0,0.0,0.0,0,0.0
56.0,26.0,84.0,1.0,development,1.0,-0.3,5,0.0,0.0,0.0,0.0,0,0.0
56.0,26.1,71.0,1.7,mid,-0.5,-0.9,5,0.0,0.0,0.0,0.0,0,0.0
56.0,26.2,61.0,0.0,initial,-1.0,0.3,5,0.0,0.0,0.0,0.0,0,0.0
56.0,26.2,69.0,0.0,development,-1.0,0.0,5,0.0,0.0,0.0,0.0,0,0.0
56.0,26.2,73.0,0.0,initial,-0.9,0.5,7,0.0,0.0,0.0,0.0,0,0.0
56.0,26.2,76.0,0.0,initial,-1.0,0.3,5,0.0,0.0,0.0,0.0,0,0.0
56.0,26.2,76.0,1.0,late,1.0,-0.3,8,0.0,0.0,0.0,0.0,0,0.0
56.0,26.2,82.0,0.0,late,-0.7,0.7,5,0.0,0.0,0.0,0.0,0,0.0
56.0,26.3,73.0,0.0,initial,-0.9,0.5,5,0.0,0.0,0.0,0.0,0,0.0
56.0,26.3,75.0,0.0,late,-0.9,0.5,5,0.0,0.0,0.0,0.0,0,0.0
56.0,26.3,78.0,0.0,initial,-0.9,0.5,7,0.0,0.0,0.0,0.0,0,0.0
56.0,26.4,55.0,2.2,initial,0.9,-0.5,5,0.0,0.0,0.0,0.0,0,0.0
56.0,26.4,71.0,0.0,initial,-1.0,0.0,5,0.0,0.0,0.0,0.0,0,0.0
56.0,26.4,75.0,0.0,initial,-0.9,0.5,8,0.0,0.0,0.0,0.0,0,0.0
56.0,26.4,75.0,0.1,development,-1.0,-0.3,5,0.0,0.0,0.0,0.0,0,0.0
56.0,26.4,85.0,0.8,development,1.0,-0.3,6,0.0,0.0,0.0,0.0,0,0.0
56.0,26.4,88.0,1.0,late,1.0,-0.3,5,0.0,0.0,0.0,0.0,0,0.0
56.0,26.5,66.0,0.0,development,-1.0,-0.3,5,0.0,0.0,0.0,0.0,0,0.0
56.0,26.5,73.0,0.0,development,-1.0,0.3,5,0.0,0.0,0.0,0.0,0,0.0
56.0,26.6,67.0,1.3,initial,1.0,-0.3,7,0.0,0.0,0.0,0.0,0,0.0
56.0,26.6,69.0,0.0,initial,-1.0,0.3,5,0.0,0.0,0.0,0.0,0,0.0
56.0,26.6,73.0,0.0,initial,-0.9,0.5,5,0.0,0.0,0.0,0.0,0,0.0
56.0,26.6,80.0,0.0,development,-0.5,0.9,5,0.0,0.0,0.0,0.0,0,0.0
56.0,26.7,56.0,1.1,late,-0.7,-0.7,5,0.0,0.0,0.0,0.0,0,0.0
56.0,26.7,62.0,0.0,late,-1.0,0.0,5,0.0,0.0,0.0,0.0,0,0.0
56.0,26.7,69.0,1.2,initial,1.0,-0.3,5,0.0,0.0,0.0,0.0,0,0.0
56.0,26.7,74.0,1.6,initial,0.9,-0.5,6,0.0,0.0,0.0,0.0,0,0.0
56.0,26.7,81.0,0.0,development,-0.7,0.7,5,0.0,0.0,0.0,0.0,0,0.0
56.0,26.8,57.0,0.0,initial,-1.0,0.0,5,0.0,0.0,0.0,0.0,0,0.0
56.0,26.8,59.0,0.6,initial,-0.9,-0.5,5,0.0,0.0,0.0,0.0,0,0.0
56.0,26.8,70.0,1.4,initial,1.0,-0.3,5,0.0,0.0,0.0,0.0,0,0.0
56.0,26.8,78.0,0.0,late,-1.0,-0.3,5,0.0,0.0,0.0,0.0,0,0.0
56.0,26.9,54.0,1.0,development,-0.7,-0.7,6,0.0,0.0,0.0,0.0,0,0.0
56.0,26.9,69.0,0.0,initial,-1.0,0.0,5,0.0,0.0,0.0,0.0,0,0.0
56.0,26.9,71.0,0.0,late,-1.0,0.3,5,0.0,0.0,0.0,0.0,0,0.0
56.0,27.0,63.0,2.2,development,0.9,-0.5,5,0.0,0.0,0.0,0.0,0,0.0
56.0,27.1,61.0,1.4,initial,-0.5,-0.9,5,0.0,0.0,0.0,0.0,0,0.0
56.0,27.1,71.0,0.0,initial,-1.0,0.0,5,0.0,0.0,0.0,0.0,0,0.0
56.0,27.1,76.0,1.2,mid,1.0,-0.3,5,0.0,0.0,0.0,0.0,0,0.0
56.0,27.1,82.0,0.0,development,-0.7,0.7,5,0.0,0.0,0.0,0.0,0,0.0
56.0,27.2,58.0,0.3,mid,-1.0,-0.3,6,0.0,0.0,0.0,0.0,0,0.0
56.0,27.2,62.0,0.0,development,-1.0,-0.3,6,0.0,0.0,0.0,0.0,0,0.0
56.0,27.3,66.0,0.0,late,-1.0,0.0,5,0.0,0.0,0.0,0.0,0,0.0
56.0,27.4,49.0,0.7,development,-0.9,-0.5,5,0.0,0.0,0.0,0.0,0,0.0
56.0,27.4,50.0,0.5,late,-0.9,-0.5,5,0.0,0.0,0.0,0.0,0,0.0
56.0,27.4,70.0,1.3,initial,1.0,-0.3,5,0.0,0.0,0.0,0.0,0,0.0
56.0,27.5,53.0,1.7,development,-0.5,-0.9,5,0.0,0.0,0.0,0.0,0,0.0
56.0,27.5,56.0,2.2,development,0.9,-0.5,6,0.0,0.0,0.0,0.0,0,0.0
56.0,27.5,74.0,1.3,initial,0.9,-0.5,5,0.0,0.0,0.0,0.0,0,0.0
56.0,27.6,63.0,0.0,initial,-1.0,0.0,11,0.0,0.0,0.0,0.0,0,0.0
56.0,27.6,64.0,1.4,initial,1.0,-0.3,8,0.0,0.0,0.0,0.0,0,0.0
56.0,27.6,67.0,0.0,initial,-1.0,0.0,5,0.0,0.0,0.0,0.0,0,0.0
56.0,27.9,54.0,2.0,development,-0.5,-0.9,5,0.0,0.0,0.0,0.0,0,0.0
56.0,27.9,66.0,0.0,development,-1.0,0.0,5,0.0,0.0,0.0,0.0,0,0.0
56.0,28.0,40.0,2.8,initial,0.5,-0.9,5,0.0,0.0,0.0,0.0,0,0.0
56.0,28.0,64.0,0.0,initial,-1.0,0.0,6,0.0,0.0,0.0,0.0,0,0.0
56.0,28.2,51.0,2.0,late,-0.3,-1.0,6,0.0,0.0,0.0,0.0,0,0.0
56.0,28.2,62.0,0.0,initial,-1.0,0.0,7,0.0,0.0,0.0,0.0,0,0.0
56.0,28.2,71.0,0.0,initial,-1.0,0.0,5,0.0,0.0,0.0,0.0,0,0.0
56.0,28.2,72.0,0.0,development,-0.9,0.5,5,0.0,0.0,0.0,0.0,0,0.0
56.0,28.3,64.0,1.2,initial,-0.7,-0.7,6,0.0,0.0,0.0,0.0,0,0.0
56.0,28.3,68.0,0.2,development,-1.0,-0.3,5,0.0,0.0,0.0,0.0,0,0.0
56.0,28.5,46.0,1.9,initial,-0.5,-0.9,5,0.0,0.0,0.0,0.0,0,0.0
56.0,28.5,52.0,2.2,initial,0.0,-1.0,5,0.0,0.0,0.0,0.0,0,0.0
56.0,28.5,62.0,1.6,initial,-0.3,-1.0,5,0.0,0.0,0.0,0.0,0,0.0
56.0,28.7,61.0,0.3,initial,-1.0,-0.3,5,0.0,0.0,0.0,0.0,0,0.0
56.0,28.7,63.0,0.0,initial,-1.0,0.0,6,0.0,0.0,0.0,0.0,0,0.0
56.0,28.8,53.0,2.8,initial,0.0,-1.0,5,0.0,0.0,0.0,0.0,0,0.0
56.0,28.9,60.0,0.0,initial,-1.0,0.0,5,0.0,0.0,0.0,0.0,0,0.0
56.0,28.9,60.0,1.1,late,0.9,-0.5,5,0.0,0.0,0.0,0.0,0,0.0
56.0,29.0,50.0,2.4,late,-0.3,-1.0,5,0.0,0.0,0.0,0.0,0,0.0
56.0,29.1,50.0,0.7,late,-0.9,-0.5,6,0.0,0.0,0.0,0.0,0,0.0
56.0,29.2,63.0,0.3,development,-0.9,-0.5,5,0.0,0.0,0.0,0.0,0,0.0
56.0,29.3,48.0,1.9,late,-0.5,-0.9,5,0.0,0.0,0.0,0.0,0,0.0
56.0,29.4,61.0,2.6,development,-0.3,-1.0,5,0.0,0.0,0.0,0.0,0,0.0
56.0,29.6,49.0,1.2,initial,-0.7,-0.7,5,0.0,0.0,0.0,0.0,0,0.0
56.0,29.6,60.0,2.5,development,0.7,-0.7,6,0.0,0.0,0.0,0.0,0,0.0
56.0,29.6,61.0,1.5,late,0.9,-0.5,5,0.0,0.0,0.0,0.0,0,0.0
56.0,29.8,53.0,2.3,initial,0.9,-0.5,5,0.0,0.0,0.0,0.0,0,0.0
56.0,29.8,59.0,0.9,development,-0.7,-0.7,5,0.0,0.0,0.0,0.0,0,0.0
56.0,29.8,63.0,1.5,initial,0.9,-0.5,5,0.0,0.0,0.0,0.0,0,0.0
56.0,30.0,53.0,2.5,late,0.7,-0.7,6,0.0,0.0,0.0,0.0,0,0.0
56.0,30.2,53.0,0.1,late,-1.0,-0.3,5,0.0,0.0,0.0,0.0,0,0.0
56.0,30.2,55.0,1.6,initial,0.9,-0.5,5,0.0,0.0,0.0,0.0,0,0.0
56.0,30.2,57.0,1.7,initial,0.9,-0.5,6,0.0,0.0,0.0,0.0,0,0.0
56.0,30.3,54.0,0.5,development,-0.9,-0.5,6,0.0,0.0,0.0,0.0,0,0.0
56.0,30.3,56.0,0.7,development,-0.7,-0.7,6,0.0,0.0,0.0,0.0,0,0.0
56.0,30.4,39.0,1.6,initial,-0.3,-1.0,7,0.0,0.0,0.0,0.0,0,0.0
56.0,30.5,54.0,2.0,initial,0.9,-0.5,5,0.0,0.0,0.0,0.0,0,0.0
56.0,30.7,45.0,2.1,development,0.7,-0.7,6,0.0,0.0,0.0,0.0,0,0.0
56.0,30.8,52.0,2.4,initial,0.7,-0.7,5,0.0,0.0,0.0,0.0,0,0.0
56.0,30.9,52.0,0.9,initial,-0.9,-0.5,5,0.0,0.0,0.0,0.0,0,0.0
56.0,30.9,54.0,0.9,development,-0.9,-0.5,5,0.0,0.0,0.0,0.0,0,0.0
56.0,30.9,57.0,1.1,development,-0.5,-0.9,5,0.0,0.0,0.0,0.0,0,0.0
56.0,31.1,40.0,2.9,development,0.0,-1.0,5,0.0,0.0,0.0,0.0,0,0.0
56.0,31.1,51.0,0.6,development,-0.9,-0.5,5,0.0,0.0,0.0,0.0,0,0.0
56.0,31.1,53.0,1.8,initial,0.7,-0.7,5,0.0,0.0,0.0,0.0,0,0.0
56.0,31.1,54.0,0.8,development,-0.5,-0.9,5,0.0,0.0,0.0,0.0,0,0.0
56.0,31.2,50.0,0.9,initial,-0.9,-0.5,5,0.0,0.0,0.0,0.0,0,0.0
56.0,31.4,42.0,2.4,initial,0.3,-1.0,5,0.0,0.0,0.0,0.0,0,0.0
56.0,31.4,52.0,1.6,development,-0.7,-0.7,5,0.0,0.0,0.0,0.0,0,0.0
56.0,31.5,53.0,1.1,late,-0.7,-0.7,5,0.0,0.0,0.0,0.0,0,0.0
56.0,31.7,51.0,1.8,late,-0.5,-0.9,5,0.0,0.0,0.0,0.0,0,0.0
56.0,31.7,56.0,2.2,late,0.5,-0.9,5,0.0,0.0,0.0,0.0,0,0.0
56.0,31.8,50.0,2.2,mid,0.3,-1.0,5,0.0,0.0,0.0,0.0,0,0.0
56.0,31.9,46.0,2.5,initial,0.7,-0.7,5,0.0,0.0,0.0,0.0,0,0.0
56.0,31.9,51.0,1.7,development,-0.3,-1.0,5,0.0,0.0,0.0,0.0,0,0.0
56.0,32.0,48.0,2.1,initial,0.7,-0.7,6,0.0,0.0,0.0,0.0,0,0.0
56.0,32.1,40.0,2.5,development,-0.3,-1.0,5,0.0,0.0,0.0,0.0,0,0.0
56.0,32.1,44.0,0.8,initial,-0.9,-0.5,6,0.0,0.0,0.0,0.0,0,0.0
56.0,32.5,39.0,1.3,initial,-0.7,-0.7,5,0.0,0.0,0.0,0.0,0,0.0
56.0,32.6,38.0,1.4,development,-0.7,-0.7,5,0.0,0.0,0.0,0.0,0,0.0
56.0,32.7,38.0,2.1,mid,-0.5,-0.9,5,0.0,0.0,0.0,0.0,0,0.0
56.0,32.8,48.0,2.2,development,-0.5,-0.9,5,0.0,0.0,0.0,0.0,0,0.0
56.0,32.8,48.0,2.2,development,0.0,-1.0,5,0.0,0.0,0.0,0.0,0,0.0
56.0,32.9,32.0,3.8,initial,0.3,-1.0,5,0.0,0.0,0.0,0.0,0,0.0
56.0,32.9,43.0,1.5,initial,-0.7,-0.7,5,0.0,0.0,0.0,0.0,0,0.0
56.0,32.9,49.0,1.8,development,-0.5,-0.9,5,0.0,0.0,0.0,0.0,0,0.0
56.0,33.2,42.0,1.5,initial,-0.7,-0.7,6,0.0,0.0,0.0,0.0,0,0.0
56.0,33.2,42.0,2.7,initial,0.5,-0.9,5,0.0,0.0,0.0,0.0,0,0.0
56.0,33.2,43.0,2.8,late,-0.3,-1.0,5,0.0,0.0,0.0,0.0,0,0.0
56.0,33.4,39.0,1.3,development,-0.7,-0.7,5,0.0,0.0,0.0,0.0,0,0.0
56.0,33.4,40.0,2.6,development,0.0,-1.0,5,0.0,0.0,0.0,0.0,0,0.0
56.0,33.4,42.0,2.4,development,-0.3,-1.0,5,0.0,0.0,0.0,0.0,0,0.0
56.0,33.4,43.0,2.3,development,-0.5,-0.9,5,0.0,0.0,0.0,0.0,0,0.0
56.0,33.5,37.0,2.2,development,-0.5,-0.9,6,0.0,0.0,0.0,0.0,0,0.0
56.0,33.5,38.0,3.0,late,0.0,-1.0,5,0.0,0.0,0.0,0.0,0,0.0
56.0,33.6,41.0,1.8,development,-0.7,-0.7,6,0.0,0.0,0.0,0.0,0,0.0
56.0,33.7,41.0,1.7,initial,-0.5,-0.9,5,0.0,0.0,0.0,0.0,0,0.0
56.0,33.7,43.0,2.8,development,0.5,-0.9,5,0.0,0.0,0.0,0.0,0,0.0
56.0,33.7,45.0,3.4,development,0.3,-1.0,5,0.0,0.0,0.0,0.0,0,0.0
56.0,33.9,38.0,3.0,initial,0.3,-1.0,6,0.0,0.0,0.0,0.0,0,0.0
56.0,33.9,40.0,1.9,development,-0.5,-0.9,5,0.0,0.0,0.0,0.0,0,0.0
56.0,34.0,39.0,2.9,late,0.3,-1.0,5,0.0,0.0,0.0,0.0,0,0.0
56.0,34.1,39.0,3.0,initial,0.3,-1.0,5,0.0,0.0,0.0,0.0,0,0.0
56.0,34.1,39.0,3.0,late,0.5,-0.9,7,0.0,0.0,0.0,0.0,0,0.0
56.0,34.1,40.0,1.9,initial,-0.3,-1.0,5,0.0,0.0,0.0,0.0,0,0.0
56.0,34.2,42.0,3.1,initial,0.0,-1.0,5,0.0,0.0,0.0,0.0,0,0.0
56.0,34.4,36.0,2.8,initial,0.0,-1.0,5,0.0,0.0,0.0,0.0,0,0.0
56.0,34.4,38.0,2.9,mid,0.0,-1.0,5,0.0,0.0,0.0,0.0,0,0.0
56.0,34.4,39.0,2.2,development,-0.5,-0.9,5,0.0,0.0,0.0,0.0,0,0.0
56.0,34.4,41.0,2.0,initial,-0.5,-0.9,7,0.0,0.0,0.0,0.0,0,0.0
56.0,34.5,36.0,2.0,development,-0.5,-0.9,5,0.0,0.0,0.0,0.0,0,0.0
56.0,34.5,43.0,1.0,initial,-0.7,-0.7,5,0.0,0.0,0.0,0.0,0,0.0
56.0,34.6,40.0,3.1,initial,0.0,-1.0,5,0.0,0.0,0.0,0.0,0,0.0
56.0,34.7,42.0,2.2,initial,-0.3,-1.0,5,0.0,0.0,0.0,0.0,0,0.0
56.0,34.8,30.0,2.4,development,-0.3,-1.0,5,0.0,0.0,0.0,0.0,0,0.0
56.0,34.9,34.0,2.8,initial,-0.3,-1.0,5,0.0,0.0,0.0,0.0,0,0.0
56.0,35.0,35.0,3.0,development,0.0,-1.0,5,0.0,0.0,0.0,0.0,0,0.0
56.0,35.1,32.0,2.6,initial,-0.3,-1.0,5,0.0,0.0,0.0,0.0,0,0.0
56.0,35.3,31.0,2.4,development,-0.5,-0.9,5,0.0,0.0,0.0,0.0,0,0.0
56.0,35.6,31.0,2.6,initial,-0.3,-1.0,5,0.0,0.0,0.0,0.0,0,0.0
56.0,35.7,34.0,2.3,initial,-0.5,-0.9,5,0.0,0.0,0.0,0.0,0,0.0
56.0,35.8,34.0,3.1,mid,-0.3,-1.0,5,0.0,0.0,0.0,0.0,0,0.0
56.0,36.0,37.0,2.6,initial,-0.3,-1.0,5,0.0,0.0,0.0,0.0,0,0.0
56.0,36.1,32.0,1.5,initial,-0.7,-0.7,5,0.0,0.0,0.0,0.0,0,0.0
56.0,36.2,41.0,1.7,development,-0.7,-0.7,5,0.0,0.0,0.0,0.0,0,0.0
56.0,36.3,32.0,1.9,initial,-0.5,-0.9,6,0.0,0.0,0.0,0.0,0,0.0
56.0,37.8,33.0,1.9,initial,-0.5,-0.9,6,0.0,0.0,0.0,0.0,0,0.0
57.0,18.1,100.0,0.0,development,0.5,0.9,5,0.0,0.0,0.0,0.0,0,0.0
57.0,18.6,100.0,0.0,development,0.7,0.7,5,0.0,0.0,0.0,0.0,0,0.0
57.0,18.7,100.0,0.0,initial,0.7,0.7,5,0.0,0.0,0.0,0.0,0,0.0
57.0,18.7,100.0,0.0,initial,1.0,0.3,8,0.0,0.0,0.0,0.0,0,0.0
57.0,18.8,100.0,0.0,development,0.9,0.5,5,0.0,0.0,0.0,0.0,0,0.0
57.0,18.9,100.0,0.0,development,1.0,0.3,5,0.0,0.0,0.0,0.0,0,0.0
57.0,18.9,100.0,0.0,initial,0.0,1.0,6,0.0,0.0,0.0,0.0,0,0.0
57.0,19.0,96.0,0.0,initial,-0.3,1.0,6,0.0,0.0,0.0,0.0,0,0.0
57.0,19.2,100.0,0.0,development,0.5,0.9,5,0.0,0.0,0.0,0.0,0,0.0
57.0,19.3,97.0,0.0,initial,0.5,0.9,5,0.0,0.0,0.0,0.0,0,0.0
57.0,19.3,98.0,0.0,late,0.3,1.0,7,0.0,0.0,0.0,0.0,0,0.0
57.0,19.4,97.0,0.0,development,0.7,0.7,6,0.0,0.0,0.0,0.0,0,0.0
57.0,19.4,97.0,0.0,development,0.9,0.5,6,0.0,0.0,0.0,0.0,0,0.0
57.0,19.5,97.0,0.0,development,1.0,0.3,5,0.0,0.0,0.0,0.0,0,0.0
57.0,19.6,97.0,0.0,initial,0.9,0.5,5,0.0,0.0,0.0,0.0,0,0.0
57.0,19.7,96.0,0.0,development,1.0,0.3,5,0.0,0.0,0.0,0.0,0,0.0
57.0,19.8,94.0,0.0,development,-0.3,1.0,6,0.0,0.0,0.0,0.0,0,0.0
57.0,19.8,98.0,0.0,initial,-0.3,1.0,5,0.0,0.0,0.0,0.0,0,0.0
57.0,20.0,85.0,0.0,late,1.0,0.3,5,0.0,0.0,0.0,0.0,0,0.0
57.0,20.1,96.0,0.0,development,0.7,0.7,5,0.0,0.0,0.0,0.0,0,0.0
57.0,20.2,96.0,0.0,initial,1.0,0.3,5,0.0,0.0,0.0,0.0,0,0.0
57.0,20.2,96.0,0.0,late,0.7,0.7,7,0.0,0.0,0.0,0.0,0,0.0
57.0,20.2,98.0,0.0,initial,1.0,0.3,6,0.0,0.0,0.0,0.0,0,0.0
57.0,20.3,90.0,0.0,development,1.0,0.3,5,0.0,0.0,0.0,0.0,0,0.0
57.0,20.3,93.0,0.0,development,0.7,0.7,7,0.0,0.0,0.0,0.0,0,0.0
57.0,20.3,96.0,0.0,late,0.3,1.0,5,0.0,0.0,0.0,0.0,0,0.0
57.0,20.3,96.0,0.2,development,1.0,0.0,5,0.0,0.0,0.0,0.0,0,0.0
57.0,20.4,95.0,0.0,initial,0.9,0.5,5,0.0,0.0,0.0,0.0,0,0.0
57.0,20.4,97.0,0.0,development,0.9,0.5,5,0.0,0.0,0.0,0.0,0,0.0
57.0,20.4,97.0,0.0,development,1.0,0.3,12,0.0,0.0,0.0,0.0,0,0.0
57.0,20.5,95.0,0.0,initial,0.5,0.9,5,0.0,0.0,0.0,0.0,0,0.0
57.0,20.5,97.0,0.0,initial,1.0,0.3,5,0.0,0.0,0.0,0.0,0,0.0
57.0,20.5,100.0,0.0,development,0.9,0.5,5,0.0,0.0,0.0,0.0,0,0.0
57.0,20.6,87.0,0.0,development,0.5,0.9,5,0.0,0.0,0.0,0.0,0,0.0
57.0,20.6,96.0,0.0,development,1.0,0.3,6,0.0,0.0,0.0,0.0,0,0.0
57.0,20.6,96.0,0.0,initial,0.7,0.7,5,0.0,0.0,0.0,0.0,0,0.0
57.0,20.7,96.0,0.0,development,0.9,0.5,5,0.0,0.0,0.0,0.0,0,0.0
57.0,20.8,95.0,0.0,development,0.5,0.9,5,0.0,0.0,0.0,0.0,0,0.0
57.0,20.8,95.0,0.0,initial,0.5,0.9,5,0.0,0.0,0.0,0.0,0,0.0
57.0,20.8,96.0,0.0,development,0.7,0.7,5,0.0,0.0,0.0,0.0,0,0.0
57.0,20.8,96.0,0.0,initial,0.3,1.0,6,0.0,0.0,0.0,0.0,0,0.0
57.0,20.8,97.0,0.0,development,0.0,1.0,6,0.0,0.0,0.0,0.0,0,0.0
57.0,20.8,97.0,0.0,initial,0.5,0.9,5,0.0,0.0,0.0,0.0,0,0.0
57.0,20.8,97.0,0.0,mid,1.0,0.3,5,0.0,0.0,0.0,0.0,0,0.0
57.0,20.9,96.0,0.0,development,-0.3,1.0,5,0.0,0.0,0.0,0.0,0,0.0
57.0,20.9,97.0,0.0,initial,0.5,0.9,5,0.0,0.0,0.0,0.0,0,0.0
57.0,21.0,97.0,0.0,initial,0.7,0.7,6,0.0,0.0,0.0,0.0,0,0.0
57.0,21.0,98.0,0.0,initial,0.7,0.7,6,0.0,0.0,0.0,0.0,0,0.0
57.0,21.1,97.0,0.0,initial,0.3,1.0,5,0.0,0.0,0.0,0.0,0,0.0
57.0,21.1,97.0,0.0,initial,0.5,0.9,8,0.0,0.0,0.0,0.0,0,0.0
57.0,21.1,98.0,0.0,initial,0.3,1.0,6,0.0,0.0,0.0,0.0,0,0.0
57.0,21.2,85.0,0.0,development,-0.7,0.7,5,0.0,0.0,0.0,0.0,0,0.0
57.0,21.2,90.0,0.0,initial,-0.5,0.9,6,0.0,0.0,0.0,0.0,0,0.0
57.0,21.2,92.0,0.0,initial,0.0,1.0,5,0.0,0.0,0.0,0.0,0,0.0
57.0,21.2,94.0,0.0,development,0.5,0.9,8,0.0,0.0,0.0,0.0,0,0.0
57.0,21.2,94.0,0.0,development,0.7,0.7,5,0.0,0.0,0.0,0.0,0,0.0
57.0,21.2,98.0,0.0,initial,-0.3,1.0,6,0.0,0.0,0.0,0.0,0,0.0
57.0,21.3,89.0,0.0,initial,0.0,1.0,6,0.0,0.0,0.0,0.0,0,0.0
57.0,21.3,94.0,0.3,development,1.0,0.0,7,0.0,0.0,0.0,0.0,0,0.0
57.0,21.4,96.0,0.0,development,1.0,0.3,6,0.0,0.0,0.0,0.0,0,0.0
57.0,21.4,97.0,0.0,initial,0.0,1.0,6,0.0,0.0,0.0,0.0,0,0.0
57.0,21.5,85.0,0.0,initial,-1.0,0.3,6,0.0,0.0,0.0,0.0,0,0.0
57.0,21.5,92.0,0.0,initial,-0.7,0.7,6,0.0,0.0,0.0,0.0,0,0.0
57.0,21.5,97.0,0.0,initial,0.7,0.7,5,0.0,0.0,0.0,0.0,0,0.0
57.0,21.5,97.0,0.0,initial,1.0,0.3,6,0.0,0.0,0.0,0.0,0,0.0
57.0,21.6,93.0,0.0,development,0.5,0.9,5,0.0,0.0,0.0,0.0,0,0.0
57.0,21.6,96.0,0.0,initial,0.9,0.5,6,0.0,0.0,0.0,0.0,0,0.0
57.0,21.6,97.0,0.0,initial,-0.7,0.7,6,0.0,0.0,0.0,0.0,0,0.0
57.0,21.7,91.0,0.0,initial,0.7,0.7,6,0.0,0.0,0.0,0.0,0,0.0
57.0,21.8,92.0,0.6,initial,1.0,-0.3,5,0.0,0.0,0.0,0.0,0,0.0
57.0,21.9,96.0,0.0,development,0.7,0.7,7,0.0,0.0,0.0,0.0,0,0.0
57.0,21.9,97.0,0.0,initial,0.9,0.5,7,0.0,0.0,0.0,0.0,0,0.0
57.0,22.0,96.0,0.0,development,0.5,0.9,6,0.0,0.0,0.0,0.0,0,0.0
57.0,22.0,98.0,0.0,mid,0.7,0.7,7,0.0,0.0,0.0,0.0,0,0.0
57.0,22.0,98.0,0.0,mid,0.9,0.5,5,0.0,0.0,0.0,0.0,0,0.0
57.0,22.1,96.0,0.0,late,0.9,0.5,5,0.0,0.0,0.0,0.0,0,0.0
57.0,22.1,96.0,0.2,mid,1.0,0.0,5,0.0,0.0,0.0,0.0,0,0.0
57.0,22.2,85.0,0.0,mid,-1.0,0.3,5,0.0,0.0,0.0,0.0,0,0.0
57.0,22.2,93.0,0.0,initial,0.9,0.5,5,0.0,0.0,0.0,0.0,0,0.0
57.0,22.2,94.0,0.0,initial,0.7,0.7,6,0.0,0.0,0.0,0.0,0,0.0
57.0,22.2,94.0,0.1,initial,1.0,0.3,5,0.0,0.0,0.0,0.0,0,0.0
57.0,22.2,98.0,0.0,late,0.9,0.5,5,0.0,0.0,0.0,0.0,0,0.0
57.0,22.3,88.0,0.0,initial,0.7,0.7,5,0.0,0.0,0.0,0.0,0,0.0
57.0,22.3,92.0,0.0,development,0.0,1.0,5,0.0,0.0,0.0,0.0,0,0.0
57.0,22.3,95.0,0.0,development,0.3,1.0,5,0.0,0.0,0.0,0.0,0,0.0
57.0,22.3,96.0,0.0,mid,1.0,0.3,8,0.0,0.0,0.0,0.0,0,0.0
57.0,22.3,97.0,0.0,mid,0.5,0.9,5,0.0,0.0,0.0,0.0,0,0.0
57.0,22.4,77.0,0.0,development,-1.0,0.0,5,0.0,0.0,0.0,0.0,0,0.0
57.0,22.5,88.0,0.0,late,-1.0,-0.3,5,0.0,0.0,0.0,0.0,0,0.0
57.0,22.5,88.0,0.2,initial,1.0,0.3,5,0.0,0.0,0.0,0.0,0,0.0
57.0,22.5,91.0,0.8,development,1.0,-0.3,5,0.0,0.0,0.0,0.0,0,0.0
57.0,22.6,93.0,0.0,late,0.9,0.5,5,0.0,0.0,0.0,0.0,0,0.0
57.0,22.6,97.0,0.0,initial,0.5,0.9,6,0.0,0.0,0.0,0.0,0,0.0
57.0,22.6,97.0,0.0,initial,0.7,0.7,5,0.0,0.0,0.0,0.0,0,0.0
57.0,22.7,94.0,0.0,development,0.7,0.7,5,0.0,0.0,0.0,0.0,0,0.0
57.0,22.7,94.0,0.1,late,1.0,0.3,5,0.0,0.0,0.0,0.0,0,0.0
57.0,22.7,96.0,0.0,initial,0.7,0.7,5,0.0,0.0,0.0,0.0,0,0.0
57.0,22.7,97.0,0.0,initial,0.9,0.5,7,0.0,0.0,0.0,0.0,0,0.0
57.0,22.7,97.0,0.0,initial,1.0,0.3,6,0.0,0.0,0.0,0.0,0,0.0
57.0,22.8,86.0,0.0,initial,0.5,0.9,5,0.0,0.0,0.0,0.0,0,0.0
57.0,22.8,88.0,0.8,initial,1.0,-0.3,6,0.0,0.0,0.0,0.0,0,0.0
57.0,22.8,94.0,0.0,initial,0.9,0.5,6,0.0,0.0,0.0,0.0,0,0.0
57.0,22.8,95.0,0.0,initial,0.3,1.0,6,0.0,0.0,0.0,0.0,0,0.0
57.0,22.8,95.0,0.0,mid,0.3,1.0,5,0.0,0.0,0.0,0.0,0,0.0
57.0,22.9,91.0,0.0,late,0.7,0.7,6,0.0,0.0,0.0,0.0,0,0.0
57.0,22.9,93.0,0.0,initial,-0.7,0.7,7,0.0,0.0,0.0,0.0,0,0.0
57.0,22.9,94.0,0.0,mid,-0.3,1.0,5,0.0,0.0,0.0,0.0,0,0.0
57.0,22.9,95.0,0.0,initial,0.5,0.9,5,0.0,0.0,0.0,0.0,0,0.0
57.0,22.9,96.0,0.0,initial,0.7,0.7,6,0.0,0.0,0.0,0.0,0,0.0
57.0,23.0,90.0,0.0,initial,0.9,0.5,5,0.0,0.0,0.0,0.0,0,0.0
57.0,23.0,96.0,0.0,initial,0.9,0.5,5,0.0,0.0,0.0,0.0,0,0.0
57.0,23.0,97.0,0.0,development,0.5,0.9,7,0.0,0.0,0.0,0.0,0,0.0
57.0,23.0,97.0,0.0,development,1.0,0.3,5,0.0,0.0,0.0,0.0,0,0.0
57.0,23.1,81.0,0.0,development,0.0,1.0,7,0.0,0.0,0.0,0.0,0,0.0
57.0,23.1,96.0,0.0,initial,0.9,0.5,5,0.0,0.0,0.0,0.0,0,0.0
57.0,23.2,81.0,0.0,development,-1.0,0.3,5,0.0,0.0,0.0,0.0,0,0.0
57.0,23.2,89.0,0.0,initial,0.7,0.7,7,0.0,0.0,0.0,0.0,0,0.0
57.0,23.2,91.0,0.0,initial,1.0,0.3,5,0.0,0.0,0.0,0.0,0,0.0
57.0,23.2,92.0,0.0,initial,0.5,0.9,5,0.0,0.0,0.0,0.0,0,0.0
57.0,23.2,93.0,0.0,initial,0.5,0.9,5,0.0,0.0,0.0,0.0,0,0.0
57.0,23.2,94.0,0.0,initial,-0.3,1.0,5,0.0,0.0,0.0,0.0,0,0.0
57.0,23.2,95.0,0.0,development,0.7,0.7,5,0.0,0.0,0.0,0.0,0,0.0
57.0,23.2,95.0,0.0,late,0.7,0.7,5,0.0,0.0,0.0,0.0,0,0.0
57.0,23.2,96.0,0.0,initial,0.9,0.5,5,0.0,0.0,0.0,0.0,0,0.0
57.0,23.2,97.0,0.0,development,0.9,0.5,6,0.0,0.0,0.0,0.0,0,0.0
57.0,23.3,79.0,0.0,mid,-1.0,-0.3,5,0.0,0.0,0.0,0.0,0,0.0
57.0,23.3,90.0,0.0,initial,0.7,0.7,5,0.0,0.0,0.0,0.0,0,0.0
57.0,23.3,93.0,0.0,development,0.9,0.5,6,0.0,0.0,0.0,0.0,0,0.0
57.0,23.3,93.0,0.0,initial,0.3,1.0,5,0.0,0.0,0.0,0.0,0,0.0
57.0,23.3,93.0,0.0,initial,0.7,0.7,7,0.0,0.0,0.0,0.0,0,0.0
57.0,23.3,94.0,0.8,mid,1.0,-0.3,7,0.0,0.0,0.0,0.0,0,0.0
57.0,23.4,78.0,0.0,development,-1.0,0.3,5,0.0,0.0,0.0,0.0,0,0.0
57.0,23.4,84.0,0.0,initial,-0.5,0.9,6,0.0,0.0,0.0,0.0,0,0.0
57.0,23.4,91.0,0.5,mid,1.0,-0.3,5,0.0,0.0,0.0,0.0,0,0.0
57.0,23.4,92.0,0.0,initial,0.9,0.5,5,0.0,0.0,0.0,0.0,0,0.0
57.0,23.4,93.0,0.0,initial,0.5,0.9,8,0.0,0.0,0.0,0.0,0,0.0
57.0,23.4,96.0,0.0,development,0.3,1.0,6,0.0,0.0,0.0,0.0,0,0.0
57.0,23.4,96.0,0.0,development,0.7,0.7,5,0.0,0.0,0.0,0.0,0,0.0
57.0,23.4,96.0,0.0,initial,0.7,0.7,6,0.0,0.0,0.0,0.0,0,0.0
57.0,23.4,96.0,0.0,late,0.7,0.7,7,0.0,0.0,0.0,0.0,0,0.0
57.0,23.4,96.0,0.0,late,0.9,0.5,5,0.0,0.0,0.0,0.0,0,0.0
57.0,23.5,87.0,1.2,development,0.9,-0.5,6,0.0,0.0,0.0,0.0,0,0.0
57.0,23.5,91.0,0.0,late,0.5,0.9,5,0.0,0.0,0.0,0.0,0,0.0
57.0,23.5,92.0,0.6,mid,1.0,0.0,6,0.0,0.0,0.0,0.0,0,0.0
57.0,23.5,96.0,0.0,development,0.0,1.0,5,0.0,0.0,0.0,0.0,0,0.0
57.0,23.5,96.0,0.0,late,1.0,0.3,6,0.0,0.0,0.0,0.0,0,0.0
57.0,23.6,86.0,0.0,initial,0.7,0.7,6,0.0,0.0,0.0,0.0,0,0.0
57.0,23.6,92.0,0.0,initial,0.9,0.5,13,0.0,0.0,0.0,0.0,0,0.0
57.0,23.6,93.0,0.0,initial,0.9,0.5,6,0.0,0.0,0.0,0.0,0,0.0
57.0,23.6,93.0,0.0,initial,1.0,0.3,7,0.0,0.0,0.0,0.0,0,0.0
57.0,23.6,93.0,0.0,late,0.7,0.7,5,0.0,0.0,0.0,0.0,0,0.0
57.0,23.6,94.0,0.0,late,0.3,1.0,5,0.0,0.0,0.0,0.0,0,0.0
57.0,23.7,89.0,0.0,mid,-0.7,0.7,5,0.0,0.0,0.0,0.0,0,0.0
57.0,23.7,90.0,0.0,initial,0.0,1.0,5,0.0,0.0,0.0,0.0,0,0.0
57.0,23.7,94.0,0.0,development,0.7,0.7,6,0.0,0.0,0.0,0.0,0,0.0
57.0,23.7,94.0,0.0,development,0.9,0.5,6,0.0,0.0,0.0,0.0,0,0.0
57.0,23.8,78.0,0.0,initial,-0.7,0.7,6,0.0,0.0,0.0,0.0,0,0.0
57.0,23.8,80.0,0.0,initial,-0.3,1.0,5,0.0,0.0,0.0,0.0,0,0.0
57.0,23.8,82.0,0.0,late,-0.5,0.9,7,0.0,0.0,0.0,0.0,0,0.0
57.0,23.8,90.0,0.0,initial,-0.3,1.0,8,0.0,0.0,0.0,0.0,0,0.0
57.0,23.8,92.0,0.0,initial,0.7,0.7,7,0.0,0.0,0.0,0.0,0,0.0
57.0,23.8,94.0,0.0,development,-0.3,1.0,6,0.0,0.0,0.0,0.0,0,0.0
57.0,23.9,81.0,0.0,mid,-0.5,0.9,5,0.0,0.0,0.0,0.0,0,0.0
57.0,23.9,85.0,0.0,initial,0.5,0.9,5,0.0,0.0,0.0,0.0,0,0.0
57.0,23.9,87.0,0.0,initial,-0.3,1.0,8,0.0,0.0,0.0,0.0,0,0.0
57.0,23.9,89.0,0.0,initial,0.0,1.0,5,0.0,0.0,0.0,0.0,0,0.0
57.0,23.9,90.0,0.0,late,0.3,1.0,5,0.0,0.0,0.0,0.0,0,0.0
57.0,23.9,93.0,0.0,development,-0.5,0.9,5,0.0,0.0,0.0,0.0,0,0.0
57.0,23.9,97.0,0.0,development,0.3,1.0,6,0.0,0.0,0.0,0.0,0,0.0
57.0,24.0,87.0,0.0,initial,-0.3,1.0,5,0.0,0.0,0.0,0.0,0,0.0
57.0,24.0,90.0,0.0,initial,0.0,1.0,5,0.0,0.0,0.0,0.0,0,0.0
57.0,24.0,91.0,0.0,initial,0.5,0.9,10,0.0,0.0,0.0,0.0,0,0.0
57.0,24.0,94.0,0.0,development,-0.3,1.0,5,0.0,0.0,0.0,0.0,0,0.0
57.0,24.0,94.0,0.0,late,-0.5,0.9,6,0.0,0.0,0.0,0.0,0,0.0
57.0,24.1,72.0,0.0,mid,-1.0,0.3,5,0.0,0.0,0.0,0.0,0,0.0
57.0,24.1,88.0,0.0,late,-0.5,0.9,5,0.0,0.0,0.0,0.0,0,0.0
57.0,24.1,89.0,0.0,initial,0.5,0.9,5,0.0,0.0,0.0,0.0,0,0.0
57.0,24.2,80.0,0.9,initial,1.0,0.0,5,0.0,0.0,0.0,0.0,0,0.0
57.0,24.2,84.0,0.0,initial,-0.7,0.7,5,0.0,0.0,0.0,0.0,0,0.0
57.0,24.2,85.0,0.0,mid,-0.9,0.5,5,0.0,0.0,0.0,0.0,0,0.0
57.0,24.2,86.0,0.0,initial,0.0,1.0,5,0.0,0.0,0.0,0.0,0,0.0
57.0,24.2,86.0,1.0,initial,1.0,-0.3,6,0.0,0.0,0.0,0.0,0,0.0
57.0,24.2,88.0,0.0,initial,0.0,1.0,5,0.0,0.0,0.0,0.0,0,0.0
57.0,24.2,93.0,0.0,initial,1.0,0.3,5,0.0,0.0,0.0,0.0,0,0.0
57.0,24.2,94.0,0.0,initial,0.9,0.5,5,0.0,0.0,0.0,0.0,0,0.0
57.0,24.3,78.0,1.0,initial,1.0,0.0,5,0.0,0.0,0.0,0.0,0,0.0
57.0,24.3,84.0,0.0,initial,-0.5,0.9,5,0.0,0.0,0.0,0.0,0,0.0
57.0,24.3,95.0,0.0,development,0.7,0.7,5,0.0,0.0,0.0,0.0,0,0.0
57.0,24.3,96.0,0.0,development,0.3,1.0,5,0.0,0.0,0.0,0.0,0,0.0
57.0,24.4,61.0,0.3,late,-0.9,-0.5,5,0.0,0.0,0.0,0.0,0,0.0
57.0,24.4,86.0,0.0,initial,-0.5,0.9,11,0.0,0.0,0.0,0.0,0,0.0
57.0,24.4,87.0,0.0,initial,-0.3,1.0,5,0.0,0.0,0.0,0.0,0,0.0
57.0,24.4,87.0,0.0,initial,0.3,1.0,6,0.0,0.0,0.0,0.0,0,0.0
57.0,24.4,94.0,0.0,initial,-0.3,1.0,7,0.0,0.0,0.0,0.0,0,0.0
57.0,24.5,73.0,0.0,initial,-0.9,0.5,5,0.0,0.0,0.0,0.0,0,0.0
57.0,24.5,84.0,0.0,late,-0.3,1.0,5,0.0,0.0,0.0,0.0,0,0.0
57.0,24.5,90.0,0.0,initial,0.3,1.0,6,0.0,0.0,0.0,0.0,0,0.0
57.0,24.5,91.0,0.0,initial,-0.3,1.0,6,0.0,0.0,0.0,0.0,0,0.0
57.0,24.5,92.0,0.4,development,1.0,0.0,7,0.0,0.0,0.0,0.0,0,0.0
57.0,24.6,85.0,0.0,initial,0.0,1.0,5,0.0,0.0,0.0,0.0,0,0.0
57.0,24.6,92.0,0.0,late,0.9,0.5,5,0.0,0.0,0.0,0.0,0,0.0
57.0,24.8,75.0,0.0,development,-1.0,0.0,5,0.0,0.0,0.0,0.0,0,0.0
57.0,24.8,81.0,0.0,initial,-0.5,0.9,6,0.0,0.0,0.0,0.0,0,0.0
57.0,24.8,84.0,0.0,initial,-0.5,0.9,5,0.0,0.0,0.0,0.0,0,0.0
57.0,24.8,93.0,0.0,development,-0.3,1.0,6,0.0,0.0,0.0,0.0,0,0.0
57.0,24.8,94.0,0.0,development,0.5,0.9,5,0.0,0.0,0.0,0.0,0,0.0
57.0,24.9,82.0,0.0,initial,-0.5,0.9,5,0.0,0.0,0.0,0.0,0,0.0
57.0,24.9,93.0,0.3,development,1.0,0.0,5,0.0,0.0,0.0,0.0,0,0.0
57.0,24.9,96.0,0.0,development,1.0,0.3,7,0.0,0.0,0.0,0.0,0,0.0
57.0,25.0,76.0,1.8,development,0.7,-0.7,5,0.0,0.0,0.0,0.0,0,0.0
57.0,25.0,79.0,0.0,initial,-0.5,0.9,5,0.0,0.0,0.0,0.0,0,0.0
57.0,25.0,87.0,0.0,development,-0.9,0.5,7,0.0,0.0,0.0,0.0,0,0.0
57.0,25.0,91.0,0.7,initial,1.0,0.0,6,0.0,0.0,0.0,0.0,0,0.0
57.0,25.1,70.0,0.8,development,-0.7,-0.7,6,0.0,0.0,0.0,0.0,0,0.0
57.0,25.1,77.0,0.0,initial,-0.5,0.9,5,0.0,0.0,0.0,0.0,0,0.0
57.0,25.1,79.0,0.0,initial,-0.7,0.7,5,0.0,0.0,0.0,0.0,0,0.0
57.0,25.1,83.0,0.0,initial,-0.9,0.5,5,0.0,0.0,0.0,0.0,0,0.0
57.0,25.1,83.0,0.0,initial,-0.5,0.9,6,0.0,0.0,0.0,0.0,0,0.0
57.0,25.1,87.0,0.0,initial,0.0,1.0,5,0.0,0.0,0.0,0.0,0,0.0
57.0,25.1,87.0,1.1,development,0.9,-0.5,6,0.0,0.0,0.0,0.0,0,0.0
57.0,25.2,76.0,0.0,initial,-0.9,0.5,5,0.0,0.0,0.0,0.0,0,0.0
57.0,25.2,78.0,0.0,initial,-0.9,0.5,5,0.0,0.0,0.0,0.0,0,0.0
57.0,25.2,80.0,0.0,initial,-1.0,0.0,5,0.0,0.0,0.0,0.0,0,0.0
57.0,25.2,80.0,0.0,initial,-0.7,0.7,6,0.0,0.0,0.0,0.0,0,0.0
57.0,25.2,81.0,0.0,initial,-0.3,1.0,6,0.0,0.0,0.0,0.0,0,0.0
57.0,25.2,84.0,0.0,initial,-0.5,0.9,5,0.0,0.0,0.0,0.0,0,0.0
57.0,25.3,67.0,1.6,mid,0.7,-0.7,5,0.0,0.0,0.0,0.0,0,0.0
57.0,25.3,82.0,0.0,initial,-0.5,0.9,7,0.0,0.0,0.0,0.0,0,0.0
57.0,25.3,88.0,1.3,development,1.0,-0.3,5,0.0,0.0,0.0,0.0,0,0.0
57.0,25.4,63.0,0.4,initial,-0.9,-0.5,6,0.0,0.0,0.0,0.0,0,0.0
57.0,25.4,76.0,0.0,initial,-0.7,0.7,5,0.0,0.0,0.0,0.0,0,0.0
57.0,25.4,77.0,0.0,initial,-0.9,0.5,6,0.0,0.0,0.0,0.0,0,0.0
57.0,25.4,84.0,0.0,development,-1.0,0.3,5,0.0,0.0,0.0,0.0,0,0.0
57.0,25.4,84.0,1.0,mid,1.0,-0.3,5,0.0,0.0,0.0,0.0,0,0.0
57.0,25.5,78.0,1.2,development,0.9,-0.5,5,0.0,0.0,0.0,0.0,0,0.0
57.0,25.5,81.0,0.5,initial,1.0,0.0,5,0.0,0.0,0.0,0.0,0,0.0
57.0,25.6,57.0,0.5,initial,-0.9,-0.5,8,0.0,0.0,0.0,0.0,0,0.0
57.0,25.6,83.0,0.0,late,-0.5,0.9,5,0.0,0.0,0.0,0.0,0,0.0
57.0,25.7,67.0,0.8,development,-0.7,-0.7,5,0.0,0.0,0.0,0.0,0,0.0
57.0,25.7,77.0,0.0,initial,-0.7,0.7,8,0.0,0.0,0.0,0.0,0,0.0
57.0,25.7,78.0,0.0,initial,-0.7,0.7,5,0.0,0.0,0.0,0.0,0,0.0
57.0,25.7,81.0,0.0,initial,-0.7,0.7,5,0.0,0.0,0.0,0.0,0,0.0
57.0,25.8,76.0,0.0,initial,-0.7,0.7,5,0.0,0.0,0.0,0.0,0,0.0
57.0,25.8,76.0,0.0,late,-0.9,0.5,6,0.0,0.0,0.0,0.0,0,0.0
57.0,25.8,90.0,0.0,development,-0.3,1.0,6,0.0,0.0,0.0,0.0,0,0.0
57.0,25.8,95.0,0.5,mid,1.0,0.0,5,0.0,0.0,0.0,0.0,0,0.0
57.0,25.9,66.0,0.5,mid,-0.7,-0.7,5,0.0,0.0,0.0,0.0,0,0.0
57.0,25.9,71.0,0.0,initial,-1.0,0.3,6,0.0,0.0,0.0,0.0,0,0.0
57.0,25.9,73.0,0.0,initial,-0.9,0.5,7,0.0,0.0,0.0,0.0,0,0.0
57.0,25.9,89.0,0.6,development,1.0,-0.3,5,0.0,0.0,0.0,0.0,0,0.0
57.0,26.0,65.0,0.0,initial,-1.0,0.0,5,0.0,0.0,0.0,0.0,0,0.0
57.0,26.1,70.0,1.5,initial,1.0,-0.3,5,0.0,0.0,0.0,0.0,0,0.0
57.0,26.2,73.0,0.0,initial,-0.9,0.5,5,0.0,0.0,0.0,0.0,0,0.0
57.0,26.2,78.0,0.0,initial,-1.0,0.3,5,0.0,0.0,0.0,0.0,0,0.0
57.0,26.2,79.0,0.0,initial,-0.7,0.7,5,0.0,0.0,0.0,0.0,0,0.0
57.0,26.2,86.0,0.0,development,-0.5,0.9,6,0.0,0.0,0.0,0.0,0,0.0
57.0,26.3,72.0,1.6,initial,1.0,-0.3,5,0.0,0.0,0.0,0.0,0,0.0
57.0,26.4,54.0,2.9,initial,0.7,-0.7,5,0.0,0.0,0.0,0.0,0,0.0
57.0,26.6,64.0,1.1,late,-0.3,-1.0,5,0.0,0.0,0.0,0.0,0,0.0
57.0,26.6,69.0,0.0,initial,-1.0,0.3,10,0.0,0.0,0.0,0.0,0,0.0
57.0,26.6,76.0,0.1,mid,-1.0,-0.3,6,0.0,0.0,0.0,0.0,0,0.0
57.0,26.7,65.0,0.0,initial,-1.0,0.0,5,0.0,0.0,0.0,0.0,0,0.0
57.0,26.8,71.0,1.1,late,1.0,-0.3,5,0.0,0.0,0.0,0.0,0,0.0
57.0,26.9,59.0,2.3,development,0.5,-0.9,5,0.0,0.0,0.0,0.0,0,0.0
57.0,26.9,61.0,1.7,initial,0.7,-0.7,5,0.0,0.0,0.0,0.0,0,0.0
57.0,26.9,69.0,0.0,initial,-1.0,0.3,7,0.0,0.0,0.0,0.0,0,0.0
57.0,26.9,72.0,0.0,initial,-0.9,0.5,6,0.0,0.0,0.0,0.0,0,0.0
57.0,27.0,68.0,0.0,initial,-1.0,0.0,5,0.0,0.0,0.0,0.0,0,0.0
57.0,27.0,68.0,0.0,initial,-1.0,0.3,7,0.0,0.0,0.0,0.0,0,0.0
57.0,27.2,58.0,1.4,initial,1.0,-0.3,5,0.0,0.0,0.0,0.0,0,0.0
57.0,27.2,63.0,0.9,development,-0.7,-0.7,5,0.0,0.0,0.0,0.0,0,0.0
57.0,27.2,68.0,0.0,initial,-1.0,0.3,6,0.0,0.0,0.0,0.0,0,0.0
57.0,27.4,75.0,1.1,mid,1.0,-0.3,5,0.0,0.0,0.0,0.0,0,0.0
57.0,27.8,66.0,0.9,initial,1.0,-0.3,5,0.0,0.0,0.0,0.0,0,0.0
57.0,28.0,55.0,1.4,initial,-0.7,-0.7,5,0.0,0.0,0.0,0.0,0,0.0
57.0,28.0,64.0,0.0,late,-1.0,-0.3,5,0.0,0.0,0.0,0.0,0,0.0
57.0,28.1,55.0,1.8,initial,-0.3,-1.0,6,0.0,0.0,0.0,0.0,0,0.0
57.0,28.1,59.0,0.0,late,-1.0,0.0,5,0.0,0.0,0.0,0.0,0,0.0
57.0,28.2,49.0,1.0,initial,-0.7,-0.7,5,0.0,0.0,0.0,0.0,0,0.0
57.0,28.3,63.0,0.0,initial,-1.0,0.0,6,0.0,0.0,0.0,0.0,0,0.0
57.0,28.4,57.0,1.0,initial,-0.7,-0.7,5,0.0,0.0,0.0,0.0,0,0.0
57.0,28.4,70.0,0.0,development,-1.0,0.0,5,0.0,0.0,0.0,0.0,0,0.0
57.0,28.6,65.0,2.2,initial,0.9,-0.5,6,0.0,0.0,0.0,0.0,0,0.0
57.0,28.7,60.0,1.4,initial,-0.5,-0.9,5,0.0,0.0,0.0,0.0,0,0.0
57.0,28.9,54.0,0.3,initial,-1.0,-0.3,5,0.0,0.0,0.0,0.0,0,0.0
57.0,29.3,47.0,1.3,late,-0.7,-0.7,5,0.0,0.0,0.0,0.0,0,0.0
57.0,29.4,49.0,2.5,late,0.5,-0.9,5,0.0,0.0,0.0,0.0,0,0.0
57.0,29.5,54.0,2.6,development,0.0,-1.0,6,0.0,0.0,0.0,0.0,0,0.0
57.0,29.5,61.0,0.7,development,-0.9,-0.5,6,0.0,0.0,0.0,0.0,0,0.0
57.0,29.6,58.0,2.1,development,0.7,-0.7,5,0.0,0.0,0.0,0.0,0,0.0
57.0,29.7,52.0,0.5,initial,-0.9,-0.5,5,0.0,0.0,0.0,0.0,0,0.0
57.0,29.8,53.0,2.4,initial,0.9,-0.5,5,0.0,0.0,0.0,0.0,0,0.0
57.0,30.0,59.0,2.9,development,0.3,-1.0,6,0.0,0.0,0.0,0.0,0,0.0
57.0,30.0,66.0,1.8,mid,0.9,-0.5,6,0.0,0.0,0.0,0.0,0,0.0
57.0,30.2,50.0,2.6,initial,0.7,-0.7,5,0.0,0.0,0.0,0.0,0,0.0
57.0,30.3,44.0,1.4,development,-0.7,-0.7,5,0.0,0.0,0.0,0.0,0,0.0
57.0,30.3,54.0,0.4,initial,-0.9,-0.5,6,0.0,0.0,0.0,0.0,0,0.0
57.0,30.5,56.0,2.6,initial,0.7,-0.7,5,0.0,0.0,0.0,0.0,0,0.0
57.0,30.7,52.0,0.1,initial,-1.0,-0.3,5,0.0,0.0,0.0,0.0,0,0.0
57.0,30.8,43.0,1.3,initial,-0.7,-0.7,5,0.0,0.0,0.0,0.0,0,0.0
57.0,30.8,49.0,0.8,initial,-0.9,-0.5,6,0.0,0.0,0.0,0.0,0,0.0
57.0,30.8,56.0,0.9,initial,-0.7,-0.7,6,0.0,0.0,0.0,0.0,0,0.0
57.0,30.9,44.0,1.9,initial,-0.5,-0.9,5,0.0,0.0,0.0,0.0,0,0.0
57.0,31.0,65.0,0.5,mid,-0.9,-0.5,5,0.0,0.0,0.0,0.0,0,0.0
57.0,31.2,44.0,2.6,initial,0.3,-1.0,5,0.0,0.0,0.0,0.0,0,0.0
57.0,31.3,61.0,3.1,mid,0.5,-0.9,6,0.0,0.0,0.0,0.0,0,0.0
57.0,31.4,42.0,0.5,initial,-0.9,-0.5,5,0.0,0.0,0.0,0.0,0,0.0
57.0,31.4,52.0,2.3,development,0.5,-0.9,5,0.0,0.0,0.0,0.0,0,0.0
57.0,31.4,53.0,2.4,initial,-0.3,-1.0,5,0.0,0.0,0.0,0.0,0,0.0
57.0,31.4,55.0,1.1,development,-0.3,-1.0,5,0.0,0.0,0.0,0.0,0,0.0
57.0,31.5,49.0,1.5,initial,-0.7,-0.7,6,0.0,0.0,0.0,0.0,0,0.0
57.0,31.6,54.0,1.5,development,-0.7,-0.7,6,0.0,0.0,0.0,0.0,0,0.0
57.0,31.6,56.0,1.8,development,0.9,-0.5,5,0.0,0.0,0.0,0.0,0,0.0
57.0,31.7,51.0,0.5,development,-0.5,-0.9,5,0.0,0.0,0.0,0.0,0,0.0
57.0,31.9,39.0,1.8,development,-0.5,-0.9,5,0.0,0.0,0.0,0.0,0,0.0
57.0,32.0,46.0,0.8,initial,-0.9,-0.5,5,0.0,0.0,0.0,0.0,0,0.0
57.0,32.1,47.0,2.0,development,-0.3,-1.0,5,0.0,0.0,0.0,0.0,0,0.0
57.0,32.2,42.0,1.6,development,-0.5,-0.9,5,0.0,0.0,0.0,0.0,0,0.0
57.0,32.3,43.0,3.1,initial,0.0,-1.0,5,0.0,0.0,0.0,0.0,0,0.0
57.0,32.4,45.0,2.8,initial,0.5,-0.9,6,0.0,0.0,0.0,0.0,0,0.0
57.0,32.5,41.0,1.8,initial,-0.5,-0.9,5,0.0,0.0,0.0,0.0,0,0.0
57.0,32.5,45.0,3.0,initial,0.7,-0.7,5,0.0,0.0,0.0,0.0,0,0.0
57.0,32.6,49.0,2.0,mid,-0.3,-1.0,5,0.0,0.0,0.0,0.0,0,0.0
57.0,32.7,38.0,2.1,late,-0.5,-0.9,5,0.0,0.0,0.0,0.0,0,0.0
57.0,32.8,42.0,3.2,initial,0.5,-0.9,5,0.0,0.0,0.0,0.0,0,0.0
57.0,32.8,45.0,2.9,initial,0.7,-0.7,5,0.0,0.0,0.0,0.0,0,0.0
57.0,32.8,47.0,2.0,initial,-0.5,-0.9,5,0.0,0.0,0.0,0.0,0,0.0
57.0,32.9,43.0,1.5,initial,-0.7,-0.7,8,0.0,0.0,0.0,0.0,0,0.0
57.0,32.9,44.0,2.0,development,-0.5,-0.9,6,0.0,0.0,0.0,0.0,0,0.0
57.0,33.0,44.0,2.6,initial,0.7,-0.7,6,0.0,0.0,0.0,0.0,0,0.0
57.0,33.0,47.0,1.7,development,-0.5,-0.9,5,0.0,0.0,0.0,0.0,0,0.0
57.0,33.2,45.0,2.9,late,0.0,-1.0,6,0.0,0.0,0.0,0.0,0,0.0
57.0,33.3,44.0,2.2,initial,-0.5,-0.9,6,0.0,0.0,0.0,0.0,0,0.0
57.0,33.4,37.0,2.7,late,-0.3,-1.0,5,0.0,0.0,0.0,0.0,0,0.0
57.0,33.7,40.0,2.7,initial,0.3,-1.0,5,0.0,0.0,0.0,0.0,0,0.0
57.0,33.8,43.0,3.0,initial,0.3,-1.0,6,0.0,0.0,0.0,0.0,0,0.0
57.0,34.0,38.0,1.6,initial,-0.7,-0.7,5,0.0,0.0,0.0,0.0,0,0.0
57.0,34.1,43.0,1.0,development,-0.9,-0.5,5,0.0,0.0,0.0,0.0,0,0.0
57.0,34.2,44.0,2.6,initial,0.0,-1.0,5,0.0,0.0,0.0,0.0,0,0.0
57.0,34.4,39.0,2.4,initial,-0.5,-0.9,5,0.0,0.0,0.0,0.0,0,0.0
57.0,34.4,39.0,2.7,development,-0.3,-1.0,5,0.0,0.0,0.0,0.0,0,0.0
57.0,34.6,39.0,2.7,initial,0.3,-1.0,5,0.0,0.0,0.0,0.0,0,0.0
57.0,34.7,32.0,3.1,development,0.0,-1.0,5,0.0,0.0,0.0,0.0,0,0.0
57.0,35.0,38.0,1.4,initial,-0.7,-0.7,5,0.0,0.0,0.0,0.0,0,0.0
57.0,35.0,41.0,2.8,development,-0.3,-1.0,5,0.0,0.0,0.0,0.0,0,0.0
57.0,35.8,36.0,2.1,initial,-0.5,-0.9,5,0.0,0.0,0.0,0.0,0,0.0
57.0,35.9,39.0,3.1,initial,0.0,-1.0,6,0.0,0.0,0.0,0.0,0,0.0
57.0,36.0,31.0,2.8,initial,-0.3,-1.0,5,0.0,0.0,0.0,0.0,0,0.0
57.0,36.4,34.0,2.5,initial,-0.5,-0.9,5,0.0,0.0,0.0,0.0,0,0.0
57.0,36.7,33.0,3.0,initial,-0.3,-1.0,5,0.0,0.0,0.0,0.0,0,0.0
57.0,37.1,31.0,2.7,initial,-0.3,-1.0,5,0.0,0.0,0.0,0.0,0,0.0
57.0,37.1,39.0,2.5,development,-0.5,-0.9,5,0.0,0.0,0.0,0.0,0,0.0
58.0,18.7,100.0,0.0,initial,0.7,0.7,6,0.0,0.0,0.0,0.0,0,0.0
58.0,18.8,100.0,0.0,initial,0.3,1.0,5,0.0,0.0,0.0,0.0,0,0.0
58.0,18.9,100.0,0.0,initial,1.0,0.3,5,0.0,0.0,0.0,0.0,0,0.0
58.0,19.3,100.0,0.0,initial,0.5,0.9,5,0.0,0.0,0.0,0.0,0,0.0
58.0,19.6,96.0,0.0,initial,0.9,0.5,5,0.0,0.0,0.0,0.0,0,0.0
58.0,19.6,100.0,0.0,initial,0.0,1.0,5,0.0,0.0,0.0,0.0,0,0.0
58.0,19.9,92.0,0.0,initial,-0.7,0.7,6,0.0,0.0,0.0,0.0,0,0.0
58.0,19.9,98.0,0.0,initial,0.9,0.5,7,0.0,0.0,0.0,0.0,0,0.0
58.0,19.9,100.0,0.0,initial,0.9,0.5,5,0.0,0.0,0.0,0.0,0,0.0
58.0,20.0,98.0,0.0,initial,-0.3,1.0,5,0.0,0.0,0.0,0.0,0,0.0
58.0,20.1,99.0,0.0,initial,0.7,0.7,6,0.0,0.0,0.0,0.0,0,0.0
58.0,20.2,95.0,0.0,initial,0.3,1.0,6,0.0,0.0,0.0,0.0,0,0.0
58.0,20.3,97.0,0.0,initial,0.3,1.0,5,0.0,0.0,0.0,0.0,0,0.0
58.0,20.4,95.0,0.0,initial,0.5,0.9,5,0.0,0.0,0.0,0.0,0,0.0
58.0,20.4,96.0,0.1,initial,1.0,0.3,5,0.0,0.0,0.0,0.0,0,0.0
58.0,20.5,98.0,0.0,development,0.9,0.5,6,0.0,0.0,0.0,0.0,0,0.0
58.0,20.6,96.0,0.0,mid,0.9,0.5,5,0.0,0.0,0.0,0.0,0,0.0
58.0,20.6,98.0,0.0,initial,-0.3,1.0,5,0.0,0.0,0.0,0.0,0,0.0
58.0,20.7,97.0,0.0,initial,0.7,0.7,5,0.0,0.0,0.0,0.0,0,0.0
58.0,20.8,96.0,0.0,development,0.7,0.7,5,0.0,0.0,0.0,0.0,0,0.0
58.0,20.8,96.0,0.0,initial,0.3,1.0,6,0.0,0.0,0.0,0.0,0,0.0
58.0,20.8,97.0,0.0,initial,0.5,0.9,7,0.0,0.0,0.0,0.0,0,0.0
58.0,20.9,92.0,0.0,initial,0.5,0.9,8,0.0,0.0,0.0,0.0,0,0.0
58.0,20.9,97.0,0.0,late,0.9,0.5,5,0.0,0.0,0.0,0.0,0,0.0
58.0,21.0,95.0,0.3,initial,1.0,0.0,8,0.0,0.0,0.0,0.0,0,0.0
58.0,21.0,96.0,0.0,initial,0.0,1.0,6,0.0,0.0,0.0,0.0,0,0.0
58.0,21.0,96.0,0.1,development,1.0,0.0,5,0.0,0.0,0.0,0.0,0,0.0
58.0,21.0,97.0,0.0,initial,0.7,0.7,7,0.0,0.0,0.0,0.0,0,0.0
58.0,21.0,97.0,0.0,initial,0.9,0.5,6,0.0,0.0,0.0,0.0,0,0.0
58.0,21.1,95.0,0.2,development,1.0,0.0,5,0.0,0.0,0.0,0.0,0,0.0
58.0,21.1,97.0,0.0,initial,0.7,0.7,6,0.0,0.0,0.0,0.0,0,0.0
58.0,21.2,95.0,0.0,development,0.9,0.5,5,0.0,0.0,0.0,0.0,0,0.0
58.0,21.2,95.0,0.0,initial,-0.7,0.7,6,0.0,0.0,0.0,0.0,0,0.0
58.0,21.2,95.0,0.1,development,1.0,0.3,5,0.0,0.0,0.0,0.0,0,0.0
58.0,21.3,93.0,0.3,initial,1.0,0.0,9,0.0,0.0,0.0,0.0,0,0.0
58.0,21.3,97.0,0.0,development,0.9,0.5,7,0.0,0.0,0.0,0.0,0,0.0
58.0,21.4,87.0,0.0,initial,-1.0,0.3,5,0.0,0.0,0.0,0.0,0,0.0
58.0,21.4,98.0,0.0,development,0.7,0.7,5,0.0,0.0,0.0,0.0,0,0.0
58.0,21.5,92.0,0.0,initial,-0.7,0.7,5,0.0,0.0,0.0,0.0,0,0.0
58.0,21.5,97.0,0.0,development,0.7,0.7,5,0.0,0.0,0.0,0.0,0,0.0
58.0,21.6,96.0,0.0,late,0.9,0.5,5,0.0,0.0,0.0,0.0,0,0.0
58.0,22.0,85.0,0.0,initial,-0.7,0.7,5,0.0,0.0,0.0,0.0,0,0.0
58.0,22.0,90.0,0.0,development,-1.0,-0.3,6,0.0,0.0,0.0,0.0,0,0.0
58.0,22.1,93.0,0.0,late,0.5,0.9,5,0.0,0.0,0.0,0.0,0,0.0
58.0,22.1,94.0,0.0,late,0.0,1.0,5,0.0,0.0,0.0,0.0,0,0.0
58.0,22.1,96.0,0.0,initial,0.7,0.7,5,0.0,0.0,0.0,0.0,0,0.0
58.0,22.1,96.0,0.1,late,1.0,0.3,5,0.0,0.0,0.0,0.0,0,0.0
58.0,22.2,91.0,0.0,development,-1.0,0.3,5,0.0,0.0,0.0,0.0,0,0.0
58.0,22.2,93.0,0.7,development,1.0,-0.3,6,0.0,0.0,0.0,0.0,0,0.0
58.0,22.2,98.0,0.0,development,-0.5,0.9,5,0.0,0.0,0.0,0.0,0,0.0
58.0,22.3,87.0,0.9,development,1.0,-0.3,5,0.0,0.0,0.0,0.0,0,0.0
58.0,22.4,96.0,0.0,late,0.9,0.5,6,0.0,0.0,0.0,0.0,0,0.0
58.0,22.5,96.0,0.2,initial,1.0,0.3,7,0.0,0.0,0.0,0.0,0,0.0
58.0,22.6,79.0,0.0,initial,-1.0,0.0,6,0.0,0.0,0.0,0.0,0,0.0
58.0,22.6,95.0,0.1,initial,1.0,0.3,6,0.0,0.0,0.0,0.0,0,0.0
58.0,22.6,97.0,0.0,initial,0.3,1.0,8,0.0,0.0,0.0,0.0,0,0.0
58.0,22.6,97.0,0.0,initial,0.5,0.9,9,0.0,0.0,0.0,0.0,0,0.0
58.0,22.7,95.0,0.0,mid,0.0,1.0,5,0.0,0.0,0.0,0.0,0,0.0
58.0,22.7,96.0,0.0,initial,0.3,1.0,5,0.0,0.0,0.0,0.0,0,0.0
58.0,22.7,96.0,0.0,initial,0.7,0.7,5,0.0,0.0,0.0,0.0,0,0.0
58.0,22.8,96.0,0.0,development,-0.5,0.9,5,0.0,0.0,0.0,0.0,0,0.0
58.0,22.8,96.0,0.0,development,1.0,0.3,5,0.0,0.0,0.0,0.0,0,0.0
58.0,22.8,98.0,0.0,initial,0.3,1.0,5,0.0,0.0,0.0,0.0,0,0.0
58.0,22.9,95.0,0.0,initial,0.5,0.9,5,0.0,0.0,0.0,0.0,0,0.0
58.0,22.9,96.0,0.0,late,1.0,0.3,5,0.0,0.0,0.0,0.0,0,0.0
58.0,22.9,98.0,0.0,initial,-0.3,1.0,5,0.0,0.0,0.0,0.0,0,0.0
58.0,23.0,92.0,0.0,initial,0.9,0.5,5,0.0,0.0,0.0,0.0,0,0.0
58.0,23.0,97.0,0.0,development,0.5,0.9,5,0.0,0.0,0.0,0.0,0,0.0
58.0,23.0,97.0,0.0,development,1.0,0.3,7,0.0,0.0,0.0,0.0,0,0.0
58.0,23.1,94.0,0.0,initial,0.3,1.0,6,0.0,0.0,0.0,0.0,0,0.0
58.0,23.1,96.0,0.0,development,0.3,1.0,7,0.0,0.0,0.0,0.0,0,0.0
58.0,23.1,97.0,0.0,development,0.7,0.7,6,0.0,0.0,0.0,0.0,0,0.0
58.0,23.1,97.0,0.0,development,1.0,0.3,7,0.0,0.0,0.0,0.0,0,0.0
58.0,23.2,84.0,0.0,development,-1.0,0.0,5,0.0,0.0,0.0,0.0,0,0.0
58.0,23.2,89.0,0.0,late,0.5,0.9,5,0.0,0.0,0.0,0.0,0,0.0
58.0,23.2,92.0,0.0,initial,0.5,0.9,5,0.0,0.0,0.0,0.0,0,0.0
58.0,23.2,93.0,0.0,initial,0.5,0.9,7,0.0,0.0,0.0,0.0,0,0.0
58.0,23.2,95.0,0.0,initial,0.7,0.7,7,0.0,0.0,0.0,0.0,0,0.0
58.0,23.2,97.0,0.0,development,0.7,0.7,7,0.0,0.0,0.0,0.0,0,0.0
58.0,23.3,89.0,0.0,initial,0.5,0.9,5,0.0,0.0,0.0,0.0,0,0.0
58.0,23.3,93.0,0.0,late,0.7,0.7,5,0.0,0.0,0.0,0.0,0,0.0
58.0,23.3,95.0,0.0,mid,0.5,0.9,6,0.0,0.0,0.0,0.0,0,0.0
58.0,23.3,97.0,0.0,late,1.0,0.3,5,0.0,0.0,0.0,0.0,0,0.0
58.0,23.4,81.0,0.0,development,-0.3,1.0,6,0.0,0.0,0.0,0.0,0,0.0
58.0,23.4,92.0,0.0,initial,0.0,1.0,5,0.0,0.0,0.0,0.0,0,0.0
58.0,23.4,94.0,0.0,initial,-0.3,1.0,7,0.0,0.0,0.0,0.0,0,0.0
58.0,23.4,97.0,0.0,late,0.5,0.9,5,0.0,0.0,0.0,0.0,0,0.0
58.0,23.4,97.0,0.0,late,1.0,0.3,5,0.0,0.0,0.0,0.0,0,0.0
58.0,23.4,97.0,0.0,mid,0.9,0.5,8,0.0,0.0,0.0,0.0,0,0.0
58.0,23.5,79.0,0.0,initial,-0.9,0.5,5,0.0,0.0,0.0,0.0,0,0.0
58.0,23.5,96.0,0.0,development,0.5,0.9,6,0.0,0.0,0.0,0.0,0,0.0
58.0,23.6,81.0,0.0,initial,-1.0,0.3,5,0.0,0.0,0.0,0.0,0,0.0
58.0,23.6,92.0,0.0,initial,0.5,0.9,7,0.0,0.0,0.0,0.0,0,0.0
58.0,23.6,93.0,0.0,initial,1.0,0.3,5,0.0,0.0,0.0,0.0,0,0.0
58.0,23.6,96.0,0.0,development,0.3,1.0,5,0.0,0.0,0.0,0.0,0,0.0
58.0,23.6,96.0,0.0,initial,0.3,1.0,6,0.0,0.0,0.0,0.0,0,0.0
58.0,23.7,91.0,0.0,initial,0.7,0.7,6,0.0,0.0,0.0,0.0,0,0.0
58.0,23.7,94.0,0.0,development,1.0,0.3,6,0.0,0.0,0.0,0.0,0,0.0
58.0,23.8,80.0,0.0,initial,-0.3,1.0,5,0.0,0.0,0.0,0.0,0,0.0
58.0,23.8,91.0,0.0,initial,0.9,0.5,7,0.0,0.0,0.0,0.0,0,0.0
58.0,23.8,92.0,0.0,initial,0.7,0.7,5,0.0,0.0,0.0,0.0,0,0.0
58.0,23.8,93.0,0.0,initial,-0.3,1.0,8,0.0,0.0,0.0,0.0,0,0.0
58.0,23.8,95.0,0.0,development,0.0,1.0,6,0.0,0.0,0.0,0.0,0,0.0
58.0,23.9,90.0,0.0,initial,0.9,0.5,5,0.0,0.0,0.0,0.0,0,0.0
58.0,23.9,91.0,0.0,initial,0.5,0.9,7,0.0,0.0,0.0,0.0,0,0.0
58.0,23.9,92.0,0.0,initial,-0.9,0.5,7,0.0,0.0,0.0,0.0,0,0.0
58.0,23.9,94.0,0.0,initial,-0.5,0.9,7,0.0,0.0,0.0,0.0,0,0.0
58.0,23.9,96.0,0.0,mid,1.0,0.3,5,0.0,0.0,0.0,0.0,0,0.0
58.0,24.0,90.0,0.0,initial,0.7,0.7,5,0.0,0.0,0.0,0.0,0,0.0
58.0,24.0,94.0,0.0,development,-0.3,1.0,6,0.0,0.0,0.0,0.0,0,0.0
58.0,24.0,96.0,0.0,mid,0.9,0.5,5,0.0,0.0,0.0,0.0,0,0.0
58.0,24.0,97.0,0.0,initial,0.7,0.7,6,0.0,0.0,0.0,0.0,0,0.0
58.0,24.1,89.0,0.0,initial,0.5,0.9,7,0.0,0.0,0.0,0.0,0,0.0
58.0,24.2,70.0,0.0,initial,-0.9,0.5,5,0.0,0.0,0.0,0.0,0,0.0
58.0,24.2,89.0,0.0,initial,0.0,1.0,5,0.0,0.0,0.0,0.0,0,0.0
58.0,24.2,92.0,0.0,late,-0.7,0.7,5,0.0,0.0,0.0,0.0,0,0.0
58.0,24.2,95.0,0.0,development,0.0,1.0,5,0.0,0.0,0.0,0.0,0,0.0
58.0,24.3,78.0,0.0,development,-1.0,0.3,5,0.0,0.0,0.0,0.0,0,0.0
58.0,24.4,87.0,0.0,initial,0.3,1.0,7,0.0,0.0,0.0,0.0,0,0.0
58.0,24.5,72.0,0.0,late,-1.0,0.3,5,0.0,0.0,0.0,0.0,0,0.0
58.0,24.5,96.0,0.0,development,1.0,0.3,5,0.0,0.0,0.0,0.0,0,0.0
58.0,24.7,90.0,0.0,initial,-1.0,0.0,5,0.0,0.0,0.0,0.0,0,0.0
58.0,24.7,91.0,0.0,initial,-0.5,0.9,5,0.0,0.0,0.0,0.0,0,0.0
58.0,24.8,93.0,0.0,development,-0.3,1.0,5,0.0,0.0,0.0,0.0,0,0.0
58.0,24.8,97.0,0.0,development,0.5,0.9,5,0.0,0.0,0.0,0.0,0,0.0
58.0,25.0,82.0,0.0,initial,-0.5,0.9,6,0.0,0.0,0.0,0.0,0,0.0
58.0,25.0,83.0,0.0,initial,-0.5,0.9,7,0.0,0.0,0.0,0.0,0,0.0
58.0,25.0,87.0,0.0,development,-0.9,0.5,5,0.0,0.0,0.0,0.0,0,0.0
58.0,25.0,94.0,0.2,development,1.0,0.0,5,0.0,0.0,0.0,0.0,0,0.0
58.0,25.2,77.0,0.0,initial,-0.9,0.5,8,0.0,0.0,0.0,0.0,0,0.0
58.0,25.2,78.0,0.0,initial,-0.9,0.5,6,0.0,0.0,0.0,0.0,0,0.0
58.0,25.2,78.0,0.0,initial,-0.7,0.7,6,0.0,0.0,0.0,0.0,0,0.0
58.0,25.2,81.0,0.0,initial,-0.7,0.7,5,0.0,0.0,0.0,0.0,0,0.0
58.0,25.2,85.0,0.0,initial,-0.7,0.7,6,0.0,0.0,0.0,0.0,0,0.0
58.0,25.4,74.0,1.7,initial,0.7,-0.7,5,0.0,0.0,0.0,0.0,0,0.0
58.0,25.5,79.0,0.0,initial,-0.9,0.5,6,0.0,0.0,0.0,0.0,0,0.0
58.0,25.6,56.0,1.6,initial,0.5,-0.9,5,0.0,0.0,0.0,0.0,0,0.0
58.0,25.8,82.0,0.0,initial,-0.5,0.9,5,0.0,0.0,0.0,0.0,0,0.0
58.0,25.9,68.0,2.1,development,0.7,-0.7,5,0.0,0.0,0.0,0.0,0,0.0
58.0,26.0,68.0,0.0,late,-1.0,0.3,6,0.0,0.0,0.0,0.0,0,0.0
58.0,26.0,70.0,1.6,initial,0.7,-0.7,5,0.0,0.0,0.0,0.0,0,0.0
58.0,26.4,63.0,1.5,development,-0.5,-0.9,5,0.0,0.0,0.0,0.0,0,0.0
58.0,26.4,70.0,0.0,initial,-1.0,0.3,7,0.0,0.0,0.0,0.0,0,0.0
58.0,26.6,69.0,0.0,initial,-1.0,0.3,6,0.0,0.0,0.0,0.0,0,0.0
58.0,26.7,61.0,1.1,initial,-0.3,-1.0,5,0.0,0.0,0.0,0.0,0,0.0
58.0,26.7,81.0,1.4,initial,1.0,-0.3,5,0.0,0.0,0.0,0.0,0,0.0
58.0,27.1,60.0,1.8,development,-0.3,-1.0,6,0.0,0.0,0.0,0.0,0,0.0
58.0,27.2,71.0,0.0,initial,-1.0,0.3,5,0.0,0.0,0.0,0.0,0,0.0
58.0,27.2,73.0,0.9,late,1.0,-0.3,5,0.0,0.0,0.0,0.0,0,0.0
58.0,27.2,76.0,0.0,late,-0.7,0.7,5,0.0,0.0,0.0,0.0,0,0.0
58.0,27.4,59.0,2.1,development,0.0,-1.0,5,0.0,0.0,0.0,0.0,0,0.0
58.0,27.6,62.0,0.0,initial,-1.0,0.0,6,0.0,0.0,0.0,0.0,0,0.0
58.0,27.6,63.0,0.0,initial,-1.0,0.0,5,0.0,0.0,0.0,0.0,0,0.0
58.0,27.9,58.0,2.5,late,0.9,-0.5,5,0.0,0.0,0.0,0.0,0,0.0
58.0,27.9,66.0,1.4,initial,1.0,-0.3,6,0.0,0.0,0.0,0.0,0,0.0
58.0,28.0,64.0,0.0,initial,-1.0,0.0,6,0.0,0.0,0.0,0.0,0,0.0
58.0,28.3,51.0,2.4,initial,0.3,-1.0,5,0.0,0.0,0.0,0.0,0,0.0
58.0,28.4,61.0,0.0,initial,-1.0,-0.3,5,0.0,0.0,0.0,0.0,0,0.0
58.0,29.2,60.0,2.1,initial,-0.3,-1.0,5,0.0,0.0,0.0,0.0,0,0.0
58.0,29.4,60.0,0.1,initial,-1.0,-0.3,5,0.0,0.0,0.0,0.0,0,0.0
58.0,30.2,53.0,2.2,initial,0.9,-0.5,5,0.0,0.0,0.0,0.0,0,0.0
58.0,30.4,56.0,2.1,initial,0.9,-0.5,5,0.0,0.0,0.0,0.0,0,0.0
58.0,30.5,55.0,0.0,late,-1.0,-0.3,7,0.0,0.0,0.0,0.0,0,0.0
58.0,30.6,48.0,1.0,initial,-0.9,-0.5,5,0.0,0.0,0.0,0.0,0,0.0
58.0,31.0,46.0,0.5,late,-0.9,-0.5,5,0.0,0.0,0.0,0.0,0,0.0
58.0,31.0,47.0,0.7,late,-0.9,-0.5,5,0.0,0.0,0.0,0.0,0,0.0
58.0,31.2,53.0,2.8,initial,0.7,-0.7,5,0.0,0.0,0.0,0.0,0,0.0
58.0,31.6,51.0,1.6,development,-0.5,-0.9,5,0.0,0.0,0.0,0.0,0,0.0
58.0,32.0,51.0,1.9,initial,-0.3,-1.0,5,0.0,0.0,0.0,0.0,0,0.0
58.0,32.1,44.0,1.5,initial,-0.7,-0.7,5,0.0,0.0,0.0,0.0,0,0.0
58.0,32.1,49.0,0.9,initial,-0.7,-0.7,5,0.0,0.0,0.0,0.0,0,0.0
58.0,32.4,41.0,2.2,initial,-0.5,-0.9,5,0.0,0.0,0.0,0.0,0,0.0
58.0,32.4,47.0,1.4,mid,-0.3,-1.0,5,0.0,0.0,0.0,0.0,0,0.0
58.0,32.9,48.0,2.3,initial,0.3,-1.0,5,0.0,0.0,0.0,0.0,0,0.0
58.0,33.0,45.0,0.5,late,-0.9,-0.5,5,0.0,0.0,0.0,0.0,0,0.0
58.0,33.4,46.0,1.6,initial,-0.5,-0.9,9,0.0,0.0,0.0,0.0,0,0.0
58.0,33.5,50.0,1.5,mid,-0.3,-1.0,5,0.0,0.0,0.0,0.0,0,0.0
58.0,33.9,35.0,1.4,initial,-0.7,-0.7,5,0.0,0.0,0.0,0.0,0,0.0
58.0,34.0,41.0,2.8,development,0.0,-1.0,6,0.0,0.0,0.0,0.0,0,0.0
58.0,34.5,33.0,2.9,development,0.0,-1.0,7,0.0,0.0,0.0,0.0,0,0.0
58.0,34.6,36.0,3.0,initial,0.0,-1.0,6,0.0,0.0,0.0,0.0,0,0.0
58.0,34.8,31.0,2.9,late,-0.3,-1.0,5,0.0,0.0,0.0,0.0,0,0.0
58.0,34.8,37.0,2.2,initial,0.0,-1.0,5,0.0,0.0,0.0,0.0,0,0.0
58.0,35.2,41.0,3.0,initial,0.3,-1.0,5,0.0,0.0,0.0,0.0,0,0.0
58.0,35.8,30.0,2.8,initial,-0.3,-1.0,5,0.0,0.0,0.0,0.0,0,0.0
58.0,36.7,34.0,3.4,initial,0.0,-1.0,6,0.0,0.0,0.0,0.0,0,0.0
58.0,36.8,32.0,2.9,initial,0.0,-1.0,5,0.0,0.0,0.0,0.0,0,0.0
59.0,19.8,96.0,0.4,development,1.0,0.0,5,0.0,0.0,0.0,0.0,0,0.0
59.0,20.0,96.0,0.0,initial,-0.5,0.9,5,0.0,0.0,0.0,0.0,0,0.0
59.0,20.0,98.0,0.0,initial,0.7,0.7,5,0.0,0.0,0.0,0.0,0,0.0
59.0,20.0,99.0,0.0,initial,1.0,0.3,6,0.0,0.0,0.0,0.0,0,0.0
59.0,20.4,95.0,0.0,initial,0.9,0.5,5,0.0,0.0,0.0,0.0,0,0.0
59.0,20.7,97.0,0.0,initial,0.7,0.7,6,0.0,0.0,0.0,0.0,0,0.0
59.0,20.8,90.0,0.0,initial,-1.0,0.0,5,0.0,0.0,0.0,0.0,0,0.0
59.0,20.9,95.0,0.0,late,0.9,0.5,5,0.0,0.0,0.0,0.0,0,0.0
59.0,20.9,98.0,0.0,development,1.0,0.3,5,0.0,0.0,0.0,0.0,0,0.0
59.0,21.2,95.0,0.0,development,-0.9,0.5,6,0.0,0.0,0.0,0.0,0,0.0
59.0,21.2,97.0,0.0,initial,0.5,0.9,5,0.0,0.0,0.0,0.0,0,0.0
59.0,21.2,97.0,0.1,initial,1.0,0.3,6,0.0,0.0,0.0,0.0,0,0.0
59.0,21.4,97.0,0.0,initial,0.9,0.5,5,0.0,0.0,0.0,0.0,0,0.0
59.0,21.5,97.0,0.0,initial,0.9,0.5,7,0.0,0.0,0.0,0.0,0,0.0
59.0,21.5,97.0,0.0,late,1.0,0.3,6,0.0,0.0,0.0,0.0,0,0.0
59.0,21.7,93.0,0.0,initial,-1.0,0.3,5,0.0,0.0,0.0,0.0,0,0.0
59.0,21.7,97.0,0.0,late,0.7,0.7,5,0.0,0.0,0.0,0.0,0,0.0
59.0,22.0,96.0,0.0,development,0.5,0.9,7,0.0,0.0,0.0,0.0,0,0.0
59.0,22.1,97.0,0.0,development,0.7,0.7,5,0.0,0.0,0.0,0.0,0,0.0
59.0,22.1,97.0,0.0,mid,0.0,1.0,6,0.0,0.0,0.0,0.0,0,0.0
59.0,22.2,88.0,0.0,late,-0.3,1.0,5,0.0,0.0,0.0,0.0,0,0.0
59.0,22.2,100.0,0.0,initial,0.3,1.0,5,0.0,0.0,0.0,0.0,0,0.0
59.0,22.7,96.0,0.0,initial,0.7,0.7,9,0.0,0.0,0.0,0.0,0,0.0
59.0,22.8,93.0,0.5,initial,1.0,-0.3,5,0.0,0.0,0.0,0.0,0,0.0
59.0,22.8,96.0,0.0,development,0.5,0.9,6,0.0,0.0,0.0,0.0,0,0.0
59.0,22.8,96.0,0.0,development,0.9,0.5,6,0.0,0.0,0.0,0.0,0,0.0
59.0,22.8,96.0,0.0,development,1.0,0.3,5,0.0,0.0,0.0,0.0,0,0.0
59.0,22.9,95.0,0.0,initial,0.5,0.9,6,0.0,0.0,0.0,0.0,0,0.0
59.0,23.0,96.0,0.0,initial,0.9,0.5,5,0.0,0.0,0.0,0.0,0,0.0
59.0,23.0,97.0,0.0,development,0.5,0.9,6,0.0,0.0,0.0,0.0,0,0.0
59.0,23.0,97.0,0.0,development,1.0,0.3,5,0.0,0.0,0.0,0.0,0,0.0
59.0,23.0,98.0,0.0,initial,0.5,0.9,6,0.0,0.0,0.0,0.0,0,0.0
59.0,23.1,95.0,0.0,initial,0.9,0.5,5,0.0,0.0,0.0,0.0,0,0.0
59.0,23.1,96.0,0.0,initial,0.7,0.7,5,0.0,0.0,0.0,0.0,0,0.0
59.0,23.1,97.0,0.0,development,0.9,0.5,5,0.0,0.0,0.0,0.0,0,0.0
59.0,23.1,97.0,0.0,development,1.0,0.3,6,0.0,0.0,0.0,0.0,0,0.0
59.0,23.2,87.0,1.1,development,0.9,-0.5,5,0.0,0.0,0.0,0.0,0,0.0
59.0,23.2,93.0,0.0,initial,0.5,0.9,6,0.0,0.0,0.0,0.0,0,0.0
59.0,23.2,95.0,0.0,initial,0.7,0.7,6,0.0,0.0,0.0,0.0,0,0.0
59.0,23.4,94.0,0.0,initial,1.0,0.3,5,0.0,0.0,0.0,0.0,0,0.0
59.0,23.4,97.0,0.0,initial,0.7,0.7,5,0.0,0.0,0.0,0.0,0,0.0
59.0,23.6,92.0,1.0,initial,1.0,0.0,7,0.0,0.0,0.0,0.0,0,0.0
59.0,23.6,96.0,0.0,development,0.3,1.0,6,0.0,0.0,0.0,0.0,0,0.0
59.0,23.6,96.0,0.0,initial,0.9,0.5,5,0.0,0.0,0.0,0.0,0,0.0
59.0,23.6,98.0,0.0,development,1.0,0.3,5,0.0,0.0,0.0,0.0,0,0.0
59.0,23.7,91.0,0.0,initial,0.7,0.7,5,0.0,0.0,0.0,0.0,0,0.0
59.0,23.7,95.0,0.0,initial,0.7,0.7,5,0.0,0.0,0.0,0.0,0,0.0
59.0,23.7,96.0,0.0,initial,0.7,0.7,5,0.0,0.0,0.0,0.0,0,0.0
59.0,23.7,97.0,0.0,initial,0.0,1.0,5,0.0,0.0,0.0,0.0,0,0.0
59.0,23.8,76.0,0.0,initial,-1.0,-0.3,6,0.0,0.0,0.0,0.0,0,0.0
59.0,23.8,78.0,0.0,initial,-0.7,0.7,5,0.0,0.0,0.0,0.0,0,0.0
59.0,23.9,79.0,1.4,initial,1.0,-0.3,5,0.0,0.0,0.0,0.0,0,0.0
59.0,23.9,97.0,0.0,development,0.3,1.0,6,0.0,0.0,0.0,0.0,0,0.0
59.0,24.0,90.0,0.0,initial,0.0,1.0,5,0.0,0.0,0.0,0.0,0,0.0
59.0,24.0,90.0,0.0,initial,0.7,0.7,5,0.0,0.0,0.0,0.0,0,0.0
59.0,24.4,94.0,0.0,initial,-0.7,0.7,5,0.0,0.0,0.0,0.0,0,0.0
59.0,24.7,87.0,0.0,initial,-0.7,0.7,5,0.0,0.0,0.0,0.0,0,0.0
59.0,25.0,83.0,0.0,initial,-0.3,1.0,5,0.0,0.0,0.0,0.0,0,0.0
59.0,25.4,80.0,1.9,initial,1.0,-0.3,6,0.0,0.0,0.0,0.0,0,0.0
59.0,25.5,72.0,0.0,initial,-0.9,0.5,5,0.0,0.0,0.0,0.0,0,0.0
59.0,25.5,85.0,1.8,initial,0.9,-0.5,5,0.0,0.0,0.0,0.0,0,0.0
59.0,25.9,74.0,0.0,initial,-1.0,0.3,6,0.0,0.0,0.0,0.0,0,0.0
59.0,25.9,81.0,0.0,initial,-0.9,0.5,5,0.0,0.0,0.0,0.0,0,0.0
59.0,26.0,74.0,0.0,initial,-1.0,0.3,6,0.0,0.0,0.0,0.0,0,0.0
59.0,26.5,76.0,0.0,initial,-0.9,0.5,5,0.0,0.0,0.0,0.0,0,0.0
59.0,26.6,64.0,2.2,development,0.5,-0.9,5,0.0,0.0,0.0,0.0,0,0.0
59.0,26.6,71.0,0.0,initial,-0.9,0.5,5,0.0,0.0,0.0,0.0,0,0.0
59.0,26.7,70.0,0.3,development,-0.9,-0.5,6,0.0,0.0,0.0,0.0,0,0.0
59.0,27.2,69.0,0.0,initial,-1.0,0.3,6,0.0,0.0,0.0,0.0,0,0.0
59.0,27.4,71.0,1.1,initial,0.9,-0.5,5,0.0,0.0,0.0,0.0,0,0.0
59.0,27.6,55.0,0.1,late,-1.0,-0.3,6,0.0,0.0,0.0,0.0,0,0.0
59.0,28.0,64.0,0.0,initial,-1.0,0.0,5,0.0,0.0,0.0,0.0,0,0.0
59.0,28.3,63.0,0.0,initial,-1.0,0.0,7,0.0,0.0,0.0,0.0,0,0.0
59.0,28.3,65.0,0.0,initial,-1.0,0.0,5,0.0,0.0,0.0,0.0,0,0.0
59.0,28.9,45.0,2.2,initial,-0.3,-1.0,5,0.0,0.0,0.0,0.0,0,0.0
59.0,29.0,51.0,0.0,initial,-1.0,-0.3,5,0.0,0.0,0.0,0.0,0,0.0
59.0,29.6,46.0,2.1,development,-0.5,-0.9,5,0.0,0.0,0.0,0.0,0,0.0
59.0,29.7,60.0,2.2,development,0.7,-0.7,5,0.0,0.0,0.0,0.0,0,0.0
59.0,30.0,44.0,3.1,development,0.0,-1.0,5,0.0,0.0,0.0,0.0,0,0.0
59.0,31.7,54.0,1.8,initial,0.7,-0.7,5,0.0,0.0,0.0,0.0,0,0.0
59.0,31.9,49.0,2.4,development,0.3,-1.0,5,0.0,0.0,0.0,0.0,0,0.0
59.0,32.9,43.0,1.5,initial,-0.7,-0.7,5,0.0,0.0,0.0,0.0,0,0.0
59.0,33.1,47.0,3.2,late,0.0,-1.0,5,0.0,0.0,0.0,0.0,0,0.0
59.0,33.3,45.0,3.0,initial,0.0,-1.0,5,0.0,0.0,0.0,0.0,0,0.0
59.0,34.8,37.0,2.1,initial,-0.5,-0.9,5,0.0,0.0,0.0,0.0,0,0.0
59.0,35.8,34.0,3.3,initial,0.0,-1.0,6,0.0,0.0,0.0,0.0,0,0.0
59.0,36.0,34.0,3.6,initial,0.3,-1.0,5,0.0,0.0,0.0,0.0,0,0.0
59.0,36.5,32.0,2.7,late,-0.3,-1.0,5,0.0,0.0,0.0,0.0,0,0.0
60.0,19.5,94.0,0.0,initial,0.7,0.7,5,0.0,0.0,0.0,0.0,0,0.0
60.0,20.5,96.0,0.0,initial,0.5,0.9,5,0.0,0.0,0.0,0.0,0,0.0
60.0,20.8,97.0,0.0,initial,0.5,0.9,6,0.0,0.0,0.0,0.0,0,0.0
60.0,21.1,97.0,0.0,initial,0.5,0.9,6,0.0,0.0,0.0,0.0,0,0.0
60.0,21.2,78.0,0.0,initial,-1.0,0.0,5,0.0,0.0,0.0,0.0,0,0.0
60.0,21.2,95.0,0.0,initial,-0.3,1.0,7,0.0,0.0,0.0,0.0,0,0.0
60.0,21.2,98.0,0.0,initial,1.0,0.3,5,0.0,0.0,0.0,0.0,0,0.0
60.0,21.3,97.0,0.0,initial,1.0,0.3,6,0.0,0.0,0.0,0.0,0,0.0
60.0,21.5,89.0,0.0,initial,0.3,1.0,5,0.0,0.0,0.0,0.0,0,0.0
60.0,21.5,97.0,0.0,initial,0.7,0.7,5,0.0,0.0,0.0,0.0,0,0.0
60.0,21.9,98.0,0.0,development,-0.5,0.9,5,0.0,0.0,0.0,0.0,0,0.0
60.0,22.1,85.0,0.0,initial,0.0,1.0,5,0.0,0.0,0.0,0.0,0,0.0
60.0,22.1,95.0,0.0,mid,0.7,0.7,5,0.0,0.0,0.0,0.0,0,0.0
60.0,22.6,88.0,0.0,development,-1.0,0.0,5,0.0,0.0,0.0,0.0,0,0.0
60.0,22.6,96.0,0.0,initial,0.9,0.5,6,0.0,0.0,0.0,0.0,0,0.0
60.0,22.7,90.0,0.7,late,1.0,-0.3,5,0.0,0.0,0.0,0.0,0,0.0
60.0,22.8,96.0,0.0,initial,0.5,0.9,5,0.0,0.0,0.0,0.0,0,0.0
60.0,22.9,83.0,0.0,late,-0.7,0.7,5,0.0,0.0,0.0,0.0,0,0.0
60.0,22.9,97.0,0.0,initial,0.9,0.5,5,0.0,0.0,0.0,0.0,0,0.0
60.0,23.0,96.0,0.0,initial,-0.5,0.9,6,0.0,0.0,0.0,0.0,0,0.0
60.0,23.1,96.0,0.0,development,0.3,1.0,5,0.0,0.0,0.0,0.0,0,0.0
60.0,23.1,97.0,0.0,development,1.0,0.3,5,0.0,0.0,0.0,0.0,0,0.0
60.0,23.2,95.0,0.0,initial,0.9,0.5,5,0.0,0.0,0.0,0.0,0,0.0
60.0,23.2,96.0,0.0,mid,-0.3,1.0,5,0.0,0.0,0.0,0.0,0,0.0
60.0,23.3,87.0,1.3,development,0.9,-0.5,5,0.0,0.0,0.0,0.0,0,0.0
60.0,23.4,93.0,0.0,initial,0.5,0.9,5,0.0,0.0,0.0,0.0,0,0.0
60.0,23.5,96.0,0.0,development,1.0,0.3,5,0.0,0.0,0.0,0.0,0,0.0
60.0,23.5,96.0,0.0,initial,0.5,0.9,6,0.0,0.0,0.0,0.0,0,0.0
60.0,23.5,96.0,0.0,late,1.0,0.3,5,0.0,0.0,0.0,0.0,0,0.0
60.0,23.6,89.0,0.7,late,1.0,-0.3,5,0.0,0.0,0.0,0.0,0,0.0
60.0,24.1,96.0,0.0,development,-0.5,0.9,5,0.0,0.0,0.0,0.0,0,0.0
60.0,24.2,96.0,0.1,development,1.0,0.3,5,0.0,0.0,0.0,0.0,0,0.0
60.0,24.4,76.0,1.0,development,1.0,-0.3,5,0.0,0.0,0.0,0.0,0,0.0
60.0,24.4,95.0,0.3,mid,1.0,0.0,5,0.0,0.0,0.0,0.0,0,0.0
60.0,25.5,79.0,0.0,development,-1.0,0.0,5,0.0,0.0,0.0,0.0,0,0.0
60.0,25.8,81.0,1.3,initial,1.0,-0.3,5,0.0,0.0,0.0,0.0,0,0.0
60.0,27.5,57.0,1.7,initial,0.0,-1.0,5,0.0,0.0,0.0,0.0,0,0.0
60.0,28.0,64.0,1.9,mid,0.9,-0.5,5,0.0,0.0,0.0,0.0,0,0.0
60.0,28.3,63.0,0.0,initial,-1.0,0.0,5,0.0,0.0,0.0,0.0,0,0.0
60.0,29.4,62.0,2.3,mid,0.5,-0.9,5,0.0,0.0,0.0,0.0,0,0.0
60.0,29.8,60.0,2.5,mid,0.3,-1.0,5,0.0,0.0,0.0,0.0,0,0.0
60.0,31.0,53.0,2.0,development,0.5,-0.9,5,0.0,0.0,0.0,0.0,0,0.0
60.0,33.2,35.0,2.6,late,-0.3,-1.0,5,0.0,0.0,0.0,0.0,0,0.0
61.0,20.4,96.0,0.0,initial,0.9,0.5,5,0.0,0.0,0.0,0.0,0,0.0
61.0,20.6,97.0,0.0,initial,0.9,0.5,5,0.0,0.0,0.0,0.0,0,0.0
61.0,20.8,97.0,0.0,initial,0.5,0.9,8,0.0,0.0,0.0,0.0,0,0.0
61.0,21.1,97.0,0.0,initial,0.7,0.7,5,0.0,0.0,0.0,0.0,0,0.0
61.0,21.2,96.0,0.0,initial,-0.3,1.0,5,0.0,0.0,0.0,0.0,0,0.0
61.0,21.3,94.0,0.0,late,-0.7,0.7,5,0.0,0.0,0.0,0.0,0,0.0
61.0,21.3,97.0,0.0,initial,0.3,1.0,5,0.0,0.0,0.0,0.0,0,0.0
61.0,21.4,97.0,0.0,initial,0.3,1.0,6,0.0,0.0,0.0,0.0,0,0.0
61.0,21.4,97.0,0.0,initial,0.7,0.7,5,0.0,0.0,0.0,0.0,0,0.0
61.0,21.5,100.0,0.0,initial,0.5,0.9,5,0.0,0.0,0.0,0.0,0,0.0
61.0,21.7,92.0,0.0,initial,-0.7,0.7,5,0.0,0.0,0.0,0.0,0,0.0
61.0,21.7,95.0,0.0,initial,-0.5,0.9,6,0.0,0.0,0.0,0.0,0,0.0
61.0,21.8,94.0,0.0,mid,1.0,0.3,5,0.0,0.0,0.0,0.0,0,0.0
61.0,22.0,97.0,0.0,development,0.5,0.9,6,0.0,0.0,0.0,0.0,0,0.0
61.0,22.1,96.0,0.0,mid,0.7,0.7,6,0.0,0.0,0.0,0.0,0,0.0
61.0,22.2,98.0,0.0,late,0.9,0.5,5,0.0,0.0,0.0,0.0,0,0.0
61.0,22.3,96.0,0.0,development,-0.7,0.7,6,0.0,0.0,0.0,0.0,0,0.0
61.0,22.4,100.0,0.0,initial,0.7,0.7,6,0.0,0.0,0.0,0.0,0,0.0
61.0,23.0,97.0,0.0,development,0.5,0.9,6,0.0,0.0,0.0,0.0,0,0.0
61.0,23.0,97.0,0.0,development,0.7,0.7,5,0.0,0.0,0.0,0.0,0,0.0
61.0,23.1,97.0,0.0,development,1.0,0.3,5,0.0,0.0,0.0,0.0,0,0.0
61.0,23.2,98.0,0.0,development,0.9,0.5,5,0.0,0.0,0.0,0.0,0,0.0
61.0,23.4,93.0,0.0,initial,-0.5,0.9,5,0.0,0.0,0.0,0.0,0,0.0
61.0,23.4,96.0,0.0,initial,0.3,1.0,6,0.0,0.0,0.0,0.0,0,0.0
61.0,23.4,97.0,0.0,initial,0.9,0.5,6,0.0,0.0,0.0,0.0,0,0.0
61.0,23.6,88.0,0.0,development,-1.0,0.0,5,0.0,0.0,0.0,0.0,0,0.0
61.0,23.6,96.0,0.0,initial,0.3,1.0,5,0.0,0.0,0.0,0.0,0,0.0
61.0,23.9,97.0,0.0,development,0.5,0.9,5,0.0,0.0,0.0,0.0,0,0.0
61.0,24.1,84.0,0.0,development,-1.0,-0.3,5,0.0,0.0,0.0,0.0,0,0.0
61.0,24.1,89.0,0.0,mid,-1.0,0.3,5,0.0,0.0,0.0,0.0,0,0.0
61.0,25.1,92.0,1.4,initial,1.0,-0.3,5,0.0,0.0,0.0,0.0,0,0.0
61.0,25.5,97.0,0.0,late,0.9,0.5,6,0.0,0.0,0.0,0.0,0,0.0
61.0,27.3,66.0,0.3,development,-0.9,-0.5,7,0.0,0.0,0.0,0.0,0,0.0
61.0,29.6,55.0,1.1,development,-0.5,-0.9,5,0.0,0.0,0.0,0.0,0,0.0
61.0,30.1,59.0,2.3,development,0.5,-0.9,5,0.0,0.0,0.0,0.0,0,0.0
61.0,33.6,36.0,1.6,initial,-0.7,-0.7,5,0.0,0.0,0.0,0.0,0,0.0
62.0,19.8,98.0,0.0,initial,1.0,0.3,5,0.0,0.0,0.0,0.0,0,0.0
62.0,20.7,100.0,0.0,development,0.9,0.5,5,0.0,0.0,0.0,0.0,0,0.0
62.0,20.8,96.0,0.0,development,0.5,0.9,6,0.0,0.0,0.0,0.0,0,0.0
62.0,21.1,97.0,0.0,initial,0.7,0.7,5,0.0,0.0,0.0,0.0,0,0.0
62.0,21.4,95.0,0.0,initial,-0.9,0.5,5,0.0,0.0,0.0,0.0,0,0.0
62.0,21.5,97.0,0.0,initial,1.0,0.3,6,0.0,0.0,0.0,0.0,0,0.0
62.0,21.8,96.0,0.2,initial,1.0,0.0,6,0.0,0.0,0.0,0.0,0,0.0
62.0,22.0,96.0,0.0,mid,0.9,0.5,5,0.0,0.0,0.0,0.0,0,0.0
62.0,22.6,91.0,0.0,late,0.5,0.9,5,0.0,0.0,0.0,0.0,0,0.0
62.0,22.7,91.0,0.0,late,0.3,1.0,5,0.0,0.0,0.0,0.0,0,0.0
62.0,22.9,97.0,0.0,development,1.0,0.3,5,0.0,0.0,0.0,0.0,0,0.0
62.0,23.0,94.0,0.6,initial,1.0,-0.3,5,0.0,0.0,0.0,0.0,0,0.0
62.0,23.0,97.0,0.0,development,1.0,0.3,6,0.0,0.0,0.0,0.0,0,0.0
62.0,23.2,94.0,0.0,initial,-0.3,1.0,6,0.0,0.0,0.0,0.0,0,0.0
62.0,23.5,85.0,0.0,late,-0.5,0.9,6,0.0,0.0,0.0,0.0,0,0.0
62.0,23.8,97.0,0.0,development,0.7,0.7,5,0.0,0.0,0.0,0.0,0,0.0
62.0,24.4,78.0,0.0,late,-0.9,0.5,7,0.0,0.0,0.0,0.0,0,0.0
62.0,26.8,65.0,1.5,initial,-0.3,-1.0,6,0.0,0.0,0.0,0.0,0,0.0
62.0,27.6,79.0,0.0,development,-1.0,-0.3,5,0.0,0.0,0.0,0.0,0,0.0
62.0,29.7,55.0,2.4,mid,0.7,-0.7,5,0.0,0.0,0.0,0.0,0,0.0
62.0,30.2,56.0,0.4,development,-0.7,-0.7,5,0.0,0.0,0.0,0.0,0,0.0
62.0,31.9,47.0,1.6,development,0.0,-1.0,5,0.0,0.0,0.0,0.0,0,0.0
62.0,34.8,33.0,2.4,initial,-0.5,-0.9,5,0.0,0.0,0.0,0.0,0,0.0
63.0,19.6,94.0,0.0,initial,0.5,0.9,5,0.0,0.0,0.0,0.0,0,0.0
63.0,19.6,97.0,0.0,development,0.7,0.7,5,0.0,0.0,0.0,0.0,0,0.0
63.0,20.0,98.0,0.0,initial,0.7,0.7,5,0.0,0.0,0.0,0.0,0,0.0
63.0,20.4,98.0,0.0,initial,0.9,0.5,6,0.0,0.0,0.0,0.0,0,0.0
63.0,21.0,97.0,0.0,initial,0.3,1.0,6,0.0,0.0,0.0,0.0,0,0.0
63.0,21.0,97.0,0.0,initial,0.7,0.7,5,0.0,0.0,0.0,0.0,0,0.0
63.0,21.0,97.0,0.0,initial,1.0,0.3,5,0.0,0.0,0.0,0.0,0,0.0
63.0,21.2,82.0,0.0,development,-1.0,0.0,5,0.0,0.0,0.0,0.0,0,0.0
63.0,21.3,97.0,0.0,initial,0.3,1.0,5,0.0,0.0,0.0,0.0,0,0.0
63.0,21.4,97.0,0.0,initial,0.7,0.7,5,0.0,0.0,0.0,0.0,0,0.0
63.0,21.7,95.0,0.0,late,-1.0,0.3,7,0.0,0.0,0.0,0.0,0,0.0
63.0,21.8,81.0,0.0,initial,-0.7,0.7,5,0.0,0.0,0.0,0.0,0,0.0
63.0,22.2,90.0,0.0,development,-1.0,0.0,5,0.0,0.0,0.0,0.0,0,0.0
63.0,22.2,98.0,0.0,late,0.9,0.5,5,0.0,0.0,0.0,0.0,0,0.0
63.0,22.3,95.0,0.0,late,-0.9,0.5,5,0.0,0.0,0.0,0.0,0,0.0
63.0,22.4,99.0,0.0,initial,0.5,0.9,5,0.0,0.0,0.0,0.0,0,0.0
63.0,22.5,94.0,0.0,development,-0.5,0.9,6,0.0,0.0,0.0,0.0,0,0.0
63.0,22.7,98.0,0.0,initial,0.9,0.5,6,0.0,0.0,0.0,0.0,0,0.0
63.0,22.9,96.0,0.0,initial,0.0,1.0,5,0.0,0.0,0.0,0.0,0,0.0
63.0,22.9,97.0,0.0,initial,0.9,0.5,5,0.0,0.0,0.0,0.0,0,0.0
63.0,23.0,95.0,0.0,initial,0.0,1.0,5,0.0,0.0,0.0,0.0,0,0.0
63.0,23.0,97.0,0.0,development,1.0,0.3,5,0.0,0.0,0.0,0.0,0,0.0
63.0,23.2,96.0,0.0,initial,0.3,1.0,6,0.0,0.0,0.0,0.0,0,0.0
63.0,23.2,97.0,0.0,development,0.7,0.7,6,0.0,0.0,0.0,0.0,0,0.0
63.0,23.2,97.0,0.0,initial,0.0,1.0,5,0.0,0.0,0.0,0.0,0,0.0
63.0,23.9,98.0,0.0,development,0.9,0.5,5,0.0,0.0,0.0,0.0,0,0.0
63.0,24.0,93.0,0.0,initial,-0.5,0.9,5,0.0,0.0,0.0,0.0,0,0.0
63.0,24.7,78.0,0.4,initial,-0.9,-0.5,5,0.0,0.0,0.0,0.0,0,0.0
63.0,25.2,85.0,0.0,initial,-1.0,0.3,5,0.0,0.0,0.0,0.0,0,0.0
63.0,25.6,80.0,0.2,initial,-0.9,-0.5,5,0.0,0.0,0.0,0.0,0,0.0
63.0,26.3,86.0,0.0,development,-1.0,0.0,5,0.0,0.0,0.0,0.0,0,0.0
63.0,27.4,66.0,1.6,late,0.5,-0.9,5,0.0,0.0,0.0,0.0,0,0.0
63.0,28.2,63.0,1.7,late,-0.3,-1.0,6,0.0,0.0,0.0,0.0,0,0.0
63.0,31.8,48.0,2.3,mid,-0.3,-1.0,5,0.0,0.0,0.0,0.0,0,0.0
64.0,20.8,96.0,0.0,development,0.5,0.9,7,0.0,0.0,0.0,0.0,0,0.0
64.0,21.0,97.0,0.0,initial,0.7,0.7,5,0.0,0.0,0.0,0.0,0,0.0
64.0,21.1,97.0,0.0,initial,0.7,0.7,6,0.0,0.0,0.0,0.0,0,0.0
64.0,22.5,97.0,0.0,development,0.9,0.5,5,0.0,0.0,0.0,0.0,0,0.0
64.0,22.8,95.0,0.0,mid,-0.3,1.0,6,0.0,0.0,0.0,0.0,0,0.0
64.0,22.8,96.0,0.1,development,1.0,0.3,5,0.0,0.0,0.0,0.0,0,0.0
64.0,23.2,96.0,0.0,initial,0.3,1.0,5,0.0,0.0,0.0,0.0,0,0.0
64.0,23.8,95.0,0.4,development,1.0,0.0,5,0.0,0.0,0.0,0.0,0,0.0
64.0,25.6,58.0,1.1,initial,-0.7,-0.7,5,0.0,0.0,0.0,0.0,0,0.0
64.0,25.7,89.0,1.1,initial,1.0,-0.3,5,0.0,0.0,0.0,0.0,0,0.0
64.0,26.0,84.0,1.0,development,1.0,-0.3,5,0.0,0.0,0.0,0.0,0,0.0
64.0,31.4,55.0,2.6,mid,0.3,-1.0,5,0.0,0.0,0.0,0.0,0,0.0
65.0,20.8,96.0,0.0,development,0.5,0.9,5,0.0,0.0,0.0,0.0,0,0.0
65.0,21.2,92.0,0.0,initial,0.7,0.7,5,0.0,0.0,0.0,0.0,0,0.0
65.0,21.2,96.0,0.0,development,0.7,0.7,5,0.0,0.0,0.0,0.0,0,0.0
65.0,21.4,97.0,0.0,initial,0.0,1.0,6,0.0,0.0,0.0,0.0,0,0.0
65.0,21.9,96.0,0.0,initial,-0.5,0.9,5,0.0,0.0,0.0,0.0,0,0.0
65.0,22.4,94.0,0.0,late,-1.0,0.3,5,0.0,0.0,0.0,0.0,0,0.0
65.0,22.5,95.0,0.0,development,-0.3,1.0,5,0.0,0.0,0.0,0.0,0,0.0
65.0,22.9,97.0,0.0,development,1.0,0.3,5,0.0,0.0,0.0,0.0,0,0.0
65.0,23.7,96.0,0.0,mid,0.0,1.0,5,0.0,0.0,0.0,0.0,0,0.0
65.0,23.8,85.0,0.0,initial,-0.5,0.9,5,0.0,0.0,0.0,0.0,0,0.0
65.0,26.4,62.0,1.9,initial,0.5,-0.9,5,0.0,0.0,0.0,0.0,0,0.0
65.0,33.4,49.0,2.6,initial,0.0,-1.0,5,0.0,0.0,0.0,0.0,0,0.0
66.0,21.4,97.0,0.0,initial,-0.3,1.0,5,0.0,0.0,0.0,0.0,0,0.0
66.0,21.4,97.0,0.0,initial,0.0,1.0,6,0.0,0.0,0.0,0.0,0,0.0
66.0,21.8,98.0,0.0,development,0.7,0.7,5,0.0,0.0,0.0,0.0,0,0.0
66.0,22.0,97.0,0.0,development,0.5,0.9,6,0.0,0.0,0.0,0.0,0,0.0
66.0,22.7,92.0,0.0,initial,0.3,1.0,5,0.0,0.0,0.0,0.0,0,0.0
66.0,22.9,97.0,0.0,initial,0.9,0.5,7,0.0,0.0,0.0,0.0,0,0.0
66.0,23.2,96.0,0.0,initial,0.3,1.0,5,0.0,0.0,0.0,0.0,0,0.0
66.0,23.7,96.0,0.0,development,0.9,0.5,6,0.0,0.0,0.0,0.0,0,0.0
66.0,26.7,69.0,0.3,late,-0.9,-0.5,5,0.0,0.0,0.0,0.0,0,0.0
66.0,28.1,72.0,1.0,mid,-0.3,-1.0,5,0.0,0.0,0.0,0.0,0,0.0
67.0,20.4,93.0,0.0,mid,-0.7,0.7,5,0.0,0.0,0.0,0.0,0,0.0
67.0,21.1,97.0,0.0,initial,0.5,0.9,5,0.0,0.0,0.0,0.0,0,0.0
67.0,21.5,94.0,0.0,initial,-0.3,1.0,5,0.0,0.0,0.0,0.0,0,0.0
67.0,22.4,96.0,0.0,initial,0.9,0.5,5,0.0,0.0,0.0,0.0,0,0.0
67.0,22.4,98.0,0.0,development,0.9,0.5,5,0.0,0.0,0.0,0.0,0,0.0
67.0,22.6,96.0,0.0,mid,0.3,1.0,5,0.0,0.0,0.0,0.0,0,0.0
67.0,23.2,97.0,0.0,development,0.7,0.7,5,0.0,0.0,0.0,0.0,0,0.0
67.0,23.5,94.0,0.0,initial,-0.3,1.0,5,0.0,0.0,0.0,0.0,0,0.0
67.0,24.9,96.0,0.0,mid,0.5,0.9,5,0.0,0.0,0.0,0.0,0,0.0
67.0,30.5,65.0,1.2,late,-0.5,-0.9,5,0.0,0.0,0.0,0.0,0,0.0
68.0,20.2,94.0,0.0,mid,0.3,1.0,5,0.0,0.0,0.0,0.0,0,0.0
68.0,20.2,96.0,0.0,mid,-0.3,1.0,5,0.0,0.0,0.0,0.0,0,0.0
68.0,21.4,97.0,0.0,initial,0.9,0.5,5,0.0,0.0,0.0,0.0,0,0.0
68.0,21.8,95.0,0.0,initial,0.7,0.7,5,0.0,0.0,0.0,0.0,0,0.0
68.0,23.2,96.0,0.0,development,0.3,1.0,6,0.0,0.0,0.0,0.0,0,0.0
68.0,23.3,95.0,0.0,mid,-0.3,1.0,7,0.0,0.0,0.0,0.0,0,0.0
68.0,23.6,98.0,0.0,development,0.9,0.5,5,0.0,0.0,0.0,0.0,0,0.0
68.0,23.9,97.0,0.3,initial,1.0,0.0,5,0.0,0.0,0.0,0.0,0,0.0
68.0,24.0,87.0,0.0,initial,-1.0,-0.3,5,0.0,0.0,0.0,0.0,0,0.0
68.0,24.7,95.0,0.3,mid,1.0,0.0,6,0.0,0.0,0.0,0.0,0,0.0
68.0,25.0,94.0,0.5,mid,1.0,-0.3,5,0.0,0.0,0.0,0.0,0,0.0
68.0,26.0,87.0,1.2,mid,1.0,-0.3,5,0.0,0.0,0.0,0.0,0,0.0
69.0,21.3,99.0,0.0,initial,0.7,0.7,5,0.0,0.0,0.0,0.0,0,0.0
69.0,21.8,98.0,0.0,development,0.5,0.9,5,0.0,0.0,0.0,0.0,0,0.0
69.0,21.8,98.0,0.0,development,0.7,0.7,5,0.0,0.0,0.0,0.0,0,0.0
69.0,22.6,97.0,0.0,initial,0.7,0.7,5,0.0,0.0,0.0,0.0,0,0.0
69.0,23.1,98.0,0.0,initial,1.0,0.3,5,0.0,0.0,0.0,0.0,0,0.0
69.0,23.3,88.0,0.0,development,-0.3,1.0,5,0.0,0.0,0.0,0.0,0,0.0
69.0,23.3,97.0,0.0,initial,-0.3,1.0,6,0.0,0.0,0.0,0.0,0,0.0
69.0,24.6,96.0,0.0,late,-0.9,0.5,5,0.0,0.0,0.0,0.0,0,0.0
69.0,25.0,74.0,0.0,late,-1.0,0.3,5,0.0,0.0,0.0,0.0,0,0.0
69.0,26.6,70.0,0.0,late,-1.0,0.3,7,0.0,0.0,0.0,0.0,0,0.0
69.0,27.0,71.0,0.5,mid,-0.7,-0.7,5,0.0,0.0,0.0,0.0,0,0.0
70.0,19.4,96.0,0.0,mid,1.0,0.3,5,0.0,0.0,0.0,0.0,0,0.0
70.0,21.7,97.0,0.0,initial,-0.3,1.0,5,0.0,0.0,0.0,0.0,0,0.0
70.0,21.8,95.0,0.0,initial,0.7,0.7,5,0.0,0.0,0.0,0.0,0,0.0
70.0,22.7,98.0,0.0,development,0.3,1.0,5,0.0,0.0,0.0,0.0,0,0.0
70.0,22.8,91.0,0.0,late,0.3,1.0,5,0.0,0.0,0.0,0.0,0,0.0
70.0,22.9,97.0,0.0,development,1.0,0.3,5,0.0,0.0,0.0,0.0,0,0.0
70.0,23.9,97.0,0.0,initial,0.5,0.9,5,0.0,0.0,0.0,0.0,0,0.0
70.0,24.0,81.0,0.0,initial,-1.0,-0.3,5,0.0,0.0,0.0,0.0,0,0.0
70.0,29.2,61.0,1.1,mid,0.3,-1.0,5,0.0,0.0,0.0,0.0,0,0.0
71.0,21.3,99.0,0.0,late,0.0,1.0,5,0.0,0.0,0.0,0.0,0,0.0
71.0,21.5,96.0,0.0,development,0.9,0.5,5,0.0,0.0,0.0,0.0,0,0.0
71.0,22.9,97.0,0.0,initial,0.9,0.5,7,0.0,0.0,0.0,0.0,0,0.0
71.0,23.2,98.0,0.0,initial,0.9,0.5,5,0.0,0.0,0.0,0.0,0,0.0
71.0,23.8,97.0,0.0,initial,0.7,0.7,5,0.0,0.0,0.0,0.0,0,0.0
71.0,29.5,57.0,2.0,mid,0.0,-1.0,5,0.0,0.0,0.0,0.0,0,0.0
71.0,30.0,44.0,1.7,initial,-0.5,-0.9,5,0.0,0.0,0.0,0.0,0,0.0
71.0,35.8,35.0,2.2,late,-0.5,-0.9,6,0.0,0.0,0.0,0.0,0,0.0
72.0,22.4,95.0,0.0,initial,-0.3,1.0,5,0.0,0.0,0.0,0.0,0,0.0
72.0,23.2,98.0,0.0,initial,0.9,0.5,5,0.0,0.0,0.0,0.0,0,0.0
72.0,23.3,97.0,0.0,initial,-0.3,1.0,5,0.0,0.0,0.0,0.0,0,0.0
73.0,23.1,97.0,0.0,initial,0.3,1.0,5,0.0,0.0,0.0,0.0,0,0.0
74.0,22.4,97.0,0.0,mid,0.9,0.5,5,0.0,0.0,0.0,0.0,0,0.0
74.0,22.5,92.0,0.7,development,1.0,-0.3,5,0.0,0.0,0.0,0.0,0,0.0
74.0,23.2,97.0,0.0,development,0.5,0.9,5,0.0,0.0,0.0,0.0,0,0.0
74.0,23.2,97.0,0.0,development,0.7,0.7,5,0.0,0.0,0.0,0.0,0,0.0
74.0,23.7,97.0,0.0,initial,0.9,0.5,5,0.0,0.0,0.0,0.0,0,0.0
74.0,23.7,97.0,0.2,initial,1.0,0.3,5,0.0,0.0,0.0,0.0,0,0.0
74.0,24.1,97.0,0.0,late,0.5,0.9,5,0.0,0.0,0.0,0.0,0,0.0
74.0,24.7,97.0,0.0,mid,-1.0,0.3,5,0.0,0.0,0.0,0.0,0,0.0
75.0,22.4,97.0,0.0,mid,0.9,0.5,5,0.0,0.0,0.0,0.0,0,0.0
75.0,23.2,97.0,0.0,development,0.7,0.7,5,0.0,0.0,0.0,0.0,0,0.0
75.0,24.7,87.0,0.0,development,-0.7,0.7,5,0.0,0.0,0.0,0.0,0,0.0
76.0,19.5,95.0,0.0,initial,0.0,1.0,5,0.0,0.0,0.0,0.0,0,0.0
76.0,21.3,80.0,0.0,initial,-0.9,0.5,5,0.0,0.0,0.0,0.0,0,0.0
76.0,29.6,58.0,0.8,development,-0.9,-0.5,5,0.0,0.0,0.0,0.0,0,0.0
77.0,19.6,94.0,0.0,initial,0.9,0.5,6,0.0,0.0,0.0,0.0,0,0.0
77.0,23.2,97.0,0.0,development,0.5,0.9,5,0.0,0.0,0.0,0.0,0,0.0
77.0,23.3,91.0,0.6,initial,1.0,-0.3,5,0.0,0.0,0.0,0.0,0,0.0
77.0,23.7,94.0,0.0,mid,0.3,1.0,6,0.0,0.0,0.0,0.0,0,0.0
77.0,23.8,95.0,0.0,mid,-0.3,1.0,5,0.0,0.0,0.0,0.0,0,0.0
77.0,24.2,94.0,0.0,mid,-0.7,0.7,5,0.0,0.0,0.0,0.0,0,0.0
77.0,24.6,98.0,0.0,initial,0.9,0.5,5,0.0,0.0,0.0,0.0,0,0.0
77.0,25.6,85.0,1.0,mid,1.0,-0.3,5,0.0,0.0,0.0,0.0,0,0.0
77.0,27.4,50.0,0.5,initial,-0.9,-0.5,5,0.0,0.0,0.0,0.0,0,0.0
77.0,27.9,72.0,0.2,initial,-1.0,-0.3,5,0.0,0.0,0.0,0.0,0,0.0
77.0,32.9,48.0,0.9,initial,-0.9,-0.5,5,0.0,0.0,0.0,0.0,0,0.0
79.0,21.2,93.0,0.0,development,-0.5,0.9,5,0.0,0.0,0.0,0.0,0,0.0
79.0,23.2,97.0,0.0,initial,0.9,0.5,5,0.0,0.0,0.0,0.0,0,0.0
79.0,29.7,64.0,1.3,mid,-0.5,-0.9,5,0.0,0.0,0.0,0.0,0,0.0
79.0,30.0,55.0,2.8,mid,0.7,-0.7,5,0.0,0.0,0.0,0.0,0,0.0
80.0,23.0,96.0,0.0,development,0.7,0.7,5,0.0,0.0,0.0,0.0,0,0.0
81.0,22.7,96.0,0.0,initial,1.0,0.3,5,0.0,0.0,0.0,0.0,0,0.0
81.0,24.3,85.0,0.0,mid,-1.0,0.3,7,0.0,0.0,0.0,0.0,0,0.0
81.0,28.2,66.0,0.6,development,-0.9,-0.5,5,0.0,0.0,0.0,0.0,0,0.0
82.0,20.3,96.0,0.0,development,0.7,0.7,5,0.0,0.0,0.0,0.0,0,0.0
82.0,24.3,90.0,0.0,development,-0.9,0.5,5,0.0,0.0,0.0,0.0,0,0.0
82.0,27.9,65.0,0.8,mid,-0.7,-0.7,5,0.0,0.0,0.0,0.0,0,0.0
82.0,31.8,53.0,1.5,development,-0.7,-0.7,5,0.0,0.0,0.0,0.0,0,0.0
83.0,18.9,100.0,0.0,initial,0.5,0.9,5,0.0,0.0,0.0,0.0,0,0.0
83.0,19.4,97.0,0.0,development,1.0,0.3,5,0.0,0.0,0.0,0.0,0,0.0
83.0,23.1,95.0,0.0,initial,0.0,1.0,5,0.0,0.0,0.0,0.0,0,0.0
83.0,23.3,98.0,0.0,initial,0.7,0.7,5,0.0,0.0,0.0,0.0,0,0.0
83.0,23.6,93.0,0.0,development,-0.5,0.9,5,0.0,0.0,0.0,0.0,0,0.0
83.0,24.0,91.0,0.5,development,1.0,0.0,5,0.0,0.0,0.0,0.0,0,0.0
83.0,25.3,92.0,1.0,mid,1.0,-0.3,5,0.0,0.0,0.0,0.0,0,0.0
83.0,28.4,73.0,2.1,mid,0.7,-0.7,5,0.0,0.0,0.0,0.0,0,0.0
84.0,23.2,86.0,0.9,initial,0.9,-0.5,5,0.0,0.0,0.0,0.0,0,0.0
84.0,23.4,96.0,0.0,initial,0.0,1.0,5,0.0,0.0,0.0,0.0,0,0.0
84.0,23.5,96.0,0.0,development,0.9,0.5,5,0.0,0.0,0.0,0.0,0,0.0
84.0,24.2,88.0,0.0,initial,-0.9,0.5,7,0.0,0.0,0.0,0.0,0,0.0
84.0,24.6,91.0,0.0,late,-1.0,0.3,5,0.0,0.0,0.0,0.0,0,0.0
84.0,25.3,92.0,1.0,mid,1.0,-0.3,5,0.0,0.0,0.0,0.0,0,0.0
85.0,20.8,91.0,0.0,initial,-0.9,0.5,5,0.0,0.0,0.0,0.0,0,0.0
85.0,21.4,99.0,0.0,initial,0.5,0.9,5,0.0,0.0,0.0,0.0,0,0.0
85.0,22.5,98.0,0.0,initial,0.9,0.5,5,0.0,0.0,0.0,0.0,0,0.0
85.0,23.8,91.0,0.0,initial,-0.7,0.7,5,0.0,0.0,0.0,0.0,0,0.0
85.0,24.0,96.0,0.0,mid,-0.3,1.0,5,0.0,0.0,0.0,0.0,0,0.0
85.0,25.9,86.0,1.1,development,1.0,-0.3,5,0.0,0.0,0.0,0.0,0,0.0
85.0,33.6,46.0,2.7,development,-0.3,-1.0,5,0.0,0.0,0.0,0.0,0,0.0
86.0,22.8,96.0,0.0,development,-0.5,0.9,5,0.0,0.0,0.0,0.0,0,0.0
86.0,23.3,93.0,0.0,development,-0.9,0.5,5,0.0,0.0,0.0,0.0,0,0.0
86.0,23.4,96.0,0.0,initial,0.3,1.0,5,0.0,0.0,0.0,0.0,0,0.0
86.0,24.2,88.0,0.0,initial,-0.9,0.5,5,0.0,0.0,0.0,0.0,0,0.0
86.0,24.7,86.0,0.0,development,-1.0,0.3,6,0.0,0.0,0.0,0.0,0,0.0
86.0,24.9,96.0,0.3,initial,1.0,0.0,5,0.0,0.0,0.0,0.0,0,0.0
86.0,26.7,75.0,0.0,initial,-1.0,0.3,5,0.0,0.0,0.0,0.0,0,0.0
86.0,32.8,45.0,2.8,mid,0.0,-1.0,5,0.0,0.0,0.0,0.0,0,0.0
87.0,22.3,95.0,0.0,mid,0.0,1.0,5,0.0,0.0,0.0,0.0,0,0.0
87.0,22.3,97.0,0.0,initial,0.9,0.5,5,0.0,0.0,0.0,0.0,0,0.0
87.0,23.4,89.0,0.0,mid,-0.5,0.9,5,0.0,0.0,0.0,0.0,0,0.0
87.0,24.4,78.0,1.4,initial,0.7,-0.7,5,0.0,0.0,0.0,0.0,0,0.0
87.0,24.6,91.0,0.0,late,-1.0,0.3,5,0.0,0.0,0.0,0.0,0,0.0
87.0,28.8,62.0,1.1,mid,-0.5,-0.9,5,0.0,0.0,0.0,0.0,0,0.0
88.0,20.3,98.0,0.0,initial,0.5,0.9,5,0.0,0.0,0.0,0.0,0,0.0
88.0,21.5,96.0,0.0,initial,0.0,1.0,5,0.0,0.0,0.0,0.0,0,0.0
88.0,22.2,97.0,0.0,late,0.7,0.7,5,0.0,0.0,0.0,0.0,0,0.0
88.0,23.1,91.0,0.0,mid,0.0,1.0,6,0.0,0.0,0.0,0.0,0,0.0
88.0,23.1,97.0,0.0,initial,0.3,1.0,5,0.0,0.0,0.0,0.0,0,0.0
88.0,23.2,96.0,0.0,late,0.9,0.5,5,0.0,0.0,0.0,0.0,0,0.0
88.0,23.2,97.0,0.0,initial,0.0,1.0,5,0.0,0.0,0.0,0.0,0,0.0
88.0,23.4,97.0,0.0,initial,0.0,1.0,5,0.0,0.0,0.0,0.0,0,0.0
88.0,23.5,96.0,0.0,initial,-0.5,0.9,6,0.0,0.0,0.0,0.0,0,0.0
88.0,24.9,68.0,0.8,initial,-0.7,-0.7,5,0.0,0.0,0.0,0.0,0,0.0
88.0,25.4,68.0,1.1,initial,-0.5,-0.9,5,0.0,0.0,0.0,0.0,0,0.0
88.0,27.8,63.0,2.2,late,0.0,-1.0,5,0.0,0.0,0.0,0.0,0,0.0
88.0,29.8,63.0,2.6,initial,0.7,-0.7,5,0.0,0.0,0.0,0.0,0,0.0
88.0,30.8,60.0,2.2,initial,0.0,-1.0,5,0.0,0.0,0.0,0.0,0,0.0
89.0,20.4,97.0,0.0,initial,0.7,0.7,5,0.0,0.0,0.0,0.0,0,0.0
89.0,21.2,96.0,0.0,late,-1.0,0.3,5,0.0,0.0,0.0,0.0,0,0.0
89.0,22.5,98.0,0.0,development,0.3,1.0,7,0.0,0.0,0.0,0.0,0,0.0
89.0,22.9,97.0,0.0,initial,1.0,0.3,5,0.0,0.0,0.0,0.0,0,0.0
89.0,23.0,98.0,0.0,initial,1.0,0.3,6,0.0,0.0,0.0,0.0,0,0.0
89.0,23.2,97.0,0.0,initial,0.0,1.0,9,0.0,0.0,0.0,0.0,0,0.0
89.0,23.2,98.0,0.0,development,0.0,1.0,6,0.0,0.0,0.0,0.0,0,0.0
89.0,23.6,75.0,0.3,initial,-0.9,-0.5,5,0.0,0.0,0.0,0.0,0,0.0
89.0,24.5,95.0,0.4,initial,1.0,0.0,6,0.0,0.0,0.0,0.0,0,0.0
89.0,26.4,62.0,1.9,initial,-0.5,-0.9,5,0.0,0.0,0.0,0.0,0,0.0
89.0,26.5,67.0,2.1,initial,0.5,-0.9,5,0.0,0.0,0.0,0.0,0,0.0
89.0,27.4,52.0,2.1,development,0.0,-1.0,5,0.0,0.0,0.0,0.0,0,0.0
89.0,30.7,54.0,2.2,initial,-0.5,-0.9,5,0.0,0.0,0.0,0.0,0,0.0
89.0,30.8,61.0,2.4,development,0.0,-1.0,5,0.0,0.0,0.0,0.0,0,0.0
90.0,18.8,94.0,0.0,initial,1.0,0.3,5,0.0,0.0,0.0,0.0,0,0.0
90.0,20.9,96.0,0.0,initial,-0.5,0.9,5,0.0,0.0,0.0,0.0,0,0.0
90.0,21.1,95.0,0.0,initial,0.5,0.9,5,0.0,0.0,0.0,0.0,0,0.0
90.0,21.2,99.0,0.0,initial,0.5,0.9,5,0.0,0.0,0.0,0.0,0,0.0
90.0,22.7,97.0,0.0,development,0.7,0.7,5,0.0,0.0,0.0,0.0,0,0.0
90.0,22.9,98.0,0.0,initial,0.7,0.7,6,0.0,0.0,0.0,0.0,0,0.0
90.0,23.0,98.0,0.0,initial,1.0,0.3,5,0.0,0.0,0.0,0.0,0,0.0
90.0,23.1,97.0,0.0,initial,0.3,1.0,5,0.0,0.0,0.0,0.0,0,0.0
90.0,26.1,69.0,1.1,late,-0.7,-0.7,6,0.0,0.0,0.0,0.0,0,0.0
90.0,26.9,62.0,2.7,initial,0.3,-1.0,5,0.0,0.0,0.0,0.0,0,0.0
91.0,19.1,95.0,0.0,initial,0.9,0.5,5,0.0,0.0,0.0,0.0,0,0.0
91.0,20.4,98.0,0.0,initial,1.0,0.3,5,0.0,0.0,0.0,0.0,0,0.0
91.0,20.4,98.0,0.0,late,-0.3,1.0,5,0.0,0.0,0.0,0.0,0,0.0
91.0,20.7,95.0,0.0,initial,-0.5,0.9,5,0.0,0.0,0.0,0.0,0,0.0
91.0,20.7,99.0,0.0,late,0.0,1.0,5,0.0,0.0,0.0,0.0,0,0.0
91.0,21.0,95.0,0.0,late,-0.9,0.5,5,0.0,0.0,0.0,0.0,0,0.0
91.0,21.1,99.0,0.0,initial,1.0,0.3,6,0.0,0.0,0.0,0.0,0,0.0
91.0,21.3,95.0,0.0,initial,-0.7,0.7,5,0.0,0.0,0.0,0.0,0,0.0
91.0,22.2,97.0,0.0,initial,-0.5,0.9,5,0.0,0.0,0.0,0.0,0,0.0
91.0,22.4,96.0,0.0,initial,0.0,1.0,5,0.0,0.0,0.0,0.0,0,0.0
91.0,22.5,98.0,0.0,development,0.9,0.5,6,0.0,0.0,0.0,0.0,0,0.0
91.0,23.7,78.0,1.8,initial,0.9,-0.5,5,0.0,0.0,0.0,0.0,0,0.0
91.0,23.8,89.0,0.0,initial,-0.7,0.7,5,0.0,0.0,0.0,0.0,0,0.0
91.0,23.9,96.0,0.0,development,-0.7,0.7,6,0.0,0.0,0.0,0.0,0,0.0
91.0,24.5,85.0,0.0,initial,-1.0,-0.3,5,0.0,0.0,0.0,0.0,0,0.0
91.0,25.7,64.0,2.2,initial,0.5,-0.9,7,0.0,0.0,0.0,0.0,0,0.0
91.0,27.4,70.0,0.0,development,-1.0,-0.3,5,0.0,0.0,0.0,0.0,0,0.0
91.0,27.8,73.0,2.0,late,0.9,-0.5,5,0.0,0.0,0.0,0.0,0,0.0
91.0,29.4,66.0,2.2,initial,0.7,-0.7,5,0.0,0.0,0.0,0.0,0,0.0
91.0,30.3,60.0,0.8,initial,-0.7,-0.7,5,0.0,0.0,0.0,0.0,0,0.0
92.0,19.2,98.0,0.0,late,1.0,0.3,5,0.0,0.0,0.0,0.0,0,0.0
92.0,19.8,98.0,0.0,late,0.9,0.5,5,0.0,0.0,0.0,0.0,0,0.0
92.0,20.5,95.0,0.0,initial,0.3,1.0,5,0.0,0.0,0.0,0.0,0,0.0
92.0,20.6,92.0,0.2,initial,1.0,0.0,5,0.0,0.0,0.0,0.0,0,0.0
92.0,21.9,98.0,0.2,development,1.0,0.3,5,0.0,0.0,0.0,0.0,0,0.0
92.0,22.2,98.0,0.0,initial,0.9,0.5,5,0.0,0.0,0.0,0.0,0,0.0
92.0,23.0,93.0,0.0,initial,-0.3,1.0,6,0.0,0.0,0.0,0.0,0,0.0
92.0,23.3,98.0,0.0,development,0.9,0.5,6,0.0,0.0,0.0,0.0,0,0.0
92.0,23.3,98.0,0.0,development,1.0,0.3,5,0.0,0.0,0.0,0.0,0,0.0
92.0,23.5,97.0,0.0,development,0.9,0.5,5,0.0,0.0,0.0,0.0,0,0.0
92.0,23.7,86.0,1.5,initial,0.9,-0.5,5,0.0,0.0,0.0,0.0,0,0.0
92.0,24.8,89.0,0.0,development,-1.0,0.3,6,0.0,0.0,0.0,0.0,0,0.0
92.0,25.4,95.0,0.4,initial,1.0,0.0,5,0.0,0.0,0.0,0.0,0,0.0
92.0,25.7,90.0,0.0,initial,-0.9,0.5,7,0.0,0.0,0.0,0.0,0,0.0
92.0,25.7,92.0,0.0,development,-1.0,0.0,5,0.0,0.0,0.0,0.0,0,0.0
92.0,28.3,66.0,1.2,initial,-0.5,-0.9,5,0.0,0.0,0.0,0.0,0,0.0
92.0,29.9,60.0,0.7,development,-0.7,-0.7,6,0.0,0.0,0.0,0.0,0,0.0
92.0,30.2,58.0,2.5,development,0.3,-1.0,5,0.0,0.0,0.0,0.0,0,0.0
92.0,30.4,64.0,2.4,mid,0.3,-1.0,5,0.0,0.0,0.0,0.0,0,0.0
92.0,30.9,63.0,2.0,development,0.5,-0.9,5,0.0,0.0,0.0,0.0,0,0.0
92.0,31.9,58.0,2.6,initial,0.3,-1.0,5,0.0,0.0,0.0,0.0,0,0.0
92.0,32.1,53.0,1.7,mid,-0.5,-0.9,5,0.0,0.0,0.0,0.0,0,0.0
93.0,20.0,82.0,0.0,development,-0.5,0.9,5,0.0,0.0,0.0,0.0,0,0.0
93.0,20.1,98.0,0.0,late,0.5,0.9,5,0.0,0.0,0.0,0.0,0,0.0
93.0,20.6,98.0,0.0,initial,0.3,1.0,5,0.0,0.0,0.0,0.0,0,0.0
93.0,21.6,90.0,0.7,initial,1.0,-0.3,5,0.0,0.0,0.0,0.0,0,0.0
93.0,22.2,98.0,0.0,initial,0.7,0.7,5,0.0,0.0,0.0,0.0,0,0.0
93.0,22.6,93.0,0.0,development,0.0,1.0,6,0.0,0.0,0.0,0.0,0,0.0
93.0,22.7,100.0,0.0,late,-0.3,1.0,5,0.0,0.0,0.0,0.0,0,0.0
93.0,22.8,93.0,0.0,initial,-1.0,0.3,5,0.0,0.0,0.0,0.0,0,0.0
93.0,22.8,97.0,0.0,late,0.5,0.9,5,0.0,0.0,0.0,0.0,0,0.0
93.0,22.8,100.0,0.0,late,0.5,0.9,5,0.0,0.0,0.0,0.0,0,0.0
93.0,22.9,99.0,0.0,late,-0.7,0.7,5,0.0,0.0,0.0,0.0,0,0.0
93.0,23.0,98.0,0.0,development,0.3,1.0,5,0.0,0.0,0.0,0.0,0,0.0
93.0,23.4,97.0,0.0,development,1.0,0.3,5,0.0,0.0,0.0,0.0,0,0.0
93.0,23.5,97.0,0.0,development,0.9,0.5,5,0.0,0.0,0.0,0.0,0,0.0
93.0,23.8,89.0,0.8,development,1.0,0.0,5,0.0,0.0,0.0,0.0,0,0.0
93.0,24.2,97.0,0.0,initial,0.3,1.0,5,0.0,0.0,0.0,0.0,0,0.0
93.0,24.5,97.0,0.0,initial,-0.3,1.0,5,0.0,0.0,0.0,0.0,0,0.0
93.0,24.6,95.0,0.0,development,-0.7,0.7,6,0.0,0.0,0.0,0.0,0,0.0
93.0,24.8,71.0,1.9,initial,0.7,-0.7,6,0.0,0.0,0.0,0.0,0,0.0
93.0,25.7,60.0,2.0,mid,0.7,-0.7,6,0.0,0.0,0.0,0.0,0,0.0
93.0,25.7,77.0,0.0,development,-1.0,0.0,5,0.0,0.0,0.0,0.0,0,0.0
93.0,25.7,92.0,1.3,late,1.0,-0.3,5,0.0,0.0,0.0,0.0,0,0.0
93.0,26.6,70.0,0.0,initial,-1.0,0.0,5,0.0,0.0,0.0,0.0,0,0.0
93.0,27.6,62.0,1.1,initial,-0.5,-0.9,5,0.0,0.0,0.0,0.0,0,0.0
93.0,27.6,75.0,1.5,initial,0.9,-0.5,5,0.0,0.0,0.0,0.0,0,0.0
93.0,28.2,74.0,0.0,initial,-1.0,-0.3,5,0.0,0.0,0.0,0.0,0,0.0
93.0,28.5,78.0,1.2,development,0.9,-0.5,5,0.0,0.0,0.0,0.0,0,0.0
93.0,28.8,66.0,0.9,development,-0.7,-0.7,5,0.0,0.0,0.0,0.0,0,0.0
93.0,29.1,66.0,2.0,initial,0.7,-0.7,5,0.0,0.0,0.0,0.0,0,0.0
93.0,30.0,69.0,1.3,development,-0.5,-0.9,5,0.0,0.0,0.0,0.0,0,0.0
93.0,30.2,59.0,2.4,late,0.5,-0.9,5,0.0,0.0,0.0,0.0,0,0.0
93.0,31.6,60.0,1.9,development,0.3,-1.0,5,0.0,0.0,0.0,0.0,0,0.0
93.0,31.7,51.0,2.1,development,-0.5,-0.9,5,0.0,0.0,0.0,0.0,0,0.0
94.0,19.3,94.0,0.0,mid,0.0,1.0,5,0.0,0.0,0.0,0.0,0,0.0
94.0,20.3,91.0,0.3,mid,1.0,0.0,5,0.0,0.0,0.0,0.0,0,0.0
94.0,21.2,98.0,0.0,initial,0.3,1.0,6,0.0,0.0,0.0,0.0,0,0.0
94.0,21.9,95.0,0.0,development,0.5,0.9,5,0.0,0.0,0.0,0.0,0,0.0
94.0,22.3,96.0,0.0,mid,0.7,0.7,5,0.0,0.0,0.0,0.0,0,0.0
94.0,22.4,96.0,0.0,initial,-0.5,0.9,6,0.0,0.0,0.0,0.0,0,0.0
94.0,22.8,92.0,0.0,initial,-0.3,1.0,5,0.0,0.0,0.0,0.0,0,0.0
94.0,22.8,93.0,0.6,late,1.0,-0.3,5,0.0,0.0,0.0,0.0,0,0.0
94.0,23.0,99.0,0.0,development,0.5,0.9,5,0.0,0.0,0.0,0.0,0,0.0
94.0,23.0,99.0,0.0,late,0.9,0.5,5,0.0,0.0,0.0,0.0,0,0.0
94.0,23.1,96.0,0.2,initial,1.0,0.0,5,0.0,0.0,0.0,0.0,0,0.0
94.0,23.3,95.0,0.0,late,-0.3,1.0,6,0.0,0.0,0.0,0.0,0,0.0
94.0,23.4,94.0,0.0,initial,-0.9,0.5,5,0.0,0.0,0.0,0.0,0,0.0
94.0,23.5,92.0,0.8,development,1.0,0.0,5,0.0,0.0,0.0,0.0,0,0.0
94.0,23.6,94.0,0.0,development,-0.9,0.5,5,0.0,0.0,0.0,0.0,0,0.0
94.0,23.7,94.0,0.0,mid,-1.0,0.3,5,0.0,0.0,0.0,0.0,0,0.0
94.0,24.0,87.0,0.8,development,1.0,-0.3,5,0.0,0.0,0.0,0.0,0,0.0
94.0,24.0,91.0,0.0,late,-0.9,0.5,5,0.0,0.0,0.0,0.0,0,0.0
94.0,24.0,97.0,0.0,initial,1.0,0.3,5,0.0,0.0,0.0,0.0,0,0.0
94.0,24.2,93.0,0.6,initial,1.0,-0.3,6,0.0,0.0,0.0,0.0,0,0.0
94.0,24.4,83.0,1.0,late,0.9,-0.5,5,0.0,0.0,0.0,0.0,0,0.0
94.0,24.9,64.0,0.9,mid,-0.7,-0.7,5,0.0,0.0,0.0,0.0,0,0.0
94.0,25.2,83.0,0.1,development,-1.0,-0.3,5,0.0,0.0,0.0,0.0,0,0.0
94.0,25.7,92.0,0.0,development,-1.0,0.0,7,0.0,0.0,0.0,0.0,0,0.0
94.0,25.8,76.0,0.4,development,-0.9,-0.5,5,0.0,0.0,0.0,0.0,0,0.0
94.0,26.6,90.0,0.8,development,1.0,-0.3,5,0.0,0.0,0.0,0.0,0,0.0
94.0,26.7,67.0,0.6,initial,-0.7,-0.7,5,0.0,0.0,0.0,0.0,0,0.0
94.0,27.1,79.0,1.5,development,0.9,-0.5,5,0.0,0.0,0.0,0.0,0,0.0
94.0,28.2,78.0,1.6,initial,0.9,-0.5,6,0.0,0.0,0.0,0.0,0,0.0
94.0,28.4,63.0,0.9,initial,-0.7,-0.7,6,0.0,0.0,0.0,0.0,0,0.0
94.0,29.8,60.0,2.3,development,0.5,-0.9,5,0.0,0.0,0.0,0.0,0,0.0
94.0,30.3,64.0,0.4,initial,-0.9,-0.5,6,0.0,0.0,0.0,0.0,0,0.0
94.0,32.0,58.0,2.6,initial,0.5,-0.9,5,0.0,0.0,0.0,0.0,0,0.0
94.0,32.5,53.0,2.4,mid,0.0,-1.0,5,0.0,0.0,0.0,0.0,0,0.0
94.0,33.0,52.0,1.7,initial,-0.5,-0.9,5,0.0,0.0,0.0,0.0,0,0.0
94.0,33.1,46.0,1.8,initial,-0.5,-0.9,5,0.0,0.0,0.0,0.0,0,0.0
95.0,19.2,98.0,0.0,late,1.0,0.3,5,0.0,0.0,0.0,0.0,0,0.0
95.0,20.4,97.0,0.2,late,1.0,0.0,5,0.0,0.0,0.0,0.0,0,0.0
95.0,20.7,97.0,0.2,late,1.0,0.0,6,0.0,0.0,0.0,0.0,0,0.0
95.0,21.2,99.0,0.0,late,0.7,0.7,5,0.0,0.0,0.0,0.0,0,0.0
95.0,21.3,100.0,0.0,initial,0.7,0.7,5,0.0,0.0,0.0,0.0,0,0.0
95.0,21.5,96.0,0.0,development,0.7,0.7,5,0.0,0.0,0.0,0.0,0,0.0
95.0,21.8,98.0,0.0,development,0.3,1.0,5,0.0,0.0,0.0,0.0,0,0.0
95.0,21.9,98.0,0.2,development,1.0,0.3,5,0.0,0.0,0.0,0.0,0,0.0
95.0,21.9,99.0,0.0,late,0.3,1.0,5,0.0,0.0,0.0,0.0,0,0.0
95.0,22.3,98.0,0.0,initial,0.0,1.0,5,0.0,0.0,0.0,0.0,0,0.0
95.0,22.3,98.0,0.0,initial,0.5,0.9,5,0.0,0.0,0.0,0.0,0,0.0
95.0,22.6,93.0,0.0,mid,-0.5,0.9,5,0.0,0.0,0.0,0.0,0,0.0
95.0,22.8,98.0,0.0,late,-0.5,0.9,5,0.0,0.0,0.0,0.0,0,0.0
95.0,22.9,96.0,0.1,initial,1.0,0.3,5,0.0,0.0,0.0,0.0,0,0.0
95.0,23.0,99.0,0.0,development,0.3,1.0,5,0.0,0.0,0.0,0.0,0,0.0
95.0,23.5,89.0,0.0,late,-1.0,0.0,5,0.0,0.0,0.0,0.0,0,0.0
95.0,23.5,97.0,0.0,development,0.3,1.0,5,0.0,0.0,0.0,0.0,0,0.0
95.0,23.6,97.0,0.0,development,0.5,0.9,6,0.0,0.0,0.0,0.0,0,0.0
95.0,23.6,97.0,0.0,mid,0.5,0.9,5,0.0,0.0,0.0,0.0,0,0.0
95.0,23.8,96.0,0.0,development,0.9,0.5,5,0.0,0.0,0.0,0.0,0,0.0
95.0,23.9,95.0,0.0,development,-0.9,0.5,5,0.0,0.0,0.0,0.0,0,0.0
95.0,23.9,96.0,0.0,development,-0.7,0.7,6,0.0,0.0,0.0,0.0,0,0.0
95.0,23.9,96.0,0.0,development,-0.5,0.9,5,0.0,0.0,0.0,0.0,0,0.0
95.0,24.0,96.0,0.0,development,-0.3,1.0,6,0.0,0.0,0.0,0.0,0,0.0
95.0,24.1,88.0,0.0,initial,-1.0,0.0,6,0.0,0.0,0.0,0.0,0,0.0
95.0,24.1,92.0,0.0,mid,-1.0,0.0,5,0.0,0.0,0.0,0.0,0,0.0
95.0,24.3,94.0,0.0,mid,-1.0,0.0,6,0.0,0.0,0.0,0.0,0,0.0
95.0,24.4,98.0,0.0,development,0.7,0.7,5,0.0,0.0,0.0,0.0,0,0.0
95.0,24.6,66.0,0.5,development,-0.7,-0.7,5,0.0,0.0,0.0,0.0,0,0.0
95.0,24.6,90.0,0.8,development,1.0,-0.3,5,0.0,0.0,0.0,0.0,0,0.0
95.0,24.9,92.0,0.0,mid,-1.0,-0.3,5,0.0,0.0,0.0,0.0,0,0.0
95.0,25.1,95.0,0.0,development,-1.0,0.3,5,0.0,0.0,0.0,0.0,0,0.0
95.0,25.7,81.0,1.2,late,0.9,-0.5,5,0.0,0.0,0.0,0.0,0,0.0
95.0,25.8,62.0,1.3,mid,-0.5,-0.9,5,0.0,0.0,0.0,0.0,0,0.0
95.0,25.8,93.0,0.9,development,1.0,-0.3,6,0.0,0.0,0.0,0.0,0,0.0
95.0,26.0,85.0,0.3,mid,-0.9,-0.5,5,0.0,0.0,0.0,0.0,0,0.0
95.0,26.1,82.0,1.5,mid,0.9,-0.5,5,0.0,0.0,0.0,0.0,0,0.0
95.0,26.3,73.0,0.4,initial,-0.9,-0.5,5,0.0,0.0,0.0,0.0,0,0.0
95.0,26.4,84.0,0.3,late,-0.9,-0.5,5,0.0,0.0,0.0,0.0,0,0.0
95.0,26.4,89.0,0.0,development,-1.0,-0.3,5,0.0,0.0,0.0,0.0,0,0.0
95.0,26.7,73.0,0.4,development,-0.9,-0.5,6,0.0,0.0,0.0,0.0,0,0.0
95.0,26.9,64.0,2.6,late,0.0,-1.0,5,0.0,0.0,0.0,0.0,0,0.0
95.0,27.0,71.0,0.4,initial,-0.9,-0.5,5,0.0,0.0,0.0,0.0,0,0.0
95.0,27.0,72.0,1.5,initial,-0.3,-1.0,5,0.0,0.0,0.0,0.0,0,0.0
95.0,27.3,69.0,2.0,initial,0.9,-0.5,6,0.0,0.0,0.0,0.0,0,0.0
95.0,27.7,67.0,0.8,development,-0.7,-0.7,5,0.0,0.0,0.0,0.0,0,0.0
95.0,27.8,70.0,1.3,initial,0.7,-0.7,5,0.0,0.0,0.0,0.0,0,0.0
95.0,28.0,79.0,0.4,development,-0.9,-0.5,6,0.0,0.0,0.0,0.0,0,0.0
95.0,28.2,65.0,1.2,development,-0.5,-0.9,5,0.0,0.0,0.0,0.0,0,0.0
95.0,28.2,69.0,1.9,initial,0.5,-0.9,8,0.0,0.0,0.0,0.0,0,0.0
95.0,28.5,61.0,1.6,development,-0.5,-0.9,5,0.0,0.0,0.0,0.0,0,0.0
95.0,28.5,68.0,2.2,mid,0.5,-0.9,5,0.0,0.0,0.0,0.0,0,0.0
95.0,28.6,63.0,1.4,initial,-0.5,-0.9,5,0.0,0.0,0.0,0.0,0,0.0
95.0,28.7,66.0,2.0,initial,0.3,-1.0,6,0.0,0.0,0.0,0.0,0,0.0
95.0,28.7,75.0,1.6,development,0.7,-0.7,5,0.0,0.0,0.0,0.0,0,0.0
95.0,28.8,62.0,2.3,initial,0.7,-0.7,5,0.0,0.0,0.0,0.0,0,0.0
95.0,28.9,61.0,1.6,development,-0.5,-0.9,6,0.0,0.0,0.0,0.0,0,0.0
95.0,29.1,66.0,1.2,late,-0.7,-0.7,5,0.0,0.0,0.0,0.0,0,0.0
95.0,29.1,71.0,1.6,initial,0.9,-0.5,5,0.0,0.0,0.0,0.0,0,0.0
95.0,29.2,58.0,2.9,development,0.0,-1.0,5,0.0,0.0,0.0,0.0,0,0.0
95.0,29.2,70.0,1.0,initial,-0.7,-0.7,5,0.0,0.0,0.0,0.0,0,0.0
95.0,30.0,70.0,1.7,development,-0.5,-0.9,5,0.0,0.0,0.0,0.0,0,0.0
95.0,30.6,60.0,2.2,late,-0.3,-1.0,5,0.0,0.0,0.0,0.0,0,0.0
95.0,30.9,56.0,2.6,late,-0.3,-1.0,6,0.0,0.0,0.0,0.0,0,0.0
95.0,30.9,60.0,2.1,development,0.3,-1.0,5,0.0,0.0,0.0,0.0,0,0.0
95.0,32.0,51.0,2.5,development,-0.3,-1.0,5,0.0,0.0,0.0,0.0,0,0.0
95.0,33.5,45.0,2.1,initial,-0.3,-1.0,5,0.0,0.0,0.0,0.0,0,0.0
96.0,19.8,95.0,0.0,late,0.0,1.0,5,0.0,0.0,0.0,0.0,0,0.0
96.0,21.5,99.0,0.0,late,0.7,0.7,5,0.0,0.0,0.0,0.0,0,0.0
96.0,21.5,100.0,0.0,initial,0.5,0.9,6,0.0,0.0,0.0,0.0,0,0.0
96.0,21.6,97.0,0.0,mid,0.7,0.7,5,0.0,0.0,0.0,0.0,0,0.0
96.0,21.7,91.0,0.0,late,-1.0,-0.3,5,0.0,0.0,0.0,0.0,0,0.0
96.0,21.7,99.0,0.0,late,0.5,0.9,5,0.0,0.0,0.0,0.0,0,0.0
96.0,21.9,96.0,0.0,mid,0.3,1.0,5,0.0,0.0,0.0,0.0,0,0.0
96.0,22.0,99.0,0.0,mid,0.9,0.5,5,0.0,0.0,0.0,0.0,0,0.0
96.0,22.1,98.0,0.0,development,0.5,0.9,6,0.0,0.0,0.0,0.0,0,0.0
96.0,22.2,98.0,0.0,development,0.0,1.0,5,0.0,0.0,0.0,0.0,0,0.0
96.0,22.2,98.0,0.1,development,1.0,0.3,5,0.0,0.0,0.0,0.0,0,0.0
96.0,22.3,94.0,0.0,mid,-0.3,1.0,7,0.0,0.0,0.0,0.0,0,0.0
96.0,22.3,96.0,0.0,initial,0.5,0.9,5,0.0,0.0,0.0,0.0,0,0.0
96.0,22.3,99.0,0.0,late,0.0,1.0,6,0.0,0.0,0.0,0.0,0,0.0
96.0,23.1,96.0,0.0,development,-0.5,0.9,8,0.0,0.0,0.0,0.0,0,0.0
96.0,23.1,97.0,0.4,mid,1.0,0.0,6,0.0,0.0,0.0,0.0,0,0.0
96.0,23.1,98.0,0.0,late,-0.7,0.7,6,0.0,0.0,0.0,0.0,0,0.0
96.0,23.2,98.0,0.0,late,0.3,1.0,5,0.0,0.0,0.0,0.0,0,0.0
96.0,23.3,96.0,0.4,development,1.0,0.0,5,0.0,0.0,0.0,0.0,0,0.0
96.0,23.4,92.0,1.0,mid,1.0,0.0,5,0.0,0.0,0.0,0.0,0,0.0
96.0,23.4,94.0,0.0,initial,-0.3,1.0,5,0.0,0.0,0.0,0.0,0,0.0
96.0,23.5,97.0,0.0,mid,-0.9,0.5,5,0.0,0.0,0.0,0.0,0,0.0
96.0,23.6,91.0,0.0,initial,-0.9,0.5,7,0.0,0.0,0.0,0.0,0,0.0
96.0,23.6,97.0,0.0,mid,-1.0,0.3,6,0.0,0.0,0.0,0.0,0,0.0
96.0,23.7,97.0,0.0,late,-1.0,0.3,5,0.0,0.0,0.0,0.0,0,0.0
96.0,23.8,96.0,0.0,mid,-1.0,0.3,5,0.0,0.0,0.0,0.0,0,0.0
96.0,24.0,96.0,0.0,development,-0.3,1.0,7,0.0,0.0,0.0,0.0,0,0.0
96.0,24.1,96.0,0.0,development,0.3,1.0,6,0.0,0.0,0.0,0.0,0,0.0
96.0,24.2,93.0,0.7,initial,1.0,-0.3,6,0.0,0.0,0.0,0.0,0,0.0
96.0,24.3,98.0,0.0,development,1.0,0.3,7,0.0,0.0,0.0,0.0,0,0.0
96.0,24.4,96.0,0.0,development,-0.3,1.0,5,0.0,0.0,0.0,0.0,0,0.0
96.0,24.6,96.0,0.0,development,-0.5,0.9,5,0.0,0.0,0.0,0.0,0,0.0
96.0,24.8,93.0,0.0,development,-0.7,0.7,5,0.0,0.0,0.0,0.0,0,0.0
96.0,24.8,94.0,0.4,development,1.0,0.0,6,0.0,0.0,0.0,0.0,0,0.0
96.0,24.9,88.0,0.0,late,-1.0,-0.3,5,0.0,0.0,0.0,0.0,0,0.0
96.0,24.9,89.0,0.0,mid,-1.0,-0.3,6,0.0,0.0,0.0,0.0,0,0.0
96.0,24.9,92.0,0.0,mid,-1.0,-0.3,7,0.0,0.0,0.0,0.0,0,0.0
96.0,25.1,95.0,0.0,development,-1.0,0.3,6,0.0,0.0,0.0,0.0,0,0.0
96.0,25.3,82.0,1.9,mid,1.0,-0.3,5,0.0,0.0,0.0,0.0,0,0.0
96.0,25.3,95.0,0.4,initial,1.0,0.0,6,0.0,0.0,0.0,0.0,0,0.0
96.0,25.4,86.0,0.1,late,-1.0,-0.3,5,0.0,0.0,0.0,0.0,0,0.0
96.0,25.4,96.0,0.0,development,-1.0,0.3,5,0.0,0.0,0.0,0.0,0,0.0
96.0,25.6,97.0,0.4,development,1.0,0.0,6,0.0,0.0,0.0,0.0,0,0.0
96.0,25.9,68.0,2.0,late,0.3,-1.0,5,0.0,0.0,0.0,0.0,0,0.0
96.0,26.4,89.0,0.0,development,-1.0,-0.3,6,0.0,0.0,0.0,0.0,0,0.0
96.0,26.5,79.0,0.3,mid,-0.9,-0.5,5,0.0,0.0,0.0,0.0,0,0.0
96.0,26.5,90.0,0.0,development,-1.0,-0.3,5,0.0,0.0,0.0,0.0,0,0.0
96.0,26.6,82.0,0.4,mid,-0.9,-0.5,5,0.0,0.0,0.0,0.0,0,0.0
96.0,26.9,79.0,0.1,initial,-1.0,-0.3,6,0.0,0.0,0.0,0.0,0,0.0
96.0,27.2,66.0,0.8,initial,-0.7,-0.7,6,0.0,0.0,0.0,0.0,0,0.0
96.0,27.4,71.0,1.8,initial,0.3,-1.0,5,0.0,0.0,0.0,0.0,0,0.0
96.0,27.4,86.0,1.0,initial,1.0,-0.3,6,0.0,0.0,0.0,0.0,0,0.0
96.0,27.6,82.0,0.0,development,-1.0,-0.3,5,0.0,0.0,0.0,0.0,0,0.0
96.0,27.7,66.0,0.9,initial,-0.7,-0.7,5,0.0,0.0,0.0,0.0,0,0.0
96.0,27.8,75.0,1.0,mid,-0.7,-0.7,6,0.0,0.0,0.0,0.0,0,0.0
96.0,27.8,76.0,0.9,late,-0.7,-0.7,5,0.0,0.0,0.0,0.0,0,0.0
96.0,28.0,81.0,0.3,development,-0.9,-0.5,5,0.0,0.0,0.0,0.0,0,0.0
96.0,28.1,71.0,0.7,initial,-0.7,-0.7,5,0.0,0.0,0.0,0.0,0,0.0
96.0,28.2,69.0,1.9,initial,0.5,-0.9,6,0.0,0.0,0.0,0.0,0,0.0
96.0,28.6,72.0,1.5,late,-0.5,-0.9,5,0.0,0.0,0.0,0.0,0,0.0
96.0,29.3,61.0,2.1,initial,0.0,-1.0,5,0.0,0.0,0.0,0.0,0,0.0
96.0,29.4,60.0,1.1,mid,-0.7,-0.7,5,0.0,0.0,0.0,0.0,0,0.0
96.0,29.4,66.0,2.3,development,0.7,-0.7,6,0.0,0.0,0.0,0.0,0,0.0
96.0,29.7,63.0,1.5,development,-0.5,-0.9,5,0.0,0.0,0.0,0.0,0,0.0
96.0,29.8,61.0,1.6,development,-0.3,-1.0,6,0.0,0.0,0.0,0.0,0,0.0
96.0,30.2,62.0,2.2,development,0.0,-1.0,5,0.0,0.0,0.0,0.0,0,0.0
96.0,30.2,63.0,2.3,late,0.3,-1.0,6,0.0,0.0,0.0,0.0,0,0.0
96.0,30.6,68.0,1.9,development,0.5,-0.9,5,0.0,0.0,0.0,0.0,0,0.0
96.0,30.6,68.0,2.0,development,0.3,-1.0,6,0.0,0.0,0.0,0.0,0,0.0
96.0,31.7,53.0,3.1,development,0.0,-1.0,5,0.0,0.0,0.0,0.0,0,0.0
96.0,31.8,56.0,2.7,mid,0.3,-1.0,6,0.0,0.0,0.0,0.0,0,0.0
97.0,19.6,95.0,0.0,late,0.5,0.9,6,0.0,0.0,0.0,0.0,0,0.0
97.0,19.6,95.0,0.0,late,0.7,0.7,5,0.0,0.0,0.0,0.0,0,0.0
97.0,19.6,95.0,0.0,late,1.0,0.3,11,0.0,0.0,0.0,0.0,0,0.0
97.0,20.1,94.0,0.0,late,0.7,0.7,5,0.0,0.0,0.0,0.0,0,0.0
97.0,20.3,94.0,0.0,late,0.5,0.9,5,0.0,0.0,0.0,0.0,0,0.0
97.0,20.3,94.0,0.2,late,1.0,0.0,7,0.0,0.0,0.0,0.0,0,0.0
97.0,20.7,93.0,0.0,late,0.0,1.0,6,0.0,0.0,0.0,0.0,0,0.0
97.0,21.3,97.0,0.0,initial,0.9,0.5,5,0.0,0.0,0.0,0.0,0,0.0
97.0,21.4,97.0,0.0,initial,0.5,0.9,5,0.0,0.0,0.0,0.0,0,0.0
97.0,21.5,96.0,0.0,initial,0.5,0.9,5,0.0,0.0,0.0,0.0,0,0.0
97.0,21.5,98.0,0.0,late,0.9,0.5,5,0.0,0.0,0.0,0.0,0,0.0
97.0,21.5,98.0,0.0,mid,0.9,0.5,5,0.0,0.0,0.0,0.0,0,0.0
97.0,21.6,91.0,0.7,late,1.0,-0.3,5,0.0,0.0,0.0,0.0,0,0.0
97.0,22.1,90.0,0.0,development,-1.0,-0.3,5,0.0,0.0,0.0,0.0,0,0.0
97.0,22.1,94.0,0.0,initial,-0.5,0.9,6,0.0,0.0,0.0,0.0,0,0.0
97.0,22.2,95.0,0.0,initial,-0.3,1.0,5,0.0,0.0,0.0,0.0,0,0.0
97.0,22.2,99.0,0.0,mid,0.5,0.9,5,0.0,0.0,0.0,0.0,0,0.0
97.0,22.3,87.0,0.0,initial,1.0,0.3,5,0.0,0.0,0.0,0.0,0,0.0
97.0,22.3,96.0,0.0,mid,0.9,0.5,5,0.0,0.0,0.0,0.0,0,0.0
97.0,22.3,98.0,0.0,mid,0.0,1.0,6,0.0,0.0,0.0,0.0,0,0.0
97.0,22.4,93.0,0.0,initial,-0.7,0.7,5,0.0,0.0,0.0,0.0,0,0.0
97.0,22.4,99.0,0.0,mid,0.0,1.0,5,0.0,0.0,0.0,0.0,0,0.0
97.0,22.5,96.0,0.3,late,1.0,0.0,5,0.0,0.0,0.0,0.0,0,0.0
97.0,22.6,86.0,0.0,initial,0.3,1.0,7,0.0,0.0,0.0,0.0,0,0.0
97.0,22.6,95.0,0.3,initial,1.0,0.0,5,0.0,0.0,0.0,0.0,0,0.0
97.0,22.6,98.0,0.0,initial,0.0,1.0,5,0.0,0.0,0.0,0.0,0,0.0
97.0,22.7,86.0,0.0,initial,0.0,1.0,5,0.0,0.0,0.0,0.0,0,0.0
97.0,22.8,85.0,0.0,initial,-0.3,1.0,8,0.0,0.0,0.0,0.0,0,0.0
97.0,22.8,89.0,0.0,initial,-1.0,0.3,6,0.0,0.0,0.0,0.0,0,0.0
97.0,22.8,97.0,0.0,late,-0.3,1.0,5,0.0,0.0,0.0,0.0,0,0.0
97.0,23.0,85.0,0.3,initial,1.0,0.0,6,0.0,0.0,0.0,0.0,0,0.0
97.0,23.1,84.0,1.3,late,0.9,-0.5,6,0.0,0.0,0.0,0.0,0,0.0
97.0,23.1,94.0,0.4,mid,1.0,-0.3,5,0.0,0.0,0.0,0.0,0,0.0
97.0,23.1,96.0,0.3,initial,1.0,0.0,5,0.0,0.0,0.0,0.0,0,0.0
97.0,23.2,89.0,0.0,initial,-1.0,0.0,5,0.0,0.0,0.0,0.0,0,0.0
97.0,23.2,96.0,0.0,late,-0.9,0.5,7,0.0,0.0,0.0,0.0,0,0.0
97.0,23.3,95.0,0.0,development,-1.0,0.3,7,0.0,0.0,0.0,0.0,0,0.0
97.0,23.3,96.0,0.0,initial,0.5,0.9,5,0.0,0.0,0.0,0.0,0,0.0
97.0,23.3,98.0,0.0,mid,-0.7,0.7,6,0.0,0.0,0.0,0.0,0,0.0
97.0,23.4,94.0,0.0,initial,0.0,1.0,6,0.0,0.0,0.0,0.0,0,0.0
97.0,23.5,94.0,0.0,development,-1.0,0.0,7,0.0,0.0,0.0,0.0,0,0.0
97.0,23.5,97.0,0.0,development,-0.9,0.5,6,0.0,0.0,0.0,0.0,0,0.0
97.0,23.5,97.0,0.0,mid,-0.9,0.5,6,0.0,0.0,0.0,0.0,0,0.0
97.0,23.5,97.0,0.0,mid,1.0,0.3,5,0.0,0.0,0.0,0.0,0,0.0
97.0,23.6,94.0,0.0,development,-1.0,0.0,5,0.0,0.0,0.0,0.0,0,0.0
97.0,23.6,96.0,0.0,initial,0.9,0.5,7,0.0,0.0,0.0,0.0,0,0.0
97.0,23.7,90.0,0.0,development,-1.0,0.0,5,0.0,0.0,0.0,0.0,0,0.0
97.0,23.7,94.0,0.0,mid,-1.0,0.3,5,0.0,0.0,0.0,0.0,0,0.0
97.0,23.8,92.0,0.0,initial,-1.0,0.0,5,0.0,0.0,0.0,0.0,0,0.0
97.0,23.8,96.0,0.0,development,0.7,0.7,6,0.0,0.0,0.0,0.0,0,0.0
97.0,23.8,96.0,0.0,mid,-0.7,0.7,7,0.0,0.0,0.0,0.0,0,0.0
97.0,23.9,86.0,0.0,initial,-1.0,-0.3,5,0.0,0.0,0.0,0.0,0,0.0
97.0,24.0,81.0,0.0,initial,-1.0,-0.3,5,0.0,0.0,0.0,0.0,0,0.0
97.0,24.0,96.0,0.0,development,-0.3,1.0,8,0.0,0.0,0.0,0.0,0,0.0
97.0,24.0,96.0,0.0,mid,-1.0,0.0,6,0.0,0.0,0.0,0.0,0,0.0
97.0,24.1,92.0,0.8,initial,1.0,-0.3,5,0.0,0.0,0.0,0.0,0,0.0
97.0,24.2,93.0,0.7,initial,1.0,-0.3,5,0.0,0.0,0.0,0.0,0,0.0
97.0,24.2,95.0,0.0,initial,-1.0,0.3,5,0.0,0.0,0.0,0.0,0,0.0
97.0,24.2,95.0,0.0,late,-1.0,0.0,5,0.0,0.0,0.0,0.0,0,0.0
97.0,24.3,93.0,0.0,development,-1.0,0.0,7,0.0,0.0,0.0,0.0,0,0.0
97.0,24.3,95.0,0.0,development,-0.5,0.9,5,0.0,0.0,0.0,0.0,0,0.0
97.0,24.5,93.0,0.0,mid,-1.0,-0.3,7,0.0,0.0,0.0,0.0,0,0.0
97.0,24.6,80.0,0.7,initial,1.0,-0.3,7,0.0,0.0,0.0,0.0,0,0.0
97.0,24.6,84.0,0.0,mid,-1.0,0.0,5,0.0,0.0,0.0,0.0,0,0.0
97.0,24.8,91.0,0.9,mid,1.0,-0.3,5,0.0,0.0,0.0,0.0,0,0.0
97.0,25.1,82.0,0.0,mid,-1.0,-0.3,6,0.0,0.0,0.0,0.0,0,0.0
97.0,25.2,97.0,0.0,development,-0.9,0.5,6,0.0,0.0,0.0,0.0,0,0.0
97.0,25.3,86.0,0.3,development,-0.9,-0.5,8,0.0,0.0,0.0,0.0,0,0.0
97.0,25.4,93.0,0.0,initial,-1.0,0.0,6,0.0,0.0,0.0,0.0,0,0.0
97.0,25.4,96.0,0.0,development,-1.0,0.3,5,0.0,0.0,0.0,0.0,0,0.0
97.0,25.4,96.0,0.3,development,1.0,0.0,6,0.0,0.0,0.0,0.0,0,0.0
97.0,25.5,65.0,1.8,development,0.5,-0.9,5,0.0,0.0,0.0,0.0,0,0.0
97.0,25.5,68.0,2.2,late,0.5,-0.9,5,0.0,0.0,0.0,0.0,0,0.0
97.0,25.5,77.0,0.4,initial,-0.9,-0.5,6,0.0,0.0,0.0,0.0,0,0.0
97.0,25.7,95.0,0.0,development,-1.0,0.0,5,0.0,0.0,0.0,0.0,0,0.0
97.0,25.8,69.0,1.9,late,-0.3,-1.0,5,0.0,0.0,0.0,0.0,0,0.0
97.0,25.8,71.0,1.3,mid,-0.5,-0.9,5,0.0,0.0,0.0,0.0,0,0.0
97.0,25.9,85.0,0.3,mid,-0.9,-0.5,6,0.0,0.0,0.0,0.0,0,0.0
97.0,26.2,77.0,0.0,mid,-1.0,-0.3,6,0.0,0.0,0.0,0.0,0,0.0
97.0,26.2,78.0,0.8,mid,-0.5,-0.9,6,0.0,0.0,0.0,0.0,0,0.0
97.0,26.2,88.0,0.0,development,-1.0,0.0,7,0.0,0.0,0.0,0.0,0,0.0
97.0,26.7,92.0,0.6,development,1.0,-0.3,6,0.0,0.0,0.0,0.0,0,0.0
97.0,26.8,78.0,0.5,late,-0.9,-0.5,7,0.0,0.0,0.0,0.0,0,0.0
97.0,27.0,79.0,0.3,development,-0.9,-0.5,6,0.0,0.0,0.0,0.0,0,0.0
97.0,27.1,93.0,0.8,development,1.0,-0.3,5,0.0,0.0,0.0,0.0,0,0.0
97.0,28.0,63.0,1.4,initial,-0.5,-0.9,7,0.0,0.0,0.0,0.0,0,0.0
97.0,28.0,73.0,1.2,mid,-0.5,-0.9,5,0.0,0.0,0.0,0.0,0,0.0
97.0,28.1,66.0,0.5,mid,-0.9,-0.5,5,0.0,0.0,0.0,0.0,0,0.0
97.0,28.1,71.0,1.1,late,-0.7,-0.7,5,0.0,0.0,0.0,0.0,0,0.0
97.0,28.2,71.0,1.8,late,0.7,-0.7,5,0.0,0.0,0.0,0.0,0,0.0
97.0,28.4,67.0,1.2,initial,-0.3,-1.0,5,0.0,0.0,0.0,0.0,0,0.0
97.0,28.5,64.0,1.8,development,0.0,-1.0,5,0.0,0.0,0.0,0.0,0,0.0
97.0,28.5,68.0,1.5,mid,-0.5,-0.9,7,0.0,0.0,0.0,0.0,0,0.0
97.0,28.6,72.0,1.7,mid,-0.3,-1.0,5,0.0,0.0,0.0,0.0,0,0.0
97.0,28.8,71.0,1.6,mid,-0.5,-0.9,7,0.0,0.0,0.0,0.0,0,0.0
97.0,29.0,63.0,2.2,initial,0.3,-1.0,5,0.0,0.0,0.0,0.0,0,0.0
97.0,29.0,64.0,1.9,late,-0.3,-1.0,5,0.0,0.0,0.0,0.0,0,0.0
97.0,29.0,67.0,1.9,mid,-0.3,-1.0,5,0.0,0.0,0.0,0.0,0,0.0
97.0,29.0,76.0,0.6,development,-0.7,-0.7,6,0.0,0.0,0.0,0.0,0,0.0
97.0,29.2,58.0,2.9,development,0.0,-1.0,5,0.0,0.0,0.0,0.0,0,0.0
97.0,29.2,72.0,0.3,development,-0.9,-0.5,7,0.0,0.0,0.0,0.0,0,0.0
97.0,29.2,72.0,1.5,initial,-0.5,-0.9,6,0.0,0.0,0.0,0.0,0,0.0
97.0,29.3,59.0,2.6,development,0.3,-1.0,5,0.0,0.0,0.0,0.0,0,0.0
97.0,29.4,58.0,2.9,development,0.0,-1.0,5,0.0,0.0,0.0,0.0,0,0.0
97.0,29.6,58.0,2.4,initial,0.0,-1.0,7,0.0,0.0,0.0,0.0,0,0.0
97.0,29.7,59.0,2.6,development,0.0,-1.0,6,0.0,0.0,0.0,0.0,0,0.0
97.0,30.0,61.0,2.0,development,0.0,-1.0,7,0.0,0.0,0.0,0.0,0,0.0
97.0,30.1,58.0,1.8,mid,-0.5,-0.9,6,0.0,0.0,0.0,0.0,0,0.0
97.0,30.1,61.0,3.0,development,0.5,-0.9,5,0.0,0.0,0.0,0.0,0,0.0
97.0,30.1,71.0,0.8,development,-0.5,-0.9,7,0.0,0.0,0.0,0.0,0,0.0
97.0,30.2,65.0,0.7,development,-0.7,-0.7,5,0.0,0.0,0.0,0.0,0,0.0
97.0,30.2,70.0,2.1,development,0.5,-0.9,6,0.0,0.0,0.0,0.0,0,0.0
97.0,30.4,68.0,2.3,development,-0.3,-1.0,5,0.0,0.0,0.0,0.0,0,0.0
97.0,30.5,67.0,1.2,development,-0.3,-1.0,7,0.0,0.0,0.0,0.0,0,0.0
97.0,30.8,61.0,2.6,mid,0.5,-0.9,8,0.0,0.0,0.0,0.0,0,0.0
97.0,31.0,59.0,2.8,initial,0.0,-1.0,9,0.0,0.0,0.0,0.0,0,0.0
97.0,31.1,65.0,2.1,development,0.3,-1.0,5,0.0,0.0,0.0,0.0,0,0.0
97.0,31.8,56.0,2.7,mid,0.3,-1.0,5,0.0,0.0,0.0,0.0,0,0.0
97.0,32.3,55.0,2.3,initial,0.5,-0.9,6,0.0,0.0,0.0,0.0,0,0.0
97.0,33.3,51.0,2.3,initial,0.3,-1.0,5,0.0,0.0,0.0,0.0,0,0.0
98.0,19.3,97.0,0.0,development,0.5,0.9,5,0.0,0.0,0.0,0.0,0,0.0
98.0,19.7,95.0,0.0,late,0.3,1.0,5,0.0,0.0,0.0,0.0,0,0.0
98.0,19.8,96.0,0.2,development,1.0,0.0,5,0.0,0.0,0.0,0.0,0,0.0
98.0,20.1,98.0,0.0,mid,-0.5,0.9,5,0.0,0.0,0.0,0.0,0,0.0
98.0,21.0,97.0,0.0,initial,1.0,0.3,5,0.0,0.0,0.0,0.0,0,0.0
98.0,21.1,97.0,0.0,initial,0.9,0.5,5,0.0,0.0,0.0,0.0,0,0.0
98.0,21.9,97.0,0.0,late,0.9,0.5,5,0.0,0.0,0.0,0.0,0,0.0
98.0,22.0,96.0,0.0,initial,0.0,1.0,7,0.0,0.0,0.0,0.0,0,0.0
98.0,22.0,97.0,0.0,initial,0.9,0.5,6,0.0,0.0,0.0,0.0,0,0.0
98.0,22.0,97.0,0.0,initial,1.0,0.3,6,0.0,0.0,0.0,0.0,0,0.0
98.0,22.0,99.0,0.0,mid,0.7,0.7,5,0.0,0.0,0.0,0.0,0,0.0
98.0,22.1,98.0,0.0,late,0.7,0.7,6,0.0,0.0,0.0,0.0,0,0.0
98.0,22.1,99.0,0.0,mid,0.3,1.0,5,0.0,0.0,0.0,0.0,0,0.0
98.0,22.2,95.0,0.0,initial,-0.3,1.0,6,0.0,0.0,0.0,0.0,0,0.0
98.0,22.2,98.0,0.0,late,0.5,0.9,5,0.0,0.0,0.0,0.0,0,0.0
98.0,22.3,87.0,0.0,initial,1.0,0.3,5,0.0,0.0,0.0,0.0,0,0.0
98.0,22.3,98.0,0.0,mid,0.0,1.0,5,0.0,0.0,0.0,0.0,0,0.0
98.0,22.4,87.0,0.0,initial,0.7,0.7,9,0.0,0.0,0.0,0.0,0,0.0
98.0,22.4,93.0,0.0,initial,-0.7,0.7,6,0.0,0.0,0.0,0.0,0,0.0
98.0,22.4,98.0,0.0,late,0.3,1.0,6,0.0,0.0,0.0,0.0,0,0.0
98.0,22.5,97.0,0.0,mid,-0.3,1.0,5,0.0,0.0,0.0,0.0,0,0.0
98.0,22.6,97.0,0.0,development,-0.7,0.7,5,0.0,0.0,0.0,0.0,0,0.0
98.0,22.6,97.0,0.0,initial,-0.5,0.9,5,0.0,0.0,0.0,0.0,0,0.0
98.0,22.6,97.0,0.0,late,0.0,1.0,5,0.0,0.0,0.0,0.0,0,0.0
98.0,22.6,98.0,0.0,initial,0.3,1.0,6,0.0,0.0,0.0,0.0,0,0.0
98.0,22.7,96.0,0.0,mid,-0.7,0.7,5,0.0,0.0,0.0,0.0,0,0.0
98.0,22.7,99.0,0.0,development,0.3,1.0,5,0.0,0.0,0.0,0.0,0,0.0
98.0,22.8,91.0,0.0,initial,-1.0,0.3,6,0.0,0.0,0.0,0.0,0,0.0
98.0,22.8,96.0,0.0,development,-0.9,0.5,7,0.0,0.0,0.0,0.0,0,0.0
98.0,22.8,96.0,0.0,development,-0.5,0.9,5,0.0,0.0,0.0,0.0,0,0.0
98.0,22.8,96.0,0.0,mid,-0.9,0.5,7,0.0,0.0,0.0,0.0,0,0.0
98.0,22.8,97.0,0.0,development,-0.3,1.0,6,0.0,0.0,0.0,0.0,0,0.0
98.0,22.8,99.0,0.0,development,0.0,1.0,6,0.0,0.0,0.0,0.0,0,0.0
98.0,22.9,97.0,0.0,initial,-0.5,0.9,6,0.0,0.0,0.0,0.0,0,0.0
98.0,22.9,99.0,0.0,development,-0.3,1.0,6,0.0,0.0,0.0,0.0,0,0.0
98.0,23.0,96.0,0.0,development,-0.7,0.7,7,0.0,0.0,0.0,0.0,0,0.0
98.0,23.0,98.0,0.0,mid,-0.3,1.0,5,0.0,0.0,0.0,0.0,0,0.0
98.0,23.1,94.0,0.0,development,-1.0,0.3,6,0.0,0.0,0.0,0.0,0,0.0
98.0,23.1,94.0,0.0,mid,-1.0,0.3,5,0.0,0.0,0.0,0.0,0,0.0
98.0,23.1,94.0,0.4,mid,1.0,-0.3,6,0.0,0.0,0.0,0.0,0,0.0
98.0,23.1,96.0,0.0,development,-0.9,0.5,6,0.0,0.0,0.0,0.0,0,0.0
98.0,23.1,96.0,0.0,initial,1.0,0.3,6,0.0,0.0,0.0,0.0,0,0.0
98.0,23.2,95.0,0.0,development,-1.0,0.3,10,0.0,0.0,0.0,0.0,0,0.0
98.0,23.2,95.0,0.0,initial,-0.9,0.5,5,0.0,0.0,0.0,0.0,0,0.0
98.0,23.2,96.0,0.0,development,0.0,1.0,9,0.0,0.0,0.0,0.0,0,0.0
98.0,23.2,96.0,0.0,initial,0.9,0.5,7,0.0,0.0,0.0,0.0,0,0.0
98.0,23.2,98.0,0.0,development,-0.7,0.7,6,0.0,0.0,0.0,0.0,0,0.0
98.0,23.3,96.0,0.4,late,1.0,0.0,7,0.0,0.0,0.0,0.0,0,0.0
98.0,23.3,98.0,0.0,development,0.9,0.5,7,0.0,0.0,0.0,0.0,0,0.0
98.0,23.3,98.0,0.0,mid,-0.7,0.7,5,0.0,0.0,0.0,0.0,0,0.0
98.0,23.3,98.0,0.0,mid,-0.5,0.9,6,0.0,0.0,0.0,0.0,0,0.0
98.0,23.5,95.0,0.2,initial,1.0,0.0,6,0.0,0.0,0.0,0.0,0,0.0
98.0,23.5,97.0,0.0,mid,-0.9,0.5,7,0.0,0.0,0.0,0.0,0,0.0
98.0,23.5,97.0,0.0,mid,1.0,0.3,5,0.0,0.0,0.0,0.0,0,0.0
98.0,23.6,91.0,0.0,mid,-1.0,-0.3,5,0.0,0.0,0.0,0.0,0,0.0
98.0,23.6,94.0,0.0,development,-1.0,0.0,5,0.0,0.0,0.0,0.0,0,0.0
98.0,23.6,95.0,0.0,late,-1.0,0.3,6,0.0,0.0,0.0,0.0,0,0.0
98.0,23.7,97.0,0.0,development,0.3,1.0,8,0.0,0.0,0.0,0.0,0,0.0
98.0,23.8,96.0,0.0,mid,-1.0,0.3,5,0.0,0.0,0.0,0.0,0,0.0
98.0,23.8,96.0,0.0,mid,-0.5,0.9,5,0.0,0.0,0.0,0.0,0,0.0
98.0,23.8,96.0,0.0,mid,-0.3,1.0,7,0.0,0.0,0.0,0.0,0,0.0
98.0,23.8,97.0,0.0,development,0.0,1.0,5,0.0,0.0,0.0,0.0,0,0.0
98.0,23.9,95.0,0.0,development,-1.0,0.3,6,0.0,0.0,0.0,0.0,0,0.0
98.0,24.0,96.0,0.0,development,-0.3,1.0,7,0.0,0.0,0.0,0.0,0,0.0
98.0,24.0,97.0,0.0,development,0.0,1.0,7,0.0,0.0,0.0,0.0,0,0.0
98.0,24.1,90.0,0.6,mid,0.9,-0.5,6,0.0,0.0,0.0,0.0,0,0.0
98.0,24.1,92.0,0.8,initial,1.0,-0.3,6,0.0,0.0,0.0,0.0,0,0.0
98.0,24.2,75.0,1.6,development,0.7,-0.7,5,0.0,0.0,0.0,0.0,0,0.0
98.0,24.2,95.0,0.0,mid,-1.0,0.0,5,0.0,0.0,0.0,0.0,0,0.0
98.0,24.2,96.0,0.0,late,-1.0,0.0,5,0.0,0.0,0.0,0.0,0,0.0
98.0,24.4,89.0,0.1,development,-1.0,-0.3,6,0.0,0.0,0.0,0.0,0,0.0
98.0,24.5,98.0,0.0,initial,0.5,0.9,5,0.0,0.0,0.0,0.0,0,0.0
98.0,24.6,87.0,0.0,initial,-1.0,-0.3,5,0.0,0.0,0.0,0.0,0,0.0
98.0,24.7,98.0,0.0,initial,0.3,1.0,7,0.0,0.0,0.0,0.0,0,0.0
98.0,24.8,94.0,0.0,late,-1.0,-0.3,6,0.0,0.0,0.0,0.0,0,0.0
98.0,24.8,98.0,0.0,development,-0.5,0.9,7,0.0,0.0,0.0,0.0,0,0.0
98.0,24.9,92.0,0.0,mid,-1.0,-0.3,7,0.0,0.0,0.0,0.0,0,0.0
98.0,25.0,76.0,0.7,mid,-0.7,-0.7,5,0.0,0.0,0.0,0.0,0,0.0
98.0,25.0,84.0,1.0,initial,0.9,-0.5,5,0.0,0.0,0.0,0.0,0,0.0
98.0,25.0,95.0,0.0,initial,-1.0,0.3,8,0.0,0.0,0.0,0.0,0,0.0
98.0,25.0,98.0,0.0,development,-0.7,0.7,8,0.0,0.0,0.0,0.0,0,0.0
98.0,25.3,87.0,0.0,late,-1.0,-0.3,5,0.0,0.0,0.0,0.0,0,0.0
98.0,25.4,96.0,0.0,initial,-0.9,0.5,5,0.0,0.0,0.0,0.0,0,0.0
98.0,25.6,81.0,0.6,development,-0.9,-0.5,9,0.0,0.0,0.0,0.0,0,0.0
98.0,25.8,70.0,1.6,development,0.0,-1.0,6,0.0,0.0,0.0,0.0,0,0.0
98.0,25.8,95.0,0.0,initial,-1.0,0.0,7,0.0,0.0,0.0,0.0,0,0.0
98.0,26.1,76.0,1.8,development,0.7,-0.7,7,0.0,0.0,0.0,0.0,0,0.0
98.0,26.2,70.0,0.6,initial,-0.7,-0.7,7,0.0,0.0,0.0,0.0,0,0.0
98.0,26.3,80.0,0.7,development,-0.7,-0.7,5,0.0,0.0,0.0,0.0,0,0.0
98.0,26.3,86.0,0.3,late,-0.9,-0.5,6,0.0,0.0,0.0,0.0,0,0.0
98.0,26.3,92.0,0.0,initial,-1.0,-0.3,5,0.0,0.0,0.0,0.0,0,0.0
98.0,26.4,69.0,1.7,mid,-0.3,-1.0,5,0.0,0.0,0.0,0.0,0,0.0
98.0,26.5,77.0,1.2,mid,-0.3,-1.0,7,0.0,0.0,0.0,0.0,0,0.0
98.0,26.7,70.0,2.4,mid,0.3,-1.0,6,0.0,0.0,0.0,0.0,0,0.0
98.0,26.8,71.0,0.4,mid,-0.9,-0.5,6,0.0,0.0,0.0,0.0,0,0.0
98.0,26.9,67.0,1.1,initial,-0.5,-0.9,7,0.0,0.0,0.0,0.0,0,0.0
98.0,26.9,77.0,0.2,late,-0.9,-0.5,6,0.0,0.0,0.0,0.0,0,0.0
98.0,27.0,66.0,2.1,initial,0.5,-0.9,5,0.0,0.0,0.0,0.0,0,0.0
98.0,27.0,73.0,1.5,initial,0.7,-0.7,5,0.0,0.0,0.0,0.0,0,0.0
98.0,27.2,71.0,2.0,development,-0.5,-0.9,5,0.0,0.0,0.0,0.0,0,0.0
98.0,27.2,74.0,1.7,mid,0.3,-1.0,5,0.0,0.0,0.0,0.0,0,0.0
98.0,27.3,72.0,0.6,initial,-0.7,-0.7,6,0.0,0.0,0.0,0.0,0,0.0
98.0,27.3,80.0,0.2,initial,-0.9,-0.5,5,0.0,0.0,0.0,0.0,0,0.0
98.0,27.5,64.0,1.6,initial,0.7,-0.7,5,0.0,0.0,0.0,0.0,0,0.0
98.0,27.5,69.0,1.8,development,0.5,-0.9,6,0.0,0.0,0.0,0.0,0,0.0
98.0,27.6,69.0,1.5,mid,0.3,-1.0,5,0.0,0.0,0.0,0.0,0,0.0
98.0,27.7,67.0,1.5,initial,-0.5,-0.9,5,0.0,0.0,0.0,0.0,0,0.0
98.0,27.7,69.0,1.4,mid,0.0,-1.0,6,0.0,0.0,0.0,0.0,0,0.0
98.0,27.8,71.0,1.9,initial,0.5,-0.9,5,0.0,0.0,0.0,0.0,0,0.0
98.0,27.8,83.0,0.3,development,-0.9,-0.5,5,0.0,0.0,0.0,0.0,0,0.0
98.0,27.9,73.0,1.6,development,-0.3,-1.0,6,0.0,0.0,0.0,0.0,0,0.0
98.0,28.2,65.0,1.8,development,0.3,-1.0,5,0.0,0.0,0.0,0.0,0,0.0
98.0,28.2,67.0,1.8,initial,0.5,-0.9,5,0.0,0.0,0.0,0.0,0,0.0
98.0,28.4,68.0,2.1,initial,0.3,-1.0,7,0.0,0.0,0.0,0.0,0,0.0
98.0,28.4,75.0,1.8,mid,-0.5,-0.9,5,0.0,0.0,0.0,0.0,0,0.0
98.0,28.5,72.0,1.9,mid,0.3,-1.0,5,0.0,0.0,0.0,0.0,0,0.0
98.0,28.6,62.0,2.6,development,0.5,-0.9,5,0.0,0.0,0.0,0.0,0,0.0
98.0,28.6,72.0,1.9,mid,0.0,-1.0,5,0.0,0.0,0.0,0.0,0,0.0
98.0,28.8,61.0,1.2,mid,-0.5,-0.9,5,0.0,0.0,0.0,0.0,0,0.0
98.0,28.8,62.0,3.0,initial,0.5,-0.9,5,0.0,0.0,0.0,0.0,0,0.0
98.0,28.9,69.0,2.3,development,0.5,-0.9,8,0.0,0.0,0.0,0.0,0,0.0
98.0,29.0,68.0,1.7,late,-0.5,-0.9,6,0.0,0.0,0.0,0.0,0,0.0
98.0,29.0,76.0,0.6,development,-0.7,-0.7,5,0.0,0.0,0.0,0.0,0,0.0
98.0,29.3,59.0,2.6,development,0.3,-1.0,5,0.0,0.0,0.0,0.0,0,0.0
98.0,29.3,60.0,2.8,initial,0.3,-1.0,5,0.0,0.0,0.0,0.0,0,0.0
98.0,29.3,66.0,1.4,initial,-0.3,-1.0,9,0.0,0.0,0.0,0.0,0,0.0
98.0,29.3,75.0,1.6,development,0.7,-0.7,6,0.0,0.0,0.0,0.0,0,0.0
98.0,29.4,63.0,2.3,late,0.0,-1.0,6,0.0,0.0,0.0,0.0,0,0.0
98.0,29.4,66.0,2.0,late,0.5,-0.9,8,0.0,0.0,0.0,0.0,0,0.0
98.0,29.4,68.0,2.0,mid,-0.3,-1.0,7,0.0,0.0,0.0,0.0,0,0.0
98.0,29.5,70.0,1.6,initial,0.9,-0.5,5,0.0,0.0,0.0,0.0,0,0.0
98.0,29.6,65.0,1.3,development,-0.5,-0.9,5,0.0,0.0,0.0,0.0,0,0.0
98.0,29.7,64.0,2.5,development,0.3,-1.0,6,0.0,0.0,0.0,0.0,0,0.0
98.0,29.8,70.0,1.8,initial,-0.3,-1.0,6,0.0,0.0,0.0,0.0,0,0.0
98.0,30.3,69.0,2.5,development,0.3,-1.0,5,0.0,0.0,0.0,0.0,0,0.0
98.0,30.5,57.0,2.1,mid,-0.3,-1.0,5,0.0,0.0,0.0,0.0,0,0.0
98.0,30.5,58.0,2.3,mid,0.0,-1.0,6,0.0,0.0,0.0,0.0,0,0.0
98.0,30.5,68.0,2.4,development,0.0,-1.0,7,0.0,0.0,0.0,0.0,0,0.0
98.0,30.7,64.0,2.4,development,0.3,-1.0,5,0.0,0.0,0.0,0.0,0,0.0
98.0,30.7,67.0,1.9,development,0.3,-1.0,7,0.0,0.0,0.0,0.0,0,0.0
98.0,30.8,58.0,2.9,late,0.3,-1.0,5,0.0,0.0,0.0,0.0,0,0.0
98.0,31.0,64.0,2.3,development,0.0,-1.0,7,0.0,0.0,0.0,0.0,0,0.0
98.0,31.2,65.0,2.1,development,0.0,-1.0,5,0.0,0.0,0.0,0.0,0,0.0
99.0,20.1,98.0,0.0,mid,-0.3,1.0,5,0.0,0.0,0.0,0.0,0,0.0
99.0,21.0,97.0,0.0,initial,1.0,0.3,5,0.0,0.0,0.0,0.0,0,0.0
99.0,21.0,97.0,0.0,mid,0.9,0.5,5,0.0,0.0,0.0,0.0,0,0.0
99.0,21.0,98.0,0.0,mid,-0.3,1.0,5,0.0,0.0,0.0,0.0,0,0.0
99.0,21.3,97.0,0.0,initial,0.7,0.7,6,0.0,0.0,0.0,0.0,0,0.0
99.0,21.7,97.0,0.0,development,0.9,0.5,5,0.0,0.0,0.0,0.0,0,0.0
99.0,21.9,97.0,0.0,late,0.9,0.5,5,0.0,0.0,0.0,0.0,0,0.0
99.0,21.9,99.0,0.0,mid,0.9,0.5,7,0.0,0.0,0.0,0.0,0,0.0
99.0,22.0,99.0,0.0,mid,0.5,0.9,6,0.0,0.0,0.0,0.0,0,0.0
99.0,22.0,99.0,0.0,mid,0.7,0.7,5,0.0,0.0,0.0,0.0,0,0.0
99.0,22.1,98.0,0.0,development,0.7,0.7,5,0.0,0.0,0.0,0.0,0,0.0
99.0,22.2,98.0,0.0,late,0.5,0.9,5,0.0,0.0,0.0,0.0,0,0.0
99.0,22.2,98.0,0.1,development,1.0,0.3,5,0.0,0.0,0.0,0.0,0,0.0
99.0,22.3,98.0,0.0,mid,1.0,0.3,7,0.0,0.0,0.0,0.0,0,0.0
99.0,22.4,97.0,0.0,development,-0.5,0.9,5,0.0,0.0,0.0,0.0,0,0.0
99.0,22.4,97.0,0.0,development,0.5,0.9,5,0.0,0.0,0.0,0.0,0,0.0
99.0,22.5,87.0,0.0,initial,0.5,0.9,5,0.0,0.0,0.0,0.0,0,0.0
99.0,22.5,99.0,0.0,development,0.9,0.5,6,0.0,0.0,0.0,0.0,0,0.0
99.0,22.6,97.0,0.0,development,0.3,1.0,7,0.0,0.0,0.0,0.0,0,0.0
99.0,22.6,97.0,0.0,development,0.5,0.9,5,0.0,0.0,0.0,0.0,0,0.0
99.0,22.6,97.0,0.0,development,0.7,0.7,6,0.0,0.0,0.0,0.0,0,0.0
99.0,22.6,97.0,0.0,initial,-0.3,1.0,5,0.0,0.0,0.0,0.0,0,0.0
99.0,22.6,98.0,0.0,initial,0.3,1.0,5,0.0,0.0,0.0,0.0,0,0.0
99.0,22.6,98.0,0.0,initial,0.5,0.9,6,0.0,0.0,0.0,0.0,0,0.0
99.0,22.6,98.0,0.0,late,0.7,0.7,8,0.0,0.0,0.0,0.0,0,0.0
99.0,22.6,98.0,0.0,mid,0.7,0.7,6,0.0,0.0,0.0,0.0,0,0.0
99.0,22.6,99.0,0.0,development,0.5,0.9,8,0.0,0.0,0.0,0.0,0,0.0
99.0,22.6,99.0,0.0,development,0.7,0.7,5,0.0,0.0,0.0,0.0,0,0.0
99.0,22.7,93.0,0.9,mid,1.0,-0.3,5,0.0,0.0,0.0,0.0,0,0.0
99.0,22.7,96.0,0.2,initial,1.0,0.0,7,0.0,0.0,0.0,0.0,0,0.0
99.0,22.8,96.0,0.0,development,-0.3,1.0,7,0.0,0.0,0.0,0.0,0,0.0
99.0,22.8,97.0,0.0,development,0.0,1.0,7,0.0,0.0,0.0,0.0,0,0.0
99.0,22.8,98.0,0.0,initial,0.7,0.7,5,0.0,0.0,0.0,0.0,0,0.0
99.0,22.8,98.0,0.0,late,0.3,1.0,5,0.0,0.0,0.0,0.0,0,0.0
99.0,22.8,98.0,0.0,late,0.5,0.9,7,0.0,0.0,0.0,0.0,0,0.0
99.0,22.8,98.0,0.0,mid,0.5,0.9,5,0.0,0.0,0.0,0.0,0,0.0
99.0,22.8,99.0,0.0,late,0.3,1.0,6,0.0,0.0,0.0,0.0,0,0.0
99.0,22.9,96.0,0.0,initial,1.0,0.3,5,0.0,0.0,0.0,0.0,0,0.0
99.0,22.9,98.0,0.0,late,0.0,1.0,11,0.0,0.0,0.0,0.0,0,0.0
99.0,23.0,94.0,0.0,mid,-1.0,0.3,9,0.0,0.0,0.0,0.0,0,0.0
99.0,23.0,95.0,0.0,mid,-0.9,0.5,6,0.0,0.0,0.0,0.0,0,0.0
99.0,23.0,96.0,0.0,development,-0.5,0.9,6,0.0,0.0,0.0,0.0,0,0.0
99.0,23.0,96.0,0.0,development,0.9,0.5,5,0.0,0.0,0.0,0.0,0,0.0
99.0,23.0,98.0,0.0,development,0.9,0.5,5,0.0,0.0,0.0,0.0,0,0.0
99.0,23.0,98.0,0.0,mid,-0.3,1.0,6,0.0,0.0,0.0,0.0,0,0.0
99.0,23.0,98.0,0.0,mid,0.0,1.0,5,0.0,0.0,0.0,0.0,0,0.0
99.0,23.1,88.0,0.0,development,-0.7,0.7,7,0.0,0.0,0.0,0.0,0,0.0
99.0,23.1,96.0,0.0,development,-0.9,0.5,5,0.0,0.0,0.0,0.0,0,0.0
99.0,23.1,96.0,0.0,development,0.7,0.7,5,0.0,0.0,0.0,0.0,0,0.0
99.0,23.1,97.0,0.0,mid,0.0,1.0,5,0.0,0.0,0.0,0.0,0,0.0
99.0,23.1,98.0,0.0,initial,0.7,0.7,5,0.0,0.0,0.0,0.0,0,0.0
99.0,23.1,98.0,0.0,late,0.0,1.0,5,0.0,0.0,0.0,0.0,0,0.0
99.0,23.1,98.0,0.0,mid,-0.3,1.0,6,0.0,0.0,0.0,0.0,0,0.0
99.0,23.2,93.0,0.0,mid,-1.0,0.0,6,0.0,0.0,0.0,0.0,0,0.0
99.0,23.2,96.0,0.3,mid,1.0,0.0,6,0.0,0.0,0.0,0.0,0,0.0
99.0,23.2,97.0,0.0,development,0.0,1.0,5,0.0,0.0,0.0,0.0,0,0.0
99.0,23.2,98.0,0.0,initial,0.3,1.0,5,0.0,0.0,0.0,0.0,0,0.0
99.0,23.2,98.0,0.0,initial,0.5,0.9,6,0.0,0.0,0.0,0.0,0,0.0
99.0,23.2,99.0,0.0,development,0.5,0.9,5,0.0,0.0,0.0,0.0,0,0.0
99.0,23.3,88.0,0.0,development,-0.9,0.5,6,0.0,0.0,0.0,0.0,0,0.0
99.0,23.3,96.0,0.0,initial,0.3,1.0,7,0.0,0.0,0.0,0.0,0,0.0
99.0,23.3,96.0,0.0,initial,0.5,0.9,5,0.0,0.0,0.0,0.0,0,0.0
99.0,23.3,98.0,0.0,development,0.5,0.9,10,0.0,0.0,0.0,0.0,0,0.0
99.0,23.4,96.0,0.0,development,-0.7,0.7,6,0.0,0.0,0.0,0.0,0,0.0
99.0,23.4,96.0,0.0,initial,0.0,1.0,7,0.0,0.0,0.0,0.0,0,0.0
99.0,23.4,97.0,0.2,mid,1.0,0.0,5,0.0,0.0,0.0,0.0,0,0.0
99.0,23.4,98.0,0.0,initial,0.3,1.0,7,0.0,0.0,0.0,0.0,0,0.0
99.0,23.4,98.0,0.1,development,1.0,0.3,5,0.0,0.0,0.0,0.0,0,0.0
99.0,23.5,87.0,0.0,development,-1.0,0.3,5,0.0,0.0,0.0,0.0,0,0.0
99.0,23.5,95.0,0.4,initial,1.0,0.0,5,0.0,0.0,0.0,0.0,0,0.0
99.0,23.5,96.0,0.0,initial,1.0,0.3,5,0.0,0.0,0.0,0.0,0,0.0
99.0,23.5,97.0,0.0,initial,0.3,1.0,5,0.0,0.0,0.0,0.0,0,0.0
99.0,23.5,97.0,0.0,mid,-0.9,0.5,5,0.0,0.0,0.0,0.0,0,0.0
99.0,23.5,97.0,0.0,mid,0.7,0.7,8,0.0,0.0,0.0,0.0,0,0.0
99.0,23.5,97.0,0.0,mid,0.9,0.5,8,0.0,0.0,0.0,0.0,0,0.0
99.0,23.5,98.0,0.0,development,0.7,0.7,6,0.0,0.0,0.0,0.0,0,0.0
99.0,23.5,98.0,0.0,initial,-0.3,1.0,7,0.0,0.0,0.0,0.0,0,0.0
99.0,23.5,98.0,0.0,late,-0.9,0.5,9,0.0,0.0,0.0,0.0,0,0.0
99.0,23.5,98.0,0.0,late,1.0,0.3,5,0.0,0.0,0.0,0.0,0,0.0
99.0,23.6,91.0,0.0,mid,-1.0,-0.3,5,0.0,0.0,0.0,0.0,0,0.0
99.0,23.6,95.0,0.5,development,1.0,0.0,6,0.0,0.0,0.0,0.0,0,0.0
99.0,23.6,97.0,0.0,initial,-0.5,0.9,11,0.0,0.0,0.0,0.0,0,0.0
99.0,23.6,97.0,0.0,mid,1.0,0.3,6,0.0,0.0,0.0,0.0,0,0.0
99.0,23.6,98.0,0.0,initial,0.0,1.0,6,0.0,0.0,0.0,0.0,0,0.0
99.0,23.7,87.0,0.0,development,-1.0,0.0,6,0.0,0.0,0.0,0.0,0,0.0
99.0,23.7,95.0,0.2,initial,1.0,0.0,8,0.0,0.0,0.0,0.0,0,0.0
99.0,23.7,96.0,0.0,initial,-0.5,0.9,7,0.0,0.0,0.0,0.0,0,0.0
99.0,23.7,96.0,0.2,mid,1.0,0.0,5,0.0,0.0,0.0,0.0,0,0.0
99.0,23.7,97.0,0.0,mid,0.7,0.7,5,0.0,0.0,0.0,0.0,0,0.0
99.0,23.7,97.0,0.0,mid,1.0,0.3,5,0.0,0.0,0.0,0.0,0,0.0
99.0,23.7,98.0,0.0,mid,0.9,0.5,7,0.0,0.0,0.0,0.0,0,0.0
99.0,23.8,95.0,0.7,mid,1.0,0.0,5,0.0,0.0,0.0,0.0,0,0.0
99.0,23.8,96.0,0.0,development,-0.9,0.5,8,0.0,0.0,0.0,0.0,0,0.0
99.0,23.8,96.0,0.0,initial,-0.5,0.9,6,0.0,0.0,0.0,0.0,0,0.0
99.0,23.8,96.0,0.0,initial,0.0,1.0,5,0.0,0.0,0.0,0.0,0,0.0
99.0,23.8,97.0,0.0,initial,-0.7,0.7,6,0.0,0.0,0.0,0.0,0,0.0
99.0,23.8,97.0,0.0,mid,-0.5,0.9,5,0.0,0.0,0.0,0.0,0,0.0
99.0,23.8,98.0,0.0,mid,1.0,0.3,6,0.0,0.0,0.0,0.0,0,0.0
99.0,23.9,97.0,0.0,development,0.3,1.0,10,0.0,0.0,0.0,0.0,0,0.0
99.0,23.9,97.0,0.0,initial,-0.7,0.7,5,0.0,0.0,0.0,0.0,0,0.0
99.0,23.9,97.0,0.0,late,-1.0,0.3,8,0.0,0.0,0.0,0.0,0,0.0
99.0,23.9,97.0,0.0,mid,-0.7,0.7,7,0.0,0.0,0.0,0.0,0,0.0
99.0,23.9,98.0,0.0,initial,-0.5,0.9,5,0.0,0.0,0.0,0.0,0,0.0
99.0,24.0,93.0,0.0,initial,-1.0,0.0,6,0.0,0.0,0.0,0.0,0,0.0
99.0,24.0,95.0,0.0,late,-1.0,0.3,10,0.0,0.0,0.0,0.0,0,0.0
99.0,24.0,97.0,0.0,initial,-0.7,0.7,5,0.0,0.0,0.0,0.0,0,0.0
99.0,24.0,97.0,0.4,late,1.0,0.0,5,0.0,0.0,0.0,0.0,0,0.0
99.0,24.1,95.0,0.0,mid,-1.0,0.0,5,0.0,0.0,0.0,0.0,0,0.0
99.0,24.1,96.0,0.1,mid,1.0,0.0,6,0.0,0.0,0.0,0.0,0,0.0
99.0,24.2,94.0,0.5,initial,1.0,-0.3,7,0.0,0.0,0.0,0.0,0,0.0
99.0,24.2,96.0,0.0,initial,-0.7,0.7,5,0.0,0.0,0.0,0.0,0,0.0
99.0,24.2,96.0,0.0,late,-1.0,0.0,5,0.0,0.0,0.0,0.0,0,0.0
99.0,24.2,96.0,0.4,mid,1.0,-0.3,5,0.0,0.0,0.0,0.0,0,0.0
99.0,24.2,97.0,0.0,initial,-0.9,0.5,5,0.0,0.0,0.0,0.0,0,0.0
99.0,24.2,98.0,0.0,development,0.9,0.5,6,0.0,0.0,0.0,0.0,0,0.0
99.0,24.2,98.0,0.0,development,1.0,0.3,6,0.0,0.0,0.0,0.0,0,0.0
99.0,24.3,94.0,0.6,initial,1.0,-0.3,5,0.0,0.0,0.0,0.0,0,0.0
99.0,24.3,94.0,0.6,mid,1.0,-0.3,5,0.0,0.0,0.0,0.0,0,0.0
99.0,24.3,96.0,0.0,development,-0.9,0.5,5,0.0,0.0,0.0,0.0,0,0.0
99.0,24.3,96.0,0.5,development,1.0,0.0,5,0.0,0.0,0.0,0.0,0,0.0
99.0,24.3,98.0,0.0,initial,0.9,0.5,6,0.0,0.0,0.0,0.0,0,0.0
99.0,24.3,98.0,0.0,initial,1.0,0.3,5,0.0,0.0,0.0,0.0,0,0.0
99.0,24.4,93.0,0.0,late,-1.0,0.0,5,0.0,0.0,0.0,0.0,0,0.0
99.0,24.4,94.0,0.0,initial,-1.0,0.3,6,0.0,0.0,0.0,0.0,0,0.0
99.0,24.4,98.0,0.0,initial,0.7,0.7,6,0.0,0.0,0.0,0.0,0,0.0
99.0,24.5,86.0,0.2,mid,-0.9,-0.5,5,0.0,0.0,0.0,0.0,0,0.0
99.0,24.5,87.0,1.5,development,0.9,-0.5,5,0.0,0.0,0.0,0.0,0,0.0
99.0,24.5,92.0,0.6,initial,1.0,-0.3,5,0.0,0.0,0.0,0.0,0,0.0
99.0,24.5,95.0,0.0,development,-1.0,0.0,5,0.0,0.0,0.0,0.0,0,0.0
99.0,24.5,98.0,0.0,initial,0.5,0.9,7,0.0,0.0,0.0,0.0,0,0.0
99.0,24.6,89.0,0.0,development,-1.0,-0.3,5,0.0,0.0,0.0,0.0,0,0.0
99.0,24.6,91.0,0.8,development,1.0,-0.3,5,0.0,0.0,0.0,0.0,0,0.0
99.0,24.6,91.0,1.1,initial,1.0,-0.3,5,0.0,0.0,0.0,0.0,0,0.0
99.0,24.7,94.0,0.6,development,1.0,-0.3,5,0.0,0.0,0.0,0.0,0,0.0
99.0,24.7,98.0,0.0,development,-0.3,1.0,10,0.0,0.0,0.0,0.0,0,0.0
99.0,24.7,98.0,0.0,initial,0.3,1.0,7,0.0,0.0,0.0,0.0,0,0.0
99.0,24.8,97.0,0.0,initial,0.0,1.0,6,0.0,0.0,0.0,0.0,0,0.0
99.0,24.9,91.0,0.0,initial,-1.0,-0.3,6,0.0,0.0,0.0,0.0,0,0.0
99.0,24.9,97.0,0.0,initial,-0.3,1.0,5,0.0,0.0,0.0,0.0,0,0.0
99.0,25.0,71.0,1.5,mid,0.7,-0.7,5,0.0,0.0,0.0,0.0,0,0.0
99.0,25.0,82.0,0.8,mid,0.9,-0.5,5,0.0,0.0,0.0,0.0,0,0.0
99.0,25.0,84.0,1.0,initial,0.9,-0.5,6,0.0,0.0,0.0,0.0,0,0.0
99.0,25.0,96.0,0.0,mid,-0.9,0.5,6,0.0,0.0,0.0,0.0,0,0.0
99.0,25.0,97.0,0.0,development,-0.5,0.9,7,0.0,0.0,0.0,0.0,0,0.0
99.0,25.1,90.0,0.9,initial,0.9,-0.5,7,0.0,0.0,0.0,0.0,0,0.0
99.0,25.1,97.0,0.0,initial,-0.5,0.9,7,0.0,0.0,0.0,0.0,0,0.0
99.0,25.1,98.0,0.0,initial,1.0,0.3,7,0.0,0.0,0.0,0.0,0,0.0
99.0,25.2,94.0,0.8,mid,1.0,-0.3,5,0.0,0.0,0.0,0.0,0,0.0
99.0,25.2,95.0,0.0,mid,-1.0,0.3,5,0.0,0.0,0.0,0.0,0,0.0
99.0,25.2,96.0,0.0,mid,-1.0,-0.3,5,0.0,0.0,0.0,0.0,0,0.0
99.0,25.2,97.0,0.0,development,-0.9,0.5,6,0.0,0.0,0.0,0.0,0,0.0
99.0,25.3,80.0,0.5,mid,-0.7,-0.7,6,0.0,0.0,0.0,0.0,0,0.0
99.0,25.3,91.0,0.1,mid,-0.9,-0.5,5,0.0,0.0,0.0,0.0,0,0.0
99.0,25.3,92.0,0.8,late,1.0,-0.3,5,0.0,0.0,0.0,0.0,0,0.0
99.0,25.4,81.0,0.5,mid,-0.7,-0.7,5,0.0,0.0,0.0,0.0,0,0.0
99.0,25.4,88.0,0.3,mid,-0.9,-0.5,6,0.0,0.0,0.0,0.0,0,0.0
99.0,25.4,96.0,0.0,initial,-0.9,0.5,6,0.0,0.0,0.0,0.0,0,0.0
99.0,25.5,94.0,0.0,mid,-1.0,0.0,5,0.0,0.0,0.0,0.0,0,0.0
99.0,25.5,96.0,0.2,development,1.0,0.0,7,0.0,0.0,0.0,0.0,0,0.0
99.0,25.6,84.0,1.2,initial,0.9,-0.5,5,0.0,0.0,0.0,0.0,0,0.0
99.0,25.6,88.0,1.0,initial,0.9,-0.5,6,0.0,0.0,0.0,0.0,0,0.0
99.0,25.6,95.0,0.0,initial,-1.0,0.3,5,0.0,0.0,0.0,0.0,0,0.0
99.0,25.7,86.0,1.0,initial,0.9,-0.5,5,0.0,0.0,0.0,0.0,0,0.0
99.0,25.8,83.0,0.2,initial,-0.9,-0.5,6,0.0,0.0,0.0,0.0,0,0.0
99.0,26.0,85.0,0.2,mid,-0.9,-0.5,5,0.0,0.0,0.0,0.0,0,0.0
99.0,26.0,85.0,1.2,initial,0.7,-0.7,5,0.0,0.0,0.0,0.0,0,0.0
99.0,26.0,86.0,1.4,development,0.9,-0.5,6,0.0,0.0,0.0,0.0,0,0.0
99.0,26.1,73.0,2.3,mid,0.5,-0.9,6,0.0,0.0,0.0,0.0,0,0.0
99.0,26.1,76.0,1.6,development,0.9,-0.5,6,0.0,0.0,0.0,0.0,0,0.0
99.0,26.1,76.0,1.8,development,0.7,-0.7,5,0.0,0.0,0.0,0.0,0,0.0
99.0,26.1,87.0,1.2,development,0.9,-0.5,6,0.0,0.0,0.0,0.0,0,0.0
99.0,26.3,76.0,1.2,mid,0.5,-0.9,5,0.0,0.0,0.0,0.0,0,0.0
99.0,26.3,84.0,2.3,initial,0.9,-0.5,6,0.0,0.0,0.0,0.0,0,0.0
99.0,26.3,86.0,1.4,late,0.9,-0.5,6,0.0,0.0,0.0,0.0,0,0.0
99.0,26.3,90.0,0.9,mid,0.9,-0.5,5,0.0,0.0,0.0,0.0,0,0.0
99.0,26.4,75.0,0.8,mid,-0.5,-0.9,5,0.0,0.0,0.0,0.0,0,0.0
99.0,26.4,75.0,1.6,initial,0.7,-0.7,5,0.0,0.0,0.0,0.0,0,0.0
99.0,26.4,77.0,0.5,development,-0.7,-0.7,6,0.0,0.0,0.0,0.0,0,0.0
99.0,26.4,91.0,0.0,development,-1.0,-0.3,9,0.0,0.0,0.0,0.0,0,0.0
99.0,26.4,91.0,0.2,mid,-1.0,-0.3,8,0.0,0.0,0.0,0.0,0,0.0
99.0,26.6,76.0,1.6,initial,0.7,-0.7,5,0.0,0.0,0.0,0.0,0,0.0
99.0,26.7,72.0,1.6,initial,0.7,-0.7,6,0.0,0.0,0.0,0.0,0,0.0
99.0,26.8,76.0,1.8,mid,0.0,-1.0,6,0.0,0.0,0.0,0.0,0,0.0
99.0,26.8,79.0,2.5,development,0.9,-0.5,5,0.0,0.0,0.0,0.0,0,0.0
99.0,26.9,73.0,1.3,mid,0.3,-1.0,5,0.0,0.0,0.0,0.0,0,0.0
99.0,26.9,74.0,2.2,development,0.5,-0.9,7,0.0,0.0,0.0,0.0,0,0.0
99.0,27.0,69.0,1.5,mid,0.5,-0.9,5,0.0,0.0,0.0,0.0,0,0.0
99.0,27.0,76.0,1.4,initial,0.7,-0.7,5,0.0,0.0,0.0,0.0,0,0.0
99.0,27.0,79.0,0.4,late,-0.7,-0.7,5,0.0,0.0,0.0,0.0,0,0.0
99.0,27.0,81.0,1.5,development,0.9,-0.5,5,0.0,0.0,0.0,0.0,0,0.0
99.0,27.0,82.0,0.2,initial,-0.9,-0.5,5,0.0,0.0,0.0,0.0,0,0.0
99.0,27.1,75.0,1.8,mid,0.9,-0.5,6,0.0,0.0,0.0,0.0,0,0.0
99.0,27.1,79.0,2.0,development,0.9,-0.5,5,0.0,0.0,0.0,0.0,0,0.0
99.0,27.2,71.0,2.0,development,-0.5,-0.9,5,0.0,0.0,0.0,0.0,0,0.0
99.0,27.2,74.0,1.7,mid,0.3,-1.0,5,0.0,0.0,0.0,0.0,0,0.0
99.0,27.3,66.0,1.5,initial,-0.3,-1.0,6,0.0,0.0,0.0,0.0,0,0.0
99.0,27.4,75.0,2.1,initial,0.7,-0.7,5,0.0,0.0,0.0,0.0,0,0.0
99.0,27.4,85.0,0.7,mid,-0.9,-0.5,7,0.0,0.0,0.0,0.0,0,0.0
99.0,27.5,66.0,2.2,development,0.7,-0.7,8,0.0,0.0,0.0,0.0,0,0.0
99.0,27.5,75.0,1.2,late,0.5,-0.9,5,0.0,0.0,0.0,0.0,0,0.0
99.0,27.5,76.0,1.6,development,0.5,-0.9,5,0.0,0.0,0.0,0.0,0,0.0
99.0,27.5,77.0,0.7,initial,0.7,-0.7,5,0.0,0.0,0.0,0.0,0,0.0
99.0,27.5,78.0,0.7,late,-0.7,-0.7,5,0.0,0.0,0.0,0.0,0,0.0
99.0,27.5,87.0,1.0,initial,1.0,-0.3,6,0.0,0.0,0.0,0.0,0,0.0
99.0,27.6,66.0,2.0,initial,0.0,-1.0,5,0.0,0.0,0.0,0.0,0,0.0
99.0,27.6,66.0,2.3,development,0.7,-0.7,5,0.0,0.0,0.0,0.0,0,0.0
99.0,27.6,69.0,1.0,initial,-0.5,-0.9,5,0.0,0.0,0.0,0.0,0,0.0
99.0,27.6,75.0,1.9,development,0.7,-0.7,5,0.0,0.0,0.0,0.0,0,0.0
99.0,27.6,76.0,2.1,mid,0.5,-0.9,5,0.0,0.0,0.0,0.0,0,0.0
99.0,27.6,79.0,0.4,development,-0.9,-0.5,5,0.0,0.0,0.0,0.0,0,0.0
99.0,27.7,66.0,2.1,initial,0.3,-1.0,7,0.0,0.0,0.0,0.0,0,0.0
99.0,27.7,69.0,2.4,initial,0.7,-0.7,6,0.0,0.0,0.0,0.0,0,0.0
99.0,27.7,70.0,2.1,initial,0.5,-0.9,5,0.0,0.0,0.0,0.0,0,0.0
99.0,27.8,66.0,1.9,initial,0.5,-0.9,7,0.0,0.0,0.0,0.0,0,0.0
99.0,27.8,69.0,2.7,development,0.7,-0.7,6,0.0,0.0,0.0,0.0,0,0.0
99.0,27.8,71.0,1.9,initial,0.5,-0.9,6,0.0,0.0,0.0,0.0,0,0.0
99.0,27.8,77.0,1.2,mid,0.0,-1.0,5,0.0,0.0,0.0,0.0,0,0.0
99.0,27.8,79.0,1.8,mid,0.3,-1.0,5,0.0,0.0,0.0,0.0,0,0.0
99.0,27.9,71.0,2.2,development,0.7,-0.7,5,0.0,0.0,0.0,0.0,0,0.0
99.0,28.0,72.0,1.3,late,0.0,-1.0,6,0.0,0.0,0.0,0.0,0,0.0
99.0,28.0,73.0,0.9,mid,-0.5,-0.9,5,0.0,0.0,0.0,0.0,0,0.0
99.0,28.0,75.0,1.8,mid,0.5,-0.9,6,0.0,0.0,0.0,0.0,0,0.0
99.0,28.0,76.0,2.1,late,0.5,-0.9,6,0.0,0.0,0.0,0.0,0,0.0
99.0,28.0,86.0,1.2,development,0.9,-0.5,5,0.0,0.0,0.0,0.0,0,0.0
99.0,28.1,74.0,1.5,mid,0.9,-0.5,6,0.0,0.0,0.0,0.0,0,0.0
99.0,28.1,80.0,0.3,initial,-0.9,-0.5,5,0.0,0.0,0.0,0.0,0,0.0
99.0,28.1,80.0,1.3,mid,-0.7,-0.7,11,0.0,0.0,0.0,0.0,0,0.0
99.0,28.2,66.0,1.9,initial,-0.3,-1.0,6,0.0,0.0,0.0,0.0,0,0.0
99.0,28.2,67.0,2.3,initial,0.3,-1.0,6,0.0,0.0,0.0,0.0,0,0.0
99.0,28.2,71.0,1.8,late,0.7,-0.7,5,0.0,0.0,0.0,0.0,0,0.0
99.0,28.2,72.0,1.5,development,-0.5,-0.9,6,0.0,0.0,0.0,0.0,0,0.0
99.0,28.2,72.0,1.7,development,0.0,-1.0,7,0.0,0.0,0.0,0.0,0,0.0
99.0,28.2,76.0,0.6,development,-0.7,-0.7,5,0.0,0.0,0.0,0.0,0,0.0
99.0,28.3,69.0,1.8,mid,0.5,-0.9,6,0.0,0.0,0.0,0.0,0,0.0
99.0,28.3,71.0,1.7,development,0.3,-1.0,6,0.0,0.0,0.0,0.0,0,0.0
99.0,28.3,73.0,2.5,mid,0.3,-1.0,6,0.0,0.0,0.0,0.0,0,0.0
99.0,28.3,79.0,1.7,initial,0.7,-0.7,6,0.0,0.0,0.0,0.0,0,0.0
99.0,28.4,64.0,2.1,initial,0.3,-1.0,7,0.0,0.0,0.0,0.0,0,0.0
99.0,28.4,65.0,2.2,initial,0.0,-1.0,5,0.0,0.0,0.0,0.0,0,0.0
99.0,28.4,73.0,1.2,late,-0.5,-0.9,5,0.0,0.0,0.0,0.0,0,0.0
99.0,28.5,61.0,2.9,development,0.5,-0.9,5,0.0,0.0,0.0,0.0,0,0.0
99.0,28.5,68.0,1.3,initial,-0.3,-1.0,6,0.0,0.0,0.0,0.0,0,0.0
99.0,28.5,70.0,0.8,development,-0.7,-0.7,5,0.0,0.0,0.0,0.0,0,0.0
99.0,28.5,72.0,1.9,mid,0.3,-1.0,6,0.0,0.0,0.0,0.0,0,0.0
99.0,28.5,72.0,2.0,development,0.7,-0.7,5,0.0,0.0,0.0,0.0,0,0.0
99.0,28.5,73.0,0.6,initial,-0.7,-0.7,5,0.0,0.0,0.0,0.0,0,0.0
99.0,28.5,73.0,1.4,development,0.5,-0.9,5,0.0,0.0,0.0,0.0,0,0.0
99.0,28.5,75.0,2.0,mid,0.0,-1.0,5,0.0,0.0,0.0,0.0,0,0.0
99.0,28.6,62.0,2.0,initial,0.0,-1.0,5,0.0,0.0,0.0,0.0,0,0.0
99.0,28.6,68.0,3.0,development,0.7,-0.7,7,0.0,0.0,0.0,0.0,0,0.0
99.0,28.6,70.0,1.8,mid,0.3,-1.0,5,0.0,0.0,0.0,0.0,0,0.0
99.0,28.6,71.0,1.5,mid,-0.3,-1.0,5,0.0,0.0,0.0,0.0,0,0.0
99.0,28.6,71.0,2.1,mid,0.0,-1.0,5,0.0,0.0,0.0,0.0,0,0.0
99.0,28.6,72.0,1.9,mid,0.0,-1.0,6,0.0,0.0,0.0,0.0,0,0.0
99.0,28.7,62.0,1.4,mid,0.0,-1.0,7,0.0,0.0,0.0,0.0,0,0.0
99.0,28.7,64.0,2.6,development,0.5,-0.9,6,0.0,0.0,0.0,0.0,0,0.0
99.0,28.7,67.0,1.7,initial,0.0,-1.0,6,0.0,0.0,0.0,0.0,0,0.0
99.0,28.7,68.0,2.4,development,0.7,-0.7,7,0.0,0.0,0.0,0.0,0,0.0
99.0,28.8,61.0,1.2,mid,-0.5,-0.9,6,0.0,0.0,0.0,0.0,0,0.0
99.0,28.8,68.0,1.4,initial,-0.5,-0.9,5,0.0,0.0,0.0,0.0,0,0.0
99.0,28.8,68.0,2.3,development,0.5,-0.9,6,0.0,0.0,0.0,0.0,0,0.0
99.0,28.9,61.0,1.2,mid,-0.3,-1.0,5,0.0,0.0,0.0,0.0,0,0.0
99.0,28.9,67.0,1.9,late,0.7,-0.7,6,0.0,0.0,0.0,0.0,0,0.0
99.0,28.9,67.0,2.1,mid,0.3,-1.0,6,0.0,0.0,0.0,0.0,0,0.0
99.0,28.9,72.0,2.0,late,0.0,-1.0,6,0.0,0.0,0.0,0.0,0,0.0
99.0,29.0,72.0,1.7,development,0.7,-0.7,6,0.0,0.0,0.0,0.0,0,0.0
99.0,29.0,76.0,1.3,development,0.7,-0.7,6,0.0,0.0,0.0,0.0,0,0.0
99.0,29.0,77.0,1.8,development,0.7,-0.7,6,0.0,0.0,0.0,0.0,0,0.0
99.0,29.1,68.0,1.8,initial,0.3,-1.0,5,0.0,0.0,0.0,0.0,0,0.0
99.0,29.1,71.0,2.4,late,0.0,-1.0,5,0.0,0.0,0.0,0.0,0,0.0
99.0,29.2,70.0,2.2,development,0.5,-0.9,5,0.0,0.0,0.0,0.0,0,0.0
99.0,29.3,64.0,0.7,late,-0.5,-0.9,5,0.0,0.0,0.0,0.0,0,0.0
99.0,29.4,61.0,2.8,development,0.3,-1.0,5,0.0,0.0,0.0,0.0,0,0.0
99.0,29.4,68.0,1.1,initial,-0.5,-0.9,7,0.0,0.0,0.0,0.0,0,0.0
99.0,29.5,67.0,2.0,late,-0.3,-1.0,5,0.0,0.0,0.0,0.0,0,0.0
99.0,29.5,69.0,2.4,mid,0.3,-1.0,5,0.0,0.0,0.0,0.0,0,0.0
99.0,29.5,70.0,1.6,initial,0.9,-0.5,5,0.0,0.0,0.0,0.0,0,0.0
99.0,29.6,62.0,1.3,development,0.3,-1.0,5,0.0,0.0,0.0,0.0,0,0.0
99.0,29.6,63.0,1.6,initial,0.7,-0.7,5,0.0,0.0,0.0,0.0,0,0.0
99.0,29.6,65.0,2.1,initial,0.0,-1.0,6,0.0,0.0,0.0,0.0,0,0.0
99.0,29.6,66.0,2.2,mid,0.7,-0.7,5,0.0,0.0,0.0,0.0,0,0.0
99.0,29.6,67.0,2.3,late,0.0,-1.0,5,0.0,0.0,0.0,0.0,0,0.0
99.0,29.6,68.0,2.3,mid,0.0,-1.0,5,0.0,0.0,0.0,0.0,0,0.0
99.0,29.7,71.0,2.0,initial,0.3,-1.0,5,0.0,0.0,0.0,0.0,0,0.0
99.0,29.8,62.0,1.8,late,0.0,-1.0,5,0.0,0.0,0.0,0.0,0,0.0
99.0,29.8,65.0,1.2,development,-0.3,-1.0,6,0.0,0.0,0.0,0.0,0,0.0
99.0,29.8,67.0,1.4,initial,-0.3,-1.0,8,0.0,0.0,0.0,0.0,0,0.0
99.0,29.9,69.0,2.0,initial,0.0,-1.0,5,0.0,0.0,0.0,0.0,0,0.0
99.0,29.9,71.0,2.2,development,0.5,-0.9,7,0.0,0.0,0.0,0.0,0,0.0
99.0,30.0,65.0,1.2,development,0.0,-1.0,6,0.0,0.0,0.0,0.0,0,0.0
99.0,30.0,71.0,1.7,development,0.5,-0.9,7,0.0,0.0,0.0,0.0,0,0.0
99.0,30.1,61.0,3.0,development,0.5,-0.9,6,0.0,0.0,0.0,0.0,0,0.0
99.0,30.1,67.0,2.0,development,0.5,-0.9,7,0.0,0.0,0.0,0.0,0,0.0
99.0,30.2,62.0,1.8,initial,0.0,-1.0,5,0.0,0.0,0.0,0.0,0,0.0
99.0,30.2,63.0,2.0,development,-0.3,-1.0,7,0.0,0.0,0.0,0.0,0,0.0
99.0,30.3,59.0,2.3,mid,0.3,-1.0,5,0.0,0.0,0.0,0.0,0,0.0
99.0,30.3,69.0,2.5,development,0.3,-1.0,5,0.0,0.0,0.0,0.0,0,0.0
99.0,30.7,64.0,2.4,development,0.3,-1.0,5,0.0,0.0,0.0,0.0,0,0.0
99.0,30.8,61.0,2.2,development,0.3,-1.0,5,0.0,0.0,0.0,0.0,0,0.0
99.0,31.2,63.0,1.5,initial,-0.3,-1.0,5,0.0,0.0,0.0,0.0,0,0.0
99.0,31.3,60.0,2.1,development,0.0,-1.0,5,0.0,0.0,0.0,0.0,0,0.0
100.0,17.5,94.0,0.0,mid,1.0,0.3,6,0.0,0.0,0.0,0.0,0,0.0
100.0,18.0,95.0,0.0,mid,0.7,0.7,6,0.0,0.0,0.0,0.0,0,0.0
100.0,18.9,95.0,0.0,mid,0.3,1.0,6,0.0,0.0,0.0,0.0,0,0.0
100.0,19.0,98.0,0.0,mid,0.9,0.5,5,0.0,0.0,0.0,0.0,0,0.0
100.0,19.2,96.0,0.0,mid,0.0,1.0,5,0.0,0.0,0.0,0.0,0,0.0
100.0,19.3,96.0,0.0,mid,-0.3,1.0,7,0.0,0.0,0.0,0.0,0,0.0
100.0,19.3,98.0,0.0,mid,0.7,0.7,6,0.0,0.0,0.0,0.0,0,0.0
100.0,19.4,96.0,0.0,mid,-0.5,0.9,6,0.0,0.0,0.0,0.0,0,0.0
100.0,19.7,96.0,0.0,mid,-0.7,0.7,5,0.0,0.0,0.0,0.0,0,0.0
100.0,19.7,97.0,0.0,mid,-0.9,0.5,6,0.0,0.0,0.0,0.0,0,0.0
100.0,19.8,97.0,0.0,mid,0.5,0.9,6,0.0,0.0,0.0,0.0,0,0.0
100.0,19.9,96.0,0.0,mid,-1.0,0.3,6,0.0,0.0,0.0,0.0,0,0.0
100.0,20.1,96.0,0.0,development,1.0,0.3,6,0.0,0.0,0.0,0.0,0,0.0
100.0,20.2,96.0,0.0,development,0.9,0.5,6,0.0,0.0,0.0,0.0,0,0.0
100.0,20.2,96.0,0.2,mid,1.0,0.0,7,0.0,0.0,0.0,0.0,0,0.0
100.0,20.2,98.0,0.0,mid,0.0,1.0,5,0.0,0.0,0.0,0.0,0,0.0
100.0,20.5,97.0,0.0,initial,0.9,0.5,6,0.0,0.0,0.0,0.0,0,0.0
100.0,20.6,95.0,0.1,development,1.0,0.0,6,0.0,0.0,0.0,0.0,0,0.0
100.0,20.6,96.0,0.0,development,0.3,1.0,6,0.0,0.0,0.0,0.0,0,0.0
100.0,20.6,97.0,0.0,initial,0.7,0.7,6,0.0,0.0,0.0,0.0,0,0.0
100.0,20.7,96.0,0.0,development,0.0,1.0,5,0.0,0.0,0.0,0.0,0,0.0
100.0,20.8,97.0,0.0,initial,0.5,0.9,5,0.0,0.0,0.0,0.0,0,0.0
100.0,20.8,98.0,0.0,mid,0.3,1.0,6,0.0,0.0,0.0,0.0,0,0.0
100.0,20.8,98.0,0.0,mid,0.5,0.9,6,0.0,0.0,0.0,0.0,0,0.0
100.0,20.9,97.0,0.0,mid,1.0,0.3,8,0.0,0.0,0.0,0.0,0,0.0
100.0,21.0,97.0,0.0,mid,0.9,0.5,12,0.0,0.0,0.0,0.0,0,0.0
100.0,21.1,97.0,0.0,mid,0.7,0.7,6,0.0,0.0,0.0,0.0,0,0.0
100.0,21.1,97.0,0.0,mid,1.0,0.3,6,0.0,0.0,0.0,0.0,0,0.0
100.0,21.2,88.0,0.8,mid,1.0,-0.3,5,0.0,0.0,0.0,0.0,0,0.0
100.0,21.3,95.0,0.2,initial,1.0,0.0,6,0.0,0.0,0.0,0.0,0,0.0
100.0,21.3,97.0,0.0,mid,0.5,0.9,7,0.0,0.0,0.0,0.0,0,0.0
100.0,21.4,97.0,0.0,mid,0.3,1.0,7,0.0,0.0,0.0,0.0,0,0.0
100.0,21.4,98.0,0.0,initial,0.0,1.0,5,0.0,0.0,0.0,0.0,0,0.0
100.0,21.5,97.0,0.0,mid,0.0,1.0,7,0.0,0.0,0.0,0.0,0,0.0
100.0,21.6,96.0,0.2,mid,1.0,0.0,7,0.0,0.0,0.0,0.0,0,0.0
100.0,21.6,97.0,0.0,mid,-0.3,1.0,7,0.0,0.0,0.0,0.0,0,0.0
100.0,21.6,97.0,0.0,mid,1.0,0.3,7,0.0,0.0,0.0,0.0,0,0.0
100.0,21.6,98.0,0.0,mid,0.9,0.5,9,0.0,0.0,0.0,0.0,0,0.0
100.0,21.7,97.0,0.0,development,0.7,0.7,9,0.0,0.0,0.0,0.0,0,0.0
100.0,21.7,97.0,0.0,development,0.9,0.5,7,0.0,0.0,0.0,0.0,0,0.0
100.0,21.7,98.0,0.0,initial,-0.3,1.0,5,0.0,0.0,0.0,0.0,0,0.0
100.0,21.8,92.0,0.4,development,1.0,-0.3,5,0.0,0.0,0.0,0.0,0,0.0
100.0,21.8,97.0,0.0,mid,-0.5,0.9,9,0.0,0.0,0.0,0.0,0,0.0
100.0,21.8,98.0,0.0,development,0.9,0.5,10,0.0,0.0,0.0,0.0,0,0.0
100.0,21.8,98.0,0.0,initial,1.0,0.3,10,0.0,0.0,0.0,0.0,0,0.0
100.0,21.8,98.0,0.0,mid,0.7,0.7,8,0.0,0.0,0.0,0.0,0,0.0
100.0,21.9,97.0,0.1,mid,1.0,0.0,6,0.0,0.0,0.0,0.0,0,0.0
100.0,21.9,97.0,0.2,development,1.0,0.3,10,0.0,0.0,0.0,0.0,0,0.0
100.0,21.9,98.0,0.0,development,0.5,0.9,9,0.0,0.0,0.0,0.0,0,0.0
100.0,21.9,98.0,0.0,development,0.7,0.7,10,0.0,0.0,0.0,0.0,0,0.0
100.0,21.9,98.0,0.0,development,0.9,0.5,7,0.0,0.0,0.0,0.0,0,0.0
100.0,22.0,97.0,0.0,mid,-0.7,0.7,8,0.0,0.0,0.0,0.0,0,0.0
100.0,22.0,98.0,0.0,development,0.3,1.0,8,0.0,0.0,0.0,0.0,0,0.0
100.0,22.0,98.0,0.0,initial,-0.5,0.9,5,0.0,0.0,0.0,0.0,0,0.0
100.0,22.0,98.0,0.0,initial,0.9,0.5,8,0.0,0.0,0.0,0.0,0,0.0
100.0,22.0,98.0,0.0,late,1.0,0.3,5,0.0,0.0,0.0,0.0,0,0.0
100.0,22.1,95.0,0.0,development,1.0,0.3,8,0.0,0.0,0.0,0.0,0,0.0
100.0,22.1,97.0,0.0,development,0.0,1.0,9,0.0,0.0,0.0,0.0,0,0.0
100.0,22.1,97.0,0.0,mid,-0.9,0.5,8,0.0,0.0,0.0,0.0,0,0.0
100.0,22.1,98.0,0.0,development,0.5,0.9,10,0.0,0.0,0.0,0.0,0,0.0
100.0,22.1,98.0,0.0,late,0.9,0.5,5,0.0,0.0,0.0,0.0,0,0.0
100.0,22.2,94.0,0.0,development,0.9,0.5,9,0.0,0.0,0.0,0.0,0,0.0
100.0,22.2,97.0,0.2,development,1.0,0.3,8,0.0,0.0,0.0,0.0,0,0.0
100.0,22.2,98.0,0.0,initial,-0.7,0.7,6,0.0,0.0,0.0,0.0,0,0.0
100.0,22.2,98.0,0.0,initial,0.7,0.7,10,0.0,0.0,0.0,0.0,0,0.0
100.0,22.2,98.0,0.0,initial,1.0,0.3,6,0.0,0.0,0.0,0.0,0,0.0
100.0,22.2,98.0,0.0,late,0.3,1.0,6,0.0,0.0,0.0,0.0,0,0.0
100.0,22.2,98.0,0.0,late,0.5,0.9,5,0.0,0.0,0.0,0.0,0,0.0
100.0,22.2,98.0,0.0,late,0.7,0.7,5,0.0,0.0,0.0,0.0,0,0.0
100.0,22.2,98.0,0.0,mid,0.5,0.9,8,0.0,0.0,0.0,0.0,0,0.0
100.0,22.2,98.0,0.1,development,1.0,0.3,6,0.0,0.0,0.0,0.0,0,0.0
100.0,22.3,93.0,0.0,development,0.7,0.7,11,0.0,0.0,0.0,0.0,0,0.0
100.0,22.3,97.0,0.0,development,-0.3,1.0,9,0.0,0.0,0.0,0.0,0,0.0
100.0,22.3,97.0,0.0,development,0.3,1.0,8,0.0,0.0,0.0,0.0,0,0.0
100.0,22.3,97.0,0.0,mid,-1.0,0.3,7,0.0,0.0,0.0,0.0,0,0.0
100.0,22.3,98.0,0.0,mid,1.0,0.3,5,0.0,0.0,0.0,0.0,0,0.0
100.0,22.3,98.0,0.2,mid,1.0,0.3,5,0.0,0.0,0.0,0.0,0,0.0
100.0,22.4,92.0,0.0,development,0.5,0.9,8,0.0,0.0,0.0,0.0,0,0.0
100.0,22.4,96.0,0.0,development,0.9,0.5,10,0.0,0.0,0.0,0.0,0,0.0
100.0,22.4,96.0,0.2,development,1.0,0.3,9,0.0,0.0,0.0,0.0,0,0.0
100.0,22.4,97.0,0.0,development,-0.5,0.9,6,0.0,0.0,0.0,0.0,0,0.0
100.0,22.4,97.0,0.0,development,0.0,1.0,10,0.0,0.0,0.0,0.0,0,0.0
100.0,22.4,97.0,0.0,mid,0.7,0.7,11,0.0,0.0,0.0,0.0,0,0.0
100.0,22.4,98.0,0.0,initial,-0.9,0.5,6,0.0,0.0,0.0,0.0,0,0.0
100.0,22.4,98.0,0.0,late,0.0,1.0,6,0.0,0.0,0.0,0.0,0,0.0
100.0,22.4,98.0,0.0,mid,0.9,0.5,9,0.0,0.0,0.0,0.0,0,0.0
100.0,22.4,98.0,0.0,mid,1.0,0.3,11,0.0,0.0,0.0,0.0,0,0.0
100.0,22.4,99.0,0.0,development,1.0,0.3,9,0.0,0.0,0.0,0.0,0,0.0
100.0,22.5,96.0,0.0,development,0.7,0.7,9,0.0,0.0,0.0,0.0,0,0.0
100.0,22.5,96.0,0.0,mid,-1.0,0.0,6,0.0,0.0,0.0,0.0,0,0.0
100.0,22.5,97.0,0.0,mid,0.5,0.9,7,0.0,0.0,0.0,0.0,0,0.0
100.0,22.5,98.0,0.0,initial,0.5,0.9,8,0.0,0.0,0.0,0.0,0,0.0
100.0,22.5,98.0,0.0,late,-0.3,1.0,6,0.0,0.0,0.0,0.0,0,0.0
100.0,22.5,98.0,0.0,mid,0.9,0.5,9,0.0,0.0,0.0,0.0,0,0.0
100.0,22.5,99.0,0.0,development,0.9,0.5,6,0.0,0.0,0.0,0.0,0,0.0
100.0,22.6,91.0,0.0,development,0.3,1.0,9,0.0,0.0,0.0,0.0,0,0.0
100.0,22.6,94.0,0.0,development,1.0,0.3,6,0.0,0.0,0.0,0.0,0,0.0
100.0,22.6,96.0,0.0,development,0.5,0.9,8,0.0,0.0,0.0,0.0,0,0.0
100.0,22.6,97.0,0.0,development,-0.3,1.0,8,0.0,0.0,0.0,0.0,0,0.0
100.0,22.6,97.0,0.0,development,0.5,0.9,5,0.0,0.0,0.0,0.0,0,0.0
100.0,22.6,97.0,0.0,development,0.7,0.7,6,0.0,0.0,0.0,0.0,0,0.0
100.0,22.6,97.0,0.0,late,0.9,0.5,9,0.0,0.0,0.0,0.0,0,0.0
100.0,22.6,98.0,0.0,development,0.9,0.5,10,0.0,0.0,0.0,0.0,0,0.0
100.0,22.6,98.0,0.0,initial,0.3,1.0,5,0.0,0.0,0.0,0.0,0,0.0
100.0,22.6,98.0,0.0,initial,0.7,0.7,6,0.0,0.0,0.0,0.0,0,0.0
100.0,22.6,98.0,0.0,initial,0.9,0.5,9,0.0,0.0,0.0,0.0,0,0.0
100.0,22.6,98.0,0.0,initial,1.0,0.3,11,0.0,0.0,0.0,0.0,0,0.0
100.0,22.6,98.0,0.0,late,0.7,0.7,12,0.0,0.0,0.0,0.0,0,0.0
100.0,22.6,98.0,0.0,late,0.9,0.5,6,0.0,0.0,0.0,0.0,0,0.0
100.0,22.6,98.0,0.0,mid,0.3,1.0,8,0.0,0.0,0.0,0.0,0,0.0
100.0,22.6,98.0,0.0,mid,0.7,0.7,6,0.0,0.0,0.0,0.0,0,0.0
100.0,22.6,99.0,0.0,development,0.7,0.7,5,0.0,0.0,0.0,0.0,0,0.0
100.0,22.7,93.0,0.9,mid,1.0,-0.3,5,0.0,0.0,0.0,0.0,0,0.0
100.0,22.7,94.0,0.0,development,0.9,0.5,8,0.0,0.0,0.0,0.0,0,0.0
100.0,22.7,95.0,0.0,mid,-0.9,0.5,12,0.0,0.0,0.0,0.0,0,0.0
100.0,22.7,95.0,0.7,development,1.0,0.0,11,0.0,0.0,0.0,0.0,0,0.0
100.0,22.7,96.0,0.0,late,1.0,0.3,10,0.0,0.0,0.0,0.0,0,0.0
100.0,22.7,97.0,0.0,development,0.3,1.0,6,0.0,0.0,0.0,0.0,0,0.0
100.0,22.7,97.0,0.0,development,0.7,0.7,8,0.0,0.0,0.0,0.0,0,0.0
100.0,22.7,97.0,0.0,development,0.9,0.5,9,0.0,0.0,0.0,0.0,0,0.0
100.0,22.7,97.0,0.0,initial,1.0,0.3,8,0.0,0.0,0.0,0.0,0,0.0
100.0,22.7,97.0,0.0,mid,0.3,1.0,8,0.0,0.0,0.0,0.0,0,0.0
100.0,22.7,98.0,0.0,development,1.0,0.3,9,0.0,0.0,0.0,0.0,0,0.0
100.0,22.7,98.0,0.0,initial,0.5,0.9,5,0.0,0.0,0.0,0.0,0,0.0
100.0,22.7,98.0,0.0,initial,0.7,0.7,5,0.0,0.0,0.0,0.0,0,0.0
100.0,22.7,98.0,0.0,late,0.5,0.9,9,0.0,0.0,0.0,0.0,0,0.0
100.0,22.7,98.0,0.0,late,1.0,0.3,7,0.0,0.0,0.0,0.0,0,0.0
100.0,22.7,99.0,0.0,development,0.9,0.5,10,0.0,0.0,0.0,0.0,0,0.0
100.0,22.8,89.0,0.0,development,0.0,1.0,8,0.0,0.0,0.0,0.0,0,0.0
100.0,22.8,92.0,0.4,development,1.0,0.0,11,0.0,0.0,0.0,0.0,0,0.0
100.0,22.8,92.0,0.8,initial,1.0,-0.3,5,0.0,0.0,0.0,0.0,0,0.0
100.0,22.8,93.0,0.0,development,0.7,0.7,7,0.0,0.0,0.0,0.0,0,0.0
100.0,22.8,94.0,0.0,development,0.5,0.9,7,0.0,0.0,0.0,0.0,0,0.0
100.0,22.8,94.0,0.0,mid,-1.0,0.3,8,0.0,0.0,0.0,0.0,0,0.0
100.0,22.8,95.0,0.0,mid,1.0,0.3,5,0.0,0.0,0.0,0.0,0,0.0
100.0,22.8,96.0,0.0,development,0.3,1.0,10,0.0,0.0,0.0,0.0,0,0.0
100.0,22.8,96.0,0.0,development,0.5,0.9,9,0.0,0.0,0.0,0.0,0,0.0
100.0,22.8,96.0,0.0,mid,-0.7,0.7,9,0.0,0.0,0.0,0.0,0,0.0
100.0,22.8,97.0,0.0,development,-0.5,0.9,9,0.0,0.0,0.0,0.0,0,0.0
100.0,22.8,97.0,0.0,initial,0.9,0.5,8,0.0,0.0,0.0,0.0,0,0.0
100.0,22.8,97.0,0.0,late,-0.5,0.9,5,0.0,0.0,0.0,0.0,0,0.0
100.0,22.8,97.0,0.0,mid,0.0,1.0,21,0.0,0.0,0.0,0.0,0,0.0
100.0,22.8,97.0,0.1,development,1.0,0.3,10,0.0,0.0,0.0,0.0,0,0.0
100.0,22.8,97.0,0.2,development,1.0,0.3,8,0.0,0.0,0.0,0.0,0,0.0
100.0,22.8,97.0,0.3,late,1.0,0.0,6,0.0,0.0,0.0,0.0,0,0.0
100.0,22.8,97.0,0.4,mid,1.0,0.0,11,0.0,0.0,0.0,0.0,0,0.0
100.0,22.8,98.0,0.0,development,0.7,0.7,6,0.0,0.0,0.0,0.0,0,0.0
100.0,22.8,98.0,0.0,initial,0.3,1.0,10,0.0,0.0,0.0,0.0,0,0.0
100.0,22.8,98.0,0.0,initial,0.9,0.5,7,0.0,0.0,0.0,0.0,0,0.0
100.0,22.8,98.0,0.0,late,0.3,1.0,7,0.0,0.0,0.0,0.0,0,0.0
100.0,22.8,98.0,0.0,late,0.5,0.9,11,0.0,0.0,0.0,0.0,0,0.0
100.0,22.8,98.0,0.0,late,1.0,0.3,9,0.0,0.0,0.0,0.0,0,0.0
100.0,22.8,98.0,0.0,mid,0.5,0.9,5,0.0,0.0,0.0,0.0,0,0.0
100.0,22.8,98.0,0.1,initial,1.0,0.3,9,0.0,0.0,0.0,0.0,0,0.0
100.0,22.8,99.0,0.0,late,0.7,0.7,9,0.0,0.0,0.0,0.0,0,0.0
100.0,22.8,99.0,0.0,late,0.9,0.5,9,0.0,0.0,0.0,0.0,0,0.0
100.0,22.9,76.0,1.4,mid,0.9,-0.5,5,0.0,0.0,0.0,0.0,0,0.0
100.0,22.9,89.0,0.0,development,-0.3,1.0,8,0.0,0.0,0.0,0.0,0,0.0
100.0,22.9,93.0,0.0,mid,-1.0,0.0,10,0.0,0.0,0.0,0.0,0,0.0
100.0,22.9,94.0,0.0,development,0.3,1.0,7,0.0,0.0,0.0,0.0,0,0.0
100.0,22.9,94.0,0.0,mid,-1.0,-0.3,5,0.0,0.0,0.0,0.0,0,0.0
100.0,22.9,94.0,0.7,development,1.0,0.0,8,0.0,0.0,0.0,0.0,0,0.0
100.0,22.9,95.0,0.0,mid,0.9,0.5,5,0.0,0.0,0.0,0.0,0,0.0
100.0,22.9,96.0,0.0,development,0.3,1.0,10,0.0,0.0,0.0,0.0,0,0.0
100.0,22.9,96.0,0.0,initial,1.0,0.3,7,0.0,0.0,0.0,0.0,0,0.0
100.0,22.9,97.0,0.0,development,-0.7,0.7,9,0.0,0.0,0.0,0.0,0,0.0
100.0,22.9,97.0,0.0,development,0.9,0.5,9,0.0,0.0,0.0,0.0,0,0.0
100.0,22.9,97.0,0.0,mid,-0.5,0.9,10,0.0,0.0,0.0,0.0,0,0.0
100.0,22.9,97.0,0.0,mid,-0.3,1.0,9,0.0,0.0,0.0,0.0,0,0.0
100.0,22.9,97.0,0.1,initial,1.0,0.3,7,0.0,0.0,0.0,0.0,0,0.0
100.0,22.9,98.0,0.0,development,0.5,0.9,9,0.0,0.0,0.0,0.0,0,0.0
100.0,22.9,98.0,0.0,initial,0.5,0.9,8,0.0,0.0,0.0,0.0,0,0.0
100.0,22.9,98.0,0.0,initial,0.9,0.5,10,0.0,0.0,0.0,0.0,0,0.0
100.0,22.9,98.0,0.0,late,0.0,1.0,9,0.0,0.0,0.0,0.0,0,0.0
100.0,22.9,98.0,0.0,late,0.3,1.0,6,0.0,0.0,0.0,0.0,0,0.0
100.0,22.9,98.0,0.2,development,1.0,0.3,10,0.0,0.0,0.0,0.0,0,0.0
100.0,23.0,86.0,0.7,development,0.9,-0.5,6,0.0,0.0,0.0,0.0,0,0.0
100.0,23.0,89.0,0.0,development,-0.5,0.9,10,0.0,0.0,0.0,0.0,0,0.0
100.0,23.0,94.0,0.0,development,0.0,1.0,7,0.0,0.0,0.0,0.0,0,0.0
100.0,23.0,95.0,0.0,mid,-0.9,0.5,5,0.0,0.0,0.0,0.0,0,0.0
100.0,23.0,95.0,0.0,mid,-0.7,0.7,8,0.0,0.0,0.0,0.0,0,0.0
100.0,23.0,95.0,0.0,mid,0.7,0.7,5,0.0,0.0,0.0,0.0,0,0.0
100.0,23.0,96.0,0.0,development,0.0,1.0,8,0.0,0.0,0.0,0.0,0,0.0
100.0,23.0,96.0,0.0,development,0.9,0.5,7,0.0,0.0,0.0,0.0,0,0.0
100.0,23.0,96.0,0.0,initial,1.0,0.3,10,0.0,0.0,0.0,0.0,0,0.0
100.0,23.0,96.0,0.0,mid,-0.5,0.9,10,0.0,0.0,0.0,0.0,0,0.0
100.0,23.0,96.0,0.0,mid,-0.3,1.0,19,0.0,0.0,0.0,0.0,0,0.0
100.0,23.0,97.0,0.0,development,1.0,0.3,10,0.0,0.0,0.0,0.0,0,0.0
100.0,23.0,97.0,0.0,initial,-1.0,0.0,6,0.0,0.0,0.0,0.0,0,0.0
100.0,23.0,97.0,0.0,initial,0.7,0.7,14,0.0,0.0,0.0,0.0,0,0.0
100.0,23.0,97.0,0.0,late,-0.7,0.7,5,0.0,0.0,0.0,0.0,0,0.0
100.0,23.0,97.0,0.0,mid,0.5,0.9,11,0.0,0.0,0.0,0.0,0,0.0
100.0,23.0,97.0,0.0,mid,0.7,0.7,7,0.0,0.0,0.0,0.0,0,0.0
100.0,23.0,97.0,0.0,mid,0.9,0.5,6,0.0,0.0,0.0,0.0,0,0.0
100.0,23.0,97.0,0.0,mid,1.0,0.3,9,0.0,0.0,0.0,0.0,0,0.0
100.0,23.0,97.0,0.3,initial,1.0,0.0,11,0.0,0.0,0.0,0.0,0,0.0
100.0,23.0,98.0,0.0,development,0.3,1.0,9,0.0,0.0,0.0,0.0,0,0.0
100.0,23.0,98.0,0.0,development,1.0,0.3,10,0.0,0.0,0.0,0.0,0,0.0
100.0,23.0,98.0,0.0,initial,0.0,1.0,6,0.0,0.0,0.0,0.0,0,0.0
100.0,23.0,98.0,0.0,initial,0.3,1.0,8,0.0,0.0,0.0,0.0,0,0.0
100.0,23.0,98.0,0.0,initial,0.9,0.5,19,0.0,0.0,0.0,0.0,0,0.0
100.0,23.0,98.0,0.0,initial,1.0,0.3,8,0.0,0.0,0.0,0.0,0,0.0
100.0,23.0,98.0,0.2,initial,1.0,0.3,10,0.0,0.0,0.0,0.0,0,0.0
100.0,23.0,99.0,0.0,late,-0.3,1.0,6,0.0,0.0,0.0,0.0,0,0.0
100.0,23.1,94.0,0.0,initial,-0.3,1.0,7,0.0,0.0,0.0,0.0,0,0.0
100.0,23.1,96.0,0.0,development,-0.9,0.5,10,0.0,0.0,0.0,0.0,0,0.0
100.0,23.1,96.0,0.0,development,0.0,1.0,10,0.0,0.0,0.0,0.0,0,0.0
100.0,23.1,96.0,0.0,development,0.7,0.7,7,0.0,0.0,0.0,0.0,0,0.0
100.0,23.1,96.0,0.0,initial,0.7,0.7,9,0.0,0.0,0.0,0.0,0,0.0
100.0,23.1,96.0,0.0,initial,0.9,0.5,7,0.0,0.0,0.0,0.0,0,0.0
100.0,23.1,96.0,0.0,late,0.9,0.5,9,0.0,0.0,0.0,0.0,0,0.0
100.0,23.1,96.0,0.0,mid,-0.5,0.9,8,0.0,0.0,0.0,0.0,0,0.0
100.0,23.1,96.0,0.0,mid,0.0,1.0,8,0.0,0.0,0.0,0.0,0,0.0
100.0,23.1,96.0,0.0,mid,0.3,1.0,8,0.0,0.0,0.0,0.0,0,0.0
100.0,23.1,96.0,0.0,mid,0.5,0.9,11,0.0,0.0,0.0,0.0,0,0.0
100.0,23.1,96.0,0.5,development,1.0,0.0,9,0.0,0.0,0.0,0.0,0,0.0
100.0,23.1,97.0,0.0,development,0.7,0.7,14,0.0,0.0,0.0,0.0,0,0.0
100.0,23.1,97.0,0.0,initial,0.7,0.7,9,0.0,0.0,0.0,0.0,0,0.0
100.0,23.1,97.0,0.0,initial,0.9,0.5,5,0.0,0.0,0.0,0.0,0,0.0
100.0,23.1,97.0,0.0,late,1.0,0.3,7,0.0,0.0,0.0,0.0,0,0.0
100.0,23.1,97.0,0.0,mid,0.0,1.0,7,0.0,0.0,0.0,0.0,0,0.0
100.0,23.1,97.0,0.0,mid,0.3,1.0,8,0.0,0.0,0.0,0.0,0,0.0
100.0,23.1,98.0,0.0,development,0.5,0.9,6,0.0,0.0,0.0,0.0,0,0.0
100.0,23.1,98.0,0.0,initial,0.0,1.0,11,0.0,0.0,0.0,0.0,0,0.0
100.0,23.1,98.0,0.0,initial,0.7,0.7,19,0.0,0.0,0.0,0.0,0,0.0
100.0,23.2,91.0,0.0,mid,-1.0,-0.3,11,0.0,0.0,0.0,0.0,0,0.0
100.0,23.2,93.0,0.4,development,1.0,0.0,9,0.0,0.0,0.0,0.0,0,0.0
100.0,23.2,93.0,1.3,development,1.0,-0.3,9,0.0,0.0,0.0,0.0,0,0.0
100.0,23.2,95.0,0.0,development,-0.3,1.0,8,0.0,0.0,0.0,0.0,0,0.0
100.0,23.2,95.0,0.0,initial,-0.5,0.9,7,0.0,0.0,0.0,0.0,0,0.0
100.0,23.2,96.0,0.0,development,-1.0,0.3,12,0.0,0.0,0.0,0.0,0,0.0
100.0,23.2,96.0,0.0,development,0.3,1.0,6,0.0,0.0,0.0,0.0,0,0.0
100.0,23.2,96.0,0.0,development,0.5,0.9,8,0.0,0.0,0.0,0.0,0,0.0
100.0,23.2,96.0,0.0,late,0.7,0.7,9,0.0,0.0,0.0,0.0,0,0.0
100.0,23.2,96.0,0.0,mid,-0.7,0.7,9,0.0,0.0,0.0,0.0,0,0.0
100.0,23.2,96.0,0.0,mid,0.7,0.7,9,0.0,0.0,0.0,0.0,0,0.0
100.0,23.2,96.0,0.0,mid,0.9,0.5,9,0.0,0.0,0.0,0.0,0,0.0
100.0,23.2,96.0,0.3,mid,1.0,0.0,6,0.0,0.0,0.0,0.0,0,0.0
100.0,23.2,96.0,0.4,initial,1.0,0.0,6,0.0,0.0,0.0,0.0,0,0.0
100.0,23.2,97.0,0.0,development,0.0,1.0,7,0.0,0.0,0.0,0.0,0,0.0
100.0,23.2,97.0,0.0,initial,0.5,0.9,8,0.0,0.0,0.0,0.0,0,0.0
100.0,23.2,97.0,0.0,mid,-0.7,0.7,8,0.0,0.0,0.0,0.0,0,0.0
100.0,23.2,97.0,0.0,mid,-0.5,0.9,10,0.0,0.0,0.0,0.0,0,0.0
100.0,23.2,97.0,0.0,mid,-0.3,1.0,9,0.0,0.0,0.0,0.0,0,0.0
100.0,23.2,98.0,0.0,development,0.3,1.0,11,0.0,0.0,0.0,0.0,0,0.0
100.0,23.2,98.0,0.0,development,0.9,0.5,10,0.0,0.0,0.0,0.0,0,0.0
100.0,23.2,98.0,0.0,initial,-0.3,1.0,5,0.0,0.0,0.0,0.0,0,0.0
100.0,23.2,98.0,0.0,initial,0.3,1.0,7,0.0,0.0,0.0,0.0,0,0.0
100.0,23.2,98.0,0.0,initial,0.5,0.9,17,0.0,0.0,0.0,0.0,0,0.0
100.0,23.2,98.0,0.0,initial,0.7,0.7,6,0.0,0.0,0.0,0.0,0,0.0
100.0,23.2,98.0,0.2,development,1.0,0.3,8,0.0,0.0,0.0,0.0,0,0.0
100.0,23.2,99.0,0.0,late,-0.5,0.9,10,0.0,0.0,0.0,0.0,0,0.0
100.0,23.3,88.0,0.0,development,-0.9,0.5,6,0.0,0.0,0.0,0.0,0,0.0
100.0,23.3,95.0,0.0,development,-0.5,0.9,9,0.0,0.0,0.0,0.0,0,0.0
100.0,23.3,95.0,0.0,initial,-0.7,0.7,8,0.0,0.0,0.0,0.0,0,0.0
100.0,23.3,96.0,0.0,development,0.9,0.5,5,0.0,0.0,0.0,0.0,0,0.0
100.0,23.3,96.0,0.0,development,1.0,0.3,5,0.0,0.0,0.0,0.0,0,0.0
100.0,23.3,96.0,0.0,initial,0.3,1.0,5,0.0,0.0,0.0,0.0,0,0.0
100.0,23.3,96.0,0.0,initial,0.5,0.9,7,0.0,0.0,0.0,0.0,0,0.0
100.0,23.3,96.0,0.0,initial,0.9,0.5,10,0.0,0.0,0.0,0.0,0,0.0
100.0,23.3,96.0,0.0,late,0.5,0.9,7,0.0,0.0,0.0,0.0,0,0.0
100.0,23.3,96.0,0.0,mid,-0.9,0.5,9,0.0,0.0,0.0,0.0,0,0.0
100.0,23.3,97.0,0.0,development,0.3,1.0,7,0.0,0.0,0.0,0.0,0,0.0
100.0,23.3,97.0,0.0,development,1.0,0.3,8,0.0,0.0,0.0,0.0,0,0.0
100.0,23.3,97.0,0.0,initial,-0.3,1.0,6,0.0,0.0,0.0,0.0,0,0.0
100.0,23.3,97.0,0.0,initial,0.5,0.9,9,0.0,0.0,0.0,0.0,0,0.0
100.0,23.3,97.0,0.0,initial,1.0,0.3,6,0.0,0.0,0.0,0.0,0,0.0
100.0,23.3,97.0,0.0,mid,1.0,0.3,9,0.0,0.0,0.0,0.0,0,0.0
100.0,23.3,97.0,0.6,initial,1.0,0.0,9,0.0,0.0,0.0,0.0,0,0.0
100.0,23.3,98.0,0.0,development,0.5,0.9,14,0.0,0.0,0.0,0.0,0,0.0
100.0,23.3,98.0,0.0,development,0.7,0.7,9,0.0,0.0,0.0,0.0,0,0.0
100.0,23.3,98.0,0.0,initial,0.5,0.9,5,0.0,0.0,0.0,0.0,0,0.0
100.0,23.3,98.0,0.0,late,-0.3,1.0,6,0.0,0.0,0.0,0.0,0,0.0
100.0,23.4,95.0,0.2,initial,1.0,0.0,19,0.0,0.0,0.0,0.0,0,0.0
100.0,23.4,95.0,0.8,development,1.0,0.0,8,0.0,0.0,0.0,0.0,0,0.0
100.0,23.4,96.0,0.0,development,-0.7,0.7,5,0.0,0.0,0.0,0.0,0,0.0
100.0,23.4,96.0,0.0,initial,0.0,1.0,9,0.0,0.0,0.0,0.0,0,0.0
100.0,23.4,96.0,0.0,initial,0.3,1.0,11,0.0,0.0,0.0,0.0,0,0.0
100.0,23.4,96.0,0.0,late,-0.5,0.9,8,0.0,0.0,0.0,0.0,0,0.0
100.0,23.4,96.0,0.0,late,-0.3,1.0,9,0.0,0.0,0.0,0.0,0,0.0
100.0,23.4,96.0,0.0,late,0.3,1.0,11,0.0,0.0,0.0,0.0,0,0.0
100.0,23.4,96.0,0.0,mid,-1.0,0.3,11,0.0,0.0,0.0,0.0,0,0.0
100.0,23.4,96.0,0.2,mid,1.0,0.0,8,0.0,0.0,0.0,0.0,0,0.0
100.0,23.4,96.0,0.3,development,1.0,0.0,7,0.0,0.0,0.0,0.0,0,0.0
100.0,23.4,97.0,0.0,development,-0.5,0.9,9,0.0,0.0,0.0,0.0,0,0.0
100.0,23.4,97.0,0.0,development,-0.3,1.0,11,0.0,0.0,0.0,0.0,0,0.0
100.0,23.4,97.0,0.0,development,0.9,0.5,8,0.0,0.0,0.0,0.0,0,0.0
100.0,23.4,97.0,0.0,initial,-0.5,0.9,6,0.0,0.0,0.0,0.0,0,0.0
100.0,23.4,97.0,0.0,mid,-0.9,0.5,8,0.0,0.0,0.0,0.0,0,0.0
100.0,23.4,97.0,0.0,mid,0.5,0.9,9,0.0,0.0,0.0,0.0,0,0.0
100.0,23.4,97.0,0.2,development,1.0,0.0,8,0.0,0.0,0.0,0.0,0,0.0
100.0,23.4,97.0,0.2,mid,1.0,0.0,6,0.0,0.0,0.0,0.0,0,0.0
100.0,23.4,97.0,0.4,development,1.0,0.0,7,0.0,0.0,0.0,0.0,0,0.0
100.0,23.4,98.0,0.0,initial,0.0,1.0,10,0.0,0.0,0.0,0.0,0,0.0
100.0,23.4,98.0,0.0,initial,0.3,1.0,11,0.0,0.0,0.0,0.0,0,0.0
100.0,23.4,98.0,0.0,late,0.0,1.0,9,0.0,0.0,0.0,0.0,0,0.0
100.0,23.4,98.0,0.0,late,0.3,1.0,8,0.0,0.0,0.0,0.0,0,0.0
100.0,23.4,98.0,0.0,late,0.5,0.9,9,0.0,0.0,0.0,0.0,0,0.0
100.0,23.4,98.0,0.0,late,0.7,0.7,6,0.0,0.0,0.0,0.0,0,0.0
100.0,23.4,98.0,0.0,late,0.9,0.5,5,0.0,0.0,0.0,0.0,0,0.0
100.0,23.4,98.0,0.0,late,1.0,0.3,8,0.0,0.0,0.0,0.0,0,0.0
100.0,23.5,94.0,0.0,development,-1.0,0.0,9,0.0,0.0,0.0,0.0,0,0.0
100.0,23.5,94.0,0.0,initial,-0.9,0.5,8,0.0,0.0,0.0,0.0,0,0.0
100.0,23.5,94.0,0.4,mid,1.0,0.0,5,0.0,0.0,0.0,0.0,0,0.0
100.0,23.5,95.0,0.0,development,-0.7,0.7,7,0.0,0.0,0.0,0.0,0,0.0
100.0,23.5,95.0,0.0,late,-1.0,0.3,10,0.0,0.0,0.0,0.0,0,0.0
100.0,23.5,95.0,0.4,initial,1.0,0.0,7,0.0,0.0,0.0,0.0,0,0.0
100.0,23.5,95.0,0.7,development,1.0,0.0,9,0.0,0.0,0.0,0.0,0,0.0
100.0,23.5,96.0,0.0,development,-0.9,0.5,10,0.0,0.0,0.0,0.0,0,0.0
100.0,23.5,96.0,0.0,development,-0.3,1.0,9,0.0,0.0,0.0,0.0,0,0.0
100.0,23.5,96.0,0.0,development,0.7,0.7,6,0.0,0.0,0.0,0.0,0,0.0
100.0,23.5,96.0,0.0,initial,-0.3,1.0,8,0.0,0.0,0.0,0.0,0,0.0
100.0,23.5,96.0,0.0,initial,0.0,1.0,10,0.0,0.0,0.0,0.0,0,0.0
100.0,23.5,96.0,0.0,late,-0.9,0.5,12,0.0,0.0,0.0,0.0,0,0.0
100.0,23.5,96.0,0.0,late,-0.7,0.7,9,0.0,0.0,0.0,0.0,0,0.0
100.0,23.5,96.0,0.0,late,0.0,1.0,9,0.0,0.0,0.0,0.0,0,0.0
100.0,23.5,96.0,0.2,late,1.0,0.0,11,0.0,0.0,0.0,0.0,0,0.0
100.0,23.5,97.0,0.0,development,0.0,1.0,14,0.0,0.0,0.0,0.0,0,0.0
100.0,23.5,97.0,0.0,development,0.3,1.0,11,0.0,0.0,0.0,0.0,0,0.0
100.0,23.5,97.0,0.0,development,0.5,0.9,9,0.0,0.0,0.0,0.0,0,0.0
100.0,23.5,97.0,0.0,initial,0.3,1.0,7,0.0,0.0,0.0,0.0,0,0.0
100.0,23.5,97.0,0.0,late,-0.5,0.9,7,0.0,0.0,0.0,0.0,0,0.0
100.0,23.5,97.0,0.0,mid,-0.7,0.7,8,0.0,0.0,0.0,0.0,0,0.0
100.0,23.5,97.0,0.0,mid,-0.5,0.9,10,0.0,0.0,0.0,0.0,0,0.0
100.0,23.5,97.0,0.0,mid,0.5,0.9,9,0.0,0.0,0.0,0.0,0,0.0
100.0,23.5,97.0,0.0,mid,0.7,0.7,15,0.0,0.0,0.0,0.0,0,0.0
100.0,23.5,97.0,0.0,mid,0.9,0.5,15,0.0,0.0,0.0,0.0,0,0.0
100.0,23.5,97.0,0.0,mid,1.0,0.3,17,0.0,0.0,0.0,0.0,0,0.0
100.0,23.5,97.0,0.3,development,1.0,0.0,7,0.0,0.0,0.0,0.0,0,0.0
100.0,23.5,98.0,0.0,development,0.0,1.0,14,0.0,0.0,0.0,0.0,0,0.0
100.0,23.5,98.0,0.0,development,0.7,0.7,6,0.0,0.0,0.0,0.0,0,0.0
100.0,23.5,98.0,0.0,initial,-0.3,1.0,5,0.0,0.0,0.0,0.0,0,0.0
100.0,23.5,98.0,0.0,late,0.5,0.9,5,0.0,0.0,0.0,0.0,0,0.0
100.0,23.5,98.0,0.0,late,0.7,0.7,9,0.0,0.0,0.0,0.0,0,0.0
100.0,23.5,98.0,0.0,late,0.9,0.5,9,0.0,0.0,0.0,0.0,0,0.0
100.0,23.5,98.0,0.0,late,1.0,0.3,7,0.0,0.0,0.0,0.0,0,0.0
100.0,23.5,98.0,0.0,mid,-0.3,1.0,10,0.0,0.0,0.0,0.0,0,0.0
100.0,23.6,91.0,0.7,initial,1.0,-0.3,5,0.0,0.0,0.0,0.0,0,0.0
100.0,23.6,94.0,0.0,development,-1.0,0.3,8,0.0,0.0,0.0,0.0,0,0.0
100.0,23.6,94.0,0.0,mid,-0.5,0.9,5,0.0,0.0,0.0,0.0,0,0.0
100.0,23.6,94.0,1.0,development,1.0,-0.3,9,0.0,0.0,0.0,0.0,0,0.0
100.0,23.6,95.0,0.0,late,-1.0,0.0,6,0.0,0.0,0.0,0.0,0,0.0
100.0,23.6,95.0,0.5,development,1.0,0.0,6,0.0,0.0,0.0,0.0,0,0.0
100.0,23.6,95.0,0.6,initial,1.0,0.0,9,0.0,0.0,0.0,0.0,0,0.0
100.0,23.6,96.0,0.0,initial,-0.3,1.0,10,0.0,0.0,0.0,0.0,0,0.0
100.0,23.6,96.0,0.0,initial,0.7,0.7,11,0.0,0.0,0.0,0.0,0,0.0
100.0,23.6,96.0,0.0,late,-0.3,1.0,9,0.0,0.0,0.0,0.0,0,0.0
100.0,23.6,96.0,0.0,mid,-1.0,0.3,10,0.0,0.0,0.0,0.0,0,0.0
100.0,23.6,96.0,0.0,mid,0.3,1.0,10,0.0,0.0,0.0,0.0,0,0.0
100.0,23.6,96.0,0.2,mid,1.0,0.0,9,0.0,0.0,0.0,0.0,0,0.0
100.0,23.6,97.0,0.0,initial,-0.9,0.5,11,0.0,0.0,0.0,0.0,0,0.0
100.0,23.6,97.0,0.0,initial,-0.7,0.7,8,0.0,0.0,0.0,0.0,0,0.0
100.0,23.6,97.0,0.0,initial,-0.5,0.9,11,0.0,0.0,0.0,0.0,0,0.0
100.0,23.6,97.0,0.0,initial,-0.3,1.0,9,0.0,0.0,0.0,0.0,0,0.0
100.0,23.6,97.0,0.0,mid,-0.9,0.5,10,0.0,0.0,0.0,0.0,0,0.0
100.0,23.6,97.0,0.0,mid,0.3,1.0,11,0.0,0.0,0.0,0.0,0,0.0
100.0,23.6,97.0,0.0,mid,1.0,0.3,5,0.0,0.0,0.0,0.0,0,0.0
100.0,23.6,97.0,0.3,late,1.0,0.0,8,0.0,0.0,0.0,0.0,0,0.0
100.0,23.6,98.0,0.0,development,0.3,1.0,7,0.0,0.0,0.0,0.0,0,0.0
100.0,23.6,98.0,0.0,development,0.9,0.5,5,0.0,0.0,0.0,0.0,0,0.0
100.0,23.6,98.0,0.0,initial,-0.5,0.9,9,0.0,0.0,0.0,0.0,0,0.0
100.0,23.6,98.0,0.0,initial,0.0,1.0,11,0.0,0.0,0.0,0.0,0,0.0
100.0,23.6,98.0,0.0,late,0.3,1.0,7,0.0,0.0,0.0,0.0,0,0.0
100.0,23.7,87.0,0.0,development,-1.0,0.0,5,0.0,0.0,0.0,0.0,0,0.0
100.0,23.7,93.0,0.0,late,-1.0,0.0,8,0.0,0.0,0.0,0.0,0,0.0
100.0,23.7,94.0,0.0,initial,-1.0,0.3,6,0.0,0.0,0.0,0.0,0,0.0
100.0,23.7,95.0,0.0,mid,-1.0,0.0,11,0.0,0.0,0.0,0.0,0,0.0
100.0,23.7,96.0,0.0,initial,-0.7,0.7,8,0.0,0.0,0.0,0.0,0,0.0
100.0,23.7,96.0,0.0,initial,-0.5,0.9,5,0.0,0.0,0.0,0.0,0,0.0
100.0,23.7,96.0,0.0,initial,0.5,0.9,8,0.0,0.0,0.0,0.0,0,0.0
100.0,23.7,96.0,0.0,late,-0.5,0.9,9,0.0,0.0,0.0,0.0,0,0.0
100.0,23.7,96.0,0.0,mid,0.0,1.0,7,0.0,0.0,0.0,0.0,0,0.0
100.0,23.7,96.0,0.0,mid,0.7,0.7,6,0.0,0.0,0.0,0.0,0,0.0
100.0,23.7,96.0,0.2,mid,1.0,0.0,7,0.0,0.0,0.0,0.0,0,0.0
100.0,23.7,96.0,0.7,initial,1.0,0.0,9,0.0,0.0,0.0,0.0,0,0.0
100.0,23.7,97.0,0.0,initial,0.0,1.0,9,0.0,0.0,0.0,0.0,0,0.0
100.0,23.7,97.0,0.0,initial,0.3,1.0,10,0.0,0.0,0.0,0.0,0,0.0
100.0,23.7,97.0,0.0,late,-0.7,0.7,6,0.0,0.0,0.0,0.0,0,0.0
100.0,23.7,97.0,0.0,mid,-1.0,0.3,9,0.0,0.0,0.0,0.0,0,0.0
100.0,23.7,97.0,0.0,mid,-0.3,1.0,9,0.0,0.0,0.0,0.0,0,0.0
100.0,23.7,97.0,0.0,mid,0.0,1.0,8,0.0,0.0,0.0,0.0,0,0.0
100.0,23.7,97.0,0.0,mid,0.7,0.7,6,0.0,0.0,0.0,0.0,0,0.0
100.0,23.7,97.0,0.0,mid,0.9,0.5,19,0.0,0.0,0.0,0.0,0,0.0
100.0,23.7,97.0,0.0,mid,1.0,0.3,18,0.0,0.0,0.0,0.0,0,0.0
100.0,23.7,98.0,0.0,development,-0.3,1.0,7,0.0,0.0,0.0,0.0,0,0.0
100.0,23.7,98.0,0.0,mid,0.5,0.9,10,0.0,0.0,0.0,0.0,0,0.0
100.0,23.7,98.0,0.0,mid,0.7,0.7,10,0.0,0.0,0.0,0.0,0,0.0
100.0,23.7,98.0,0.0,mid,0.9,0.5,17,0.0,0.0,0.0,0.0,0,0.0
100.0,23.8,93.0,0.6,initial,1.0,-0.3,9,0.0,0.0,0.0,0.0,0,0.0
100.0,23.8,95.0,0.0,development,-0.5,0.9,10,0.0,0.0,0.0,0.0,0,0.0
100.0,23.8,95.0,0.0,late,-0.7,0.7,11,0.0,0.0,0.0,0.0,0,0.0
100.0,23.8,95.0,0.7,mid,1.0,0.0,7,0.0,0.0,0.0,0.0,0,0.0
100.0,23.8,96.0,0.0,development,0.5,0.9,6,0.0,0.0,0.0,0.0,0,0.0
100.0,23.8,96.0,0.0,initial,-1.0,0.3,9,0.0,0.0,0.0,0.0,0,0.0
100.0,23.8,96.0,0.0,initial,-0.9,0.5,9,0.0,0.0,0.0,0.0,0,0.0
100.0,23.8,96.0,0.0,initial,-0.5,0.9,5,0.0,0.0,0.0,0.0,0,0.0
100.0,23.8,96.0,0.0,initial,0.0,1.0,6,0.0,0.0,0.0,0.0,0,0.0
100.0,23.8,96.0,0.0,mid,-1.0,0.0,8,0.0,0.0,0.0,0.0,0,0.0
100.0,23.8,96.0,0.0,mid,0.5,0.9,6,0.0,0.0,0.0,0.0,0,0.0
100.0,23.8,97.0,0.0,development,0.9,0.5,9,0.0,0.0,0.0,0.0,0,0.0
100.0,23.8,97.0,0.0,development,1.0,0.3,10,0.0,0.0,0.0,0.0,0,0.0
100.0,23.8,97.0,0.0,mid,-0.7,0.7,9,0.0,0.0,0.0,0.0,0,0.0
100.0,23.8,97.0,0.0,mid,-0.5,0.9,7,0.0,0.0,0.0,0.0,0,0.0
100.0,23.8,97.0,0.0,mid,0.0,1.0,9,0.0,0.0,0.0,0.0,0,0.0
100.0,23.8,97.0,0.0,mid,0.3,1.0,10,0.0,0.0,0.0,0.0,0,0.0
100.0,23.8,97.0,0.0,mid,0.5,0.9,9,0.0,0.0,0.0,0.0,0,0.0
100.0,23.8,97.0,0.0,mid,0.9,0.5,12,0.0,0.0,0.0,0.0,0,0.0
100.0,23.8,98.0,0.0,development,0.0,1.0,10,0.0,0.0,0.0,0.0,0,0.0
100.0,23.8,98.0,0.0,initial,-0.3,1.0,17,0.0,0.0,0.0,0.0,0,0.0
100.0,23.8,98.0,0.0,mid,0.5,0.9,11,0.0,0.0,0.0,0.0,0,0.0
100.0,23.8,98.0,0.0,mid,0.7,0.7,9,0.0,0.0,0.0,0.0,0,0.0
100.0,23.8,98.0,0.0,mid,1.0,0.3,6,0.0,0.0,0.0,0.0,0,0.0
100.0,23.9,87.0,0.2,mid,-0.9,-0.5,9,0.0,0.0,0.0,0.0,0,0.0
100.0,23.9,88.0,1.7,mid,0.9,-0.5,9,0.0,0.0,0.0,0.0,0,0.0
100.0,23.9,93.0,0.0,development,-1.0,0.0,9,0.0,0.0,0.0,0.0,0,0.0
100.0,23.9,93.0,0.5,mid,1.0,-0.3,7,0.0,0.0,0.0,0.0,0,0.0
100.0,23.9,95.0,0.0,initial,-0.9,0.5,5,0.0,0.0,0.0,0.0,0,0.0
100.0,23.9,95.0,0.0,late,-0.9,0.5,8,0.0,0.0,0.0,0.0,0,0.0
100.0,23.9,96.0,0.0,initial,-1.0,0.3,9,0.0,0.0,0.0,0.0,0,0.0
100.0,23.9,96.0,0.0,mid,-0.9,0.5,9,0.0,0.0,0.0,0.0,0,0.0
100.0,23.9,97.0,0.0,development,-0.5,0.9,12,0.0,0.0,0.0,0.0,0,0.0
100.0,23.9,97.0,0.0,development,0.5,0.9,11,0.0,0.0,0.0,0.0,0,0.0
100.0,23.9,97.0,0.0,development,0.7,0.7,8,0.0,0.0,0.0,0.0,0,0.0
100.0,23.9,97.0,0.0,mid,-0.7,0.7,5,0.0,0.0,0.0,0.0,0,0.0
100.0,23.9,97.0,0.0,mid,-0.5,0.9,10,0.0,0.0,0.0,0.0,0,0.0
100.0,23.9,97.0,0.0,mid,-0.3,1.0,10,0.0,0.0,0.0,0.0,0,0.0
100.0,23.9,97.0,0.0,mid,0.7,0.7,10,0.0,0.0,0.0,0.0,0,0.0
100.0,23.9,97.0,0.3,initial,1.0,0.0,10,0.0,0.0,0.0,0.0,0,0.0
100.0,23.9,97.0,0.3,mid,1.0,0.0,10,0.0,0.0,0.0,0.0,0,0.0
100.0,23.9,98.0,0.0,initial,-0.5,0.9,7,0.0,0.0,0.0,0.0,0,0.0
100.0,23.9,98.0,0.0,late,-0.3,1.0,6,0.0,0.0,0.0,0.0,0,0.0
100.0,24.0,94.0,0.7,initial,1.0,-0.3,5,0.0,0.0,0.0,0.0,0,0.0
100.0,24.0,95.0,0.0,initial,-1.0,0.0,8,0.0,0.0,0.0,0.0,0,0.0
100.0,24.0,95.0,0.0,late,-1.0,0.3,9,0.0,0.0,0.0,0.0,0,0.0
100.0,24.0,96.0,0.0,initial,-0.3,1.0,9,0.0,0.0,0.0,0.0,0,0.0
100.0,24.0,96.0,0.0,mid,-1.0,0.0,9,0.0,0.0,0.0,0.0,0,0.0
100.0,24.0,96.0,0.0,mid,-1.0,0.3,8,0.0,0.0,0.0,0.0,0,0.0
100.0,24.0,96.0,0.3,development,1.0,0.0,10,0.0,0.0,0.0,0.0,0,0.0
100.0,24.0,96.0,0.5,development,1.0,-0.3,7,0.0,0.0,0.0,0.0,0,0.0
100.0,24.0,96.0,0.9,development,1.0,0.0,9,0.0,0.0,0.0,0.0,0,0.0
100.0,24.0,97.0,0.0,initial,-0.7,0.7,7,0.0,0.0,0.0,0.0,0,0.0
100.0,24.0,97.0,0.0,initial,-0.5,0.9,7,0.0,0.0,0.0,0.0,0,0.0
100.0,24.0,97.0,0.0,mid,-0.9,0.5,11,0.0,0.0,0.0,0.0,0,0.0
100.0,24.0,97.0,0.4,late,1.0,0.0,7,0.0,0.0,0.0,0.0,0,0.0
100.0,24.0,98.0,0.0,development,-0.3,1.0,8,0.0,0.0,0.0,0.0,0,0.0
100.0,24.0,98.0,0.0,development,0.0,1.0,6,0.0,0.0,0.0,0.0,0,0.0
100.0,24.0,98.0,0.0,development,0.7,0.7,5,0.0,0.0,0.0,0.0,0,0.0
100.0,24.0,98.0,0.0,mid,0.3,1.0,10,0.0,0.0,0.0,0.0,0,0.0
100.0,24.0,98.0,0.0,mid,1.0,0.3,9,0.0,0.0,0.0,0.0,0,0.0
100.0,24.1,87.0,0.2,mid,-0.9,-0.5,6,0.0,0.0,0.0,0.0,0,0.0
100.0,24.1,91.0,0.0,late,-1.0,-0.3,9,0.0,0.0,0.0,0.0,0,0.0
100.0,24.1,93.0,0.0,late,-1.0,-0.3,6,0.0,0.0,0.0,0.0,0,0.0
100.0,24.1,94.0,0.0,development,-0.7,0.7,7,0.0,0.0,0.0,0.0,0,0.0
100.0,24.1,94.0,1.0,initial,1.0,-0.3,10,0.0,0.0,0.0,0.0,0,0.0
100.0,24.1,95.0,0.0,mid,-1.0,0.0,7,0.0,0.0,0.0,0.0,0,0.0
100.0,24.1,95.0,0.7,development,1.0,-0.3,9,0.0,0.0,0.0,0.0,0,0.0
100.0,24.1,96.0,0.1,mid,1.0,0.0,6,0.0,0.0,0.0,0.0,0,0.0
100.0,24.1,96.0,0.2,development,1.0,0.0,11,0.0,0.0,0.0,0.0,0,0.0
100.0,24.1,97.0,0.0,development,-0.7,0.7,9,0.0,0.0,0.0,0.0,0,0.0
100.0,24.1,97.0,0.0,mid,-1.0,0.3,9,0.0,0.0,0.0,0.0,0,0.0
100.0,24.1,97.0,0.0,mid,0.5,0.9,9,0.0,0.0,0.0,0.0,0,0.0
100.0,24.1,97.0,0.2,late,1.0,0.0,9,0.0,0.0,0.0,0.0,0,0.0
100.0,24.1,98.0,0.0,late,-0.5,0.9,5,0.0,0.0,0.0,0.0,0,0.0
100.0,24.2,85.0,0.0,development,-1.0,-0.3,5,0.0,0.0,0.0,0.0,0,0.0
100.0,24.2,87.0,1.2,development,1.0,-0.3,9,0.0,0.0,0.0,0.0,0,0.0
100.0,24.2,89.0,1.9,development,0.9,-0.5,8,0.0,0.0,0.0,0.0,0,0.0
100.0,24.2,92.0,0.0,mid,-1.0,-0.3,8,0.0,0.0,0.0,0.0,0,0.0
100.0,24.2,94.0,0.0,late,-1.0,0.0,8,0.0,0.0,0.0,0.0,0,0.0
100.0,24.2,95.0,0.4,late,1.0,0.0,5,0.0,0.0,0.0,0.0,0,0.0
100.0,24.2,95.0,1.1,initial,1.0,-0.3,8,0.0,0.0,0.0,0.0,0,0.0
100.0,24.2,96.0,0.0,development,-1.0,0.3,9,0.0,0.0,0.0,0.0,0,0.0
100.0,24.2,96.0,0.0,initial,-0.7,0.7,7,0.0,0.0,0.0,0.0,0,0.0
100.0,24.2,96.0,0.2,mid,1.0,0.0,9,0.0,0.0,0.0,0.0,0,0.0
100.0,24.2,96.0,0.4,mid,1.0,-0.3,7,0.0,0.0,0.0,0.0,0,0.0
100.0,24.2,96.0,0.6,development,1.0,0.0,8,0.0,0.0,0.0,0.0,0,0.0
100.0,24.2,97.0,0.0,initial,-0.9,0.5,7,0.0,0.0,0.0,0.0,0,0.0
100.0,24.2,97.0,0.0,initial,-0.7,0.7,5,0.0,0.0,0.0,0.0,0,0.0
100.0,24.2,97.0,0.0,mid,0.3,1.0,8,0.0,0.0,0.0,0.0,0,0.0
100.0,24.2,98.0,0.0,development,-0.5,0.9,11,0.0,0.0,0.0,0.0,0,0.0
100.0,24.2,98.0,0.0,development,0.9,0.5,17,0.0,0.0,0.0,0.0,0,0.0
100.0,24.2,98.0,0.0,development,1.0,0.3,24,0.0,0.0,0.0,0.0,0,0.0
100.0,24.2,98.0,0.0,mid,0.0,1.0,10,0.0,0.0,0.0,0.0,0,0.0
100.0,24.3,86.0,1.0,development,1.0,-0.3,9,0.0,0.0,0.0,0.0,0,0.0
100.0,24.3,89.0,1.0,development,1.0,-0.3,7,0.0,0.0,0.0,0.0,0,0.0
100.0,24.3,90.0,0.0,development,-1.0,-0.3,8,0.0,0.0,0.0,0.0,0,0.0
100.0,24.3,93.0,0.7,initial,1.0,-0.3,11,0.0,0.0,0.0,0.0,0,0.0
100.0,24.3,94.0,0.0,initial,-1.0,0.0,10,0.0,0.0,0.0,0.0,0,0.0
100.0,24.3,94.0,0.0,mid,-1.0,-0.3,10,0.0,0.0,0.0,0.0,0,0.0
100.0,24.3,94.0,0.6,initial,1.0,-0.3,6,0.0,0.0,0.0,0.0,0,0.0
100.0,24.3,94.0,0.6,mid,1.0,-0.3,7,0.0,0.0,0.0,0.0,0,0.0
100.0,24.3,95.0,0.0,initial,-0.5,0.9,8,0.0,0.0,0.0,0.0,0,0.0
100.0,24.3,95.0,0.5,mid,1.0,-0.3,10,0.0,0.0,0.0,0.0,0,0.0
100.0,24.3,95.0,0.6,mid,1.0,-0.3,9,0.0,0.0,0.0,0.0,0,0.0
100.0,24.3,96.0,0.0,development,-0.9,0.5,5,0.0,0.0,0.0,0.0,0,0.0
100.0,24.3,96.0,0.0,mid,-1.0,0.0,8,0.0,0.0,0.0,0.0,0,0.0
100.0,24.3,96.0,0.3,mid,1.0,0.0,11,0.0,0.0,0.0,0.0,0,0.0
100.0,24.3,96.0,0.5,development,1.0,0.0,7,0.0,0.0,0.0,0.0,0,0.0
100.0,24.3,97.0,0.0,mid,0.0,1.0,7,0.0,0.0,0.0,0.0,0,0.0
100.0,24.3,98.0,0.0,development,0.5,0.9,5,0.0,0.0,0.0,0.0,0,0.0
100.0,24.3,98.0,0.0,initial,0.9,0.5,7,0.0,0.0,0.0,0.0,0,0.0
100.0,24.3,98.0,0.0,initial,1.0,0.3,5,0.0,0.0,0.0,0.0,0,0.0
100.0,24.3,98.0,0.0,late,-0.7,0.7,6,0.0,0.0,0.0,0.0,0,0.0
100.0,24.3,99.0,0.0,development,0.7,0.7,11,0.0,0.0,0.0,0.0,0,0.0
100.0,24.4,75.0,1.1,development,0.7,-0.7,5,0.0,0.0,0.0,0.0,0,0.0
100.0,24.4,92.0,1.4,development,1.0,-0.3,9,0.0,0.0,0.0,0.0,0,0.0
100.0,24.4,93.0,0.0,development,-0.9,0.5,9,0.0,0.0,0.0,0.0,0,0.0
100.0,24.4,93.0,0.0,initial,-1.0,-0.3,8,0.0,0.0,0.0,0.0,0,0.0
100.0,24.4,93.0,1.1,mid,1.0,-0.3,8,0.0,0.0,0.0,0.0,0,0.0
100.0,24.4,94.0,0.2,initial,1.0,0.0,6,0.0,0.0,0.0,0.0,0,0.0
100.0,24.4,94.0,0.4,late,1.0,-0.3,9,0.0,0.0,0.0,0.0,0,0.0
100.0,24.4,95.0,0.0,mid,-1.0,-0.3,7,0.0,0.0,0.0,0.0,0,0.0
100.0,24.4,97.0,0.0,development,-0.7,0.7,9,0.0,0.0,0.0,0.0,0,0.0
100.0,24.4,97.0,0.0,mid,-0.3,1.0,19,0.0,0.0,0.0,0.0,0,0.0
100.0,24.4,97.0,0.2,late,1.0,0.0,5,0.0,0.0,0.0,0.0,0,0.0
100.0,24.4,97.0,0.2,mid,1.0,0.0,9,0.0,0.0,0.0,0.0,0,0.0
100.0,24.4,98.0,0.0,initial,0.7,0.7,5,0.0,0.0,0.0,0.0,0,0.0
100.0,24.4,98.0,0.0,mid,-0.5,0.9,6,0.0,0.0,0.0,0.0,0,0.0
100.0,24.4,99.0,0.0,development,0.5,0.9,9,0.0,0.0,0.0,0.0,0,0.0
100.0,24.4,99.0,0.0,development,0.7,0.7,7,0.0,0.0,0.0,0.0,0,0.0
100.0,24.5,87.0,1.5,development,0.9,-0.5,5,0.0,0.0,0.0,0.0,0,0.0
100.0,24.5,92.0,0.6,initial,1.0,-0.3,6,0.0,0.0,0.0,0.0,0,0.0
100.0,24.5,93.0,0.0,development,-0.7,0.7,5,0.0,0.0,0.0,0.0,0,0.0
100.0,24.5,93.0,0.6,initial,1.0,-0.3,8,0.0,0.0,0.0,0.0,0,0.0
100.0,24.5,94.0,1.0,development,1.0,-0.3,8,0.0,0.0,0.0,0.0,0,0.0
100.0,24.5,95.0,0.0,development,-1.0,0.0,7,0.0,0.0,0.0,0.0,0,0.0
100.0,24.5,95.0,0.0,initial,-0.7,0.7,9,0.0,0.0,0.0,0.0,0,0.0
100.0,24.5,97.0,0.0,mid,-0.7,0.7,8,0.0,0.0,0.0,0.0,0,0.0
100.0,24.5,98.0,0.0,late,-0.9,0.5,7,0.0,0.0,0.0,0.0,0,0.0
100.0,24.5,99.0,0.0,development,0.3,1.0,8,0.0,0.0,0.0,0.0,0,0.0
100.0,24.5,99.0,0.0,development,0.5,0.9,10,0.0,0.0,0.0,0.0,0,0.0
100.0,24.6,89.0,0.0,development,-1.0,-0.3,6,0.0,0.0,0.0,0.0,0,0.0
100.0,24.6,89.0,1.6,development,1.0,-0.3,8,0.0,0.0,0.0,0.0,0,0.0
100.0,24.6,91.0,1.1,initial,1.0,-0.3,7,0.0,0.0,0.0,0.0,0,0.0
100.0,24.6,92.0,0.0,mid,-1.0,-0.3,7,0.0,0.0,0.0,0.0,0,0.0
100.0,24.6,96.0,0.0,initial,-1.0,0.3,10,0.0,0.0,0.0,0.0,0,0.0
100.0,24.6,96.0,0.0,initial,-0.9,0.5,9,0.0,0.0,0.0,0.0,0,0.0
100.0,24.6,97.0,0.0,mid,-0.9,0.5,7,0.0,0.0,0.0,0.0,0,0.0
100.0,24.6,97.0,0.0,mid,-0.5,0.9,8,0.0,0.0,0.0,0.0,0,0.0
100.0,24.6,98.0,0.0,development,-0.9,0.5,10,0.0,0.0,0.0,0.0,0,0.0
100.0,24.6,98.0,0.0,development,0.0,1.0,7,0.0,0.0,0.0,0.0,0,0.0
100.0,24.6,98.0,0.0,development,0.3,1.0,9,0.0,0.0,0.0,0.0,0,0.0
100.0,24.7,94.0,0.0,initial,-0.9,0.5,9,0.0,0.0,0.0,0.0,0,0.0
100.0,24.7,94.0,0.6,development,1.0,-0.3,7,0.0,0.0,0.0,0.0,0,0.0
100.0,24.7,94.0,0.7,development,1.0,-0.3,9,0.0,0.0,0.0,0.0,0,0.0
100.0,24.7,95.0,0.0,development,-1.0,0.3,9,0.0,0.0,0.0,0.0,0,0.0
100.0,24.7,95.0,0.3,mid,1.0,-0.3,9,0.0,0.0,0.0,0.0,0,0.0
100.0,24.7,97.0,0.0,development,0.0,1.0,5,0.0,0.0,0.0,0.0,0,0.0
100.0,24.7,97.0,0.0,mid,-1.0,0.3,7,0.0,0.0,0.0,0.0,0,0.0
100.0,24.8,89.0,1.0,mid,1.0,-0.3,6,0.0,0.0,0.0,0.0,0,0.0
100.0,24.8,91.0,0.0,late,-1.0,-0.3,10,0.0,0.0,0.0,0.0,0,0.0
100.0,24.8,92.0,0.0,development,-1.0,0.3,10,0.0,0.0,0.0,0.0,0,0.0
100.0,24.8,93.0,1.3,initial,1.0,-0.3,9,0.0,0.0,0.0,0.0,0,0.0
100.0,24.8,94.0,0.0,initial,-1.0,0.3,5,0.0,0.0,0.0,0.0,0,0.0
100.0,24.8,95.0,0.9,mid,1.0,-0.3,10,0.0,0.0,0.0,0.0,0,0.0
100.0,24.8,96.0,0.0,mid,-0.7,0.7,10,0.0,0.0,0.0,0.0,0,0.0
100.0,24.8,97.0,0.0,development,-1.0,0.3,8,0.0,0.0,0.0,0.0,0,0.0
100.0,24.8,97.0,0.0,development,0.0,1.0,8,0.0,0.0,0.0,0.0,0,0.0
100.0,24.8,97.0,0.0,development,0.3,1.0,8,0.0,0.0,0.0,0.0,0,0.0
100.0,24.8,97.0,0.0,development,0.5,0.9,10,0.0,0.0,0.0,0.0,0,0.0
100.0,24.8,97.0,0.0,late,-1.0,0.3,5,0.0,0.0,0.0,0.0,0,0.0
100.0,24.8,98.0,0.0,development,0.0,1.0,8,0.0,0.0,0.0,0.0,0,0.0
100.0,24.9,82.0,0.4,mid,-0.7,-0.7,8,0.0,0.0,0.0,0.0,0,0.0
100.0,24.9,88.0,1.1,development,1.0,-0.3,10,0.0,0.0,0.0,0.0,0,0.0
100.0,24.9,88.0,1.3,initial,1.0,-0.3,9,0.0,0.0,0.0,0.0,0,0.0
100.0,24.9,90.0,0.0,initial,-1.0,0.0,7,0.0,0.0,0.0,0.0,0,0.0
100.0,24.9,91.0,0.0,initial,-1.0,-0.3,6,0.0,0.0,0.0,0.0,0,0.0
100.0,24.9,93.0,0.0,mid,-1.0,-0.3,10,0.0,0.0,0.0,0.0,0,0.0
100.0,24.9,94.0,0.0,initial,-1.0,0.0,9,0.0,0.0,0.0,0.0,0,0.0
100.0,24.9,94.0,0.7,development,1.0,-0.3,10,0.0,0.0,0.0,0.0,0,0.0
100.0,24.9,97.0,0.0,development,-0.3,1.0,15,0.0,0.0,0.0,0.0,0,0.0
100.0,24.9,97.0,0.0,development,0.7,0.7,9,0.0,0.0,0.0,0.0,0,0.0
100.0,24.9,97.0,0.0,development,0.9,0.5,9,0.0,0.0,0.0,0.0,0,0.0
100.0,24.9,97.0,0.0,development,1.0,0.3,9,0.0,0.0,0.0,0.0,0,0.0
100.0,24.9,97.0,0.0,mid,-1.0,0.0,6,0.0,0.0,0.0,0.0,0,0.0
100.0,25.0,82.0,0.8,mid,0.9,-0.5,6,0.0,0.0,0.0,0.0,0,0.0
100.0,25.0,91.0,1.0,development,0.9,-0.5,9,0.0,0.0,0.0,0.0,0,0.0
100.0,25.0,93.0,0.7,mid,1.0,-0.3,9,0.0,0.0,0.0,0.0,0,0.0
100.0,25.0,94.0,0.4,mid,1.0,0.0,11,0.0,0.0,0.0,0.0,0,0.0
100.0,25.0,94.0,0.8,initial,1.0,-0.3,7,0.0,0.0,0.0,0.0,0,0.0
100.0,25.0,94.0,0.8,mid,0.9,-0.5,9,0.0,0.0,0.0,0.0,0,0.0
100.0,25.0,96.0,0.0,mid,-0.9,0.5,5,0.0,0.0,0.0,0.0,0,0.0
100.0,25.0,96.0,0.7,late,1.0,-0.3,8,0.0,0.0,0.0,0.0,0,0.0
100.0,25.0,97.0,0.0,development,-0.5,0.9,12,0.0,0.0,0.0,0.0,0,0.0
100.0,25.0,97.0,0.0,late,-1.0,0.0,5,0.0,0.0,0.0,0.0,0,0.0
100.0,25.0,98.0,0.0,development,-0.3,1.0,8,0.0,0.0,0.0,0.0,0,0.0
100.0,25.1,91.0,1.8,development,1.0,-0.3,8,0.0,0.0,0.0,0.0,0,0.0
100.0,25.1,93.0,0.0,development,-1.0,0.0,8,0.0,0.0,0.0,0.0,0,0.0
100.0,25.1,93.0,0.4,mid,1.0,-0.3,10,0.0,0.0,0.0,0.0,0,0.0
100.0,25.1,96.0,0.0,development,-1.0,0.0,7,0.0,0.0,0.0,0.0,0,0.0
100.0,25.1,97.0,0.0,development,-0.7,0.7,10,0.0,0.0,0.0,0.0,0,0.0
100.0,25.1,97.0,0.0,development,-0.5,0.9,9,0.0,0.0,0.0,0.0,0,0.0
100.0,25.2,86.0,0.2,late,-0.9,-0.5,10,0.0,0.0,0.0,0.0,0,0.0
100.0,25.2,87.0,1.1,initial,0.9,-0.5,10,0.0,0.0,0.0,0.0,0,0.0
100.0,25.2,89.0,1.3,late,0.9,-0.5,6,0.0,0.0,0.0,0.0,0,0.0
100.0,25.2,89.0,1.3,mid,1.0,-0.3,8,0.0,0.0,0.0,0.0,0,0.0
100.0,25.2,90.0,1.0,mid,0.9,-0.5,9,0.0,0.0,0.0,0.0,0,0.0
100.0,25.2,92.0,0.1,development,-1.0,-0.3,5,0.0,0.0,0.0,0.0,0,0.0
100.0,25.2,93.0,0.0,initial,-1.0,0.3,11,0.0,0.0,0.0,0.0,0,0.0
100.0,25.2,94.0,0.8,mid,1.0,-0.3,6,0.0,0.0,0.0,0.0,0,0.0
100.0,25.2,94.0,0.9,late,1.0,-0.3,11,0.0,0.0,0.0,0.0,0,0.0
100.0,25.2,95.0,0.0,mid,-1.0,0.3,7,0.0,0.0,0.0,0.0,0,0.0
100.0,25.2,96.0,0.0,initial,-0.7,0.7,6,0.0,0.0,0.0,0.0,0,0.0
100.0,25.2,96.0,0.3,development,1.0,0.0,8,0.0,0.0,0.0,0.0,0,0.0
100.0,25.2,97.0,0.0,development,-0.9,0.5,6,0.0,0.0,0.0,0.0,0,0.0
100.0,25.3,80.0,0.2,development,-0.9,-0.5,9,0.0,0.0,0.0,0.0,0,0.0
100.0,25.3,84.0,0.3,development,-0.9,-0.5,10,0.0,0.0,0.0,0.0,0,0.0
100.0,25.3,85.0,1.7,development,0.9,-0.5,8,0.0,0.0,0.0,0.0,0,0.0
100.0,25.3,89.0,0.2,initial,-0.9,-0.5,10,0.0,0.0,0.0,0.0,0,0.0
100.0,25.3,90.0,0.0,development,-1.0,0.0,10,0.0,0.0,0.0,0.0,0,0.0
100.0,25.3,90.0,1.6,initial,0.9,-0.5,9,0.0,0.0,0.0,0.0,0,0.0
100.0,25.3,91.0,0.0,initial,-1.0,0.0,5,0.0,0.0,0.0,0.0,0,0.0
100.0,25.3,91.0,0.1,mid,-0.9,-0.5,7,0.0,0.0,0.0,0.0,0,0.0
100.0,25.3,93.0,0.9,late,1.0,-0.3,9,0.0,0.0,0.0,0.0,0,0.0
100.0,25.3,94.0,0.6,late,1.0,-0.3,8,0.0,0.0,0.0,0.0,0,0.0
100.0,25.3,95.0,0.5,mid,1.0,-0.3,10,0.0,0.0,0.0,0.0,0,0.0
100.0,25.3,97.0,0.0,development,-0.7,0.7,10,0.0,0.0,0.0,0.0,0,0.0
100.0,25.3,97.0,0.0,initial,0.9,0.5,9,0.0,0.0,0.0,0.0,0,0.0
100.0,25.3,98.0,0.0,initial,0.5,0.9,8,0.0,0.0,0.0,0.0,0,0.0
100.0,25.4,86.0,1.2,initial,0.9,-0.5,9,0.0,0.0,0.0,0.0,0,0.0
100.0,25.4,88.0,0.3,mid,-0.9,-0.5,6,0.0,0.0,0.0,0.0,0,0.0
100.0,25.4,90.0,1.0,development,0.9,-0.5,5,0.0,0.0,0.0,0.0,0,0.0
100.0,25.4,90.0,1.0,late,1.0,-0.3,16,0.0,0.0,0.0,0.0,0,0.0
100.0,25.4,91.0,0.8,mid,0.9,-0.5,10,0.0,0.0,0.0,0.0,0,0.0
100.0,25.4,91.0,0.9,development,1.0,-0.3,7,0.0,0.0,0.0,0.0,0,0.0
100.0,25.4,91.0,1.2,initial,1.0,-0.3,5,0.0,0.0,0.0,0.0,0,0.0
100.0,25.4,92.0,1.1,development,1.0,-0.3,9,0.0,0.0,0.0,0.0,0,0.0
100.0,25.4,93.0,0.4,mid,0.9,-0.5,10,0.0,0.0,0.0,0.0,0,0.0
100.0,25.4,95.0,0.4,late,1.0,-0.3,5,0.0,0.0,0.0,0.0,0,0.0
100.0,25.4,96.0,0.0,development,-1.0,-0.3,10,0.0,0.0,0.0,0.0,0,0.0
100.0,25.4,96.0,0.0,development,-1.0,0.3,11,0.0,0.0,0.0,0.0,0,0.0
100.0,25.4,96.0,0.3,initial,1.0,0.0,5,0.0,0.0,0.0,0.0,0,0.0
100.0,25.4,97.0,0.0,development,-0.9,0.5,7,0.0,0.0,0.0,0.0,0,0.0
100.0,25.4,97.0,0.0,initial,-0.5,0.9,8,0.0,0.0,0.0,0.0,0,0.0
100.0,25.4,97.0,0.0,initial,0.7,0.7,7,0.0,0.0,0.0,0.0,0,0.0
100.0,25.4,97.0,0.3,development,1.0,0.0,10,0.0,0.0,0.0,0.0,0,0.0
100.0,25.4,98.0,0.0,initial,-0.3,1.0,9,0.0,0.0,0.0,0.0,0,0.0
100.0,25.4,98.0,0.0,initial,0.0,1.0,8,0.0,0.0,0.0,0.0,0,0.0
100.0,25.4,98.0,0.0,initial,0.3,1.0,8,0.0,0.0,0.0,0.0,0,0.0
100.0,25.5,87.0,1.6,mid,0.9,-0.5,11,0.0,0.0,0.0,0.0,0,0.0
100.0,25.5,88.0,0.7,late,0.9,-0.5,9,0.0,0.0,0.0,0.0,0,0.0
100.0,25.5,94.0,0.0,mid,-1.0,0.0,6,0.0,0.0,0.0,0.0,0,0.0
100.0,25.5,96.0,0.0,initial,-0.9,0.5,8,0.0,0.0,0.0,0.0,0,0.0
100.0,25.5,96.0,0.2,development,1.0,0.0,5,0.0,0.0,0.0,0.0,0,0.0
100.0,25.5,97.0,0.0,development,-1.0,0.3,7,0.0,0.0,0.0,0.0,0,0.0
100.0,25.5,97.0,0.0,initial,-0.7,0.7,6,0.0,0.0,0.0,0.0,0,0.0
100.0,25.6,83.0,0.2,mid,-0.9,-0.5,11,0.0,0.0,0.0,0.0,0,0.0
100.0,25.6,83.0,0.7,mid,0.9,-0.5,6,0.0,0.0,0.0,0.0,0,0.0
100.0,25.6,87.0,0.9,mid,0.9,-0.5,10,0.0,0.0,0.0,0.0,0,0.0
100.0,25.6,87.0,1.0,initial,0.9,-0.5,8,0.0,0.0,0.0,0.0,0,0.0
100.0,25.6,87.0,1.8,initial,0.9,-0.5,8,0.0,0.0,0.0,0.0,0,0.0
100.0,25.6,88.0,0.6,initial,1.0,-0.3,5,0.0,0.0,0.0,0.0,0,0.0
100.0,25.6,88.0,1.0,initial,0.9,-0.5,5,0.0,0.0,0.0,0.0,0,0.0
100.0,25.6,89.0,1.0,development,0.9,-0.5,9,0.0,0.0,0.0,0.0,0,0.0
100.0,25.6,96.0,0.0,development,-1.0,0.0,11,0.0,0.0,0.0,0.0,0,0.0
100.0,25.6,96.0,0.0,initial,-1.0,0.3,7,0.0,0.0,0.0,0.0,0,0.0
100.0,25.7,81.0,2.0,development,0.7,-0.7,10,0.0,0.0,0.0,0.0,0,0.0
100.0,25.7,86.0,1.0,initial,0.9,-0.5,7,0.0,0.0,0.0,0.0,0,0.0
100.0,25.7,90.0,0.0,initial,-1.0,-0.3,8,0.0,0.0,0.0,0.0,0,0.0
100.0,25.7,93.0,0.3,development,-0.9,-0.5,7,0.0,0.0,0.0,0.0,0,0.0
100.0,25.7,95.0,0.0,development,-1.0,0.0,10,0.0,0.0,0.0,0.0,0,0.0
100.0,25.7,95.0,0.4,initial,1.0,0.0,7,0.0,0.0,0.0,0.0,0,0.0
100.0,25.8,77.0,0.6,mid,-0.5,-0.9,8,0.0,0.0,0.0,0.0,0,0.0
100.0,25.8,81.0,1.7,development,0.9,-0.5,7,0.0,0.0,0.0,0.0,0,0.0
100.0,25.8,90.0,0.0,initial,-1.0,0.0,8,0.0,0.0,0.0,0.0,0,0.0
100.0,25.8,91.0,1.3,mid,0.9,-0.5,9,0.0,0.0,0.0,0.0,0,0.0
100.0,25.8,94.0,0.0,initial,-1.0,0.0,7,0.0,0.0,0.0,0.0,0,0.0
100.0,25.8,97.0,0.4,initial,1.0,0.0,8,0.0,0.0,0.0,0.0,0,0.0
100.0,25.9,89.0,1.6,development,0.9,-0.5,7,0.0,0.0,0.0,0.0,0,0.0
100.0,25.9,90.0,1.1,mid,0.7,-0.7,9,0.0,0.0,0.0,0.0,0,0.0
100.0,26.0,74.0,1.2,mid,0.7,-0.7,10,0.0,0.0,0.0,0.0,0,0.0
100.0,26.0,74.0,2.0,development,0.9,-0.5,7,0.0,0.0,0.0,0.0,0,0.0
100.0,26.0,81.0,0.3,development,-0.9,-0.5,7,0.0,0.0,0.0,0.0,0,0.0
100.0,26.0,83.0,2.0,initial,0.9,-0.5,7,0.0,0.0,0.0,0.0,0,0.0
100.0,26.0,84.0,0.4,initial,-0.7,-0.7,11,0.0,0.0,0.0,0.0,0,0.0
100.0,26.0,85.0,0.2,late,-0.9,-0.5,8,0.0,0.0,0.0,0.0,0,0.0
100.0,26.0,85.0,0.2,mid,-0.9,-0.5,6,0.0,0.0,0.0,0.0,0,0.0
100.0,26.0,85.0,1.2,initial,0.7,-0.7,7,0.0,0.0,0.0,0.0,0,0.0
100.0,26.0,86.0,1.4,development,0.9,-0.5,6,0.0,0.0,0.0,0.0,0,0.0
100.0,26.0,88.0,0.2,mid,-0.9,-0.5,9,0.0,0.0,0.0,0.0,0,0.0
100.0,26.0,92.0,0.2,mid,-0.9,-0.5,8,0.0,0.0,0.0,0.0,0,0.0
100.0,26.1,76.0,1.6,development,0.9,-0.5,5,0.0,0.0,0.0,0.0,0,0.0
100.0,26.1,83.0,1.4,mid,0.7,-0.7,8,0.0,0.0,0.0,0.0,0,0.0
100.0,26.1,84.0,1.3,mid,0.9,-0.5,8,0.0,0.0,0.0,0.0,0,0.0
100.0,26.1,86.0,0.8,initial,0.9,-0.5,6,0.0,0.0,0.0,0.0,0,0.0
100.0,26.1,87.0,1.2,development,0.9,-0.5,6,0.0,0.0,0.0,0.0,0,0.0
100.0,26.1,88.0,1.3,initial,0.9,-0.5,8,0.0,0.0,0.0,0.0,0,0.0
100.0,26.1,89.0,0.0,development,-1.0,-0.3,7,0.0,0.0,0.0,0.0,0,0.0
100.0,26.1,89.0,0.7,development,-0.7,-0.7,9,0.0,0.0,0.0,0.0,0,0.0
100.0,26.1,89.0,1.0,mid,0.7,-0.7,9,0.0,0.0,0.0,0.0,0,0.0
100.0,26.1,91.0,1.2,late,0.9,-0.5,8,0.0,0.0,0.0,0.0,0,0.0
100.0,26.2,76.0,0.6,development,-0.7,-0.7,8,0.0,0.0,0.0,0.0,0,0.0
100.0,26.2,78.0,1.8,development,0.7,-0.7,5,0.0,0.0,0.0,0.0,0,0.0
100.0,26.2,80.0,0.5,late,-0.7,-0.7,11,0.0,0.0,0.0,0.0,0,0.0
100.0,26.2,84.0,1.5,development,0.7,-0.7,9,0.0,0.0,0.0,0.0,0,0.0
100.0,26.2,86.0,0.4,development,-0.9,-0.5,5,0.0,0.0,0.0,0.0,0,0.0
100.0,26.2,86.0,0.4,mid,-0.7,-0.7,10,0.0,0.0,0.0,0.0,0,0.0
100.0,26.2,86.0,0.6,mid,0.9,-0.5,8,0.0,0.0,0.0,0.0,0,0.0
100.0,26.2,87.0,0.0,development,-1.0,-0.3,8,0.0,0.0,0.0,0.0,0,0.0
100.0,26.2,93.0,0.0,development,-1.0,-0.3,8,0.0,0.0,0.0,0.0,0,0.0
100.0,26.3,76.0,1.2,mid,0.5,-0.9,6,0.0,0.0,0.0,0.0,0,0.0
100.0,26.3,77.0,2.2,development,0.9,-0.5,7,0.0,0.0,0.0,0.0,0,0.0
100.0,26.3,84.0,2.3,initial,0.9,-0.5,6,0.0,0.0,0.0,0.0,0,0.0
100.0,26.3,86.0,1.4,late,0.9,-0.5,5,0.0,0.0,0.0,0.0,0,0.0
100.0,26.3,87.0,1.1,late,0.9,-0.5,7,0.0,0.0,0.0,0.0,0,0.0
100.0,26.3,87.0,1.6,late,0.9,-0.5,9,0.0,0.0,0.0,0.0,0,0.0
100.0,26.3,88.0,1.2,mid,0.9,-0.5,10,0.0,0.0,0.0,0.0,0,0.0
100.0,26.3,90.0,0.9,mid,0.9,-0.5,7,0.0,0.0,0.0,0.0,0,0.0
100.0,26.4,76.0,1.1,mid,0.7,-0.7,5,0.0,0.0,0.0,0.0,0,0.0
100.0,26.4,77.0,0.5,development,-0.7,-0.7,6,0.0,0.0,0.0,0.0,0,0.0
100.0,26.4,78.0,1.7,development,0.9,-0.5,10,0.0,0.0,0.0,0.0,0,0.0
100.0,26.4,81.0,1.5,mid,0.7,-0.7,7,0.0,0.0,0.0,0.0,0,0.0
100.0,26.4,86.0,0.9,mid,1.0,-0.3,8,0.0,0.0,0.0,0.0,0,0.0
100.0,26.4,93.0,0.6,development,1.0,-0.3,7,0.0,0.0,0.0,0.0,0,0.0
100.0,26.5,82.0,0.9,mid,-0.7,-0.7,9,0.0,0.0,0.0,0.0,0,0.0
100.0,26.5,89.0,1.2,development,1.0,-0.3,6,0.0,0.0,0.0,0.0,0,0.0
100.0,26.5,90.0,0.0,initial,-1.0,-0.3,8,0.0,0.0,0.0,0.0,0,0.0
100.0,26.6,73.0,1.1,mid,-0.3,-1.0,8,0.0,0.0,0.0,0.0,0,0.0
100.0,26.6,76.0,1.6,initial,0.7,-0.7,7,0.0,0.0,0.0,0.0,0,0.0
100.0,26.6,81.0,0.6,initial,-0.5,-0.9,11,0.0,0.0,0.0,0.0,0,0.0
100.0,26.6,82.0,1.2,development,0.7,-0.7,8,0.0,0.0,0.0,0.0,0,0.0
100.0,26.6,82.0,1.2,initial,0.5,-0.9,9,0.0,0.0,0.0,0.0,0,0.0
100.0,26.7,76.0,1.8,initial,0.7,-0.7,10,0.0,0.0,0.0,0.0,0,0.0
100.0,26.7,79.0,1.0,late,0.7,-0.7,10,0.0,0.0,0.0,0.0,0,0.0
100.0,26.7,82.0,0.3,initial,-0.9,-0.5,11,0.0,0.0,0.0,0.0,0,0.0
100.0,26.7,84.0,1.0,development,-0.5,-0.9,7,0.0,0.0,0.0,0.0,0,0.0
100.0,26.7,87.0,0.6,mid,-0.7,-0.7,6,0.0,0.0,0.0,0.0,0,0.0
100.0,26.7,92.0,0.8,development,1.0,-0.3,9,0.0,0.0,0.0,0.0,0,0.0
100.0,26.8,76.0,2.0,initial,0.9,-0.5,9,0.0,0.0,0.0,0.0,0,0.0
100.0,26.8,79.0,2.5,development,0.9,-0.5,7,0.0,0.0,0.0,0.0,0,0.0
100.0,26.8,82.0,1.3,mid,0.7,-0.7,9,0.0,0.0,0.0,0.0,0,0.0
100.0,26.8,84.0,1.2,mid,0.5,-0.9,8,0.0,0.0,0.0,0.0,0,0.0
100.0,26.8,94.0,0.7,development,1.0,-0.3,8,0.0,0.0,0.0,0.0,0,0.0
100.0,26.8,94.0,0.9,initial,1.0,-0.3,9,0.0,0.0,0.0,0.0,0,0.0
100.0,26.9,73.0,1.3,mid,0.3,-1.0,7,0.0,0.0,0.0,0.0,0,0.0
100.0,26.9,76.0,0.6,mid,-0.7,-0.7,10,0.0,0.0,0.0,0.0,0,0.0
100.0,26.9,77.0,0.8,late,-0.5,-0.9,9,0.0,0.0,0.0,0.0,0,0.0
100.0,26.9,77.0,1.7,initial,0.7,-0.7,8,0.0,0.0,0.0,0.0,0,0.0
100.0,26.9,81.0,0.7,mid,-0.5,-0.9,11,0.0,0.0,0.0,0.0,0,0.0
100.0,26.9,81.0,1.9,initial,0.7,-0.7,11,0.0,0.0,0.0,0.0,0,0.0
100.0,26.9,84.0,2.0,mid,0.7,-0.7,8,0.0,0.0,0.0,0.0,0,0.0
100.0,26.9,85.0,0.0,initial,-1.0,-0.3,8,0.0,0.0,0.0,0.0,0,0.0
100.0,27.0,69.0,1.5,mid,0.5,-0.9,7,0.0,0.0,0.0,0.0,0,0.0
100.0,27.0,72.0,1.2,mid,0.0,-1.0,9,0.0,0.0,0.0,0.0,0,0.0
100.0,27.0,73.0,0.9,development,-0.5,-0.9,9,0.0,0.0,0.0,0.0,0,0.0
100.0,27.0,76.0,1.4,initial,0.7,-0.7,7,0.0,0.0,0.0,0.0,0,0.0
100.0,27.0,76.0,1.5,mid,0.5,-0.9,5,0.0,0.0,0.0,0.0,0,0.0
100.0,27.0,78.0,1.7,late,0.9,-0.5,5,0.0,0.0,0.0,0.0,0,0.0
100.0,27.0,81.0,1.5,development,0.9,-0.5,7,0.0,0.0,0.0,0.0,0,0.0
100.0,27.0,81.0,2.0,initial,0.9,-0.5,5,0.0,0.0,0.0,0.0,0,0.0
100.0,27.0,82.0,0.2,initial,-0.9,-0.5,7,0.0,0.0,0.0,0.0,0,0.0
100.0,27.0,84.0,1.3,mid,0.5,-0.9,8,0.0,0.0,0.0,0.0,0,0.0
100.0,27.1,75.0,1.8,mid,0.9,-0.5,6,0.0,0.0,0.0,0.0,0,0.0
100.0,27.1,78.0,0.6,mid,-0.7,-0.7,9,0.0,0.0,0.0,0.0,0,0.0
100.0,27.1,78.0,0.9,initial,-0.3,-1.0,9,0.0,0.0,0.0,0.0,0,0.0
100.0,27.1,78.0,1.2,mid,0.7,-0.7,8,0.0,0.0,0.0,0.0,0,0.0
100.0,27.1,79.0,1.4,initial,0.3,-1.0,10,0.0,0.0,0.0,0.0,0,0.0
100.0,27.1,79.0,2.0,development,0.9,-0.5,6,0.0,0.0,0.0,0.0,0,0.0
100.0,27.1,81.0,1.1,development,0.7,-0.7,10,0.0,0.0,0.0,0.0,0,0.0
100.0,27.1,85.0,0.9,late,0.7,-0.7,7,0.0,0.0,0.0,0.0,0,0.0
100.0,27.2,74.0,0.8,development,-0.7,-0.7,7,0.0,0.0,0.0,0.0,0,0.0
100.0,27.2,77.0,1.6,late,0.9,-0.5,7,0.0,0.0,0.0,0.0,0,0.0
100.0,27.2,78.0,1.3,initial,0.0,-1.0,10,0.0,0.0,0.0,0.0,0,0.0
100.0,27.2,78.0,1.6,initial,0.7,-0.7,10,0.0,0.0,0.0,0.0,0,0.0
100.0,27.2,80.0,2.1,late,0.7,-0.7,9,0.0,0.0,0.0,0.0,0,0.0
100.0,27.2,81.0,0.5,mid,-0.7,-0.7,9,0.0,0.0,0.0,0.0,0,0.0
100.0,27.2,83.0,1.7,late,0.7,-0.7,10,0.0,0.0,0.0,0.0,0,0.0
100.0,27.3,78.0,1.0,development,-0.7,-0.7,5,0.0,0.0,0.0,0.0,0,0.0
100.0,27.3,81.0,0.3,development,-0.9,-0.5,7,0.0,0.0,0.0,0.0,0,0.0
100.0,27.3,81.0,0.9,mid,-0.5,-0.9,7,0.0,0.0,0.0,0.0,0,0.0
100.0,27.3,84.0,1.2,mid,0.7,-0.7,9,0.0,0.0,0.0,0.0,0,0.0
100.0,27.4,71.0,0.9,development,-0.5,-0.9,10,0.0,0.0,0.0,0.0,0,0.0
100.0,27.4,71.0,2.7,development,0.3,-1.0,5,0.0,0.0,0.0,0.0,0,0.0
100.0,27.4,72.0,1.7,development,0.7,-0.7,7,0.0,0.0,0.0,0.0,0,0.0
100.0,27.4,74.0,1.8,mid,0.7,-0.7,5,0.0,0.0,0.0,0.0,0,0.0
100.0,27.4,75.0,2.1,initial,0.7,-0.7,7,0.0,0.0,0.0,0.0,0,0.0
100.0,27.4,77.0,1.4,mid,-0.5,-0.9,9,0.0,0.0,0.0,0.0,0,0.0
100.0,27.4,79.0,2.0,development,0.7,-0.7,9,0.0,0.0,0.0,0.0,0,0.0
100.0,27.5,69.0,2.0,initial,0.5,-0.9,10,0.0,0.0,0.0,0.0,0,0.0
100.0,27.5,73.0,2.5,development,0.5,-0.9,10,0.0,0.0,0.0,0.0,0,0.0
100.0,27.5,75.0,1.2,late,0.5,-0.9,7,0.0,0.0,0.0,0.0,0,0.0
100.0,27.5,76.0,1.6,development,0.5,-0.9,5,0.0,0.0,0.0,0.0,0,0.0
100.0,27.5,77.0,0.7,initial,0.7,-0.7,5,0.0,0.0,0.0,0.0,0,0.0
100.0,27.5,77.0,1.1,mid,0.7,-0.7,9,0.0,0.0,0.0,0.0,0,0.0
100.0,27.5,78.0,0.9,mid,-0.3,-1.0,8,0.0,0.0,0.0,0.0,0,0.0
100.0,27.5,78.0,1.6,initial,0.7,-0.7,8,0.0,0.0,0.0,0.0,0,0.0
100.0,27.6,66.0,2.0,initial,0.0,-1.0,6,0.0,0.0,0.0,0.0,0,0.0
100.0,27.6,72.0,1.1,development,-0.3,-1.0,9,0.0,0.0,0.0,0.0,0,0.0
100.0,27.6,74.0,1.1,late,-0.3,-1.0,9,0.0,0.0,0.0,0.0,0,0.0
100.0,27.6,78.0,1.5,mid,0.3,-1.0,8,0.0,0.0,0.0,0.0,0,0.0
100.0,27.6,79.0,0.4,development,-0.9,-0.5,6,0.0,0.0,0.0,0.0,0,0.0
100.0,27.6,86.0,1.0,development,0.9,-0.5,9,0.0,0.0,0.0,0.0,0,0.0
100.0,27.7,66.0,2.1,initial,0.3,-1.0,5,0.0,0.0,0.0,0.0,0,0.0
100.0,27.7,69.0,2.3,development,0.0,-1.0,6,0.0,0.0,0.0,0.0,0,0.0
100.0,27.7,70.0,2.1,initial,0.5,-0.9,7,0.0,0.0,0.0,0.0,0,0.0
100.0,27.7,75.0,0.6,late,-0.5,-0.9,6,0.0,0.0,0.0,0.0,0,0.0
100.0,27.7,75.0,1.4,development,0.5,-0.9,9,0.0,0.0,0.0,0.0,0,0.0
100.0,27.7,76.0,1.6,development,0.7,-0.7,10,0.0,0.0,0.0,0.0,0,0.0
100.0,27.7,77.0,2.2,mid,0.5,-0.9,9,0.0,0.0,0.0,0.0,0,0.0
100.0,27.7,78.0,0.9,mid,-0.3,-1.0,6,0.0,0.0,0.0,0.0,0,0.0
100.0,27.7,78.0,1.1,development,-0.3,-1.0,7,0.0,0.0,0.0,0.0,0,0.0
100.0,27.7,79.0,1.7,mid,0.7,-0.7,9,0.0,0.0,0.0,0.0,0,0.0
100.0,27.7,84.0,0.4,development,-0.9,-0.5,10,0.0,0.0,0.0,0.0,0,0.0
100.0,27.8,72.0,1.1,mid,-0.5,-0.9,8,0.0,0.0,0.0,0.0,0,0.0
100.0,27.8,75.0,1.9,late,0.7,-0.7,5,0.0,0.0,0.0,0.0,0,0.0
100.0,27.8,76.0,1.7,late,0.7,-0.7,8,0.0,0.0,0.0,0.0,0,0.0
100.0,27.8,77.0,1.2,mid,0.0,-1.0,7,0.0,0.0,0.0,0.0,0,0.0
100.0,27.8,77.0,1.3,mid,0.3,-1.0,5,0.0,0.0,0.0,0.0,0,0.0
100.0,27.8,79.0,1.8,mid,0.3,-1.0,7,0.0,0.0,0.0,0.0,0,0.0
100.0,27.8,84.0,1.1,initial,0.9,-0.5,7,0.0,0.0,0.0,0.0,0,0.0
100.0,27.8,87.0,1.4,initial,0.9,-0.5,8,0.0,0.0,0.0,0.0,0,0.0
100.0,27.9,71.0,1.8,initial,0.5,-0.9,11,0.0,0.0,0.0,0.0,0,0.0
100.0,27.9,71.0,2.2,development,0.7,-0.7,7,0.0,0.0,0.0,0.0,0,0.0
100.0,27.9,73.0,0.8,initial,-0.7,-0.7,10,0.0,0.0,0.0,0.0,0,0.0
100.0,27.9,79.0,1.1,late,0.5,-0.9,5,0.0,0.0,0.0,0.0,0,0.0
100.0,28.0,65.0,1.3,mid,0.3,-1.0,6,0.0,0.0,0.0,0.0,0,0.0
100.0,28.0,72.0,1.2,late,0.3,-1.0,11,0.0,0.0,0.0,0.0,0,0.0
100.0,28.0,72.0,1.3,late,0.0,-1.0,6,0.0,0.0,0.0,0.0,0,0.0
100.0,28.0,73.0,0.9,mid,-0.5,-0.9,6,0.0,0.0,0.0,0.0,0,0.0
100.0,28.0,76.0,2.1,late,0.5,-0.9,5,0.0,0.0,0.0,0.0,0,0.0
100.0,28.0,86.0,1.2,development,0.9,-0.5,7,0.0,0.0,0.0,0.0,0,0.0
100.0,28.1,70.0,1.3,development,-0.5,-0.9,6,0.0,0.0,0.0,0.0,0,0.0
100.0,28.1,72.0,0.2,initial,-0.9,-0.5,7,0.0,0.0,0.0,0.0,0,0.0
100.0,28.1,73.0,1.5,mid,0.5,-0.9,12,0.0,0.0,0.0,0.0,0,0.0
100.0,28.1,73.0,1.8,mid,-0.3,-1.0,10,0.0,0.0,0.0,0.0,0,0.0
100.0,28.1,73.0,2.7,initial,0.7,-0.7,7,0.0,0.0,0.0,0.0,0,0.0
100.0,28.1,74.0,0.4,initial,-0.7,-0.7,9,0.0,0.0,0.0,0.0,0,0.0
100.0,28.1,77.0,0.8,mid,-0.5,-0.9,9,0.0,0.0,0.0,0.0,0,0.0
100.0,28.1,79.0,1.1,mid,0.5,-0.9,9,0.0,0.0,0.0,0.0,0,0.0
100.0,28.2,67.0,2.3,initial,0.3,-1.0,5,0.0,0.0,0.0,0.0,0,0.0
100.0,28.2,70.0,1.6,development,0.0,-1.0,11,0.0,0.0,0.0,0.0,0,0.0
100.0,28.2,71.0,1.4,development,0.3,-1.0,10,0.0,0.0,0.0,0.0,0,0.0
100.0,28.2,72.0,1.5,development,-0.5,-0.9,5,0.0,0.0,0.0,0.0,0,0.0
100.0,28.2,72.0,1.6,mid,0.5,-0.9,10,0.0,0.0,0.0,0.0,0,0.0
100.0,28.2,73.0,0.9,late,-0.3,-1.0,5,0.0,0.0,0.0,0.0,0,0.0
100.0,28.2,74.0,2.6,mid,0.3,-1.0,7,0.0,0.0,0.0,0.0,0,0.0
100.0,28.2,76.0,0.6,development,-0.7,-0.7,5,0.0,0.0,0.0,0.0,0,0.0
100.0,28.2,79.0,0.3,initial,-0.9,-0.5,10,0.0,0.0,0.0,0.0,0,0.0
100.0,28.2,82.0,1.5,development,0.9,-0.5,8,0.0,0.0,0.0,0.0,0,0.0
100.0,28.3,75.0,1.8,initial,0.5,-0.9,10,0.0,0.0,0.0,0.0,0,0.0
100.0,28.3,79.0,1.7,initial,0.7,-0.7,6,0.0,0.0,0.0,0.0,0,0.0
100.0,28.4,66.0,0.8,development,-0.3,-1.0,11,0.0,0.0,0.0,0.0,0,0.0
100.0,28.4,69.0,1.7,initial,0.3,-1.0,8,0.0,0.0,0.0,0.0,0,0.0
100.0,28.4,69.0,2.1,late,0.7,-0.7,6,0.0,0.0,0.0,0.0,0,0.0
100.0,28.4,70.0,1.6,mid,-0.3,-1.0,7,0.0,0.0,0.0,0.0,0,0.0
100.0,28.4,72.0,1.4,initial,0.5,-0.9,6,0.0,0.0,0.0,0.0,0,0.0
100.0,28.4,72.0,2.5,mid,0.0,-1.0,9,0.0,0.0,0.0,0.0,0,0.0
100.0,28.4,74.0,1.2,late,0.0,-1.0,6,0.0,0.0,0.0,0.0,0,0.0
100.0,28.5,67.0,2.1,mid,0.7,-0.7,8,0.0,0.0,0.0,0.0,0,0.0
100.0,28.5,68.0,2.0,development,0.5,-0.9,6,0.0,0.0,0.0,0.0,0,0.0
100.0,28.5,70.0,2.1,initial,0.5,-0.9,10,0.0,0.0,0.0,0.0,0,0.0
100.0,28.5,71.0,1.7,initial,0.5,-0.9,5,0.0,0.0,0.0,0.0,0,0.0
100.0,28.5,72.0,2.0,development,0.7,-0.7,7,0.0,0.0,0.0,0.0,0,0.0
100.0,28.5,75.0,2.0,mid,0.0,-1.0,7,0.0,0.0,0.0,0.0,0,0.0
100.0,28.5,76.0,1.2,mid,-0.3,-1.0,6,0.0,0.0,0.0,0.0,0,0.0
100.0,28.6,70.0,1.4,mid,-0.3,-1.0,7,0.0,0.0,0.0,0.0,0,0.0
100.0,28.6,70.0,1.8,mid,0.3,-1.0,7,0.0,0.0,0.0,0.0,0,0.0
100.0,28.6,74.0,2.0,late,0.3,-1.0,10,0.0,0.0,0.0,0.0,0,0.0
100.0,28.6,76.0,1.3,mid,0.3,-1.0,11,0.0,0.0,0.0,0.0,0,0.0
100.0,28.7,67.0,1.7,development,-0.3,-1.0,6,0.0,0.0,0.0,0.0,0,0.0
100.0,28.7,68.0,2.4,development,0.7,-0.7,5,0.0,0.0,0.0,0.0,0,0.0
100.0,28.7,69.0,1.6,mid,0.0,-1.0,8,0.0,0.0,0.0,0.0,0,0.0
100.0,28.7,72.0,0.7,development,0.0,-1.0,6,0.0,0.0,0.0,0.0,0,0.0
100.0,28.8,67.0,2.0,initial,0.5,-0.9,8,0.0,0.0,0.0,0.0,0,0.0
100.0,28.8,67.0,2.3,initial,0.7,-0.7,8,0.0,0.0,0.0,0.0,0,0.0
100.0,28.8,68.0,1.4,initial,-0.5,-0.9,7,0.0,0.0,0.0,0.0,0,0.0
100.0,28.8,68.0,2.6,development,0.3,-1.0,9,0.0,0.0,0.0,0.0,0,0.0
100.0,28.8,69.0,1.3,development,0.5,-0.9,7,0.0,0.0,0.0,0.0,0,0.0
100.0,28.8,69.0,1.8,mid,0.3,-1.0,10,0.0,0.0,0.0,0.0,0,0.0
100.0,28.8,71.0,1.7,late,-0.3,-1.0,5,0.0,0.0,0.0,0.0,0,0.0
100.0,28.8,71.0,2.0,late,0.5,-0.9,9,0.0,0.0,0.0,0.0,0,0.0
100.0,28.8,73.0,2.1,mid,0.5,-0.9,7,0.0,0.0,0.0,0.0,0,0.0
100.0,28.8,75.0,1.3,mid,0.0,-1.0,10,0.0,0.0,0.0,0.0,0,0.0
100.0,28.9,67.0,1.7,development,-0.3,-1.0,8,0.0,0.0,0.0,0.0,0,0.0
100.0,28.9,69.0,1.4,initial,0.3,-1.0,5,0.0,0.0,0.0,0.0,0,0.0
100.0,28.9,69.0,1.5,initial,0.0,-1.0,5,0.0,0.0,0.0,0.0,0,0.0
100.0,29.0,65.0,2.3,development,0.5,-0.9,9,0.0,0.0,0.0,0.0,0,0.0
100.0,29.0,66.0,2.2,development,0.3,-1.0,7,0.0,0.0,0.0,0.0,0,0.0
100.0,29.0,68.0,1.7,mid,0.0,-1.0,8,0.0,0.0,0.0,0.0,0,0.0
100.0,29.0,69.0,1.0,development,0.3,-1.0,6,0.0,0.0,0.0,0.0,0,0.0
100.0,29.0,70.0,1.0,development,-0.7,-0.7,8,0.0,0.0,0.0,0.0,0,0.0
100.0,29.0,74.0,0.7,initial,-0.7,-0.7,10,0.0,0.0,0.0,0.0,0,0.0
100.0,29.0,77.0,1.8,development,0.7,-0.7,6,0.0,0.0,0.0,0.0,0,0.0
100.0,29.1,66.0,1.7,development,0.0,-1.0,7,0.0,0.0,0.0,0.0,0,0.0
100.0,29.1,66.0,2.0,development,0.0,-1.0,10,0.0,0.0,0.0,0.0,0,0.0
100.0,29.1,67.0,2.8,initial,0.5,-0.9,11,0.0,0.0,0.0,0.0,0,0.0
100.0,29.1,69.0,1.0,development,-0.5,-0.9,6,0.0,0.0,0.0,0.0,0,0.0
100.0,29.1,74.0,0.9,development,-0.7,-0.7,11,0.0,0.0,0.0,0.0,0,0.0
100.0,29.2,65.0,0.4,initial,-0.7,-0.7,5,0.0,0.0,0.0,0.0,0,0.0
100.0,29.2,67.0,0.5,initial,-0.5,-0.9,8,0.0,0.0,0.0,0.0,0,0.0
100.0,29.2,67.0,2.4,initial,0.3,-1.0,8,0.0,0.0,0.0,0.0,0,0.0
100.0,29.2,69.0,1.2,initial,-0.5,-0.9,8,0.0,0.0,0.0,0.0,0,0.0
100.0,29.2,70.0,2.2,development,0.5,-0.9,7,0.0,0.0,0.0,0.0,0,0.0
100.0,29.2,71.0,1.8,initial,0.3,-1.0,10,0.0,0.0,0.0,0.0,0,0.0
100.0,29.2,74.0,2.0,initial,0.5,-0.9,7,0.0,0.0,0.0,0.0,0,0.0
100.0,29.4,63.0,1.0,development,0.0,-1.0,9,0.0,0.0,0.0,0.0,0,0.0
100.0,29.4,66.0,1.7,initial,-0.3,-1.0,8,0.0,0.0,0.0,0.0,0,0.0
100.0,29.4,66.0,2.9,initial,0.3,-1.0,9,0.0,0.0,0.0,0.0,0,0.0
100.0,29.4,68.0,1.3,development,0.3,-1.0,7,0.0,0.0,0.0,0.0,0,0.0
100.0,29.4,69.0,2.2,late,0.3,-1.0,10,0.0,0.0,0.0,0.0,0,0.0
100.0,29.5,66.0,1.8,initial,-0.3,-1.0,10,0.0,0.0,0.0,0.0,0,0.0
100.0,29.5,66.0,2.6,initial,0.0,-1.0,10,0.0,0.0,0.0,0.0,0,0.0
100.0,29.5,67.0,2.4,development,0.5,-0.9,10,0.0,0.0,0.0,0.0,0,0.0
100.0,29.5,72.0,0.7,initial,-0.7,-0.7,6,0.0,0.0,0.0,0.0,0,0.0
100.0,29.5,74.0,1.6,initial,0.7,-0.7,6,0.0,0.0,0.0,0.0,0,0.0
100.0,29.6,62.0,1.3,development,0.3,-1.0,7,0.0,0.0,0.0,0.0,0,0.0
100.0,29.6,62.0,2.4,mid,0.5,-0.9,7,0.0,0.0,0.0,0.0,0,0.0
100.0,29.6,64.0,1.9,initial,0.3,-1.0,7,0.0,0.0,0.0,0.0,0,0.0
100.0,29.6,65.0,2.1,initial,0.0,-1.0,5,0.0,0.0,0.0,0.0,0,0.0
100.0,29.7,68.0,1.6,initial,0.0,-1.0,10,0.0,0.0,0.0,0.0,0,0.0
100.0,29.9,63.0,1.2,initial,-0.3,-1.0,8,0.0,0.0,0.0,0.0,0,0.0
100.0,29.9,63.0,2.7,development,0.5,-0.9,7,0.0,0.0,0.0,0.0,0,0.0
100.0,30.0,61.0,0.4,initial,-0.5,-0.9,6,0.0,0.0,0.0,0.0,0,0.0
100.0,30.0,65.0,1.2,development,0.0,-1.0,5,0.0,0.0,0.0,0.0,0,0.0
100.0,30.0,65.0,1.6,development,-0.5,-0.9,8,0.0,0.0,0.0,0.0,0,0.0
100.0,30.1,65.0,2.3,development,0.3,-1.0,9,0.0,0.0,0.0,0.0,0,0.0
100.0,30.2,62.0,1.8,initial,0.0,-1.0,7,0.0,0.0,0.0,0.0,0,0.0
100.0,30.2,68.0,1.5,development,-0.5,-0.9,9,0.0,0.0,0.0,0.0,0,0.0
100.0,30.3,59.0,2.3,mid,0.3,-1.0,5,0.0,0.0,0.0,0.0,0,0.0
100.0,30.4,63.0,2.2,development,0.0,-1.0,7,0.0,0.0,0.0,0.0,0,0.0
100.0,30.4,64.0,2.5,development,0.3,-1.0,9,0.0,0.0,0.0,0.0,0,0.0
100.0,30.5,67.0,1.2,initial,-0.5,-0.9,6,0.0,0.0,0.0,0.0,0,0.0
100.0,30.6,62.0,2.0,development,-0.3,-1.0,10,0.0,0.0,0.0,0.0,0,0.0
100.0,30.7,67.0,1.9,initial,0.5,-0.9,7,0.0,0.0,0.0,0.0,0,0.0
100.0,30.9,61.0,3.2,development,0.0,-1.0,11,0.0,0.0,0.0,0.0,0,0.0
100.0,31.2,63.0,1.5,initial,-0.3,-1.0,5,0.0,0.0,0.0,0.0,0,0.0
100.0,31.5,63.0,1.9,initial,0.3,-1.0,9,0.0,0.0,0.0,0.0,0,0.0
100.0,31.7,62.0,2.0,initial,0.0,-1.0,7,0.0,0.0,0.0,0.0,0,0.0
